wafer_id,Time,BCl3 Flow,Cl2 Flow,RF Btm Pwr,RF Btm Rfl Pwr,Endpt A,He Press,Pressure,RF Tuner,RF Load,RF Phase Err,RF Pwr,RF Impedance,TCP Tuner,TCP Phase Err,TCP Impedance,TCP Top Pwr,TCP Rfl Pwr,TCP Load,Vat Valve,result
l2901.txm,11.946,751.0,753.0,132.0,0.0,626.0,100.0,1227.0,9408.0,9019.0,-362.0,26.0,16599.0,20028.0,-296.0,16848.0,360.0,0.0,27594.0,49.0,Pass
l2901.txm,13.028,751.0,753.0,134.0,0.0,620.0,99.0,1229.0,9431.0,9029.0,-1455.0,26.0,16568.0,20042.0,-676.0,16796.0,350.0,0.0,27440.0,49.0,Pass
l2901.txm,14.049,751.0,755.0,134.0,0.0,599.0,102.0,1221.0,9389.0,9114.0,-1056.0,25.0,16442.0,20146.0,-291.0,16512.0,344.0,0.0,27276.0,49.0,Pass
l2901.txm,15.1329,751.0,753.0,133.0,0.0,586.0,100.0,1201.0,9445.0,9031.0,-587.0,25.0,16960.0,20148.0,-262.0,17020.0,352.0,0.0,27330.0,50.0,Pass
l2901.txm,16.139,751.0,754.0,132.0,0.0,587.0,102.0,1182.0,9456.0,9043.0,-124.0,25.0,16564.0,20226.0,-547.0,16440.0,346.0,0.0,27262.0,50.0,Pass
l2901.txm,17.1589,751.0,753.0,134.0,0.0,1284.0,101.0,1144.0,9406.0,9086.0,-417.0,25.0,16437.0,19478.0,1738.0,17366.0,350.0,1.0,28178.0,49.0,Pass
l2901.txm,18.2579,751.0,753.0,132.0,0.0,1627.0,100.0,1171.0,9405.0,9091.0,-1661.0,26.0,16352.0,19544.0,-13.0,16130.0,346.0,1.0,27560.0,48.0,Pass
l2901.txm,19.309,751.0,753.0,134.0,0.0,1624.0,101.0,1194.0,9421.0,9066.0,-1189.0,25.0,16341.0,19590.0,452.0,16428.0,354.0,0.0,27974.0,48.0,Pass
l2901.txm,20.42,751.0,753.0,135.0,1.0,1457.0,100.0,1198.0,9384.0,9144.0,1343.0,24.0,16642.0,19416.0,-455.0,16964.0,356.0,0.0,27906.0,48.0,Pass
l2901.txm,21.449,751.0,754.0,135.0,0.0,1338.0,102.0,1194.0,9410.0,9009.0,-1016.0,25.0,16257.0,19614.0,1158.0,16350.0,354.0,0.0,27750.0,49.0,Pass
l2901.txm,22.469,751.0,753.0,134.0,0.0,1503.0,100.0,1171.0,9424.0,9056.0,-1807.0,25.0,16494.0,19452.0,1234.0,17038.0,343.0,0.0,27892.0,49.0,Pass
l2901.txm,23.558,751.0,754.0,134.0,0.0,1519.0,101.0,1192.0,9386.0,9097.0,-1027.0,25.0,16422.0,19438.0,136.0,16234.0,358.0,0.0,27890.0,48.0,Pass
l2901.txm,24.6489,751.0,753.0,133.0,0.0,1533.0,101.0,1185.0,9461.0,9045.0,42.0,24.0,16623.0,19424.0,-278.0,16724.0,354.0,0.0,27838.0,49.0,Pass
l2901.txm,25.6689,751.0,753.0,139.0,0.0,1535.0,99.0,1186.0,9412.0,9077.0,-1584.0,25.0,16730.0,19448.0,87.0,16852.0,346.0,0.0,27856.0,49.0,Pass
l2901.txm,26.689,752.0,753.0,136.0,0.0,1545.0,101.0,1186.0,9432.0,9091.0,-920.0,25.0,16535.0,19468.0,-307.0,16690.0,343.0,0.0,27856.0,49.0,Pass
l2901.txm,27.715,751.0,753.0,133.0,0.0,1565.0,100.0,1187.0,9413.0,9070.0,-356.0,25.0,16424.0,19464.0,-42.0,16708.0,349.0,1.0,27850.0,49.0,Pass
l2901.txm,28.7369,751.0,753.0,132.0,0.0,1580.0,100.0,1187.0,9396.0,9069.0,-452.0,25.0,16484.0,19478.0,194.0,16566.0,348.0,0.0,27862.0,49.0,Pass
l2901.txm,29.861,752.0,754.0,136.0,0.0,1592.0,101.0,1187.0,9431.0,9097.0,-1423.0,24.0,16701.0,19454.0,89.0,15744.0,358.0,1.0,27858.0,49.0,Pass
l2901.txm,30.834,752.0,753.0,135.0,0.0,1599.0,100.0,1184.0,9407.0,9071.0,-931.0,24.0,16539.0,19360.0,692.0,16184.0,353.0,0.0,27866.0,49.0,Pass
l2901.txm,31.853,752.0,753.0,141.0,0.0,1607.0,100.0,1184.0,9383.0,9136.0,-1194.0,24.0,16532.0,19360.0,129.0,16856.0,351.0,0.0,27898.0,49.0,Pass
l2901.txm,32.8829,752.0,753.0,133.0,0.0,1602.0,101.0,1185.0,9399.0,9044.0,-832.0,24.0,16781.0,19372.0,498.0,16474.0,353.0,1.0,27900.0,49.0,Pass
l2901.txm,33.9089,752.0,753.0,133.0,0.0,1611.0,101.0,1186.0,9444.0,9032.0,-706.0,24.0,16564.0,19358.0,129.0,16764.0,357.0,0.0,27920.0,49.0,Pass
l2901.txm,34.929,752.0,753.0,136.0,0.0,1611.0,101.0,1187.0,9373.0,9072.0,-808.0,24.0,16474.0,19396.0,144.0,16858.0,349.0,1.0,27898.0,49.0,Pass
l2901.txm,35.958,751.0,752.0,133.0,0.0,1606.0,101.0,1189.0,9387.0,9057.0,-330.0,24.0,16164.0,19380.0,504.0,16182.0,345.0,1.0,27966.0,49.0,Pass
l2901.txm,36.988,751.0,753.0,134.0,0.0,1610.0,101.0,1187.0,9400.0,9085.0,-892.0,24.0,16253.0,19350.0,146.0,16536.0,348.0,0.0,27938.0,49.0,Pass
l2901.txm,38.0079,752.0,754.0,131.0,0.0,1602.0,101.0,1185.0,9368.0,9122.0,-1270.0,23.0,16681.0,19372.0,86.0,16214.0,354.0,0.0,27930.0,49.0,Pass
l2901.txm,39.109,752.0,753.0,132.0,0.0,1612.0,101.0,1187.0,9441.0,9073.0,-1062.0,24.0,16430.0,19388.0,58.0,16768.0,358.0,0.0,27908.0,49.0,Pass
l2901.txm,40.129,751.0,754.0,134.0,0.0,1608.0,101.0,1186.0,9369.0,9090.0,-2202.0,24.0,16445.0,19382.0,-11.0,16394.0,347.0,0.0,27832.0,49.0,Pass
l2901.txm,41.1489,751.0,753.0,132.0,0.0,1611.0,101.0,1186.0,9461.0,9105.0,-1077.0,24.0,16288.0,19354.0,-61.0,16298.0,354.0,0.0,28012.0,49.0,Pass
l2901.txm,42.1689,751.0,754.0,135.0,0.0,1612.0,99.0,1186.0,9431.0,9039.0,-1294.0,24.0,16115.0,19344.0,118.0,16804.0,349.0,0.0,27914.0,49.0,Pass
l2901.txm,43.189,751.0,754.0,134.0,0.0,1621.0,100.0,1187.0,9380.0,9050.0,-1457.0,23.0,16574.0,19350.0,612.0,17028.0,347.0,0.0,27866.0,49.0,Pass
l2901.txm,44.209,752.0,753.0,134.0,0.0,1619.0,101.0,1186.0,9427.0,9063.0,-1023.0,24.0,16233.0,19368.0,-289.0,16558.0,348.0,0.0,27838.0,49.0,Pass
l2901.txm,45.238,752.0,753.0,133.0,0.0,1613.0,101.0,1186.0,9435.0,9036.0,-921.0,24.0,16381.0,19372.0,-64.0,16628.0,351.0,0.0,27778.0,49.0,Pass
l2901.txm,46.3359,752.0,752.0,136.0,0.0,1613.0,101.0,1186.0,9398.0,9111.0,-1200.0,24.0,16567.0,19348.0,120.0,16460.0,349.0,0.0,27864.0,49.0,Pass
l2901.txm,47.349,751.0,753.0,133.0,0.0,1614.0,102.0,1186.0,9396.0,9087.0,-1331.0,24.0,16344.0,19332.0,-94.0,16690.0,360.0,0.0,27850.0,49.0,Pass
l2901.txm,48.369,752.0,753.0,130.0,0.0,1616.0,100.0,1185.0,9447.0,9075.0,-1850.0,24.0,16600.0,19358.0,5.0,16632.0,354.0,0.0,27908.0,49.0,Pass
l2901.txm,49.4509,751.0,753.0,133.0,0.0,1616.0,100.0,1185.0,9430.0,9051.0,-183.0,24.0,16661.0,19360.0,-326.0,16972.0,345.0,1.0,27838.0,49.0,Pass
l2901.txm,50.478,752.0,753.0,136.0,0.0,1619.0,100.0,1187.0,9471.0,9045.0,-1261.0,24.0,16493.0,19328.0,30.0,15852.0,353.0,1.0,27880.0,49.0,Pass
l2901.txm,51.589,752.0,754.0,133.0,0.0,1616.0,100.0,1186.0,9398.0,9059.0,-1594.0,23.0,16236.0,19362.0,145.0,16412.0,343.0,0.0,28014.0,49.0,Pass
l2901.txm,52.609,752.0,753.0,134.0,0.0,1618.0,101.0,1187.0,9483.0,9030.0,-1297.0,24.0,16593.0,19334.0,-259.0,16842.0,347.0,0.0,27884.0,49.0,Pass
l2901.txm,53.728,752.0,753.0,133.0,0.0,1620.0,101.0,1185.0,9421.0,9052.0,-463.0,24.0,16344.0,19352.0,44.0,16874.0,348.0,0.0,27954.0,49.0,Pass
l2901.txm,54.8199,751.0,751.0,134.0,0.0,1618.0,100.0,1186.0,9374.0,9081.0,-1443.0,24.0,16447.0,19352.0,72.0,16454.0,350.0,1.0,28012.0,49.0,Pass
l2901.txm,55.844,752.0,754.0,134.0,0.0,1611.0,101.0,1185.0,9408.0,9075.0,-1419.0,23.0,16584.0,19348.0,-439.0,16874.0,342.0,0.0,27890.0,49.0,Pass
l2901.txm,56.859,752.0,753.0,129.0,0.0,1612.0,101.0,1186.0,9399.0,9050.0,-647.0,23.0,16007.0,19330.0,-339.0,16852.0,346.0,0.0,27828.0,49.0,Pass
l2901.txm,57.879,752.0,753.0,136.0,0.0,1613.0,100.0,1186.0,9438.0,9065.0,-800.0,24.0,16630.0,19332.0,-426.0,16764.0,351.0,0.0,27908.0,49.0,Pass
l2901.txm,58.958,752.0,753.0,136.0,0.0,1605.0,101.0,1185.0,9406.0,9066.0,-1827.0,24.0,16700.0,19350.0,159.0,16442.0,343.0,0.0,27846.0,49.0,Pass
l2901.txm,59.979,752.0,754.0,132.0,0.0,1596.0,101.0,1186.0,9434.0,9033.0,-113.0,24.0,16027.0,19352.0,332.0,16510.0,349.0,0.0,27878.0,49.0,Pass
l2901.txm,60.999,752.0,755.0,131.0,0.0,1524.0,101.0,1190.0,9424.0,9130.0,178.0,22.0,16538.0,19348.0,-23.0,16848.0,345.0,0.0,27772.0,49.0,Pass
l2901.txm,62.028,753.0,753.0,133.0,0.0,1318.0,102.0,1193.0,9488.0,9046.0,553.0,22.0,16420.0,19534.0,-853.0,16594.0,355.0,0.0,27764.0,49.0,Pass
l2901.txm,63.058,752.0,752.0,132.0,0.0,1110.0,100.0,1191.0,9445.0,9020.0,693.0,23.0,16504.0,19620.0,-428.0,16726.0,349.0,0.0,27778.0,49.0,Pass
l2901.txm,64.088,752.0,754.0,133.0,0.0,960.0,101.0,1190.0,9502.0,9012.0,432.0,23.0,16826.0,19748.0,-399.0,16558.0,345.0,0.0,27632.0,49.0,Pass
l2901.txm,65.559,751.0,753.0,134.0,0.0,842.0,102.0,1187.0,9411.0,9071.0,955.0,22.0,16793.0,19830.0,-622.0,16486.0,354.0,0.0,27566.0,50.0,Pass
l2901.txm,10.3789,752.0,752.0,131.0,0.0,643.0,101.0,1230.0,9431.0,9029.0,-250.0,25.0,16663.0,20024.0,56.0,16552.0,346.0,0.0,27626.0,49.0,Pass
l2902.txm,10.3789,752.0,752.0,131.0,0.0,643.0,101.0,1230.0,9431.0,9029.0,-250.0,25.0,16663.0,20024.0,56.0,16552.0,346.0,0.0,27626.0,49.0,Pass
l2902.txm,11.474,751.0,753.0,132.0,0.0,624.0,101.0,1226.0,9386.0,9101.0,-1179.0,25.0,16663.0,20026.0,11.0,16848.0,352.0,0.0,27604.0,49.0,Pass
l2902.txm,12.9719,751.0,753.0,134.0,0.0,615.0,101.0,1227.0,9423.0,9044.0,-1417.0,25.0,16763.0,20022.0,31.0,16730.0,357.0,0.0,27484.0,49.0,Pass
l2902.txm,13.9089,751.0,753.0,134.0,0.0,593.0,101.0,1206.0,9436.0,9066.0,-1204.0,25.0,16581.0,20138.0,-334.0,16576.0,342.0,0.0,27350.0,49.0,Pass
l2902.txm,14.929,752.0,755.0,133.0,0.0,588.0,101.0,1182.0,9457.0,9081.0,-419.0,25.0,16626.0,20162.0,-601.0,16550.0,354.0,0.0,27246.0,50.0,Pass
l2902.txm,16.028,751.0,753.0,133.0,0.0,1071.0,102.0,1151.0,9404.0,9055.0,267.0,25.0,16196.0,19896.0,2190.0,15842.0,355.0,1.0,28008.0,49.0,Pass
l2902.txm,17.1129,751.0,753.0,134.0,0.0,1716.0,99.0,1169.0,9420.0,9090.0,-2060.0,25.0,16553.0,19482.0,-733.0,16188.0,347.0,0.0,27740.0,48.0,Pass
l2902.txm,18.199,751.0,754.0,132.0,0.0,1700.0,100.0,1196.0,9434.0,9161.0,-318.0,24.0,16939.0,19520.0,342.0,16086.0,353.0,0.0,27878.0,48.0,Pass
l2902.txm,19.278,752.0,753.0,135.0,1.0,1457.0,101.0,1201.0,9486.0,9094.0,534.0,23.0,16980.0,19552.0,-93.0,16682.0,346.0,0.0,27852.0,48.0,Pass
l2902.txm,20.3579,751.0,753.0,137.0,0.0,1500.0,100.0,1179.0,9414.0,9067.0,-554.0,24.0,16521.0,19544.0,-310.0,16604.0,350.0,0.0,27888.0,49.0,Pass
l2902.txm,21.3789,752.0,753.0,135.0,0.0,1542.0,101.0,1178.0,9438.0,9045.0,-2278.0,25.0,16379.0,19530.0,-375.0,16856.0,347.0,0.0,27888.0,49.0,Pass
l2902.txm,22.406,751.0,752.0,133.0,0.0,1576.0,100.0,1198.0,9413.0,9067.0,-1071.0,24.0,16908.0,19504.0,-636.0,16630.0,349.0,0.0,27896.0,49.0,Pass
l2902.txm,23.4199,752.0,753.0,133.0,0.0,1579.0,101.0,1184.0,9484.0,9034.0,-1283.0,24.0,16806.0,19560.0,-86.0,16662.0,350.0,0.0,27892.0,49.0,Pass
l2902.txm,24.439,752.0,753.0,132.0,0.0,1575.0,100.0,1184.0,9401.0,9104.0,-1623.0,24.0,16392.0,19518.0,86.0,16284.0,346.0,1.0,27898.0,49.0,Pass
l2902.txm,25.5389,752.0,753.0,131.0,0.0,1596.0,101.0,1185.0,9415.0,9081.0,-381.0,24.0,16649.0,19540.0,68.0,16662.0,350.0,0.0,27888.0,49.0,Pass
l2902.txm,26.559,752.0,753.0,135.0,0.0,1615.0,100.0,1185.0,9445.0,9088.0,-1141.0,24.0,16295.0,19548.0,-325.0,16322.0,358.0,1.0,27868.0,49.0,Pass
l2902.txm,27.579,752.0,752.0,133.0,0.0,1627.0,101.0,1184.0,9415.0,9043.0,-140.0,23.0,17047.0,19348.0,422.0,16828.0,355.0,1.0,27934.0,49.0,Pass
l2902.txm,28.599,752.0,753.0,133.0,0.0,1639.0,101.0,1187.0,9438.0,9020.0,-539.0,24.0,16875.0,19350.0,150.0,16710.0,351.0,0.0,27876.0,49.0,Pass
l2902.txm,29.619,751.0,753.0,131.0,0.0,1641.0,100.0,1186.0,9404.0,9060.0,-936.0,23.0,16591.0,19400.0,-20.0,16214.0,357.0,0.0,27994.0,49.0,Pass
l2902.txm,30.708,752.0,753.0,135.0,0.0,1642.0,100.0,1184.0,9470.0,9024.0,-1173.0,23.0,16714.0,19344.0,155.0,16472.0,353.0,0.0,27818.0,49.0,Pass
l2902.txm,31.729,752.0,754.0,135.0,0.0,1655.0,100.0,1187.0,9442.0,9067.0,-259.0,23.0,16820.0,19354.0,-48.0,16388.0,346.0,1.0,28022.0,49.0,Pass
l2902.txm,32.7489,752.0,752.0,131.0,0.0,1647.0,100.0,1186.0,9427.0,9054.0,-2124.0,23.0,16554.0,19346.0,43.0,16740.0,340.0,1.0,27888.0,49.0,Pass
l2902.txm,33.7789,752.0,754.0,133.0,0.0,1652.0,101.0,1187.0,9414.0,9048.0,-1136.0,23.0,16642.0,19340.0,946.0,16862.0,357.0,0.0,27888.0,49.0,Pass
l2902.txm,34.799,751.0,753.0,134.0,0.0,1650.0,100.0,1185.0,9421.0,9070.0,-2119.0,23.0,16559.0,19348.0,142.0,16620.0,344.0,0.0,27986.0,49.0,Pass
l2902.txm,35.819,752.0,753.0,133.0,0.0,1651.0,101.0,1187.0,9438.0,9076.0,-141.0,23.0,16153.0,19358.0,-418.0,16270.0,348.0,0.0,27934.0,49.0,Pass
l2902.txm,36.845,751.0,753.0,134.0,0.0,1648.0,101.0,1185.0,9480.0,8978.0,-1295.0,23.0,16699.0,19398.0,-308.0,16480.0,343.0,0.0,27972.0,49.0,Pass
l2902.txm,37.869,752.0,754.0,131.0,0.0,1655.0,100.0,1186.0,9426.0,9009.0,-1100.0,23.0,16403.0,19364.0,8.0,16598.0,354.0,0.0,27912.0,49.0,Pass
l2902.txm,38.8889,752.0,754.0,137.0,0.0,1654.0,100.0,1187.0,9432.0,9029.0,-1658.0,23.0,16793.0,19358.0,47.0,16244.0,352.0,0.0,27870.0,49.0,Pass
l2902.txm,39.911,751.0,753.0,136.0,0.0,1654.0,102.0,1185.0,9448.0,9050.0,-483.0,23.0,16900.0,19334.0,456.0,16782.0,348.0,0.0,27996.0,49.0,Pass
l2902.txm,40.929,752.0,753.0,132.0,0.0,1655.0,100.0,1187.0,9451.0,9026.0,-783.0,23.0,16454.0,19312.0,-420.0,16768.0,346.0,0.0,27860.0,49.0,Pass
l2902.txm,42.059,751.0,753.0,135.0,0.0,1665.0,100.0,1185.0,9465.0,9039.0,-2086.0,23.0,16432.0,19326.0,410.0,16694.0,348.0,1.0,27912.0,49.0,Pass
l2902.txm,43.101,752.0,753.0,133.0,0.0,1655.0,101.0,1186.0,9417.0,9078.0,-628.0,23.0,16442.0,19348.0,5.0,16626.0,344.0,1.0,27846.0,49.0,Pass
l2902.txm,44.179,752.0,753.0,135.0,0.0,1660.0,102.0,1185.0,9436.0,9045.0,-197.0,23.0,16962.0,19296.0,-313.0,16490.0,343.0,0.0,27848.0,49.0,Pass
l2902.txm,45.209,752.0,753.0,135.0,0.0,1656.0,100.0,1186.0,9422.0,9029.0,-841.0,22.0,16536.0,19308.0,152.0,16596.0,339.0,0.0,27886.0,49.0,Pass
l2902.txm,46.229,752.0,753.0,133.0,0.0,1655.0,102.0,1185.0,9402.0,9113.0,-844.0,22.0,16590.0,19318.0,60.0,16430.0,354.0,0.0,27894.0,49.0,Pass
l2902.txm,47.2539,752.0,753.0,133.0,0.0,1658.0,100.0,1187.0,9402.0,9075.0,-1019.0,22.0,16511.0,19310.0,95.0,16844.0,347.0,0.0,27836.0,49.0,Pass
l2902.txm,48.2789,752.0,753.0,131.0,0.0,1656.0,100.0,1186.0,9411.0,9110.0,-2220.0,22.0,16724.0,19354.0,85.0,16048.0,349.0,1.0,27938.0,49.0,Pass
l2902.txm,49.3099,752.0,753.0,132.0,0.0,1659.0,100.0,1187.0,9377.0,9062.0,-1495.0,22.0,16669.0,19302.0,-342.0,15736.0,355.0,0.0,27862.0,49.0,Pass
l2902.txm,50.412,752.0,752.0,132.0,0.0,1656.0,100.0,1185.0,9416.0,9057.0,-2040.0,22.0,16491.0,19320.0,-3.0,16250.0,345.0,1.0,27906.0,49.0,Pass
l2902.txm,51.528,752.0,754.0,129.0,0.0,1659.0,101.0,1185.0,9380.0,9071.0,-1960.0,23.0,16513.0,19340.0,158.0,16418.0,344.0,0.0,28010.0,49.0,Pass
l2902.txm,52.5489,752.0,754.0,131.0,0.0,1656.0,100.0,1184.0,9388.0,9095.0,-851.0,22.0,16484.0,19296.0,98.0,16874.0,342.0,1.0,27894.0,49.0,Pass
l2902.txm,53.6279,751.0,753.0,133.0,0.0,1650.0,99.0,1183.0,9470.0,9017.0,-2136.0,23.0,16369.0,19332.0,-10.0,16930.0,347.0,0.0,27900.0,49.0,Pass
l2902.txm,54.708,752.0,755.0,131.0,0.0,1652.0,100.0,1184.0,9372.0,9067.0,-1357.0,23.0,16399.0,19336.0,-89.0,16548.0,350.0,0.0,27976.0,49.0,Pass
l2902.txm,55.729,752.0,753.0,134.0,0.0,1644.0,101.0,1185.0,9410.0,9035.0,-747.0,23.0,16595.0,19328.0,113.0,16770.0,343.0,0.0,27922.0,49.0,Pass
l2902.txm,56.7489,752.0,753.0,134.0,0.0,1642.0,101.0,1186.0,9444.0,9023.0,-1253.0,23.0,16730.0,19324.0,12.0,16850.0,344.0,0.0,27914.0,49.0,Pass
l2902.txm,57.7789,752.0,753.0,134.0,0.0,1616.0,101.0,1185.0,9380.0,9045.0,-1012.0,23.0,16281.0,19324.0,93.0,16972.0,344.0,0.0,27868.0,49.0,Pass
l2902.txm,58.804,752.0,752.0,132.0,0.0,1459.0,100.0,1193.0,9426.0,9079.0,-5.0,22.0,16287.0,19338.0,90.0,16692.0,349.0,0.0,27870.0,49.0,Pass
l2902.txm,59.819,751.0,753.0,132.0,0.0,1211.0,100.0,1191.0,9401.0,9105.0,1149.0,22.0,16122.0,19586.0,-562.0,16594.0,343.0,0.0,27732.0,49.0,Pass
l2902.txm,60.855,752.0,754.0,136.0,0.0,1054.0,100.0,1187.0,9477.0,8998.0,201.0,23.0,16481.0,19704.0,-391.0,16334.0,348.0,0.0,27614.0,49.0,Pass
l2902.txm,61.8789,752.0,753.0,132.0,0.0,901.0,100.0,1190.0,9473.0,9007.0,470.0,22.0,16548.0,19758.0,-704.0,17084.0,355.0,0.0,27608.0,50.0,Pass
l2902.txm,11.538,751.0,753.0,132.0,0.0,636.0,101.0,1224.0,9475.0,9012.0,-1559.0,25.0,16649.0,20020.0,22.0,16448.0,343.0,0.0,27630.0,49.0,Pass
l2903.txm,11.538,751.0,753.0,132.0,0.0,636.0,101.0,1224.0,9475.0,9012.0,-1559.0,25.0,16649.0,20020.0,22.0,16448.0,343.0,0.0,27630.0,49.0,Pass
l2903.txm,12.863,751.0,754.0,133.0,0.0,625.0,101.0,1225.0,9465.0,9014.0,-1531.0,25.0,16870.0,19938.0,-92.0,16830.0,350.0,0.0,27542.0,49.0,Pass
l2903.txm,13.847,751.0,756.0,134.0,0.0,609.0,102.0,1218.0,9415.0,9094.0,-1356.0,24.0,16969.0,20032.0,122.0,16624.0,349.0,0.0,27472.0,49.0,Pass
l2903.txm,14.866,752.0,754.0,133.0,0.0,590.0,101.0,1198.0,9486.0,9015.0,-1363.0,25.0,16487.0,20126.0,-543.0,17036.0,347.0,0.0,27258.0,50.0,Pass
l2903.txm,15.886,751.0,755.0,135.0,0.0,641.0,102.0,1174.0,9427.0,9119.0,308.0,23.0,16921.0,20196.0,-399.0,15858.0,347.0,0.0,27280.0,50.0,Pass
l2903.txm,16.972,751.0,753.0,135.0,0.0,1604.0,99.0,1148.0,9471.0,9030.0,-939.0,24.0,16740.0,19302.0,117.0,17374.0,347.0,0.0,28126.0,49.0,Pass
l2903.txm,18.056,751.0,754.0,134.0,0.0,1761.0,101.0,1188.0,9492.0,9044.0,-829.0,24.0,16601.0,19526.0,-473.0,16058.0,343.0,0.0,27772.0,48.0,Pass
l2903.txm,19.126,751.0,754.0,135.0,0.0,1679.0,100.0,1198.0,9416.0,9176.0,647.0,23.0,17073.0,19532.0,-368.0,16712.0,345.0,0.0,27786.0,48.0,Pass
l2903.txm,20.226,751.0,753.0,136.0,0.0,1388.0,101.0,1209.0,9437.0,9041.0,1313.0,23.0,16982.0,19536.0,-263.0,16734.0,357.0,0.0,27876.0,49.0,Pass
l2903.txm,21.3261,751.0,754.0,132.0,0.0,1598.0,102.0,1156.0,9392.0,9100.0,-170.0,24.0,16355.0,19530.0,-27.0,16732.0,340.0,1.0,27838.0,49.0,Pass
l2903.txm,22.416,751.0,753.0,134.0,0.0,1596.0,100.0,1195.0,9392.0,9045.0,-1102.0,24.0,16521.0,19548.0,264.0,16550.0,344.0,0.0,27886.0,49.0,Pass
l2903.txm,23.507,752.0,754.0,131.0,0.0,1606.0,101.0,1185.0,9407.0,9048.0,-450.0,24.0,16746.0,19520.0,348.0,16464.0,345.0,0.0,27830.0,49.0,Pass
l2903.txm,24.5959,752.0,753.0,135.0,0.0,1610.0,99.0,1183.0,9406.0,9110.0,-636.0,24.0,16648.0,19528.0,-464.0,16612.0,348.0,0.0,27868.0,49.0,Pass
l2903.txm,25.702,751.0,753.0,132.0,0.0,1626.0,100.0,1187.0,9453.0,9024.0,-1555.0,24.0,16407.0,19502.0,-430.0,16436.0,358.0,1.0,27830.0,49.0,Pass
l2903.txm,26.717,752.0,754.0,133.0,0.0,1641.0,101.0,1187.0,9398.0,9119.0,-1435.0,24.0,16694.0,19530.0,-22.0,16384.0,349.0,0.0,27890.0,49.0,Pass
l2903.txm,27.7371,751.0,754.0,132.0,0.0,1667.0,102.0,1187.0,9408.0,9106.0,-1077.0,24.0,16717.0,19332.0,103.0,16450.0,353.0,0.0,27992.0,49.0,Pass
l2903.txm,28.757,751.0,753.0,132.0,0.0,1674.0,102.0,1185.0,9444.0,9029.0,-1015.0,23.0,16663.0,19354.0,-593.0,16132.0,348.0,0.0,27866.0,49.0,Pass
l2903.txm,29.777,752.0,754.0,133.0,0.0,1679.0,102.0,1184.0,9394.0,9075.0,-1795.0,23.0,16411.0,19352.0,23.0,16182.0,351.0,0.0,27944.0,49.0,Pass
l2903.txm,30.847,751.0,754.0,126.0,0.0,1683.0,100.0,1186.0,9404.0,9019.0,-2049.0,23.0,16746.0,19366.0,-507.0,16668.0,353.0,0.0,27946.0,49.0,Pass
l2903.txm,31.8669,752.0,753.0,135.0,0.0,1681.0,100.0,1185.0,9399.0,9069.0,-2150.0,23.0,16298.0,19340.0,-7.0,16852.0,349.0,1.0,27836.0,49.0,Pass
l2903.txm,32.887,752.0,754.0,132.0,0.0,1681.0,100.0,1187.0,9446.0,9045.0,-1759.0,23.0,16552.0,19350.0,133.0,16522.0,345.0,1.0,28008.0,49.0,Pass
l2903.txm,33.907,752.0,754.0,133.0,0.0,1675.0,101.0,1186.0,9466.0,8988.0,-1257.0,23.0,16256.0,19340.0,12.0,16862.0,346.0,0.0,28008.0,49.0,Pass
l2903.txm,35.006,752.0,752.0,133.0,0.0,1681.0,101.0,1187.0,9446.0,9049.0,-430.0,23.0,16866.0,19364.0,-79.0,16510.0,348.0,0.0,27954.0,49.0,Pass
l2903.txm,36.037,752.0,754.0,134.0,0.0,1681.0,102.0,1186.0,9380.0,9118.0,-62.0,22.0,16716.0,19334.0,-32.0,16968.0,345.0,0.0,27852.0,49.0,Pass
l2903.txm,37.057,751.0,753.0,134.0,0.0,1681.0,100.0,1184.0,9447.0,9039.0,-1729.0,23.0,16286.0,19348.0,964.0,16332.0,358.0,0.0,28008.0,49.0,Pass
l2903.txm,38.077,752.0,753.0,133.0,0.0,1679.0,101.0,1184.0,9434.0,9040.0,-1819.0,23.0,16336.0,19344.0,61.0,16192.0,349.0,0.0,27912.0,49.0,Pass
l2903.txm,39.103,751.0,752.0,134.0,0.0,1688.0,101.0,1185.0,9473.0,9027.0,-796.0,23.0,16492.0,19342.0,-25.0,16714.0,350.0,1.0,27890.0,49.0,Pass
l2903.txm,40.147,751.0,753.0,132.0,0.0,1685.0,102.0,1182.0,9436.0,9091.0,-164.0,22.0,16523.0,19298.0,502.0,16704.0,345.0,0.0,27886.0,49.0,Pass
l2903.txm,41.207,751.0,753.0,136.0,0.0,1683.0,99.0,1185.0,9405.0,9085.0,-562.0,23.0,16629.0,19322.0,95.0,16156.0,352.0,0.0,27966.0,49.0,Pass
l2903.txm,42.227,752.0,753.0,133.0,0.0,1686.0,100.0,1184.0,9439.0,9057.0,-1798.0,23.0,16428.0,19334.0,422.0,15980.0,356.0,0.0,27914.0,49.0,Pass
l2903.txm,43.2469,752.0,753.0,133.0,0.0,1688.0,101.0,1184.0,9380.0,9103.0,-1032.0,23.0,16966.0,19336.0,50.0,16460.0,351.0,0.0,27816.0,49.0,Pass
l2903.txm,44.267,752.0,754.0,135.0,0.0,1682.0,101.0,1186.0,9400.0,9076.0,-553.0,22.0,16773.0,19310.0,282.0,15814.0,359.0,0.0,27926.0,49.0,Pass
l2903.txm,45.287,751.0,753.0,130.0,0.0,1689.0,102.0,1185.0,9434.0,9031.0,-1702.0,23.0,16357.0,19330.0,67.0,16612.0,342.0,1.0,27940.0,49.0,Pass
l2903.txm,46.307,751.0,753.0,134.0,0.0,1681.0,100.0,1185.0,9413.0,9060.0,-1253.0,23.0,16868.0,19318.0,105.0,16800.0,349.0,0.0,28014.0,49.0,Pass
l2903.txm,47.3361,752.0,753.0,135.0,0.0,1688.0,102.0,1185.0,9441.0,9045.0,-512.0,23.0,16171.0,19316.0,-10.0,16746.0,349.0,1.0,27804.0,49.0,Pass
l2903.txm,48.3669,752.0,753.0,129.0,0.0,1681.0,102.0,1183.0,9424.0,9090.0,-2104.0,23.0,16393.0,19314.0,-295.0,16042.0,345.0,1.0,28026.0,49.0,Pass
l2903.txm,49.387,751.0,752.0,131.0,0.0,1691.0,102.0,1186.0,9471.0,9009.0,-1401.0,23.0,16328.0,19318.0,95.0,16582.0,342.0,0.0,27928.0,49.0,Pass
l2903.txm,50.739,752.0,754.0,135.0,0.0,1684.0,100.0,1184.0,9427.0,9069.0,-2029.0,23.0,16488.0,19314.0,60.0,16664.0,343.0,0.0,27874.0,49.0,Pass
l2903.txm,51.707,751.0,752.0,131.0,0.0,1684.0,100.0,1185.0,9457.0,9031.0,-2576.0,23.0,16433.0,19288.0,-8.0,16478.0,353.0,1.0,28014.0,49.0,Pass
l2903.txm,52.727,752.0,752.0,132.0,0.0,1684.0,100.0,1184.0,9457.0,9028.0,-735.0,23.0,16416.0,19320.0,85.0,16590.0,349.0,0.0,27924.0,49.0,Pass
l2903.txm,53.813,751.0,753.0,136.0,0.0,1685.0,100.0,1184.0,9461.0,9022.0,-2393.0,23.0,16661.0,19320.0,141.0,16082.0,361.0,1.0,27868.0,49.0,Pass
l2903.txm,54.903,751.0,752.0,136.0,0.0,1680.0,100.0,1184.0,9396.0,9037.0,-2204.0,23.0,16439.0,19306.0,125.0,16696.0,346.0,1.0,27952.0,49.0,Pass
l2903.txm,55.917,752.0,753.0,136.0,0.0,1674.0,100.0,1188.0,9383.0,9072.0,-1908.0,22.0,16129.0,19300.0,552.0,16870.0,349.0,1.0,27954.0,49.0,Pass
l2903.txm,56.937,751.0,752.0,136.0,0.0,1677.0,100.0,1184.0,9426.0,9021.0,-701.0,23.0,16828.0,19304.0,-30.0,16682.0,342.0,1.0,28014.0,49.0,Pass
l2903.txm,58.026,752.0,754.0,133.0,0.0,1665.0,100.0,1186.0,9424.0,9053.0,-1698.0,23.0,16153.0,19316.0,-5.0,16752.0,344.0,0.0,27956.0,49.0,Pass
l2903.txm,59.1169,751.0,753.0,134.0,0.0,1618.0,99.0,1186.0,9387.0,9072.0,-2140.0,22.0,16367.0,19308.0,-90.0,16858.0,348.0,0.0,27974.0,49.0,Pass
l2903.txm,60.196,752.0,754.0,136.0,0.0,1395.0,99.0,1196.0,9460.0,9033.0,374.0,22.0,16738.0,19360.0,-573.0,16638.0,350.0,0.0,27806.0,49.0,Pass
l2903.txm,61.227,752.0,753.0,132.0,0.0,1164.0,100.0,1187.0,9460.0,9012.0,945.0,23.0,16300.0,19588.0,-361.0,17054.0,350.0,0.0,27742.0,49.0,Pass
l2903.txm,62.2469,752.0,753.0,135.0,0.0,984.0,100.0,1187.0,9479.0,8998.0,226.0,23.0,16530.0,19720.0,-540.0,16492.0,346.0,0.0,27628.0,49.0,Pass
l2903.txm,9.84009,751.0,754.0,133.0,0.0,639.0,101.0,1229.0,9459.0,9027.0,-1406.0,25.0,16479.0,19996.0,748.0,16708.0,349.0,1.0,27614.0,49.0,Pass
l2904.txm,9.84009,751.0,754.0,133.0,0.0,639.0,101.0,1229.0,9459.0,9027.0,-1406.0,25.0,16479.0,19996.0,748.0,16708.0,349.0,1.0,27614.0,49.0,Pass
l2904.txm,10.9299,751.0,752.0,132.0,0.0,626.0,101.0,1231.0,9468.0,9012.0,-689.0,25.0,16701.0,19992.0,-350.0,16868.0,346.0,0.0,27614.0,49.0,Pass
l2904.txm,12.249,751.0,753.0,135.0,0.0,619.0,99.0,1228.0,9395.0,9083.0,-1739.0,25.0,16536.0,20004.0,-551.0,16850.0,347.0,0.0,27506.0,49.0,Pass
l2904.txm,13.2,751.0,753.0,132.0,0.0,594.0,100.0,1198.0,9394.0,9055.0,-987.0,26.0,16503.0,20140.0,-585.0,16684.0,343.0,0.0,27358.0,50.0,Pass
l2904.txm,14.22,751.0,754.0,132.0,0.0,591.0,100.0,1179.0,9414.0,9133.0,495.0,25.0,16224.0,20194.0,145.0,16254.0,354.0,0.0,27248.0,50.0,Pass
l2904.txm,15.24,752.0,754.0,131.0,0.0,1433.0,101.0,1153.0,9447.0,9019.0,-221.0,24.0,16767.0,19356.0,-19.0,17048.0,348.0,0.0,28104.0,49.0,Pass
l2904.txm,16.3359,751.0,753.0,132.0,0.0,1774.0,102.0,1170.0,9465.0,9054.0,-2490.0,24.0,16715.0,19372.0,-821.0,16434.0,347.0,0.0,27788.0,48.0,Pass
l2904.txm,17.3501,752.0,753.0,134.0,0.0,1762.0,100.0,1197.0,9427.0,9134.0,-976.0,24.0,16831.0,19486.0,103.0,16454.0,349.0,0.0,27820.0,48.0,Pass
l2904.txm,18.4509,751.0,753.0,132.0,0.0,1473.0,100.0,1205.0,9409.0,9090.0,808.0,22.0,16842.0,19560.0,-782.0,16536.0,349.0,0.0,27856.0,49.0,Pass
l2904.txm,19.5291,752.0,754.0,132.0,0.0,1589.0,100.0,1166.0,9458.0,9042.0,54.0,24.0,16698.0,19568.0,266.0,16752.0,351.0,0.0,27990.0,49.0,Pass
l2904.txm,20.6301,751.0,753.0,134.0,0.0,1602.0,101.0,1184.0,9434.0,9068.0,-1296.0,24.0,16455.0,19392.0,-346.0,16478.0,344.0,0.0,27868.0,49.0,Pass
l2904.txm,21.72,752.0,753.0,135.0,0.0,1636.0,100.0,1191.0,9457.0,9041.0,-645.0,24.0,16828.0,19498.0,-472.0,16740.0,350.0,1.0,27844.0,49.0,Pass
l2904.txm,22.74,752.0,753.0,134.0,0.0,1629.0,100.0,1181.0,9482.0,9027.0,-1147.0,24.0,16550.0,19500.0,-259.0,16598.0,345.0,0.0,27844.0,49.0,Pass
l2904.txm,23.8291,752.0,754.0,132.0,0.0,1639.0,100.0,1188.0,9416.0,9085.0,-565.0,24.0,16746.0,19472.0,-509.0,16174.0,348.0,0.0,27850.0,49.0,Pass
l2904.txm,24.9199,751.0,752.0,134.0,0.0,1659.0,100.0,1186.0,9411.0,9116.0,-1014.0,23.0,16570.0,19496.0,-7.0,15874.0,342.0,0.0,27832.0,49.0,Pass
l2904.txm,26.29,751.0,753.0,132.0,0.0,1682.0,102.0,1185.0,9403.0,9098.0,-1292.0,23.0,16696.0,19484.0,-268.0,16244.0,355.0,0.0,27850.0,49.0,Pass
l2904.txm,27.53,752.0,754.0,134.0,0.0,1702.0,100.0,1188.0,9431.0,9010.0,-2098.0,23.0,16767.0,19320.0,155.0,16602.0,356.0,1.0,27842.0,49.0,Pass
l2904.txm,28.5562,752.0,753.0,137.0,0.0,1705.0,100.0,1186.0,9405.0,9095.0,-724.0,23.0,16482.0,19352.0,90.0,16804.0,345.0,1.0,27810.0,49.0,Pass
l2904.txm,29.5801,751.0,753.0,135.0,0.0,1705.0,100.0,1187.0,9400.0,9078.0,-1482.0,24.0,16453.0,19322.0,644.0,15878.0,352.0,0.0,27892.0,49.0,Pass
l2904.txm,30.6001,752.0,752.0,131.0,0.0,1705.0,100.0,1186.0,9423.0,9010.0,-1040.0,23.0,16782.0,19328.0,-28.0,16674.0,352.0,1.0,27936.0,49.0,Pass
l2904.txm,31.6201,752.0,754.0,135.0,0.0,1704.0,101.0,1185.0,9446.0,9058.0,-1794.0,23.0,16450.0,19348.0,920.0,16770.0,350.0,1.0,27896.0,49.0,Pass
l2904.txm,32.6411,751.0,753.0,134.0,0.0,1704.0,100.0,1185.0,9394.0,9065.0,-1212.0,23.0,16575.0,19308.0,4.0,16566.0,347.0,0.0,27812.0,49.0,Pass
l2904.txm,33.6621,752.0,753.0,136.0,0.0,1708.0,101.0,1187.0,9401.0,9072.0,-1004.0,23.0,16663.0,19344.0,54.0,16204.0,354.0,0.0,27924.0,49.0,Pass
l2904.txm,34.76,752.0,754.0,132.0,0.0,1705.0,101.0,1186.0,9389.0,9073.0,-1742.0,23.0,16619.0,19338.0,184.0,16800.0,348.0,0.0,28004.0,49.0,Pass
l2904.txm,35.78,752.0,753.0,133.0,0.0,1705.0,102.0,1185.0,9442.0,9056.0,-1742.0,23.0,16425.0,19314.0,39.0,16366.0,350.0,0.0,27926.0,49.0,Pass
l2904.txm,36.8,752.0,752.0,133.0,0.0,1709.0,102.0,1190.0,9416.0,9040.0,-1960.0,23.0,16434.0,19290.0,430.0,16738.0,342.0,1.0,27884.0,49.0,Pass
l2904.txm,37.832,752.0,753.0,131.0,0.0,1708.0,101.0,1186.0,9416.0,9056.0,-1282.0,23.0,16617.0,19290.0,50.0,16758.0,349.0,1.0,27868.0,49.0,Pass
l2904.txm,38.856,752.0,753.0,132.0,0.0,1709.0,102.0,1185.0,9424.0,9063.0,-1786.0,23.0,16214.0,19342.0,-654.0,16716.0,346.0,0.0,27930.0,49.0,Pass
l2904.txm,39.8701,751.0,753.0,133.0,0.0,1712.0,100.0,1186.0,9400.0,9080.0,-2130.0,23.0,16654.0,19328.0,-96.0,16706.0,349.0,0.0,27854.0,49.0,Pass
l2904.txm,40.8901,752.0,753.0,129.0,0.0,1714.0,100.0,1186.0,9426.0,9036.0,-1284.0,23.0,16498.0,19292.0,111.0,16558.0,349.0,0.0,27978.0,49.0,Pass
l2904.txm,41.9102,751.0,754.0,135.0,0.0,1707.0,101.0,1183.0,9384.0,9013.0,-1005.0,23.0,16714.0,19272.0,898.0,16276.0,356.0,0.0,27802.0,49.0,Pass
l2904.txm,42.9399,752.0,753.0,134.0,0.0,1708.0,100.0,1185.0,9454.0,9036.0,-1058.0,23.0,16512.0,19280.0,15.0,16390.0,350.0,0.0,27964.0,49.0,Pass
l2904.txm,43.96,751.0,752.0,135.0,0.0,1710.0,100.0,1183.0,9462.0,9051.0,-2859.0,23.0,16564.0,19302.0,280.0,16976.0,351.0,0.0,27984.0,49.0,Pass
l2904.txm,44.98,752.0,753.0,136.0,0.0,1711.0,100.0,1184.0,9484.0,9004.0,-1736.0,23.0,16571.0,19274.0,104.0,16112.0,354.0,0.0,27806.0,49.0,Pass
l2904.txm,46.0,752.0,753.0,130.0,0.0,1711.0,100.0,1184.0,9458.0,9050.0,-1986.0,22.0,16450.0,19328.0,141.0,16356.0,350.0,0.0,27908.0,49.0,Pass
l2904.txm,47.02,752.0,753.0,136.0,0.0,1708.0,101.0,1184.0,9370.0,9073.0,-1054.0,23.0,16588.0,19318.0,-18.0,17022.0,356.0,1.0,27894.0,49.0,Pass
l2904.txm,48.04,752.0,754.0,131.0,0.0,1701.0,100.0,1185.0,9453.0,9038.0,-653.0,23.0,16240.0,19338.0,-274.0,16808.0,347.0,0.0,27922.0,49.0,Pass
l2904.txm,49.2981,752.0,754.0,131.0,0.0,1712.0,101.0,1185.0,9464.0,9028.0,-843.0,23.0,16265.0,19344.0,-41.0,16636.0,349.0,0.0,27852.0,49.0,Pass
l2904.txm,50.446,752.0,754.0,135.0,0.0,1703.0,100.0,1184.0,9421.0,9067.0,-701.0,23.0,16373.0,19314.0,-717.0,16720.0,352.0,0.0,27964.0,49.0,Pass
l2904.txm,51.459,751.0,753.0,134.0,0.0,1700.0,100.0,1184.0,9439.0,9027.0,-417.0,22.0,16343.0,19288.0,-335.0,16388.0,346.0,1.0,27842.0,49.0,Pass
l2904.txm,52.5391,751.0,752.0,133.0,0.0,1699.0,101.0,1182.0,9470.0,9053.0,-1789.0,23.0,16335.0,19298.0,55.0,16804.0,358.0,1.0,27900.0,49.0,Pass
l2904.txm,53.6291,752.0,750.0,130.0,0.0,1693.0,101.0,1184.0,9403.0,9093.0,-1743.0,23.0,16234.0,19290.0,132.0,16764.0,353.0,0.0,27878.0,49.0,Pass
l2904.txm,54.719,751.0,752.0,132.0,0.0,1688.0,101.0,1182.0,9409.0,9072.0,-1613.0,23.0,16385.0,19316.0,-289.0,16738.0,343.0,0.0,27874.0,49.0,Pass
l2904.txm,55.8091,752.0,753.0,132.0,0.0,1664.0,101.0,1187.0,9481.0,9014.0,-417.0,23.0,16315.0,19296.0,-423.0,16960.0,347.0,0.0,27844.0,49.0,Pass
l2904.txm,56.8989,752.0,754.0,132.0,0.0,1492.0,101.0,1193.0,9444.0,9048.0,-1135.0,22.0,16466.0,19322.0,-719.0,16982.0,350.0,0.0,27900.0,49.0,Pass
l2904.txm,57.9199,752.0,753.0,135.0,0.0,1231.0,100.0,1192.0,9422.0,9042.0,602.0,23.0,16559.0,19588.0,-366.0,16682.0,360.0,1.0,27638.0,49.0,Pass
l2904.txm,58.9399,751.0,753.0,132.0,0.0,1028.0,100.0,1187.0,9442.0,9041.0,266.0,23.0,16310.0,19816.0,-628.0,16174.0,352.0,0.0,27600.0,49.0,Pass
l2904.txm,59.959,752.0,753.0,134.0,0.0,893.0,100.0,1191.0,9383.0,9039.0,666.0,23.0,16691.0,19766.0,-586.0,16798.0,347.0,0.0,27614.0,50.0,Pass
l2904.txm,11.01,751.0,753.0,135.0,0.0,645.0,101.0,1234.0,9388.0,9097.0,-960.0,25.0,16869.0,19992.0,159.0,16656.0,347.0,0.0,27624.0,49.0,Pass
l2905.txm,11.01,751.0,753.0,135.0,0.0,645.0,101.0,1234.0,9388.0,9097.0,-960.0,25.0,16869.0,19992.0,159.0,16656.0,347.0,0.0,27624.0,49.0,Pass
l2905.txm,12.03,751.0,754.0,135.0,0.0,629.0,99.0,1233.0,9458.0,9014.0,-926.0,26.0,16424.0,20000.0,-366.0,16612.0,349.0,0.0,27594.0,49.0,Pass
l2905.txm,13.2051,751.0,753.0,131.0,0.0,614.0,101.0,1233.0,9405.0,9079.0,-1067.0,25.0,16600.0,20038.0,-328.0,16892.0,343.0,0.0,27530.0,49.0,Pass
l2905.txm,14.1902,752.0,753.0,134.0,0.0,596.0,100.0,1201.0,9418.0,9107.0,-853.0,25.0,16892.0,20122.0,-447.0,16830.0,350.0,0.0,27250.0,50.0,Pass
l2905.txm,15.27,751.0,753.0,132.0,0.0,593.0,100.0,1182.0,9404.0,9116.0,-141.0,25.0,16745.0,20174.0,-495.0,16132.0,357.0,0.0,27266.0,50.0,Pass
l2905.txm,16.3601,751.0,753.0,133.0,0.0,1383.0,99.0,1146.0,9466.0,9029.0,-81.0,25.0,16917.0,19630.0,72.0,17170.0,346.0,1.0,28138.0,49.0,Pass
l2905.txm,17.4292,751.0,753.0,134.0,0.0,1788.0,101.0,1177.0,9439.0,9082.0,-523.0,24.0,16610.0,19560.0,-755.0,16370.0,347.0,1.0,27786.0,48.0,Pass
l2905.txm,18.5,751.0,754.0,135.0,0.0,1767.0,101.0,1200.0,9413.0,9146.0,-694.0,24.0,16798.0,19498.0,-473.0,16764.0,346.0,0.0,27856.0,48.0,Pass
l2905.txm,19.7102,751.0,753.0,133.0,0.0,1431.0,101.0,1207.0,9459.0,9059.0,567.0,23.0,17007.0,19520.0,-311.0,16892.0,350.0,0.0,27838.0,49.0,Pass
l2905.txm,20.8,751.0,753.0,134.0,0.0,1639.0,101.0,1158.0,9417.0,9064.0,-472.0,24.0,16781.0,19482.0,144.0,16798.0,342.0,0.0,27888.0,49.0,Pass
l2905.txm,21.8201,751.0,753.0,133.0,0.0,1626.0,100.0,1192.0,9409.0,9062.0,-1566.0,24.0,16616.0,19518.0,51.0,16748.0,346.0,0.0,27898.0,49.0,Pass
l2905.txm,22.8401,751.0,753.0,132.0,0.0,1644.0,100.0,1192.0,9463.0,9010.0,-321.0,23.0,16802.0,19460.0,1.0,16572.0,342.0,0.0,27894.0,49.0,Pass
l2905.txm,23.9202,752.0,754.0,134.0,0.0,1645.0,101.0,1182.0,9445.0,9045.0,-606.0,24.0,16859.0,19518.0,-19.0,16582.0,344.0,0.0,27874.0,49.0,Pass
l2905.txm,24.9402,752.0,754.0,133.0,0.0,1654.0,100.0,1186.0,9421.0,9068.0,-587.0,24.0,16573.0,19474.0,1352.0,16330.0,349.0,0.0,27894.0,49.0,Pass
l2905.txm,25.9602,752.0,753.0,131.0,0.0,1677.0,101.0,1187.0,9481.0,9046.0,-1155.0,24.0,16659.0,19502.0,41.0,16174.0,359.0,0.0,27824.0,49.0,Pass
l2905.txm,26.9861,752.0,754.0,136.0,0.0,1703.0,101.0,1186.0,9456.0,9037.0,-942.0,24.0,16637.0,19284.0,87.0,16806.0,348.0,1.0,27862.0,49.0,Pass
l2905.txm,28.0,751.0,753.0,133.0,0.0,1715.0,100.0,1186.0,9486.0,9019.0,-1623.0,23.0,16804.0,19350.0,128.0,16558.0,349.0,0.0,27916.0,49.0,Pass
l2905.txm,29.03,752.0,753.0,133.0,0.0,1717.0,99.0,1186.0,9424.0,9042.0,-841.0,23.0,16945.0,19376.0,22.0,16412.0,354.0,0.0,27878.0,49.0,Pass
l2905.txm,30.0991,752.0,753.0,133.0,0.0,1718.0,100.0,1185.0,9421.0,9074.0,-1559.0,23.0,16411.0,19362.0,-314.0,16650.0,348.0,0.0,28016.0,49.0,Pass
l2905.txm,31.1301,751.0,753.0,135.0,0.0,1727.0,100.0,1185.0,9399.0,9078.0,-1761.0,23.0,16575.0,19350.0,1006.0,16782.0,348.0,1.0,27918.0,49.0,Pass
l2905.txm,32.1501,752.0,753.0,132.0,0.0,1722.0,101.0,1187.0,9457.0,9007.0,-966.0,23.0,16544.0,19306.0,-76.0,16588.0,356.0,0.0,27906.0,49.0,Pass
l2905.txm,33.1702,751.0,752.0,134.0,0.0,1718.0,100.0,1183.0,9459.0,9025.0,-1522.0,23.0,16398.0,19358.0,143.0,16702.0,355.0,0.0,27906.0,49.0,Pass
l2905.txm,34.26,752.0,754.0,134.0,0.0,1726.0,100.0,1186.0,9466.0,9036.0,-1121.0,23.0,16699.0,19310.0,436.0,16654.0,348.0,0.0,27900.0,49.0,Pass
l2905.txm,35.3501,753.0,754.0,131.0,0.0,1720.0,101.0,1187.0,9407.0,9095.0,-2369.0,23.0,16566.0,19358.0,-10.0,16562.0,345.0,0.0,27884.0,49.0,Pass
l2905.txm,36.3701,752.0,751.0,134.0,0.0,1726.0,100.0,1188.0,9488.0,9005.0,-193.0,23.0,16899.0,19296.0,410.0,16538.0,348.0,0.0,27928.0,49.0,Pass
l2905.txm,37.4641,752.0,753.0,134.0,0.0,1718.0,100.0,1185.0,9406.0,9030.0,-1900.0,23.0,16515.0,19308.0,240.0,16022.0,354.0,1.0,27892.0,49.0,Pass
l2905.txm,38.4851,751.0,755.0,135.0,0.0,1728.0,101.0,1188.0,9482.0,9048.0,-2638.0,23.0,16557.0,19300.0,106.0,16826.0,355.0,0.0,27882.0,49.0,Pass
l2905.txm,39.5,752.0,753.0,132.0,0.0,1722.0,101.0,1184.0,9426.0,9080.0,-1258.0,23.0,16369.0,19348.0,340.0,16888.0,351.0,0.0,27962.0,49.0,Pass
l2905.txm,40.52,751.0,753.0,133.0,0.0,1728.0,101.0,1184.0,9467.0,9003.0,-2013.0,23.0,16530.0,19284.0,111.0,16832.0,338.0,0.0,27930.0,49.0,Pass
l2905.txm,41.55,752.0,753.0,134.0,0.0,1731.0,100.0,1185.0,9488.0,9005.0,-906.0,23.0,16410.0,19286.0,-8.0,16286.0,349.0,0.0,27926.0,49.0,Pass
l2905.txm,42.5701,752.0,754.0,132.0,0.0,1726.0,101.0,1186.0,9431.0,9015.0,-578.0,23.0,16323.0,19346.0,-63.0,16908.0,340.0,0.0,27934.0,49.0,Pass
l2905.txm,43.6812,752.0,753.0,132.0,0.0,1727.0,101.0,1185.0,9460.0,8998.0,-2196.0,23.0,16362.0,19298.0,114.0,16032.0,353.0,1.0,27866.0,49.0,Pass
l2905.txm,44.75,752.0,753.0,135.0,0.0,1730.0,100.0,1184.0,9395.0,9089.0,-2506.0,22.0,16335.0,19312.0,146.0,16338.0,360.0,0.0,27956.0,49.0,Pass
l2905.txm,45.77,751.0,753.0,132.0,0.0,1727.0,101.0,1184.0,9451.0,9036.0,415.0,23.0,16282.0,19328.0,516.0,16608.0,359.0,0.0,27870.0,49.0,Pass
l2905.txm,46.8501,751.0,753.0,133.0,0.0,1722.0,100.0,1186.0,9409.0,9065.0,-2174.0,22.0,16233.0,19296.0,-30.0,16644.0,342.0,0.0,27880.0,49.0,Pass
l2905.txm,47.9402,752.0,754.0,132.0,0.0,1724.0,100.0,1186.0,9379.0,9060.0,-1019.0,23.0,16288.0,19308.0,100.0,16434.0,343.0,1.0,27894.0,49.0,Pass
l2905.txm,48.9602,752.0,754.0,133.0,0.0,1726.0,100.0,1184.0,9411.0,9032.0,-1227.0,23.0,16282.0,19264.0,58.0,16270.0,347.0,0.0,27804.0,49.0,Pass
l2905.txm,50.0642,752.0,753.0,136.0,0.0,1727.0,102.0,1185.0,9433.0,9079.0,-2470.0,22.0,16673.0,19288.0,-79.0,16568.0,346.0,0.0,28018.0,49.0,Pass
l2905.txm,51.126,752.0,753.0,132.0,0.0,1720.0,100.0,1186.0,9481.0,8985.0,-1397.0,23.0,16485.0,19270.0,1474.0,16334.0,361.0,0.0,27902.0,49.0,Pass
l2905.txm,52.1501,752.0,753.0,133.0,0.0,1719.0,100.0,1184.0,9468.0,8997.0,-393.0,23.0,16673.0,19350.0,-9.0,16538.0,359.0,0.0,27804.0,49.0,Pass
l2905.txm,53.1792,751.0,753.0,133.0,0.0,1716.0,99.0,1182.0,9451.0,9007.0,-358.0,23.0,16423.0,19298.0,52.0,16740.0,342.0,0.0,27812.0,49.0,Pass
l2905.txm,54.2751,752.0,754.0,132.0,0.0,1717.0,101.0,1187.0,9416.0,9041.0,-720.0,23.0,16354.0,19304.0,149.0,16770.0,346.0,0.0,27896.0,49.0,Pass
l2905.txm,55.29,752.0,754.0,134.0,0.0,1703.0,101.0,1184.0,9416.0,9047.0,-1107.0,23.0,16383.0,19292.0,-343.0,16830.0,357.0,0.0,27914.0,49.0,Pass
l2905.txm,56.3101,752.0,753.0,135.0,0.0,1695.0,101.0,1184.0,9408.0,9079.0,-648.0,23.0,16776.0,19290.0,73.0,16702.0,339.0,0.0,28014.0,49.0,Pass
l2905.txm,57.3301,752.0,754.0,133.0,0.0,1604.0,101.0,1189.0,9446.0,9038.0,246.0,22.0,16500.0,19290.0,-384.0,16992.0,343.0,0.0,27830.0,49.0,Pass
l2905.txm,58.3572,752.0,752.0,134.0,0.0,1388.0,99.0,1197.0,9380.0,9112.0,119.0,23.0,16485.0,19466.0,-1030.0,16274.0,352.0,0.0,27762.0,49.0,Pass
l2905.txm,59.3801,751.0,752.0,132.0,0.0,1144.0,99.0,1188.0,9452.0,9067.0,830.0,23.0,16269.0,19582.0,-273.0,17042.0,348.0,1.0,27644.0,49.0,Pass
l2905.txm,60.4011,752.0,753.0,133.0,0.0,958.0,101.0,1189.0,9463.0,9013.0,814.0,23.0,16293.0,19720.0,-285.0,16938.0,348.0,0.0,27622.0,50.0,Pass
l2905.txm,61.4202,752.0,754.0,132.0,0.0,825.0,101.0,1187.0,9418.0,9085.0,915.0,24.0,16470.0,19824.0,-435.0,16552.0,347.0,0.0,27534.0,50.0,Pass
l2905.txm,9.79004,751.0,752.0,132.0,0.0,651.0,101.0,1237.0,9410.0,9101.0,-1159.0,25.0,17090.0,20010.0,290.0,16514.0,347.0,0.0,27520.0,49.0,Pass
l2906.txm,9.79004,751.0,752.0,132.0,0.0,651.0,101.0,1237.0,9410.0,9101.0,-1159.0,25.0,17090.0,20010.0,290.0,16514.0,347.0,0.0,27520.0,49.0,Pass
l2906.txm,10.811,751.0,753.0,135.0,0.0,634.0,100.0,1232.0,9417.0,9037.0,-897.0,25.0,16835.0,19996.0,127.0,16616.0,351.0,0.0,27610.0,49.0,Pass
l2906.txm,11.9551,752.0,754.0,134.0,0.0,627.0,101.0,1234.0,9463.0,9028.0,-1148.0,26.0,16788.0,19986.0,135.0,16860.0,358.0,0.0,27558.0,49.0,Pass
l2906.txm,12.9299,751.0,754.0,131.0,0.0,607.0,100.0,1222.0,9395.0,9050.0,-809.0,25.0,16461.0,19986.0,-623.0,16892.0,347.0,0.0,27364.0,49.0,Pass
l2906.txm,14.1199,751.0,754.0,132.0,0.0,588.0,102.0,1189.0,9462.0,9032.0,-460.0,26.0,16329.0,20082.0,-604.0,16754.0,355.0,0.0,27284.0,50.0,Pass
l2906.txm,15.1499,751.0,753.0,131.0,0.0,830.0,101.0,1165.0,9458.0,8946.0,-462.0,27.0,16215.0,20204.0,1438.0,15392.0,342.0,1.0,27614.0,50.0,Pass
l2906.txm,16.229,751.0,753.0,135.0,0.0,1753.0,100.0,1157.0,9423.0,9007.0,-2177.0,24.0,16454.0,19268.0,-753.0,16850.0,359.0,0.0,27760.0,49.0,Pass
l2906.txm,17.3,752.0,754.0,133.0,0.0,1802.0,101.0,1195.0,9432.0,9106.0,-931.0,24.0,16516.0,19510.0,-81.0,16452.0,342.0,0.0,27898.0,48.0,Pass
l2906.txm,18.3799,751.0,753.0,134.0,0.0,1616.0,101.0,1200.0,9484.0,9057.0,1801.0,23.0,17001.0,19530.0,153.0,16526.0,350.0,1.0,27776.0,49.0,Pass
l2906.txm,19.46,751.0,751.0,130.0,0.0,1476.0,100.0,1194.0,9422.0,9066.0,-581.0,24.0,16687.0,19460.0,131.0,16850.0,344.0,0.0,27896.0,49.0,Pass
l2906.txm,20.551,752.0,754.0,133.0,0.0,1630.0,101.0,1170.0,9459.0,9002.0,-1644.0,25.0,16645.0,19440.0,68.0,16396.0,360.0,0.0,27866.0,49.0,Pass
l2906.txm,21.6289,751.0,754.0,133.0,0.0,1655.0,100.0,1195.0,9451.0,9008.0,-554.0,24.0,16741.0,19454.0,84.0,16490.0,360.0,1.0,27844.0,49.0,Pass
l2906.txm,22.71,751.0,753.0,134.0,0.0,1653.0,100.0,1183.0,9442.0,9042.0,-346.0,24.0,16977.0,19508.0,49.0,16670.0,351.0,1.0,27802.0,49.0,Pass
l2906.txm,23.7949,752.0,753.0,136.0,0.0,1665.0,101.0,1188.0,9451.0,9052.0,-949.0,24.0,16648.0,19502.0,44.0,16540.0,348.0,0.0,27848.0,49.0,Pass
l2906.txm,24.885,752.0,754.0,134.0,0.0,1675.0,100.0,1184.0,9470.0,9019.0,-872.0,24.0,16435.0,19508.0,-70.0,16364.0,346.0,0.0,27848.0,49.0,Pass
l2906.txm,25.8999,752.0,754.0,130.0,0.0,1711.0,101.0,1184.0,9493.0,9003.0,-748.0,24.0,16680.0,19316.0,1102.0,15988.0,344.0,0.0,28022.0,49.0,Pass
l2906.txm,26.979,751.0,753.0,134.0,0.0,1717.0,99.0,1186.0,9422.0,9044.0,-651.0,24.0,16570.0,19414.0,17.0,16454.0,351.0,1.0,27862.0,49.0,Pass
l2906.txm,28.071,752.0,754.0,132.0,0.0,1731.0,102.0,1188.0,9455.0,9034.0,-904.0,24.0,16411.0,19390.0,298.0,16294.0,352.0,0.0,27812.0,49.0,Pass
l2906.txm,29.0898,752.0,753.0,141.0,0.0,1733.0,100.0,1186.0,9434.0,9060.0,-211.0,24.0,16519.0,19362.0,-443.0,15888.0,343.0,1.0,27914.0,49.0,Pass
l2906.txm,30.116,751.0,753.0,132.0,0.0,1729.0,101.0,1185.0,9456.0,9076.0,-886.0,24.0,16891.0,19296.0,-303.0,16740.0,350.0,1.0,27880.0,49.0,Pass
l2906.txm,31.1599,752.0,752.0,130.0,0.0,1729.0,100.0,1185.0,9420.0,9101.0,-1530.0,24.0,16757.0,19288.0,792.0,16634.0,350.0,0.0,27804.0,49.0,Pass
l2906.txm,32.1799,752.0,754.0,132.0,0.0,1731.0,100.0,1187.0,9408.0,9054.0,-1386.0,24.0,16441.0,19292.0,668.0,16440.0,350.0,0.0,27878.0,49.0,Pass
l2906.txm,33.2009,752.0,753.0,131.0,0.0,1732.0,100.0,1187.0,9406.0,9090.0,-1416.0,23.0,16368.0,19292.0,39.0,17016.0,345.0,0.0,27958.0,49.0,Pass
l2906.txm,34.291,751.0,754.0,132.0,0.0,1729.0,101.0,1186.0,9411.0,9059.0,-589.0,23.0,16838.0,19274.0,111.0,16460.0,349.0,0.0,27880.0,49.0,Pass
l2906.txm,35.3789,751.0,753.0,136.0,0.0,1730.0,101.0,1186.0,9406.0,9032.0,-519.0,23.0,16673.0,19380.0,49.0,16120.0,355.0,1.0,27888.0,49.0,Pass
l2906.txm,36.3999,751.0,753.0,136.0,0.0,1736.0,102.0,1190.0,9458.0,9023.0,-1078.0,23.0,16578.0,19360.0,69.0,16518.0,344.0,0.0,27988.0,49.0,Pass
l2906.txm,37.48,752.0,754.0,134.0,0.0,1736.0,100.0,1189.0,9406.0,9029.0,-1794.0,23.0,16246.0,19328.0,-58.0,16614.0,347.0,1.0,27908.0,49.0,Pass
l2906.txm,38.5,751.0,753.0,135.0,0.0,1731.0,100.0,1187.0,9410.0,9096.0,-1465.0,23.0,16772.0,19330.0,-34.0,16336.0,342.0,0.0,27900.0,49.0,Pass
l2906.txm,39.5999,752.0,754.0,132.0,0.0,1733.0,100.0,1187.0,9461.0,9042.0,-366.0,23.0,16240.0,19354.0,146.0,16574.0,344.0,1.0,27844.0,49.0,Pass
l2906.txm,40.6299,751.0,752.0,133.0,0.0,1739.0,101.0,1188.0,9437.0,9064.0,-1418.0,23.0,16634.0,19286.0,-95.0,16408.0,357.0,0.0,27968.0,49.0,Pass
l2906.txm,41.656,752.0,754.0,134.0,0.0,1737.0,101.0,1188.0,9464.0,9013.0,-254.0,23.0,16274.0,19254.0,196.0,16764.0,347.0,1.0,27882.0,49.0,Pass
l2906.txm,42.676,751.0,753.0,132.0,0.0,1731.0,101.0,1185.0,9450.0,9040.0,-728.0,23.0,16614.0,19274.0,-483.0,16434.0,352.0,0.0,27820.0,49.0,Pass
l2906.txm,43.6899,752.0,753.0,133.0,0.0,1739.0,101.0,1187.0,9436.0,9040.0,-1053.0,23.0,16337.0,19372.0,47.0,16378.0,351.0,0.0,27904.0,49.0,Pass
l2906.txm,44.72,752.0,753.0,135.0,0.0,1740.0,101.0,1184.0,9435.0,9030.0,-1108.0,23.0,16388.0,19342.0,112.0,16482.0,352.0,0.0,27798.0,49.0,Pass
l2906.txm,45.74,752.0,753.0,134.0,0.0,1730.0,100.0,1185.0,9472.0,9003.0,-658.0,23.0,16336.0,19336.0,-48.0,16232.0,351.0,0.0,27896.0,49.0,Pass
l2906.txm,46.8301,751.0,753.0,131.0,0.0,1735.0,100.0,1184.0,9395.0,9101.0,-2381.0,23.0,16528.0,19288.0,608.0,16678.0,361.0,0.0,27956.0,49.0,Pass
l2906.txm,47.9199,751.0,753.0,133.0,0.0,1732.0,100.0,1184.0,9446.0,9021.0,-1204.0,23.0,16297.0,19374.0,-89.0,16542.0,349.0,0.0,27880.0,49.0,Pass
l2906.txm,49.031,752.0,755.0,133.0,0.0,1728.0,100.0,1184.0,9446.0,8997.0,-64.0,24.0,16486.0,19366.0,454.0,16854.0,350.0,1.0,27884.0,49.0,Pass
l2906.txm,50.0959,752.0,754.0,136.0,0.0,1731.0,101.0,1185.0,9415.0,9062.0,-343.0,23.0,16748.0,19350.0,-262.0,16512.0,357.0,0.0,27890.0,49.0,Pass
l2906.txm,51.1099,752.0,753.0,133.0,0.0,1728.0,102.0,1186.0,9377.0,9114.0,-999.0,23.0,16360.0,19358.0,-313.0,16340.0,344.0,0.0,27838.0,49.0,Pass
l2906.txm,52.1409,752.0,753.0,132.0,0.0,1727.0,100.0,1183.0,9398.0,9080.0,-219.0,23.0,16225.0,19348.0,-436.0,16338.0,349.0,0.0,27928.0,49.0,Pass
l2906.txm,53.22,750.0,752.0,133.0,0.0,1725.0,100.0,1184.0,9391.0,9013.0,-638.0,23.0,16473.0,19292.0,-443.0,16170.0,356.0,0.0,27896.0,49.0,Pass
l2906.txm,54.24,752.0,754.0,133.0,0.0,1717.0,101.0,1186.0,9440.0,9040.0,-860.0,23.0,16737.0,19314.0,-664.0,16198.0,361.0,0.0,27836.0,49.0,Pass
l2906.txm,55.26,752.0,755.0,134.0,0.0,1709.0,99.0,1188.0,9428.0,9053.0,-364.0,24.0,16694.0,19306.0,-338.0,16594.0,349.0,0.0,27962.0,49.0,Pass
l2906.txm,56.28,752.0,754.0,131.0,0.0,1701.0,100.0,1186.0,9446.0,9105.0,-2086.0,23.0,16223.0,19308.0,476.0,16600.0,347.0,1.0,27930.0,49.0,Pass
l2906.txm,57.3059,752.0,753.0,136.0,0.0,1581.0,101.0,1191.0,9432.0,9037.0,-2007.0,23.0,16439.0,19298.0,140.0,16360.0,343.0,0.0,27838.0,49.0,Pass
l2906.txm,58.3301,751.0,753.0,130.0,0.0,1321.0,101.0,1194.0,9437.0,9048.0,509.0,23.0,16042.0,19542.0,-271.0,16512.0,339.0,0.0,27596.0,49.0,Pass
l2906.txm,59.3498,752.0,753.0,134.0,0.0,1123.0,101.0,1186.0,9437.0,9053.0,373.0,23.0,16483.0,19588.0,-987.0,16436.0,351.0,0.0,27712.0,50.0,Pass
l2906.txm,60.3889,751.0,754.0,135.0,0.0,935.0,100.0,1188.0,9436.0,9045.0,616.0,23.0,16373.0,19732.0,-21.0,16690.0,348.0,0.0,27622.0,50.0,Pass
l2906.txm,9.72998,751.0,752.0,135.0,0.0,653.0,99.0,1233.0,9409.0,9065.0,-301.0,25.0,16701.0,19998.0,98.0,16422.0,353.0,0.0,27548.0,49.0,Pass
l2907.txm,9.72998,751.0,752.0,135.0,0.0,653.0,99.0,1233.0,9409.0,9065.0,-301.0,25.0,16701.0,19998.0,98.0,16422.0,353.0,0.0,27548.0,49.0,Pass
l2907.txm,10.75,751.0,752.0,134.0,0.0,635.0,101.0,1231.0,9397.0,9095.0,-1224.0,26.0,16974.0,19990.0,676.0,16762.0,352.0,0.0,27632.0,49.0,Pass
l2907.txm,11.77,751.0,752.0,135.0,0.0,625.0,99.0,1230.0,9462.0,9008.0,-1382.0,26.0,16572.0,19998.0,127.0,16714.0,348.0,0.0,27528.0,49.0,Pass
l2907.txm,12.79,751.0,754.0,133.0,0.0,610.0,101.0,1221.0,9474.0,9015.0,-1561.0,25.0,16800.0,20120.0,-530.0,16942.0,345.0,0.0,27478.0,49.0,Pass
l2907.txm,13.8101,751.0,755.0,132.0,0.0,586.0,100.0,1193.0,9408.0,9087.0,-970.0,26.0,16335.0,20190.0,-547.0,16834.0,350.0,0.0,27342.0,50.0,Pass
l2907.txm,14.8301,751.0,754.0,133.0,0.0,821.0,102.0,1164.0,9471.0,8984.0,-482.0,26.0,16805.0,20202.0,902.0,15524.0,359.0,1.0,27604.0,50.0,Pass
l2907.txm,15.875,751.0,753.0,132.0,0.0,1699.0,101.0,1147.0,9415.0,9061.0,-1299.0,24.0,16759.0,19210.0,-376.0,17010.0,348.0,1.0,27798.0,49.0,Pass
l2907.txm,16.8701,752.0,753.0,135.0,0.0,1808.0,100.0,1190.0,9421.0,9088.0,-508.0,25.0,16613.0,19582.0,-406.0,15712.0,350.0,0.0,27746.0,48.0,Pass
l2907.txm,17.8901,751.0,753.0,132.0,0.0,1696.0,101.0,1200.0,9497.0,9085.0,1407.0,23.0,17286.0,19396.0,-281.0,16614.0,349.0,0.0,27740.0,48.0,Pass
l2907.txm,18.9102,752.0,753.0,132.0,0.0,1369.0,101.0,1208.0,9503.0,9012.0,400.0,24.0,16586.0,19450.0,-522.0,16890.0,356.0,0.0,27886.0,49.0,Pass
l2907.txm,19.9312,752.0,753.0,135.0,0.0,1655.0,100.0,1154.0,9472.0,8989.0,-411.0,24.0,16787.0,19546.0,582.0,16402.0,356.0,1.0,27878.0,49.0,Pass
l2907.txm,20.9509,752.0,753.0,132.0,0.0,1655.0,102.0,1196.0,9446.0,9054.0,-974.0,25.0,16588.0,19506.0,-449.0,16774.0,352.0,1.0,27814.0,49.0,Pass
l2907.txm,21.97,752.0,754.0,136.0,0.0,1661.0,101.0,1191.0,9490.0,9013.0,-137.0,24.0,16999.0,19478.0,-340.0,16404.0,351.0,0.0,27892.0,49.0,Pass
l2907.txm,22.991,752.0,754.0,133.0,0.0,1665.0,100.0,1183.0,9426.0,9052.0,-355.0,24.0,16872.0,19438.0,157.0,16282.0,345.0,0.0,27858.0,49.0,Pass
l2907.txm,24.01,752.0,753.0,131.0,0.0,1678.0,100.0,1189.0,9407.0,9091.0,-978.0,25.0,16673.0,19416.0,-45.0,16536.0,346.0,1.0,27834.0,49.0,Pass
l2907.txm,25.03,752.0,755.0,133.0,0.0,1692.0,101.0,1187.0,9380.0,9006.0,-490.0,25.0,16788.0,19564.0,25.0,15820.0,357.0,1.0,27834.0,49.0,Pass
l2907.txm,26.051,751.0,753.0,134.0,0.0,1722.0,99.0,1184.0,9479.0,9024.0,-750.0,24.0,16817.0,19242.0,39.0,16578.0,360.0,0.0,27986.0,49.0,Pass
l2907.txm,27.071,752.0,753.0,134.0,0.0,1727.0,100.0,1184.0,9428.0,9083.0,116.0,24.0,16694.0,19378.0,-93.0,16482.0,348.0,0.0,27868.0,49.0,Pass
l2907.txm,28.115,751.0,753.0,135.0,0.0,1741.0,102.0,1186.0,9416.0,9081.0,-1635.0,24.0,16653.0,19342.0,144.0,16590.0,356.0,0.0,27892.0,49.0,Pass
l2907.txm,29.1101,751.0,753.0,130.0,0.0,1743.0,102.0,1186.0,9454.0,9049.0,-1416.0,24.0,16635.0,19364.0,159.0,16830.0,353.0,1.0,27810.0,49.0,Pass
l2907.txm,30.1311,752.0,753.0,132.0,0.0,1740.0,100.0,1187.0,9439.0,9055.0,-220.0,24.0,16417.0,19252.0,-416.0,16868.0,343.0,0.0,27920.0,49.0,Pass
l2907.txm,31.1501,751.0,753.0,133.0,0.0,1739.0,101.0,1185.0,9401.0,9050.0,-1339.0,24.0,16812.0,19382.0,-70.0,16720.0,343.0,0.0,27814.0,49.0,Pass
l2907.txm,32.1711,751.0,753.0,135.0,0.0,1739.0,101.0,1187.0,9470.0,9042.0,-1789.0,23.0,16388.0,19232.0,404.0,16828.0,342.0,1.0,27814.0,49.0,Pass
l2907.txm,33.1912,751.0,753.0,135.0,0.0,1739.0,100.0,1184.0,9401.0,9089.0,-1444.0,23.0,16718.0,19222.0,98.0,16636.0,342.0,0.0,27824.0,49.0,Pass
l2907.txm,34.21,751.0,753.0,131.0,0.0,1736.0,100.0,1184.0,9446.0,9045.0,-908.0,23.0,16710.0,19400.0,-381.0,16176.0,352.0,1.0,27998.0,49.0,Pass
l2907.txm,35.23,752.0,753.0,132.0,0.0,1744.0,101.0,1189.0,9430.0,9044.0,-1134.0,23.0,16258.0,19394.0,96.0,16398.0,343.0,1.0,27838.0,49.0,Pass
l2907.txm,36.25,752.0,753.0,133.0,0.0,1753.0,102.0,1189.0,9429.0,9026.0,244.0,23.0,16565.0,19252.0,-279.0,16526.0,346.0,1.0,27846.0,49.0,Pass
l2907.txm,37.27,752.0,754.0,131.0,0.0,1750.0,100.0,1190.0,9449.0,9011.0,-2194.0,23.0,16217.0,19382.0,62.0,16446.0,343.0,1.0,28008.0,49.0,Pass
l2907.txm,38.29,751.0,753.0,133.0,0.0,1748.0,102.0,1184.0,9479.0,9015.0,-1973.0,23.0,16629.0,19390.0,158.0,16716.0,345.0,1.0,28004.0,49.0,Pass
l2907.txm,39.3101,751.0,753.0,132.0,0.0,1752.0,100.0,1185.0,9398.0,9076.0,-1705.0,23.0,16488.0,19392.0,470.0,16490.0,342.0,1.0,27980.0,49.0,Pass
l2907.txm,40.355,752.0,754.0,135.0,0.0,1744.0,101.0,1183.0,9421.0,9095.0,-1989.0,23.0,16613.0,19224.0,-51.0,16098.0,356.0,1.0,28010.0,49.0,Pass
l2907.txm,41.3801,751.0,752.0,133.0,0.0,1748.0,102.0,1186.0,9367.0,9103.0,378.0,23.0,16604.0,19228.0,46.0,16522.0,355.0,0.0,28024.0,49.0,Pass
l2907.txm,42.4001,752.0,754.0,134.0,0.0,1752.0,100.0,1185.0,9468.0,9067.0,-405.0,23.0,16645.0,19372.0,-258.0,15854.0,359.0,0.0,28020.0,49.0,Pass
l2907.txm,43.4211,752.0,753.0,131.0,0.0,1748.0,101.0,1185.0,9418.0,9059.0,-1058.0,24.0,16284.0,19352.0,46.0,16774.0,349.0,0.0,28016.0,49.0,Pass
l2907.txm,44.4421,751.0,754.0,132.0,0.0,1743.0,101.0,1186.0,9384.0,9072.0,-1268.0,23.0,16556.0,19330.0,131.0,16574.0,357.0,0.0,27894.0,49.0,Pass
l2907.txm,45.4609,752.0,753.0,133.0,0.0,1745.0,100.0,1185.0,9384.0,9066.0,-1464.0,23.0,16390.0,19300.0,28.0,16828.0,342.0,0.0,27864.0,49.0,Pass
l2907.txm,46.48,751.0,753.0,133.0,0.0,1745.0,100.0,1182.0,9459.0,9019.0,-1558.0,23.0,16146.0,19264.0,130.0,16404.0,344.0,0.0,27858.0,49.0,Pass
l2907.txm,47.5251,751.0,753.0,133.0,0.0,1741.0,101.0,1183.0,9411.0,9076.0,31.0,23.0,16586.0,19234.0,-287.0,16604.0,344.0,0.0,27820.0,49.0,Pass
l2907.txm,48.52,751.0,753.0,133.0,0.0,1749.0,102.0,1184.0,9386.0,9055.0,-1819.0,23.0,16371.0,19232.0,142.0,16862.0,349.0,0.0,28022.0,49.0,Pass
l2907.txm,49.54,752.0,753.0,131.0,0.0,1740.0,102.0,1185.0,9457.0,9015.0,-71.0,23.0,16430.0,19212.0,294.0,16270.0,349.0,0.0,27812.0,49.0,Pass
l2907.txm,50.561,752.0,753.0,135.0,0.0,1739.0,100.0,1186.0,9426.0,9025.0,-78.0,23.0,16749.0,19292.0,1002.0,16406.0,357.0,1.0,27950.0,49.0,Pass
l2907.txm,51.5969,752.0,754.0,132.0,0.0,1738.0,102.0,1186.0,9401.0,9032.0,-730.0,23.0,16475.0,19320.0,-76.0,16736.0,344.0,0.0,27922.0,49.0,Pass
l2907.txm,52.6201,752.0,753.0,135.0,0.0,1731.0,101.0,1184.0,9414.0,9111.0,-1663.0,23.0,16807.0,19222.0,9.0,16790.0,349.0,0.0,27860.0,49.0,Pass
l2907.txm,53.6411,751.0,751.0,133.0,0.0,1723.0,100.0,1183.0,9492.0,9005.0,-1558.0,23.0,16117.0,19268.0,17.0,16482.0,360.0,0.0,27916.0,49.0,Pass
l2907.txm,54.6602,752.0,754.0,132.0,0.0,1712.0,101.0,1188.0,9399.0,9104.0,-1024.0,23.0,16522.0,19264.0,30.0,16828.0,346.0,0.0,27920.0,49.0,Pass
l2907.txm,55.6812,752.0,754.0,134.0,0.0,1661.0,102.0,1184.0,9390.0,9109.0,-2004.0,23.0,16151.0,19284.0,-360.0,16470.0,350.0,0.0,27936.0,49.0,Pass
l2907.txm,56.7009,752.0,752.0,132.0,0.0,1400.0,101.0,1199.0,9469.0,9030.0,377.0,23.0,16481.0,19422.0,-1060.0,16690.0,359.0,0.0,27792.0,49.0,Pass
l2907.txm,57.72,752.0,754.0,134.0,0.0,1181.0,101.0,1189.0,9464.0,9002.0,481.0,24.0,16688.0,19596.0,-467.0,16668.0,344.0,0.0,27728.0,49.0,Pass
l2907.txm,58.74,752.0,754.0,132.0,0.0,980.0,101.0,1188.0,9487.0,8997.0,788.0,24.0,16195.0,19754.0,-688.0,16570.0,349.0,0.0,27614.0,49.0,Pass
l2907.txm,9.71997,751.0,754.0,135.0,0.0,652.0,100.0,1231.0,9438.0,9084.0,-1232.0,25.0,17031.0,20010.0,-259.0,16524.0,353.0,0.0,27628.0,49.0,Pass
l2908.txm,9.71997,751.0,754.0,135.0,0.0,652.0,100.0,1231.0,9438.0,9084.0,-1232.0,25.0,17031.0,20010.0,-259.0,16524.0,353.0,0.0,27628.0,49.0,Pass
l2908.txm,10.74,751.0,753.0,132.0,0.0,631.0,101.0,1229.0,9405.0,9077.0,-1205.0,25.0,17043.0,19992.0,420.0,16856.0,351.0,0.0,27622.0,49.0,Pass
l2908.txm,11.76,751.0,754.0,132.0,0.0,624.0,100.0,1231.0,9425.0,9042.0,-837.0,26.0,16720.0,19992.0,492.0,16784.0,352.0,0.0,27526.0,49.0,Pass
l2908.txm,12.7791,751.0,757.0,134.0,0.0,614.0,101.0,1217.0,9478.0,9018.0,-1185.0,25.0,16404.0,20164.0,-541.0,16720.0,343.0,0.0,27334.0,49.0,Pass
l2908.txm,13.8,751.0,754.0,133.0,0.0,583.0,100.0,1189.0,9451.0,9065.0,-975.0,26.0,16389.0,20174.0,-561.0,16726.0,355.0,0.0,27258.0,50.0,Pass
l2908.txm,14.8201,751.0,752.0,134.0,0.0,778.0,101.0,1168.0,9474.0,9012.0,1031.0,24.0,16882.0,20308.0,882.0,15462.0,354.0,1.0,27336.0,50.0,Pass
l2908.txm,15.865,751.0,753.0,133.0,0.0,1747.0,101.0,1154.0,9464.0,9022.0,-1630.0,24.0,16830.0,19348.0,-629.0,17204.0,353.0,0.0,27774.0,49.0,Pass
l2908.txm,16.8889,751.0,754.0,134.0,0.0,1816.0,101.0,1192.0,9482.0,9096.0,-1616.0,24.0,16718.0,19650.0,6.0,16426.0,343.0,0.0,27850.0,48.0,Pass
l2908.txm,17.9111,751.0,755.0,134.0,0.0,1713.0,100.0,1200.0,9468.0,9067.0,-143.0,23.0,16961.0,19622.0,730.0,16576.0,353.0,0.0,27796.0,48.0,Pass
l2908.txm,18.9299,752.0,753.0,131.0,0.0,1381.0,100.0,1209.0,9491.0,9028.0,979.0,24.0,16696.0,19554.0,-41.0,16994.0,347.0,0.0,27864.0,49.0,Pass
l2908.txm,19.95,751.0,754.0,135.0,0.0,1659.0,100.0,1155.0,9420.0,9051.0,105.0,24.0,16563.0,19604.0,43.0,16608.0,348.0,0.0,27824.0,49.0,Pass
l2908.txm,20.97,751.0,753.0,132.0,0.0,1660.0,101.0,1195.0,9436.0,9032.0,-2019.0,24.0,16691.0,19424.0,-458.0,16468.0,346.0,0.0,27850.0,49.0,Pass
l2908.txm,21.991,752.0,752.0,134.0,0.0,1664.0,99.0,1185.0,9459.0,9091.0,-531.0,24.0,17064.0,19350.0,8.0,16302.0,348.0,0.0,27794.0,49.0,Pass
l2908.txm,23.0361,751.0,752.0,130.0,0.0,1670.0,100.0,1183.0,9468.0,9044.0,-1405.0,24.0,16649.0,19358.0,-42.0,16436.0,349.0,0.0,27764.0,49.0,Pass
l2908.txm,24.03,751.0,753.0,135.0,0.0,1678.0,102.0,1186.0,9466.0,9035.0,-887.0,24.0,16550.0,19574.0,344.0,16174.0,349.0,1.0,27830.0,49.0,Pass
l2908.txm,25.05,752.0,754.0,129.0,0.0,1708.0,100.0,1184.0,9443.0,9041.0,-1002.0,24.0,16613.0,19286.0,21.0,16458.0,351.0,0.0,27748.0,49.0,Pass
l2908.txm,26.0701,752.0,754.0,131.0,0.0,1725.0,101.0,1185.0,9474.0,9044.0,-1120.0,24.0,16735.0,19352.0,44.0,16602.0,349.0,1.0,27898.0,49.0,Pass
l2908.txm,27.0901,751.0,753.0,134.0,0.0,1737.0,100.0,1185.0,9487.0,9014.0,-1131.0,24.0,16430.0,19232.0,17.0,16286.0,350.0,0.0,27804.0,49.0,Pass
l2908.txm,28.1101,752.0,754.0,126.0,0.0,1744.0,101.0,1185.0,9453.0,9022.0,-1048.0,24.0,16588.0,19308.0,151.0,16526.0,349.0,0.0,27832.0,49.0,Pass
l2908.txm,29.1301,752.0,753.0,135.0,0.0,1748.0,100.0,1184.0,9419.0,9021.0,-473.0,23.0,16926.0,19436.0,-363.0,16566.0,344.0,0.0,27816.0,49.0,Pass
l2908.txm,30.1499,751.0,753.0,133.0,0.0,1747.0,100.0,1184.0,9416.0,9076.0,-1256.0,23.0,16612.0,19284.0,107.0,16686.0,344.0,1.0,27916.0,49.0,Pass
l2908.txm,31.1699,752.0,753.0,134.0,0.0,1746.0,101.0,1186.0,9473.0,9056.0,-1264.0,23.0,16423.0,19400.0,412.0,16460.0,348.0,1.0,28012.0,49.0,Pass
l2908.txm,32.1899,752.0,754.0,134.0,0.0,1744.0,101.0,1183.0,9458.0,9080.0,-1899.0,23.0,16729.0,19298.0,100.0,16276.0,345.0,0.0,27856.0,49.0,Pass
l2908.txm,33.21,751.0,754.0,133.0,0.0,1746.0,101.0,1186.0,9429.0,9045.0,-742.0,23.0,16578.0,19268.0,63.0,16294.0,355.0,0.0,28008.0,49.0,Pass
l2908.txm,34.2891,751.0,753.0,135.0,0.0,1750.0,100.0,1185.0,9489.0,9071.0,-1000.0,23.0,16749.0,19344.0,990.0,16104.0,353.0,1.0,27844.0,49.0,Pass
l2908.txm,35.3359,752.0,752.0,136.0,0.0,1749.0,99.0,1185.0,9474.0,9049.0,-774.0,23.0,16533.0,19260.0,694.0,15936.0,360.0,1.0,28018.0,49.0,Pass
l2908.txm,36.3301,752.0,753.0,133.0,0.0,1747.0,101.0,1184.0,9505.0,9020.0,-59.0,23.0,16740.0,19270.0,-297.0,16084.0,353.0,0.0,27986.0,49.0,Pass
l2908.txm,37.3501,751.0,754.0,134.0,0.0,1750.0,102.0,1183.0,9422.0,9039.0,-550.0,23.0,16487.0,19286.0,88.0,16508.0,353.0,0.0,27822.0,49.0,Pass
l2908.txm,38.3701,752.0,752.0,132.0,0.0,1750.0,101.0,1184.0,9427.0,9084.0,-588.0,23.0,16487.0,19442.0,-332.0,16242.0,348.0,0.0,27772.0,49.0,Pass
l2908.txm,39.3901,752.0,754.0,129.0,0.0,1750.0,101.0,1184.0,9463.0,9056.0,-2758.0,23.0,16268.0,19300.0,21.0,16128.0,358.0,0.0,27802.0,49.0,Pass
l2908.txm,40.4099,751.0,754.0,135.0,0.0,1749.0,102.0,1184.0,9449.0,9029.0,-199.0,23.0,16556.0,19258.0,-19.0,16380.0,340.0,0.0,27854.0,49.0,Pass
l2908.txm,41.4299,752.0,753.0,135.0,0.0,1748.0,99.0,1183.0,9475.0,9029.0,-399.0,23.0,16770.0,19226.0,1276.0,16192.0,354.0,0.0,27982.0,49.0,Pass
l2908.txm,42.4499,752.0,753.0,134.0,0.0,1754.0,100.0,1183.0,9415.0,9086.0,-1314.0,23.0,16875.0,19424.0,-305.0,16478.0,346.0,0.0,27964.0,49.0,Pass
l2908.txm,43.489,752.0,753.0,135.0,0.0,1749.0,101.0,1184.0,9421.0,9115.0,-2769.0,23.0,16439.0,19322.0,324.0,16136.0,351.0,0.0,27938.0,49.0,Pass
l2908.txm,44.511,752.0,752.0,135.0,0.0,1751.0,100.0,1187.0,9450.0,9036.0,-860.0,23.0,16815.0,19356.0,-561.0,16616.0,351.0,1.0,27980.0,49.0,Pass
l2908.txm,45.53,752.0,753.0,135.0,0.0,1750.0,102.0,1184.0,9405.0,9092.0,-257.0,23.0,16676.0,19292.0,54.0,16348.0,347.0,0.0,27788.0,49.0,Pass
l2908.txm,46.55,752.0,753.0,134.0,0.0,1756.0,101.0,1184.0,9412.0,9078.0,-933.0,23.0,16851.0,19358.0,38.0,16270.0,346.0,0.0,27886.0,49.0,Pass
l2908.txm,47.595,752.0,753.0,133.0,0.0,1750.0,101.0,1183.0,9433.0,9039.0,47.0,23.0,16487.0,19208.0,132.0,16622.0,351.0,0.0,27760.0,49.0,Pass
l2908.txm,48.5891,752.0,752.0,134.0,0.0,1748.0,101.0,1185.0,9501.0,9027.0,100.0,23.0,16761.0,19334.0,-27.0,16636.0,356.0,1.0,27830.0,49.0,Pass
l2908.txm,49.6101,751.0,754.0,132.0,0.0,1743.0,100.0,1186.0,9440.0,9090.0,-1938.0,23.0,16345.0,19368.0,125.0,16280.0,347.0,0.0,27864.0,49.0,Pass
l2908.txm,50.709,751.0,753.0,132.0,0.0,1745.0,101.0,1184.0,9470.0,9039.0,-502.0,23.0,16816.0,19270.0,-364.0,16388.0,344.0,0.0,27920.0,49.0,Pass
l2908.txm,51.6799,752.0,753.0,131.0,0.0,1747.0,102.0,1187.0,9470.0,9049.0,-515.0,23.0,16265.0,19258.0,136.0,16486.0,342.0,0.0,27924.0,49.0,Pass
l2908.txm,52.699,752.0,750.0,136.0,0.0,1734.0,101.0,1182.0,9458.0,9012.0,-1864.0,23.0,16815.0,19330.0,68.0,16374.0,344.0,0.0,27930.0,49.0,Pass
l2908.txm,53.72,752.0,752.0,132.0,0.0,1733.0,101.0,1185.0,9472.0,9008.0,-1318.0,23.0,16462.0,19312.0,-337.0,16732.0,350.0,1.0,27858.0,49.0,Pass
l2908.txm,54.739,752.0,753.0,133.0,0.0,1724.0,100.0,1187.0,9387.0,9088.0,-200.0,23.0,16465.0,19320.0,-285.0,15890.0,348.0,0.0,27974.0,49.0,Pass
l2908.txm,55.761,752.0,753.0,132.0,0.0,1710.0,101.0,1187.0,9427.0,9043.0,78.0,23.0,16386.0,19316.0,-70.0,16732.0,344.0,0.0,27806.0,49.0,Pass
l2908.txm,56.78,752.0,753.0,133.0,0.0,1519.0,101.0,1195.0,9438.0,9014.0,-1249.0,23.0,16583.0,19326.0,-411.0,17066.0,345.0,0.0,27834.0,49.0,Pass
l2908.txm,57.8249,752.0,754.0,132.0,0.0,1293.0,101.0,1194.0,9395.0,9103.0,624.0,23.0,16554.0,19540.0,-687.0,16314.0,352.0,0.0,27644.0,49.0,Pass
l2908.txm,58.8201,752.0,753.0,135.0,1.0,1070.0,101.0,1186.0,9457.0,9039.0,275.0,23.0,16381.0,19618.0,-938.0,16810.0,354.0,0.0,27582.0,49.0,Pass
l2908.txm,10.7109,751.0,753.0,134.0,0.0,639.0,100.0,1234.0,9391.0,9078.0,-694.0,26.0,16565.0,19994.0,-359.0,16498.0,345.0,0.0,27630.0,49.0,Pass
l2909.txm,10.7109,751.0,753.0,134.0,0.0,639.0,100.0,1234.0,9391.0,9078.0,-694.0,26.0,16565.0,19994.0,-359.0,16498.0,345.0,0.0,27630.0,49.0,Pass
l2909.txm,11.73,751.0,753.0,135.0,0.0,630.0,100.0,1235.0,9427.0,9052.0,-1865.0,26.0,16623.0,19992.0,-54.0,16480.0,358.0,0.0,27572.0,49.0,Pass
l2909.txm,12.75,751.0,753.0,134.0,0.0,615.0,101.0,1230.0,9394.0,9077.0,-812.0,27.0,16449.0,20014.0,-728.0,16804.0,343.0,0.0,27438.0,49.0,Pass
l2909.txm,13.77,751.0,754.0,132.0,0.0,600.0,101.0,1203.0,9426.0,9043.0,-678.0,26.0,16352.0,20086.0,-493.0,16908.0,344.0,0.0,27404.0,50.0,Pass
l2909.txm,14.79,751.0,753.0,132.0,0.0,619.0,99.0,1174.0,9406.0,9094.0,34.0,26.0,16530.0,20406.0,-53.0,15882.0,353.0,1.0,27214.0,50.0,Pass
l2909.txm,15.8101,751.0,754.0,133.0,0.0,1412.0,100.0,1151.0,9403.0,9037.0,-1925.0,25.0,16270.0,19624.0,66.0,16892.0,347.0,0.0,28092.0,49.0,Pass
l2909.txm,16.8296,751.0,753.0,132.0,0.0,1815.0,101.0,1173.0,9489.0,9056.0,-1772.0,25.0,16871.0,19646.0,82.0,16326.0,345.0,0.0,27802.0,48.0,Pass
l2909.txm,17.8496,751.0,752.0,133.0,0.0,1810.0,100.0,1200.0,9449.0,9108.0,-41.0,25.0,16967.0,19672.0,75.0,16196.0,343.0,1.0,27938.0,48.0,Pass
l2909.txm,18.8696,752.0,753.0,132.0,0.0,1526.0,102.0,1203.0,9449.0,9116.0,1533.0,24.0,16811.0,19258.0,24.0,16908.0,340.0,0.0,27934.0,49.0,Pass
l2909.txm,19.915,751.0,754.0,135.0,0.0,1622.0,101.0,1167.0,9426.0,9031.0,-1777.0,25.0,16697.0,19570.0,472.0,16730.0,347.0,1.0,27888.0,49.0,Pass
l2909.txm,20.939,751.0,754.0,129.0,0.0,1641.0,100.0,1175.0,9404.0,9076.0,-1882.0,25.0,16470.0,19364.0,-294.0,16720.0,346.0,0.0,27888.0,49.0,Pass
l2909.txm,21.9609,752.0,754.0,133.0,0.0,1669.0,101.0,1193.0,9405.0,9062.0,-863.0,25.0,16561.0,19606.0,-361.0,16608.0,350.0,0.0,27824.0,49.0,Pass
l2909.txm,22.98,752.0,754.0,131.0,0.0,1678.0,101.0,1181.0,9487.0,9033.0,-1165.0,25.0,16475.0,19708.0,66.0,16546.0,344.0,1.0,27926.0,49.0,Pass
l2909.txm,24.0,752.0,753.0,136.0,0.0,1676.0,100.0,1184.0,9423.0,9088.0,-677.0,25.0,16837.0,19398.0,-91.0,16440.0,345.0,1.0,27926.0,49.0,Pass
l2909.txm,25.02,752.0,754.0,135.0,0.0,1693.0,101.0,1183.0,9441.0,9072.0,-1179.0,25.0,16523.0,19298.0,89.0,16480.0,347.0,1.0,27894.0,49.0,Pass
l2909.txm,26.04,752.0,754.0,133.0,0.0,1731.0,102.0,1190.0,9449.0,9064.0,-1136.0,25.0,16606.0,19428.0,-32.0,16562.0,351.0,0.0,28018.0,49.0,Pass
l2909.txm,27.0898,752.0,753.0,131.0,0.0,1738.0,100.0,1183.0,9421.0,9008.0,-1722.0,25.0,16652.0,19440.0,152.0,16582.0,338.0,0.0,27820.0,49.0,Pass
l2909.txm,28.0796,752.0,754.0,133.0,0.0,1754.0,100.0,1186.0,9417.0,9060.0,-1559.0,24.0,16476.0,19276.0,-444.0,16368.0,346.0,1.0,27944.0,49.0,Pass
l2909.txm,29.0996,751.0,752.0,133.0,0.0,1746.0,102.0,1181.0,9400.0,9019.0,-805.0,25.0,16598.0,19412.0,94.0,16764.0,344.0,0.0,27930.0,49.0,Pass
l2909.txm,30.1196,751.0,752.0,131.0,0.0,1757.0,99.0,1188.0,9447.0,9028.0,-1712.0,24.0,16577.0,19286.0,980.0,16096.0,353.0,0.0,27826.0,49.0,Pass
l2909.txm,31.1396,751.0,754.0,130.0,0.0,1743.0,100.0,1179.0,9441.0,9026.0,-1959.0,24.0,16286.0,19364.0,676.0,16292.0,349.0,1.0,27864.0,49.0,Pass
l2909.txm,32.1641,752.0,754.0,132.0,0.0,1750.0,100.0,1187.0,9443.0,9040.0,192.0,24.0,16882.0,19264.0,-437.0,16596.0,344.0,1.0,27902.0,49.0,Pass
l2909.txm,33.1807,752.0,752.0,136.0,0.0,1752.0,100.0,1183.0,9435.0,9040.0,-1231.0,24.0,16489.0,19388.0,-94.0,16776.0,351.0,0.0,28020.0,49.0,Pass
l2909.txm,34.1997,751.0,754.0,132.0,0.0,1754.0,100.0,1187.0,9421.0,9008.0,-1214.0,23.0,16545.0,19308.0,-91.0,16446.0,344.0,1.0,27928.0,49.0,Pass
l2909.txm,35.2197,752.0,753.0,135.0,0.0,1747.0,99.0,1181.0,9421.0,9084.0,-1064.0,23.0,16520.0,19390.0,152.0,16510.0,353.0,0.0,27830.0,49.0,Pass
l2909.txm,36.2446,751.0,752.0,134.0,0.0,1754.0,102.0,1184.0,9448.0,9023.0,69.0,23.0,16876.0,19152.0,-14.0,16346.0,356.0,1.0,27920.0,49.0,Pass
l2909.txm,37.2637,752.0,754.0,133.0,0.0,1751.0,100.0,1183.0,9421.0,9034.0,-2182.0,24.0,16259.0,19162.0,-437.0,16304.0,354.0,0.0,27844.0,49.0,Pass
l2909.txm,38.2798,751.0,753.0,131.0,0.0,1758.0,100.0,1186.0,9471.0,9047.0,-1643.0,23.0,16622.0,19334.0,99.0,16504.0,349.0,0.0,27834.0,49.0,Pass
l2909.txm,39.3267,752.0,753.0,137.0,0.0,1756.0,102.0,1184.0,9400.0,9079.0,-1141.0,24.0,16484.0,19218.0,660.0,15976.0,359.0,0.0,27922.0,49.0,Pass
l2909.txm,40.3257,752.0,753.0,131.0,0.0,1757.0,100.0,1184.0,9450.0,9050.0,-695.0,23.0,16336.0,19262.0,63.0,16702.0,347.0,0.0,27842.0,49.0,Pass
l2909.txm,41.3428,751.0,752.0,134.0,0.0,1764.0,100.0,1190.0,9426.0,9121.0,-406.0,24.0,16376.0,19226.0,74.0,16282.0,344.0,0.0,27844.0,49.0,Pass
l2909.txm,42.3599,752.0,752.0,133.0,0.0,1754.0,101.0,1180.0,9508.0,9023.0,-465.0,23.0,16740.0,19304.0,32.0,16582.0,351.0,1.0,27850.0,49.0,Pass
l2909.txm,43.3799,752.0,754.0,133.0,0.0,1761.0,101.0,1188.0,9448.0,9016.0,-2889.0,23.0,16388.0,19292.0,442.0,16298.0,346.0,1.0,27896.0,49.0,Pass
l2909.txm,44.3999,752.0,753.0,134.0,0.0,1756.0,100.0,1180.0,9412.0,9054.0,-545.0,24.0,16540.0,19228.0,132.0,16556.0,350.0,0.0,27844.0,49.0,Pass
l2909.txm,45.4209,752.0,754.0,133.0,0.0,1756.0,100.0,1188.0,9476.0,9023.0,-1933.0,23.0,16578.0,19362.0,42.0,16392.0,354.0,0.0,27864.0,49.0,Pass
l2909.txm,46.4409,752.0,754.0,136.0,0.0,1750.0,100.0,1180.0,9410.0,9067.0,-1903.0,24.0,16441.0,19342.0,129.0,16614.0,346.0,1.0,27876.0,49.0,Pass
l2909.txm,47.5547,752.0,752.0,133.0,0.0,1754.0,101.0,1188.0,9481.0,9053.0,-1245.0,23.0,16710.0,19268.0,-4.0,16270.0,344.0,1.0,27926.0,49.0,Pass
l2909.txm,49.0298,752.0,754.0,133.0,0.0,1760.0,100.0,1180.0,9451.0,9019.0,-1313.0,23.0,16395.0,19230.0,638.0,16020.0,355.0,1.0,27910.0,49.0,Pass
l2909.txm,50.0498,752.0,752.0,137.0,0.0,1752.0,101.0,1187.0,9446.0,9032.0,101.0,24.0,16516.0,19252.0,29.0,16154.0,344.0,0.0,28020.0,49.0,Pass
l2909.txm,51.0718,752.0,753.0,134.0,0.0,1752.0,101.0,1184.0,9440.0,9065.0,-1011.0,23.0,16659.0,19284.0,-4.0,16576.0,356.0,0.0,27888.0,49.0,Pass
l2909.txm,52.0908,752.0,754.0,133.0,0.0,1744.0,101.0,1185.0,9417.0,9051.0,-1568.0,23.0,16674.0,19310.0,77.0,16246.0,360.0,1.0,27876.0,49.0,Pass
l2909.txm,53.1099,752.0,754.0,133.0,0.0,1749.0,100.0,1185.0,9441.0,9065.0,-545.0,23.0,16251.0,19210.0,142.0,16580.0,342.0,0.0,27844.0,49.0,Pass
l2909.txm,54.1309,751.0,752.0,134.0,0.0,1736.0,102.0,1182.0,9459.0,9043.0,-419.0,23.0,16459.0,19292.0,-68.0,16116.0,358.0,0.0,27896.0,49.0,Pass
l2909.txm,55.1509,751.0,753.0,134.0,0.0,1723.0,100.0,1188.0,9447.0,9097.0,-1836.0,23.0,16959.0,19302.0,127.0,16838.0,350.0,0.0,27930.0,49.0,Pass
l2909.txm,56.1758,752.0,753.0,132.0,0.0,1645.0,100.0,1185.0,9434.0,9084.0,1100.0,23.0,16458.0,19292.0,58.0,16186.0,354.0,0.0,27890.0,49.0,Pass
l2909.txm,57.1909,751.0,754.0,133.0,0.0,1368.0,100.0,1200.0,9426.0,9058.0,382.0,23.0,16596.0,19380.0,-922.0,16442.0,348.0,0.0,27774.0,49.0,Pass
l2909.txm,58.2109,752.0,752.0,134.0,0.0,1154.0,100.0,1188.0,9421.0,9019.0,297.0,24.0,16150.0,19582.0,-728.0,16504.0,353.0,0.0,27760.0,49.0,Pass
l2909.txm,59.2329,752.0,753.0,133.0,0.0,955.0,101.0,1189.0,9487.0,8990.0,365.0,24.0,16397.0,19764.0,-414.0,16610.0,352.0,0.0,27626.0,50.0,Pass
l2909.txm,10.71,751.0,753.0,132.0,0.0,658.0,100.0,1239.0,9464.0,9057.0,-929.0,25.0,16981.0,20006.0,-45.0,16466.0,356.0,0.0,27608.0,49.0,Pass
l2910.txm,10.71,751.0,753.0,132.0,0.0,658.0,100.0,1239.0,9464.0,9057.0,-929.0,25.0,16981.0,20006.0,-45.0,16466.0,356.0,0.0,27608.0,49.0,Pass
l2910.txm,11.73,751.0,753.0,135.0,0.0,635.0,100.0,1235.0,9480.0,9022.0,-970.0,26.0,16828.0,19992.0,-418.0,16856.0,350.0,0.0,27626.0,49.0,Pass
l2910.txm,12.75,752.0,754.0,132.0,0.0,634.0,101.0,1242.0,9490.0,9052.0,-1067.0,25.0,16412.0,20002.0,-7.0,16886.0,354.0,0.0,27546.0,49.0,Pass
l2910.txm,13.77,751.0,752.0,136.0,0.0,614.0,100.0,1225.0,9439.0,9056.0,-1232.0,26.0,16548.0,20208.0,-453.0,16646.0,351.0,1.0,27358.0,49.0,Pass
l2910.txm,14.79,751.0,755.0,132.0,0.0,591.0,101.0,1196.0,9420.0,9062.0,2.0,26.0,16349.0,20234.0,-643.0,16768.0,351.0,0.0,27474.0,50.0,Pass
l2910.txm,15.8096,751.0,753.0,131.0,0.0,696.0,100.0,1172.0,9437.0,9111.0,929.0,24.0,16814.0,20348.0,118.0,15664.0,347.0,1.0,27354.0,50.0,Pass
l2910.txm,16.8296,751.0,753.0,133.0,0.0,1713.0,100.0,1153.0,9394.0,9065.0,-1770.0,24.0,17016.0,19402.0,-606.0,17256.0,348.0,0.0,27928.0,49.0,Pass
l2910.txm,17.875,751.0,753.0,133.0,0.0,1824.0,101.0,1185.0,9450.0,9115.0,-93.0,25.0,16889.0,19442.0,7.0,16068.0,345.0,1.0,27756.0,48.0,Pass
l2910.txm,18.8989,751.0,753.0,131.0,0.0,1749.0,100.0,1198.0,9451.0,9125.0,421.0,24.0,16822.0,19596.0,40.0,16532.0,357.0,0.0,27874.0,48.0,Pass
l2910.txm,19.9199,751.0,754.0,134.0,0.0,1384.0,101.0,1207.0,9507.0,9023.0,989.0,24.0,16588.0,19372.0,100.0,16946.0,357.0,1.0,27832.0,49.0,Pass
l2910.txm,20.9399,752.0,754.0,133.0,0.0,1673.0,100.0,1156.0,9434.0,9056.0,-1520.0,24.0,16790.0,19210.0,2.0,16430.0,355.0,0.0,27846.0,49.0,Pass
l2910.txm,21.96,752.0,753.0,134.0,0.0,1666.0,100.0,1192.0,9407.0,9063.0,-1794.0,25.0,16610.0,19218.0,152.0,16910.0,346.0,0.0,27856.0,49.0,Pass
l2910.txm,22.98,751.0,753.0,135.0,0.0,1679.0,101.0,1185.0,9462.0,9005.0,-1210.0,25.0,16450.0,19340.0,85.0,16818.0,352.0,0.0,27792.0,49.0,Pass
l2910.txm,24.0,752.0,753.0,136.0,0.0,1683.0,101.0,1182.0,9424.0,9066.0,-825.0,24.0,16598.0,19242.0,-342.0,16788.0,346.0,0.0,27856.0,49.0,Pass
l2910.txm,25.0459,752.0,753.0,135.0,0.0,1698.0,99.0,1184.0,9454.0,8987.0,-1691.0,24.0,16785.0,19544.0,-418.0,16814.0,345.0,0.0,27794.0,49.0,Pass
l2910.txm,26.0386,751.0,752.0,131.0,0.0,1716.0,100.0,1185.0,9434.0,9050.0,-1553.0,25.0,16525.0,19206.0,-18.0,16686.0,343.0,1.0,27864.0,49.0,Pass
l2910.txm,27.0596,752.0,754.0,137.0,0.0,1730.0,101.0,1183.0,9417.0,9077.0,-1027.0,25.0,16592.0,19492.0,1016.0,16350.0,350.0,1.0,27826.0,49.0,Pass
l2910.txm,28.0796,752.0,754.0,135.0,0.0,1744.0,102.0,1187.0,9419.0,9053.0,-1673.0,25.0,16271.0,19298.0,1042.0,16290.0,357.0,0.0,27862.0,49.0,Pass
l2910.txm,29.0996,751.0,753.0,133.0,0.0,1750.0,100.0,1184.0,9466.0,9037.0,-1071.0,25.0,16511.0,19408.0,998.0,16284.0,358.0,0.0,27916.0,49.0,Pass
l2910.txm,30.1196,751.0,753.0,136.0,0.0,1753.0,101.0,1186.0,9432.0,9053.0,-2425.0,24.0,16227.0,19366.0,151.0,16212.0,359.0,0.0,27804.0,49.0,Pass
l2910.txm,31.1396,752.0,753.0,134.0,0.0,1758.0,101.0,1190.0,9415.0,9058.0,-180.0,25.0,16599.0,19444.0,81.0,16476.0,343.0,0.0,27860.0,49.0,Pass
l2910.txm,32.1597,752.0,754.0,133.0,0.0,1756.0,100.0,1188.0,9415.0,9055.0,-697.0,24.0,16457.0,19334.0,111.0,16668.0,347.0,1.0,27860.0,49.0,Pass
l2910.txm,33.1807,752.0,754.0,133.0,0.0,1760.0,102.0,1188.0,9420.0,9042.0,-1913.0,23.0,16065.0,19438.0,78.0,16362.0,351.0,1.0,27914.0,49.0,Pass
l2910.txm,34.1997,752.0,754.0,133.0,0.0,1757.0,100.0,1187.0,9411.0,9074.0,-848.0,24.0,16363.0,19442.0,-457.0,16656.0,348.0,0.0,27904.0,49.0,Pass
l2910.txm,35.2588,751.0,753.0,132.0,0.0,1755.0,102.0,1188.0,9465.0,9034.0,-1064.0,24.0,16501.0,19420.0,720.0,16432.0,349.0,0.0,27880.0,49.0,Pass
l2910.txm,36.2798,751.0,754.0,135.0,0.0,1760.0,102.0,1186.0,9413.0,9031.0,-1670.0,24.0,16148.0,19448.0,822.0,16366.0,352.0,0.0,27880.0,49.0,Pass
l2910.txm,37.3257,752.0,753.0,131.0,0.0,1759.0,101.0,1187.0,9445.0,9061.0,-1462.0,24.0,16173.0,19452.0,146.0,16846.0,348.0,0.0,27806.0,49.0,Pass
l2910.txm,38.3188,751.0,754.0,136.0,0.0,1763.0,101.0,1188.0,9450.0,9020.0,-546.0,24.0,16437.0,19256.0,-75.0,16482.0,345.0,1.0,27860.0,49.0,Pass
l2910.txm,39.3398,752.0,753.0,134.0,0.0,1759.0,100.0,1185.0,9409.0,9011.0,-784.0,24.0,16316.0,19214.0,-23.0,16396.0,346.0,1.0,27856.0,49.0,Pass
l2910.txm,40.3599,752.0,753.0,136.0,0.0,1766.0,100.0,1185.0,9489.0,9001.0,-1042.0,24.0,16440.0,19260.0,222.0,16634.0,346.0,0.0,27812.0,49.0,Pass
l2910.txm,41.3799,751.0,752.0,133.0,0.0,1759.0,100.0,1185.0,9493.0,9032.0,-2440.0,24.0,16205.0,19378.0,-457.0,16590.0,346.0,0.0,27878.0,49.0,Pass
l2910.txm,42.3999,752.0,754.0,133.0,0.0,1759.0,101.0,1186.0,9430.0,9047.0,-1735.0,24.0,16419.0,19186.0,474.0,16394.0,349.0,0.0,27850.0,49.0,Pass
l2910.txm,43.4199,752.0,753.0,133.0,0.0,1756.0,101.0,1185.0,9442.0,9092.0,67.0,24.0,16136.0,19418.0,73.0,16174.0,348.0,0.0,27906.0,49.0,Pass
l2910.txm,44.4399,752.0,754.0,135.0,0.0,1760.0,102.0,1185.0,9447.0,9034.0,-777.0,24.0,16402.0,19418.0,1006.0,16326.0,353.0,0.0,27838.0,49.0,Pass
l2910.txm,45.46,752.0,753.0,130.0,0.0,1758.0,100.0,1185.0,9410.0,9097.0,-887.0,24.0,16325.0,19234.0,3.0,16574.0,346.0,0.0,27832.0,49.0,Pass
l2910.txm,46.48,752.0,754.0,134.0,0.0,1755.0,101.0,1184.0,9455.0,9103.0,-574.0,24.0,16235.0,19168.0,312.0,16256.0,356.0,0.0,27894.0,49.0,Pass
l2910.txm,47.5,752.0,753.0,132.0,0.0,1760.0,102.0,1184.0,9436.0,9031.0,26.0,24.0,16063.0,19290.0,72.0,16298.0,346.0,0.0,27828.0,49.0,Pass
l2910.txm,48.52,752.0,753.0,136.0,0.0,1756.0,100.0,1185.0,9482.0,9067.0,-1826.0,24.0,16300.0,19136.0,-45.0,16364.0,348.0,0.0,27806.0,49.0,Pass
l2910.txm,49.5659,752.0,754.0,134.0,0.0,1755.0,101.0,1186.0,9435.0,9082.0,-1368.0,24.0,16403.0,19222.0,996.0,16504.0,344.0,0.0,27824.0,49.0,Pass
l2910.txm,50.6396,752.0,753.0,134.0,0.0,1757.0,100.0,1186.0,9437.0,9087.0,69.0,24.0,16657.0,19248.0,19.0,16596.0,352.0,0.0,27796.0,49.0,Pass
l2910.txm,51.6108,752.0,753.0,134.0,0.0,1754.0,100.0,1183.0,9466.0,9055.0,-2030.0,24.0,16127.0,19362.0,-57.0,16270.0,351.0,0.0,27828.0,49.0,Pass
l2910.txm,52.6289,752.0,753.0,131.0,0.0,1754.0,101.0,1186.0,9458.0,9048.0,-1713.0,24.0,16265.0,19394.0,484.0,16570.0,347.0,1.0,27798.0,49.0,Pass
l2910.txm,53.6499,751.0,752.0,132.0,0.0,1745.0,101.0,1186.0,9424.0,9057.0,-636.0,23.0,16121.0,19292.0,-95.0,16710.0,350.0,0.0,27842.0,49.0,Pass
l2910.txm,54.6699,752.0,755.0,133.0,0.0,1733.0,100.0,1191.0,9451.0,9037.0,-1391.0,24.0,16332.0,19292.0,20.0,16568.0,352.0,1.0,27734.0,49.0,Pass
l2910.txm,55.6899,752.0,753.0,133.0,0.0,1717.0,100.0,1184.0,9469.0,9051.0,-684.0,24.0,16558.0,19294.0,47.0,16746.0,348.0,0.0,27886.0,49.0,Pass
l2910.txm,56.7109,752.0,753.0,136.0,0.0,1611.0,99.0,1192.0,9436.0,9059.0,-1775.0,24.0,16070.0,19288.0,99.0,16696.0,353.0,0.0,27868.0,49.0,Pass
l2910.txm,57.7549,752.0,753.0,136.0,0.0,1325.0,101.0,1197.0,9446.0,9052.0,-421.0,23.0,16644.0,19400.0,-801.0,16778.0,347.0,0.0,27700.0,49.0,Pass
l2910.txm,58.75,752.0,753.0,135.0,0.0,1120.0,101.0,1186.0,9429.0,9086.0,-18.0,23.0,16228.0,19590.0,-480.0,16880.0,351.0,0.0,27710.0,50.0,Pass
l2910.txm,9.69092,751.0,753.0,133.0,0.0,643.0,99.0,1223.0,9487.0,9009.0,-445.0,26.0,16825.0,19996.0,-418.0,16846.0,353.0,0.0,27612.0,49.0,Pass
l2911.txm,9.69092,751.0,753.0,133.0,0.0,643.0,99.0,1223.0,9487.0,9009.0,-445.0,26.0,16825.0,19996.0,-418.0,16846.0,353.0,0.0,27612.0,49.0,Pass
l2911.txm,10.7109,752.0,753.0,135.0,0.0,631.0,101.0,1226.0,9488.0,9013.0,-1518.0,26.0,16547.0,19992.0,-445.0,16688.0,347.0,0.0,27518.0,49.0,Pass
l2911.txm,11.731,751.0,753.0,132.0,0.0,615.0,101.0,1224.0,9403.0,9095.0,-1053.0,26.0,16334.0,20042.0,29.0,16838.0,351.0,0.0,27486.0,49.0,Pass
l2911.txm,12.751,751.0,756.0,134.0,0.0,604.0,101.0,1207.0,9430.0,9088.0,-998.0,26.0,16776.0,20118.0,-654.0,16794.0,351.0,0.0,27262.0,49.0,Pass
l2911.txm,13.771,751.0,754.0,133.0,0.0,597.0,101.0,1186.0,9436.0,9046.0,-812.0,25.0,16876.0,20406.0,-415.0,16302.0,346.0,1.0,27326.0,50.0,Pass
l2911.txm,14.791,751.0,753.0,135.0,0.0,1148.0,100.0,1152.0,9485.0,8989.0,-875.0,26.0,16614.0,19820.0,2386.0,15456.0,346.0,0.0,28124.0,49.0,Pass
l2911.txm,15.8359,751.0,754.0,131.0,0.0,1814.0,102.0,1167.0,9438.0,9118.0,-67.0,24.0,16443.0,19332.0,-538.0,16070.0,346.0,0.0,27624.0,48.0,Pass
l2911.txm,16.8599,751.0,753.0,132.0,0.0,1815.0,100.0,1201.0,9415.0,9114.0,-1719.0,24.0,16748.0,19512.0,-58.0,16178.0,354.0,0.0,27976.0,48.0,Pass
l2911.txm,17.8809,752.0,752.0,133.0,0.0,1594.0,101.0,1202.0,9537.0,9090.0,1816.0,23.0,17343.0,19502.0,-66.0,16734.0,343.0,1.0,27952.0,49.0,Pass
l2911.txm,18.9009,751.0,751.0,132.0,0.0,1570.0,101.0,1181.0,9421.0,9045.0,-717.0,24.0,16818.0,19340.0,50.0,16574.0,345.0,1.0,27942.0,49.0,Pass
l2911.txm,19.9209,751.0,753.0,134.0,0.0,1652.0,100.0,1173.0,9484.0,9030.0,-832.0,24.0,16861.0,19390.0,18.0,16878.0,346.0,0.0,27854.0,49.0,Pass
l2911.txm,20.9409,751.0,752.0,133.0,0.0,1691.0,101.0,1198.0,9444.0,9081.0,-1672.0,25.0,16438.0,19460.0,86.0,16634.0,356.0,0.0,27838.0,49.0,Pass
l2911.txm,21.9609,751.0,754.0,133.0,0.0,1692.0,100.0,1183.0,9513.0,9010.0,-467.0,25.0,16794.0,19382.0,-263.0,16688.0,350.0,0.0,27870.0,49.0,Pass
l2911.txm,23.0078,752.0,754.0,136.0,0.0,1695.0,102.0,1186.0,9457.0,9056.0,-1326.0,25.0,16672.0,19378.0,158.0,16824.0,351.0,0.0,27852.0,49.0,Pass
l2911.txm,24.001,752.0,754.0,135.0,0.0,1703.0,101.0,1183.0,9484.0,9026.0,-1289.0,25.0,16392.0,19294.0,-80.0,16604.0,347.0,0.0,27828.0,49.0,Pass
l2911.txm,25.021,751.0,753.0,134.0,0.0,1735.0,100.0,1182.0,9482.0,9011.0,-1400.0,25.0,16493.0,19458.0,-11.0,16536.0,357.0,0.0,27820.0,49.0,Pass
l2911.txm,26.041,752.0,753.0,133.0,0.0,1741.0,100.0,1184.0,9420.0,9028.0,-1339.0,25.0,16851.0,19504.0,552.0,16304.0,360.0,1.0,27848.0,49.0,Pass
l2911.txm,27.0605,752.0,753.0,132.0,0.0,1746.0,102.0,1184.0,9407.0,9059.0,-1251.0,25.0,16741.0,19382.0,-46.0,16286.0,345.0,0.0,27812.0,49.0,Pass
l2911.txm,28.0806,751.0,753.0,132.0,0.0,1762.0,100.0,1184.0,9495.0,9024.0,-692.0,25.0,16804.0,19384.0,318.0,16550.0,350.0,0.0,27854.0,49.0,Pass
l2911.txm,29.105,752.0,753.0,133.0,0.0,1757.0,101.0,1184.0,9432.0,9090.0,-2074.0,24.0,16010.0,19430.0,1030.0,16472.0,360.0,0.0,27862.0,49.0,Pass
l2911.txm,30.1206,751.0,753.0,134.0,0.0,1762.0,102.0,1185.0,9464.0,9049.0,-1365.0,24.0,16160.0,19348.0,149.0,16324.0,348.0,1.0,27796.0,49.0,Pass
l2911.txm,31.1406,752.0,752.0,127.0,0.0,1763.0,101.0,1185.0,9414.0,9069.0,-1043.0,25.0,16468.0,19450.0,118.0,16262.0,349.0,1.0,27856.0,49.0,Pass
l2911.txm,32.1597,752.0,752.0,133.0,0.0,1758.0,101.0,1184.0,9427.0,9056.0,-1980.0,24.0,16258.0,19280.0,-664.0,16614.0,350.0,0.0,27728.0,49.0,Pass
l2911.txm,33.1816,752.0,753.0,136.0,0.0,1761.0,102.0,1184.0,9489.0,9082.0,-1963.0,24.0,16252.0,19324.0,132.0,15756.0,361.0,0.0,27818.0,49.0,Pass
l2911.txm,34.2007,751.0,754.0,134.0,0.0,1767.0,101.0,1184.0,9424.0,9095.0,-1356.0,24.0,16322.0,19426.0,-263.0,16592.0,348.0,0.0,27850.0,49.0,Pass
l2911.txm,35.2466,752.0,752.0,133.0,0.0,1761.0,100.0,1185.0,9430.0,9085.0,-813.0,24.0,16316.0,19284.0,-55.0,16656.0,350.0,0.0,27986.0,49.0,Pass
l2911.txm,36.2407,751.0,753.0,133.0,0.0,1770.0,100.0,1188.0,9448.0,9032.0,468.0,24.0,16673.0,19278.0,154.0,16434.0,349.0,1.0,27806.0,49.0,Pass
l2911.txm,37.2607,752.0,754.0,134.0,0.0,1764.0,101.0,1185.0,9402.0,9113.0,396.0,24.0,16638.0,19336.0,146.0,16522.0,344.0,0.0,28010.0,49.0,Pass
l2911.txm,38.2808,751.0,752.0,133.0,0.0,1765.0,101.0,1183.0,9445.0,9046.0,-638.0,24.0,16391.0,19194.0,37.0,16480.0,351.0,0.0,27800.0,49.0,Pass
l2911.txm,39.3008,751.0,754.0,132.0,0.0,1762.0,100.0,1184.0,9432.0,9089.0,-275.0,24.0,16238.0,19422.0,121.0,16528.0,347.0,1.0,27852.0,49.0,Pass
l2911.txm,40.3208,751.0,752.0,137.0,0.0,1764.0,101.0,1184.0,9514.0,8991.0,-1842.0,23.0,16143.0,19428.0,370.0,16730.0,346.0,1.0,27780.0,49.0,Pass
l2911.txm,41.3408,752.0,754.0,136.0,0.0,1772.0,100.0,1186.0,9478.0,9050.0,-1289.0,24.0,16263.0,19234.0,-372.0,16500.0,352.0,1.0,27892.0,49.0,Pass
l2911.txm,42.3608,752.0,754.0,135.0,0.0,1766.0,101.0,1183.0,9488.0,9033.0,-1665.0,24.0,16675.0,19282.0,-495.0,16440.0,348.0,0.0,27720.0,49.0,Pass
l2911.txm,43.3809,752.0,753.0,129.0,0.0,1766.0,99.0,1185.0,9423.0,9116.0,-2298.0,24.0,16246.0,19356.0,-63.0,15936.0,354.0,0.0,27818.0,49.0,Pass
l2911.txm,44.4009,751.0,753.0,134.0,0.0,1769.0,101.0,1183.0,9459.0,9068.0,-1495.0,24.0,16262.0,19370.0,115.0,16446.0,348.0,0.0,27854.0,49.0,Pass
l2911.txm,45.4209,752.0,752.0,134.0,0.0,1765.0,101.0,1184.0,9494.0,9043.0,-2212.0,24.0,15952.0,19224.0,692.0,15946.0,355.0,0.0,27814.0,49.0,Pass
l2911.txm,46.4409,752.0,753.0,133.0,0.0,1764.0,102.0,1184.0,9412.0,9126.0,-520.0,24.0,16317.0,19410.0,129.0,16234.0,348.0,1.0,27880.0,49.0,Pass
l2911.txm,47.4878,752.0,753.0,132.0,0.0,1758.0,100.0,1186.0,9463.0,9029.0,-811.0,24.0,16342.0,19410.0,127.0,16748.0,345.0,0.0,27798.0,49.0,Pass
l2911.txm,48.481,752.0,753.0,133.0,0.0,1763.0,100.0,1184.0,9478.0,9041.0,777.0,24.0,16430.0,19298.0,978.0,15980.0,361.0,0.0,27990.0,49.0,Pass
l2911.txm,49.501,752.0,753.0,135.0,0.0,1760.0,101.0,1183.0,9475.0,9015.0,-159.0,24.0,15928.0,19398.0,44.0,16694.0,346.0,0.0,27790.0,49.0,Pass
l2911.txm,50.5996,752.0,753.0,134.0,0.0,1758.0,100.0,1186.0,9461.0,9070.0,-1066.0,24.0,16475.0,19278.0,902.0,16140.0,358.0,0.0,27726.0,49.0,Pass
l2911.txm,51.5698,752.0,752.0,133.0,0.0,1752.0,100.0,1187.0,9497.0,9016.0,-443.0,24.0,16299.0,19380.0,712.0,16722.0,344.0,1.0,27868.0,49.0,Pass
l2911.txm,52.5898,751.0,753.0,133.0,0.0,1744.0,101.0,1182.0,9433.0,9059.0,-687.0,24.0,15936.0,19288.0,149.0,16582.0,345.0,0.0,27920.0,49.0,Pass
l2911.txm,53.6099,752.0,755.0,132.0,0.0,1731.0,101.0,1182.0,9472.0,9038.0,-570.0,24.0,16280.0,19282.0,48.0,16746.0,344.0,1.0,27728.0,49.0,Pass
l2911.txm,54.6299,752.0,754.0,134.0,0.0,1666.0,101.0,1189.0,9513.0,9029.0,136.0,24.0,16195.0,19288.0,-55.0,16044.0,355.0,0.0,27816.0,49.0,Pass
l2911.txm,55.6499,752.0,754.0,135.0,0.0,1378.0,101.0,1195.0,9424.0,9024.0,-206.0,23.0,16415.0,19346.0,-561.0,16810.0,348.0,0.0,27802.0,49.0,Pass
l2911.txm,56.6699,752.0,753.0,130.0,0.0,1166.0,100.0,1187.0,9433.0,9080.0,294.0,23.0,16301.0,19584.0,-545.0,16730.0,354.0,0.0,27644.0,49.0,Pass
l2911.txm,57.7139,752.0,753.0,131.0,0.0,960.0,99.0,1188.0,9436.0,9084.0,1129.0,23.0,16279.0,19754.0,65.0,16640.0,352.0,0.0,27620.0,49.0,Pass
l2911.txm,10.7109,751.0,753.0,135.0,0.0,637.0,99.0,1231.0,9493.0,8994.0,-1447.0,26.0,17034.0,19990.0,-45.0,16732.0,342.0,0.0,27642.0,49.0,Pass
l2912.txm,10.7109,751.0,753.0,135.0,0.0,637.0,99.0,1231.0,9493.0,8994.0,-1447.0,26.0,17034.0,19990.0,-45.0,16732.0,342.0,0.0,27642.0,49.0,Pass
l2912.txm,11.73,751.0,753.0,136.0,0.0,628.0,101.0,1229.0,9434.0,9089.0,-1459.0,26.0,16644.0,19984.0,59.0,16808.0,348.0,0.0,27554.0,49.0,Pass
l2912.txm,12.751,751.0,754.0,134.0,0.0,616.0,101.0,1226.0,9406.0,9102.0,-528.0,26.0,16774.0,20014.0,-660.0,17112.0,354.0,0.0,27372.0,49.0,Pass
l2912.txm,13.77,751.0,754.0,135.0,0.0,597.0,101.0,1201.0,9492.0,9012.0,-1229.0,26.0,16278.0,20200.0,-728.0,16900.0,348.0,0.0,27304.0,50.0,Pass
l2912.txm,14.79,752.0,755.0,134.0,0.0,668.0,102.0,1176.0,9452.0,9116.0,559.0,24.0,16983.0,20280.0,-374.0,16110.0,346.0,0.0,27260.0,50.0,Pass
l2912.txm,15.8101,751.0,753.0,134.0,0.0,1559.0,101.0,1146.0,9450.0,9020.0,-1423.0,24.0,16421.0,19148.0,62.0,17860.0,343.0,0.0,28256.0,49.0,Pass
l2912.txm,16.8301,752.0,754.0,134.0,0.0,1828.0,101.0,1179.0,9456.0,9069.0,-1162.0,25.0,16297.0,19472.0,106.0,15886.0,356.0,1.0,27762.0,48.0,Pass
l2912.txm,17.8501,751.0,754.0,135.0,0.0,1775.0,101.0,1201.0,9475.0,9141.0,-743.0,24.0,16747.0,19618.0,44.0,16436.0,343.0,1.0,27968.0,48.0,Pass
l2912.txm,18.8701,751.0,753.0,133.0,0.0,1467.0,101.0,1205.0,9503.0,9092.0,184.0,24.0,16572.0,19372.0,-392.0,16832.0,348.0,0.0,27984.0,49.0,Pass
l2912.txm,19.8911,752.0,753.0,135.0,0.0,1679.0,102.0,1160.0,9520.0,9045.0,-540.0,24.0,16972.0,19414.0,149.0,16432.0,344.0,0.0,27800.0,49.0,Pass
l2912.txm,20.9111,751.0,752.0,134.0,0.0,1661.0,101.0,1185.0,9425.0,9079.0,-1381.0,24.0,16482.0,19406.0,-333.0,16374.0,353.0,0.0,27858.0,49.0,Pass
l2912.txm,21.9302,751.0,753.0,135.0,0.0,1692.0,100.0,1193.0,9428.0,9067.0,-1455.0,24.0,16476.0,19484.0,114.0,16344.0,351.0,0.0,27822.0,49.0,Pass
l2912.txm,22.9512,752.0,753.0,141.0,0.0,1693.0,100.0,1186.0,9454.0,9067.0,-882.0,24.0,16729.0,19542.0,155.0,16374.0,347.0,0.0,27856.0,49.0,Pass
l2912.txm,23.9712,752.0,752.0,131.0,0.0,1697.0,100.0,1189.0,9453.0,9082.0,-966.0,25.0,16410.0,19380.0,-79.0,16194.0,359.0,0.0,27862.0,49.0,Pass
l2912.txm,24.9902,752.0,753.0,132.0,0.0,1717.0,100.0,1185.0,9446.0,9031.0,-949.0,24.0,16963.0,19516.0,-329.0,16206.0,353.0,0.0,27852.0,49.0,Pass
l2912.txm,26.0361,752.0,753.0,132.0,0.0,1736.0,102.0,1185.0,9472.0,9020.0,-1875.0,25.0,16760.0,19626.0,1276.0,16266.0,342.0,1.0,28012.0,49.0,Pass
l2912.txm,27.0313,752.0,753.0,132.0,0.0,1758.0,99.0,1186.0,9502.0,9048.0,-557.0,24.0,16663.0,19320.0,-328.0,16820.0,350.0,0.0,27850.0,49.0,Pass
l2912.txm,28.0513,752.0,753.0,135.0,0.0,1765.0,100.0,1183.0,9512.0,9029.0,-1172.0,24.0,16834.0,19230.0,1212.0,16490.0,350.0,0.0,27982.0,49.0,Pass
l2912.txm,29.0698,751.0,753.0,132.0,0.0,1764.0,101.0,1184.0,9404.0,9083.0,-985.0,25.0,16316.0,19298.0,60.0,16168.0,350.0,0.0,27828.0,49.0,Pass
l2912.txm,30.0898,751.0,752.0,129.0,0.0,1764.0,102.0,1183.0,9431.0,9036.0,-2002.0,24.0,16543.0,19224.0,95.0,16998.0,350.0,0.0,27844.0,49.0,Pass
l2912.txm,31.1099,752.0,754.0,130.0,0.0,1770.0,100.0,1184.0,9450.0,9073.0,-1477.0,24.0,16234.0,19142.0,17.0,16754.0,342.0,1.0,27852.0,49.0,Pass
l2912.txm,32.1299,751.0,753.0,134.0,0.0,1768.0,102.0,1184.0,9492.0,9034.0,-859.0,24.0,16753.0,19234.0,692.0,16884.0,350.0,1.0,27998.0,49.0,Pass
l2912.txm,33.1509,752.0,753.0,133.0,0.0,1767.0,99.0,1184.0,9440.0,9058.0,-726.0,24.0,16760.0,19426.0,-299.0,16494.0,356.0,0.0,27974.0,49.0,Pass
l2912.txm,34.1709,752.0,754.0,136.0,0.0,1761.0,101.0,1184.0,9441.0,9033.0,-1367.0,24.0,16430.0,19392.0,392.0,16390.0,353.0,0.0,27974.0,49.0,Pass
l2912.txm,35.1899,752.0,754.0,134.0,0.0,1770.0,99.0,1187.0,9417.0,9095.0,-358.0,24.0,16580.0,19422.0,-358.0,16294.0,352.0,0.0,27844.0,49.0,Pass
l2912.txm,36.2109,752.0,755.0,134.0,0.0,1772.0,101.0,1186.0,9455.0,9088.0,-256.0,24.0,16465.0,19334.0,1428.0,16136.0,361.0,0.0,27862.0,49.0,Pass
l2912.txm,37.2593,752.0,753.0,135.0,0.0,1770.0,100.0,1183.0,9453.0,9018.0,-511.0,24.0,16753.0,19384.0,-16.0,16454.0,353.0,0.0,27888.0,49.0,Pass
l2912.txm,38.3052,752.0,753.0,135.0,0.0,1769.0,100.0,1185.0,9488.0,9039.0,-755.0,24.0,16315.0,19290.0,828.0,16444.0,347.0,0.0,28018.0,49.0,Pass
l2912.txm,39.2998,752.0,753.0,135.0,0.0,1775.0,102.0,1184.0,9435.0,9090.0,-439.0,24.0,16405.0,19240.0,-351.0,16802.0,348.0,0.0,28028.0,49.0,Pass
l2912.txm,40.3198,751.0,754.0,133.0,0.0,1771.0,100.0,1185.0,9460.0,9066.0,-240.0,24.0,16619.0,19396.0,520.0,16262.0,359.0,1.0,28010.0,49.0,Pass
l2912.txm,41.3398,752.0,753.0,134.0,0.0,1777.0,101.0,1185.0,9466.0,9044.0,-1121.0,24.0,16446.0,19348.0,166.0,16600.0,343.0,0.0,27992.0,49.0,Pass
l2912.txm,42.3599,751.0,754.0,136.0,0.0,1773.0,100.0,1186.0,9422.0,9087.0,-2171.0,24.0,16543.0,19434.0,127.0,16728.0,346.0,1.0,27998.0,49.0,Pass
l2912.txm,43.3799,752.0,754.0,134.0,0.0,1773.0,101.0,1184.0,9447.0,9055.0,-1339.0,24.0,16221.0,19158.0,-48.0,16548.0,353.0,0.0,27864.0,49.0,Pass
l2912.txm,44.4009,752.0,753.0,135.0,0.0,1773.0,101.0,1184.0,9459.0,9059.0,-845.0,24.0,16695.0,19266.0,-273.0,16138.0,348.0,0.0,27906.0,49.0,Pass
l2912.txm,45.4209,752.0,753.0,131.0,0.0,1778.0,100.0,1183.0,9420.0,9058.0,-976.0,24.0,16277.0,19354.0,440.0,16672.0,344.0,0.0,27924.0,49.0,Pass
l2912.txm,46.4409,752.0,753.0,136.0,0.0,1771.0,100.0,1185.0,9401.0,9099.0,-798.0,24.0,16309.0,19140.0,-72.0,16156.0,355.0,1.0,27994.0,49.0,Pass
l2912.txm,47.46,752.0,754.0,131.0,0.0,1772.0,100.0,1186.0,9431.0,9062.0,-129.0,24.0,16001.0,19348.0,-542.0,16364.0,346.0,0.0,27954.0,49.0,Pass
l2912.txm,48.5669,752.0,754.0,135.0,0.0,1766.0,101.0,1184.0,9474.0,9051.0,-48.0,24.0,16587.0,19334.0,83.0,16834.0,345.0,0.0,27848.0,49.0,Pass
l2912.txm,49.54,752.0,753.0,132.0,0.0,1767.0,101.0,1184.0,9504.0,9010.0,-729.0,24.0,16129.0,19072.0,518.0,16502.0,352.0,1.0,27976.0,49.0,Pass
l2912.txm,50.5591,752.0,753.0,135.0,0.0,1764.0,100.0,1185.0,9470.0,9028.0,-566.0,23.0,16595.0,19444.0,126.0,16376.0,344.0,1.0,27992.0,49.0,Pass
l2912.txm,51.5811,753.0,754.0,134.0,0.0,1758.0,100.0,1183.0,9456.0,9045.0,-1167.0,24.0,16426.0,19232.0,114.0,15916.0,361.0,0.0,27882.0,49.0,Pass
l2912.txm,52.6001,752.0,752.0,131.0,0.0,1750.0,100.0,1185.0,9452.0,9025.0,-978.0,24.0,15986.0,19350.0,154.0,16760.0,345.0,0.0,27938.0,49.0,Pass
l2912.txm,53.6191,751.0,752.0,133.0,0.0,1745.0,101.0,1184.0,9414.0,9074.0,-235.0,24.0,16175.0,19256.0,25.0,16536.0,349.0,0.0,27926.0,49.0,Pass
l2912.txm,54.6392,752.0,752.0,132.0,0.0,1735.0,101.0,1188.0,9455.0,9054.0,-806.0,24.0,16172.0,19266.0,-86.0,16438.0,352.0,1.0,27864.0,49.0,Pass
l2912.txm,55.6841,752.0,753.0,134.0,0.0,1647.0,100.0,1190.0,9432.0,9040.0,328.0,24.0,16535.0,19264.0,-48.0,16560.0,348.0,0.0,27912.0,49.0,Pass
l2912.txm,56.6792,752.0,754.0,133.0,0.0,1361.0,100.0,1196.0,9429.0,9045.0,108.0,24.0,16364.0,19444.0,-413.0,16266.0,347.0,1.0,27766.0,49.0,Pass
l2912.txm,57.7012,752.0,754.0,135.0,0.0,1118.0,101.0,1187.0,9501.0,8990.0,258.0,24.0,16479.0,19594.0,-697.0,16708.0,358.0,0.0,27662.0,49.0,Pass
l2912.txm,58.7202,751.0,751.0,134.0,0.0,959.0,102.0,1191.0,9458.0,9005.0,854.0,24.0,16235.0,19716.0,-565.0,16806.0,347.0,1.0,27628.0,50.0,Pass
l2912.txm,10.251,751.0,754.0,132.0,0.0,636.0,101.0,1226.0,9468.0,9003.0,-1610.0,26.0,16732.0,19996.0,162.0,16470.0,351.0,0.0,27622.0,49.0,Pass
l2913.txm,10.251,751.0,754.0,132.0,0.0,636.0,101.0,1226.0,9468.0,9003.0,-1610.0,26.0,16732.0,19996.0,162.0,16470.0,351.0,0.0,27622.0,49.0,Pass
l2913.txm,11.2358,752.0,753.0,132.0,0.0,630.0,100.0,1226.0,9474.0,9017.0,-1024.0,26.0,16900.0,19990.0,-338.0,16670.0,349.0,0.0,27570.0,49.0,Pass
l2913.txm,12.2559,751.0,752.0,135.0,0.0,613.0,100.0,1221.0,9509.0,9005.0,-1059.0,26.0,16573.0,20008.0,-262.0,16684.0,347.0,0.0,27376.0,49.0,Pass
l2913.txm,13.2769,751.0,753.0,134.0,0.0,593.0,100.0,1209.0,9438.0,9084.0,-1088.0,25.0,16716.0,20304.0,-24.0,16628.0,347.0,0.0,27380.0,50.0,Pass
l2913.txm,14.2959,751.0,753.0,135.0,0.0,646.0,102.0,1183.0,9498.0,9037.0,345.0,24.0,17032.0,20088.0,-558.0,16318.0,351.0,0.0,27338.0,50.0,Pass
l2913.txm,15.3169,751.0,753.0,134.0,0.0,1499.0,100.0,1145.0,9472.0,9012.0,-1035.0,25.0,16467.0,19218.0,1070.0,17210.0,361.0,1.0,28348.0,49.0,Pass
l2913.txm,16.3369,751.0,753.0,133.0,0.0,1829.0,100.0,1175.0,9497.0,9065.0,-222.0,25.0,16507.0,19438.0,-369.0,16220.0,345.0,0.0,27626.0,48.0,Pass
l2913.txm,17.3569,751.0,754.0,131.0,0.0,1776.0,99.0,1202.0,9534.0,9071.0,650.0,24.0,16876.0,19352.0,-328.0,16800.0,344.0,0.0,28006.0,48.0,Pass
l2913.txm,18.376,751.0,754.0,135.0,0.0,1503.0,100.0,1207.0,9472.0,9058.0,1000.0,24.0,16790.0,19248.0,-606.0,16580.0,357.0,0.0,27818.0,49.0,Pass
l2913.txm,19.396,751.0,753.0,130.0,0.0,1668.0,100.0,1163.0,9484.0,9002.0,-661.0,24.0,16405.0,19504.0,464.0,16376.0,348.0,1.0,27832.0,49.0,Pass
l2913.txm,20.4155,751.0,753.0,132.0,0.0,1658.0,101.0,1181.0,9494.0,9044.0,-1307.0,25.0,16903.0,19614.0,-274.0,16710.0,349.0,0.0,27950.0,49.0,Pass
l2913.txm,21.4365,752.0,753.0,134.0,0.0,1683.0,100.0,1191.0,9495.0,9045.0,-1066.0,25.0,16567.0,19378.0,88.0,16594.0,349.0,0.0,27984.0,49.0,Pass
l2913.txm,22.481,752.0,754.0,133.0,0.0,1691.0,100.0,1181.0,9512.0,9041.0,-646.0,24.0,16252.0,19474.0,125.0,16610.0,343.0,0.0,27870.0,49.0,Pass
l2913.txm,23.4756,752.0,754.0,131.0,0.0,1701.0,101.0,1185.0,9481.0,9025.0,-662.0,25.0,16577.0,19228.0,878.0,16270.0,358.0,0.0,27916.0,49.0,Pass
l2913.txm,24.4956,751.0,752.0,132.0,0.0,1717.0,100.0,1183.0,9522.0,9027.0,-987.0,24.0,16632.0,19444.0,88.0,16432.0,344.0,0.0,27890.0,49.0,Pass
l2913.txm,25.5156,752.0,752.0,133.0,0.0,1748.0,101.0,1185.0,9449.0,9113.0,-452.0,25.0,16999.0,19340.0,-414.0,16340.0,357.0,0.0,27910.0,49.0,Pass
l2913.txm,26.5376,751.0,754.0,134.0,0.0,1762.0,100.0,1186.0,9443.0,9092.0,-421.0,24.0,16498.0,19288.0,-278.0,16192.0,353.0,0.0,27860.0,49.0,Pass
l2913.txm,27.5566,751.0,754.0,132.0,0.0,1763.0,101.0,1184.0,9440.0,9038.0,-1088.0,24.0,16646.0,19234.0,-508.0,16456.0,351.0,1.0,27886.0,49.0,Pass
l2913.txm,28.5757,752.0,754.0,134.0,0.0,1770.0,101.0,1186.0,9468.0,9074.0,-950.0,24.0,16671.0,19290.0,134.0,15782.0,360.0,0.0,27938.0,49.0,Pass
l2913.txm,29.5957,752.0,751.0,133.0,0.0,1768.0,100.0,1182.0,9440.0,9017.0,-622.0,24.0,16689.0,19312.0,86.0,16878.0,343.0,0.0,27886.0,49.0,Pass
l2913.txm,30.6157,752.0,752.0,135.0,0.0,1770.0,102.0,1184.0,9495.0,9058.0,-1016.0,24.0,16629.0,19210.0,960.0,16782.0,354.0,1.0,27838.0,49.0,Pass
l2913.txm,31.6367,752.0,754.0,134.0,0.0,1775.0,100.0,1186.0,9475.0,9069.0,-249.0,24.0,16770.0,19290.0,-470.0,16618.0,344.0,0.0,27966.0,49.0,Pass
l2913.txm,32.6558,752.0,753.0,132.0,0.0,1765.0,101.0,1183.0,9466.0,9043.0,-684.0,24.0,16772.0,19160.0,17.0,16130.0,347.0,1.0,27772.0,49.0,Pass
l2913.txm,33.6758,752.0,754.0,135.0,0.0,1770.0,100.0,1185.0,9509.0,9028.0,-958.0,23.0,16624.0,19396.0,-419.0,16466.0,350.0,1.0,27930.0,49.0,Pass
l2913.txm,34.7256,752.0,753.0,133.0,0.0,1767.0,101.0,1183.0,9475.0,9037.0,-1320.0,23.0,16524.0,19296.0,158.0,16498.0,347.0,0.0,27812.0,49.0,Pass
l2913.txm,35.7466,752.0,753.0,132.0,0.0,1775.0,100.0,1184.0,9446.0,9057.0,-279.0,24.0,16477.0,19172.0,64.0,16526.0,350.0,1.0,27966.0,49.0,Pass
l2913.txm,36.8047,752.0,754.0,136.0,0.0,1767.0,100.0,1184.0,9431.0,9054.0,-494.0,23.0,16761.0,19360.0,46.0,16606.0,349.0,1.0,28000.0,49.0,Pass
l2913.txm,37.8257,752.0,752.0,136.0,0.0,1775.0,101.0,1184.0,9413.0,9099.0,-863.0,23.0,16678.0,19290.0,-74.0,16460.0,354.0,1.0,27880.0,49.0,Pass
l2913.txm,38.8467,752.0,754.0,135.0,0.0,1772.0,102.0,1186.0,9455.0,8995.0,-2009.0,23.0,16374.0,19182.0,1168.0,16312.0,354.0,1.0,27806.0,49.0,Pass
l2913.txm,39.8667,752.0,753.0,133.0,0.0,1778.0,100.0,1185.0,9481.0,9033.0,3.0,23.0,16751.0,19330.0,474.0,16748.0,359.0,0.0,27804.0,49.0,Pass
l2913.txm,40.8857,752.0,755.0,135.0,0.0,1776.0,102.0,1184.0,9517.0,9011.0,-2361.0,23.0,16390.0,19216.0,542.0,16560.0,348.0,1.0,27994.0,49.0,Pass
l2913.txm,41.9316,752.0,754.0,133.0,0.0,1776.0,100.0,1185.0,9471.0,9047.0,-1535.0,23.0,16371.0,19146.0,-93.0,16682.0,348.0,1.0,27978.0,49.0,Pass
l2913.txm,42.9258,752.0,753.0,134.0,0.0,1780.0,101.0,1184.0,9460.0,9116.0,-1158.0,23.0,16663.0,19208.0,394.0,16186.0,358.0,0.0,27792.0,49.0,Pass
l2913.txm,43.9468,752.0,753.0,135.0,0.0,1771.0,101.0,1183.0,9454.0,9126.0,-994.0,23.0,16790.0,19234.0,976.0,16576.0,356.0,0.0,27994.0,49.0,Pass
l2913.txm,44.9658,752.0,753.0,133.0,0.0,1774.0,101.0,1180.0,9497.0,9051.0,-1171.0,24.0,16479.0,19390.0,-334.0,16032.0,352.0,0.0,27974.0,49.0,Pass
l2913.txm,45.9858,752.0,754.0,136.0,0.0,1769.0,102.0,1183.0,9414.0,9057.0,-966.0,24.0,16737.0,19162.0,-68.0,16856.0,348.0,0.0,27810.0,49.0,Pass
l2913.txm,47.0928,752.0,753.0,133.0,0.0,1771.0,100.0,1183.0,9473.0,9027.0,-496.0,23.0,16266.0,19318.0,640.0,16406.0,356.0,0.0,27998.0,49.0,Pass
l2913.txm,48.0659,752.0,753.0,132.0,0.0,1768.0,102.0,1185.0,9502.0,9022.0,-2000.0,23.0,16309.0,19244.0,458.0,16834.0,356.0,0.0,27806.0,49.0,Pass
l2913.txm,49.0859,752.0,754.0,134.0,0.0,1770.0,100.0,1184.0,9475.0,9037.0,-397.0,23.0,16512.0,19302.0,-24.0,16674.0,344.0,0.0,28010.0,49.0,Pass
l2913.txm,50.106,752.0,754.0,134.0,0.0,1762.0,101.0,1183.0,9479.0,9002.0,-2198.0,24.0,16479.0,19408.0,156.0,16866.0,334.0,0.0,27986.0,49.0,Pass
l2913.txm,51.126,752.0,753.0,136.0,0.0,1764.0,100.0,1185.0,9472.0,9050.0,-66.0,24.0,16613.0,19120.0,-318.0,16388.0,359.0,0.0,27812.0,49.0,Pass
l2913.txm,52.1445,752.0,753.0,131.0,0.0,1758.0,101.0,1185.0,9441.0,9114.0,-2015.0,24.0,16051.0,19126.0,1238.0,16414.0,350.0,0.0,27814.0,49.0,Pass
l2913.txm,53.1645,751.0,752.0,133.0,0.0,1747.0,101.0,1182.0,9414.0,9045.0,-183.0,24.0,16485.0,19242.0,274.0,16644.0,344.0,0.0,27860.0,49.0,Pass
l2913.txm,54.21,752.0,754.0,133.0,0.0,1732.0,100.0,1187.0,9425.0,9090.0,-451.0,24.0,16022.0,19262.0,-550.0,16850.0,356.0,1.0,27908.0,49.0,Pass
l2913.txm,55.2046,752.0,753.0,133.0,0.0,1588.0,101.0,1190.0,9502.0,9050.0,-700.0,23.0,16320.0,19268.0,-377.0,17008.0,349.0,0.0,27780.0,49.0,Pass
l2913.txm,56.2256,752.0,754.0,138.0,0.0,1341.0,100.0,1195.0,9459.0,9065.0,-146.0,23.0,16622.0,19570.0,-679.0,16434.0,353.0,0.0,27754.0,49.0,Pass
l2913.txm,57.2456,752.0,752.0,133.0,0.0,1107.0,101.0,1190.0,9466.0,9039.0,990.0,23.0,16549.0,19600.0,-972.0,16610.0,349.0,0.0,27742.0,49.0,Pass
l2913.txm,58.2656,752.0,755.0,136.0,0.0,916.0,101.0,1192.0,9426.0,9023.0,713.0,24.0,16674.0,19740.0,-654.0,16990.0,344.0,0.0,27626.0,50.0,Pass
l2913.txm,11.729,751.0,753.0,133.0,0.0,638.0,99.0,1227.0,9441.0,9071.0,-1317.0,26.0,16633.0,19988.0,-75.0,16728.0,351.0,0.0,27624.0,49.0,Pass
l2914.txm,11.729,751.0,753.0,133.0,0.0,638.0,99.0,1227.0,9441.0,9071.0,-1317.0,26.0,16633.0,19988.0,-75.0,16728.0,351.0,0.0,27624.0,49.0,Pass
l2914.txm,12.7793,752.0,753.0,133.0,0.0,633.0,101.0,1227.0,9481.0,9017.0,-1041.0,26.0,16710.0,19984.0,-507.0,16562.0,358.0,0.0,27506.0,49.0,Pass
l2914.txm,13.8003,751.0,753.0,131.0,0.0,616.0,101.0,1225.0,9428.0,9020.0,-704.0,26.0,16478.0,20052.0,-21.0,16804.0,344.0,0.0,27364.0,49.0,Pass
l2914.txm,14.8203,751.0,754.0,132.0,0.0,591.0,100.0,1200.0,9490.0,9017.0,-1018.0,26.0,16406.0,20032.0,-21.0,16470.0,347.0,0.0,27382.0,49.0,Pass
l2914.txm,15.8394,751.0,753.0,134.0,0.0,662.0,101.0,1176.0,9510.0,9053.0,514.0,24.0,16983.0,20022.0,53.0,16396.0,348.0,0.0,27302.0,50.0,Pass
l2914.txm,16.8594,751.0,753.0,134.0,0.0,1541.0,100.0,1144.0,9431.0,9016.0,-1078.0,25.0,16733.0,19306.0,322.0,17776.0,351.0,0.0,28266.0,49.0,Pass
l2914.txm,17.8804,752.0,753.0,132.0,0.0,1830.0,101.0,1181.0,9453.0,9073.0,-266.0,25.0,16417.0,19582.0,-416.0,16132.0,348.0,1.0,27750.0,48.0,Pass
l2914.txm,18.9004,751.0,753.0,133.0,0.0,1807.0,101.0,1203.0,9464.0,9057.0,-195.0,25.0,16926.0,19618.0,153.0,16796.0,344.0,0.0,27860.0,48.0,Pass
l2914.txm,19.9453,751.0,754.0,134.0,0.0,1461.0,101.0,1207.0,9462.0,9102.0,163.0,24.0,16861.0,19532.0,75.0,16786.0,351.0,1.0,27896.0,49.0,Pass
l2914.txm,20.939,751.0,753.0,136.0,0.0,1676.0,100.0,1159.0,9486.0,9018.0,-577.0,23.0,16528.0,19414.0,1150.0,16884.0,348.0,0.0,27906.0,49.0,Pass
l2914.txm,21.959,751.0,755.0,132.0,0.0,1668.0,100.0,1184.0,9415.0,9054.0,-1862.0,25.0,16543.0,19506.0,42.0,16942.0,351.0,0.0,27782.0,49.0,Pass
l2914.txm,22.979,751.0,753.0,132.0,0.0,1693.0,100.0,1191.0,9491.0,9051.0,-467.0,25.0,16871.0,19506.0,-508.0,16700.0,353.0,0.0,27864.0,49.0,Pass
l2914.txm,24.0,751.0,753.0,133.0,0.0,1697.0,101.0,1184.0,9444.0,9079.0,-575.0,25.0,16432.0,19500.0,-333.0,16770.0,353.0,0.0,27858.0,49.0,Pass
l2914.txm,25.02,751.0,753.0,130.0,0.0,1696.0,102.0,1184.0,9450.0,9079.0,-328.0,24.0,16611.0,19426.0,-43.0,16598.0,355.0,0.0,27826.0,49.0,Pass
l2914.txm,26.0391,752.0,753.0,133.0,0.0,1727.0,100.0,1188.0,9462.0,9087.0,-821.0,24.0,16697.0,19300.0,97.0,16386.0,349.0,1.0,27848.0,49.0,Pass
l2914.txm,27.0591,751.0,754.0,135.0,0.0,1744.0,101.0,1186.0,9448.0,9078.0,-351.0,24.0,16796.0,19498.0,-56.0,16408.0,356.0,1.0,27834.0,49.0,Pass
l2914.txm,28.0791,751.0,753.0,132.0,0.0,1753.0,101.0,1185.0,9483.0,9031.0,-789.0,24.0,16604.0,19430.0,92.0,16232.0,347.0,0.0,27892.0,49.0,Pass
l2914.txm,29.0991,752.0,754.0,134.0,0.0,1771.0,100.0,1186.0,9438.0,9065.0,-703.0,24.0,16804.0,19326.0,32.0,16658.0,346.0,0.0,27886.0,49.0,Pass
l2914.txm,30.1201,751.0,753.0,132.0,0.0,1775.0,102.0,1186.0,9483.0,9035.0,-796.0,24.0,16674.0,19396.0,-54.0,16518.0,334.0,0.0,27970.0,49.0,Pass
l2914.txm,31.1411,752.0,753.0,127.0,0.0,1773.0,100.0,1187.0,9454.0,9105.0,-1038.0,24.0,16539.0,19352.0,-432.0,16490.0,342.0,1.0,27798.0,49.0,Pass
l2914.txm,32.2041,753.0,754.0,134.0,0.0,1767.0,101.0,1185.0,9476.0,9036.0,-348.0,23.0,16243.0,19408.0,664.0,16590.0,355.0,1.0,27806.0,49.0,Pass
l2914.txm,33.1992,752.0,753.0,136.0,0.0,1772.0,101.0,1184.0,9485.0,9069.0,141.0,23.0,16740.0,19312.0,128.0,16344.0,351.0,0.0,27932.0,49.0,Pass
l2914.txm,34.2192,752.0,754.0,133.0,0.0,1766.0,99.0,1183.0,9416.0,9072.0,-889.0,23.0,16258.0,19194.0,-73.0,16528.0,351.0,1.0,27998.0,49.0,Pass
l2914.txm,35.2393,751.0,753.0,129.0,0.0,1776.0,100.0,1184.0,9445.0,9058.0,-521.0,23.0,16517.0,19410.0,39.0,16512.0,350.0,0.0,27774.0,49.0,Pass
l2914.txm,36.2593,752.0,753.0,132.0,0.0,1767.0,101.0,1184.0,9465.0,9019.0,-2323.0,23.0,16404.0,19286.0,1098.0,16394.0,355.0,0.0,27864.0,49.0,Pass
l2914.txm,37.2803,752.0,753.0,131.0,0.0,1776.0,100.0,1187.0,9419.0,9110.0,-1248.0,23.0,16466.0,19278.0,-468.0,16240.0,351.0,0.0,28014.0,49.0,Pass
l2914.txm,38.2993,752.0,753.0,134.0,0.0,1772.0,100.0,1185.0,9457.0,9029.0,-977.0,24.0,16735.0,19200.0,-86.0,16254.0,354.0,0.0,27990.0,49.0,Pass
l2914.txm,39.3203,752.0,754.0,134.0,0.0,1779.0,101.0,1186.0,9472.0,9055.0,-435.0,24.0,16655.0,19266.0,57.0,16366.0,357.0,0.0,27902.0,49.0,Pass
l2914.txm,40.3403,752.0,753.0,134.0,0.0,1775.0,101.0,1185.0,9504.0,9005.0,-407.0,23.0,16760.0,19306.0,-471.0,16664.0,354.0,0.0,27864.0,49.0,Pass
l2914.txm,41.3594,752.0,753.0,135.0,0.0,1778.0,100.0,1187.0,9444.0,9077.0,219.0,23.0,16734.0,19254.0,-13.0,16538.0,338.0,0.0,27996.0,49.0,Pass
l2914.txm,42.3794,752.0,753.0,137.0,0.0,1777.0,102.0,1182.0,9509.0,9018.0,-2641.0,23.0,16761.0,19448.0,14.0,16590.0,339.0,1.0,27974.0,49.0,Pass
l2914.txm,43.3994,752.0,753.0,132.0,0.0,1777.0,100.0,1186.0,9488.0,9035.0,203.0,23.0,16576.0,19356.0,-78.0,16696.0,355.0,1.0,27870.0,49.0,Pass
l2914.txm,44.4204,751.0,753.0,134.0,0.0,1776.0,100.0,1186.0,9478.0,9050.0,-235.0,24.0,16481.0,19358.0,-24.0,16320.0,355.0,1.0,27840.0,49.0,Pass
l2914.txm,45.439,752.0,754.0,133.0,0.0,1769.0,102.0,1184.0,9475.0,9020.0,-1249.0,23.0,16454.0,19194.0,1108.0,16218.0,355.0,1.0,27986.0,49.0,Pass
l2914.txm,46.459,751.0,752.0,134.0,0.0,1774.0,101.0,1187.0,9440.0,9051.0,10.0,24.0,16688.0,19268.0,125.0,16852.0,345.0,0.0,28012.0,49.0,Pass
l2914.txm,47.479,752.0,753.0,134.0,0.0,1770.0,100.0,1183.0,9444.0,9025.0,-944.0,23.0,16351.0,19434.0,-353.0,16726.0,355.0,0.0,27746.0,49.0,Pass
l2914.txm,48.499,752.0,753.0,131.0,0.0,1772.0,101.0,1183.0,9428.0,9118.0,-484.0,23.0,16398.0,19256.0,-35.0,16556.0,350.0,1.0,27944.0,49.0,Pass
l2914.txm,49.519,752.0,753.0,130.0,0.0,1772.0,101.0,1185.0,9516.0,8996.0,-847.0,23.0,16284.0,19404.0,135.0,16628.0,347.0,1.0,27730.0,49.0,Pass
l2914.txm,50.5391,751.0,753.0,136.0,0.0,1768.0,100.0,1184.0,9484.0,9039.0,-2534.0,23.0,16256.0,19350.0,-91.0,16218.0,347.0,0.0,27942.0,49.0,Pass
l2914.txm,51.6123,752.0,753.0,136.0,0.0,1765.0,100.0,1185.0,9413.0,9073.0,-1853.0,23.0,16265.0,19280.0,-286.0,16192.0,346.0,1.0,27872.0,49.0,Pass
l2914.txm,52.6602,752.0,753.0,133.0,0.0,1762.0,101.0,1186.0,9465.0,9039.0,130.0,23.0,16467.0,19214.0,24.0,16294.0,347.0,0.0,27752.0,49.0,Pass
l2914.txm,54.1392,752.0,754.0,136.0,0.0,1755.0,101.0,1186.0,9413.0,9082.0,-2019.0,23.0,16614.0,19226.0,-22.0,16500.0,353.0,0.0,27944.0,49.0,Pass
l2914.txm,55.1602,751.0,752.0,134.0,0.0,1742.0,99.0,1184.0,9425.0,9078.0,-709.0,23.0,16553.0,19280.0,36.0,16302.0,347.0,0.0,27832.0,49.0,Pass
l2914.txm,56.1802,752.0,754.0,136.0,0.0,1695.0,100.0,1189.0,9472.0,9053.0,-809.0,23.0,16238.0,19286.0,-388.0,16778.0,357.0,0.0,27844.0,49.0,Pass
l2914.txm,57.1992,752.0,753.0,133.0,0.0,1415.0,101.0,1194.0,9529.0,9008.0,586.0,23.0,16157.0,19312.0,-86.0,17330.0,346.0,0.0,27852.0,49.0,Pass
l2914.txm,58.2192,752.0,754.0,134.0,0.0,1194.0,101.0,1190.0,9495.0,8992.0,-749.0,25.0,16029.0,19598.0,-78.0,16546.0,354.0,0.0,27652.0,49.0,Pass
l2914.txm,59.2402,752.0,753.0,133.0,0.0,981.0,101.0,1185.0,9504.0,8996.0,202.0,25.0,16231.0,19806.0,-304.0,16734.0,351.0,0.0,27626.0,49.0,Pass
l2914.txm,11.2188,751.0,753.0,132.0,0.0,636.0,101.0,1230.0,9425.0,9082.0,-922.0,26.0,16638.0,19894.0,-305.0,16778.0,342.0,0.0,27698.0,49.0,Pass
l2919.txm,11.2188,751.0,753.0,132.0,0.0,636.0,101.0,1230.0,9425.0,9082.0,-922.0,26.0,16638.0,19894.0,-305.0,16778.0,342.0,0.0,27698.0,49.0,Pass
l2919.txm,12.2388,751.0,755.0,135.0,0.0,625.0,102.0,1227.0,9497.0,9030.0,-1812.0,26.0,16648.0,19808.0,-673.0,16734.0,360.0,0.0,27378.0,49.0,Pass
l2919.txm,13.2588,751.0,753.0,132.0,0.0,610.0,100.0,1224.0,9522.0,9038.0,-546.0,26.0,16446.0,20148.0,139.0,16460.0,355.0,1.0,27352.0,49.0,Pass
l2919.txm,14.2788,751.0,753.0,133.0,0.0,586.0,101.0,1192.0,9493.0,9024.0,407.0,25.0,16274.0,20170.0,26.0,16898.0,351.0,0.0,27432.0,50.0,Pass
l2919.txm,15.2988,751.0,754.0,135.0,0.0,995.0,101.0,1157.0,9446.0,8971.0,-1476.0,27.0,16197.0,20270.0,1530.0,15262.0,346.0,1.0,27806.0,50.0,Pass
l2919.txm,16.3188,751.0,754.0,133.0,0.0,1812.0,101.0,1153.0,9453.0,9084.0,-1563.0,24.0,16893.0,19308.0,-992.0,17414.0,348.0,0.0,27900.0,49.0,Pass
l2919.txm,17.3389,751.0,753.0,132.0,0.0,1867.0,100.0,1196.0,9499.0,9131.0,-625.0,25.0,16774.0,19634.0,1224.0,16078.0,346.0,1.0,27982.0,48.0,Pass
l2919.txm,18.3589,751.0,753.0,134.0,0.0,1686.0,101.0,1203.0,9483.0,9144.0,659.0,23.0,17036.0,19420.0,-47.0,17064.0,348.0,0.0,27864.0,48.0,Pass
l2919.txm,19.3789,751.0,753.0,132.0,0.0,1438.0,101.0,1203.0,9490.0,9055.0,481.0,24.0,16517.0,19638.0,-323.0,16214.0,352.0,0.0,27856.0,49.0,Pass
l2919.txm,20.3999,751.0,753.0,133.0,0.0,1705.0,100.0,1164.0,9427.0,9078.0,-1477.0,24.0,16449.0,19504.0,-37.0,16586.0,352.0,0.0,27800.0,49.0,Pass
l2919.txm,21.4438,751.0,753.0,132.0,0.0,1719.0,101.0,1195.0,9507.0,9025.0,-1101.0,25.0,16874.0,19270.0,-7.0,16628.0,357.0,0.0,27926.0,49.0,Pass
l2919.txm,22.438,751.0,752.0,133.0,0.0,1727.0,100.0,1185.0,9442.0,9094.0,-1711.0,25.0,16343.0,19458.0,76.0,16958.0,351.0,0.0,27858.0,49.0,Pass
l2919.txm,23.459,751.0,753.0,134.0,0.0,1724.0,101.0,1184.0,9522.0,9023.0,-1201.0,24.0,16433.0,19504.0,7.0,16646.0,351.0,0.0,27800.0,49.0,Pass
l2919.txm,24.479,752.0,753.0,131.0,0.0,1753.0,101.0,1185.0,9447.0,9109.0,-706.0,25.0,16839.0,19278.0,-382.0,16306.0,352.0,0.0,27754.0,49.0,Pass
l2919.txm,25.499,752.0,752.0,135.0,0.0,1781.0,101.0,1188.0,9425.0,9114.0,-378.0,24.0,16847.0,19420.0,21.0,16080.0,355.0,1.0,27784.0,49.0,Pass
l2919.txm,26.52,751.0,754.0,133.0,0.0,1794.0,101.0,1185.0,9455.0,9096.0,-653.0,24.0,16794.0,19270.0,-295.0,16350.0,356.0,0.0,27868.0,49.0,Pass
l2919.txm,27.5386,751.0,754.0,133.0,0.0,1801.0,101.0,1187.0,9439.0,9077.0,-470.0,24.0,17011.0,19346.0,548.0,16710.0,355.0,1.0,27930.0,49.0,Pass
l2919.txm,28.5586,751.0,753.0,134.0,0.0,1806.0,101.0,1185.0,9449.0,9028.0,-987.0,24.0,17028.0,19318.0,10.0,16618.0,346.0,0.0,27900.0,49.0,Pass
l2919.txm,29.5786,752.0,753.0,134.0,0.0,1811.0,101.0,1186.0,9504.0,9053.0,-481.0,24.0,17014.0,19406.0,32.0,16008.0,349.0,0.0,27846.0,49.0,Pass
l2919.txm,30.5986,751.0,753.0,134.0,0.0,1805.0,102.0,1185.0,9468.0,9059.0,-493.0,23.0,16661.0,19422.0,-374.0,16032.0,357.0,1.0,27810.0,49.0,Pass
l2919.txm,31.6187,752.0,754.0,131.0,0.0,1804.0,100.0,1185.0,9495.0,8999.0,-844.0,23.0,16598.0,19430.0,107.0,16526.0,348.0,0.0,27984.0,49.0,Pass
l2919.txm,32.6387,752.0,753.0,132.0,0.0,1810.0,100.0,1186.0,9487.0,9054.0,-473.0,23.0,16381.0,19406.0,-19.0,15830.0,348.0,0.0,27778.0,49.0,Pass
l2919.txm,33.6836,752.0,753.0,131.0,0.0,1801.0,101.0,1186.0,9529.0,9017.0,-1054.0,23.0,16389.0,19330.0,-2.0,16196.0,353.0,1.0,27762.0,49.0,Pass
l2919.txm,34.6787,752.0,753.0,132.0,0.0,1811.0,101.0,1186.0,9439.0,9035.0,-1043.0,23.0,16451.0,19234.0,258.0,16462.0,349.0,0.0,27888.0,49.0,Pass
l2919.txm,35.6987,751.0,752.0,130.0,0.0,1807.0,100.0,1188.0,9472.0,9072.0,-2306.0,23.0,16524.0,19294.0,-6.0,16362.0,358.0,0.0,28018.0,49.0,Pass
l2919.txm,36.7979,752.0,752.0,131.0,0.0,1804.0,101.0,1187.0,9456.0,9045.0,220.0,23.0,16354.0,19220.0,264.0,16636.0,346.0,0.0,27904.0,49.0,Pass
l2919.txm,37.7817,752.0,754.0,127.0,0.0,1810.0,100.0,1186.0,9455.0,9049.0,-1991.0,23.0,16490.0,19194.0,-410.0,16660.0,348.0,0.0,27862.0,49.0,Pass
l2919.txm,38.7988,751.0,753.0,130.0,0.0,1803.0,101.0,1184.0,9452.0,9079.0,-1579.0,23.0,16379.0,19308.0,-437.0,16614.0,355.0,0.0,27914.0,49.0,Pass
l2919.txm,39.8188,752.0,753.0,135.0,0.0,1812.0,101.0,1188.0,9453.0,9083.0,-1141.0,23.0,16205.0,19378.0,1002.0,16364.0,352.0,0.0,27950.0,49.0,Pass
l2919.txm,40.8389,752.0,753.0,129.0,0.0,1805.0,100.0,1184.0,9506.0,9052.0,-1389.0,23.0,16473.0,19400.0,-57.0,16504.0,346.0,0.0,27846.0,49.0,Pass
l2919.txm,41.8589,751.0,752.0,135.0,0.0,1807.0,100.0,1186.0,9508.0,9015.0,-244.0,23.0,16699.0,19380.0,-27.0,16540.0,356.0,0.0,27928.0,49.0,Pass
l2919.txm,42.8799,751.0,752.0,130.0,0.0,1806.0,100.0,1184.0,9445.0,9041.0,-1386.0,23.0,16256.0,19390.0,1232.0,16548.0,351.0,0.0,27948.0,49.0,Pass
l2919.txm,43.9238,752.0,753.0,135.0,0.0,1803.0,100.0,1186.0,9501.0,9012.0,-624.0,23.0,16714.0,19126.0,-305.0,16370.0,350.0,0.0,27986.0,49.0,Pass
l2919.txm,44.9189,752.0,753.0,135.0,0.0,1799.0,101.0,1184.0,9471.0,9036.0,-3.0,23.0,16742.0,19382.0,816.0,16416.0,344.0,0.0,27852.0,49.0,Pass
l2919.txm,45.9399,752.0,753.0,134.0,0.0,1804.0,101.0,1184.0,9469.0,9051.0,-2434.0,23.0,16522.0,19114.0,408.0,16594.0,357.0,0.0,27806.0,49.0,Pass
l2919.txm,46.959,752.0,754.0,132.0,0.0,1804.0,101.0,1186.0,9431.0,9098.0,-504.0,23.0,16537.0,19122.0,116.0,16744.0,344.0,0.0,27980.0,49.0,Pass
l2919.txm,47.979,752.0,752.0,133.0,0.0,1802.0,102.0,1184.0,9490.0,9009.0,-1019.0,23.0,16344.0,19142.0,1098.0,16220.0,357.0,0.0,27824.0,49.0,Pass
l2919.txm,49.0,752.0,753.0,135.0,0.0,1797.0,102.0,1185.0,9531.0,8997.0,-615.0,24.0,16456.0,19124.0,-291.0,16492.0,344.0,0.0,27954.0,49.0,Pass
l2919.txm,50.0186,752.0,752.0,134.0,0.0,1792.0,101.0,1185.0,9487.0,9040.0,-2129.0,23.0,16323.0,19118.0,1024.0,16418.0,360.0,0.0,27948.0,49.0,Pass
l2919.txm,51.0688,752.0,752.0,136.0,0.0,1783.0,102.0,1185.0,9433.0,9090.0,31.0,23.0,16899.0,19306.0,-385.0,16132.0,353.0,1.0,27914.0,49.0,Pass
l2919.txm,52.0586,752.0,752.0,136.0,0.0,1777.0,102.0,1187.0,9434.0,9070.0,-2588.0,23.0,16306.0,19314.0,844.0,16820.0,342.0,0.0,27894.0,49.0,Pass
l2919.txm,53.0786,752.0,752.0,129.0,0.0,1771.0,101.0,1184.0,9446.0,9073.0,-1283.0,23.0,16138.0,19258.0,-291.0,16496.0,353.0,0.0,27930.0,49.0,Pass
l2919.txm,54.0986,751.0,753.0,135.0,0.0,1727.0,100.0,1185.0,9459.0,9103.0,-208.0,23.0,16411.0,19252.0,354.0,16888.0,346.0,0.0,27838.0,49.0,Pass
l2919.txm,55.1196,752.0,753.0,132.0,0.0,1465.0,101.0,1197.0,9458.0,9118.0,185.0,22.0,16271.0,19270.0,-277.0,17092.0,342.0,0.0,27858.0,49.0,Pass
l2919.txm,56.1396,752.0,753.0,133.0,0.0,1225.0,100.0,1191.0,9466.0,9102.0,-19.0,23.0,16165.0,19526.0,-761.0,16546.0,350.0,0.0,27766.0,49.0,Pass
l2919.txm,57.1587,752.0,754.0,134.0,0.0,998.0,100.0,1186.0,9476.0,9018.0,-191.0,25.0,16299.0,19824.0,-664.0,16554.0,343.0,1.0,27594.0,49.0,Pass
l2919.txm,58.1787,752.0,753.0,135.0,0.0,847.0,100.0,1189.0,9520.0,9034.0,87.0,25.0,16434.0,19748.0,-901.0,16964.0,347.0,0.0,27592.0,50.0,Pass
l2919.txm,10.2373,751.0,752.0,133.0,0.0,646.0,101.0,1226.0,9505.0,9004.0,-869.0,26.0,16773.0,19986.0,23.0,16794.0,350.0,0.0,27624.0,49.0,Pass
l2920.txm,10.2373,751.0,752.0,133.0,0.0,646.0,101.0,1226.0,9505.0,9004.0,-869.0,26.0,16773.0,19986.0,23.0,16794.0,350.0,0.0,27624.0,49.0,Pass
l2920.txm,11.2583,751.0,754.0,132.0,0.0,632.0,100.0,1225.0,9469.0,9021.0,-759.0,26.0,16463.0,19988.0,-630.0,16684.0,354.0,0.0,27572.0,49.0,Pass
l2920.txm,12.2783,750.0,753.0,135.0,0.0,624.0,101.0,1227.0,9435.0,9063.0,-1307.0,26.0,16638.0,19994.0,-699.0,16670.0,344.0,0.0,27508.0,49.0,Pass
l2920.txm,13.2983,751.0,755.0,133.0,0.0,600.0,100.0,1212.0,9495.0,9043.0,-179.0,25.0,16505.0,20132.0,-604.0,16818.0,345.0,0.0,27450.0,49.0,Pass
l2920.txm,14.3643,751.0,754.0,133.0,0.0,591.0,101.0,1189.0,9526.0,9006.0,-916.0,25.0,16633.0,20086.0,-525.0,16750.0,347.0,0.0,27324.0,50.0,Pass
l2920.txm,15.3374,752.0,753.0,133.0,0.0,1293.0,101.0,1150.0,9449.0,9050.0,-889.0,25.0,16713.0,19870.0,2166.0,15676.0,349.0,0.0,28168.0,49.0,Pass
l2920.txm,16.3574,751.0,754.0,134.0,0.0,1840.0,101.0,1162.0,9432.0,9019.0,-573.0,26.0,16440.0,19564.0,-727.0,15994.0,357.0,0.0,27526.0,48.0,Pass
l2920.txm,17.377,751.0,754.0,135.0,0.0,1843.0,102.0,1199.0,9503.0,9104.0,-255.0,25.0,16862.0,19404.0,117.0,16984.0,345.0,0.0,28042.0,48.0,Pass
l2920.txm,18.3979,751.0,753.0,135.0,0.0,1658.0,100.0,1204.0,9508.0,9095.0,1120.0,23.0,17304.0,19256.0,-1254.0,16862.0,343.0,0.0,27870.0,48.0,Pass
l2920.txm,19.418,752.0,753.0,134.0,0.0,1562.0,100.0,1190.0,9450.0,9078.0,-101.0,24.0,16989.0,19676.0,-470.0,16462.0,351.0,0.0,27848.0,49.0,Pass
l2920.txm,20.438,752.0,753.0,133.0,0.0,1689.0,102.0,1173.0,9522.0,9035.0,-905.0,24.0,16750.0,19468.0,-383.0,16830.0,344.0,0.0,27830.0,49.0,Pass
l2920.txm,21.457,751.0,753.0,130.0,0.0,1717.0,101.0,1195.0,9471.0,9078.0,-966.0,25.0,16458.0,19240.0,496.0,16644.0,349.0,0.0,27966.0,49.0,Pass
l2920.txm,22.478,752.0,752.0,134.0,0.0,1718.0,102.0,1187.0,9464.0,9043.0,-1176.0,24.0,16468.0,19340.0,642.0,16846.0,350.0,0.0,27870.0,49.0,Pass
l2920.txm,23.4971,752.0,753.0,133.0,0.0,1724.0,100.0,1185.0,9517.0,9042.0,-388.0,24.0,16691.0,19458.0,460.0,16842.0,344.0,0.0,27846.0,49.0,Pass
l2920.txm,24.5181,752.0,753.0,133.0,0.0,1740.0,102.0,1186.0,9471.0,9100.0,-1104.0,24.0,16731.0,19426.0,16.0,16570.0,352.0,0.0,27902.0,49.0,Pass
l2920.txm,25.5381,751.0,754.0,132.0,0.0,1767.0,100.0,1186.0,9473.0,9058.0,-1373.0,24.0,16619.0,19488.0,982.0,16368.0,354.0,0.0,27972.0,49.0,Pass
l2920.txm,26.5923,752.0,754.0,132.0,0.0,1781.0,100.0,1184.0,9504.0,9025.0,-969.0,23.0,16513.0,19342.0,618.0,16272.0,346.0,0.0,27738.0,49.0,Pass
l2920.txm,27.5781,752.0,754.0,134.0,0.0,1796.0,100.0,1186.0,9547.0,9018.0,-974.0,23.0,17042.0,19206.0,41.0,16304.0,344.0,0.0,28024.0,49.0,Pass
l2920.txm,28.5972,752.0,753.0,130.0,0.0,1797.0,101.0,1186.0,9462.0,9051.0,-1071.0,24.0,16607.0,19228.0,658.0,16496.0,343.0,0.0,28004.0,49.0,Pass
l2920.txm,29.6182,752.0,753.0,136.0,0.0,1791.0,100.0,1186.0,9444.0,9076.0,-1109.0,24.0,16780.0,19304.0,137.0,16132.0,341.0,1.0,27898.0,49.0,Pass
l2920.txm,30.6382,752.0,754.0,132.0,0.0,1794.0,101.0,1188.0,9443.0,9064.0,-44.0,24.0,16960.0,19346.0,-394.0,16138.0,346.0,0.0,27878.0,49.0,Pass
l2920.txm,31.6577,752.0,752.0,135.0,0.0,1791.0,101.0,1184.0,9484.0,9057.0,-849.0,23.0,16740.0,19384.0,-323.0,16594.0,342.0,0.0,27868.0,49.0,Pass
l2920.txm,32.6782,752.0,753.0,134.0,0.0,1787.0,101.0,1187.0,9487.0,9014.0,-796.0,23.0,16368.0,19154.0,125.0,15996.0,346.0,1.0,27942.0,49.0,Pass
l2920.txm,33.6978,751.0,752.0,135.0,0.0,1792.0,102.0,1185.0,9499.0,9017.0,-1275.0,23.0,16478.0,19186.0,100.0,16308.0,358.0,0.0,27842.0,49.0,Pass
l2920.txm,34.7183,752.0,754.0,135.0,0.0,1793.0,100.0,1187.0,9431.0,9074.0,-1094.0,23.0,16407.0,19150.0,31.0,16590.0,346.0,0.0,27798.0,49.0,Pass
l2920.txm,35.7378,752.0,753.0,133.0,0.0,1796.0,101.0,1186.0,9499.0,9018.0,-1079.0,23.0,16757.0,19190.0,53.0,16870.0,342.0,0.0,27786.0,49.0,Pass
l2920.txm,36.7593,751.0,753.0,134.0,0.0,1802.0,101.0,1184.0,9432.0,9089.0,-967.0,23.0,16702.0,19386.0,-269.0,16086.0,353.0,0.0,27802.0,49.0,Pass
l2920.txm,37.7778,751.0,753.0,134.0,0.0,1794.0,100.0,1186.0,9500.0,9028.0,-797.0,23.0,16436.0,19310.0,-60.0,16358.0,347.0,1.0,28002.0,49.0,Pass
l2920.txm,38.8599,752.0,755.0,134.0,0.0,1792.0,100.0,1185.0,9490.0,9049.0,-1635.0,23.0,16744.0,19218.0,430.0,16430.0,347.0,0.0,27888.0,49.0,Pass
l2920.txm,39.8169,752.0,754.0,135.0,0.0,1796.0,100.0,1184.0,9480.0,9066.0,-113.0,23.0,16547.0,19364.0,-324.0,16342.0,349.0,0.0,27878.0,49.0,Pass
l2920.txm,40.8374,752.0,753.0,133.0,0.0,1794.0,100.0,1184.0,9462.0,9072.0,-1171.0,23.0,16374.0,19278.0,-56.0,16320.0,347.0,0.0,28020.0,49.0,Pass
l2920.txm,41.8569,752.0,754.0,133.0,0.0,1799.0,100.0,1184.0,9511.0,9028.0,-786.0,23.0,16673.0,19318.0,133.0,16468.0,338.0,0.0,27890.0,49.0,Pass
l2920.txm,42.8774,752.0,753.0,132.0,0.0,1794.0,100.0,1183.0,9440.0,9102.0,-1851.0,23.0,16491.0,19284.0,-284.0,16098.0,344.0,0.0,27774.0,49.0,Pass
l2920.txm,43.897,752.0,753.0,135.0,0.0,1790.0,100.0,1188.0,9505.0,9018.0,-681.0,23.0,16766.0,19286.0,-350.0,16696.0,339.0,0.0,27894.0,49.0,Pass
l2920.txm,44.9175,752.0,753.0,132.0,0.0,1788.0,100.0,1186.0,9437.0,9082.0,-1903.0,23.0,16815.0,19190.0,-85.0,16526.0,350.0,0.0,28012.0,49.0,Pass
l2920.txm,45.938,752.0,752.0,134.0,0.0,1795.0,100.0,1186.0,9423.0,9094.0,315.0,23.0,16456.0,19326.0,490.0,16806.0,336.0,1.0,28042.0,49.0,Pass
l2920.txm,47.0376,752.0,754.0,134.0,0.0,1789.0,100.0,1185.0,9497.0,9019.0,-2359.0,23.0,16822.0,19280.0,-46.0,16422.0,357.0,1.0,27758.0,49.0,Pass
l2920.txm,48.0073,752.0,753.0,132.0,0.0,1787.0,100.0,1185.0,9436.0,9074.0,-979.0,23.0,16350.0,19216.0,70.0,16116.0,361.0,0.0,27874.0,49.0,Pass
l2920.txm,49.0269,752.0,753.0,135.0,0.0,1789.0,100.0,1187.0,9476.0,9027.0,-25.0,23.0,16530.0,19156.0,123.0,16634.0,343.0,0.0,27756.0,49.0,Pass
l2920.txm,50.0474,751.0,754.0,136.0,0.0,1783.0,100.0,1186.0,9450.0,9083.0,-1379.0,23.0,16387.0,19200.0,-44.0,16444.0,344.0,0.0,28012.0,49.0,Pass
l2920.txm,51.0669,752.0,754.0,132.0,0.0,1774.0,100.0,1186.0,9432.0,9080.0,-2108.0,23.0,16471.0,19130.0,55.0,16628.0,354.0,0.0,27966.0,49.0,Pass
l2920.txm,52.0884,751.0,753.0,132.0,0.0,1771.0,102.0,1184.0,9484.0,9066.0,-1464.0,23.0,16454.0,19122.0,48.0,16566.0,348.0,0.0,27790.0,49.0,Pass
l2920.txm,53.1069,752.0,753.0,134.0,0.0,1759.0,101.0,1187.0,9478.0,9036.0,-457.0,24.0,16438.0,19150.0,131.0,15952.0,354.0,0.0,27906.0,49.0,Pass
l2920.txm,54.1509,751.0,753.0,135.0,0.0,1733.0,100.0,1187.0,9477.0,9021.0,30.0,24.0,16511.0,19262.0,-626.0,17042.0,351.0,0.0,27792.0,49.0,Pass
l2920.txm,55.1772,752.0,753.0,133.0,0.0,1518.0,100.0,1197.0,9450.0,9062.0,57.0,23.0,16380.0,19270.0,-307.0,17182.0,342.0,1.0,27940.0,49.0,Pass
l2920.txm,56.1968,751.0,751.0,132.0,0.0,1269.0,101.0,1191.0,9524.0,9012.0,510.0,23.0,16246.0,19550.0,-648.0,16874.0,352.0,0.0,27760.0,49.0,Pass
l2920.txm,57.2173,752.0,753.0,132.0,0.0,1039.0,102.0,1187.0,9477.0,8933.0,-1469.0,25.0,15959.0,19676.0,-374.0,16886.0,355.0,0.0,27598.0,49.0,Pass
l2920.txm,11.248,751.0,753.0,136.0,0.0,647.0,101.0,1227.0,9486.0,9055.0,-1391.0,26.0,16594.0,19980.0,-445.0,16740.0,350.0,0.0,27610.0,49.0,Pass
l2921.txm,11.248,751.0,753.0,136.0,0.0,647.0,101.0,1227.0,9486.0,9055.0,-1391.0,26.0,16594.0,19980.0,-445.0,16740.0,350.0,0.0,27610.0,49.0,Pass
l2921.txm,12.2764,751.0,754.0,135.0,0.0,634.0,99.0,1227.0,9412.0,9078.0,-1355.0,26.0,16746.0,19980.0,-365.0,16632.0,354.0,0.0,27550.0,49.0,Pass
l2921.txm,13.2979,751.0,754.0,134.0,0.0,616.0,101.0,1227.0,9471.0,9004.0,-1386.0,26.0,16711.0,20050.0,65.0,16442.0,358.0,0.0,27364.0,49.0,Pass
l2921.txm,14.3174,751.0,756.0,131.0,0.0,608.0,100.0,1210.0,9496.0,9032.0,228.0,26.0,16834.0,20012.0,-32.0,16690.0,345.0,0.0,27482.0,49.0,Pass
l2921.txm,15.3633,752.0,754.0,134.0,0.0,583.0,102.0,1187.0,9415.0,9089.0,-1512.0,26.0,16665.0,20210.0,-69.0,16502.0,347.0,0.0,27356.0,50.0,Pass
l2921.txm,16.3564,751.0,753.0,131.0,0.0,1077.0,100.0,1155.0,9459.0,9009.0,-333.0,28.0,15967.0,20118.0,2168.0,15274.0,358.0,0.0,28046.0,49.0,Pass
l2921.txm,17.3789,751.0,753.0,132.0,0.0,1798.0,101.0,1154.0,9502.0,9012.0,-1103.0,24.0,16752.0,19334.0,-893.0,16480.0,344.0,0.0,27864.0,49.0,Pass
l2921.txm,18.3975,752.0,753.0,133.0,0.0,1857.0,100.0,1197.0,9451.0,9108.0,-1285.0,25.0,16350.0,19626.0,-296.0,16070.0,350.0,0.0,27822.0,48.0,Pass
l2921.txm,19.418,751.0,753.0,131.0,0.0,1664.0,101.0,1202.0,9501.0,9080.0,1932.0,23.0,17086.0,19542.0,137.0,16482.0,344.0,0.0,27750.0,48.0,Pass
l2921.txm,20.4375,751.0,753.0,132.0,0.0,1429.0,100.0,1202.0,9526.0,9009.0,689.0,24.0,17095.0,19582.0,-22.0,16240.0,355.0,1.0,27986.0,49.0,Pass
l2921.txm,21.457,752.0,753.0,130.0,0.0,1693.0,101.0,1162.0,9454.0,9070.0,-839.0,25.0,16719.0,19458.0,63.0,16586.0,351.0,0.0,27866.0,49.0,Pass
l2921.txm,22.4775,752.0,753.0,132.0,0.0,1707.0,102.0,1195.0,9488.0,9025.0,-1056.0,25.0,16526.0,19350.0,133.0,16498.0,354.0,0.0,27926.0,49.0,Pass
l2921.txm,23.4971,751.0,753.0,135.0,0.0,1709.0,102.0,1184.0,9449.0,9093.0,-1085.0,25.0,16618.0,19594.0,-257.0,16592.0,348.0,1.0,27770.0,49.0,Pass
l2921.txm,24.5176,752.0,753.0,134.0,0.0,1714.0,100.0,1183.0,9397.0,9100.0,-1162.0,25.0,16401.0,19588.0,126.0,16446.0,353.0,0.0,27970.0,49.0,Pass
l2921.txm,25.5371,752.0,753.0,132.0,0.0,1730.0,100.0,1186.0,9477.0,9049.0,-1277.0,25.0,16490.0,19484.0,324.0,16600.0,358.0,1.0,27896.0,49.0,Pass
l2921.txm,26.5576,751.0,752.0,130.0,0.0,1753.0,101.0,1187.0,9440.0,9043.0,-1023.0,25.0,16874.0,19292.0,131.0,16388.0,357.0,0.0,28002.0,49.0,Pass
l2921.txm,27.6025,752.0,753.0,131.0,0.0,1777.0,102.0,1184.0,9491.0,9041.0,-1336.0,25.0,16559.0,19380.0,-263.0,16216.0,348.0,0.0,27870.0,49.0,Pass
l2921.txm,28.5967,751.0,753.0,135.0,0.0,1788.0,101.0,1189.0,9446.0,9106.0,-1005.0,25.0,16646.0,19340.0,-93.0,16276.0,345.0,0.0,27836.0,49.0,Pass
l2921.txm,29.6172,752.0,753.0,135.0,0.0,1794.0,102.0,1182.0,9403.0,9057.0,95.0,24.0,16746.0,19314.0,-338.0,16162.0,360.0,0.0,27890.0,49.0,Pass
l2921.txm,30.6377,752.0,754.0,132.0,0.0,1793.0,100.0,1183.0,9502.0,9012.0,-1138.0,24.0,16588.0,19406.0,-59.0,16240.0,348.0,0.0,27842.0,49.0,Pass
l2921.txm,31.6572,751.0,752.0,135.0,0.0,1787.0,100.0,1187.0,9411.0,9071.0,-1142.0,24.0,16707.0,19182.0,16.0,16474.0,343.0,0.0,28022.0,49.0,Pass
l2921.txm,32.6777,752.0,753.0,130.0,0.0,1795.0,101.0,1187.0,9433.0,9082.0,-1397.0,24.0,16468.0,19398.0,822.0,15890.0,354.0,0.0,27810.0,49.0,Pass
l2921.txm,33.6973,752.0,754.0,137.0,0.0,1787.0,100.0,1185.0,9467.0,9014.0,-629.0,23.0,16559.0,19228.0,-361.0,16552.0,344.0,0.0,28022.0,49.0,Pass
l2921.txm,34.7178,752.0,754.0,131.0,0.0,1787.0,101.0,1186.0,9440.0,9062.0,-800.0,23.0,16872.0,19234.0,8.0,16376.0,353.0,0.0,27898.0,49.0,Pass
l2921.txm,35.7373,751.0,752.0,132.0,0.0,1789.0,102.0,1185.0,9401.0,9111.0,-1187.0,23.0,16737.0,19286.0,92.0,16644.0,343.0,0.0,27904.0,49.0,Pass
l2921.txm,36.7578,751.0,754.0,134.0,0.0,1787.0,101.0,1185.0,9459.0,9061.0,-38.0,24.0,16588.0,19182.0,-269.0,16722.0,344.0,0.0,27928.0,49.0,Pass
l2921.txm,37.7773,751.0,753.0,134.0,0.0,1795.0,101.0,1188.0,9470.0,9099.0,-1486.0,24.0,16272.0,19224.0,-290.0,16358.0,344.0,0.0,27906.0,49.0,Pass
l2921.txm,38.7979,752.0,752.0,133.0,0.0,1793.0,102.0,1187.0,9492.0,9065.0,-466.0,24.0,16683.0,19154.0,234.0,16570.0,336.0,1.0,27950.0,49.0,Pass
l2921.txm,39.8428,752.0,753.0,134.0,0.0,1790.0,100.0,1186.0,9425.0,9061.0,-2160.0,24.0,16161.0,19136.0,-410.0,16468.0,356.0,0.0,27990.0,49.0,Pass
l2921.txm,40.8369,751.0,752.0,131.0,0.0,1798.0,100.0,1189.0,9477.0,9035.0,-1007.0,24.0,16614.0,19384.0,-672.0,16570.0,343.0,0.0,27998.0,49.0,Pass
l2921.txm,41.8584,752.0,755.0,132.0,0.0,1793.0,101.0,1185.0,9467.0,9041.0,-1982.0,24.0,16117.0,19388.0,486.0,16328.0,345.0,1.0,27836.0,49.0,Pass
l2921.txm,42.8789,752.0,754.0,131.0,0.0,1792.0,102.0,1185.0,9466.0,9095.0,-1763.0,24.0,16341.0,19132.0,84.0,16450.0,348.0,0.0,27804.0,49.0,Pass
l2921.txm,43.8975,752.0,753.0,133.0,0.0,1793.0,101.0,1184.0,9460.0,9058.0,542.0,24.0,16464.0,19122.0,151.0,16200.0,348.0,1.0,27962.0,49.0,Pass
l2921.txm,45.0039,752.0,753.0,130.0,0.0,1790.0,101.0,1186.0,9452.0,9079.0,-1098.0,24.0,16171.0,19400.0,-5.0,16614.0,355.0,1.0,27828.0,49.0,Pass
l2921.txm,45.9775,752.0,753.0,136.0,0.0,1792.0,100.0,1186.0,9462.0,9058.0,-2289.0,23.0,16209.0,19120.0,-471.0,16866.0,350.0,1.0,27998.0,49.0,Pass
l2921.txm,46.9971,751.0,753.0,133.0,0.0,1785.0,100.0,1183.0,9487.0,9032.0,47.0,24.0,16345.0,19116.0,332.0,16346.0,349.0,1.0,27970.0,49.0,Pass
l2921.txm,48.0166,752.0,754.0,132.0,0.0,1784.0,100.0,1185.0,9430.0,9052.0,-1798.0,24.0,16327.0,19394.0,-288.0,16586.0,342.0,0.0,27976.0,49.0,Pass
l2921.txm,49.0361,752.0,752.0,133.0,0.0,1778.0,100.0,1183.0,9417.0,9060.0,-738.0,24.0,16159.0,19124.0,24.0,16522.0,347.0,0.0,27806.0,49.0,Pass
l2921.txm,50.0566,752.0,754.0,131.0,0.0,1786.0,101.0,1187.0,9491.0,9026.0,-1145.0,23.0,16292.0,19374.0,-71.0,16396.0,353.0,0.0,27964.0,49.0,Pass
l2921.txm,51.0771,752.0,753.0,130.0,0.0,1785.0,102.0,1185.0,9459.0,9019.0,-179.0,24.0,16391.0,19124.0,-414.0,15762.0,351.0,1.0,27964.0,49.0,Pass
l2921.txm,52.1211,752.0,753.0,133.0,0.0,1777.0,100.0,1186.0,9480.0,9067.0,-1728.0,24.0,16101.0,19336.0,19.0,16176.0,357.0,0.0,27886.0,49.0,Pass
l2921.txm,53.1162,751.0,753.0,133.0,0.0,1769.0,101.0,1185.0,9504.0,9022.0,-1002.0,24.0,16197.0,19320.0,-23.0,16258.0,358.0,0.0,27884.0,49.0,Pass
l2921.txm,54.1377,752.0,754.0,133.0,0.0,1764.0,100.0,1186.0,9444.0,9049.0,-1517.0,24.0,16218.0,19200.0,406.0,16560.0,357.0,0.0,27868.0,49.0,Pass
l2921.txm,55.1572,752.0,754.0,134.0,0.0,1752.0,101.0,1187.0,9501.0,9018.0,-1205.0,24.0,16511.0,19240.0,1.0,16562.0,349.0,0.0,27798.0,49.0,Pass
l2921.txm,56.1777,752.0,753.0,133.0,0.0,1725.0,101.0,1188.0,9472.0,9038.0,-1531.0,24.0,16232.0,19256.0,-624.0,16430.0,345.0,0.0,27798.0,49.0,Pass
l2921.txm,57.1973,752.0,753.0,134.0,0.0,1469.0,101.0,1200.0,9518.0,9020.0,-297.0,23.0,16174.0,19262.0,-440.0,17034.0,352.0,1.0,27820.0,49.0,Pass
l2921.txm,58.2178,752.0,753.0,132.0,0.0,1245.0,101.0,1190.0,9449.0,9061.0,924.0,24.0,16130.0,19544.0,-510.0,17008.0,345.0,0.0,27728.0,49.0,Pass
l2921.txm,59.2373,752.0,753.0,135.0,0.0,1021.0,102.0,1191.0,9491.0,9012.0,231.0,24.0,16612.0,19696.0,-545.0,16748.0,345.0,0.0,27614.0,49.0,Pass
l2921.txm,10.7393,751.0,753.0,132.0,0.0,641.0,101.0,1226.0,9405.0,9049.0,-1225.0,26.0,16408.0,19988.0,-85.0,16608.0,342.0,0.0,27630.0,49.0,Pass
l2922.txm,10.7393,751.0,753.0,132.0,0.0,641.0,101.0,1226.0,9405.0,9049.0,-1225.0,26.0,16408.0,19988.0,-85.0,16608.0,342.0,0.0,27630.0,49.0,Pass
l2922.txm,11.7305,751.0,752.0,135.0,0.0,625.0,100.0,1223.0,9474.0,9045.0,-1078.0,27.0,16705.0,20000.0,-665.0,16860.0,350.0,0.0,27514.0,49.0,Pass
l2922.txm,12.749,751.0,755.0,133.0,0.0,601.0,100.0,1220.0,9465.0,9020.0,-1032.0,26.0,16229.0,20028.0,-849.0,16790.0,351.0,0.0,27482.0,49.0,Pass
l2922.txm,13.7705,751.0,753.0,132.0,0.0,582.0,101.0,1207.0,9505.0,9019.0,-655.0,27.0,16173.0,20214.0,-55.0,16816.0,348.0,0.0,27426.0,49.0,Pass
l2922.txm,14.79,751.0,753.0,133.0,0.0,679.0,101.0,1180.0,9526.0,9077.0,1517.0,24.0,16445.0,20088.0,-66.0,15836.0,345.0,0.0,27354.0,50.0,Pass
l2922.txm,15.8105,752.0,753.0,133.0,0.0,1632.0,100.0,1141.0,9428.0,9088.0,-1562.0,26.0,16219.0,19266.0,138.0,17372.0,353.0,0.0,27984.0,49.0,Pass
l2922.txm,16.8301,751.0,753.0,134.0,0.0,1829.0,100.0,1187.0,9493.0,9075.0,-782.0,26.0,16404.0,19624.0,-310.0,15906.0,357.0,1.0,27630.0,48.0,Pass
l2922.txm,17.8506,751.0,753.0,132.0,0.0,1746.0,100.0,1204.0,9446.0,9113.0,32.0,24.0,16831.0,19444.0,620.0,16330.0,347.0,0.0,28026.0,48.0,Pass
l2922.txm,18.8701,751.0,754.0,133.0,0.0,1385.0,102.0,1207.0,9466.0,9029.0,889.0,25.0,16597.0,19414.0,159.0,16768.0,351.0,0.0,27896.0,49.0,Pass
l2922.txm,19.8906,751.0,753.0,135.0,0.0,1672.0,100.0,1154.0,9458.0,9053.0,-48.0,24.0,16938.0,19426.0,1564.0,16482.0,352.0,1.0,27884.0,49.0,Pass
l2922.txm,20.9102,752.0,753.0,132.0,0.0,1670.0,100.0,1193.0,9490.0,8985.0,-1256.0,26.0,16667.0,19282.0,154.0,16768.0,343.0,0.0,27958.0,48.0,Pass
l2922.txm,21.9307,751.0,753.0,132.0,0.0,1684.0,101.0,1189.0,9486.0,9015.0,-505.0,26.0,16415.0,19278.0,124.0,16672.0,349.0,0.0,27778.0,49.0,Pass
l2922.txm,22.9766,752.0,754.0,135.0,0.0,1693.0,100.0,1185.0,9474.0,9027.0,-755.0,25.0,16411.0,19328.0,1266.0,16550.0,351.0,0.0,28024.0,49.0,Pass
l2922.txm,23.9697,752.0,753.0,136.0,0.0,1701.0,101.0,1187.0,9459.0,9060.0,-1048.0,25.0,16586.0,19474.0,646.0,16830.0,349.0,0.0,27848.0,49.0,Pass
l2922.txm,24.9902,752.0,753.0,135.0,0.0,1719.0,102.0,1185.0,9433.0,9053.0,-680.0,25.0,16237.0,19450.0,612.0,16718.0,350.0,1.0,27862.0,49.0,Pass
l2922.txm,26.0107,752.0,752.0,129.0,0.0,1743.0,101.0,1184.0,9477.0,9032.0,-1035.0,25.0,16309.0,19222.0,1480.0,15898.0,355.0,0.0,27782.0,49.0,Pass
l2922.txm,27.0303,751.0,754.0,134.0,0.0,1759.0,100.0,1186.0,9497.0,9032.0,-438.0,25.0,16459.0,19354.0,40.0,16332.0,347.0,0.0,27750.0,49.0,Pass
l2922.txm,28.0508,752.0,753.0,133.0,0.0,1773.0,100.0,1184.0,9485.0,9052.0,-1076.0,25.0,16853.0,19220.0,974.0,16542.0,346.0,0.0,28002.0,49.0,Pass
l2922.txm,29.0703,752.0,753.0,134.0,0.0,1780.0,101.0,1187.0,9456.0,9052.0,-867.0,25.0,16406.0,19302.0,1.0,16628.0,351.0,0.0,27862.0,49.0,Pass
l2922.txm,30.0918,752.0,753.0,131.0,0.0,1781.0,101.0,1185.0,9482.0,9060.0,-318.0,25.0,16410.0,19248.0,142.0,16240.0,349.0,0.0,27784.0,49.0,Pass
l2922.txm,31.1104,752.0,753.0,130.0,0.0,1777.0,101.0,1185.0,9399.0,9097.0,-1275.0,25.0,16196.0,19284.0,5.0,16786.0,351.0,1.0,27986.0,49.0,Pass
l2922.txm,32.1299,752.0,754.0,136.0,0.0,1781.0,101.0,1182.0,9470.0,9025.0,-963.0,24.0,16472.0,19194.0,-378.0,16312.0,347.0,0.0,28000.0,49.0,Pass
l2922.txm,33.1504,752.0,753.0,133.0,0.0,1788.0,101.0,1182.0,9446.0,9041.0,-1162.0,24.0,16551.0,19340.0,1014.0,16122.0,356.0,0.0,27912.0,49.0,Pass
l2922.txm,34.1807,752.0,753.0,133.0,0.0,1780.0,101.0,1186.0,9424.0,9058.0,-1211.0,24.0,16383.0,19210.0,91.0,16194.0,346.0,1.0,27906.0,49.0,Pass
l2922.txm,35.2275,752.0,752.0,132.0,0.0,1786.0,101.0,1187.0,9429.0,9068.0,-1587.0,24.0,16402.0,19410.0,294.0,16294.0,354.0,0.0,27856.0,49.0,Pass
l2922.txm,36.2207,752.0,754.0,135.0,0.0,1788.0,100.0,1182.0,9454.0,9034.0,-1500.0,24.0,16574.0,19378.0,122.0,16458.0,356.0,0.0,27816.0,49.0,Pass
l2922.txm,37.2402,752.0,753.0,135.0,0.0,1787.0,100.0,1184.0,9482.0,9098.0,-1512.0,24.0,16086.0,19380.0,-380.0,16414.0,357.0,0.0,27806.0,49.0,Pass
l2922.txm,38.2607,752.0,753.0,134.0,0.0,1785.0,100.0,1182.0,9469.0,9029.0,-165.0,24.0,16355.0,19228.0,-73.0,16542.0,343.0,1.0,27790.0,49.0,Pass
l2922.txm,39.2803,751.0,753.0,130.0,0.0,1783.0,101.0,1183.0,9434.0,9034.0,-1397.0,23.0,16298.0,19194.0,-346.0,16776.0,345.0,1.0,27926.0,49.0,Pass
l2922.txm,40.3008,752.0,753.0,133.0,0.0,1786.0,100.0,1186.0,9430.0,9060.0,-297.0,24.0,16590.0,19222.0,1488.0,16738.0,342.0,0.0,27906.0,49.0,Pass
l2922.txm,41.3203,752.0,752.0,132.0,0.0,1790.0,100.0,1186.0,9479.0,9058.0,368.0,24.0,16423.0,19382.0,-265.0,16848.0,347.0,0.0,27882.0,49.0,Pass
l2922.txm,42.3398,752.0,754.0,133.0,0.0,1782.0,100.0,1187.0,9475.0,9126.0,-1551.0,23.0,16670.0,19152.0,1108.0,16182.0,351.0,0.0,27932.0,49.0,Pass
l2922.txm,43.3594,752.0,755.0,132.0,0.0,1785.0,101.0,1184.0,9450.0,9056.0,-701.0,24.0,16890.0,19412.0,276.0,16326.0,349.0,1.0,27846.0,49.0,Pass
l2922.txm,44.3799,752.0,753.0,130.0,0.0,1782.0,100.0,1187.0,9467.0,9053.0,-1812.0,24.0,16325.0,19136.0,1.0,16710.0,347.0,1.0,27992.0,49.0,Pass
l2922.txm,45.4863,751.0,753.0,130.0,0.0,1772.0,100.0,1184.0,9421.0,9076.0,-1146.0,24.0,15979.0,19122.0,-555.0,16802.0,348.0,0.0,27966.0,49.0,Pass
l2922.txm,46.46,752.0,753.0,133.0,0.0,1770.0,100.0,1185.0,9453.0,9077.0,-984.0,24.0,16216.0,19116.0,-326.0,16300.0,361.0,0.0,27814.0,49.0,Pass
l2922.txm,47.4795,752.0,754.0,134.0,0.0,1768.0,101.0,1186.0,9500.0,9000.0,-1719.0,24.0,16488.0,19370.0,63.0,16814.0,353.0,1.0,27996.0,49.0,Pass
l2922.txm,48.499,752.0,754.0,136.0,0.0,1774.0,100.0,1185.0,9452.0,9058.0,-1376.0,23.0,16141.0,19402.0,-283.0,16580.0,350.0,1.0,27976.0,49.0,Pass
l2922.txm,49.5195,752.0,753.0,132.0,0.0,1770.0,101.0,1184.0,9483.0,9070.0,-1364.0,24.0,16464.0,19366.0,1006.0,16386.0,348.0,0.0,27820.0,49.0,Pass
l2922.txm,50.5391,752.0,753.0,133.0,0.0,1758.0,101.0,1184.0,9492.0,9034.0,-287.0,24.0,16517.0,19174.0,-473.0,16388.0,347.0,0.0,27796.0,49.0,Pass
l2922.txm,51.5605,751.0,753.0,134.0,0.0,1756.0,101.0,1184.0,9478.0,9051.0,228.0,24.0,16534.0,19388.0,-73.0,16782.0,354.0,0.0,27806.0,49.0,Pass
l2922.txm,52.6064,751.0,752.0,136.0,0.0,1749.0,101.0,1184.0,9484.0,9021.0,-654.0,24.0,16432.0,19294.0,-410.0,16708.0,351.0,0.0,28016.0,49.0,Pass
l2922.txm,53.6006,751.0,752.0,135.0,0.0,1713.0,101.0,1184.0,9429.0,9042.0,-785.0,23.0,16645.0,19252.0,-440.0,16550.0,350.0,0.0,28014.0,49.0,Pass
l2922.txm,54.6201,752.0,754.0,135.0,1.0,1471.0,101.0,1201.0,9533.0,9038.0,-72.0,23.0,16403.0,19306.0,-313.0,17118.0,343.0,0.0,27820.0,49.0,Pass
l2922.txm,55.6406,752.0,753.0,132.0,0.0,1190.0,100.0,1191.0,9475.0,9042.0,980.0,24.0,16090.0,19550.0,-283.0,17148.0,351.0,1.0,27752.0,49.0,Pass
l2922.txm,56.6875,752.0,753.0,132.0,0.0,992.0,100.0,1187.0,9430.0,9052.0,733.0,25.0,16174.0,19604.0,55.0,16520.0,342.0,0.0,27604.0,49.0,Pass
l2922.txm,9.7207,751.0,752.0,135.0,0.0,658.0,99.0,1228.0,9461.0,8980.0,436.0,26.0,16703.0,20012.0,125.0,16410.0,346.0,0.0,27618.0,49.0,Pass
l2923.txm,9.7207,751.0,752.0,135.0,0.0,658.0,99.0,1228.0,9461.0,8980.0,436.0,26.0,16703.0,20012.0,125.0,16410.0,346.0,0.0,27618.0,49.0,Pass
l2923.txm,10.7402,751.0,753.0,133.0,0.0,627.0,101.0,1220.0,9448.0,9030.0,-627.0,27.0,16504.0,20006.0,428.0,16784.0,350.0,0.0,27596.0,49.0,Pass
l2923.txm,11.7598,751.0,753.0,132.0,0.0,615.0,100.0,1219.0,9423.0,9057.0,-1376.0,26.0,16419.0,20062.0,-364.0,16738.0,353.0,0.0,27442.0,49.0,Pass
l2923.txm,12.7803,752.0,754.0,135.0,0.0,592.0,100.0,1213.0,9467.0,9021.0,-1219.0,26.0,16254.0,20158.0,-362.0,16840.0,348.0,0.0,27450.0,49.0,Pass
l2923.txm,13.835,751.0,754.0,134.0,0.0,582.0,101.0,1191.0,9507.0,9022.0,-355.0,26.0,16508.0,20310.0,-479.0,16378.0,347.0,0.0,27234.0,49.0,Pass
l2923.txm,14.8193,752.0,755.0,134.0,0.0,1203.0,101.0,1149.0,9447.0,9073.0,171.0,26.0,16756.0,19538.0,1758.0,15894.0,349.0,0.0,28138.0,49.0,Pass
l2923.txm,15.8389,751.0,752.0,133.0,0.0,1820.0,100.0,1169.0,9434.0,9109.0,-716.0,26.0,16789.0,19658.0,-315.0,16272.0,349.0,0.0,27766.0,48.0,Pass
l2923.txm,16.8604,751.0,753.0,132.0,0.0,1823.0,101.0,1202.0,9488.0,9116.0,-435.0,25.0,16625.0,19388.0,88.0,16096.0,354.0,0.0,27864.0,48.0,Pass
l2923.txm,17.8799,751.0,753.0,133.0,0.0,1548.0,101.0,1203.0,9463.0,9056.0,-620.0,25.0,16499.0,19366.0,59.0,16364.0,351.0,0.0,27982.0,48.0,Pass
l2923.txm,18.9004,752.0,754.0,132.0,0.0,1629.0,101.0,1171.0,9490.0,9011.0,-381.0,25.0,16527.0,19516.0,17.0,16844.0,345.0,0.0,27882.0,49.0,Pass
l2923.txm,19.9199,751.0,752.0,133.0,0.0,1648.0,100.0,1172.0,9486.0,9010.0,-630.0,25.0,16260.0,19440.0,101.0,16574.0,345.0,1.0,27882.0,49.0,Pass
l2923.txm,20.9404,751.0,754.0,132.0,0.0,1681.0,102.0,1193.0,9452.0,9060.0,-955.0,25.0,16655.0,19284.0,520.0,16478.0,355.0,0.0,27806.0,49.0,Pass
l2923.txm,21.96,752.0,753.0,134.0,0.0,1686.0,100.0,1180.0,9457.0,9059.0,-946.0,25.0,16423.0,19298.0,34.0,16480.0,345.0,0.0,27742.0,49.0,Pass
l2923.txm,22.9805,752.0,754.0,131.0,0.0,1696.0,101.0,1187.0,9428.0,9085.0,-1243.0,25.0,16493.0,19478.0,-14.0,16614.0,350.0,1.0,28020.0,49.0,Pass
l2923.txm,24.0,752.0,753.0,135.0,0.0,1709.0,101.0,1184.0,9482.0,9057.0,-613.0,25.0,16462.0,19328.0,948.0,16574.0,344.0,0.0,27856.0,49.0,Pass
l2923.txm,25.0205,752.0,754.0,135.0,0.0,1736.0,101.0,1184.0,9496.0,9019.0,-1636.0,25.0,16499.0,19232.0,-62.0,16450.0,350.0,0.0,27790.0,49.0,Pass
l2923.txm,26.0654,752.0,753.0,132.0,0.0,1763.0,101.0,1188.0,9461.0,9020.0,-498.0,25.0,16659.0,19240.0,-333.0,16204.0,347.0,1.0,27972.0,49.0,Pass
l2923.txm,27.0801,751.0,753.0,133.0,0.0,1773.0,101.0,1185.0,9440.0,9087.0,-1488.0,25.0,16497.0,19202.0,-84.0,16606.0,342.0,0.0,28026.0,49.0,Pass
l2923.txm,28.1006,751.0,752.0,133.0,0.0,1774.0,100.0,1184.0,9466.0,9086.0,-1166.0,24.0,16315.0,19300.0,-40.0,16192.0,347.0,0.0,27900.0,49.0,Pass
l2923.txm,29.1201,752.0,753.0,135.0,0.0,1775.0,100.0,1185.0,9466.0,9046.0,-580.0,25.0,16872.0,19252.0,-9.0,16640.0,349.0,0.0,27862.0,49.0,Pass
l2923.txm,30.1406,752.0,753.0,135.0,0.0,1778.0,100.0,1185.0,9499.0,9001.0,-832.0,24.0,16783.0,19264.0,382.0,16192.0,355.0,1.0,27974.0,49.0,Pass
l2923.txm,31.1602,752.0,752.0,133.0,0.0,1783.0,100.0,1187.0,9460.0,9043.0,-1894.0,24.0,16193.0,19206.0,1432.0,16366.0,342.0,0.0,28028.0,49.0,Pass
l2923.txm,32.1807,752.0,753.0,134.0,0.0,1784.0,100.0,1189.0,9435.0,9077.0,-487.0,24.0,16510.0,19240.0,-267.0,16176.0,352.0,1.0,27770.0,49.0,Pass
l2923.txm,33.2002,751.0,753.0,135.0,0.0,1774.0,102.0,1184.0,9531.0,9017.0,-85.0,24.0,16598.0,19288.0,-66.0,16628.0,341.0,0.0,27866.0,49.0,Pass
l2923.txm,34.2217,751.0,753.0,131.0,0.0,1787.0,101.0,1185.0,9437.0,9071.0,-1762.0,24.0,16439.0,19452.0,33.0,16692.0,344.0,0.0,27972.0,49.0,Pass
l2923.txm,35.2402,752.0,753.0,132.0,0.0,1793.0,101.0,1186.0,9421.0,9109.0,-895.0,24.0,16539.0,19140.0,62.0,16768.0,346.0,1.0,27954.0,49.0,Pass
l2923.txm,36.2607,751.0,753.0,132.0,0.0,1795.0,100.0,1187.0,9447.0,9106.0,-343.0,24.0,16606.0,19368.0,-269.0,16240.0,343.0,1.0,28030.0,49.0,Pass
l2923.txm,37.2803,752.0,752.0,135.0,0.0,1788.0,101.0,1182.0,9476.0,9098.0,130.0,24.0,16619.0,19166.0,984.0,16542.0,354.0,0.0,27818.0,49.0,Pass
l2923.txm,38.3252,751.0,753.0,133.0,0.0,1787.0,100.0,1184.0,9481.0,9052.0,-948.0,24.0,16405.0,19290.0,346.0,15774.0,358.0,0.0,28022.0,49.0,Pass
l2923.txm,39.3203,752.0,753.0,132.0,0.0,1782.0,102.0,1183.0,9510.0,9003.0,-493.0,24.0,16546.0,19138.0,-41.0,16506.0,352.0,0.0,27866.0,49.0,Pass
l2923.txm,40.3408,751.0,753.0,136.0,0.0,1786.0,102.0,1184.0,9482.0,9048.0,-1676.0,24.0,16817.0,19128.0,116.0,16356.0,361.0,0.0,27826.0,49.0,Pass
l2923.txm,41.6035,752.0,753.0,136.0,0.0,1783.0,101.0,1184.0,9422.0,9121.0,-2286.0,24.0,16435.0,19126.0,862.0,16744.0,354.0,0.0,27822.0,49.0,Pass
l2923.txm,42.4795,752.0,754.0,134.0,0.0,1783.0,100.0,1183.0,9405.0,9077.0,-1381.0,23.0,16399.0,19258.0,-66.0,16474.0,350.0,0.0,28026.0,49.0,Pass
l2923.txm,43.499,752.0,753.0,131.0,0.0,1783.0,101.0,1184.0,9484.0,9036.0,-535.0,24.0,16431.0,19152.0,32.0,16300.0,350.0,1.0,27920.0,49.0,Pass
l2923.txm,44.5195,752.0,753.0,136.0,0.0,1776.0,100.0,1184.0,9509.0,9050.0,-312.0,24.0,16605.0,19220.0,878.0,16530.0,349.0,1.0,27904.0,49.0,Pass
l2923.txm,45.5391,751.0,753.0,133.0,0.0,1778.0,100.0,1183.0,9440.0,9130.0,137.0,24.0,16640.0,19372.0,-493.0,17030.0,349.0,0.0,27896.0,49.0,Pass
l2923.txm,46.5596,751.0,753.0,132.0,0.0,1776.0,101.0,1182.0,9484.0,9089.0,-829.0,24.0,16583.0,19306.0,146.0,16766.0,341.0,1.0,28024.0,49.0,Pass
l2923.txm,47.5791,751.0,753.0,134.0,0.0,1770.0,100.0,1183.0,9462.0,9076.0,-2711.0,24.0,16137.0,19154.0,-92.0,16828.0,351.0,1.0,27924.0,49.0,Pass
l2923.txm,48.623,751.0,753.0,135.0,0.0,1767.0,101.0,1184.0,9463.0,9061.0,-1792.0,24.0,16218.0,19232.0,-321.0,16900.0,351.0,0.0,27796.0,49.0,Pass
l2923.txm,49.6191,752.0,754.0,135.0,0.0,1762.0,101.0,1184.0,9470.0,9055.0,215.0,24.0,16719.0,19148.0,-270.0,16628.0,341.0,1.0,27928.0,49.0,Pass
l2923.txm,50.6396,752.0,753.0,135.0,0.0,1764.0,100.0,1190.0,9466.0,9071.0,-48.0,24.0,16621.0,19122.0,-416.0,16344.0,342.0,0.0,27958.0,49.0,Pass
l2923.txm,51.6592,752.0,753.0,133.0,0.0,1748.0,101.0,1187.0,9420.0,9090.0,-1518.0,24.0,16210.0,19158.0,-307.0,16772.0,352.0,0.0,27864.0,49.0,Pass
l2923.txm,52.6797,752.0,754.0,135.0,0.0,1737.0,100.0,1185.0,9446.0,9033.0,-281.0,24.0,16517.0,19390.0,25.0,16868.0,343.0,1.0,27860.0,49.0,Pass
l2923.txm,53.6992,751.0,752.0,136.0,0.0,1611.0,101.0,1191.0,9454.0,9049.0,52.0,24.0,16544.0,19262.0,116.0,16952.0,344.0,0.0,27878.0,49.0,Pass
l2923.txm,54.7197,752.0,753.0,136.0,0.0,1373.0,100.0,1195.0,9418.0,9115.0,166.0,24.0,16558.0,19584.0,-780.0,16376.0,343.0,0.0,27764.0,49.0,Pass
l2923.txm,55.7695,751.0,753.0,133.0,0.0,1111.0,100.0,1186.0,9425.0,9057.0,-74.0,24.0,16470.0,19588.0,24.0,16678.0,355.0,0.0,27582.0,49.0,Pass
l2923.txm,56.7598,752.0,753.0,133.0,0.0,934.0,101.0,1189.0,9450.0,9052.0,287.0,24.0,16286.0,19744.0,107.0,16672.0,351.0,0.0,27620.0,49.0,Pass
l2923.txm,10.7109,751.0,754.0,135.0,0.0,638.0,100.0,1224.0,9426.0,9062.0,-1265.0,26.0,16899.0,20006.0,77.0,16744.0,347.0,0.0,27586.0,49.0,Pass
l2924.txm,10.7109,751.0,754.0,135.0,0.0,638.0,100.0,1224.0,9426.0,9062.0,-1265.0,26.0,16899.0,20006.0,77.0,16744.0,347.0,0.0,27586.0,49.0,Pass
l2924.txm,11.8027,751.0,752.0,136.0,0.0,620.0,100.0,1224.0,9506.0,8976.0,-1012.0,26.0,16411.0,20008.0,127.0,16854.0,347.0,0.0,27572.0,49.0,Pass
l2924.txm,12.7705,751.0,755.0,133.0,0.0,598.0,100.0,1220.0,9461.0,9044.0,-1712.0,26.0,16363.0,20072.0,31.0,16458.0,358.0,0.0,27392.0,49.0,Pass
l2924.txm,13.79,752.0,754.0,134.0,0.0,571.0,100.0,1204.0,9487.0,9032.0,229.0,25.0,16627.0,20234.0,-511.0,16974.0,346.0,0.0,27348.0,49.0,Pass
l2924.txm,14.8096,752.0,754.0,134.0,0.0,633.0,101.0,1184.0,9496.0,9069.0,1400.0,23.0,16837.0,20220.0,32.0,16118.0,342.0,0.0,27298.0,50.0,Pass
l2924.txm,15.8301,752.0,753.0,135.0,0.0,1679.0,101.0,1141.0,9474.0,9039.0,-399.0,24.0,16711.0,19332.0,-477.0,17208.0,345.0,0.0,27896.0,49.0,Pass
l2924.txm,16.8496,752.0,754.0,132.0,0.0,1824.0,100.0,1181.0,9490.0,9096.0,-1287.0,25.0,16916.0,19636.0,-769.0,16214.0,347.0,0.0,27762.0,48.0,Pass
l2924.txm,17.8721,752.0,754.0,133.0,0.0,1766.0,102.0,1203.0,9541.0,9097.0,1077.0,24.0,17001.0,19360.0,742.0,16342.0,341.0,0.0,27820.0,48.0,Pass
l2924.txm,18.8906,752.0,753.0,137.0,0.0,1379.0,100.0,1207.0,9465.0,9064.0,41.0,24.0,17137.0,19468.0,36.0,16476.0,344.0,0.0,27772.0,49.0,Pass
l2924.txm,19.9111,751.0,753.0,132.0,0.0,1673.0,100.0,1155.0,9515.0,9037.0,-858.0,24.0,16497.0,19516.0,-66.0,16796.0,348.0,0.0,27942.0,49.0,Pass
l2924.txm,20.9297,752.0,753.0,132.0,0.0,1676.0,100.0,1190.0,9451.0,9083.0,-1242.0,25.0,16524.0,19490.0,-802.0,16854.0,346.0,0.0,27934.0,49.0,Pass
l2924.txm,21.9512,751.0,753.0,135.0,0.0,1688.0,101.0,1191.0,9471.0,9099.0,-944.0,24.0,16862.0,19486.0,-680.0,16824.0,342.0,0.0,27868.0,49.0,Pass
l2924.txm,22.9697,752.0,753.0,132.0,0.0,1692.0,101.0,1183.0,9509.0,9036.0,-778.0,24.0,16910.0,19278.0,22.0,16484.0,348.0,0.0,27844.0,49.0,Pass
l2924.txm,24.0156,752.0,752.0,134.0,0.0,1704.0,100.0,1187.0,9463.0,9069.0,-789.0,24.0,16734.0,19426.0,79.0,16672.0,352.0,0.0,27892.0,49.0,Pass
l2924.txm,25.0098,752.0,755.0,135.0,0.0,1729.0,101.0,1186.0,9458.0,9076.0,-1018.0,24.0,16908.0,19240.0,-391.0,16744.0,350.0,0.0,27838.0,49.0,Pass
l2924.txm,26.0303,752.0,753.0,134.0,0.0,1753.0,100.0,1188.0,9497.0,9073.0,-1020.0,24.0,16951.0,19228.0,-47.0,16476.0,349.0,1.0,27806.0,49.0,Pass
l2924.txm,27.0508,752.0,752.0,133.0,0.0,1771.0,101.0,1188.0,9488.0,9027.0,-1244.0,24.0,16582.0,19110.0,-334.0,16526.0,346.0,0.0,28010.0,49.0,Pass
l2924.txm,28.0693,752.0,754.0,135.0,0.0,1781.0,102.0,1187.0,9527.0,9037.0,-1412.0,23.0,16996.0,19312.0,104.0,16406.0,349.0,0.0,28022.0,49.0,Pass
l2924.txm,29.0908,751.0,752.0,133.0,0.0,1779.0,100.0,1188.0,9461.0,9085.0,-1020.0,23.0,16756.0,19366.0,148.0,16700.0,351.0,0.0,27834.0,49.0,Pass
l2924.txm,30.1104,751.0,754.0,133.0,0.0,1780.0,100.0,1188.0,9525.0,9048.0,-1894.0,23.0,16552.0,19422.0,-46.0,16434.0,352.0,0.0,27972.0,49.0,Pass
l2924.txm,31.1299,751.0,754.0,133.0,0.0,1789.0,100.0,1188.0,9532.0,9046.0,-551.0,23.0,16938.0,19336.0,-11.0,16470.0,348.0,1.0,28004.0,49.0,Pass
l2924.txm,32.1504,751.0,753.0,133.0,0.0,1784.0,100.0,1188.0,9446.0,9082.0,-660.0,23.0,16813.0,19182.0,133.0,16846.0,348.0,0.0,27924.0,49.0,Pass
l2924.txm,33.1699,752.0,753.0,131.0,0.0,1788.0,100.0,1187.0,9462.0,9054.0,-747.0,23.0,16633.0,19336.0,660.0,16602.0,353.0,1.0,27928.0,49.0,Pass
l2924.txm,34.1904,752.0,753.0,133.0,0.0,1783.0,101.0,1185.0,9524.0,9037.0,-2083.0,23.0,16425.0,19410.0,392.0,16586.0,351.0,1.0,27866.0,49.0,Pass
l2924.txm,35.2109,752.0,753.0,136.0,0.0,1792.0,101.0,1188.0,9429.0,9041.0,-1541.0,23.0,16432.0,19404.0,157.0,16520.0,344.0,1.0,27870.0,49.0,Pass
l2924.txm,36.2559,752.0,752.0,134.0,0.0,1794.0,101.0,1187.0,9487.0,9043.0,-1079.0,22.0,16745.0,19354.0,59.0,16666.0,358.0,0.0,27836.0,49.0,Pass
l2924.txm,37.2793,752.0,754.0,131.0,0.0,1787.0,101.0,1184.0,9485.0,9081.0,-336.0,22.0,16458.0,19258.0,534.0,16702.0,349.0,0.0,27810.0,49.0,Pass
l2924.txm,38.3008,752.0,752.0,132.0,0.0,1793.0,101.0,1184.0,9462.0,9008.0,-790.0,23.0,16906.0,19254.0,117.0,16282.0,351.0,1.0,27826.0,49.0,Pass
l2924.txm,39.3203,752.0,753.0,132.0,0.0,1787.0,101.0,1186.0,9450.0,9105.0,-694.0,23.0,16677.0,19172.0,598.0,16510.0,352.0,0.0,27900.0,49.0,Pass
l2924.txm,40.3408,752.0,753.0,136.0,0.0,1794.0,101.0,1187.0,9489.0,9020.0,-1966.0,23.0,16589.0,19400.0,115.0,16572.0,352.0,0.0,27968.0,49.0,Pass
l2924.txm,41.3613,752.0,752.0,135.0,0.0,1789.0,102.0,1184.0,9517.0,9067.0,-2491.0,23.0,16403.0,19158.0,370.0,16844.0,346.0,0.0,27900.0,49.0,Pass
l2924.txm,42.3857,752.0,752.0,135.0,0.0,1780.0,101.0,1184.0,9541.0,9015.0,-909.0,23.0,16969.0,19120.0,149.0,16672.0,346.0,0.0,27962.0,49.0,Pass
l2924.txm,43.4268,752.0,753.0,133.0,0.0,1785.0,100.0,1185.0,9476.0,9074.0,-1008.0,23.0,16796.0,19366.0,282.0,16424.0,346.0,1.0,27992.0,49.0,Pass
l2924.txm,44.501,752.0,754.0,137.0,0.0,1781.0,100.0,1183.0,9484.0,9052.0,-1743.0,23.0,16772.0,19130.0,-75.0,16498.0,349.0,0.0,28008.0,49.0,Pass
l2924.txm,45.4707,752.0,754.0,134.0,0.0,1785.0,101.0,1187.0,9468.0,9022.0,-1054.0,23.0,16235.0,19168.0,592.0,16886.0,354.0,0.0,27992.0,49.0,Pass
l2924.txm,46.4912,752.0,754.0,135.0,0.0,1774.0,100.0,1185.0,9437.0,9122.0,-464.0,23.0,16686.0,19248.0,268.0,16622.0,351.0,0.0,28020.0,49.0,Pass
l2924.txm,47.5107,751.0,754.0,132.0,0.0,1775.0,100.0,1185.0,9542.0,9010.0,-934.0,23.0,16908.0,19174.0,9.0,16706.0,351.0,0.0,27822.0,49.0,Pass
l2924.txm,48.5303,752.0,752.0,133.0,0.0,1774.0,101.0,1187.0,9476.0,9108.0,-596.0,23.0,16520.0,19262.0,52.0,16908.0,359.0,0.0,28012.0,49.0,Pass
l2924.txm,49.5664,752.0,754.0,132.0,0.0,1767.0,100.0,1184.0,9450.0,9034.0,-687.0,23.0,16423.0,19324.0,99.0,16262.0,347.0,0.0,27898.0,49.0,Pass
l2924.txm,50.5908,752.0,754.0,135.0,0.0,1761.0,102.0,1184.0,9437.0,9113.0,-2379.0,23.0,16303.0,19250.0,147.0,16160.0,361.0,1.0,27984.0,49.0,Pass
l2924.txm,51.6357,752.0,753.0,134.0,0.0,1751.0,100.0,1184.0,9453.0,9069.0,-1280.0,23.0,16885.0,19228.0,-321.0,16718.0,351.0,0.0,27810.0,49.0,Pass
l2924.txm,52.6309,752.0,754.0,134.0,0.0,1747.0,101.0,1185.0,9443.0,9115.0,-186.0,23.0,16586.0,19244.0,-378.0,16734.0,340.0,0.0,28010.0,49.0,Pass
l2924.txm,53.6504,751.0,752.0,135.0,0.0,1711.0,101.0,1184.0,9492.0,9021.0,-570.0,23.0,16727.0,19244.0,854.0,16566.0,350.0,1.0,27870.0,49.0,Pass
l2924.txm,54.6709,752.0,753.0,136.0,1.0,1468.0,102.0,1196.0,9483.0,9038.0,-307.0,23.0,16486.0,19356.0,-567.0,16890.0,342.0,0.0,27806.0,49.0,Pass
l2924.txm,55.6904,752.0,754.0,133.0,0.0,1215.0,101.0,1190.0,9477.0,9043.0,137.0,24.0,16345.0,19544.0,-273.0,16918.0,344.0,0.0,27762.0,49.0,Pass
l2924.txm,56.7119,752.0,754.0,135.0,0.0,974.0,101.0,1186.0,9510.0,8991.0,69.0,24.0,16328.0,19802.0,-409.0,16330.0,346.0,0.0,27610.0,49.0,Pass
l2924.txm,10.7187,751.0,753.0,133.0,0.0,637.0,101.0,1221.0,9443.0,9050.0,-1421.0,26.0,16512.0,19998.0,-64.0,16754.0,350.0,0.0,27632.0,49.0,Pass
l2925.txm,10.7187,751.0,753.0,133.0,0.0,637.0,101.0,1221.0,9443.0,9050.0,-1421.0,26.0,16512.0,19998.0,-64.0,16754.0,350.0,0.0,27632.0,49.0,Pass
l2925.txm,11.7646,751.0,753.0,132.0,0.0,624.0,101.0,1221.0,9442.0,9060.0,-1564.0,26.0,16502.0,19990.0,-376.0,16922.0,342.0,0.0,27550.0,49.0,Pass
l2925.txm,12.7588,751.0,754.0,131.0,0.0,606.0,101.0,1223.0,9521.0,9002.0,-1350.0,26.0,16274.0,20062.0,-281.0,16754.0,344.0,0.0,27370.0,49.0,Pass
l2925.txm,13.8252,751.0,756.0,132.0,0.0,575.0,100.0,1203.0,9459.0,9084.0,-1149.0,26.0,16683.0,20176.0,-759.0,16736.0,347.0,0.0,27302.0,49.0,Pass
l2925.txm,14.8389,751.0,752.0,135.0,0.0,681.0,100.0,1176.0,9527.0,9015.0,221.0,25.0,16889.0,20150.0,110.0,15476.0,348.0,1.0,27308.0,49.0,Pass
l2925.txm,15.8584,751.0,754.0,133.0,0.0,1629.0,101.0,1147.0,9486.0,9064.0,-89.0,25.0,16690.0,19312.0,-381.0,17220.0,346.0,0.0,28086.0,49.0,Pass
l2925.txm,16.8789,751.0,753.0,135.0,0.0,1825.0,101.0,1185.0,9467.0,9120.0,-316.0,25.0,16632.0,19580.0,-388.0,16078.0,354.0,0.0,27756.0,48.0,Pass
l2925.txm,17.8984,752.0,753.0,134.0,0.0,1785.0,101.0,1202.0,9465.0,9145.0,362.0,24.0,16722.0,19556.0,-376.0,16380.0,354.0,0.0,27962.0,48.0,Pass
l2925.txm,18.9443,751.0,753.0,133.0,0.0,1422.0,101.0,1205.0,9503.0,9021.0,341.0,24.0,16710.0,19562.0,-886.0,16780.0,353.0,0.0,27858.0,49.0,Pass
l2925.txm,19.9385,751.0,754.0,135.0,0.0,1667.0,100.0,1161.0,9445.0,9075.0,-708.0,24.0,16743.0,19354.0,4.0,16284.0,360.0,0.0,27844.0,49.0,Pass
l2925.txm,20.959,751.0,753.0,136.0,0.0,1657.0,101.0,1187.0,9475.0,9052.0,-1275.0,25.0,16506.0,19598.0,55.0,16618.0,345.0,0.0,27862.0,48.0,Pass
l2925.txm,21.9785,751.0,754.0,134.0,0.0,1679.0,101.0,1193.0,9502.0,9033.0,-679.0,24.0,16893.0,19514.0,904.0,16410.0,349.0,0.0,27898.0,49.0,Pass
l2925.txm,23.0,752.0,753.0,133.0,0.0,1685.0,101.0,1182.0,9455.0,9091.0,-460.0,25.0,16747.0,19614.0,-686.0,16550.0,347.0,0.0,27846.0,49.0,Pass
l2925.txm,24.0186,752.0,753.0,134.0,0.0,1695.0,101.0,1186.0,9475.0,9066.0,-972.0,25.0,16864.0,19352.0,-77.0,15994.0,354.0,0.0,27848.0,49.0,Pass
l2925.txm,25.0391,751.0,752.0,134.0,0.0,1718.0,102.0,1186.0,9504.0,9030.0,-830.0,25.0,16491.0,19490.0,588.0,16200.0,356.0,1.0,27836.0,49.0,Pass
l2925.txm,26.0586,751.0,753.0,131.0,0.0,1746.0,101.0,1186.0,9451.0,9034.0,-1069.0,25.0,16730.0,19228.0,0.0,16578.0,350.0,0.0,27850.0,49.0,Pass
l2925.txm,27.0791,751.0,753.0,134.0,0.0,1760.0,101.0,1186.0,9465.0,9095.0,-1223.0,24.0,16426.0,19388.0,-16.0,16526.0,352.0,0.0,27996.0,49.0,Pass
l2925.txm,28.0996,751.0,754.0,132.0,0.0,1769.0,101.0,1187.0,9510.0,9027.0,-1412.0,24.0,16702.0,19382.0,103.0,16138.0,354.0,0.0,27804.0,49.0,Pass
l2925.txm,29.1182,752.0,754.0,132.0,0.0,1777.0,101.0,1187.0,9501.0,9015.0,-1627.0,24.0,16654.0,19304.0,149.0,16090.0,360.0,0.0,27942.0,49.0,Pass
l2925.txm,30.1396,751.0,753.0,126.0,0.0,1775.0,100.0,1186.0,9504.0,9049.0,-1645.0,24.0,16388.0,19352.0,145.0,16540.0,354.0,0.0,27844.0,49.0,Pass
l2925.txm,31.1855,751.0,752.0,133.0,0.0,1775.0,102.0,1187.0,9436.0,9091.0,-920.0,24.0,16901.0,19310.0,16.0,16382.0,346.0,0.0,27818.0,49.0,Pass
l2925.txm,32.1787,752.0,753.0,133.0,0.0,1781.0,100.0,1187.0,9470.0,9052.0,-1472.0,23.0,16692.0,19172.0,-72.0,16516.0,345.0,0.0,27886.0,49.0,Pass
l2925.txm,33.1982,752.0,754.0,131.0,0.0,1779.0,100.0,1186.0,9471.0,9044.0,-840.0,23.0,16462.0,19162.0,34.0,16042.0,347.0,0.0,27882.0,49.0,Pass
l2925.txm,34.2188,752.0,752.0,133.0,0.0,1781.0,102.0,1183.0,9511.0,9046.0,-868.0,23.0,16494.0,19164.0,-93.0,16642.0,349.0,0.0,27988.0,49.0,Pass
l2925.txm,35.2383,752.0,754.0,132.0,0.0,1790.0,101.0,1189.0,9409.0,9099.0,-1537.0,23.0,16188.0,19260.0,32.0,16350.0,356.0,1.0,27790.0,49.0,Pass
l2925.txm,36.2588,752.0,753.0,134.0,0.0,1782.0,100.0,1185.0,9469.0,9017.0,-803.0,23.0,16502.0,19252.0,115.0,16818.0,348.0,0.0,27796.0,49.0,Pass
l2925.txm,37.2783,752.0,753.0,130.0,0.0,1783.0,101.0,1184.0,9457.0,9060.0,-914.0,23.0,16288.0,19402.0,-77.0,16766.0,340.0,0.0,27958.0,49.0,Pass
l2925.txm,38.2988,752.0,754.0,134.0,0.0,1781.0,102.0,1185.0,9464.0,9089.0,-598.0,23.0,16833.0,19368.0,492.0,16684.0,344.0,0.0,28010.0,49.0,Pass
l2925.txm,39.3193,752.0,753.0,132.0,0.0,1786.0,101.0,1186.0,9484.0,9039.0,-347.0,24.0,16278.0,19170.0,1166.0,16168.0,348.0,1.0,27986.0,49.0,Pass
l2925.txm,40.3389,751.0,753.0,131.0,0.0,1780.0,100.0,1185.0,9454.0,9063.0,-1674.0,23.0,16313.0,19210.0,66.0,16310.0,358.0,1.0,27806.0,49.0,Pass
l2925.txm,41.3584,751.0,755.0,133.0,0.0,1779.0,100.0,1185.0,9515.0,9006.0,-1836.0,23.0,16642.0,19228.0,158.0,16100.0,347.0,1.0,27992.0,49.0,Pass
l2925.txm,42.3789,752.0,753.0,130.0,0.0,1784.0,101.0,1183.0,9505.0,9019.0,-1059.0,23.0,16151.0,19120.0,20.0,16434.0,345.0,0.0,27960.0,49.0,Pass
l2925.txm,43.4258,752.0,753.0,133.0,0.0,1774.0,101.0,1184.0,9521.0,9009.0,-686.0,23.0,16463.0,19154.0,100.0,16280.0,343.0,0.0,28002.0,49.0,Pass
l2925.txm,44.624,752.0,754.0,134.0,0.0,1776.0,100.0,1182.0,9532.0,9017.0,-447.0,24.0,16750.0,19246.0,-424.0,16696.0,342.0,0.0,28004.0,49.0,Pass
l2925.txm,45.7275,752.0,754.0,135.0,0.0,1776.0,101.0,1188.0,9491.0,9028.0,-894.0,24.0,16688.0,19136.0,-79.0,16742.0,348.0,0.0,27930.0,49.0,Pass
l2925.txm,46.6982,751.0,753.0,133.0,0.0,1773.0,100.0,1184.0,9456.0,9121.0,295.0,24.0,16444.0,19136.0,12.0,16448.0,343.0,1.0,28002.0,49.0,Pass
l2925.txm,47.7187,752.0,754.0,135.0,0.0,1769.0,101.0,1183.0,9444.0,9068.0,-902.0,23.0,16929.0,19310.0,96.0,16776.0,347.0,0.0,27812.0,49.0,Pass
l2925.txm,48.7383,751.0,754.0,133.0,0.0,1768.0,100.0,1184.0,9427.0,9048.0,19.0,24.0,16634.0,19182.0,-295.0,16634.0,347.0,0.0,27924.0,49.0,Pass
l2925.txm,49.7588,752.0,753.0,135.0,0.0,1765.0,100.0,1186.0,9421.0,9069.0,-1385.0,24.0,16496.0,19256.0,-324.0,16710.0,342.0,0.0,27836.0,49.0,Pass
l2925.txm,50.7793,751.0,753.0,133.0,0.0,1760.0,100.0,1186.0,9471.0,9102.0,-670.0,24.0,16209.0,19192.0,-44.0,16266.0,347.0,1.0,27894.0,49.0,Pass
l2925.txm,51.7988,752.0,754.0,133.0,0.0,1751.0,101.0,1185.0,9466.0,9021.0,-1361.0,24.0,16603.0,19258.0,-39.0,16826.0,344.0,0.0,28036.0,49.0,Pass
l2925.txm,52.8428,751.0,753.0,134.0,0.0,1737.0,101.0,1188.0,9488.0,9009.0,-1965.0,23.0,16311.0,19154.0,-468.0,16564.0,356.0,1.0,27938.0,49.0,Pass
l2925.txm,53.8682,751.0,752.0,133.0,0.0,1656.0,100.0,1188.0,9492.0,9007.0,-1009.0,24.0,16409.0,19268.0,-388.0,16498.0,351.0,0.0,27926.0,49.0,Pass
l2925.txm,54.8887,752.0,754.0,134.0,0.0,1441.0,100.0,1194.0,9426.0,9116.0,391.0,23.0,16429.0,19396.0,-1025.0,16908.0,354.0,0.0,27790.0,49.0,Pass
l2925.txm,55.9092,752.0,754.0,132.0,0.0,1161.0,101.0,1189.0,9470.0,9058.0,245.0,24.0,16406.0,19590.0,-94.0,16882.0,353.0,0.0,27746.0,49.0,Pass
l2925.txm,56.9287,752.0,753.0,135.0,0.0,941.0,100.0,1187.0,9457.0,9085.0,2.0,25.0,16206.0,19716.0,-391.0,16732.0,350.0,0.0,27610.0,49.0,Pass
l2925.txm,10.709,751.0,752.0,133.0,0.0,630.0,100.0,1223.0,9431.0,9062.0,-755.0,26.0,16899.0,20002.0,77.0,16840.0,352.0,0.0,27644.0,49.0,Pass
l2926.txm,10.709,751.0,752.0,133.0,0.0,630.0,100.0,1223.0,9431.0,9062.0,-755.0,26.0,16899.0,20002.0,77.0,16840.0,352.0,0.0,27644.0,49.0,Pass
l2926.txm,11.7305,751.0,753.0,135.0,0.0,618.0,101.0,1222.0,9472.0,9043.0,-1106.0,26.0,16447.0,20000.0,-7.0,16796.0,349.0,0.0,27558.0,49.0,Pass
l2926.txm,12.75,751.0,752.0,132.0,0.0,595.0,100.0,1218.0,9497.0,9023.0,-197.0,26.0,16786.0,20106.0,11.0,16554.0,357.0,0.0,27304.0,49.0,Pass
l2926.txm,13.8496,751.0,754.0,135.0,0.0,565.0,100.0,1196.0,9463.0,9054.0,-1616.0,27.0,16468.0,20044.0,-598.0,16716.0,353.0,0.0,27300.0,49.0,Pass
l2926.txm,14.8701,751.0,753.0,134.0,0.0,1042.0,100.0,1157.0,9481.0,9009.0,28.0,28.0,16173.0,19922.0,2984.0,15344.0,349.0,3.0,28080.0,49.0,Pass
l2926.txm,15.8906,751.0,755.0,135.0,0.0,1778.0,100.0,1155.0,9487.0,9047.0,-1260.0,25.0,16373.0,19194.0,-875.0,16854.0,357.0,1.0,27784.0,48.0,Pass
l2926.txm,16.9102,751.0,752.0,134.0,0.0,1824.0,100.0,1196.0,9505.0,9097.0,-429.0,25.0,16729.0,19570.0,110.0,16210.0,350.0,1.0,27844.0,48.0,Pass
l2926.txm,17.9307,752.0,752.0,134.0,0.0,1591.0,101.0,1205.0,9471.0,9007.0,-369.0,25.0,16667.0,19288.0,96.0,16492.0,349.0,1.0,27978.0,48.0,Pass
l2926.txm,18.9502,751.0,753.0,132.0,0.0,1478.0,100.0,1195.0,9525.0,8998.0,-1073.0,25.0,16419.0,19318.0,109.0,16818.0,342.0,0.0,27792.0,49.0,Pass
l2926.txm,19.9707,752.0,753.0,134.0,0.0,1655.0,102.0,1167.0,9442.0,9057.0,-1226.0,25.0,16517.0,19264.0,-323.0,16730.0,354.0,0.0,27902.0,49.0,Pass
l2926.txm,20.9902,752.0,753.0,129.0,0.0,1687.0,100.0,1196.0,9506.0,9048.0,-1597.0,25.0,16660.0,19240.0,-607.0,16710.0,349.0,0.0,27922.0,49.0,Pass
l2926.txm,22.0352,752.0,753.0,134.0,0.0,1688.0,100.0,1184.0,9448.0,9059.0,-956.0,25.0,16225.0,19300.0,-68.0,17066.0,347.0,0.0,27994.0,49.0,Pass
l2926.txm,23.0596,752.0,753.0,131.0,0.0,1687.0,101.0,1182.0,9471.0,9078.0,-805.0,25.0,16666.0,19350.0,123.0,16816.0,346.0,0.0,27834.0,49.0,Pass
l2926.txm,24.0801,752.0,754.0,133.0,0.0,1700.0,100.0,1183.0,9423.0,9059.0,-1230.0,25.0,16634.0,19224.0,806.0,16382.0,348.0,0.0,27846.0,49.0,Pass
l2926.txm,25.1016,751.0,754.0,132.0,0.0,1734.0,100.0,1189.0,9439.0,9038.0,-1344.0,25.0,16485.0,19392.0,924.0,16344.0,347.0,0.0,27818.0,49.0,Pass
l2926.txm,26.1211,751.0,753.0,135.0,0.0,1753.0,101.0,1187.0,9485.0,9047.0,-2076.0,24.0,16444.0,19298.0,88.0,16320.0,343.0,1.0,27864.0,49.0,Pass
l2926.txm,27.1836,752.0,754.0,134.0,0.0,1772.0,102.0,1186.0,9487.0,9032.0,-932.0,24.0,16575.0,19376.0,6.0,16268.0,348.0,0.0,27790.0,49.0,Pass
l2926.txm,28.1592,751.0,753.0,136.0,0.0,1774.0,101.0,1184.0,9477.0,9076.0,-1608.0,24.0,16615.0,19276.0,-53.0,16480.0,356.0,0.0,27878.0,49.0,Pass
l2926.txm,29.1797,752.0,753.0,136.0,0.0,1780.0,101.0,1188.0,9506.0,8998.0,-886.0,24.0,16526.0,19374.0,-268.0,16362.0,342.0,0.0,27876.0,49.0,Pass
l2926.txm,30.1992,751.0,753.0,133.0,0.0,1779.0,100.0,1185.0,9483.0,9049.0,-1219.0,24.0,16399.0,19154.0,-302.0,16532.0,355.0,0.0,27988.0,49.0,Pass
l2926.txm,31.2207,752.0,753.0,135.0,0.0,1785.0,101.0,1185.0,9472.0,9030.0,-1016.0,23.0,16893.0,19216.0,-353.0,16836.0,348.0,0.0,27742.0,49.0,Pass
l2926.txm,32.2402,752.0,754.0,131.0,0.0,1779.0,101.0,1187.0,9496.0,9047.0,-899.0,23.0,16527.0,19334.0,446.0,16116.0,353.0,0.0,27926.0,49.0,Pass
l2926.txm,33.2607,752.0,754.0,134.0,0.0,1778.0,101.0,1183.0,9489.0,9024.0,-309.0,23.0,16707.0,19410.0,124.0,16580.0,360.0,0.0,28022.0,49.0,Pass
l2926.txm,34.3096,751.0,753.0,135.0,0.0,1784.0,101.0,1188.0,9440.0,9068.0,-1313.0,23.0,16545.0,19344.0,320.0,16084.0,350.0,1.0,27898.0,49.0,Pass
l2926.txm,35.3301,752.0,753.0,133.0,0.0,1783.0,100.0,1186.0,9433.0,9105.0,-1733.0,23.0,16711.0,19094.0,159.0,16618.0,359.0,0.0,27958.0,49.0,Pass
l2926.txm,36.3506,752.0,753.0,134.0,0.0,1786.0,100.0,1186.0,9474.0,9046.0,-361.0,23.0,16709.0,19274.0,36.0,16402.0,356.0,0.0,27848.0,49.0,Pass
l2926.txm,37.3711,752.0,753.0,131.0,0.0,1786.0,101.0,1184.0,9433.0,9048.0,-1469.0,23.0,16360.0,19128.0,-337.0,16442.0,349.0,0.0,27884.0,49.0,Pass
l2926.txm,38.3906,752.0,753.0,134.0,0.0,1789.0,101.0,1184.0,9493.0,9037.0,-438.0,23.0,16488.0,19396.0,430.0,16774.0,351.0,0.0,27978.0,49.0,Pass
l2926.txm,39.4102,752.0,754.0,132.0,0.0,1791.0,101.0,1184.0,9449.0,9114.0,-1873.0,23.0,16172.0,19272.0,350.0,16272.0,355.0,1.0,27842.0,49.0,Pass
l2926.txm,40.4307,752.0,753.0,133.0,0.0,1786.0,101.0,1185.0,9461.0,9050.0,-988.0,23.0,16500.0,19240.0,-25.0,16454.0,342.0,0.0,28034.0,49.0,Pass
l2926.txm,41.4756,751.0,754.0,133.0,0.0,1779.0,100.0,1184.0,9434.0,9128.0,-1302.0,23.0,16562.0,19116.0,-389.0,16680.0,352.0,1.0,27976.0,49.0,Pass
l2926.txm,42.4697,752.0,754.0,133.0,0.0,1778.0,100.0,1182.0,9429.0,9093.0,-1594.0,23.0,16390.0,19262.0,332.0,16158.0,343.0,0.0,28006.0,49.0,Pass
l2926.txm,43.4902,752.0,754.0,132.0,0.0,1782.0,100.0,1184.0,9468.0,9042.0,-445.0,23.0,16451.0,19278.0,36.0,16410.0,354.0,0.0,27806.0,49.0,Pass
l2926.txm,44.7139,753.0,754.0,133.0,0.0,1781.0,101.0,1187.0,9477.0,9053.0,-1310.0,23.0,16595.0,19116.0,77.0,16260.0,347.0,0.0,27964.0,49.0,Pass
l2926.txm,45.5703,752.0,754.0,130.0,0.0,1780.0,100.0,1187.0,9532.0,9010.0,-1766.0,23.0,16113.0,19300.0,-87.0,16644.0,351.0,1.0,27832.0,49.0,Pass
l2926.txm,46.5898,751.0,753.0,136.0,0.0,1771.0,100.0,1185.0,9455.0,9036.0,-2141.0,23.0,16730.0,19160.0,99.0,16166.0,350.0,0.0,28020.0,49.0,Pass
l2926.txm,47.6103,752.0,752.0,132.0,0.0,1775.0,101.0,1184.0,9457.0,9086.0,-1188.0,24.0,16278.0,19408.0,-538.0,16790.0,352.0,0.0,27986.0,49.0,Pass
l2926.txm,49.1406,752.0,753.0,133.0,0.0,1769.0,101.0,1187.0,9487.0,9043.0,-904.0,23.0,16773.0,19272.0,-44.0,16456.0,346.0,0.0,28018.0,49.0,Pass
l2926.txm,50.1602,752.0,752.0,136.0,0.0,1763.0,102.0,1186.0,9439.0,9089.0,-199.0,23.0,16679.0,19114.0,55.0,16848.0,355.0,1.0,27988.0,49.0,Pass
l2926.txm,51.1807,752.0,754.0,135.0,0.0,1756.0,100.0,1185.0,9450.0,9073.0,213.0,24.0,16776.0,19288.0,28.0,16586.0,352.0,1.0,27996.0,49.0,Pass
l2926.txm,52.2256,751.0,751.0,136.0,0.0,1747.0,102.0,1184.0,9455.0,9041.0,-282.0,24.0,16350.0,19310.0,88.0,16240.0,349.0,0.0,27822.0,49.0,Pass
l2926.txm,53.2207,751.0,751.0,136.0,0.0,1704.0,101.0,1187.0,9432.0,9065.0,-1972.0,24.0,16299.0,19320.0,-381.0,16854.0,346.0,1.0,27898.0,49.0,Pass
l2926.txm,54.2402,751.0,753.0,137.0,0.0,1466.0,101.0,1194.0,9512.0,9006.0,-481.0,23.0,16737.0,19318.0,-725.0,17144.0,348.0,0.0,27814.0,49.0,Pass
l2926.txm,55.2607,751.0,754.0,133.0,0.0,1226.0,100.0,1193.0,9437.0,9075.0,537.0,24.0,16480.0,19546.0,-456.0,16686.0,344.0,0.0,27760.0,49.0,Pass
l2926.txm,56.2803,752.0,754.0,132.0,0.0,995.0,100.0,1190.0,9492.0,9004.0,798.0,25.0,16237.0,19606.0,123.0,16546.0,356.0,1.0,27608.0,49.0,Pass
l2926.txm,10.71,751.0,754.0,136.0,0.0,629.0,101.0,1226.0,9443.0,9024.0,-1381.0,26.0,16489.0,19978.0,476.0,16774.0,354.0,0.0,27620.0,49.0,Pass
l2927.txm,10.71,751.0,754.0,136.0,0.0,629.0,101.0,1226.0,9443.0,9024.0,-1381.0,26.0,16489.0,19978.0,476.0,16774.0,354.0,0.0,27620.0,49.0,Pass
l2927.txm,11.7295,751.0,753.0,132.0,0.0,613.0,100.0,1224.0,9445.0,9071.0,-1194.0,26.0,16636.0,20060.0,-507.0,16632.0,357.0,0.0,27422.0,49.0,Pass
l2927.txm,12.75,751.0,754.0,131.0,0.0,589.0,101.0,1220.0,9440.0,9082.0,-1009.0,26.0,16562.0,20078.0,-303.0,17022.0,339.0,0.0,27474.0,49.0,Pass
l2927.txm,13.7695,752.0,754.0,135.0,0.0,565.0,102.0,1197.0,9441.0,9050.0,-1491.0,27.0,16252.0,20070.0,-91.0,16694.0,359.0,0.0,27344.0,49.0,Pass
l2927.txm,14.7988,751.0,754.0,136.0,0.0,942.0,101.0,1163.0,9441.0,9042.0,-674.0,28.0,16283.0,20302.0,1128.0,15010.0,349.0,0.0,27808.0,50.0,Pass
l2927.txm,15.8193,751.0,753.0,133.0,0.0,1788.0,102.0,1155.0,9499.0,9032.0,-2431.0,25.0,16688.0,19444.0,-1048.0,16160.0,345.0,0.0,27598.0,48.0,Pass
l2927.txm,16.8398,752.0,752.0,134.0,0.0,1817.0,101.0,1195.0,9505.0,9065.0,-1725.0,25.0,16531.0,19396.0,434.0,16290.0,344.0,0.0,27942.0,48.0,Pass
l2927.txm,17.8594,752.0,752.0,133.0,0.0,1638.0,101.0,1203.0,9446.0,9060.0,1543.0,25.0,16448.0,19234.0,-511.0,17068.0,357.0,0.0,27858.0,48.0,Pass
l2927.txm,18.8799,751.0,753.0,135.0,0.0,1425.0,101.0,1203.0,9489.0,9050.0,481.0,25.0,17145.0,19550.0,-259.0,16582.0,349.0,1.0,27798.0,49.0,Pass
l2927.txm,19.9258,752.0,754.0,134.0,0.0,1649.0,101.0,1162.0,9461.0,9056.0,-274.0,25.0,16901.0,19676.0,126.0,16382.0,347.0,0.0,27842.0,49.0,Pass
l2927.txm,20.9502,752.0,753.0,133.0,0.0,1677.0,101.0,1195.0,9477.0,9025.0,-774.0,25.0,16524.0,19508.0,208.0,16376.0,351.0,0.0,27894.0,49.0,Pass
l2927.txm,21.9697,752.0,754.0,132.0,0.0,1677.0,100.0,1186.0,9445.0,9093.0,233.0,25.0,16498.0,19356.0,142.0,16596.0,342.0,1.0,27874.0,49.0,Pass
l2927.txm,22.9893,751.0,753.0,133.0,0.0,1689.0,101.0,1183.0,9486.0,9067.0,-553.0,25.0,16873.0,19522.0,-3.0,16618.0,346.0,1.0,27780.0,49.0,Pass
l2927.txm,24.0098,752.0,753.0,131.0,0.0,1702.0,102.0,1183.0,9476.0,9047.0,-781.0,24.0,16617.0,19320.0,64.0,16344.0,354.0,0.0,27876.0,49.0,Pass
l2927.txm,25.0293,752.0,753.0,132.0,0.0,1729.0,101.0,1184.0,9458.0,9094.0,-1168.0,25.0,16895.0,19494.0,90.0,16074.0,354.0,1.0,27908.0,49.0,Pass
l2927.txm,26.0508,752.0,753.0,133.0,0.0,1753.0,100.0,1187.0,9481.0,9058.0,-49.0,24.0,16619.0,19168.0,-330.0,16596.0,342.0,0.0,28000.0,49.0,Pass
l2927.txm,27.0957,751.0,753.0,135.0,0.0,1765.0,100.0,1185.0,9482.0,9061.0,-944.0,24.0,16693.0,19284.0,52.0,16778.0,351.0,0.0,28010.0,49.0,Pass
l2927.txm,28.0889,752.0,751.0,134.0,0.0,1767.0,101.0,1185.0,9448.0,9061.0,-1374.0,24.0,16580.0,19252.0,132.0,16482.0,350.0,0.0,27968.0,49.0,Pass
l2927.txm,29.1094,752.0,753.0,135.0,0.0,1775.0,100.0,1185.0,9502.0,9063.0,-986.0,24.0,16660.0,19352.0,59.0,16888.0,338.0,0.0,27822.0,49.0,Pass
l2927.txm,30.1299,751.0,754.0,132.0,0.0,1773.0,100.0,1187.0,9447.0,9037.0,-2136.0,24.0,16393.0,19286.0,22.0,16518.0,358.0,0.0,27902.0,49.0,Pass
l2927.txm,31.1494,752.0,753.0,135.0,0.0,1781.0,101.0,1184.0,9465.0,9065.0,-885.0,24.0,16714.0,19448.0,129.0,16772.0,346.0,0.0,27852.0,49.0,Pass
l2927.txm,32.1699,751.0,754.0,132.0,0.0,1779.0,101.0,1185.0,9489.0,9071.0,-1672.0,23.0,16545.0,19388.0,-9.0,16122.0,348.0,1.0,27832.0,49.0,Pass
l2927.txm,33.1895,751.0,753.0,134.0,0.0,1782.0,101.0,1184.0,9443.0,9048.0,-1189.0,24.0,16862.0,19376.0,35.0,16714.0,343.0,0.0,27928.0,49.0,Pass
l2927.txm,34.21,751.0,753.0,131.0,0.0,1785.0,101.0,1185.0,9466.0,9063.0,-1176.0,23.0,16523.0,19384.0,-451.0,16494.0,348.0,0.0,27980.0,49.0,Pass
l2927.txm,35.2295,752.0,754.0,134.0,0.0,1786.0,101.0,1186.0,9486.0,9079.0,145.0,23.0,16649.0,19220.0,61.0,16410.0,353.0,0.0,27838.0,49.0,Pass
l2927.txm,36.25,751.0,753.0,134.0,0.0,1784.0,100.0,1186.0,9427.0,9042.0,-978.0,23.0,16296.0,19150.0,578.0,16006.0,361.0,0.0,27870.0,49.0,Pass
l2927.txm,37.2695,752.0,753.0,132.0,0.0,1786.0,101.0,1184.0,9454.0,9041.0,-1799.0,24.0,16274.0,19192.0,94.0,16464.0,347.0,0.0,27834.0,49.0,Pass
l2927.txm,38.29,752.0,752.0,135.0,0.0,1782.0,101.0,1184.0,9527.0,9015.0,-307.0,24.0,16482.0,19288.0,125.0,16432.0,351.0,1.0,28012.0,49.0,Pass
l2927.txm,39.3359,752.0,753.0,134.0,0.0,1791.0,100.0,1186.0,9443.0,9086.0,-1028.0,24.0,16576.0,19110.0,-26.0,16712.0,342.0,0.0,27950.0,49.0,Pass
l2927.txm,40.3291,751.0,754.0,132.0,0.0,1787.0,100.0,1185.0,9477.0,9048.0,-1317.0,23.0,16141.0,19314.0,111.0,16280.0,347.0,0.0,28018.0,49.0,Pass
l2927.txm,41.3496,751.0,753.0,131.0,0.0,1779.0,101.0,1185.0,9441.0,9058.0,-1853.0,24.0,16237.0,19216.0,-23.0,16580.0,347.0,0.0,27800.0,49.0,Pass
l2927.txm,42.3701,752.0,753.0,136.0,0.0,1778.0,102.0,1185.0,9432.0,9104.0,-1250.0,23.0,16691.0,19402.0,-11.0,16346.0,353.0,0.0,27846.0,49.0,Pass
l2927.txm,43.3906,752.0,753.0,133.0,0.0,1777.0,100.0,1186.0,9507.0,9036.0,-727.0,24.0,16259.0,19204.0,82.0,16754.0,347.0,0.0,27998.0,49.0,Pass
l2927.txm,44.5059,752.0,752.0,132.0,0.0,1773.0,100.0,1183.0,9440.0,9086.0,121.0,24.0,16871.0,19314.0,1030.0,16512.0,354.0,0.0,28006.0,49.0,Pass
l2927.txm,45.4795,752.0,754.0,136.0,0.0,1770.0,100.0,1184.0,9447.0,9079.0,-2192.0,24.0,16541.0,19120.0,-267.0,16668.0,347.0,0.0,27852.0,49.0,Pass
l2927.txm,46.499,752.0,754.0,133.0,0.0,1766.0,100.0,1183.0,9421.0,9074.0,-2446.0,24.0,16315.0,19378.0,-274.0,16536.0,346.0,0.0,27966.0,49.0,Pass
l2927.txm,47.5195,752.0,752.0,134.0,0.0,1771.0,101.0,1185.0,9451.0,9088.0,20.0,24.0,16343.0,19222.0,-89.0,16742.0,347.0,0.0,28024.0,49.0,Pass
l2927.txm,48.5391,751.0,753.0,134.0,0.0,1766.0,101.0,1183.0,9478.0,9026.0,-1945.0,24.0,16325.0,19220.0,582.0,16428.0,349.0,0.0,28014.0,49.0,Pass
l2927.txm,49.5615,751.0,753.0,134.0,0.0,1760.0,100.0,1184.0,9453.0,9078.0,-1099.0,24.0,16573.0,19130.0,-427.0,16412.0,352.0,1.0,27958.0,49.0,Pass
l2927.txm,50.5791,751.0,753.0,136.0,0.0,1752.0,101.0,1184.0,9505.0,9038.0,-403.0,24.0,16838.0,19326.0,546.0,16342.0,358.0,1.0,27822.0,49.0,Pass
l2927.txm,51.626,751.0,754.0,134.0,0.0,1744.0,101.0,1184.0,9479.0,9013.0,-77.0,24.0,16401.0,19206.0,-328.0,16600.0,347.0,0.0,27806.0,49.0,Pass
l2927.txm,52.6201,752.0,754.0,133.0,0.0,1731.0,100.0,1181.0,9477.0,9041.0,-2253.0,24.0,16118.0,19364.0,800.0,16838.0,343.0,0.0,28014.0,49.0,Pass
l2927.txm,53.6396,751.0,752.0,133.0,0.0,1624.0,101.0,1188.0,9484.0,9066.0,-886.0,24.0,16156.0,19272.0,-534.0,16736.0,348.0,1.0,28026.0,49.0,Pass
l2927.txm,54.6602,752.0,754.0,133.0,0.0,1329.0,101.0,1196.0,9454.0,9112.0,-41.0,23.0,16439.0,19546.0,-647.0,16866.0,351.0,0.0,27786.0,49.0,Pass
l2927.txm,55.6797,752.0,753.0,134.0,1.0,1078.0,100.0,1187.0,9434.0,9040.0,744.0,25.0,16090.0,19600.0,-589.0,16814.0,355.0,0.0,27650.0,49.0,Pass
l2927.txm,56.7002,751.0,753.0,135.0,0.0,907.0,101.0,1192.0,9451.0,9014.0,584.0,25.0,16406.0,19784.0,-843.0,16688.0,348.0,0.0,27592.0,49.0,Pass
l2927.txm,9.69043,751.0,753.0,135.0,0.0,646.0,101.0,1231.0,9424.0,9076.0,-696.0,25.0,17173.0,19988.0,-80.0,16704.0,347.0,0.0,27636.0,49.0,Pass
l2928.txm,9.69043,751.0,753.0,135.0,0.0,646.0,101.0,1231.0,9424.0,9076.0,-696.0,25.0,17173.0,19988.0,-80.0,16704.0,347.0,0.0,27636.0,49.0,Pass
l2928.txm,10.7109,751.0,753.0,132.0,0.0,622.0,101.0,1226.0,9406.0,9061.0,-766.0,26.0,16549.0,19988.0,-878.0,16654.0,346.0,0.0,27510.0,49.0,Pass
l2928.txm,11.7334,751.0,754.0,135.0,0.0,605.0,101.0,1224.0,9486.0,8997.0,-1237.0,26.0,16821.0,20062.0,129.0,16612.0,357.0,0.0,27366.0,49.0,Pass
l2928.txm,12.75,751.0,756.0,135.0,0.0,588.0,100.0,1213.0,9417.0,9099.0,-936.0,26.0,16558.0,20100.0,-496.0,17016.0,344.0,0.0,27346.0,49.0,Pass
l2928.txm,13.7695,751.0,753.0,133.0,0.0,607.0,101.0,1184.0,9521.0,9019.0,608.0,25.0,16218.0,20298.0,-380.0,16566.0,344.0,0.0,27294.0,50.0,Pass
l2928.txm,14.791,751.0,753.0,135.0,0.0,1609.0,101.0,1142.0,9437.0,9052.0,-1725.0,25.0,16913.0,19144.0,432.0,18124.0,348.0,1.0,28126.0,49.0,Pass
l2928.txm,15.9199,751.0,754.0,135.0,0.0,1813.0,101.0,1178.0,9405.0,9122.0,120.0,27.0,16019.0,19576.0,-80.0,15420.0,356.0,0.0,27710.0,48.0,Pass
l2928.txm,16.9404,751.0,753.0,135.0,0.0,1742.0,100.0,1205.0,9426.0,9122.0,-621.0,25.0,16680.0,19460.0,1020.0,16746.0,348.0,0.0,28038.0,48.0,Pass
l2928.txm,17.9893,752.0,754.0,132.0,0.0,1399.0,101.0,1213.0,9439.0,9091.0,1171.0,24.0,16779.0,19598.0,-885.0,17066.0,344.0,0.0,27776.0,49.0,Pass
l2928.txm,19.0107,752.0,753.0,133.0,0.0,1671.0,100.0,1155.0,9486.0,8995.0,-443.0,25.0,16514.0,19546.0,-93.0,16322.0,342.0,0.0,27832.0,49.0,Pass
l2928.txm,20.0303,751.0,753.0,132.0,0.0,1663.0,101.0,1192.0,9440.0,9068.0,-1135.0,25.0,16555.0,19628.0,-441.0,16588.0,346.0,0.0,27852.0,48.0,Pass
l2928.txm,21.0508,751.0,753.0,132.0,0.0,1674.0,100.0,1190.0,9482.0,9040.0,-1635.0,25.0,16429.0,19454.0,-36.0,16512.0,343.0,1.0,27834.0,49.0,Pass
l2928.txm,22.0703,751.0,753.0,133.0,0.0,1682.0,100.0,1181.0,9445.0,9020.0,-1309.0,25.0,16514.0,19542.0,-43.0,16192.0,349.0,1.0,27936.0,49.0,Pass
l2928.txm,23.0908,751.0,754.0,134.0,0.0,1699.0,100.0,1185.0,9432.0,9045.0,-836.0,26.0,16337.0,19344.0,-494.0,16802.0,351.0,0.0,27854.0,49.0,Pass
l2928.txm,24.1104,752.0,753.0,134.0,0.0,1711.0,101.0,1185.0,9440.0,9102.0,-1077.0,25.0,16312.0,19522.0,109.0,16738.0,346.0,0.0,27812.0,49.0,Pass
l2928.txm,25.1563,752.0,753.0,136.0,0.0,1740.0,100.0,1187.0,9445.0,9074.0,-1004.0,25.0,16595.0,19334.0,84.0,16342.0,351.0,1.0,28034.0,49.0,Pass
l2928.txm,26.1494,752.0,753.0,132.0,0.0,1761.0,101.0,1181.0,9445.0,9103.0,-1696.0,25.0,16499.0,19368.0,41.0,16386.0,346.0,0.0,27854.0,49.0,Pass
l2928.txm,27.1709,752.0,753.0,134.0,0.0,1773.0,100.0,1183.0,9391.0,9051.0,-994.0,25.0,16613.0,19434.0,92.0,16056.0,344.0,1.0,27818.0,49.0,Pass
l2928.txm,28.1904,751.0,754.0,133.0,0.0,1777.0,100.0,1183.0,9440.0,9022.0,-1264.0,25.0,16434.0,19150.0,47.0,16380.0,350.0,0.0,27932.0,49.0,Pass
l2928.txm,29.2109,752.0,754.0,132.0,0.0,1780.0,100.0,1185.0,9434.0,9040.0,-604.0,25.0,16780.0,19344.0,378.0,16304.0,351.0,0.0,28010.0,49.0,Pass
l2928.txm,30.2305,751.0,753.0,132.0,0.0,1779.0,101.0,1183.0,9461.0,9065.0,-1581.0,25.0,16458.0,19320.0,136.0,16504.0,350.0,0.0,27912.0,49.0,Pass
l2928.txm,31.251,752.0,752.0,134.0,0.0,1779.0,101.0,1185.0,9416.0,9060.0,-468.0,25.0,16736.0,19394.0,-262.0,16386.0,347.0,0.0,27822.0,49.0,Pass
l2928.txm,32.2705,751.0,753.0,137.0,0.0,1782.0,100.0,1185.0,9507.0,9008.0,-690.0,24.0,16316.0,19222.0,-72.0,16632.0,343.0,1.0,27908.0,49.0,Pass
l2928.txm,33.291,751.0,753.0,135.0,0.0,1784.0,101.0,1186.0,9431.0,9073.0,-793.0,24.0,16372.0,19148.0,66.0,16522.0,343.0,0.0,27886.0,49.0,Pass
l2928.txm,34.3096,752.0,753.0,135.0,0.0,1777.0,101.0,1184.0,9430.0,9073.0,-1465.0,24.0,16228.0,19202.0,-424.0,16542.0,352.0,0.0,28004.0,49.0,Pass
l2928.txm,35.3311,752.0,753.0,133.0,0.0,1786.0,100.0,1185.0,9426.0,9064.0,-920.0,24.0,16510.0,19370.0,970.0,16490.0,350.0,0.0,27926.0,49.0,Pass
l2928.txm,36.3506,752.0,754.0,134.0,0.0,1784.0,101.0,1184.0,9421.0,9016.0,-1745.0,24.0,16554.0,19386.0,71.0,16630.0,354.0,0.0,27870.0,49.0,Pass
l2928.txm,37.3965,752.0,752.0,133.0,0.0,1784.0,101.0,1183.0,9476.0,9043.0,-1414.0,24.0,16106.0,19344.0,154.0,16344.0,346.0,1.0,27984.0,49.0,Pass
l2928.txm,38.3906,752.0,754.0,133.0,0.0,1777.0,101.0,1183.0,9435.0,9065.0,-1231.0,24.0,16328.0,19304.0,588.0,16460.0,354.0,1.0,28022.0,49.0,Pass
l2928.txm,39.4111,752.0,754.0,134.0,0.0,1786.0,100.0,1184.0,9428.0,9046.0,-1429.0,24.0,16129.0,19402.0,80.0,16504.0,349.0,0.0,27878.0,49.0,Pass
l2928.txm,40.4307,752.0,753.0,130.0,0.0,1779.0,100.0,1185.0,9445.0,9039.0,-1304.0,24.0,16352.0,19178.0,402.0,16516.0,349.0,0.0,28014.0,49.0,Pass
l2928.txm,41.4502,752.0,754.0,132.0,0.0,1779.0,101.0,1183.0,9431.0,9050.0,-2648.0,24.0,15965.0,19320.0,92.0,16218.0,348.0,0.0,27826.0,49.0,Pass
l2928.txm,42.4707,751.0,754.0,133.0,0.0,1778.0,100.0,1183.0,9438.0,9037.0,-655.0,24.0,16149.0,19372.0,616.0,16196.0,353.0,1.0,27938.0,49.0,Pass
l2928.txm,43.4902,752.0,753.0,135.0,0.0,1774.0,100.0,1183.0,9468.0,9029.0,-1842.0,24.0,15981.0,19400.0,-41.0,16334.0,348.0,0.0,27858.0,49.0,Pass
l2928.txm,44.5098,752.0,753.0,135.0,0.0,1768.0,100.0,1182.0,9440.0,8998.0,-393.0,24.0,16550.0,19186.0,354.0,16724.0,352.0,0.0,27820.0,49.0,Pass
l2928.txm,45.542,751.0,752.0,132.0,0.0,1771.0,100.0,1183.0,9444.0,9101.0,214.0,24.0,16302.0,19382.0,79.0,16076.0,353.0,0.0,27962.0,49.0,Pass
l2928.txm,46.5605,751.0,752.0,134.0,0.0,1776.0,101.0,1189.0,9494.0,9046.0,-1377.0,24.0,16290.0,19380.0,63.0,16234.0,360.0,1.0,27878.0,49.0,Pass
l2928.txm,47.667,752.0,754.0,132.0,0.0,1768.0,100.0,1182.0,9464.0,9058.0,-1007.0,25.0,15954.0,19342.0,166.0,16314.0,346.0,0.0,27816.0,49.0,Pass
l2928.txm,48.6396,752.0,753.0,134.0,0.0,1764.0,101.0,1188.0,9449.0,9112.0,-160.0,24.0,16585.0,19334.0,-315.0,16422.0,351.0,0.0,27898.0,49.0,Pass
l2928.txm,49.6582,752.0,754.0,130.0,0.0,1767.0,101.0,1184.0,9385.0,9029.0,-1644.0,24.0,16148.0,19356.0,40.0,16490.0,343.0,0.0,27938.0,49.0,Pass
l2928.txm,50.6787,752.0,753.0,134.0,0.0,1756.0,100.0,1187.0,9453.0,9027.0,359.0,24.0,16270.0,19112.0,150.0,16402.0,346.0,1.0,27836.0,49.0,Pass
l2928.txm,51.6982,751.0,752.0,133.0,0.0,1746.0,100.0,1183.0,9409.0,9078.0,-1101.0,24.0,16341.0,19240.0,-472.0,16558.0,342.0,1.0,28004.0,49.0,Pass
l2928.txm,52.7187,751.0,753.0,130.0,0.0,1744.0,100.0,1184.0,9482.0,9028.0,1153.0,24.0,16155.0,19300.0,20.0,16256.0,345.0,0.0,27918.0,49.0,Pass
l2928.txm,53.7383,752.0,754.0,134.0,0.0,1672.0,100.0,1188.0,9500.0,9032.0,590.0,24.0,16714.0,19268.0,-453.0,16410.0,343.0,0.0,28026.0,49.0,Pass
l2928.txm,54.7832,752.0,754.0,134.0,0.0,1469.0,100.0,1196.0,9492.0,9082.0,1267.0,23.0,16751.0,19288.0,-891.0,16816.0,352.0,0.0,27802.0,49.0,Pass
l2928.txm,55.8086,752.0,753.0,134.0,0.0,1191.0,101.0,1188.0,9513.0,8992.0,216.0,24.0,16400.0,19534.0,6.0,16880.0,354.0,0.0,27764.0,49.0,Pass
l2928.txm,56.8301,752.0,755.0,132.0,0.0,981.0,100.0,1190.0,9475.0,8993.0,473.0,25.0,16243.0,19682.0,-793.0,16780.0,360.0,0.0,27558.0,49.0,Pass
l2928.txm,11.2168,751.0,753.0,133.0,0.0,631.0,100.0,1223.0,9496.0,9020.0,-578.0,26.0,16488.0,19976.0,-591.0,16990.0,349.0,0.0,27612.0,49.0,Pass
l2929.txm,11.2168,751.0,753.0,133.0,0.0,631.0,100.0,1223.0,9496.0,9020.0,-578.0,26.0,16488.0,19976.0,-591.0,16990.0,349.0,0.0,27612.0,49.0,Pass
l2929.txm,12.2383,751.0,754.0,135.0,0.0,614.0,102.0,1222.0,9467.0,9031.0,-1001.0,27.0,16950.0,20060.0,41.0,16540.0,344.0,0.0,27490.0,49.0,Pass
l2929.txm,13.2578,752.0,754.0,132.0,0.0,596.0,100.0,1223.0,9413.0,9079.0,-1187.0,27.0,16566.0,20062.0,-450.0,16620.0,359.0,0.0,27368.0,49.0,Pass
l2929.txm,14.2842,751.0,754.0,135.0,0.0,569.0,101.0,1201.0,9492.0,9010.0,-1223.0,27.0,16551.0,20126.0,-466.0,16748.0,356.0,0.0,27326.0,49.0,Pass
l2929.txm,15.3076,751.0,754.0,131.0,0.0,907.0,102.0,1164.0,9511.0,8939.0,892.0,27.0,16245.0,20300.0,1462.0,15188.0,343.0,0.0,27606.0,50.0,Pass
l2929.txm,16.3281,752.0,754.0,133.0,0.0,1738.0,100.0,1152.0,9520.0,9043.0,-1601.0,25.0,16916.0,19260.0,-1205.0,17068.0,351.0,0.0,27900.0,49.0,Pass
l2929.txm,17.4668,752.0,754.0,134.0,0.0,1813.0,101.0,1194.0,9447.0,9115.0,-1852.0,26.0,16442.0,19678.0,32.0,16526.0,358.0,0.0,27836.0,48.0,Pass
l2929.txm,18.4883,751.0,754.0,132.0,0.0,1659.0,101.0,1201.0,9459.0,9116.0,1683.0,24.0,17207.0,19320.0,-618.0,16654.0,351.0,1.0,27966.0,48.0,Pass
l2929.txm,19.5332,752.0,753.0,133.0,0.0,1489.0,101.0,1196.0,9454.0,9060.0,-530.0,25.0,16393.0,19692.0,800.0,16074.0,351.0,1.0,27840.0,49.0,Pass
l2929.txm,20.5586,751.0,753.0,134.0,0.0,1647.0,101.0,1171.0,9491.0,9006.0,-1635.0,25.0,16496.0,19406.0,1002.0,16454.0,355.0,1.0,27838.0,49.0,Pass
l2929.txm,21.5781,751.0,753.0,134.0,0.0,1681.0,101.0,1195.0,9467.0,9037.0,-1116.0,25.0,16768.0,19254.0,598.0,16244.0,355.0,0.0,27942.0,49.0,Pass
l2929.txm,22.5986,751.0,753.0,133.0,0.0,1677.0,101.0,1181.0,9466.0,9060.0,-894.0,26.0,16657.0,19442.0,-364.0,16792.0,355.0,1.0,28014.0,49.0,Pass
l2929.txm,23.6182,752.0,753.0,132.0,0.0,1681.0,100.0,1184.0,9445.0,9086.0,-976.0,25.0,16870.0,19514.0,71.0,16696.0,346.0,1.0,27842.0,49.0,Pass
l2929.txm,24.6377,751.0,752.0,134.0,0.0,1701.0,102.0,1184.0,9474.0,9044.0,-858.0,25.0,16216.0,19354.0,244.0,16274.0,342.0,0.0,27766.0,49.0,Pass
l2929.txm,25.6582,752.0,753.0,130.0,0.0,1724.0,100.0,1184.0,9493.0,9042.0,-716.0,25.0,16709.0,19516.0,-51.0,16322.0,349.0,0.0,27976.0,49.0,Pass
l2929.txm,26.7041,751.0,753.0,135.0,0.0,1754.0,100.0,1186.0,9505.0,9020.0,-1523.0,25.0,16375.0,19358.0,-344.0,16064.0,349.0,0.0,27860.0,49.0,Pass
l2929.txm,27.6982,752.0,753.0,133.0,0.0,1766.0,101.0,1185.0,9481.0,9019.0,-859.0,25.0,16922.0,19406.0,794.0,16060.0,353.0,0.0,27812.0,49.0,Pass
l2929.txm,28.7178,751.0,753.0,133.0,0.0,1770.0,101.0,1186.0,9437.0,9065.0,-1791.0,25.0,16339.0,19292.0,834.0,16556.0,355.0,0.0,27900.0,49.0,Pass
l2929.txm,29.7383,752.0,752.0,134.0,0.0,1766.0,100.0,1182.0,9498.0,9039.0,-2488.0,25.0,16445.0,19418.0,490.0,16514.0,347.0,0.0,27798.0,49.0,Pass
l2929.txm,30.7578,752.0,754.0,135.0,0.0,1778.0,101.0,1187.0,9450.0,9078.0,-837.0,25.0,16330.0,19282.0,776.0,16606.0,346.0,1.0,27900.0,49.0,Pass
l2929.txm,31.7783,752.0,753.0,133.0,0.0,1777.0,102.0,1183.0,9466.0,9044.0,-1493.0,24.0,16177.0,19206.0,1372.0,16270.0,348.0,0.0,27772.0,49.0,Pass
l2929.txm,32.7979,752.0,754.0,133.0,0.0,1778.0,100.0,1185.0,9499.0,9027.0,-674.0,24.0,16650.0,19378.0,166.0,16060.0,349.0,0.0,27938.0,49.0,Pass
l2929.txm,33.8184,751.0,753.0,141.0,0.0,1779.0,100.0,1181.0,9431.0,9037.0,-495.0,25.0,16154.0,19332.0,56.0,16426.0,343.0,0.0,27806.0,49.0,Pass
l2929.txm,34.8369,752.0,754.0,136.0,0.0,1783.0,100.0,1186.0,9476.0,9064.0,-2279.0,24.0,16009.0,19394.0,63.0,16850.0,344.0,0.0,27868.0,49.0,Pass
l2929.txm,35.8584,752.0,753.0,135.0,0.0,1782.0,101.0,1183.0,9496.0,9012.0,-1914.0,24.0,16289.0,19182.0,380.0,16382.0,357.0,0.0,27986.0,49.0,Pass
l2929.txm,36.8779,752.0,753.0,134.0,0.0,1779.0,102.0,1188.0,9414.0,9055.0,-147.0,24.0,16340.0,19284.0,86.0,16634.0,354.0,0.0,27786.0,49.0,Pass
l2929.txm,37.8984,752.0,753.0,132.0,0.0,1782.0,102.0,1184.0,9465.0,9033.0,-1016.0,25.0,16232.0,19418.0,14.0,16276.0,350.0,0.0,27992.0,49.0,Pass
l2929.txm,38.9443,752.0,753.0,134.0,0.0,1783.0,101.0,1188.0,9420.0,9055.0,-995.0,24.0,16183.0,19176.0,-30.0,16766.0,349.0,0.0,27868.0,49.0,Pass
l2929.txm,39.9385,751.0,753.0,132.0,0.0,1782.0,101.0,1180.0,9409.0,9101.0,-333.0,24.0,16134.0,19390.0,278.0,16230.0,354.0,1.0,27870.0,49.0,Pass
l2929.txm,40.958,752.0,752.0,134.0,0.0,1789.0,101.0,1190.0,9443.0,9062.0,194.0,23.0,16957.0,19244.0,1128.0,16130.0,360.0,0.0,28028.0,49.0,Pass
l2929.txm,42.0644,751.0,752.0,132.0,0.0,1782.0,100.0,1181.0,9453.0,9061.0,-988.0,24.0,16197.0,19108.0,152.0,16530.0,349.0,0.0,27966.0,49.0,Pass
l2929.txm,43.0371,752.0,753.0,132.0,0.0,1780.0,101.0,1189.0,9437.0,9116.0,-564.0,24.0,16465.0,19254.0,294.0,16238.0,350.0,0.0,27816.0,49.0,Pass
l2929.txm,44.0576,752.0,754.0,133.0,0.0,1779.0,101.0,1182.0,9471.0,9044.0,-290.0,25.0,16656.0,19324.0,342.0,16490.0,345.0,0.0,28028.0,49.0,Pass
l2929.txm,45.0771,751.0,753.0,131.0,0.0,1774.0,101.0,1189.0,9431.0,9093.0,-336.0,24.0,16382.0,19110.0,6.0,16466.0,358.0,0.0,27822.0,49.0,Pass
l2929.txm,46.0957,752.0,753.0,132.0,0.0,1772.0,100.0,1182.0,9454.0,9080.0,-1000.0,25.0,16361.0,19136.0,46.0,16148.0,359.0,1.0,27832.0,49.0,Pass
l2929.txm,47.1162,752.0,753.0,136.0,0.0,1772.0,101.0,1189.0,9455.0,9070.0,-616.0,24.0,16508.0,19182.0,692.0,16510.0,347.0,0.0,27882.0,49.0,Pass
l2929.txm,48.1758,751.0,752.0,133.0,0.0,1769.0,101.0,1185.0,9440.0,9066.0,-1683.0,25.0,16190.0,19116.0,592.0,16526.0,355.0,0.0,27980.0,49.0,Pass
l2929.txm,49.2207,751.0,752.0,134.0,0.0,1773.0,101.0,1188.0,9441.0,9076.0,-515.0,23.0,16693.0,19352.0,-31.0,16378.0,349.0,0.0,27842.0,49.0,Pass
l2929.txm,50.2158,752.0,754.0,135.0,0.0,1757.0,100.0,1181.0,9414.0,9048.0,-364.0,24.0,16504.0,19324.0,-326.0,16756.0,347.0,0.0,27922.0,49.0,Pass
l2929.txm,51.2383,752.0,753.0,134.0,0.0,1761.0,100.0,1188.0,9512.0,9031.0,-509.0,23.0,16339.0,19390.0,178.0,16432.0,349.0,1.0,27994.0,49.0,Pass
l2929.txm,52.2568,752.0,752.0,132.0,0.0,1749.0,101.0,1180.0,9451.0,9097.0,-12.0,25.0,16251.0,19236.0,-335.0,16496.0,355.0,0.0,27994.0,49.0,Pass
l2929.txm,53.2773,752.0,752.0,135.0,0.0,1737.0,101.0,1187.0,9442.0,9068.0,-579.0,24.0,16410.0,19312.0,-429.0,16422.0,343.0,0.0,27906.0,49.0,Pass
l2929.txm,54.2979,751.0,753.0,136.0,0.0,1605.0,100.0,1185.0,9518.0,9006.0,-347.0,24.0,16604.0,19256.0,-701.0,16476.0,348.0,0.0,27882.0,49.0,Pass
l2929.txm,55.3174,752.0,753.0,136.0,0.0,1296.0,101.0,1195.0,9492.0,9025.0,-705.0,24.0,16627.0,19550.0,-80.0,16498.0,350.0,1.0,27726.0,49.0,Pass
l2929.txm,56.3369,752.0,753.0,136.0,1.0,1098.0,100.0,1188.0,9434.0,9031.0,-225.0,25.0,16542.0,19590.0,-94.0,16838.0,349.0,0.0,27636.0,49.0,Pass
l2929.txm,57.3574,752.0,754.0,134.0,0.0,888.0,101.0,1190.0,9440.0,9057.0,313.0,25.0,16517.0,19736.0,-322.0,16708.0,345.0,0.0,27596.0,49.0,Pass
l2929.txm,10.7285,751.0,753.0,132.0,0.0,627.0,100.0,1225.0,9408.0,9064.0,-1028.0,27.0,16466.0,19962.0,-96.0,16678.0,342.0,0.0,27592.0,49.0,Pass
l2930.txm,10.7285,751.0,753.0,132.0,0.0,627.0,100.0,1225.0,9408.0,9064.0,-1028.0,27.0,16466.0,19962.0,-96.0,16678.0,342.0,0.0,27592.0,49.0,Pass
l2930.txm,11.749,751.0,753.0,134.0,0.0,613.0,101.0,1222.0,9464.0,9004.0,-1059.0,27.0,16764.0,20034.0,-380.0,16708.0,350.0,0.0,27450.0,49.0,Pass
l2930.txm,12.7686,751.0,753.0,132.0,0.0,596.0,100.0,1219.0,9488.0,9007.0,-513.0,27.0,16593.0,20046.0,-436.0,16660.0,350.0,0.0,27500.0,49.0,Pass
l2930.txm,13.7891,751.0,753.0,133.0,0.0,566.0,101.0,1195.0,9392.0,9081.0,-955.0,27.0,16089.0,20156.0,-347.0,16590.0,346.0,0.0,27362.0,49.0,Pass
l2930.txm,14.8086,751.0,753.0,133.0,0.0,989.0,101.0,1159.0,9452.0,8996.0,-220.0,28.0,16297.0,20024.0,1554.0,14878.0,354.0,4.0,27784.0,49.0,Pass
l2930.txm,15.8291,752.0,754.0,133.0,0.0,1767.0,102.0,1153.0,9487.0,9012.0,-554.0,26.0,16709.0,19180.0,-1084.0,16644.0,344.0,0.0,27804.0,48.0,Pass
l2930.txm,16.8486,751.0,753.0,140.0,0.0,1809.0,102.0,1193.0,9473.0,9079.0,-1201.0,26.0,16729.0,19458.0,302.0,16228.0,358.0,1.0,27990.0,48.0,Pass
l2930.txm,17.8691,751.0,754.0,134.0,0.0,1600.0,101.0,1208.0,9444.0,9078.0,408.0,25.0,16709.0,19494.0,50.0,16588.0,361.0,0.0,27966.0,48.0,Pass
l2930.txm,18.8887,751.0,754.0,131.0,0.0,1452.0,100.0,1197.0,9449.0,9032.0,-200.0,25.0,16258.0,19346.0,-35.0,16730.0,342.0,0.0,27814.0,49.0,Pass
l2930.txm,19.9092,752.0,754.0,136.0,0.0,1652.0,100.0,1163.0,9405.0,9076.0,-1068.0,26.0,16299.0,19328.0,-292.0,16852.0,352.0,1.0,27870.0,49.0,Pass
l2930.txm,20.9287,751.0,754.0,131.0,0.0,1683.0,101.0,1194.0,9449.0,9026.0,-1225.0,26.0,16390.0,19404.0,-31.0,16394.0,343.0,0.0,27810.0,49.0,Pass
l2930.txm,21.9492,752.0,753.0,132.0,0.0,1683.0,101.0,1184.0,9451.0,9040.0,-611.0,25.0,16235.0,19634.0,-75.0,16196.0,358.0,0.0,27880.0,49.0,Pass
l2930.txm,22.9688,751.0,752.0,134.0,0.0,1690.0,102.0,1187.0,9472.0,9013.0,-653.0,25.0,16605.0,19378.0,2.0,16514.0,348.0,0.0,27808.0,49.0,Pass
l2930.txm,23.9902,752.0,754.0,131.0,0.0,1699.0,100.0,1187.0,9447.0,9083.0,-543.0,25.0,16696.0,19352.0,64.0,16104.0,343.0,0.0,27792.0,49.0,Pass
l2930.txm,25.0088,751.0,753.0,133.0,0.0,1721.0,100.0,1183.0,9450.0,9080.0,-1033.0,25.0,16687.0,19634.0,868.0,15864.0,355.0,0.0,27966.0,49.0,Pass
l2930.txm,26.0283,751.0,754.0,135.0,0.0,1748.0,102.0,1185.0,9445.0,9074.0,-997.0,25.0,16498.0,19342.0,-269.0,16674.0,348.0,1.0,27918.0,49.0,Pass
l2930.txm,27.0752,751.0,753.0,133.0,0.0,1765.0,100.0,1185.0,9435.0,9077.0,-805.0,25.0,16660.0,19294.0,440.0,16708.0,339.0,0.0,27966.0,49.0,Pass
l2930.txm,28.0674,751.0,753.0,134.0,0.0,1766.0,100.0,1185.0,9444.0,9036.0,-966.0,25.0,16529.0,19338.0,1038.0,15960.0,360.0,0.0,28016.0,49.0,Pass
l2930.txm,29.0889,751.0,753.0,134.0,0.0,1776.0,101.0,1184.0,9413.0,9102.0,-1250.0,25.0,16676.0,19306.0,-285.0,16450.0,356.0,0.0,27838.0,49.0,Pass
l2930.txm,30.1084,752.0,754.0,134.0,0.0,1777.0,101.0,1187.0,9454.0,9064.0,-805.0,25.0,16521.0,19160.0,96.0,16630.0,346.0,0.0,27920.0,49.0,Pass
l2930.txm,31.1289,752.0,754.0,132.0,0.0,1780.0,101.0,1184.0,9417.0,9038.0,-1719.0,25.0,16630.0,19306.0,-73.0,16602.0,340.0,0.0,27806.0,49.0,Pass
l2930.txm,32.1494,752.0,753.0,131.0,0.0,1782.0,100.0,1187.0,9425.0,9084.0,-1896.0,25.0,16565.0,19404.0,-260.0,16074.0,350.0,1.0,27998.0,49.0,Pass
l2930.txm,33.1699,751.0,753.0,134.0,0.0,1779.0,100.0,1181.0,9490.0,9032.0,-1220.0,25.0,16419.0,19256.0,-86.0,16338.0,347.0,1.0,28020.0,49.0,Pass
l2930.txm,34.1885,752.0,753.0,129.0,0.0,1785.0,100.0,1187.0,9469.0,9117.0,-1549.0,23.0,16445.0,19122.0,21.0,16574.0,349.0,1.0,27840.0,49.0,Pass
l2930.txm,35.209,752.0,753.0,132.0,0.0,1781.0,101.0,1183.0,9491.0,9031.0,-2508.0,24.0,16319.0,19144.0,-258.0,16418.0,353.0,0.0,27920.0,49.0,Pass
l2930.txm,36.2285,751.0,753.0,134.0,0.0,1787.0,100.0,1188.0,9451.0,9070.0,-1081.0,23.0,16724.0,19388.0,-457.0,16044.0,351.0,1.0,27982.0,49.0,Pass
l2930.txm,37.249,752.0,754.0,135.0,0.0,1778.0,100.0,1181.0,9451.0,9108.0,-291.0,24.0,16479.0,19116.0,522.0,16556.0,351.0,0.0,27922.0,49.0,Pass
l2930.txm,38.2686,752.0,753.0,130.0,0.0,1784.0,100.0,1189.0,9417.0,9094.0,-1010.0,23.0,16187.0,19130.0,450.0,16792.0,341.0,0.0,27832.0,49.0,Pass
l2930.txm,39.3145,752.0,753.0,134.0,0.0,1784.0,101.0,1184.0,9415.0,9091.0,-1480.0,24.0,16339.0,19148.0,324.0,16584.0,349.0,0.0,27878.0,49.0,Pass
l2930.txm,40.3076,752.0,754.0,130.0,0.0,1778.0,101.0,1187.0,9468.0,9050.0,-758.0,23.0,16373.0,19230.0,82.0,16354.0,347.0,0.0,28004.0,49.0,Pass
l2930.txm,41.3291,752.0,753.0,133.0,0.0,1774.0,100.0,1182.0,9431.0,9044.0,-931.0,24.0,16303.0,19320.0,102.0,16304.0,344.0,1.0,28026.0,49.0,Pass
l2930.txm,42.4277,751.0,754.0,132.0,0.0,1783.0,100.0,1188.0,9481.0,9060.0,-466.0,24.0,17046.0,19154.0,-299.0,16714.0,344.0,0.0,27818.0,49.0,Pass
l2930.txm,43.3984,752.0,754.0,130.0,0.0,1773.0,101.0,1182.0,9487.0,9034.0,-1024.0,24.0,16070.0,19390.0,-582.0,16886.0,346.0,0.0,27876.0,49.0,Pass
l2930.txm,44.4189,751.0,754.0,132.0,0.0,1773.0,101.0,1186.0,9446.0,9087.0,-1414.0,24.0,16300.0,19250.0,782.0,16554.0,352.0,0.0,27816.0,49.0,Pass
l2930.txm,45.4385,751.0,754.0,134.0,0.0,1770.0,101.0,1184.0,9435.0,9024.0,-820.0,24.0,16398.0,19168.0,-499.0,16348.0,351.0,0.0,27892.0,49.0,Pass
l2930.txm,46.458,752.0,753.0,132.0,0.0,1774.0,100.0,1188.0,9494.0,9052.0,-1773.0,24.0,16153.0,19182.0,-355.0,16482.0,347.0,0.0,28008.0,49.0,Pass
l2930.txm,47.4795,751.0,753.0,134.0,0.0,1764.0,100.0,1180.0,9480.0,9067.0,-444.0,25.0,16268.0,19238.0,122.0,16188.0,350.0,0.0,27796.0,49.0,Pass
l2930.txm,48.501,751.0,754.0,133.0,0.0,1774.0,101.0,1191.0,9479.0,9039.0,521.0,24.0,16666.0,19106.0,75.0,16614.0,345.0,0.0,27850.0,49.0,Pass
l2930.txm,49.5439,752.0,753.0,132.0,0.0,1759.0,100.0,1182.0,9486.0,9029.0,-95.0,25.0,16342.0,19290.0,-372.0,16920.0,343.0,0.0,28026.0,49.0,Pass
l2930.txm,50.5391,752.0,753.0,135.0,0.0,1761.0,102.0,1189.0,9513.0,8994.0,-2324.0,24.0,16597.0,19120.0,29.0,16102.0,359.0,0.0,27828.0,49.0,Pass
l2930.txm,51.5596,751.0,753.0,136.0,0.0,1752.0,101.0,1182.0,9485.0,9047.0,-2497.0,24.0,16136.0,19344.0,79.0,16856.0,353.0,0.0,27806.0,49.0,Pass
l2930.txm,52.5791,752.0,753.0,131.0,0.0,1747.0,100.0,1191.0,9420.0,9050.0,31.0,24.0,16258.0,19350.0,462.0,16568.0,351.0,0.0,27888.0,49.0,Pass
l2930.txm,53.5986,751.0,754.0,133.0,0.0,1735.0,101.0,1183.0,9443.0,9033.0,167.0,25.0,16454.0,19382.0,-37.0,16844.0,352.0,1.0,27862.0,49.0,Pass
l2930.txm,54.6191,751.0,753.0,132.0,0.0,1599.0,99.0,1193.0,9479.0,9037.0,-567.0,24.0,15896.0,19256.0,-292.0,16684.0,347.0,0.0,27800.0,49.0,Pass
l2930.txm,55.6387,752.0,755.0,130.0,0.0,1300.0,100.0,1195.0,9472.0,9018.0,207.0,24.0,16593.0,19530.0,-344.0,16436.0,351.0,1.0,27766.0,49.0,Pass
l2930.txm,56.6592,752.0,753.0,133.0,0.0,1098.0,100.0,1188.0,9507.0,9003.0,403.0,24.0,16067.0,19596.0,-976.0,16462.0,354.0,0.0,27754.0,49.0,Pass
l2930.txm,57.6787,752.0,754.0,132.0,0.0,891.0,101.0,1188.0,9509.0,8997.0,1459.0,25.0,16182.0,19728.0,24.0,16840.0,348.0,0.0,27626.0,49.0,Pass
l2930.txm,10.7393,751.0,753.0,131.0,0.0,650.0,101.0,1224.0,9412.0,9049.0,-1438.0,25.0,16748.0,20002.0,-415.0,16536.0,344.0,0.0,27740.0,49.0,Pass
l2931.txm,10.7393,751.0,753.0,131.0,0.0,650.0,101.0,1224.0,9412.0,9049.0,-1438.0,25.0,16748.0,20002.0,-415.0,16536.0,344.0,0.0,27740.0,49.0,Pass
l2931.txm,11.7852,751.0,753.0,135.0,0.0,626.0,101.0,1222.0,9435.0,9018.0,-1660.0,26.0,16569.0,19990.0,-11.0,16692.0,358.0,0.0,27632.0,49.0,Pass
l2931.txm,12.7793,751.0,753.0,132.0,0.0,616.0,100.0,1221.0,9490.0,9018.0,-1130.0,26.0,16471.0,20002.0,-324.0,16512.0,354.0,0.0,27380.0,49.0,Pass
l2931.txm,13.7998,751.0,755.0,134.0,0.0,589.0,100.0,1212.0,9455.0,9049.0,-1161.0,26.0,16798.0,20032.0,-390.0,16546.0,343.0,0.0,27370.0,49.0,Pass
l2931.txm,14.8193,751.0,752.0,134.0,0.0,580.0,101.0,1189.0,9423.0,9096.0,-542.0,26.0,16770.0,20146.0,-504.0,16328.0,352.0,0.0,27268.0,50.0,Pass
l2931.txm,15.8408,751.0,753.0,133.0,0.0,1141.0,100.0,1152.0,9454.0,9011.0,-362.0,26.0,16289.0,19762.0,2760.0,15458.0,359.0,2.0,28110.0,49.0,Pass
l2931.txm,16.8594,751.0,753.0,127.0,0.0,1808.0,100.0,1166.0,9484.0,9055.0,-2021.0,26.0,16513.0,19440.0,-655.0,16432.0,355.0,0.0,27640.0,48.0,Pass
l2931.txm,17.8799,752.0,753.0,133.0,0.0,1803.0,101.0,1202.0,9428.0,9122.0,-583.0,25.0,16645.0,19478.0,77.0,16230.0,354.0,1.0,27732.0,48.0,Pass
l2931.txm,18.8994,751.0,753.0,131.0,0.0,1572.0,100.0,1206.0,9424.0,9109.0,-468.0,25.0,16860.0,19632.0,103.0,16394.0,347.0,0.0,27812.0,48.0,Pass
l2931.txm,19.9189,751.0,753.0,133.0,0.0,1608.0,100.0,1176.0,9494.0,9016.0,-704.0,25.0,16659.0,19362.0,982.0,16246.0,354.0,0.0,27802.0,49.0,Pass
l2931.txm,20.9395,751.0,752.0,132.0,0.0,1648.0,100.0,1171.0,9419.0,9049.0,-938.0,25.0,16590.0,19566.0,-263.0,16554.0,346.0,0.0,27794.0,49.0,Pass
l2931.txm,21.959,751.0,753.0,133.0,0.0,1675.0,100.0,1195.0,9434.0,9071.0,-1775.0,26.0,16658.0,19596.0,-8.0,16436.0,355.0,0.0,27970.0,49.0,Pass
l2931.txm,22.9795,752.0,752.0,133.0,0.0,1682.0,101.0,1184.0,9501.0,9033.0,-777.0,25.0,16631.0,19628.0,111.0,16238.0,361.0,0.0,27760.0,49.0,Pass
l2931.txm,24.0293,752.0,754.0,133.0,0.0,1681.0,101.0,1183.0,9408.0,9068.0,-598.0,25.0,16849.0,19624.0,-10.0,16124.0,354.0,1.0,27948.0,49.0,Pass
l2931.txm,25.0498,752.0,752.0,132.0,0.0,1699.0,101.0,1185.0,9462.0,9066.0,-824.0,25.0,16906.0,19494.0,686.0,16350.0,344.0,1.0,28010.0,49.0,Pass
l2931.txm,26.0703,752.0,753.0,133.0,0.0,1723.0,101.0,1185.0,9422.0,9059.0,-414.0,25.0,16572.0,19328.0,130.0,16830.0,348.0,0.0,27836.0,49.0,Pass
l2931.txm,27.0908,752.0,752.0,130.0,0.0,1750.0,101.0,1185.0,9471.0,9072.0,-539.0,25.0,16607.0,19428.0,-70.0,16174.0,347.0,1.0,28002.0,49.0,Pass
l2931.txm,28.1094,751.0,753.0,134.0,0.0,1762.0,101.0,1186.0,9433.0,9092.0,-624.0,25.0,16413.0,19250.0,158.0,16192.0,349.0,0.0,27918.0,49.0,Pass
l2931.txm,29.1289,752.0,753.0,130.0,0.0,1768.0,100.0,1185.0,9424.0,9070.0,-1930.0,24.0,16318.0,19316.0,978.0,16602.0,354.0,1.0,27806.0,49.0,Pass
l2931.txm,30.1797,752.0,754.0,134.0,0.0,1774.0,100.0,1186.0,9460.0,9009.0,-685.0,24.0,16688.0,19330.0,39.0,16464.0,350.0,0.0,27992.0,49.0,Pass
l2931.txm,31.2793,751.0,753.0,133.0,0.0,1779.0,101.0,1185.0,9419.0,9100.0,-1218.0,25.0,16559.0,19256.0,-327.0,16678.0,351.0,1.0,27864.0,49.0,Pass
l2931.txm,32.2197,751.0,753.0,133.0,0.0,1784.0,100.0,1186.0,9469.0,9034.0,-185.0,24.0,16585.0,19334.0,-394.0,16184.0,348.0,0.0,27950.0,49.0,Pass
l2931.txm,33.2393,751.0,754.0,135.0,0.0,1778.0,101.0,1183.0,9412.0,9082.0,-2401.0,24.0,16303.0,19188.0,-62.0,16320.0,349.0,1.0,27922.0,49.0,Pass
l2931.txm,34.2598,752.0,753.0,134.0,0.0,1777.0,102.0,1185.0,9493.0,9037.0,-345.0,24.0,16451.0,19314.0,55.0,16722.0,343.0,1.0,28010.0,49.0,Pass
l2931.txm,35.2793,752.0,754.0,134.0,0.0,1779.0,101.0,1184.0,9386.0,9085.0,-805.0,24.0,16283.0,19412.0,656.0,16796.0,347.0,1.0,27962.0,49.0,Pass
l2931.txm,36.2998,752.0,752.0,132.0,0.0,1784.0,101.0,1184.0,9425.0,9061.0,-443.0,24.0,16529.0,19118.0,-303.0,16610.0,342.0,1.0,27950.0,49.0,Pass
l2931.txm,37.3193,752.0,753.0,135.0,0.0,1789.0,101.0,1188.0,9413.0,9037.0,-384.0,24.0,16800.0,19336.0,-47.0,16856.0,345.0,0.0,27846.0,49.0,Pass
l2931.txm,38.3389,751.0,755.0,135.0,0.0,1783.0,101.0,1184.0,9419.0,9033.0,-2463.0,24.0,16758.0,19384.0,-333.0,16668.0,347.0,1.0,27982.0,49.0,Pass
l2931.txm,39.3594,752.0,753.0,134.0,0.0,1786.0,100.0,1184.0,9499.0,9025.0,-509.0,24.0,16074.0,19400.0,1020.0,16536.0,350.0,0.0,27952.0,49.0,Pass
l2931.txm,40.3789,751.0,753.0,134.0,0.0,1775.0,100.0,1181.0,9451.0,9036.0,-384.0,24.0,16495.0,19178.0,7.0,16784.0,345.0,1.0,28020.0,49.0,Pass
l2931.txm,41.3994,752.0,752.0,133.0,0.0,1778.0,101.0,1185.0,9464.0,9110.0,-317.0,24.0,16438.0,19104.0,326.0,16276.0,354.0,1.0,27966.0,49.0,Pass
l2931.txm,42.4189,752.0,753.0,131.0,0.0,1779.0,100.0,1185.0,9481.0,9009.0,-1690.0,24.0,16306.0,19120.0,74.0,16150.0,352.0,0.0,27866.0,49.0,Pass
l2931.txm,43.4658,751.0,752.0,132.0,0.0,1774.0,100.0,1182.0,9412.0,9089.0,91.0,24.0,16477.0,19354.0,226.0,16428.0,347.0,0.0,27994.0,49.0,Pass
l2931.txm,44.5391,751.0,753.0,133.0,0.0,1774.0,101.0,1186.0,9502.0,9016.0,-1874.0,23.0,16340.0,19414.0,232.0,16546.0,360.0,0.0,27868.0,49.0,Pass
l2931.txm,45.5098,752.0,753.0,134.0,0.0,1768.0,100.0,1184.0,9405.0,9069.0,-1069.0,24.0,16621.0,19192.0,73.0,15858.0,349.0,0.0,28022.0,49.0,Pass
l2931.txm,46.5293,752.0,753.0,135.0,0.0,1768.0,101.0,1184.0,9444.0,9065.0,-449.0,24.0,16684.0,19404.0,56.0,16830.0,349.0,0.0,27850.0,49.0,Pass
l2931.txm,47.5498,752.0,755.0,133.0,0.0,1766.0,100.0,1186.0,9456.0,9049.0,-337.0,24.0,16393.0,19344.0,-75.0,16414.0,361.0,1.0,27922.0,49.0,Pass
l2931.txm,48.5693,752.0,755.0,135.0,0.0,1767.0,100.0,1184.0,9429.0,9107.0,-2010.0,24.0,16738.0,19242.0,122.0,16176.0,359.0,1.0,28020.0,49.0,Pass
l2931.txm,49.5908,751.0,753.0,136.0,0.0,1762.0,100.0,1185.0,9479.0,9023.0,-69.0,24.0,16273.0,19378.0,428.0,16946.0,353.0,0.0,27892.0,49.0,Pass
l2931.txm,50.6103,751.0,754.0,136.0,0.0,1758.0,101.0,1184.0,9466.0,9058.0,-2165.0,24.0,16122.0,19232.0,-613.0,16842.0,347.0,0.0,27824.0,49.0,Pass
l2931.txm,51.6543,752.0,754.0,131.0,0.0,1754.0,100.0,1184.0,9441.0,9074.0,-1227.0,24.0,16563.0,19390.0,248.0,16758.0,349.0,0.0,27982.0,49.0,Pass
l2931.txm,52.6484,752.0,753.0,133.0,0.0,1745.0,101.0,1185.0,9440.0,9028.0,-1374.0,24.0,16197.0,19274.0,-31.0,16470.0,351.0,0.0,27986.0,49.0,Pass
l2931.txm,53.6699,752.0,754.0,131.0,0.0,1717.0,101.0,1185.0,9421.0,9033.0,-1248.0,24.0,16199.0,19126.0,-408.0,16902.0,350.0,0.0,27820.0,49.0,Pass
l2931.txm,54.6895,751.0,751.0,132.0,1.0,1519.0,101.0,1194.0,9455.0,9047.0,-802.0,24.0,15858.0,19262.0,-64.0,17156.0,345.0,1.0,27884.0,49.0,Pass
l2931.txm,55.709,752.0,753.0,133.0,0.0,1277.0,101.0,1194.0,9413.0,9099.0,598.0,24.0,16099.0,19546.0,-492.0,16768.0,348.0,0.0,27780.0,49.0,Pass
l2931.txm,56.7295,752.0,753.0,131.0,0.0,1043.0,100.0,1189.0,9449.0,9050.0,1065.0,25.0,16227.0,19600.0,-350.0,16714.0,347.0,0.0,27588.0,49.0,Pass
l2931.txm,57.749,752.0,754.0,131.0,0.0,851.0,100.0,1191.0,9438.0,9046.0,156.0,25.0,16506.0,19740.0,-555.0,16948.0,347.0,0.0,27604.0,49.0,Pass
l2931.txm,10.71,751.0,753.0,132.0,0.0,630.0,100.0,1219.0,9410.0,9060.0,-1086.0,26.0,16331.0,19994.0,-462.0,16740.0,350.0,0.0,27610.0,49.0,Pass
l2932.txm,10.71,751.0,753.0,132.0,0.0,630.0,100.0,1219.0,9410.0,9060.0,-1086.0,26.0,16331.0,19994.0,-462.0,16740.0,350.0,0.0,27610.0,49.0,Pass
l2932.txm,11.7305,751.0,753.0,131.0,0.0,620.0,100.0,1218.0,9496.0,8987.0,-912.0,27.0,16525.0,19994.0,-85.0,16874.0,346.0,0.0,27524.0,49.0,Pass
l2932.txm,12.75,751.0,755.0,135.0,0.0,600.0,101.0,1217.0,9404.0,9075.0,-1662.0,27.0,16439.0,19988.0,-413.0,16498.0,350.0,0.0,27318.0,49.0,Pass
l2932.txm,13.7988,751.0,754.0,132.0,0.0,578.0,101.0,1206.0,9465.0,9049.0,-4.0,27.0,16277.0,20056.0,-449.0,16768.0,352.0,0.0,27426.0,49.0,Pass
l2932.txm,14.791,752.0,755.0,135.0,1.0,685.0,101.0,1175.0,9468.0,9069.0,370.0,24.0,16564.0,20318.0,-268.0,15606.0,358.0,0.0,27370.0,49.0,Pass
l2932.txm,15.8105,751.0,752.0,132.0,0.0,1717.0,101.0,1146.0,9446.0,9035.0,-937.0,25.0,16666.0,19162.0,-670.0,17158.0,342.0,0.0,27844.0,49.0,Pass
l2932.txm,16.8301,751.0,753.0,131.0,0.0,1814.0,100.0,1190.0,9466.0,9116.0,-752.0,26.0,16223.0,19594.0,44.0,16008.0,361.0,0.0,27788.0,48.0,Pass
l2932.txm,17.8506,751.0,753.0,132.0,0.0,1738.0,100.0,1203.0,9493.0,9127.0,867.0,24.0,16889.0,19378.0,59.0,16542.0,347.0,0.0,27966.0,48.0,Pass
l2932.txm,18.8701,752.0,751.0,132.0,0.0,1375.0,100.0,1207.0,9483.0,9032.0,-210.0,25.0,16587.0,19598.0,-362.0,16834.0,342.0,0.0,27756.0,49.0,Pass
l2932.txm,19.8994,752.0,752.0,134.0,0.0,1664.0,101.0,1158.0,9425.0,9086.0,-239.0,25.0,16643.0,19376.0,128.0,16652.0,346.0,0.0,27862.0,49.0,Pass
l2932.txm,20.9189,752.0,753.0,132.0,0.0,1662.0,100.0,1194.0,9445.0,9093.0,-1012.0,25.0,16653.0,19528.0,594.0,16470.0,342.0,0.0,27860.0,48.0,Pass
l2932.txm,21.9404,751.0,753.0,135.0,0.0,1674.0,100.0,1186.0,9470.0,9034.0,-1315.0,25.0,16521.0,19570.0,426.0,16190.0,358.0,0.0,27848.0,49.0,Pass
l2932.txm,22.96,751.0,753.0,134.0,0.0,1681.0,102.0,1182.0,9460.0,9079.0,-1062.0,25.0,16668.0,19324.0,73.0,16582.0,347.0,0.0,27738.0,49.0,Pass
l2932.txm,23.9795,751.0,752.0,133.0,0.0,1690.0,101.0,1186.0,9485.0,9030.0,-1409.0,25.0,16508.0,19638.0,159.0,16234.0,353.0,0.0,27786.0,49.0,Pass
l2932.txm,25.0,752.0,753.0,132.0,0.0,1714.0,101.0,1187.0,9426.0,9073.0,-951.0,25.0,16684.0,19624.0,125.0,16394.0,351.0,0.0,27950.0,49.0,Pass
l2932.txm,26.0449,752.0,754.0,134.0,0.0,1739.0,101.0,1187.0,9462.0,9054.0,-1508.0,25.0,16582.0,19370.0,158.0,16370.0,349.0,0.0,28044.0,49.0,Pass
l2932.txm,27.0391,753.0,754.0,134.0,0.0,1758.0,101.0,1186.0,9443.0,9067.0,-1251.0,25.0,16530.0,19318.0,326.0,16788.0,351.0,1.0,27838.0,49.0,Pass
l2932.txm,28.0605,752.0,754.0,134.0,0.0,1765.0,101.0,1184.0,9431.0,9070.0,-1024.0,25.0,16957.0,19336.0,154.0,16234.0,358.0,1.0,28010.0,49.0,Pass
l2932.txm,29.0791,752.0,754.0,135.0,0.0,1773.0,100.0,1184.0,9436.0,9065.0,-392.0,25.0,16613.0,19356.0,18.0,16656.0,352.0,1.0,27998.0,49.0,Pass
l2932.txm,30.0996,752.0,753.0,131.0,0.0,1781.0,101.0,1185.0,9489.0,9013.0,-1948.0,24.0,16427.0,19312.0,-279.0,16686.0,349.0,0.0,27974.0,49.0,Pass
l2932.txm,31.1201,752.0,754.0,129.0,0.0,1776.0,100.0,1186.0,9453.0,9068.0,-1411.0,24.0,16325.0,19436.0,176.0,16250.0,361.0,1.0,27868.0,49.0,Pass
l2932.txm,32.1406,751.0,753.0,132.0,0.0,1779.0,101.0,1184.0,9447.0,9080.0,-310.0,24.0,16483.0,19346.0,109.0,16058.0,343.0,0.0,27976.0,49.0,Pass
l2932.txm,33.1602,752.0,754.0,130.0,0.0,1778.0,101.0,1186.0,9448.0,9024.0,-1673.0,24.0,16423.0,19184.0,-334.0,16442.0,351.0,0.0,27814.0,49.0,Pass
l2932.txm,34.1797,752.0,754.0,132.0,0.0,1779.0,101.0,1184.0,9427.0,9090.0,-994.0,24.0,16347.0,19130.0,1474.0,16702.0,347.0,0.0,27846.0,49.0,Pass
l2932.txm,35.2012,752.0,752.0,135.0,0.0,1780.0,100.0,1184.0,9475.0,9033.0,-1412.0,23.0,16329.0,19306.0,3.0,16374.0,360.0,1.0,27812.0,49.0,Pass
l2932.txm,36.2197,752.0,753.0,132.0,0.0,1782.0,101.0,1184.0,9443.0,9021.0,34.0,24.0,16842.0,19306.0,-43.0,16550.0,346.0,0.0,27994.0,49.0,Pass
l2932.txm,37.2393,751.0,754.0,135.0,0.0,1777.0,102.0,1184.0,9490.0,9037.0,-458.0,24.0,16794.0,19122.0,-17.0,16574.0,344.0,0.0,27932.0,49.0,Pass
l2932.txm,38.2861,752.0,753.0,134.0,0.0,1783.0,101.0,1184.0,9477.0,8978.0,-235.0,23.0,16574.0,19184.0,-265.0,16638.0,343.0,0.0,27818.0,49.0,Pass
l2932.txm,39.2803,751.0,753.0,133.0,0.0,1774.0,100.0,1186.0,9414.0,9100.0,-858.0,24.0,16925.0,19292.0,-302.0,16806.0,350.0,0.0,27990.0,49.0,Pass
l2932.txm,40.2988,752.0,754.0,135.0,0.0,1783.0,100.0,1185.0,9432.0,9105.0,-1424.0,24.0,16649.0,19416.0,-72.0,16702.0,353.0,0.0,27858.0,49.0,Pass
l2932.txm,41.3994,751.0,753.0,131.0,0.0,1780.0,100.0,1185.0,9504.0,9039.0,-1866.0,23.0,16539.0,19176.0,-86.0,15920.0,349.0,1.0,28016.0,49.0,Pass
l2932.txm,42.3691,752.0,754.0,131.0,0.0,1774.0,101.0,1185.0,9468.0,9112.0,-979.0,23.0,16665.0,19250.0,460.0,16762.0,351.0,0.0,27788.0,49.0,Pass
l2932.txm,43.3887,752.0,755.0,130.0,0.0,1781.0,100.0,1187.0,9490.0,9077.0,-796.0,24.0,16741.0,19408.0,274.0,16764.0,350.0,0.0,27866.0,49.0,Pass
l2932.txm,44.4092,752.0,753.0,125.0,0.0,1771.0,101.0,1184.0,9492.0,9000.0,-2127.0,24.0,16347.0,19326.0,332.0,16558.0,352.0,0.0,27994.0,49.0,Pass
l2932.txm,45.4277,752.0,753.0,132.0,0.0,1774.0,100.0,1185.0,9435.0,9068.0,-30.0,24.0,16527.0,19092.0,486.0,16466.0,351.0,0.0,27952.0,49.0,Pass
l2932.txm,46.4492,752.0,752.0,134.0,0.0,1768.0,100.0,1185.0,9453.0,9088.0,-635.0,23.0,16664.0,19300.0,-513.0,16752.0,348.0,0.0,27814.0,49.0,Pass
l2932.txm,47.4687,752.0,753.0,134.0,0.0,1760.0,101.0,1183.0,9465.0,9030.0,-2173.0,24.0,16456.0,19390.0,-309.0,16324.0,346.0,1.0,27950.0,49.0,Pass
l2932.txm,48.5127,752.0,755.0,138.0,0.0,1773.0,100.0,1185.0,9429.0,9025.0,-1273.0,24.0,16335.0,19382.0,73.0,16662.0,351.0,1.0,27894.0,49.0,Pass
l2932.txm,49.5088,752.0,753.0,132.0,0.0,1754.0,100.0,1185.0,9418.0,9084.0,-1989.0,24.0,16481.0,19248.0,-261.0,16280.0,350.0,0.0,27822.0,49.0,Pass
l2932.txm,50.5303,752.0,753.0,134.0,0.0,1753.0,101.0,1184.0,9474.0,9038.0,-1485.0,24.0,16598.0,19386.0,10.0,16766.0,345.0,1.0,27994.0,49.0,Pass
l2932.txm,51.5537,752.0,753.0,129.0,0.0,1748.0,100.0,1185.0,9446.0,9060.0,-1744.0,24.0,16222.0,19258.0,101.0,16632.0,346.0,0.0,28010.0,49.0,Pass
l2932.txm,52.5693,752.0,753.0,134.0,0.0,1734.0,101.0,1184.0,9439.0,9024.0,-336.0,24.0,16580.0,19276.0,-680.0,16490.0,350.0,1.0,27806.0,49.0,Pass
l2932.txm,53.5889,751.0,753.0,135.0,1.0,1681.0,101.0,1185.0,9453.0,9022.0,-1780.0,24.0,16113.0,19254.0,-554.0,16790.0,351.0,0.0,27926.0,49.0,Pass
l2932.txm,54.6104,751.0,753.0,130.0,0.0,1424.0,100.0,1197.0,9430.0,9111.0,-185.0,23.0,16284.0,19348.0,-1044.0,17066.0,346.0,0.0,27794.0,49.0,Pass
l2932.txm,55.6289,752.0,753.0,136.0,0.0,1144.0,100.0,1187.0,9417.0,9027.0,667.0,24.0,16309.0,19590.0,-773.0,16852.0,338.0,0.0,27642.0,49.0,Pass
l2932.txm,56.6494,751.0,754.0,135.0,1.0,929.0,100.0,1192.0,9510.0,9008.0,1283.0,24.0,16071.0,19764.0,-485.0,16880.0,343.0,0.0,27616.0,49.0,Pass
l2932.txm,10.7793,751.0,753.0,135.0,0.0,623.0,99.0,1219.0,9473.0,9006.0,-1219.0,26.0,16641.0,19986.0,878.0,16798.0,353.0,0.0,27548.0,49.0,Pass
l2933.txm,10.7793,751.0,753.0,135.0,0.0,623.0,99.0,1219.0,9473.0,9006.0,-1219.0,26.0,16641.0,19986.0,878.0,16798.0,353.0,0.0,27548.0,49.0,Pass
l2933.txm,11.8008,751.0,753.0,135.0,0.0,618.0,99.0,1218.0,9470.0,9021.0,-1064.0,27.0,16342.0,19916.0,-542.0,16774.0,358.0,0.0,27388.0,49.0,Pass
l2933.txm,12.8213,751.0,754.0,135.0,0.0,592.0,100.0,1214.0,9431.0,9039.0,-1657.0,27.0,16684.0,20092.0,-421.0,16466.0,347.0,0.0,27402.0,49.0,Pass
l2933.txm,13.8418,751.0,754.0,134.0,0.0,569.0,101.0,1193.0,9491.0,9007.0,-1013.0,27.0,16281.0,20086.0,-506.0,16896.0,347.0,0.0,27294.0,49.0,Pass
l2933.txm,14.8604,751.0,753.0,133.0,0.0,909.0,101.0,1165.0,9433.0,9061.0,825.0,28.0,15977.0,20310.0,1066.0,15248.0,353.0,0.0,27606.0,49.0,Pass
l2933.txm,15.8809,751.0,753.0,134.0,0.0,1784.0,101.0,1156.0,9496.0,9008.0,-1512.0,25.0,16762.0,19330.0,-1243.0,16328.0,351.0,0.0,27724.0,48.0,Pass
l2933.txm,16.9004,751.0,753.0,134.0,0.0,1818.0,102.0,1196.0,9437.0,9115.0,-1493.0,25.0,16626.0,19510.0,354.0,16478.0,346.0,0.0,27716.0,48.0,Pass
l2933.txm,17.9551,751.0,753.0,132.0,0.0,1645.0,101.0,1201.0,9471.0,9184.0,1629.0,23.0,17053.0,19398.0,454.0,16718.0,350.0,0.0,27842.0,48.0,Pass
l2933.txm,18.9395,751.0,752.0,132.0,0.0,1491.0,100.0,1195.0,9507.0,8999.0,-1359.0,25.0,16298.0,19464.0,-91.0,16838.0,351.0,0.0,27814.0,49.0,Pass
l2933.txm,19.96,752.0,753.0,134.0,0.0,1651.0,100.0,1160.0,9398.0,9065.0,-1213.0,25.0,16582.0,19558.0,47.0,16566.0,349.0,0.0,27816.0,49.0,Pass
l2933.txm,20.9805,751.0,752.0,133.0,0.0,1675.0,100.0,1196.0,9454.0,9072.0,-1007.0,25.0,16690.0,19300.0,350.0,16606.0,349.0,0.0,27816.0,48.0,Pass
l2933.txm,22.0,751.0,753.0,134.0,0.0,1682.0,100.0,1185.0,9479.0,9024.0,50.0,25.0,16833.0,19488.0,-462.0,16418.0,352.0,0.0,27804.0,49.0,Pass
l2933.txm,23.0205,752.0,753.0,132.0,0.0,1692.0,100.0,1187.0,9441.0,9095.0,-381.0,25.0,16758.0,19542.0,-439.0,16872.0,351.0,1.0,27884.0,49.0,Pass
l2933.txm,24.041,752.0,754.0,135.0,0.0,1699.0,100.0,1187.0,9488.0,9034.0,-1197.0,24.0,16657.0,19484.0,-40.0,16580.0,343.0,0.0,27822.0,49.0,Pass
l2933.txm,25.0605,751.0,753.0,133.0,0.0,1723.0,101.0,1185.0,9455.0,9087.0,-520.0,25.0,16865.0,19274.0,-96.0,16286.0,348.0,0.0,27882.0,49.0,Pass
l2933.txm,26.0811,751.0,752.0,133.0,0.0,1739.0,100.0,1186.0,9479.0,9071.0,-1607.0,24.0,16610.0,19238.0,16.0,16546.0,351.0,0.0,27960.0,49.0,Pass
l2933.txm,27.1006,752.0,753.0,133.0,0.0,1762.0,102.0,1186.0,9483.0,9024.0,-2077.0,25.0,16595.0,19218.0,141.0,16498.0,352.0,0.0,27880.0,49.0,Pass
l2933.txm,28.1211,752.0,752.0,132.0,0.0,1769.0,100.0,1186.0,9492.0,9026.0,-485.0,24.0,16829.0,19354.0,-55.0,16592.0,345.0,1.0,27806.0,49.0,Pass
l2933.txm,29.1406,752.0,753.0,131.0,0.0,1778.0,101.0,1184.0,9441.0,9037.0,-895.0,24.0,16732.0,19378.0,93.0,16210.0,350.0,0.0,27830.0,49.0,Pass
l2933.txm,30.1943,752.0,753.0,134.0,0.0,1772.0,101.0,1185.0,9445.0,9069.0,-1946.0,24.0,16283.0,19210.0,80.0,15940.0,358.0,0.0,27834.0,49.0,Pass
l2933.txm,31.1797,752.0,753.0,133.0,0.0,1777.0,100.0,1187.0,9472.0,9013.0,-1090.0,24.0,16568.0,19118.0,458.0,16010.0,350.0,0.0,27932.0,49.0,Pass
l2933.txm,32.1992,751.0,754.0,132.0,0.0,1774.0,101.0,1182.0,9491.0,9042.0,-338.0,24.0,16813.0,19128.0,33.0,16690.0,345.0,1.0,27936.0,49.0,Pass
l2933.txm,33.2207,752.0,753.0,136.0,0.0,1781.0,100.0,1185.0,9493.0,9088.0,-1297.0,24.0,16610.0,19362.0,-55.0,16258.0,354.0,0.0,27916.0,49.0,Pass
l2933.txm,34.2402,752.0,753.0,131.0,0.0,1778.0,100.0,1186.0,9428.0,9041.0,-1676.0,23.0,16296.0,19150.0,-70.0,16342.0,343.0,0.0,27844.0,49.0,Pass
l2933.txm,35.2607,752.0,753.0,131.0,0.0,1787.0,100.0,1187.0,9478.0,9081.0,-1409.0,24.0,16434.0,19390.0,122.0,16382.0,350.0,0.0,27838.0,49.0,Pass
l2933.txm,36.2803,751.0,753.0,134.0,0.0,1783.0,100.0,1186.0,9446.0,9080.0,-1644.0,24.0,16512.0,19368.0,92.0,16724.0,348.0,0.0,27896.0,49.0,Pass
l2933.txm,37.3008,752.0,755.0,130.0,0.0,1780.0,102.0,1183.0,9408.0,9107.0,-365.0,24.0,16507.0,19326.0,336.0,16412.0,357.0,0.0,27998.0,49.0,Pass
l2933.txm,38.3213,752.0,752.0,132.0,0.0,1779.0,101.0,1183.0,9466.0,9104.0,-2134.0,23.0,16151.0,19222.0,26.0,16356.0,354.0,1.0,27790.0,49.0,Pass
l2933.txm,39.3408,751.0,753.0,133.0,0.0,1782.0,101.0,1185.0,9456.0,9078.0,-1624.0,24.0,16592.0,19414.0,-283.0,16728.0,342.0,0.0,27852.0,49.0,Pass
l2933.txm,40.3603,752.0,753.0,134.0,0.0,1776.0,101.0,1183.0,9505.0,9029.0,-2405.0,23.0,16447.0,19092.0,63.0,16578.0,354.0,1.0,27956.0,49.0,Pass
l2933.txm,41.4219,752.0,753.0,133.0,0.0,1779.0,100.0,1184.0,9465.0,9020.0,-264.0,24.0,16501.0,19096.0,-30.0,16752.0,355.0,1.0,27860.0,49.0,Pass
l2933.txm,42.4307,751.0,753.0,130.0,0.0,1775.0,100.0,1187.0,9480.0,9063.0,-1479.0,24.0,16366.0,19390.0,-2.0,16546.0,346.0,0.0,27886.0,49.0,Pass
l2933.txm,43.4502,752.0,754.0,131.0,0.0,1773.0,100.0,1184.0,9475.0,9072.0,-491.0,23.0,16477.0,19386.0,278.0,16650.0,344.0,0.0,27848.0,49.0,Pass
l2933.txm,44.4707,751.0,752.0,132.0,0.0,1773.0,101.0,1184.0,9440.0,9085.0,-1494.0,24.0,16416.0,19094.0,-66.0,16438.0,353.0,0.0,27944.0,49.0,Pass
l2933.txm,45.5703,752.0,754.0,134.0,0.0,1771.0,101.0,1186.0,9421.0,9071.0,-1623.0,24.0,16140.0,19410.0,102.0,16526.0,353.0,0.0,27890.0,49.0,Pass
l2933.txm,46.541,752.0,753.0,135.0,0.0,1766.0,101.0,1185.0,9411.0,9068.0,-1061.0,24.0,16767.0,19220.0,614.0,16320.0,354.0,0.0,27800.0,49.0,Pass
l2933.txm,47.5605,752.0,754.0,135.0,0.0,1763.0,100.0,1183.0,9437.0,9071.0,313.0,24.0,16385.0,19094.0,-89.0,16730.0,343.0,0.0,27862.0,49.0,Pass
l2933.txm,48.5811,752.0,754.0,135.0,0.0,1766.0,102.0,1184.0,9455.0,9048.0,-1197.0,24.0,16608.0,19390.0,92.0,16412.0,342.0,0.0,27896.0,49.0,Pass
l2933.txm,49.5996,752.0,753.0,134.0,0.0,1756.0,100.0,1182.0,9435.0,9021.0,-1847.0,24.0,16214.0,19098.0,-411.0,16322.0,344.0,0.0,27846.0,49.0,Pass
l2933.txm,50.6211,751.0,754.0,132.0,0.0,1751.0,100.0,1184.0,9474.0,9044.0,-1364.0,24.0,16570.0,19406.0,-7.0,16492.0,357.0,0.0,27954.0,49.0,Pass
l2933.txm,51.6406,752.0,754.0,133.0,0.0,1750.0,101.0,1185.0,9466.0,9020.0,-772.0,24.0,16489.0,19366.0,155.0,16564.0,346.0,1.0,27978.0,49.0,Pass
l2933.txm,52.6846,751.0,753.0,134.0,0.0,1728.0,100.0,1182.0,9431.0,9062.0,4.0,24.0,16641.0,19100.0,113.0,16868.0,351.0,0.0,27842.0,49.0,Pass
l2933.txm,53.6807,751.0,753.0,132.0,0.0,1585.0,101.0,1191.0,9439.0,9018.0,325.0,24.0,16199.0,19258.0,-365.0,16422.0,342.0,0.0,27900.0,49.0,Pass
l2933.txm,54.7002,752.0,753.0,134.0,1.0,1284.0,100.0,1191.0,9450.0,9031.0,511.0,24.0,16485.0,19494.0,-285.0,16940.0,342.0,0.0,27758.0,49.0,Pass
l2933.txm,55.7207,751.0,753.0,134.0,0.0,1084.0,100.0,1188.0,9492.0,9016.0,422.0,24.0,16664.0,19588.0,894.0,17042.0,343.0,0.0,27722.0,49.0,Pass
l2933.txm,56.7402,752.0,753.0,131.0,0.0,882.0,100.0,1186.0,9523.0,8994.0,796.0,24.0,15964.0,19738.0,-493.0,16684.0,358.0,0.0,27580.0,49.0,Pass
l2933.txm,10.2285,751.0,752.0,134.0,0.0,641.0,101.0,1225.0,9450.0,8997.0,-1259.0,26.0,16639.0,19974.0,-2.0,16806.0,352.0,0.0,27618.0,49.0,Pass
l2934.txm,10.2285,751.0,752.0,134.0,0.0,641.0,101.0,1225.0,9450.0,8997.0,-1259.0,26.0,16639.0,19974.0,-2.0,16806.0,352.0,0.0,27618.0,49.0,Pass
l2934.txm,11.2754,750.0,752.0,131.0,0.0,625.0,100.0,1224.0,9412.0,9050.0,-1271.0,26.0,16446.0,19978.0,-684.0,16758.0,356.0,0.0,27494.0,49.0,Pass
l2934.txm,12.2686,751.0,754.0,134.0,0.0,601.0,100.0,1222.0,9400.0,9084.0,-1706.0,26.0,16381.0,20058.0,-461.0,16548.0,345.0,0.0,27510.0,49.0,Pass
l2934.txm,13.2881,751.0,755.0,133.0,0.0,585.0,101.0,1213.0,9465.0,9020.0,-1140.0,27.0,16097.0,20072.0,-940.0,16906.0,342.0,0.0,27326.0,49.0,Pass
l2934.txm,14.3086,751.0,753.0,131.0,0.0,591.0,101.0,1185.0,9474.0,9012.0,207.0,26.0,16505.0,20220.0,131.0,16358.0,342.0,0.0,27308.0,49.0,Pass
l2934.txm,15.3281,752.0,755.0,132.0,0.0,1561.0,100.0,1140.0,9440.0,9036.0,123.0,26.0,16513.0,19234.0,874.0,17730.0,355.0,0.0,28004.0,49.0,Pass
l2934.txm,16.3486,751.0,754.0,132.0,0.0,1806.0,100.0,1169.0,9463.0,9069.0,-784.0,26.0,16771.0,19464.0,-846.0,16312.0,349.0,0.0,27756.0,48.0,Pass
l2934.txm,17.3691,751.0,753.0,133.0,0.0,1785.0,101.0,1201.0,9448.0,9122.0,-596.0,26.0,16464.0,19580.0,-445.0,16612.0,344.0,0.0,28018.0,48.0,Pass
l2934.txm,18.3906,752.0,753.0,133.0,0.0,1434.0,101.0,1208.0,9508.0,9019.0,667.0,25.0,16616.0,19558.0,-514.0,16708.0,347.0,1.0,27876.0,49.0,Pass
l2934.txm,19.4082,751.0,752.0,132.0,0.0,1629.0,100.0,1171.0,9499.0,9018.0,-1032.0,26.0,16429.0,19372.0,-10.0,16458.0,357.0,0.0,27970.0,49.0,Pass
l2934.txm,20.4297,752.0,753.0,133.0,0.0,1647.0,100.0,1181.0,9411.0,9046.0,-1404.0,26.0,16420.0,19366.0,56.0,16628.0,353.0,0.0,27858.0,49.0,Pass
l2934.txm,21.4482,752.0,753.0,131.0,0.0,1661.0,101.0,1190.0,9459.0,9029.0,-688.0,26.0,16511.0,19596.0,61.0,16576.0,349.0,1.0,27852.0,49.0,Pass
l2934.txm,22.4688,752.0,753.0,133.0,0.0,1682.0,100.0,1186.0,9487.0,9046.0,248.0,25.0,16800.0,19616.0,91.0,16806.0,346.0,0.0,27868.0,49.0,Pass
l2934.txm,23.5156,752.0,754.0,134.0,0.0,1685.0,100.0,1185.0,9468.0,9056.0,-346.0,25.0,16557.0,19616.0,1018.0,16218.0,355.0,0.0,27834.0,49.0,Pass
l2934.txm,24.5391,752.0,754.0,135.0,0.0,1706.0,100.0,1185.0,9429.0,9044.0,-619.0,25.0,16599.0,19318.0,148.0,16166.0,355.0,0.0,27906.0,49.0,Pass
l2934.txm,25.5596,751.0,753.0,135.0,0.0,1740.0,101.0,1185.0,9461.0,9039.0,-565.0,25.0,16584.0,19200.0,638.0,16816.0,353.0,0.0,27962.0,49.0,Pass
l2934.txm,26.5781,752.0,754.0,135.0,0.0,1748.0,101.0,1186.0,9445.0,9040.0,-230.0,25.0,16918.0,19350.0,-317.0,16406.0,355.0,0.0,27980.0,49.0,Pass
l2934.txm,27.5986,751.0,753.0,132.0,0.0,1767.0,102.0,1186.0,9409.0,9094.0,-995.0,24.0,16632.0,19260.0,112.0,15904.0,359.0,0.0,27824.0,49.0,Pass
l2934.txm,28.6191,752.0,754.0,130.0,0.0,1765.0,100.0,1186.0,9473.0,9038.0,-614.0,25.0,16388.0,19116.0,145.0,16358.0,345.0,1.0,27980.0,49.0,Pass
l2934.txm,29.6396,751.0,753.0,133.0,0.0,1768.0,101.0,1185.0,9420.0,9055.0,-836.0,24.0,16553.0,19130.0,95.0,15978.0,349.0,0.0,27992.0,49.0,Pass
l2934.txm,30.6855,752.0,754.0,133.0,0.0,1777.0,100.0,1187.0,9478.0,9129.0,-785.0,24.0,16174.0,19442.0,410.0,16562.0,348.0,1.0,27848.0,49.0,Pass
l2934.txm,31.6787,752.0,754.0,134.0,0.0,1775.0,100.0,1186.0,9430.0,9121.0,-342.0,24.0,16525.0,19212.0,360.0,16472.0,357.0,0.0,28028.0,49.0,Pass
l2934.txm,32.6992,752.0,754.0,135.0,0.0,1776.0,102.0,1186.0,9428.0,9073.0,-798.0,24.0,16546.0,19324.0,-278.0,16056.0,350.0,0.0,28038.0,49.0,Pass
l2934.txm,33.7197,752.0,753.0,130.0,0.0,1775.0,101.0,1185.0,9429.0,9085.0,-374.0,24.0,16376.0,19308.0,-8.0,16614.0,336.0,1.0,28008.0,49.0,Pass
l2934.txm,34.7393,752.0,753.0,133.0,0.0,1784.0,101.0,1186.0,9476.0,9070.0,-1060.0,24.0,16494.0,19114.0,-332.0,16540.0,357.0,0.0,27976.0,49.0,Pass
l2934.txm,35.7598,751.0,752.0,133.0,0.0,1780.0,101.0,1184.0,9458.0,9063.0,-344.0,24.0,16632.0,19106.0,-425.0,16840.0,356.0,0.0,27958.0,49.0,Pass
l2934.txm,36.7793,751.0,753.0,135.0,0.0,1778.0,102.0,1186.0,9416.0,9030.0,-1554.0,24.0,16665.0,19414.0,-536.0,16172.0,360.0,0.0,27868.0,49.0,Pass
l2934.txm,37.7998,751.0,752.0,137.0,0.0,1782.0,101.0,1184.0,9505.0,9060.0,-1760.0,23.0,16558.0,19294.0,350.0,16060.0,351.0,1.0,28002.0,49.0,Pass
l2934.txm,38.8184,751.0,753.0,132.0,0.0,1775.0,100.0,1184.0,9431.0,9070.0,54.0,24.0,16528.0,19218.0,-40.0,16386.0,343.0,1.0,28008.0,49.0,Pass
l2934.txm,39.8398,752.0,753.0,132.0,0.0,1775.0,100.0,1183.0,9453.0,9045.0,-443.0,24.0,16150.0,19410.0,-261.0,16532.0,343.0,1.0,27876.0,49.0,Pass
l2934.txm,40.8594,752.0,753.0,131.0,0.0,1785.0,101.0,1184.0,9417.0,9113.0,-758.0,24.0,16360.0,19390.0,103.0,16724.0,343.0,0.0,27888.0,49.0,Pass
l2934.txm,41.8789,752.0,753.0,135.0,0.0,1778.0,101.0,1182.0,9467.0,9066.0,255.0,24.0,16563.0,19360.0,-290.0,16426.0,349.0,1.0,27990.0,49.0,Pass
l2934.txm,42.9258,752.0,753.0,135.0,0.0,1773.0,100.0,1183.0,9433.0,9072.0,-1210.0,24.0,16614.0,19102.0,438.0,16684.0,356.0,1.0,27996.0,49.0,Pass
l2934.txm,43.9199,752.0,753.0,132.0,0.0,1778.0,101.0,1184.0,9443.0,9054.0,-899.0,24.0,16112.0,19082.0,-39.0,16828.0,356.0,0.0,27852.0,49.0,Pass
l2934.txm,44.9385,751.0,753.0,130.0,0.0,1771.0,101.0,1184.0,9429.0,9093.0,-2086.0,24.0,16207.0,19416.0,92.0,16246.0,349.0,1.0,27978.0,49.0,Pass
l2934.txm,46.0381,752.0,754.0,131.0,0.0,1768.0,100.0,1184.0,9409.0,9088.0,-1830.0,24.0,16498.0,19308.0,56.0,16374.0,349.0,1.0,27828.0,49.0,Pass
l2934.txm,47.0088,752.0,753.0,136.0,0.0,1769.0,101.0,1184.0,9470.0,9038.0,-578.0,24.0,16707.0,19370.0,18.0,16652.0,350.0,0.0,27826.0,49.0,Pass
l2934.txm,48.0283,751.0,753.0,134.0,0.0,1763.0,101.0,1184.0,9464.0,9067.0,-1564.0,24.0,16222.0,19416.0,82.0,15874.0,357.0,1.0,27838.0,49.0,Pass
l2934.txm,49.0488,752.0,754.0,132.0,0.0,1760.0,101.0,1184.0,9454.0,9051.0,500.0,24.0,16232.0,19288.0,82.0,16432.0,351.0,1.0,28016.0,49.0,Pass
l2934.txm,50.0684,751.0,753.0,135.0,0.0,1760.0,101.0,1186.0,9489.0,9017.0,-57.0,24.0,16189.0,19118.0,84.0,16356.0,344.0,1.0,27818.0,49.0,Pass
l2934.txm,51.0889,752.0,754.0,134.0,0.0,1754.0,101.0,1186.0,9435.0,9069.0,-566.0,24.0,16128.0,19208.0,15.0,16848.0,352.0,0.0,28016.0,49.0,Pass
l2934.txm,52.1113,752.0,754.0,135.0,0.0,1742.0,100.0,1183.0,9405.0,9072.0,-392.0,24.0,16290.0,19206.0,157.0,16574.0,349.0,0.0,27996.0,49.0,Pass
l2934.txm,53.1924,752.0,750.0,133.0,0.0,1732.0,100.0,1183.0,9400.0,9090.0,-206.0,24.0,16183.0,19262.0,-60.0,16518.0,360.0,0.0,27954.0,49.0,Pass
l2934.txm,54.1885,752.0,752.0,132.0,0.0,1662.0,101.0,1186.0,9426.0,9050.0,417.0,24.0,16668.0,19234.0,-273.0,16932.0,342.0,0.0,27932.0,49.0,Pass
l2934.txm,55.209,752.0,753.0,133.0,0.0,1446.0,100.0,1199.0,9416.0,9056.0,2025.0,24.0,16553.0,19348.0,-607.0,17018.0,350.0,0.0,27798.0,49.0,Pass
l2934.txm,56.2285,752.0,754.0,131.0,0.0,1168.0,101.0,1187.0,9423.0,9064.0,7.0,24.0,16392.0,19534.0,462.0,17154.0,342.0,0.0,27642.0,49.0,Pass
l2934.txm,57.248,752.0,753.0,132.0,0.0,985.0,100.0,1187.0,9477.0,9003.0,701.0,25.0,16121.0,19708.0,-630.0,16582.0,343.0,0.0,27606.0,49.0,Pass
l2934.txm,10.2266,751.0,753.0,135.0,0.0,657.0,100.0,1227.0,9519.0,8985.0,-2022.0,25.0,17137.0,20018.0,896.0,16196.0,350.0,0.0,27678.0,49.0,Pass
l2935.txm,10.2266,751.0,753.0,135.0,0.0,657.0,100.0,1227.0,9519.0,8985.0,-2022.0,25.0,17137.0,20018.0,896.0,16196.0,350.0,0.0,27678.0,49.0,Pass
l2935.txm,11.2207,751.0,752.0,132.0,0.0,620.0,101.0,1224.0,9503.0,9005.0,-1041.0,26.0,16688.0,19886.0,-268.0,16806.0,343.0,0.0,27754.0,49.0,Pass
l2935.txm,12.2402,751.0,754.0,136.0,0.0,608.0,101.0,1222.0,9458.0,9066.0,-1161.0,26.0,16867.0,20154.0,-258.0,16452.0,361.0,0.0,27386.0,49.0,Pass
l2935.txm,13.2598,752.0,754.0,135.0,0.0,584.0,100.0,1217.0,9519.0,9020.0,-1533.0,26.0,16337.0,20024.0,-275.0,16556.0,354.0,0.0,27422.0,49.0,Pass
l2935.txm,14.2803,751.0,752.0,133.0,0.0,573.0,100.0,1192.0,9451.0,9058.0,-1196.0,26.0,16375.0,20314.0,-493.0,16774.0,357.0,0.0,27332.0,50.0,Pass
l2935.txm,15.2998,751.0,753.0,135.0,0.0,1311.0,101.0,1146.0,9515.0,9014.0,166.0,25.0,16413.0,19618.0,1318.0,17032.0,340.0,0.0,28130.0,49.0,Pass
l2935.txm,16.3213,752.0,754.0,132.0,0.0,1792.0,102.0,1162.0,9499.0,9034.0,-1623.0,25.0,16498.0,19424.0,-805.0,16334.0,352.0,0.0,27628.0,48.0,Pass
l2935.txm,17.3408,751.0,753.0,132.0,0.0,1798.0,100.0,1199.0,9500.0,9089.0,-454.0,25.0,16588.0,19610.0,-50.0,16322.0,351.0,0.0,27880.0,48.0,Pass
l2935.txm,18.3604,752.0,753.0,132.0,0.0,1536.0,101.0,1208.0,9480.0,9045.0,169.0,24.0,16529.0,19246.0,-508.0,16694.0,346.0,0.0,27910.0,48.0,Pass
l2935.txm,19.3809,751.0,752.0,132.0,0.0,1534.0,101.0,1186.0,9479.0,9082.0,-253.0,25.0,16795.0,19470.0,-8.0,16680.0,350.0,0.0,27834.0,49.0,Pass
l2935.txm,20.4014,751.0,753.0,135.0,0.0,1642.0,100.0,1176.0,9437.0,9083.0,-1363.0,25.0,16443.0,19348.0,-801.0,16670.0,344.0,0.0,27894.0,49.0,Pass
l2935.txm,21.4199,752.0,753.0,132.0,0.0,1670.0,100.0,1194.0,9452.0,9072.0,-1197.0,25.0,16595.0,19370.0,45.0,16496.0,342.0,0.0,27826.0,49.0,Pass
l2935.txm,22.4414,752.0,754.0,132.0,0.0,1674.0,101.0,1183.0,9450.0,9027.0,-798.0,25.0,16502.0,19254.0,72.0,16454.0,356.0,0.0,27806.0,49.0,Pass
l2935.txm,23.4736,751.0,753.0,133.0,0.0,1683.0,101.0,1181.0,9468.0,9084.0,-633.0,25.0,16649.0,19260.0,20.0,16862.0,346.0,0.0,27796.0,49.0,Pass
l2935.txm,24.4805,752.0,753.0,136.0,0.0,1698.0,101.0,1185.0,9472.0,9046.0,-1203.0,25.0,16254.0,19544.0,624.0,16424.0,353.0,0.0,27814.0,49.0,Pass
l2935.txm,25.501,752.0,753.0,132.0,0.0,1730.0,101.0,1190.0,9438.0,9092.0,-852.0,25.0,16599.0,19308.0,35.0,16470.0,349.0,0.0,27826.0,49.0,Pass
l2935.txm,26.5215,752.0,753.0,133.0,0.0,1743.0,100.0,1184.0,9471.0,9025.0,-897.0,25.0,16371.0,19216.0,67.0,16390.0,347.0,1.0,27952.0,49.0,Pass
l2935.txm,27.541,752.0,753.0,127.0,0.0,1761.0,101.0,1186.0,9517.0,9008.0,-1564.0,24.0,16644.0,19240.0,84.0,16688.0,342.0,0.0,27962.0,49.0,Pass
l2935.txm,28.5605,751.0,753.0,132.0,0.0,1768.0,101.0,1185.0,9478.0,8994.0,-701.0,25.0,16775.0,19230.0,914.0,16676.0,357.0,0.0,27780.0,49.0,Pass
l2935.txm,29.6064,752.0,754.0,135.0,0.0,1765.0,101.0,1184.0,9456.0,9016.0,-1464.0,24.0,16913.0,19324.0,328.0,16506.0,352.0,1.0,27796.0,49.0,Pass
l2935.txm,30.6006,752.0,753.0,135.0,0.0,1769.0,101.0,1186.0,9488.0,9065.0,-555.0,24.0,16794.0,19290.0,-4.0,16458.0,350.0,1.0,27994.0,49.0,Pass
l2935.txm,31.6211,751.0,752.0,133.0,0.0,1772.0,101.0,1186.0,9460.0,9011.0,-942.0,24.0,16653.0,19114.0,122.0,16634.0,336.0,0.0,27838.0,49.0,Pass
l2935.txm,32.6406,751.0,754.0,129.0,0.0,1769.0,101.0,1184.0,9466.0,9041.0,-1483.0,24.0,16656.0,19412.0,-349.0,16178.0,351.0,1.0,27992.0,49.0,Pass
l2935.txm,33.6611,752.0,754.0,133.0,0.0,1775.0,100.0,1184.0,9499.0,9031.0,-763.0,24.0,16313.0,19114.0,17.0,16784.0,343.0,0.0,27990.0,49.0,Pass
l2935.txm,34.6816,752.0,753.0,133.0,0.0,1772.0,101.0,1183.0,9466.0,9041.0,-931.0,24.0,16783.0,19362.0,-28.0,16360.0,354.0,0.0,27934.0,49.0,Pass
l2935.txm,35.7002,751.0,752.0,132.0,0.0,1776.0,101.0,1186.0,9423.0,9077.0,-355.0,24.0,16307.0,19150.0,-64.0,15974.0,351.0,0.0,27900.0,49.0,Pass
l2935.txm,36.7217,753.0,754.0,134.0,0.0,1775.0,100.0,1186.0,9437.0,9093.0,-631.0,23.0,16194.0,19370.0,-323.0,16634.0,347.0,1.0,27894.0,49.0,Pass
l2935.txm,37.7412,752.0,753.0,136.0,0.0,1773.0,100.0,1184.0,9420.0,9098.0,-1850.0,24.0,16364.0,19372.0,1382.0,16322.0,348.0,0.0,27974.0,49.0,Pass
l2935.txm,38.7598,751.0,753.0,136.0,0.0,1772.0,100.0,1182.0,9481.0,9054.0,-2144.0,24.0,16529.0,19136.0,5.0,16796.0,347.0,0.0,27822.0,49.0,Pass
l2935.txm,39.7813,751.0,752.0,125.0,0.0,1775.0,100.0,1185.0,9503.0,9009.0,-2148.0,24.0,16170.0,19394.0,139.0,16722.0,350.0,1.0,27806.0,49.0,Pass
l2935.txm,40.7998,752.0,754.0,132.0,0.0,1775.0,100.0,1184.0,9500.0,9026.0,-1764.0,24.0,16142.0,19168.0,-63.0,16680.0,347.0,0.0,27898.0,49.0,Pass
l2935.txm,41.8467,752.0,753.0,133.0,0.0,1774.0,101.0,1184.0,9496.0,9040.0,-172.0,24.0,16497.0,19330.0,152.0,16268.0,347.0,1.0,28026.0,49.0,Pass
l2935.txm,42.8398,752.0,753.0,133.0,0.0,1776.0,101.0,1187.0,9469.0,9044.0,-1773.0,24.0,16833.0,19204.0,300.0,16572.0,347.0,0.0,27794.0,49.0,Pass
l2935.txm,43.8613,752.0,754.0,132.0,0.0,1772.0,101.0,1184.0,9449.0,9052.0,-766.0,24.0,16686.0,19096.0,154.0,16180.0,355.0,1.0,27842.0,49.0,Pass
l2935.txm,44.8799,752.0,753.0,135.0,0.0,1770.0,100.0,1187.0,9450.0,9079.0,-2187.0,24.0,16307.0,19100.0,-322.0,16574.0,348.0,1.0,27862.0,49.0,Pass
l2935.txm,45.9004,752.0,754.0,132.0,0.0,1763.0,101.0,1185.0,9498.0,9029.0,-2437.0,24.0,16650.0,19406.0,284.0,16838.0,348.0,1.0,27878.0,49.0,Pass
l2935.txm,46.9209,751.0,754.0,133.0,0.0,1763.0,100.0,1183.0,9438.0,9084.0,-1135.0,24.0,16379.0,19374.0,196.0,16534.0,352.0,1.0,27822.0,49.0,Pass
l2935.txm,47.9414,752.0,753.0,134.0,0.0,1766.0,101.0,1186.0,9457.0,9060.0,-779.0,24.0,16331.0,19430.0,158.0,16354.0,351.0,1.0,27842.0,49.0,Pass
l2935.txm,48.96,752.0,754.0,136.0,0.0,1760.0,101.0,1185.0,9477.0,9028.0,-383.0,24.0,16856.0,19294.0,762.0,16382.0,361.0,0.0,28020.0,49.0,Pass
l2935.txm,49.9814,751.0,753.0,130.0,0.0,1749.0,100.0,1186.0,9478.0,9003.0,-760.0,24.0,16103.0,19340.0,41.0,16334.0,352.0,0.0,27804.0,49.0,Pass
l2935.txm,51.001,752.0,753.0,134.0,0.0,1745.0,101.0,1186.0,9452.0,9080.0,-1054.0,24.0,16669.0,19096.0,-31.0,16452.0,348.0,1.0,27828.0,49.0,Pass
l2935.txm,52.0215,752.0,754.0,131.0,0.0,1739.0,100.0,1184.0,9412.0,9078.0,-2264.0,24.0,16358.0,19250.0,-311.0,16880.0,347.0,1.0,28000.0,49.0,Pass
l2935.txm,53.041,751.0,752.0,136.0,0.0,1731.0,101.0,1184.0,9463.0,9026.0,-478.0,24.0,16477.0,19250.0,-555.0,16316.0,346.0,1.0,27952.0,49.0,Pass
l2935.txm,54.123,752.0,754.0,133.0,0.0,1606.0,100.0,1189.0,9474.0,9016.0,-505.0,24.0,16297.0,19252.0,-59.0,17198.0,341.0,0.0,27856.0,49.0,Pass
l2935.txm,55.1416,752.0,752.0,135.0,0.0,1323.0,100.0,1196.0,9477.0,9015.0,128.0,25.0,16180.0,19594.0,-371.0,16460.0,350.0,0.0,27726.0,49.0,Pass
l2935.txm,56.1602,752.0,753.0,132.0,0.0,1114.0,100.0,1187.0,9493.0,9038.0,75.0,24.0,16109.0,19582.0,-431.0,16674.0,347.0,0.0,27642.0,49.0,Pass
l2935.txm,57.1816,751.0,753.0,132.0,0.0,905.0,101.0,1189.0,9430.0,9052.0,725.0,25.0,16196.0,19730.0,-318.0,16862.0,348.0,0.0,27594.0,49.0,Pass
l2935.txm,11.7295,751.0,753.0,134.0,0.0,617.0,101.0,1216.0,9423.0,9054.0,-1155.0,27.0,16339.0,19996.0,84.0,16676.0,344.0,0.0,27642.0,49.0,Pass
l2941.txm,11.7295,751.0,753.0,134.0,0.0,617.0,101.0,1216.0,9423.0,9054.0,-1155.0,27.0,16339.0,19996.0,84.0,16676.0,344.0,0.0,27642.0,49.0,Pass
l2941.txm,12.75,751.0,753.0,132.0,0.0,606.0,101.0,1216.0,9501.0,9023.0,-1187.0,27.0,16720.0,20002.0,-423.0,16736.0,352.0,0.0,27342.0,49.0,Pass
l2941.txm,13.7695,751.0,754.0,132.0,0.0,582.0,101.0,1213.0,9453.0,9071.0,-1181.0,26.0,16339.0,20272.0,-297.0,16702.0,349.0,0.0,27410.0,49.0,Pass
l2941.txm,14.79,751.0,753.0,133.0,0.0,552.0,100.0,1192.0,9431.0,9086.0,-1230.0,27.0,16262.0,20220.0,-515.0,16504.0,360.0,0.0,27304.0,49.0,Pass
l2941.txm,15.8096,751.0,754.0,133.0,0.0,1037.0,101.0,1154.0,9432.0,9018.0,-1331.0,27.0,16431.0,20004.0,2292.0,15306.0,343.0,3.0,28094.0,49.0,Pass
l2941.txm,16.8301,752.0,754.0,135.0,0.0,1744.0,102.0,1153.0,9429.0,9019.0,-1396.0,26.0,16229.0,19348.0,-1183.0,16904.0,344.0,0.0,27830.0,48.0,Pass
l2941.txm,17.8506,751.0,753.0,131.0,0.0,1791.0,101.0,1198.0,9512.0,9084.0,-1180.0,25.0,16463.0,19684.0,80.0,16304.0,357.0,1.0,27830.0,48.0,Pass
l2941.txm,18.8701,751.0,754.0,139.0,0.0,1573.0,101.0,1204.0,9506.0,9120.0,-306.0,24.0,16418.0,19468.0,-395.0,16860.0,346.0,1.0,27898.0,48.0,Pass
l2941.txm,19.916,752.0,753.0,132.0,0.0,1439.0,100.0,1198.0,9512.0,9012.0,-245.0,26.0,16440.0,19406.0,-390.0,16396.0,342.0,0.0,27816.0,49.0,Pass
l2941.txm,20.9102,751.0,753.0,134.0,0.0,1624.0,100.0,1167.0,9447.0,9057.0,-1709.0,25.0,16603.0,19546.0,23.0,16554.0,349.0,0.0,27854.0,49.0,Pass
l2941.txm,21.9297,751.0,753.0,126.0,0.0,1653.0,101.0,1195.0,9516.0,9046.0,-919.0,25.0,16760.0,19316.0,40.0,16658.0,349.0,0.0,27856.0,48.0,Pass
l2941.txm,22.9502,752.0,753.0,132.0,0.0,1656.0,101.0,1183.0,9463.0,9068.0,-1207.0,25.0,16348.0,19328.0,-91.0,16602.0,348.0,0.0,27850.0,49.0,Pass
l2941.txm,23.9707,751.0,754.0,131.0,0.0,1672.0,100.0,1186.0,9518.0,9001.0,-1010.0,26.0,16691.0,19664.0,172.0,16428.0,348.0,0.0,27842.0,49.0,Pass
l2941.txm,24.9902,751.0,752.0,133.0,0.0,1677.0,101.0,1187.0,9531.0,9021.0,-923.0,25.0,16603.0,19352.0,596.0,16026.0,362.0,0.0,27834.0,49.0,Pass
l2941.txm,26.0098,752.0,752.0,135.0,0.0,1704.0,101.0,1185.0,9453.0,9016.0,-613.0,26.0,16737.0,19658.0,268.0,16240.0,347.0,0.0,27864.0,49.0,Pass
l2941.txm,27.0313,752.0,754.0,132.0,0.0,1736.0,101.0,1184.0,9465.0,9080.0,-1230.0,25.0,16723.0,19356.0,-336.0,16592.0,350.0,0.0,27842.0,49.0,Pass
l2941.txm,28.0508,752.0,754.0,135.0,0.0,1746.0,100.0,1186.0,9478.0,9059.0,-1333.0,25.0,16204.0,19136.0,36.0,16602.0,355.0,0.0,27826.0,49.0,Pass
l2941.txm,29.1436,752.0,753.0,131.0,0.0,1752.0,100.0,1184.0,9454.0,9103.0,-765.0,25.0,16930.0,19376.0,-50.0,16748.0,351.0,0.0,28000.0,49.0,Pass
l2941.txm,30.1699,751.0,751.0,130.0,0.0,1761.0,101.0,1186.0,9460.0,9101.0,-2208.0,25.0,16339.0,19340.0,-88.0,15892.0,344.0,0.0,27846.0,49.0,Pass
l2941.txm,31.1904,752.0,753.0,132.0,0.0,1758.0,101.0,1185.0,9510.0,9013.0,-843.0,25.0,16860.0,19234.0,153.0,16238.0,349.0,1.0,27852.0,49.0,Pass
l2941.txm,32.2354,751.0,753.0,130.0,0.0,1761.0,101.0,1186.0,9467.0,9027.0,-980.0,24.0,16420.0,19238.0,-74.0,16396.0,344.0,1.0,27806.0,49.0,Pass
l2941.txm,33.2598,752.0,754.0,132.0,0.0,1761.0,100.0,1186.0,9484.0,9028.0,-741.0,24.0,16698.0,19286.0,754.0,16532.0,343.0,1.0,27914.0,49.0,Pass
l2941.txm,34.2803,751.0,753.0,134.0,0.0,1759.0,101.0,1185.0,9503.0,9038.0,-708.0,24.0,16520.0,19380.0,141.0,16408.0,351.0,0.0,27988.0,49.0,Pass
l2941.txm,35.3008,752.0,754.0,133.0,0.0,1762.0,101.0,1186.0,9433.0,9068.0,-904.0,24.0,16608.0,19338.0,125.0,16736.0,342.0,0.0,27976.0,49.0,Pass
l2941.txm,36.3203,751.0,755.0,134.0,0.0,1761.0,101.0,1184.0,9446.0,9042.0,-1386.0,24.0,16553.0,19438.0,129.0,16390.0,352.0,0.0,27838.0,49.0,Pass
l2941.txm,37.3398,751.0,754.0,133.0,0.0,1765.0,100.0,1186.0,9499.0,9121.0,-1769.0,24.0,16316.0,19212.0,198.0,16426.0,346.0,1.0,27860.0,49.0,Pass
l2941.txm,38.3604,752.0,753.0,133.0,0.0,1767.0,101.0,1187.0,9512.0,9029.0,-669.0,24.0,16313.0,19216.0,610.0,16260.0,347.0,1.0,28004.0,49.0,Pass
l2941.txm,39.3799,752.0,753.0,130.0,0.0,1761.0,101.0,1184.0,9494.0,9033.0,-1371.0,24.0,16395.0,19274.0,91.0,16560.0,349.0,0.0,27888.0,49.0,Pass
l2941.txm,40.4004,752.0,753.0,133.0,0.0,1763.0,101.0,1185.0,9502.0,9048.0,-1493.0,24.0,16218.0,19402.0,11.0,16524.0,357.0,0.0,27822.0,49.0,Pass
l2941.txm,41.4199,752.0,753.0,134.0,0.0,1760.0,100.0,1185.0,9460.0,9029.0,-2172.0,24.0,16309.0,19142.0,13.0,15886.0,348.0,0.0,27974.0,49.0,Pass
l2941.txm,42.4404,751.0,753.0,132.0,0.0,1753.0,101.0,1182.0,9471.0,9056.0,-912.0,24.0,16071.0,19150.0,-50.0,16542.0,345.0,0.0,27988.0,49.0,Pass
l2941.txm,43.46,752.0,752.0,131.0,0.0,1753.0,100.0,1180.0,9433.0,9055.0,-89.0,24.0,16649.0,19250.0,77.0,16298.0,350.0,0.0,27924.0,49.0,Pass
l2941.txm,44.4795,752.0,754.0,132.0,0.0,1752.0,101.0,1187.0,9494.0,9019.0,-108.0,24.0,16208.0,19428.0,21.0,16824.0,350.0,0.0,27836.0,49.0,Pass
l2941.txm,45.501,752.0,753.0,132.0,0.0,1753.0,100.0,1184.0,9500.0,9019.0,-685.0,24.0,16364.0,19416.0,153.0,16822.0,350.0,0.0,27990.0,49.0,Pass
l2941.txm,46.5205,752.0,753.0,132.0,0.0,1749.0,101.0,1186.0,9428.0,9078.0,-2122.0,24.0,16192.0,19248.0,37.0,16854.0,345.0,0.0,27966.0,49.0,Pass
l2941.txm,47.541,751.0,752.0,136.0,0.0,1756.0,100.0,1187.0,9495.0,9010.0,-400.0,24.0,16610.0,19178.0,174.0,16414.0,356.0,1.0,27998.0,49.0,Pass
l2941.txm,48.5605,752.0,753.0,131.0,0.0,1743.0,100.0,1187.0,9438.0,9097.0,-1657.0,24.0,16004.0,19180.0,758.0,16572.0,353.0,0.0,27992.0,49.0,Pass
l2941.txm,49.5811,752.0,753.0,130.0,0.0,1740.0,100.0,1185.0,9471.0,9023.0,-1830.0,24.0,16114.0,19418.0,-459.0,17058.0,342.0,0.0,27838.0,49.0,Pass
l2941.txm,50.6201,752.0,753.0,131.0,0.0,1735.0,101.0,1186.0,9495.0,9066.0,-1781.0,24.0,16530.0,19162.0,312.0,16250.0,350.0,0.0,27992.0,49.0,Pass
l2941.txm,51.666,752.0,753.0,131.0,0.0,1734.0,100.0,1185.0,9465.0,9084.0,-1806.0,24.0,16529.0,19358.0,192.0,16720.0,352.0,0.0,27822.0,49.0,Pass
l2941.txm,52.6602,752.0,754.0,133.0,0.0,1721.0,101.0,1185.0,9437.0,9062.0,-180.0,24.0,16317.0,19332.0,-264.0,16652.0,352.0,0.0,27840.0,49.0,Pass
l2941.txm,53.6797,751.0,751.0,133.0,0.0,1677.0,101.0,1184.0,9427.0,9094.0,-1004.0,24.0,16600.0,19246.0,-375.0,16362.0,355.0,0.0,27874.0,49.0,Pass
l2941.txm,54.7002,751.0,753.0,134.0,0.0,1496.0,100.0,1197.0,9453.0,9102.0,-929.0,23.0,16096.0,19258.0,-34.0,17158.0,352.0,0.0,27824.0,49.0,Pass
l2941.txm,55.7207,752.0,754.0,133.0,0.0,1201.0,100.0,1189.0,9464.0,9023.0,131.0,25.0,16520.0,19526.0,-263.0,16868.0,349.0,0.0,27764.0,49.0,Pass
l2941.txm,56.7402,752.0,753.0,135.0,1.0,1014.0,100.0,1186.0,9450.0,9040.0,69.0,25.0,15829.0,19656.0,-978.0,17052.0,345.0,0.0,27612.0,49.0,Pass
l2941.txm,11.7412,751.0,753.0,134.0,0.0,619.0,100.0,1222.0,9504.0,9024.0,-1068.0,26.0,16834.0,19988.0,-342.0,16652.0,354.0,0.0,27624.0,49.0,Pass
l2942.txm,11.7412,751.0,753.0,134.0,0.0,619.0,100.0,1222.0,9504.0,9024.0,-1068.0,26.0,16834.0,19988.0,-342.0,16652.0,354.0,0.0,27624.0,49.0,Pass
l2942.txm,12.7617,751.0,754.0,133.0,0.0,604.0,101.0,1218.0,9439.0,9026.0,-963.0,27.0,16474.0,20032.0,-15.0,16574.0,354.0,0.0,27352.0,49.0,Pass
l2942.txm,13.7812,751.0,753.0,136.0,0.0,585.0,100.0,1219.0,9492.0,9029.0,-142.0,26.0,16858.0,20086.0,-872.0,17050.0,345.0,0.0,27494.0,49.0,Pass
l2942.txm,14.8008,751.0,753.0,135.0,0.0,565.0,100.0,1196.0,9517.0,8993.0,-343.0,26.0,16454.0,20244.0,-424.0,16670.0,357.0,0.0,27306.0,49.0,Pass
l2942.txm,15.8203,751.0,754.0,131.0,0.0,1108.0,101.0,1150.0,9443.0,9008.0,-1368.0,25.0,16536.0,19938.0,2732.0,15224.0,342.0,1.0,28086.0,49.0,Pass
l2942.txm,16.8701,752.0,755.0,132.0,0.0,1778.0,100.0,1169.0,9461.0,9069.0,-306.0,26.0,16640.0,19472.0,-338.0,15866.0,355.0,0.0,27564.0,48.0,Pass
l2942.txm,17.8906,751.0,753.0,132.0,0.0,1786.0,101.0,1199.0,9434.0,9136.0,-645.0,26.0,16666.0,19478.0,372.0,16598.0,349.0,0.0,27896.0,48.0,Pass
l2942.txm,18.9102,751.0,752.0,131.0,0.0,1553.0,100.0,1206.0,9440.0,9081.0,675.0,24.0,16733.0,19282.0,-766.0,17134.0,340.0,0.0,27820.0,48.0,Pass
l2942.txm,19.9307,751.0,753.0,136.0,0.0,1586.0,100.0,1173.0,9436.0,9013.0,-1517.0,25.0,16427.0,19492.0,40.0,15900.0,342.0,0.0,27878.0,49.0,Pass
l2942.txm,20.9512,751.0,752.0,134.0,0.0,1635.0,101.0,1173.0,9453.0,9081.0,-1134.0,25.0,16333.0,19286.0,-380.0,17056.0,353.0,1.0,27884.0,49.0,Pass
l2942.txm,21.9717,752.0,753.0,134.0,0.0,1661.0,100.0,1193.0,9472.0,9054.0,-984.0,25.0,16835.0,19502.0,57.0,16114.0,358.0,0.0,27752.0,49.0,Pass
l2942.txm,22.9902,751.0,752.0,136.0,0.0,1664.0,101.0,1186.0,9442.0,9068.0,-917.0,25.0,16576.0,19380.0,-542.0,16610.0,348.0,0.0,27850.0,49.0,Pass
l2942.txm,24.0361,752.0,752.0,133.0,0.0,1669.0,100.0,1187.0,9423.0,9091.0,-1176.0,25.0,16174.0,19452.0,39.0,16514.0,348.0,1.0,27818.0,49.0,Pass
l2942.txm,25.0303,751.0,753.0,134.0,0.0,1690.0,100.0,1185.0,9477.0,9041.0,-683.0,25.0,16454.0,19436.0,33.0,16230.0,353.0,1.0,27800.0,49.0,Pass
l2942.txm,26.0508,751.0,752.0,132.0,0.0,1709.0,102.0,1183.0,9510.0,9059.0,-1195.0,25.0,16679.0,19398.0,78.0,16256.0,342.0,1.0,28004.0,49.0,Pass
l2942.txm,27.0703,752.0,753.0,135.0,0.0,1737.0,101.0,1186.0,9439.0,9068.0,-1335.0,25.0,16661.0,19406.0,14.0,16552.0,354.0,1.0,27998.0,49.0,Pass
l2942.txm,28.0908,751.0,753.0,133.0,0.0,1750.0,100.0,1182.0,9485.0,9039.0,-1069.0,25.0,16798.0,19444.0,-90.0,16118.0,347.0,1.0,27980.0,49.0,Pass
l2942.txm,29.1113,752.0,753.0,134.0,0.0,1758.0,100.0,1186.0,9466.0,9055.0,-1677.0,24.0,16404.0,19344.0,584.0,16376.0,351.0,0.0,27836.0,49.0,Pass
l2942.txm,30.1299,751.0,753.0,131.0,0.0,1761.0,101.0,1186.0,9470.0,9022.0,-1459.0,25.0,16436.0,19108.0,-31.0,16452.0,342.0,1.0,27842.0,49.0,Pass
l2942.txm,31.1504,752.0,753.0,136.0,0.0,1765.0,100.0,1187.0,9453.0,9009.0,-1986.0,24.0,16382.0,19208.0,124.0,16416.0,355.0,1.0,27964.0,49.0,Pass
l2942.txm,32.1709,752.0,753.0,131.0,0.0,1764.0,100.0,1187.0,9456.0,9081.0,-1129.0,24.0,16572.0,19114.0,-72.0,16368.0,358.0,0.0,27982.0,49.0,Pass
l2942.txm,33.1914,751.0,753.0,131.0,0.0,1765.0,100.0,1186.0,9426.0,9076.0,-1430.0,24.0,16524.0,19422.0,544.0,16508.0,358.0,0.0,27966.0,49.0,Pass
l2942.txm,34.2109,752.0,753.0,133.0,0.0,1766.0,101.0,1184.0,9446.0,9031.0,-1939.0,24.0,16403.0,19258.0,1066.0,16444.0,347.0,0.0,27946.0,49.0,Pass
l2942.txm,35.2305,751.0,753.0,131.0,0.0,1768.0,101.0,1185.0,9464.0,9048.0,-1905.0,24.0,16223.0,19126.0,-378.0,16620.0,347.0,0.0,27966.0,49.0,Pass
l2942.txm,36.3262,752.0,753.0,134.0,0.0,1766.0,100.0,1185.0,9456.0,9066.0,-977.0,24.0,16933.0,19272.0,39.0,16798.0,348.0,0.0,27930.0,49.0,Pass
l2942.txm,37.2705,752.0,753.0,134.0,0.0,1764.0,101.0,1184.0,9470.0,9029.0,-912.0,23.0,16215.0,19170.0,47.0,16468.0,349.0,0.0,28004.0,49.0,Pass
l2942.txm,38.29,752.0,754.0,135.0,0.0,1765.0,100.0,1185.0,9486.0,9060.0,-759.0,24.0,16381.0,19064.0,698.0,16242.0,351.0,0.0,27992.0,49.0,Pass
l2942.txm,39.3105,751.0,754.0,131.0,0.0,1764.0,100.0,1184.0,9486.0,9033.0,-1044.0,24.0,16449.0,19384.0,-83.0,16742.0,347.0,1.0,27986.0,49.0,Pass
l2942.txm,40.3301,752.0,754.0,130.0,0.0,1769.0,101.0,1186.0,9462.0,9076.0,-1845.0,24.0,16562.0,19136.0,-453.0,16374.0,349.0,1.0,27846.0,49.0,Pass
l2942.txm,41.3506,752.0,753.0,131.0,0.0,1760.0,101.0,1184.0,9465.0,9071.0,-1150.0,24.0,16352.0,19306.0,484.0,16698.0,353.0,1.0,27908.0,49.0,Pass
l2942.txm,42.3701,752.0,753.0,132.0,0.0,1763.0,100.0,1184.0,9446.0,9076.0,-1435.0,24.0,16225.0,19276.0,972.0,15976.0,343.0,0.0,27882.0,49.0,Pass
l2942.txm,43.3906,752.0,753.0,134.0,0.0,1762.0,100.0,1182.0,9468.0,9034.0,-1411.0,24.0,16394.0,19350.0,138.0,16236.0,349.0,0.0,27812.0,49.0,Pass
l2942.txm,44.4102,751.0,752.0,131.0,0.0,1761.0,100.0,1182.0,9477.0,9060.0,-1602.0,24.0,16259.0,19194.0,-298.0,16858.0,347.0,1.0,27788.0,49.0,Pass
l2942.txm,45.4307,751.0,753.0,136.0,0.0,1760.0,100.0,1184.0,9429.0,9076.0,-1327.0,24.0,16229.0,19448.0,-35.0,16580.0,342.0,0.0,27982.0,49.0,Pass
l2942.txm,46.4502,752.0,753.0,135.0,0.0,1751.0,101.0,1181.0,9488.0,9024.0,-958.0,24.0,16418.0,19278.0,47.0,16536.0,348.0,0.0,27870.0,49.0,Pass
l2942.txm,47.4707,752.0,754.0,134.0,0.0,1751.0,101.0,1185.0,9437.0,9083.0,-2626.0,24.0,16672.0,19250.0,-59.0,16784.0,350.0,0.0,27942.0,49.0,Pass
l2942.txm,48.5166,751.0,752.0,135.0,0.0,1750.0,101.0,1186.0,9485.0,9042.0,-992.0,24.0,16610.0,19220.0,106.0,16422.0,353.0,1.0,28008.0,49.0,Pass
l2942.txm,49.5117,752.0,753.0,130.0,0.0,1747.0,100.0,1184.0,9502.0,9026.0,-2491.0,24.0,16267.0,19418.0,-95.0,16482.0,347.0,1.0,27964.0,49.0,Pass
l2942.txm,50.5303,752.0,753.0,133.0,0.0,1742.0,101.0,1184.0,9506.0,9065.0,-6.0,24.0,16406.0,19418.0,-278.0,16304.0,358.0,1.0,27860.0,49.0,Pass
l2942.txm,51.5508,752.0,753.0,136.0,0.0,1729.0,100.0,1184.0,9460.0,9035.0,-1253.0,24.0,16562.0,19216.0,402.0,16324.0,351.0,1.0,28014.0,49.0,Pass
l2942.txm,52.5713,752.0,754.0,134.0,0.0,1720.0,100.0,1182.0,9420.0,9091.0,-565.0,24.0,16484.0,19262.0,846.0,16872.0,352.0,0.0,27786.0,49.0,Pass
l2942.txm,53.5918,752.0,754.0,133.0,0.0,1662.0,101.0,1187.0,9427.0,9077.0,-1651.0,24.0,16498.0,19074.0,-337.0,16662.0,350.0,0.0,27966.0,49.0,Pass
l2942.txm,54.6104,751.0,752.0,133.0,0.0,1387.0,102.0,1195.0,9482.0,9030.0,755.0,24.0,16333.0,19422.0,-705.0,16830.0,346.0,0.0,27782.0,49.0,Pass
l2942.txm,55.6553,752.0,754.0,136.0,0.0,1165.0,100.0,1193.0,9440.0,9068.0,45.0,24.0,16693.0,19532.0,-538.0,16926.0,349.0,0.0,27754.0,49.0,Pass
l2942.txm,56.6504,751.0,753.0,132.0,0.0,930.0,100.0,1189.0,9434.0,9052.0,415.0,25.0,16119.0,19676.0,-710.0,16582.0,350.0,1.0,27606.0,49.0,Pass
l2942.txm,10.2207,751.0,753.0,133.0,0.0,651.0,100.0,1228.0,9465.0,8996.0,-808.0,26.0,16723.0,20004.0,63.0,16400.0,354.0,1.0,27550.0,49.0,Pass
l2943.txm,10.2207,751.0,753.0,133.0,0.0,651.0,100.0,1228.0,9465.0,8996.0,-808.0,26.0,16723.0,20004.0,63.0,16400.0,354.0,1.0,27550.0,49.0,Pass
l2943.txm,11.2383,751.0,752.0,135.0,0.0,609.0,101.0,1218.0,9494.0,8967.0,-1349.0,27.0,16570.0,19992.0,-84.0,16938.0,355.0,0.0,27612.0,49.0,Pass
l2943.txm,12.2578,751.0,752.0,135.0,0.0,601.0,101.0,1218.0,9467.0,9005.0,-1227.0,27.0,16469.0,20040.0,-999.0,16828.0,356.0,0.0,27368.0,49.0,Pass
l2943.txm,13.3027,751.0,754.0,135.0,0.0,580.0,100.0,1213.0,9520.0,9000.0,-798.0,26.0,16570.0,20100.0,-262.0,16806.0,353.0,0.0,27322.0,49.0,Pass
l2943.txm,14.2969,751.0,753.0,134.0,0.0,570.0,100.0,1191.0,9437.0,9085.0,-207.0,26.0,16168.0,20078.0,-600.0,16586.0,359.0,0.0,27322.0,49.0,Pass
l2943.txm,15.3184,751.0,754.0,131.0,0.0,1207.0,101.0,1146.0,9452.0,8998.0,-1305.0,26.0,16242.0,19870.0,2282.0,15586.0,339.0,0.0,28156.0,49.0,Pass
l2943.txm,16.3379,751.0,754.0,134.0,0.0,1785.0,101.0,1170.0,9454.0,9080.0,-2147.0,25.0,16520.0,19528.0,73.0,15970.0,358.0,1.0,27724.0,48.0,Pass
l2943.txm,17.3574,751.0,754.0,135.0,0.0,1780.0,101.0,1205.0,9472.0,9145.0,-460.0,26.0,16687.0,19706.0,100.0,16276.0,349.0,1.0,27960.0,48.0,Pass
l2943.txm,18.3789,751.0,754.0,131.0,0.0,1516.0,101.0,1204.0,9546.0,9026.0,1210.0,24.0,16281.0,19474.0,-369.0,16906.0,348.0,0.0,27800.0,48.0,Pass
l2943.txm,19.3984,752.0,753.0,132.0,0.0,1609.0,101.0,1167.0,9461.0,9042.0,-1469.0,25.0,16557.0,19610.0,126.0,16276.0,347.0,1.0,27792.0,49.0,Pass
l2943.txm,20.418,752.0,753.0,133.0,0.0,1629.0,101.0,1175.0,9427.0,9084.0,-683.0,26.0,16516.0,19652.0,670.0,16248.0,361.0,1.0,27814.0,49.0,Pass
l2943.txm,21.4375,751.0,755.0,131.0,0.0,1659.0,100.0,1192.0,9459.0,9038.0,-1378.0,26.0,16524.0,19558.0,105.0,16842.0,344.0,0.0,27848.0,49.0,Pass
l2943.txm,22.4863,751.0,753.0,134.0,0.0,1664.0,100.0,1183.0,9453.0,9014.0,-1601.0,25.0,16630.0,19496.0,14.0,16396.0,349.0,1.0,27884.0,49.0,Pass
l2943.txm,23.5078,751.0,753.0,132.0,0.0,1669.0,100.0,1186.0,9436.0,9065.0,-1457.0,26.0,16756.0,19434.0,-53.0,16386.0,350.0,0.0,28028.0,49.0,Pass
l2943.txm,24.5273,752.0,754.0,134.0,0.0,1691.0,101.0,1188.0,9434.0,9084.0,-1258.0,25.0,16554.0,19470.0,-94.0,16504.0,350.0,1.0,27890.0,49.0,Pass
l2943.txm,25.5488,751.0,753.0,134.0,0.0,1716.0,101.0,1186.0,9471.0,9075.0,-2409.0,25.0,16330.0,19384.0,118.0,16516.0,338.0,1.0,28026.0,49.0,Pass
l2943.txm,26.5684,752.0,754.0,133.0,0.0,1744.0,101.0,1185.0,9498.0,9005.0,-774.0,25.0,16668.0,19290.0,-77.0,16260.0,352.0,0.0,27766.0,49.0,Pass
l2943.txm,27.5879,750.0,752.0,132.0,0.0,1757.0,100.0,1186.0,9476.0,9061.0,-1021.0,25.0,16770.0,19338.0,1156.0,16266.0,359.0,0.0,28006.0,49.0,Pass
l2943.txm,28.6074,752.0,754.0,133.0,0.0,1756.0,101.0,1185.0,9478.0,9053.0,-2059.0,24.0,16422.0,19416.0,119.0,16528.0,348.0,0.0,27992.0,49.0,Pass
l2943.txm,29.6289,751.0,753.0,132.0,0.0,1769.0,100.0,1186.0,9503.0,9006.0,-754.0,25.0,16815.0,19204.0,440.0,16080.0,356.0,0.0,27828.0,49.0,Pass
l2943.txm,30.7246,752.0,753.0,134.0,0.0,1762.0,101.0,1186.0,9468.0,9030.0,-2034.0,25.0,16450.0,19398.0,95.0,16548.0,343.0,0.0,27982.0,49.0,Pass
l2943.txm,31.7285,752.0,753.0,133.0,0.0,1766.0,101.0,1185.0,9459.0,9086.0,-1135.0,24.0,16546.0,19088.0,1262.0,16326.0,343.0,0.0,27988.0,49.0,Pass
l2943.txm,32.7734,752.0,753.0,135.0,0.0,1765.0,101.0,1186.0,9453.0,9042.0,-865.0,25.0,16670.0,19276.0,390.0,16248.0,353.0,1.0,27834.0,49.0,Pass
l2943.txm,33.7676,752.0,754.0,135.0,0.0,1763.0,100.0,1186.0,9505.0,9044.0,-2592.0,25.0,16637.0,19266.0,1514.0,16192.0,357.0,1.0,27860.0,49.0,Pass
l2943.txm,34.7891,752.0,754.0,136.0,0.0,1766.0,100.0,1185.0,9453.0,9027.0,-170.0,25.0,16928.0,19418.0,-265.0,16416.0,343.0,1.0,27962.0,49.0,Pass
l2943.txm,35.8066,752.0,753.0,134.0,0.0,1767.0,101.0,1185.0,9468.0,9047.0,-590.0,25.0,16758.0,19270.0,95.0,16522.0,345.0,0.0,27940.0,49.0,Pass
l2943.txm,36.8281,752.0,753.0,135.0,0.0,1768.0,100.0,1186.0,9505.0,9011.0,-1878.0,25.0,16793.0,19216.0,104.0,16472.0,348.0,1.0,27846.0,49.0,Pass
l2943.txm,37.8477,752.0,753.0,131.0,0.0,1766.0,101.0,1184.0,9454.0,9020.0,-78.0,25.0,16231.0,19238.0,902.0,16746.0,347.0,0.0,27912.0,49.0,Pass
l2943.txm,38.8672,751.0,753.0,134.0,0.0,1762.0,100.0,1185.0,9496.0,9030.0,-1748.0,25.0,16497.0,19330.0,7.0,16494.0,355.0,0.0,27984.0,49.0,Pass
l2943.txm,39.8887,751.0,752.0,133.0,0.0,1760.0,100.0,1184.0,9502.0,9046.0,60.0,25.0,16453.0,19194.0,-382.0,16742.0,349.0,0.0,27810.0,49.0,Pass
l2943.txm,40.9082,751.0,753.0,134.0,0.0,1767.0,100.0,1184.0,9506.0,9019.0,-1306.0,25.0,16171.0,19404.0,584.0,16338.0,347.0,1.0,27992.0,49.0,Pass
l2943.txm,41.9277,751.0,753.0,133.0,0.0,1766.0,100.0,1187.0,9475.0,9029.0,-777.0,25.0,16170.0,19340.0,71.0,16504.0,346.0,0.0,27852.0,49.0,Pass
l2943.txm,42.9473,752.0,752.0,131.0,0.0,1756.0,100.0,1184.0,9425.0,9083.0,-2000.0,25.0,16540.0,19044.0,-334.0,16290.0,345.0,1.0,27970.0,49.0,Pass
l2943.txm,43.9687,752.0,754.0,134.0,0.0,1759.0,101.0,1183.0,9451.0,9045.0,-1019.0,25.0,16730.0,19278.0,108.0,16670.0,351.0,1.0,27928.0,49.0,Pass
l2943.txm,45.0117,752.0,753.0,136.0,0.0,1753.0,100.0,1183.0,9504.0,9010.0,-2804.0,25.0,16520.0,19354.0,94.0,16202.0,351.0,0.0,27824.0,49.0,Pass
l2943.txm,46.0078,752.0,754.0,134.0,0.0,1760.0,101.0,1185.0,9503.0,9024.0,-1245.0,25.0,16251.0,19290.0,14.0,16298.0,358.0,0.0,28006.0,49.0,Pass
l2943.txm,47.0273,752.0,754.0,133.0,0.0,1754.0,101.0,1185.0,9456.0,9055.0,-1152.0,25.0,16122.0,19398.0,672.0,16560.0,350.0,0.0,27838.0,49.0,Pass
l2943.txm,48.0488,752.0,753.0,133.0,0.0,1749.0,100.0,1186.0,9445.0,9076.0,-67.0,25.0,16285.0,19072.0,658.0,16128.0,361.0,1.0,27866.0,49.0,Pass
l2943.txm,49.0664,752.0,751.0,133.0,0.0,1745.0,101.0,1185.0,9492.0,9044.0,-1128.0,25.0,16519.0,19058.0,-27.0,16620.0,356.0,0.0,27846.0,49.0,Pass
l2943.txm,50.0879,752.0,753.0,132.0,0.0,1739.0,101.0,1182.0,9439.0,9070.0,-2245.0,25.0,15962.0,19268.0,-329.0,15978.0,347.0,0.0,27828.0,49.0,Pass
l2943.txm,51.1074,751.0,753.0,131.0,0.0,1735.0,100.0,1187.0,9463.0,9064.0,-278.0,25.0,16325.0,19208.0,-309.0,16886.0,348.0,0.0,28022.0,49.0,Pass
l2943.txm,52.1289,752.0,753.0,132.0,0.0,1725.0,100.0,1189.0,9512.0,9022.0,571.0,25.0,16565.0,19400.0,350.0,16890.0,344.0,0.0,27828.0,49.0,Pass
l2943.txm,53.1465,752.0,754.0,136.0,0.0,1633.0,100.0,1187.0,9487.0,9023.0,-1643.0,25.0,16754.0,19104.0,-20.0,16194.0,355.0,0.0,27922.0,49.0,Pass
l2943.txm,54.168,752.0,752.0,132.0,0.0,1413.0,101.0,1195.0,9425.0,9110.0,725.0,25.0,16156.0,19326.0,-951.0,16990.0,348.0,0.0,27800.0,49.0,Pass
l2943.txm,55.1875,752.0,754.0,134.0,1.0,1131.0,101.0,1190.0,9497.0,8995.0,244.0,26.0,16262.0,19574.0,404.0,16940.0,349.0,0.0,27692.0,49.0,Pass
l2943.txm,56.209,751.0,753.0,133.0,0.0,916.0,101.0,1190.0,9513.0,8975.0,-692.0,26.0,16128.0,19702.0,-454.0,16878.0,355.0,0.0,27622.0,49.0,Pass
l2943.txm,10.7207,751.0,753.0,135.0,0.0,1023.0,100.0,1263.0,9396.0,9086.0,-1524.0,29.0,16940.0,20156.0,-62.0,16366.0,349.0,1.0,27482.0,49.0,Pass
l3101.txm,10.7207,751.0,753.0,135.0,0.0,1023.0,100.0,1263.0,9396.0,9086.0,-1524.0,29.0,16940.0,20156.0,-62.0,16366.0,349.0,1.0,27482.0,49.0,Pass
l3101.txm,11.7402,751.0,753.0,133.0,0.0,997.0,101.0,1260.0,9421.0,9097.0,-1776.0,29.0,16786.0,20138.0,300.0,16446.0,349.0,1.0,27494.0,49.0,Pass
l3101.txm,12.7598,751.0,752.0,132.0,0.0,965.0,101.0,1259.0,9487.0,9055.0,-290.0,29.0,16345.0,20132.0,276.0,16716.0,354.0,0.0,27480.0,49.0,Pass
l3101.txm,13.7812,751.0,754.0,134.0,0.0,949.0,102.0,1220.0,9476.0,9054.0,615.0,28.0,16984.0,20148.0,-854.0,16776.0,347.0,0.0,27208.0,50.0,Pass
l3101.txm,14.8008,751.0,752.0,134.0,0.0,1177.0,100.0,1177.0,9465.0,9035.0,1212.0,28.0,16434.0,20300.0,39.0,15816.0,347.0,0.0,27300.0,50.0,Pass
l3101.txm,15.8203,751.0,755.0,134.0,0.0,2584.0,100.0,1140.0,9478.0,8966.0,-2496.0,27.0,16327.0,19364.0,-697.0,17352.0,352.0,0.0,27888.0,50.0,Pass
l3101.txm,16.8398,751.0,752.0,134.0,0.0,2722.0,101.0,1198.0,9446.0,9110.0,-361.0,28.0,16274.0,19622.0,-258.0,15908.0,352.0,1.0,27762.0,49.0,Pass
l3101.txm,17.8613,752.0,754.0,131.0,0.0,2681.0,101.0,1193.0,9416.0,9155.0,545.0,27.0,16903.0,19556.0,272.0,16280.0,351.0,0.0,27850.0,49.0,Pass
l3101.txm,18.8809,751.0,754.0,133.0,0.0,2245.0,102.0,1206.0,9500.0,8979.0,-529.0,28.0,16558.0,19566.0,-389.0,16930.0,345.0,0.0,27852.0,49.0,Pass
l3101.txm,19.9004,751.0,752.0,133.0,0.0,2508.0,101.0,1166.0,9497.0,8955.0,-1215.0,29.0,16294.0,19570.0,139.0,16356.0,354.0,0.0,27830.0,50.0,Pass
l3101.txm,20.9473,751.0,753.0,135.0,0.0,2510.0,101.0,1183.0,9451.0,9000.0,-1239.0,28.0,16330.0,19588.0,948.0,16772.0,360.0,1.0,27850.0,49.0,Pass
l3101.txm,21.9414,752.0,753.0,130.0,0.0,2574.0,100.0,1190.0,9513.0,8994.0,-1280.0,28.0,16293.0,19594.0,638.0,16482.0,355.0,0.0,27848.0,49.0,Pass
l3101.txm,22.9609,752.0,754.0,137.0,0.0,2565.0,100.0,1181.0,9429.0,9017.0,-581.0,28.0,16437.0,19568.0,534.0,16656.0,345.0,1.0,27838.0,49.0,Pass
l3101.txm,23.9805,752.0,753.0,132.0,0.0,2602.0,100.0,1183.0,9461.0,9106.0,-853.0,28.0,16199.0,19570.0,116.0,16406.0,346.0,0.0,27850.0,49.0,Pass
l3101.txm,25.0,752.0,754.0,129.0,0.0,2633.0,100.0,1185.0,9442.0,9041.0,-826.0,28.0,16001.0,19532.0,46.0,16590.0,358.0,0.0,27858.0,49.0,Pass
l3101.txm,26.0215,752.0,753.0,134.0,0.0,2677.0,101.0,1184.0,9522.0,8972.0,1554.0,28.0,16436.0,19392.0,-87.0,16724.0,353.0,1.0,27774.0,49.0,Pass
l3101.txm,27.041,752.0,754.0,131.0,0.0,2706.0,101.0,1185.0,9437.0,9042.0,-1435.0,28.0,16336.0,19406.0,-515.0,16388.0,344.0,1.0,27852.0,49.0,Pass
l3101.txm,28.0605,751.0,752.0,132.0,0.0,2712.0,100.0,1184.0,9490.0,8997.0,542.0,28.0,15996.0,19380.0,-24.0,16352.0,357.0,0.0,27826.0,49.0,Pass
l3101.txm,29.0801,752.0,754.0,132.0,0.0,2713.0,101.0,1185.0,9445.0,9009.0,-956.0,28.0,16101.0,19398.0,-284.0,16796.0,344.0,0.0,27822.0,49.0,Pass
l3101.txm,30.0996,751.0,754.0,133.0,0.0,2713.0,101.0,1186.0,9442.0,9040.0,511.0,28.0,16308.0,19434.0,420.0,16834.0,346.0,1.0,27956.0,49.0,Pass
l3101.txm,31.1211,751.0,752.0,137.0,0.0,2723.0,101.0,1184.0,9536.0,8986.0,-1283.0,27.0,16386.0,19390.0,78.0,16418.0,358.0,1.0,27864.0,49.0,Pass
l3101.txm,32.1406,751.0,753.0,135.0,0.0,2726.0,101.0,1187.0,9453.0,9045.0,-1005.0,27.0,16218.0,19450.0,124.0,17068.0,339.0,1.0,27884.0,49.0,Pass
l3101.txm,33.1875,751.0,754.0,131.0,0.0,2724.0,100.0,1187.0,9461.0,9023.0,-660.0,27.0,16394.0,19424.0,119.0,16466.0,344.0,1.0,27742.0,49.0,Pass
l3101.txm,34.2227,752.0,753.0,135.0,0.0,2730.0,100.0,1185.0,9424.0,9066.0,-1253.0,27.0,16066.0,19432.0,41.0,16720.0,340.0,0.0,27874.0,49.0,Pass
l3101.txm,35.2305,752.0,754.0,134.0,0.0,2730.0,101.0,1183.0,9452.0,9114.0,-124.0,26.0,16322.0,19382.0,-38.0,16024.0,361.0,1.0,27888.0,49.0,Pass
l3101.txm,36.25,752.0,753.0,135.0,0.0,2741.0,100.0,1185.0,9456.0,9000.0,-576.0,27.0,16310.0,19384.0,130.0,15842.0,357.0,0.0,27834.0,49.0,Pass
l3101.txm,37.2715,752.0,753.0,132.0,0.0,2730.0,101.0,1183.0,9439.0,9102.0,-270.0,27.0,16002.0,19386.0,-807.0,16566.0,340.0,0.0,27890.0,49.0,Pass
l3101.txm,38.291,752.0,754.0,134.0,0.0,2741.0,101.0,1185.0,9475.0,9008.0,-264.0,27.0,16474.0,19384.0,83.0,16692.0,359.0,0.0,27932.0,49.0,Pass
l3101.txm,39.3105,752.0,753.0,134.0,0.0,2735.0,101.0,1187.0,9475.0,9045.0,-9.0,27.0,16609.0,19376.0,93.0,15922.0,358.0,0.0,27890.0,49.0,Pass
l3101.txm,40.3301,752.0,755.0,134.0,0.0,2739.0,100.0,1185.0,9431.0,9066.0,863.0,27.0,16420.0,19380.0,-609.0,16762.0,350.0,1.0,27890.0,49.0,Pass
l3101.txm,41.3496,752.0,753.0,134.0,0.0,2742.0,100.0,1184.0,9431.0,9055.0,-107.0,27.0,16561.0,19436.0,-480.0,16752.0,340.0,0.0,27754.0,49.0,Pass
l3101.txm,42.3711,752.0,754.0,132.0,0.0,2749.0,101.0,1184.0,9451.0,9042.0,-794.0,26.0,16061.0,19372.0,-83.0,17118.0,342.0,1.0,27848.0,49.0,Pass
l3101.txm,43.3906,752.0,754.0,134.0,0.0,2746.0,101.0,1183.0,9513.0,8996.0,575.0,26.0,16011.0,19462.0,101.0,16858.0,347.0,1.0,27866.0,49.0,Pass
l3101.txm,44.4102,752.0,754.0,133.0,0.0,2751.0,100.0,1183.0,9510.0,9004.0,-375.0,27.0,16046.0,19350.0,600.0,15956.0,361.0,0.0,27892.0,49.0,Pass
l3101.txm,45.4512,751.0,753.0,137.0,0.0,2750.0,100.0,1184.0,9435.0,9018.0,-950.0,27.0,16304.0,19412.0,30.0,16766.0,342.0,0.0,27878.0,49.0,Pass
l3101.txm,46.4727,752.0,753.0,134.0,0.0,2749.0,101.0,1187.0,9451.0,9061.0,-470.0,27.0,16274.0,19386.0,-376.0,16276.0,350.0,0.0,27896.0,49.0,Pass
l3101.txm,47.4902,751.0,753.0,134.0,0.0,2740.0,100.0,1188.0,9496.0,8999.0,-1550.0,26.0,16389.0,19364.0,80.0,16556.0,345.0,0.0,27870.0,49.0,Pass
l3101.txm,48.5098,751.0,752.0,130.0,0.0,2752.0,102.0,1184.0,9497.0,9059.0,-943.0,26.0,16047.0,19356.0,143.0,16842.0,349.0,1.0,27820.0,49.0,Pass
l3101.txm,49.5312,752.0,752.0,134.0,1.0,2753.0,102.0,1186.0,9529.0,9018.0,-1120.0,27.0,16227.0,19408.0,129.0,16456.0,345.0,0.0,27912.0,49.0,Pass
l3101.txm,50.5508,752.0,753.0,135.0,1.0,2757.0,101.0,1186.0,9548.0,8990.0,404.0,27.0,16471.0,19388.0,1306.0,16466.0,357.0,1.0,27882.0,49.0,Pass
l3101.txm,51.5703,752.0,753.0,134.0,0.0,2752.0,100.0,1185.0,9481.0,9022.0,-38.0,27.0,16247.0,19386.0,-717.0,15908.0,346.0,0.0,27870.0,49.0,Pass
l3101.txm,52.6152,752.0,753.0,131.0,0.0,2750.0,100.0,1185.0,9444.0,9129.0,-23.0,26.0,16053.0,19396.0,28.0,16912.0,345.0,0.0,27788.0,49.0,Pass
l3101.txm,53.6113,751.0,752.0,136.0,0.0,2759.0,101.0,1185.0,9414.0,9093.0,-47.0,27.0,16323.0,19392.0,43.0,15748.0,360.0,1.0,27846.0,49.0,Pass
l3101.txm,54.6309,752.0,754.0,135.0,1.0,2754.0,100.0,1185.0,9412.0,9052.0,-766.0,27.0,16507.0,19378.0,660.0,16444.0,352.0,1.0,27846.0,49.0,Pass
l3101.txm,55.6504,752.0,753.0,133.0,0.0,2730.0,100.0,1185.0,9469.0,9009.0,-1051.0,26.0,15932.0,19380.0,134.0,16026.0,360.0,1.0,27850.0,49.0,Pass
l3101.txm,56.6699,752.0,754.0,131.0,0.0,2615.0,101.0,1186.0,9450.0,9011.0,-333.0,26.0,16336.0,19384.0,-640.0,16622.0,354.0,0.0,27852.0,49.0,Pass
l3101.txm,57.6914,751.0,754.0,135.0,1.0,2260.0,100.0,1197.0,9446.0,9108.0,-475.0,26.0,16562.0,19412.0,-959.0,17040.0,345.0,0.0,27766.0,50.0,Pass
l3101.txm,58.7109,753.0,754.0,132.0,0.0,1937.0,100.0,1187.0,9485.0,8983.0,540.0,26.0,16688.0,19640.0,-489.0,16494.0,347.0,0.0,27596.0,50.0,Pass
l3101.txm,59.7305,752.0,754.0,131.0,0.0,1631.0,101.0,1186.0,9518.0,8964.0,-1024.0,27.0,16401.0,19720.0,-378.0,16996.0,349.0,0.0,27644.0,50.0,Pass
l3101.txm,60.75,752.0,755.0,135.0,0.0,1387.0,101.0,1187.0,9439.0,9059.0,118.0,27.0,16267.0,19910.0,-488.0,16420.0,345.0,0.0,27506.0,50.0,Pass
l3101.txm,10.75,751.0,753.0,136.0,0.0,1013.0,101.0,1263.0,9505.0,9010.0,-1256.0,29.0,16622.0,20154.0,84.0,16300.0,354.0,0.0,27412.0,49.0,Pass
l3102.txm,10.75,751.0,753.0,136.0,0.0,1013.0,101.0,1263.0,9505.0,9010.0,-1256.0,29.0,16622.0,20154.0,84.0,16300.0,354.0,0.0,27412.0,49.0,Pass
l3102.txm,11.7695,751.0,751.0,134.0,0.0,991.0,101.0,1263.0,9451.0,9060.0,-1197.0,30.0,16348.0,20136.0,44.0,16378.0,346.0,0.0,27500.0,49.0,Pass
l3102.txm,12.7891,751.0,754.0,132.0,0.0,954.0,101.0,1260.0,9411.0,9069.0,-1693.0,30.0,16596.0,20118.0,102.0,16730.0,356.0,0.0,27490.0,49.0,Pass
l3102.txm,13.8086,751.0,753.0,134.0,0.0,944.0,100.0,1224.0,9447.0,9091.0,-888.0,29.0,16773.0,20180.0,-694.0,16730.0,359.0,0.0,27252.0,50.0,Pass
l3102.txm,14.8301,751.0,754.0,134.0,0.0,1109.0,101.0,1187.0,9452.0,9076.0,687.0,28.0,16869.0,20286.0,120.0,15600.0,354.0,0.0,27290.0,50.0,Pass
l3102.txm,15.8496,751.0,753.0,134.0,0.0,2717.0,101.0,1142.0,9448.0,8973.0,-2282.0,27.0,16718.0,19340.0,-958.0,17038.0,344.0,1.0,27830.0,50.0,Pass
l3102.txm,16.8672,752.0,753.0,136.0,0.0,2871.0,100.0,1188.0,9516.0,8991.0,-1101.0,27.0,16596.0,19556.0,-357.0,16504.0,346.0,0.0,27764.0,49.0,Pass
l3102.txm,17.916,751.0,753.0,133.0,0.0,2785.0,102.0,1197.0,9462.0,9015.0,-218.0,28.0,16387.0,19538.0,-283.0,16154.0,351.0,0.0,27642.0,49.0,Pass
l3102.txm,18.9082,751.0,753.0,132.0,0.0,2139.0,101.0,1209.0,9462.0,9042.0,-927.0,28.0,16573.0,19646.0,-483.0,16588.0,347.0,1.0,27728.0,49.0,Pass
l3102.txm,19.9277,751.0,753.0,131.0,0.0,2613.0,102.0,1161.0,9422.0,9028.0,-2022.0,29.0,16116.0,19568.0,1552.0,16330.0,343.0,0.0,27960.0,50.0,Pass
l3102.txm,20.9473,751.0,753.0,134.0,0.0,2615.0,102.0,1194.0,9448.0,9070.0,-2845.0,28.0,16337.0,19412.0,-420.0,16614.0,351.0,0.0,27890.0,49.0,Pass
l3102.txm,21.9668,751.0,752.0,135.0,0.0,2649.0,102.0,1186.0,9530.0,8980.0,-788.0,28.0,16630.0,19392.0,-375.0,17062.0,347.0,0.0,27788.0,49.0,Pass
l3102.txm,22.9883,751.0,752.0,133.0,0.0,2679.0,102.0,1184.0,9503.0,9002.0,-746.0,28.0,16677.0,19388.0,40.0,16726.0,343.0,0.0,27792.0,49.0,Pass
l3102.txm,24.0078,752.0,753.0,134.0,0.0,2705.0,101.0,1188.0,9424.0,9061.0,-2047.0,28.0,16593.0,19452.0,-373.0,16346.0,353.0,0.0,27760.0,49.0,Pass
l3102.txm,25.0273,752.0,754.0,133.0,0.0,2738.0,101.0,1184.0,9454.0,9063.0,-1711.0,28.0,16623.0,19410.0,278.0,16154.0,354.0,0.0,27794.0,50.0,Pass
l3102.txm,26.7188,751.0,753.0,132.0,0.0,2765.0,101.0,1185.0,9459.0,9014.0,-1353.0,27.0,16657.0,19434.0,51.0,16710.0,348.0,0.0,27834.0,49.0,Pass
l3102.txm,27.7402,752.0,753.0,134.0,0.0,2769.0,101.0,1186.0,9448.0,9036.0,-3133.0,27.0,16468.0,19354.0,94.0,16694.0,354.0,0.0,27856.0,49.0,Pass
l3102.txm,28.7598,751.0,752.0,134.0,0.0,2773.0,102.0,1186.0,9451.0,9067.0,-878.0,27.0,16697.0,19400.0,-392.0,16134.0,355.0,0.0,27868.0,49.0,Pass
l3102.txm,29.7793,752.0,753.0,132.0,0.0,2777.0,101.0,1183.0,9450.0,9036.0,-848.0,27.0,16403.0,19368.0,85.0,15988.0,356.0,0.0,27870.0,49.0,Pass
l3102.txm,30.8262,751.0,754.0,132.0,0.0,2778.0,101.0,1183.0,9460.0,9004.0,-978.0,27.0,16714.0,19400.0,113.0,16868.0,337.0,0.0,27872.0,49.0,Pass
l3102.txm,31.8203,752.0,754.0,133.0,0.0,2786.0,100.0,1184.0,9447.0,9000.0,-1979.0,27.0,16539.0,19348.0,566.0,16554.0,349.0,1.0,27882.0,49.0,Pass
l3102.txm,32.8398,752.0,755.0,135.0,0.0,2778.0,100.0,1183.0,9510.0,8998.0,-1306.0,26.0,16482.0,19354.0,-589.0,16150.0,358.0,0.0,27876.0,49.0,Pass
l3102.txm,33.8594,752.0,754.0,132.0,0.0,2780.0,100.0,1185.0,9469.0,9007.0,-1240.0,27.0,16487.0,19404.0,-568.0,16660.0,356.0,0.0,27870.0,49.0,Pass
l3102.txm,34.8789,751.0,753.0,132.0,0.0,2778.0,100.0,1186.0,9451.0,9056.0,-688.0,27.0,16593.0,19364.0,30.0,16428.0,349.0,0.0,27866.0,49.0,Pass
l3102.txm,35.9004,752.0,753.0,134.0,0.0,2782.0,100.0,1189.0,9449.0,9046.0,-1345.0,26.0,16586.0,19380.0,-66.0,16326.0,342.0,0.0,27866.0,49.0,Pass
l3102.txm,36.9199,752.0,754.0,132.0,0.0,2778.0,101.0,1187.0,9426.0,9087.0,-1195.0,26.0,16185.0,19394.0,-57.0,16872.0,351.0,1.0,27870.0,49.0,Pass
l3102.txm,37.9395,751.0,754.0,130.0,0.0,2785.0,102.0,1188.0,9481.0,9008.0,-1701.0,26.0,16251.0,19396.0,149.0,16700.0,348.0,0.0,27864.0,49.0,Pass
l3102.txm,38.959,752.0,753.0,133.0,0.0,2785.0,101.0,1185.0,9512.0,9069.0,-955.0,27.0,16621.0,19388.0,-15.0,16468.0,352.0,0.0,27880.0,49.0,Pass
l3102.txm,39.9785,752.0,754.0,134.0,0.0,2791.0,100.0,1190.0,9482.0,9007.0,-763.0,27.0,16615.0,19354.0,158.0,16196.0,358.0,1.0,27860.0,49.0,Pass
l3102.txm,41.0,752.0,753.0,136.0,0.0,2787.0,101.0,1188.0,9451.0,9030.0,-2448.0,26.0,16365.0,19340.0,52.0,16436.0,354.0,0.0,27858.0,49.0,Pass
l3102.txm,42.0195,752.0,754.0,133.0,0.0,2783.0,100.0,1184.0,9485.0,9028.0,-864.0,27.0,16453.0,19388.0,101.0,16406.0,353.0,1.0,27864.0,49.0,Pass
l3102.txm,43.0625,752.0,754.0,134.0,0.0,2787.0,101.0,1184.0,9455.0,9057.0,-1881.0,26.0,16305.0,19382.0,-1.0,16038.0,350.0,0.0,27868.0,49.0,Pass
l3102.txm,44.0898,751.0,752.0,131.0,0.0,2785.0,101.0,1184.0,9424.0,9072.0,-1207.0,27.0,16248.0,19380.0,-84.0,16340.0,350.0,0.0,27870.0,49.0,Pass
l3102.txm,45.1094,752.0,753.0,136.0,0.0,2789.0,100.0,1186.0,9516.0,9024.0,-1718.0,26.0,16694.0,19374.0,632.0,16918.0,349.0,1.0,27876.0,49.0,Pass
l3102.txm,46.1289,751.0,753.0,133.0,0.0,2783.0,101.0,1184.0,9437.0,9067.0,-389.0,27.0,16657.0,19364.0,85.0,16016.0,353.0,1.0,27874.0,49.0,Pass
l3102.txm,47.1523,752.0,753.0,134.0,0.0,2790.0,102.0,1185.0,9450.0,9010.0,-697.0,26.0,16348.0,19386.0,710.0,16578.0,344.0,1.0,27878.0,49.0,Pass
l3102.txm,48.1699,752.0,754.0,132.0,0.0,2786.0,100.0,1185.0,9407.0,9042.0,-448.0,26.0,16268.0,19356.0,138.0,16336.0,349.0,0.0,27880.0,49.0,Pass
l3102.txm,49.1895,752.0,754.0,131.0,0.0,2787.0,101.0,1185.0,9513.0,8979.0,-1965.0,26.0,16247.0,19344.0,53.0,16430.0,348.0,1.0,27868.0,49.0,Pass
l3102.txm,50.2363,752.0,755.0,134.0,0.0,2796.0,100.0,1185.0,9433.0,9021.0,-2861.0,26.0,16488.0,19360.0,292.0,16510.0,343.0,0.0,27870.0,49.0,Pass
l3102.txm,51.2285,752.0,755.0,130.0,0.0,2787.0,100.0,1184.0,9497.0,9072.0,-1595.0,26.0,16299.0,19328.0,18.0,15992.0,345.0,1.0,27878.0,49.0,Pass
l3102.txm,52.25,752.0,753.0,131.0,0.0,2780.0,102.0,1186.0,9510.0,9034.0,-1236.0,26.0,16252.0,19340.0,-262.0,17084.0,351.0,1.0,27874.0,49.0,Pass
l3102.txm,53.2695,752.0,754.0,134.0,0.0,2792.0,101.0,1184.0,9518.0,8985.0,-555.0,26.0,16446.0,19334.0,-443.0,16886.0,350.0,1.0,27868.0,49.0,Pass
l3102.txm,54.2891,751.0,752.0,132.0,0.0,2782.0,100.0,1185.0,9459.0,9064.0,-937.0,26.0,16363.0,19348.0,143.0,16238.0,350.0,1.0,27862.0,49.0,Pass
l3102.txm,55.3105,752.0,754.0,134.0,0.0,2770.0,100.0,1188.0,9421.0,9001.0,-1311.0,26.0,16242.0,19352.0,2.0,16694.0,353.0,1.0,27868.0,49.0,Pass
l3102.txm,56.3301,752.0,754.0,135.0,0.0,2662.0,101.0,1186.0,9503.0,9011.0,-1915.0,26.0,16504.0,19340.0,-656.0,16280.0,358.0,0.0,27852.0,49.0,Pass
l3102.txm,57.3496,752.0,754.0,135.0,0.0,2392.0,101.0,1192.0,9461.0,9027.0,436.0,27.0,16407.0,19360.0,-484.0,16376.0,346.0,0.0,27830.0,50.0,Pass
l3102.txm,58.3711,752.0,753.0,133.0,0.0,1952.0,100.0,1191.0,9436.0,9069.0,-524.0,26.0,16347.0,19638.0,-50.0,16644.0,343.0,1.0,27604.0,50.0,Pass
l3102.txm,59.3887,752.0,754.0,132.0,0.0,1633.0,100.0,1191.0,9434.0,9043.0,1733.0,26.0,16568.0,19786.0,-606.0,17012.0,352.0,0.0,27550.0,50.0,Pass
l3102.txm,10.7207,751.0,753.0,135.0,0.0,1019.0,100.0,1262.0,9402.0,9069.0,-1441.0,30.0,16437.0,20132.0,104.0,16228.0,344.0,0.0,27504.0,49.0,Pass
l3103.txm,10.7207,751.0,753.0,135.0,0.0,1019.0,100.0,1262.0,9402.0,9069.0,-1441.0,30.0,16437.0,20132.0,104.0,16228.0,344.0,0.0,27504.0,49.0,Pass
l3103.txm,11.7402,751.0,753.0,132.0,0.0,983.0,99.0,1261.0,9461.0,8990.0,-1600.0,30.0,16466.0,20114.0,69.0,16510.0,347.0,0.0,27504.0,49.0,Pass
l3103.txm,12.7598,751.0,755.0,133.0,0.0,960.0,100.0,1252.0,9415.0,9100.0,-1602.0,30.0,16745.0,20116.0,100.0,16716.0,357.0,0.0,27472.0,49.0,Pass
l3103.txm,13.7812,751.0,752.0,134.0,0.0,937.0,100.0,1216.0,9428.0,9018.0,-401.0,29.0,16652.0,20130.0,-523.0,16756.0,354.0,0.0,27224.0,50.0,Pass
l3103.txm,14.8008,751.0,753.0,132.0,0.0,1399.0,100.0,1168.0,9501.0,8942.0,721.0,30.0,16292.0,20188.0,1948.0,15116.0,342.0,1.0,27570.0,50.0,Pass
l3103.txm,15.8203,751.0,751.0,132.0,0.0,2874.0,101.0,1154.0,9468.0,8954.0,-1851.0,29.0,16198.0,19326.0,-1097.0,16814.0,345.0,0.0,27748.0,49.0,Pass
l3103.txm,16.8398,752.0,753.0,135.0,0.0,2934.0,102.0,1192.0,9449.0,9068.0,-1514.0,30.0,16040.0,19498.0,-532.0,16614.0,357.0,0.0,27712.0,49.0,Pass
l3103.txm,17.8613,751.0,753.0,133.0,0.0,2686.0,101.0,1203.0,9460.0,9061.0,-805.0,28.0,16868.0,19518.0,-93.0,16438.0,358.0,0.0,27640.0,49.0,Pass
l3103.txm,18.8809,751.0,753.0,133.0,0.0,2361.0,100.0,1199.0,9490.0,8976.0,-679.0,28.0,16548.0,19650.0,-16.0,16636.0,351.0,0.0,27774.0,50.0,Pass
l3103.txm,19.9375,751.0,753.0,134.0,0.0,2683.0,101.0,1161.0,9511.0,8951.0,-972.0,29.0,16150.0,19408.0,-85.0,16886.0,355.0,0.0,27886.0,50.0,Pass
l3103.txm,20.9199,752.0,753.0,136.0,0.0,2699.0,101.0,1193.0,9527.0,9013.0,-1988.0,28.0,16483.0,19444.0,-346.0,16752.0,342.0,0.0,27762.0,49.0,Pass
l3103.txm,21.9414,751.0,753.0,134.0,0.0,2697.0,101.0,1182.0,9435.0,9092.0,-222.0,28.0,16827.0,19560.0,-342.0,16594.0,347.0,0.0,27794.0,50.0,Pass
l3103.txm,22.9609,751.0,754.0,132.0,0.0,2736.0,101.0,1184.0,9526.0,9014.0,-923.0,28.0,16746.0,19490.0,61.0,16556.0,348.0,1.0,27782.0,49.0,Pass
l3103.txm,23.9805,752.0,753.0,134.0,0.0,2776.0,100.0,1183.0,9526.0,9017.0,-778.0,27.0,16786.0,19546.0,-68.0,16220.0,346.0,0.0,27812.0,49.0,Pass
l3103.txm,25.0,751.0,754.0,136.0,0.0,2797.0,100.0,1186.0,9447.0,9027.0,-1093.0,28.0,16665.0,19460.0,97.0,16032.0,355.0,0.0,27874.0,49.0,Pass
l3103.txm,26.0215,752.0,753.0,130.0,0.0,2839.0,100.0,1187.0,9514.0,9026.0,-2724.0,27.0,16606.0,19334.0,-496.0,17140.0,349.0,0.0,27894.0,49.0,Pass
l3103.txm,27.041,751.0,752.0,132.0,0.0,2832.0,100.0,1184.0,9436.0,9027.0,-1697.0,28.0,16687.0,19362.0,126.0,16706.0,346.0,0.0,27898.0,49.0,Pass
l3103.txm,28.0605,752.0,754.0,134.0,0.0,2838.0,102.0,1186.0,9463.0,9016.0,-2618.0,27.0,16892.0,19354.0,-356.0,16428.0,346.0,0.0,27870.0,49.0,Pass
l3103.txm,29.0801,751.0,754.0,133.0,0.0,2841.0,101.0,1187.0,9486.0,9088.0,-423.0,27.0,16893.0,19370.0,486.0,16878.0,352.0,0.0,27830.0,49.0,Pass
l3103.txm,30.0996,751.0,754.0,136.0,0.0,2845.0,100.0,1188.0,9447.0,9060.0,-1029.0,27.0,16784.0,19280.0,-427.0,17014.0,348.0,0.0,27816.0,49.0,Pass
l3103.txm,31.125,752.0,752.0,134.0,0.0,2838.0,99.0,1186.0,9509.0,9026.0,-637.0,27.0,16879.0,19312.0,78.0,16614.0,352.0,0.0,27888.0,49.0,Pass
l3103.txm,32.2383,751.0,752.0,135.0,0.0,2834.0,100.0,1186.0,9458.0,9015.0,-948.0,27.0,16636.0,19376.0,-293.0,16892.0,351.0,0.0,27884.0,49.0,Pass
l3103.txm,33.2578,751.0,753.0,134.0,0.0,2837.0,100.0,1185.0,9516.0,9025.0,-1764.0,27.0,16689.0,19382.0,-75.0,16712.0,354.0,0.0,27828.0,49.0,Pass
l3103.txm,34.2812,752.0,753.0,134.0,0.0,2836.0,101.0,1185.0,9466.0,9028.0,-2792.0,27.0,16336.0,19372.0,-430.0,16756.0,341.0,1.0,27884.0,49.0,Pass
l3103.txm,35.3008,753.0,754.0,136.0,0.0,2839.0,100.0,1185.0,9512.0,9004.0,-561.0,26.0,16917.0,19372.0,1276.0,16564.0,357.0,0.0,27826.0,49.0,Pass
l3103.txm,36.3203,752.0,754.0,135.0,0.0,2839.0,101.0,1184.0,9428.0,9050.0,-636.0,26.0,16513.0,19290.0,6.0,16948.0,345.0,0.0,27824.0,49.0,Pass
l3103.txm,37.3398,752.0,754.0,133.0,0.0,2844.0,102.0,1184.0,9473.0,9016.0,-1604.0,26.0,16663.0,19332.0,-50.0,16908.0,351.0,0.0,27948.0,49.0,Pass
l3103.txm,38.3613,751.0,753.0,134.0,0.0,2833.0,101.0,1186.0,9425.0,9041.0,-1833.0,26.0,16471.0,19296.0,146.0,16266.0,355.0,0.0,27714.0,49.0,Pass
l3103.txm,39.4199,752.0,754.0,133.0,0.0,2839.0,100.0,1184.0,9475.0,9016.0,-376.0,26.0,16447.0,19282.0,514.0,16170.0,349.0,1.0,27874.0,49.0,Pass
l3103.txm,40.4004,752.0,755.0,133.0,0.0,2841.0,100.0,1187.0,9455.0,9010.0,-2415.0,26.0,16633.0,19380.0,-505.0,16456.0,346.0,1.0,27888.0,49.0,Pass
l3103.txm,41.4199,752.0,754.0,133.0,0.0,2841.0,102.0,1187.0,9481.0,9047.0,-1447.0,27.0,16204.0,19380.0,156.0,16388.0,356.0,1.0,27892.0,49.0,Pass
l3103.txm,42.5215,752.0,753.0,134.0,0.0,2846.0,101.0,1184.0,9467.0,9014.0,-1726.0,26.0,16373.0,19346.0,7.0,16310.0,350.0,0.0,27898.0,49.0,Pass
l3103.txm,43.4883,752.0,754.0,131.0,0.0,2844.0,102.0,1185.0,9450.0,9038.0,-2260.0,26.0,16644.0,19290.0,714.0,16226.0,348.0,0.0,27872.0,49.0,Pass
l3103.txm,44.5117,752.0,754.0,132.0,0.0,2834.0,101.0,1186.0,9442.0,9068.0,-1342.0,26.0,16598.0,19296.0,-76.0,16792.0,344.0,0.0,27874.0,49.0,Pass
l3103.txm,45.5293,752.0,754.0,136.0,0.0,2842.0,100.0,1186.0,9504.0,9011.0,-521.0,27.0,16604.0,19318.0,-29.0,16202.0,358.0,1.0,27880.0,49.0,Pass
l3103.txm,46.5488,752.0,754.0,132.0,0.0,2846.0,100.0,1187.0,9519.0,9014.0,187.0,26.0,16550.0,19314.0,156.0,16790.0,351.0,1.0,27890.0,49.0,Pass
l3103.txm,47.5684,751.0,753.0,133.0,0.0,2846.0,100.0,1186.0,9491.0,9000.0,-1219.0,26.0,16374.0,19358.0,402.0,16148.0,345.0,1.0,28000.0,49.0,Pass
l3103.txm,48.5879,752.0,755.0,131.0,0.0,2839.0,102.0,1185.0,9484.0,9010.0,-1036.0,27.0,16380.0,19334.0,105.0,16364.0,358.0,0.0,27896.0,49.0,Pass
l3103.txm,49.6348,751.0,753.0,134.0,0.0,2839.0,101.0,1185.0,9459.0,9038.0,-2332.0,26.0,16512.0,19356.0,106.0,16466.0,353.0,0.0,27896.0,49.0,Pass
l3103.txm,50.6289,752.0,753.0,133.0,0.0,2839.0,100.0,1186.0,9505.0,8988.0,-28.0,26.0,16281.0,19372.0,117.0,16728.0,343.0,1.0,27996.0,49.0,Pass
l3103.txm,51.6504,751.0,753.0,133.0,0.0,2834.0,101.0,1186.0,9450.0,9058.0,-417.0,26.0,16336.0,19342.0,1342.0,17146.0,344.0,1.0,27828.0,49.0,Pass
l3103.txm,52.668,752.0,755.0,137.0,0.0,2827.0,100.0,1187.0,9471.0,8998.0,-1804.0,26.0,16568.0,19338.0,-506.0,16130.0,348.0,1.0,27898.0,49.0,Pass
l3103.txm,53.6894,751.0,752.0,134.0,0.0,2826.0,101.0,1185.0,9487.0,9008.0,-1536.0,27.0,16871.0,19320.0,79.0,16736.0,351.0,0.0,27892.0,49.0,Pass
l3103.txm,54.7109,752.0,754.0,134.0,0.0,2803.0,99.0,1184.0,9523.0,8976.0,-2556.0,26.0,16538.0,19332.0,228.0,16918.0,341.0,1.0,27900.0,49.0,Pass
l3103.txm,55.7285,752.0,752.0,133.0,0.0,2720.0,101.0,1188.0,9460.0,9045.0,-1347.0,27.0,16644.0,19324.0,938.0,16426.0,345.0,0.0,27898.0,49.0,Pass
l3103.txm,56.748,752.0,754.0,131.0,0.0,2337.0,101.0,1191.0,9460.0,8980.0,1252.0,27.0,16316.0,19490.0,-713.0,16480.0,341.0,0.0,27768.0,50.0,Pass
l3103.txm,57.7715,752.0,754.0,134.0,0.0,1892.0,100.0,1194.0,9436.0,9064.0,-516.0,27.0,16308.0,19626.0,-323.0,16752.0,344.0,0.0,27756.0,50.0,Pass
l3103.txm,58.7891,752.0,754.0,134.0,0.0,1625.0,99.0,1189.0,9527.0,8936.0,-52.0,27.0,16154.0,19748.0,-576.0,16834.0,348.0,0.0,27568.0,50.0,Pass
l3103.txm,59.8105,752.0,753.0,135.0,0.0,1358.0,101.0,1189.0,9421.0,8997.0,50.0,29.0,16021.0,19836.0,-508.0,17134.0,357.0,0.0,27558.0,50.0,Pass
l3103.txm,8.73828,751.0,752.0,135.0,0.0,1061.0,101.0,1263.0,9516.0,8984.0,-984.0,30.0,16679.0,20140.0,-650.0,15846.0,350.0,0.0,27284.0,49.0,Pass
l3104.txm,8.73828,751.0,752.0,135.0,0.0,1061.0,101.0,1263.0,9516.0,8984.0,-984.0,30.0,16679.0,20140.0,-650.0,15846.0,350.0,0.0,27284.0,49.0,Pass
l3104.txm,9.75781,751.0,753.0,134.0,0.0,1012.0,100.0,1262.0,9508.0,8978.0,-1798.0,30.0,16432.0,20116.0,484.0,16444.0,344.0,0.0,27506.0,49.0,Pass
l3104.txm,10.8027,751.0,753.0,135.0,0.0,980.0,101.0,1259.0,9499.0,8985.0,-1759.0,30.0,16670.0,20122.0,138.0,16516.0,345.0,0.0,27510.0,49.0,Pass
l3104.txm,11.7969,751.0,754.0,134.0,0.0,950.0,102.0,1246.0,9512.0,9076.0,-394.0,29.0,16835.0,20078.0,-532.0,16988.0,352.0,0.0,27302.0,50.0,Pass
l3104.txm,12.8184,751.0,754.0,133.0,0.0,941.0,101.0,1209.0,9446.0,9120.0,870.0,28.0,16654.0,20342.0,-60.0,16228.0,346.0,0.0,27132.0,50.0,Pass
l3104.txm,13.8398,751.0,753.0,135.0,0.0,1940.0,101.0,1157.0,9461.0,9015.0,701.0,28.0,16901.0,19624.0,1950.0,16786.0,348.0,0.0,28130.0,50.0,Pass
l3104.txm,14.8594,751.0,754.0,135.0,0.0,2904.0,101.0,1152.0,9464.0,9062.0,-1627.0,28.0,16652.0,19376.0,-833.0,16330.0,357.0,0.0,27778.0,49.0,Pass
l3104.txm,15.8789,751.0,752.0,135.0,0.0,2956.0,101.0,1198.0,9462.0,9116.0,-1026.0,28.0,16678.0,19552.0,54.0,16440.0,352.0,1.0,27762.0,49.0,Pass
l3104.txm,16.9004,751.0,752.0,135.0,0.0,2560.0,100.0,1205.0,9497.0,9046.0,-60.0,27.0,16953.0,19454.0,-526.0,16872.0,353.0,0.0,27746.0,49.0,Pass
l3104.txm,17.9199,751.0,753.0,132.0,0.0,2424.0,100.0,1191.0,9431.0,9008.0,-854.0,29.0,16061.0,19550.0,-46.0,16010.0,357.0,0.0,27772.0,50.0,Pass
l3104.txm,18.9395,752.0,752.0,132.0,0.0,2691.0,100.0,1172.0,9508.0,8947.0,-1543.0,29.0,16244.0,19344.0,-620.0,17150.0,342.0,0.0,27884.0,49.0,Pass
l3104.txm,19.959,752.0,753.0,136.0,0.0,2748.0,100.0,1195.0,9429.0,9033.0,-185.0,29.0,16468.0,19468.0,-812.0,16886.0,342.0,0.0,27794.0,49.0,Pass
l3104.txm,20.9961,751.0,753.0,132.0,0.0,2745.0,100.0,1184.0,9468.0,9007.0,-1319.0,28.0,16710.0,19526.0,-414.0,16884.0,344.0,0.0,27780.0,49.0,Pass
l3104.txm,22.0195,752.0,751.0,134.0,0.0,2769.0,100.0,1185.0,9474.0,9001.0,-2150.0,28.0,16383.0,19528.0,154.0,16530.0,346.0,0.0,27786.0,49.0,Pass
l3104.txm,23.0664,751.0,753.0,134.0,0.0,2815.0,100.0,1187.0,9480.0,9030.0,-759.0,28.0,16628.0,19546.0,576.0,16280.0,349.0,1.0,27888.0,49.0,Pass
l3104.txm,24.0586,752.0,753.0,135.0,0.0,2843.0,100.0,1186.0,9465.0,9019.0,-1966.0,28.0,16494.0,19318.0,-310.0,16744.0,348.0,0.0,27888.0,49.0,Pass
l3104.txm,25.0801,752.0,753.0,133.0,0.0,2853.0,100.0,1185.0,9490.0,9061.0,-1999.0,28.0,16705.0,19396.0,1498.0,16468.0,348.0,0.0,27870.0,49.0,Pass
l3104.txm,26.0996,752.0,752.0,133.0,0.0,2857.0,102.0,1185.0,9464.0,9076.0,-865.0,28.0,16671.0,19364.0,314.0,16572.0,345.0,0.0,27894.0,49.0,Pass
l3104.txm,27.1191,751.0,752.0,133.0,0.0,2859.0,101.0,1183.0,9440.0,9025.0,-1952.0,28.0,16523.0,19368.0,-482.0,16662.0,346.0,0.0,27876.0,49.0,Pass
l3104.txm,28.1387,752.0,754.0,134.0,0.0,2856.0,101.0,1185.0,9510.0,9005.0,-1272.0,28.0,16362.0,19340.0,62.0,16678.0,349.0,0.0,27842.0,49.0,Pass
l3104.txm,29.1602,752.0,753.0,132.0,0.0,2847.0,101.0,1184.0,9460.0,9026.0,-2479.0,28.0,16180.0,19408.0,958.0,16810.0,350.0,1.0,28008.0,49.0,Pass
l3104.txm,30.1797,752.0,755.0,132.0,0.0,2861.0,101.0,1183.0,9461.0,8972.0,-1409.0,27.0,16348.0,19402.0,-23.0,16196.0,349.0,1.0,27824.0,49.0,Pass
l3104.txm,31.2148,752.0,754.0,132.0,0.0,2856.0,100.0,1187.0,9424.0,9008.0,-924.0,28.0,16638.0,19346.0,40.0,16840.0,349.0,1.0,27962.0,49.0,Pass
l3104.txm,32.2402,752.0,754.0,133.0,0.0,2851.0,101.0,1183.0,9505.0,9001.0,-1700.0,27.0,16502.0,19328.0,121.0,16214.0,360.0,0.0,27942.0,49.0,Pass
l3104.txm,33.2598,752.0,753.0,132.0,0.0,2858.0,100.0,1186.0,9472.0,9052.0,-1842.0,27.0,16580.0,19380.0,-465.0,16556.0,348.0,0.0,28014.0,49.0,Pass
l3104.txm,34.2793,752.0,755.0,130.0,0.0,2856.0,100.0,1185.0,9443.0,9082.0,-2463.0,27.0,16361.0,19298.0,63.0,16272.0,347.0,1.0,27824.0,49.0,Pass
l3104.txm,35.3242,751.0,753.0,133.0,0.0,2858.0,101.0,1185.0,9442.0,9026.0,-183.0,27.0,16475.0,19354.0,25.0,16258.0,366.0,0.0,27852.0,49.0,Pass
l3104.txm,36.3203,752.0,754.0,136.0,0.0,2847.0,101.0,1186.0,9448.0,9084.0,-3456.0,27.0,16584.0,19360.0,324.0,16166.0,350.0,1.0,27860.0,49.0,Pass
l3104.txm,37.3398,752.0,754.0,133.0,0.0,2859.0,101.0,1183.0,9413.0,9054.0,-1167.0,27.0,16549.0,19290.0,-377.0,16602.0,337.0,0.0,27812.0,49.0,Pass
l3104.txm,38.3594,752.0,753.0,130.0,0.0,2858.0,101.0,1184.0,9439.0,9075.0,-3130.0,27.0,16348.0,19260.0,-296.0,17098.0,342.0,1.0,27824.0,49.0,Pass
l3104.txm,39.3789,751.0,753.0,134.0,0.0,2853.0,100.0,1183.0,9453.0,9022.0,-777.0,27.0,16517.0,19372.0,156.0,15910.0,353.0,0.0,27902.0,49.0,Pass
l3104.txm,40.4844,752.0,753.0,135.0,0.0,2861.0,102.0,1187.0,9452.0,9008.0,-2120.0,26.0,16710.0,19342.0,-407.0,16964.0,343.0,0.0,27878.0,49.0,Pass
l3104.txm,41.459,752.0,753.0,130.0,0.0,2863.0,101.0,1185.0,9456.0,9032.0,-1321.0,27.0,16190.0,19318.0,110.0,16526.0,352.0,0.0,27868.0,49.0,Pass
l3104.txm,42.4766,751.0,754.0,135.0,0.0,2859.0,100.0,1182.0,9422.0,9082.0,-686.0,26.0,16272.0,19374.0,143.0,16372.0,348.0,0.0,27772.0,49.0,Pass
l3104.txm,43.498,751.0,752.0,134.0,0.0,2864.0,100.0,1184.0,9469.0,9068.0,-2238.0,26.0,16373.0,19370.0,626.0,16154.0,348.0,1.0,27864.0,49.0,Pass
l3104.txm,44.5195,751.0,755.0,134.0,0.0,2864.0,102.0,1184.0,9446.0,9076.0,-288.0,27.0,16299.0,19278.0,151.0,16214.0,348.0,0.0,27734.0,49.0,Pass
l3104.txm,45.5371,752.0,753.0,132.0,0.0,2863.0,101.0,1184.0,9460.0,9024.0,-529.0,27.0,16391.0,19314.0,-11.0,16984.0,347.0,0.0,27870.0,49.0,Pass
l3104.txm,46.5566,752.0,754.0,135.0,0.0,2864.0,101.0,1185.0,9484.0,8995.0,-2317.0,26.0,16369.0,19260.0,-416.0,16246.0,354.0,0.0,27818.0,49.0,Pass
l3104.txm,47.6035,752.0,753.0,129.0,0.0,2854.0,100.0,1186.0,9479.0,9011.0,-1469.0,27.0,16097.0,19266.0,151.0,16438.0,360.0,0.0,27832.0,49.0,Pass
l3104.txm,48.5977,751.0,753.0,130.0,0.0,2859.0,101.0,1187.0,9416.0,9046.0,-1120.0,27.0,15919.0,19304.0,234.0,17098.0,353.0,0.0,27820.0,49.0,Pass
l3104.txm,49.6172,752.0,753.0,135.0,0.0,2852.0,102.0,1184.0,9420.0,9055.0,-2705.0,27.0,16510.0,19382.0,76.0,16492.0,353.0,0.0,27836.0,49.0,Pass
l3104.txm,50.6367,752.0,752.0,131.0,0.0,2853.0,101.0,1187.0,9495.0,8992.0,-2246.0,26.0,16197.0,19370.0,128.0,16570.0,350.0,0.0,27824.0,49.0,Pass
l3104.txm,51.6582,752.0,753.0,131.0,0.0,2841.0,100.0,1187.0,9445.0,9044.0,-2938.0,27.0,16259.0,19360.0,-7.0,17114.0,346.0,0.0,27850.0,49.0,Pass
l3104.txm,52.6758,751.0,753.0,135.0,0.0,2836.0,100.0,1185.0,9500.0,8976.0,-80.0,27.0,16669.0,19308.0,262.0,16240.0,359.0,0.0,27824.0,49.0,Pass
l3104.txm,53.6953,752.0,754.0,131.0,0.0,2786.0,100.0,1186.0,9463.0,9013.0,-3004.0,27.0,16343.0,19310.0,148.0,16412.0,351.0,0.0,27866.0,49.0,Pass
l3104.txm,54.7168,752.0,753.0,133.0,0.0,2478.0,101.0,1191.0,9522.0,9012.0,-513.0,27.0,16251.0,19334.0,-537.0,17274.0,350.0,0.0,27780.0,49.0,Pass
l3104.txm,55.7383,752.0,755.0,135.0,0.0,1990.0,100.0,1194.0,9443.0,8979.0,-830.0,28.0,16266.0,19650.0,-50.0,16556.0,348.0,0.0,27690.0,50.0,Pass
l3104.txm,56.7559,752.0,753.0,133.0,0.0,1700.0,100.0,1191.0,9464.0,9009.0,762.0,26.0,16477.0,19654.0,-1175.0,17180.0,346.0,0.0,27528.0,50.0,Pass
l3104.txm,10.2578,751.0,753.0,136.0,0.0,1021.0,100.0,1263.0,9455.0,9018.0,-1836.0,29.0,16812.0,20124.0,49.0,16280.0,353.0,0.0,27370.0,49.0,Pass
l3105.txm,10.2578,751.0,753.0,136.0,0.0,1021.0,100.0,1263.0,9455.0,9018.0,-1836.0,29.0,16812.0,20124.0,49.0,16280.0,353.0,0.0,27370.0,49.0,Pass
l3105.txm,11.2773,751.0,754.0,132.0,0.0,996.0,101.0,1260.0,9487.0,9024.0,-1299.0,30.0,16688.0,20100.0,14.0,16288.0,355.0,1.0,27496.0,49.0,Pass
l3105.txm,12.2969,750.0,752.0,133.0,0.0,966.0,100.0,1260.0,9503.0,9005.0,-1461.0,30.0,16542.0,20088.0,14.0,16706.0,354.0,0.0,27486.0,49.0,Pass
l3105.txm,13.3164,751.0,755.0,131.0,0.0,943.0,101.0,1234.0,9496.0,9056.0,481.0,28.0,16503.0,20108.0,-503.0,17002.0,353.0,0.0,27274.0,50.0,Pass
l3105.txm,14.3789,751.0,754.0,131.0,0.0,1029.0,100.0,1191.0,9447.0,9135.0,936.0,27.0,16811.0,20322.0,103.0,15726.0,349.0,0.0,27206.0,50.0,Pass
l3105.txm,15.3574,751.0,752.0,132.0,0.0,2728.0,100.0,1140.0,9467.0,8971.0,-1461.0,27.0,16632.0,19286.0,-489.0,17506.0,344.0,0.0,27890.0,50.0,Pass
l3105.txm,16.375,751.0,753.0,134.0,0.0,2975.0,102.0,1182.0,9419.0,9050.0,-1269.0,29.0,16733.0,19468.0,-282.0,16280.0,351.0,0.0,27738.0,49.0,Pass
l3105.txm,17.3965,752.0,753.0,134.0,0.0,2911.0,101.0,1202.0,9518.0,9142.0,531.0,28.0,16766.0,19430.0,-898.0,16338.0,342.0,0.0,27734.0,49.0,Pass
l3105.txm,18.418,751.0,753.0,132.0,0.0,2250.0,100.0,1210.0,9495.0,9101.0,1069.0,27.0,16843.0,19568.0,-485.0,16248.0,348.0,0.0,27778.0,49.0,Pass
l3105.txm,19.4395,752.0,753.0,133.0,0.0,2728.0,101.0,1160.0,9494.0,8978.0,511.0,29.0,16468.0,19600.0,1034.0,16452.0,345.0,0.0,27784.0,50.0,Pass
l3105.txm,20.459,752.0,753.0,130.0,0.0,2707.0,100.0,1193.0,9458.0,9073.0,-1867.0,29.0,16736.0,19326.0,-814.0,17008.0,346.0,1.0,27842.0,49.0,Pass
l3105.txm,21.4785,751.0,753.0,130.0,0.0,2745.0,100.0,1194.0,9460.0,9029.0,-747.0,28.0,16573.0,19534.0,94.0,16502.0,346.0,0.0,27642.0,49.0,Pass
l3105.txm,22.5,751.0,752.0,135.0,0.0,2766.0,100.0,1182.0,9499.0,9031.0,-725.0,28.0,16753.0,19482.0,-31.0,16316.0,345.0,0.0,27756.0,50.0,Pass
l3105.txm,23.5195,752.0,752.0,134.0,0.0,2809.0,102.0,1185.0,9450.0,9035.0,-1354.0,28.0,16901.0,19462.0,76.0,16346.0,353.0,1.0,27746.0,49.0,Pass
l3105.txm,24.5391,751.0,752.0,135.0,0.0,2850.0,101.0,1185.0,9441.0,9013.0,-973.0,27.0,16730.0,19324.0,69.0,16830.0,339.0,0.0,27856.0,49.0,Pass
l3105.txm,25.5586,752.0,754.0,133.0,0.0,2869.0,102.0,1184.0,9467.0,9053.0,-1050.0,28.0,16854.0,19302.0,18.0,16770.0,347.0,0.0,27768.0,49.0,Pass
l3105.txm,26.6133,751.0,754.0,130.0,0.0,2874.0,100.0,1183.0,9471.0,9039.0,-1421.0,28.0,16514.0,19296.0,44.0,16530.0,351.0,1.0,27946.0,49.0,Pass
l3105.txm,27.5996,752.0,754.0,136.0,0.0,2876.0,100.0,1185.0,9491.0,9015.0,-1286.0,28.0,16663.0,19304.0,-55.0,16582.0,352.0,1.0,27744.0,49.0,Pass
l3105.txm,28.6191,752.0,754.0,133.0,0.0,2887.0,100.0,1182.0,9464.0,8983.0,-788.0,28.0,16644.0,19328.0,62.0,16188.0,357.0,0.0,27888.0,49.0,Pass
l3105.txm,29.6387,752.0,753.0,134.0,0.0,2876.0,100.0,1186.0,9463.0,8975.0,-1487.0,27.0,16519.0,19300.0,596.0,16874.0,341.0,1.0,27854.0,49.0,Pass
l3105.txm,30.6582,752.0,752.0,132.0,0.0,2881.0,101.0,1184.0,9451.0,9017.0,-1470.0,28.0,16659.0,19256.0,46.0,16690.0,358.0,1.0,27864.0,49.0,Pass
l3105.txm,31.6797,751.0,753.0,130.0,0.0,2882.0,101.0,1183.0,9407.0,9061.0,-1712.0,27.0,16382.0,19334.0,159.0,16840.0,359.0,0.0,27960.0,49.0,Pass
l3105.txm,32.7012,752.0,753.0,131.0,0.0,2883.0,100.0,1188.0,9442.0,9069.0,-1591.0,27.0,16716.0,19348.0,-28.0,16844.0,346.0,0.0,27734.0,49.0,Pass
l3105.txm,33.7207,752.0,753.0,131.0,0.0,2885.0,101.0,1183.0,9439.0,9003.0,-780.0,27.0,16632.0,19400.0,95.0,16352.0,354.0,0.0,27882.0,49.0,Pass
l3105.txm,35.248,751.0,754.0,132.0,0.0,2879.0,102.0,1184.0,9438.0,9088.0,-1459.0,27.0,16742.0,19246.0,129.0,16442.0,348.0,0.0,27802.0,49.0,Pass
l3105.txm,36.2676,752.0,753.0,134.0,0.0,2879.0,100.0,1184.0,9492.0,9031.0,-48.0,27.0,16573.0,19254.0,1172.0,16862.0,348.0,0.0,27820.0,49.0,Pass
l3105.txm,37.2871,752.0,754.0,135.0,0.0,2878.0,100.0,1185.0,9439.0,9074.0,-2288.0,27.0,16451.0,19330.0,-330.0,16434.0,346.0,0.0,27796.0,49.0,Pass
l3105.txm,38.3066,751.0,754.0,131.0,0.0,2882.0,101.0,1184.0,9512.0,9028.0,-874.0,27.0,16374.0,19332.0,124.0,16210.0,347.0,0.0,27834.0,49.0,Pass
l3105.txm,39.3594,752.0,753.0,132.0,0.0,2883.0,102.0,1187.0,9440.0,9021.0,-2569.0,27.0,16294.0,19390.0,-70.0,16560.0,345.0,0.0,27704.0,49.0,Pass
l3105.txm,40.3477,752.0,753.0,132.0,0.0,2885.0,101.0,1185.0,9482.0,9063.0,-1619.0,28.0,16033.0,19396.0,-57.0,16810.0,352.0,0.0,27848.0,49.0,Pass
l3105.txm,41.3672,752.0,754.0,131.0,0.0,2881.0,101.0,1185.0,9469.0,9018.0,-2329.0,27.0,16253.0,19378.0,-67.0,16704.0,348.0,0.0,27874.0,49.0,Pass
l3105.txm,42.4668,752.0,754.0,141.0,0.0,2881.0,100.0,1185.0,9452.0,9026.0,-1212.0,27.0,16783.0,19254.0,-79.0,16708.0,355.0,0.0,27876.0,49.0,Pass
l3105.txm,43.4395,751.0,753.0,133.0,0.0,2880.0,100.0,1186.0,9499.0,9016.0,-2754.0,27.0,16339.0,19260.0,83.0,16592.0,358.0,0.0,27946.0,49.0,Pass
l3105.txm,44.4629,752.0,753.0,136.0,0.0,2875.0,102.0,1184.0,9446.0,9064.0,-1981.0,27.0,16219.0,19276.0,-5.0,16850.0,343.0,0.0,27878.0,49.0,Pass
l3105.txm,45.4785,752.0,754.0,135.0,0.0,2874.0,101.0,1186.0,9514.0,8982.0,-2743.0,27.0,16649.0,19274.0,107.0,16166.0,342.0,1.0,27832.0,49.0,Pass
l3105.txm,46.5059,752.0,753.0,131.0,0.0,2880.0,101.0,1186.0,9440.0,9036.0,-2074.0,27.0,16093.0,19270.0,118.0,16488.0,349.0,1.0,27904.0,49.0,Pass
l3105.txm,47.5195,752.0,754.0,133.0,0.0,2878.0,100.0,1185.0,9446.0,9053.0,-573.0,27.0,16484.0,19308.0,44.0,16284.0,361.0,1.0,27848.0,49.0,Pass
l3105.txm,48.5391,751.0,753.0,133.0,0.0,2873.0,100.0,1184.0,9417.0,9105.0,-2192.0,27.0,16525.0,19370.0,-360.0,16890.0,350.0,0.0,27826.0,49.0,Pass
l3105.txm,49.584,752.0,753.0,131.0,0.0,2870.0,100.0,1187.0,9502.0,8992.0,-934.0,27.0,16635.0,19330.0,-391.0,16582.0,344.0,0.0,28006.0,49.0,Pass
l3105.txm,50.5801,752.0,753.0,132.0,0.0,2871.0,101.0,1184.0,9421.0,9090.0,-1603.0,26.0,16178.0,19270.0,122.0,16816.0,347.0,1.0,27890.0,49.0,Pass
l3105.txm,51.5996,752.0,754.0,133.0,0.0,2862.0,101.0,1184.0,9453.0,9046.0,-2586.0,27.0,16510.0,19244.0,-470.0,16878.0,342.0,0.0,27936.0,49.0,Pass
l3105.txm,52.6191,752.0,752.0,133.0,0.0,2862.0,100.0,1184.0,9400.0,9043.0,-1265.0,27.0,16108.0,19392.0,-651.0,16914.0,349.0,0.0,27832.0,49.0,Pass
l3105.txm,53.6387,751.0,753.0,133.0,0.0,2852.0,101.0,1184.0,9482.0,9019.0,-968.0,27.0,16681.0,19314.0,28.0,16560.0,346.0,1.0,27898.0,49.0,Pass
l3105.txm,54.6582,752.0,754.0,136.0,0.0,2809.0,100.0,1186.0,9487.0,9001.0,-2155.0,27.0,16376.0,19318.0,32.0,16604.0,346.0,1.0,27964.0,49.0,Pass
l3105.txm,55.6797,752.0,754.0,134.0,0.0,2536.0,100.0,1194.0,9435.0,9102.0,-915.0,27.0,16512.0,19332.0,-339.0,16360.0,354.0,0.0,27856.0,49.0,Pass
l3105.txm,56.7227,752.0,755.0,133.0,0.0,2033.0,101.0,1191.0,9457.0,9000.0,-267.0,27.0,16312.0,19576.0,-73.0,16488.0,347.0,0.0,27590.0,50.0,Pass
l3105.txm,57.7187,752.0,753.0,134.0,0.0,1670.0,100.0,1188.0,9446.0,9030.0,11.0,28.0,16459.0,19880.0,-907.0,16528.0,347.0,0.0,27542.0,50.0,Pass
l3105.txm,58.7383,752.0,753.0,132.0,0.0,1405.0,101.0,1192.0,9417.0,8995.0,-1355.0,29.0,15976.0,19806.0,-290.0,16796.0,353.0,0.0,27570.0,50.0,Pass
l3105.txm,10.332,751.0,753.0,133.0,0.0,1025.0,99.0,1259.0,9476.0,9037.0,-1213.0,29.0,16986.0,20134.0,145.0,16026.0,348.0,0.0,27434.0,49.0,Pass
l3106.txm,10.332,751.0,753.0,133.0,0.0,1025.0,99.0,1259.0,9476.0,9037.0,-1213.0,29.0,16986.0,20134.0,145.0,16026.0,348.0,0.0,27434.0,49.0,Pass
l3106.txm,11.3516,751.0,753.0,136.0,0.0,999.0,100.0,1259.0,9482.0,9070.0,-1566.0,29.0,16814.0,20016.0,400.0,16600.0,354.0,0.0,27550.0,49.0,Pass
l3106.txm,12.373,751.0,752.0,131.0,0.0,968.0,100.0,1258.0,9436.0,9073.0,-1782.0,30.0,16848.0,20002.0,21.0,17124.0,346.0,0.0,27484.0,49.0,Pass
l3106.txm,13.3926,751.0,753.0,132.0,0.0,943.0,101.0,1228.0,9504.0,9010.0,-1423.0,29.0,16759.0,20164.0,91.0,16776.0,351.0,0.0,27254.0,50.0,Pass
l3106.txm,14.4121,751.0,755.0,133.0,0.0,1073.0,101.0,1188.0,9498.0,9011.0,994.0,28.0,16612.0,20276.0,-509.0,15944.0,354.0,0.0,27292.0,50.0,Pass
l3106.txm,15.4316,751.0,753.0,131.0,0.0,2780.0,101.0,1143.0,9451.0,8992.0,-2427.0,26.0,17194.0,19120.0,13.0,17606.0,359.0,0.0,27980.0,50.0,Pass
l3106.txm,16.5566,752.0,753.0,132.0,0.0,2988.0,100.0,1187.0,9460.0,9069.0,-610.0,30.0,16513.0,19590.0,862.0,16162.0,356.0,0.0,27832.0,49.0,Pass
l3106.txm,17.541,751.0,753.0,133.0,0.0,2803.0,101.0,1204.0,9459.0,9143.0,1147.0,26.0,17305.0,19504.0,508.0,16554.0,348.0,0.0,27846.0,49.0,Pass
l3106.txm,18.5605,751.0,751.0,133.0,0.0,2248.0,102.0,1208.0,9521.0,8982.0,-1084.0,28.0,16874.0,19394.0,-36.0,16806.0,352.0,0.0,27818.0,50.0,Pass
l3106.txm,19.5801,752.0,753.0,133.0,0.0,2726.0,102.0,1155.0,9461.0,9028.0,-1966.0,27.0,16663.0,19446.0,-22.0,16830.0,354.0,0.0,27882.0,50.0,Pass
l3106.txm,20.5996,752.0,753.0,134.0,0.0,2749.0,102.0,1196.0,9493.0,9016.0,-1288.0,28.0,16651.0,19374.0,-92.0,16558.0,342.0,0.0,27810.0,49.0,Pass
l3106.txm,21.6211,752.0,753.0,134.0,0.0,2770.0,100.0,1190.0,9483.0,9047.0,-1094.0,27.0,16930.0,19378.0,156.0,16318.0,353.0,0.0,27826.0,50.0,Pass
l3106.txm,22.6406,751.0,753.0,131.0,0.0,2809.0,100.0,1183.0,9471.0,9025.0,-1196.0,27.0,16775.0,19292.0,1102.0,16610.0,349.0,0.0,27854.0,50.0,Pass
l3106.txm,23.6602,752.0,753.0,135.0,0.0,2841.0,100.0,1185.0,9475.0,9006.0,-874.0,27.0,16854.0,19340.0,-70.0,16278.0,346.0,1.0,27864.0,50.0,Pass
l3106.txm,24.6797,751.0,752.0,134.0,0.0,2868.0,100.0,1186.0,9467.0,9067.0,-1045.0,27.0,16953.0,19394.0,153.0,16340.0,351.0,0.0,27868.0,50.0,Pass
l3106.txm,25.7012,752.0,753.0,135.0,0.0,2883.0,102.0,1186.0,9441.0,9076.0,-682.0,27.0,17009.0,19268.0,158.0,16638.0,351.0,0.0,27888.0,50.0,Pass
l3106.txm,26.7207,752.0,754.0,133.0,0.0,2890.0,101.0,1184.0,9478.0,9014.0,-947.0,27.0,16915.0,19310.0,41.0,16506.0,349.0,0.0,27812.0,50.0,Pass
l3106.txm,27.7402,752.0,753.0,134.0,0.0,2896.0,100.0,1183.0,9452.0,9052.0,-1174.0,26.0,16502.0,19398.0,-63.0,16792.0,345.0,1.0,27834.0,50.0,Pass
l3106.txm,28.7988,752.0,754.0,134.0,0.0,2903.0,100.0,1184.0,9470.0,8974.0,-1136.0,27.0,17026.0,19296.0,-263.0,16174.0,352.0,0.0,27882.0,50.0,Pass
l3106.txm,29.7813,751.0,754.0,135.0,0.0,2893.0,100.0,1184.0,9453.0,9080.0,-1272.0,27.0,16893.0,19338.0,-433.0,16696.0,339.0,0.0,27874.0,49.0,Pass
l3106.txm,30.8008,752.0,754.0,135.0,0.0,2901.0,101.0,1186.0,9496.0,8990.0,-318.0,26.0,16821.0,19248.0,-24.0,16236.0,344.0,0.0,27866.0,49.0,Pass
l3106.txm,31.8203,751.0,753.0,133.0,0.0,2896.0,101.0,1187.0,9434.0,9079.0,-671.0,26.0,17230.0,19390.0,-54.0,16556.0,360.0,1.0,27856.0,49.0,Pass
l3106.txm,32.8398,752.0,753.0,132.0,0.0,2899.0,101.0,1183.0,9451.0,9052.0,-1015.0,26.0,17079.0,19340.0,-34.0,16496.0,343.0,0.0,27886.0,49.0,Pass
l3106.txm,33.8594,751.0,753.0,133.0,0.0,2883.0,100.0,1182.0,9530.0,9000.0,-690.0,26.0,16860.0,19290.0,-521.0,16916.0,346.0,0.0,27886.0,49.0,Pass
l3106.txm,34.8809,752.0,752.0,126.0,0.0,2890.0,101.0,1184.0,9452.0,9020.0,-1377.0,26.0,16499.0,19270.0,-373.0,16204.0,357.0,1.0,27888.0,49.0,Pass
l3106.txm,35.9004,752.0,753.0,134.0,0.0,2891.0,101.0,1183.0,9456.0,9040.0,-1068.0,26.0,16670.0,19416.0,-361.0,16822.0,340.0,0.0,27900.0,49.0,Pass
l3106.txm,36.9199,752.0,753.0,134.0,0.0,2893.0,100.0,1184.0,9508.0,9005.0,-1845.0,26.0,16755.0,19228.0,109.0,16370.0,348.0,0.0,27830.0,49.0,Pass
l3106.txm,37.9395,752.0,754.0,132.0,0.0,2893.0,101.0,1184.0,9510.0,8986.0,-497.0,26.0,16526.0,19250.0,-42.0,16646.0,348.0,0.0,27876.0,49.0,Pass
l3106.txm,39.0684,752.0,753.0,131.0,0.0,2899.0,100.0,1184.0,9460.0,9024.0,-978.0,26.0,16741.0,19222.0,-55.0,16282.0,353.0,1.0,27860.0,49.0,Pass
l3106.txm,40.0332,752.0,754.0,135.0,0.0,2895.0,101.0,1185.0,9468.0,9016.0,-1199.0,26.0,16979.0,19214.0,-76.0,16164.0,358.0,1.0,27864.0,49.0,Pass
l3106.txm,41.0508,752.0,753.0,136.0,0.0,2891.0,102.0,1183.0,9455.0,9038.0,-675.0,26.0,16693.0,19310.0,-31.0,16628.0,350.0,1.0,27886.0,49.0,Pass
l3106.txm,42.0703,752.0,754.0,135.0,0.0,2894.0,101.0,1185.0,9472.0,9007.0,-1276.0,26.0,16383.0,19334.0,-49.0,16862.0,345.0,1.0,27896.0,49.0,Pass
l3106.txm,43.0898,751.0,754.0,134.0,0.0,2895.0,102.0,1184.0,9511.0,9065.0,-2282.0,25.0,16985.0,19256.0,9.0,16534.0,343.0,1.0,27898.0,49.0,Pass
l3106.txm,44.1094,752.0,754.0,134.0,0.0,2892.0,100.0,1185.0,9438.0,9050.0,-2840.0,26.0,16606.0,19410.0,-36.0,16412.0,355.0,0.0,27894.0,49.0,Pass
l3106.txm,45.1309,752.0,753.0,133.0,0.0,2892.0,101.0,1184.0,9426.0,9056.0,-995.0,26.0,16633.0,19216.0,444.0,16256.0,344.0,0.0,27862.0,49.0,Pass
l3106.txm,46.1758,752.0,754.0,131.0,0.0,2893.0,100.0,1184.0,9421.0,9050.0,-1342.0,25.0,16661.0,19328.0,-91.0,16542.0,347.0,1.0,27814.0,49.0,Pass
l3106.txm,47.1699,752.0,754.0,131.0,0.0,2891.0,101.0,1183.0,9426.0,9058.0,-2249.0,26.0,16743.0,19370.0,-12.0,15930.0,355.0,0.0,27900.0,49.0,Pass
l3106.txm,48.1914,752.0,755.0,135.0,0.0,2889.0,100.0,1183.0,9516.0,9021.0,-1486.0,26.0,16976.0,19394.0,566.0,16000.0,349.0,0.0,27900.0,49.0,Pass
l3106.txm,49.2129,752.0,754.0,133.0,0.0,2883.0,100.0,1183.0,9427.0,9070.0,-1271.0,26.0,16444.0,19228.0,406.0,16782.0,347.0,0.0,27874.0,49.0,Pass
l3106.txm,50.2305,751.0,753.0,134.0,0.0,2886.0,101.0,1183.0,9420.0,9061.0,-1341.0,26.0,16354.0,19368.0,138.0,16158.0,343.0,0.0,27820.0,49.0,Pass
l3106.txm,51.252,752.0,753.0,136.0,0.0,2874.0,100.0,1185.0,9452.0,9059.0,-156.0,26.0,16752.0,19432.0,-867.0,16666.0,347.0,0.0,27822.0,49.0,Pass
l3106.txm,52.2715,751.0,753.0,132.0,0.0,2867.0,100.0,1185.0,9455.0,9042.0,-258.0,26.0,16499.0,19434.0,133.0,16350.0,360.0,0.0,27860.0,49.0,Pass
l3106.txm,53.291,752.0,753.0,134.0,0.0,2851.0,101.0,1185.0,9458.0,9049.0,-1437.0,26.0,16537.0,19392.0,708.0,16820.0,347.0,0.0,27826.0,49.0,Pass
l3106.txm,54.3125,751.0,753.0,132.0,0.0,2842.0,101.0,1185.0,9418.0,9070.0,-1088.0,26.0,16359.0,19310.0,92.0,16798.0,347.0,0.0,27884.0,49.0,Pass
l3106.txm,55.332,752.0,754.0,133.0,0.0,2617.0,101.0,1190.0,9455.0,9028.0,-35.0,26.0,16513.0,19324.0,-403.0,17138.0,347.0,0.0,27888.0,49.0,Pass
l3106.txm,56.3516,752.0,753.0,134.0,0.0,2123.0,100.0,1194.0,9503.0,9036.0,251.0,26.0,16320.0,19534.0,-866.0,16564.0,357.0,0.0,27692.0,50.0,Pass
l3106.txm,57.373,752.0,753.0,132.0,0.0,1788.0,100.0,1186.0,9441.0,9060.0,1377.0,25.0,16519.0,19634.0,-323.0,16646.0,354.0,0.0,27678.0,50.0,Pass
l3106.txm,58.416,752.0,753.0,134.0,0.0,1465.0,101.0,1193.0,9442.0,9025.0,-924.0,29.0,16177.0,19794.0,-496.0,16580.0,342.0,0.0,27532.0,50.0,Pass
l3106.txm,10.709,751.0,754.0,135.0,0.0,1017.0,99.0,1265.0,9449.0,9018.0,-1800.0,30.0,16541.0,20108.0,-21.0,16470.0,344.0,0.0,27482.0,49.0,Pass
l3107.txm,10.709,751.0,754.0,135.0,0.0,1017.0,99.0,1265.0,9449.0,9018.0,-1800.0,30.0,16541.0,20108.0,-21.0,16470.0,344.0,0.0,27482.0,49.0,Pass
l3107.txm,11.7305,752.0,754.0,132.0,0.0,995.0,100.0,1265.0,9473.0,8977.0,-1775.0,30.0,16604.0,20116.0,-300.0,16532.0,358.0,0.0,27492.0,49.0,Pass
l3107.txm,12.75,751.0,753.0,132.0,0.0,963.0,100.0,1257.0,9462.0,9018.0,-1505.0,30.0,16478.0,20116.0,-442.0,16816.0,357.0,0.0,27352.0,49.0,Pass
l3107.txm,13.7695,751.0,754.0,133.0,0.0,934.0,101.0,1222.0,9436.0,9057.0,-88.0,30.0,16710.0,20186.0,-314.0,16482.0,347.0,0.0,27268.0,50.0,Pass
l3107.txm,14.791,751.0,752.0,131.0,0.0,1307.0,101.0,1177.0,9468.0,9016.0,1167.0,29.0,16571.0,20256.0,406.0,15338.0,350.0,1.0,27506.0,50.0,Pass
l3107.txm,15.8105,751.0,753.0,135.0,0.0,2933.0,100.0,1151.0,9497.0,9029.0,-2080.0,29.0,15981.0,19312.0,-916.0,16890.0,350.0,0.0,27754.0,49.0,Pass
l3107.txm,16.8301,751.0,753.0,134.0,0.0,3002.0,100.0,1193.0,9462.0,9046.0,-1963.0,28.0,16734.0,19510.0,-415.0,16124.0,352.0,0.0,27748.0,49.0,Pass
l3107.txm,17.8496,751.0,753.0,132.0,1.0,2775.0,100.0,1202.0,9486.0,9109.0,2112.0,27.0,17250.0,19614.0,1420.0,16132.0,351.0,0.0,27964.0,49.0,Pass
l3107.txm,18.873,752.0,754.0,135.0,0.0,2417.0,100.0,1197.0,9465.0,8992.0,178.0,29.0,16321.0,19658.0,149.0,16542.0,351.0,0.0,27830.0,50.0,Pass
l3107.txm,19.9258,751.0,753.0,131.0,0.0,2727.0,101.0,1160.0,9475.0,8983.0,-2356.0,27.0,16562.0,19402.0,898.0,16764.0,345.0,1.0,27870.0,50.0,Pass
l3107.txm,20.9121,751.0,753.0,135.0,0.0,2757.0,101.0,1198.0,9493.0,9014.0,-1803.0,28.0,16551.0,19656.0,-52.0,16498.0,348.0,1.0,27880.0,49.0,Pass
l3107.txm,21.9297,751.0,754.0,134.0,0.0,2773.0,100.0,1178.0,9444.0,8996.0,-1270.0,28.0,16544.0,19296.0,-601.0,16798.0,343.0,1.0,27842.0,50.0,Pass
l3107.txm,22.9512,752.0,752.0,135.0,0.0,2822.0,100.0,1187.0,9438.0,9064.0,-2231.0,28.0,16623.0,19312.0,936.0,16530.0,350.0,0.0,27832.0,49.0,Pass
l3107.txm,23.9707,751.0,753.0,134.0,0.0,2865.0,100.0,1186.0,9497.0,9013.0,-2323.0,28.0,16884.0,19314.0,1388.0,16530.0,355.0,0.0,27822.0,50.0,Pass
l3107.txm,24.9902,751.0,753.0,132.0,0.0,2892.0,100.0,1181.0,9492.0,9008.0,-1387.0,27.0,16703.0,19430.0,62.0,16670.0,337.0,0.0,27986.0,50.0,Pass
l3107.txm,26.0117,752.0,753.0,135.0,0.0,2908.0,100.0,1187.0,9478.0,9010.0,-1118.0,28.0,16747.0,19334.0,-365.0,16800.0,345.0,0.0,27882.0,50.0,Pass
l3107.txm,27.0313,752.0,752.0,133.0,0.0,2919.0,102.0,1180.0,9449.0,9051.0,-524.0,28.0,16623.0,19284.0,32.0,16738.0,341.0,0.0,27894.0,50.0,Pass
l3107.txm,28.0508,752.0,754.0,131.0,0.0,2909.0,101.0,1188.0,9472.0,9017.0,-1401.0,28.0,16800.0,19204.0,104.0,16468.0,354.0,0.0,27772.0,49.0,Pass
l3107.txm,29.0723,752.0,753.0,135.0,0.0,2914.0,101.0,1185.0,9497.0,9007.0,-1509.0,28.0,16534.0,19428.0,628.0,16820.0,343.0,1.0,27832.0,50.0,Pass
l3107.txm,30.0918,752.0,753.0,133.0,0.0,2905.0,100.0,1182.0,9439.0,9036.0,-1615.0,28.0,16395.0,19466.0,-37.0,16792.0,349.0,0.0,27868.0,49.0,Pass
l3107.txm,31.1094,752.0,753.0,131.0,0.0,2910.0,101.0,1188.0,9512.0,9003.0,-1263.0,28.0,16648.0,19412.0,98.0,16796.0,351.0,0.0,27844.0,49.0,Pass
l3107.txm,32.1602,752.0,753.0,134.0,0.0,2907.0,101.0,1184.0,9427.0,9033.0,-1898.0,27.0,16772.0,19422.0,1456.0,16706.0,345.0,1.0,27886.0,49.0,Pass
l3107.txm,33.1797,751.0,753.0,133.0,0.0,2911.0,100.0,1186.0,9489.0,8982.0,-879.0,27.0,16397.0,19284.0,-85.0,16168.0,349.0,1.0,27852.0,49.0,Pass
l3107.txm,34.1992,752.0,752.0,133.0,0.0,2914.0,101.0,1185.0,9491.0,9047.0,-1233.0,27.0,16554.0,19296.0,-497.0,16678.0,342.0,0.0,27856.0,49.0,Pass
l3107.txm,35.2207,751.0,751.0,131.0,0.0,2909.0,101.0,1184.0,9508.0,8982.0,-1614.0,27.0,16624.0,19238.0,-600.0,16698.0,342.0,1.0,27830.0,49.0,Pass
l3107.txm,36.2402,752.0,753.0,132.0,0.0,2904.0,100.0,1182.0,9438.0,9011.0,-1131.0,27.0,16409.0,19336.0,-539.0,16778.0,349.0,1.0,27866.0,49.0,Pass
l3107.txm,37.2598,752.0,755.0,135.0,0.0,2901.0,101.0,1183.0,9422.0,9011.0,-1183.0,27.0,16644.0,19218.0,18.0,15988.0,353.0,1.0,27840.0,49.0,Pass
l3107.txm,38.2793,751.0,754.0,132.0,0.0,2910.0,100.0,1186.0,9444.0,9022.0,-3279.0,26.0,16107.0,19264.0,418.0,16516.0,344.0,0.0,27762.0,49.0,Pass
l3107.txm,39.3398,752.0,753.0,133.0,0.0,2909.0,101.0,1184.0,9433.0,9026.0,-2352.0,27.0,16436.0,19344.0,37.0,16974.0,349.0,1.0,27880.0,49.0,Pass
l3107.txm,40.3203,752.0,753.0,135.0,0.0,2909.0,100.0,1185.0,9440.0,9007.0,-1598.0,27.0,16730.0,19344.0,-313.0,16816.0,345.0,1.0,27900.0,49.0,Pass
l3107.txm,41.3418,752.0,754.0,137.0,0.0,2901.0,101.0,1186.0,9423.0,9057.0,-1577.0,27.0,16494.0,19302.0,-276.0,17044.0,347.0,1.0,27846.0,49.0,Pass
l3107.txm,42.4394,751.0,753.0,131.0,0.0,2901.0,100.0,1184.0,9516.0,8994.0,-1718.0,26.0,16313.0,19392.0,-23.0,16410.0,353.0,1.0,27878.0,49.0,Pass
l3107.txm,43.4199,752.0,752.0,133.0,0.0,2909.0,100.0,1185.0,9497.0,9020.0,-2562.0,27.0,16399.0,19350.0,-371.0,16448.0,351.0,1.0,27892.0,49.0,Pass
l3107.txm,44.4395,752.0,754.0,132.0,0.0,2901.0,102.0,1184.0,9515.0,8997.0,-811.0,27.0,16195.0,19338.0,-16.0,16254.0,355.0,0.0,27844.0,49.0,Pass
l3107.txm,45.4609,751.0,752.0,130.0,0.0,2898.0,101.0,1185.0,9443.0,9067.0,-1272.0,27.0,16086.0,19414.0,-639.0,16862.0,345.0,1.0,27814.0,49.0,Pass
l3107.txm,46.4805,752.0,755.0,134.0,0.0,2906.0,100.0,1184.0,9444.0,9084.0,-718.0,27.0,16550.0,19338.0,131.0,16836.0,348.0,1.0,27894.0,49.0,Pass
l3107.txm,47.5,751.0,753.0,134.0,0.0,2902.0,100.0,1186.0,9408.0,9029.0,-1742.0,27.0,16464.0,19338.0,-604.0,16722.0,348.0,1.0,27742.0,49.0,Pass
l3107.txm,48.5195,752.0,753.0,132.0,0.0,2902.0,100.0,1187.0,9451.0,9026.0,-2828.0,27.0,16393.0,19232.0,158.0,16126.0,356.0,0.0,27832.0,49.0,Pass
l3107.txm,49.5644,752.0,755.0,135.0,0.0,2892.0,100.0,1187.0,9420.0,9073.0,-789.0,27.0,16367.0,19300.0,18.0,16528.0,350.0,0.0,27880.0,49.0,Pass
l3107.txm,50.5605,752.0,753.0,130.0,0.0,2888.0,101.0,1186.0,9422.0,9062.0,-1159.0,27.0,16360.0,19376.0,496.0,16902.0,343.0,1.0,27754.0,49.0,Pass
l3107.txm,51.5801,752.0,754.0,131.0,0.0,2883.0,100.0,1184.0,9487.0,9029.0,-2654.0,27.0,16523.0,19228.0,-421.0,15988.0,349.0,1.0,27884.0,49.0,Pass
l3107.txm,52.5996,751.0,754.0,132.0,0.0,2862.0,100.0,1189.0,9440.0,9040.0,-1039.0,27.0,16185.0,19212.0,-492.0,16628.0,343.0,0.0,27856.0,49.0,Pass
l3107.txm,53.6191,751.0,752.0,134.0,0.0,2770.0,101.0,1184.0,9440.0,9079.0,-120.0,27.0,16203.0,19306.0,-529.0,16500.0,349.0,1.0,27894.0,50.0,Pass
l3107.txm,54.6406,752.0,754.0,134.0,0.0,2431.0,101.0,1196.0,9438.0,9055.0,-195.0,26.0,16263.0,19344.0,-627.0,17196.0,348.0,0.0,27744.0,50.0,Pass
l3107.txm,55.6602,752.0,754.0,133.0,0.0,1922.0,101.0,1195.0,9453.0,8971.0,554.0,26.0,16301.0,19600.0,-626.0,16962.0,343.0,0.0,27750.0,50.0,Pass
l3107.txm,56.6797,752.0,753.0,134.0,0.0,1547.0,101.0,1188.0,9444.0,8993.0,-1219.0,28.0,16387.0,19750.0,-90.0,16690.0,355.0,0.0,27566.0,50.0,Pass
l3107.txm,9.76953,751.0,752.0,132.0,0.0,1055.0,99.0,1265.0,9471.0,8981.0,-312.0,30.0,16608.0,19996.0,-618.0,16248.0,358.0,1.0,27336.0,49.0,Pass
l3108.txm,9.76953,751.0,752.0,132.0,0.0,1055.0,99.0,1265.0,9471.0,8981.0,-312.0,30.0,16608.0,19996.0,-618.0,16248.0,358.0,1.0,27336.0,49.0,Pass
l3108.txm,10.7891,751.0,752.0,132.0,0.0,999.0,100.0,1265.0,9432.0,9081.0,-1314.0,30.0,16439.0,20138.0,850.0,16332.0,341.0,0.0,27550.0,49.0,Pass
l3108.txm,11.8105,751.0,752.0,135.0,0.0,977.0,101.0,1263.0,9463.0,9027.0,-1540.0,30.0,16729.0,20008.0,604.0,16416.0,354.0,0.0,27550.0,49.0,Pass
l3108.txm,12.8301,752.0,755.0,130.0,0.0,951.0,101.0,1244.0,9503.0,9035.0,-800.0,30.0,16854.0,19876.0,-323.0,16794.0,360.0,1.0,27344.0,50.0,Pass
l3108.txm,13.8496,751.0,755.0,135.0,0.0,962.0,101.0,1199.0,9447.0,9077.0,20.0,28.0,16971.0,20124.0,13.0,15934.0,350.0,0.0,27160.0,50.0,Pass
l3108.txm,14.8691,751.0,753.0,131.0,0.0,2168.0,100.0,1149.0,9440.0,8985.0,339.0,30.0,16308.0,19634.0,1502.0,16248.0,360.0,0.0,28100.0,50.0,Pass
l3108.txm,15.8906,752.0,752.0,133.0,0.0,3012.0,102.0,1173.0,9427.0,9095.0,-1624.0,28.0,16790.0,19304.0,-345.0,16684.0,350.0,0.0,27770.0,49.0,Pass
l3108.txm,16.9102,751.0,753.0,131.0,0.0,2980.0,102.0,1199.0,9532.0,9082.0,46.0,28.0,16741.0,19298.0,-337.0,16344.0,353.0,0.0,27760.0,49.0,Pass
l3108.txm,17.9297,751.0,753.0,132.0,0.0,2527.0,100.0,1202.0,9485.0,9026.0,188.0,28.0,16576.0,19682.0,-48.0,16320.0,349.0,0.0,27752.0,49.0,Pass
l3108.txm,18.9492,752.0,753.0,135.0,0.0,2680.0,101.0,1171.0,9442.0,8968.0,-2237.0,28.0,16843.0,19572.0,770.0,16488.0,353.0,1.0,27882.0,50.0,Pass
l3108.txm,19.9707,751.0,753.0,134.0,0.0,2742.0,102.0,1172.0,9440.0,9034.0,-1179.0,30.0,16347.0,19314.0,-665.0,16630.0,345.0,0.0,27870.0,50.0,Pass
l3108.txm,21.0254,751.0,753.0,133.0,0.0,2786.0,102.0,1194.0,9459.0,9014.0,-335.0,29.0,16669.0,19452.0,-507.0,16512.0,344.0,0.0,27756.0,49.0,Pass
l3108.txm,22.0098,751.0,753.0,133.0,0.0,2823.0,102.0,1179.0,9497.0,8968.0,-751.0,30.0,15964.0,19364.0,-588.0,16434.0,343.0,1.0,27788.0,50.0,Pass
l3108.txm,23.0293,751.0,753.0,134.0,0.0,2863.0,101.0,1187.0,9445.0,9004.0,-458.0,29.0,16301.0,19644.0,728.0,16014.0,359.0,0.0,27888.0,49.0,Pass
l3108.txm,24.0508,752.0,753.0,135.0,0.0,2882.0,100.0,1187.0,9430.0,9026.0,-277.0,29.0,15905.0,19650.0,51.0,16198.0,343.0,1.0,27958.0,50.0,Pass
l3108.txm,25.0703,751.0,753.0,130.0,0.0,2906.0,101.0,1188.0,9514.0,8965.0,-2381.0,27.0,16636.0,19358.0,-267.0,17128.0,351.0,1.0,27998.0,50.0,Pass
l3108.txm,26.0898,752.0,754.0,131.0,0.0,2900.0,101.0,1181.0,9427.0,9039.0,-2000.0,28.0,16558.0,19408.0,142.0,16864.0,354.0,0.0,27844.0,50.0,Pass
l3108.txm,27.1094,752.0,753.0,131.0,0.0,2912.0,101.0,1188.0,9466.0,9020.0,-2178.0,28.0,16540.0,19128.0,126.0,16232.0,354.0,1.0,27826.0,50.0,Pass
l3108.txm,28.1309,751.0,753.0,135.0,0.0,2929.0,100.0,1177.0,9410.0,9027.0,-880.0,29.0,16286.0,19298.0,-597.0,16732.0,342.0,0.0,27830.0,50.0,Pass
l3108.txm,29.1504,752.0,753.0,134.0,0.0,2910.0,101.0,1190.0,9460.0,9005.0,-2116.0,27.0,16485.0,19406.0,-330.0,16682.0,345.0,0.0,27896.0,49.0,Pass
l3108.txm,30.1699,751.0,754.0,132.0,0.0,2905.0,101.0,1184.0,9482.0,9040.0,-1859.0,27.0,16484.0,19330.0,115.0,16704.0,348.0,1.0,27878.0,50.0,Pass
l3108.txm,31.1895,752.0,754.0,133.0,0.0,2909.0,101.0,1184.0,9436.0,9070.0,-1956.0,27.0,16375.0,19142.0,-367.0,16660.0,349.0,0.0,27878.0,50.0,Pass
l3108.txm,32.2109,752.0,755.0,133.0,0.0,2914.0,101.0,1187.0,9499.0,9009.0,-889.0,27.0,16859.0,19346.0,236.0,16542.0,351.0,1.0,27892.0,50.0,Pass
l3108.txm,33.2656,752.0,752.0,131.0,0.0,2908.0,100.0,1187.0,9436.0,9056.0,-1993.0,27.0,16560.0,19128.0,-57.0,16664.0,348.0,1.0,27878.0,50.0,Pass
l3108.txm,34.2598,752.0,754.0,136.0,0.0,2905.0,100.0,1186.0,9480.0,9009.0,-2408.0,26.0,16338.0,19292.0,-79.0,16202.0,348.0,0.0,27806.0,50.0,Pass
l3108.txm,35.2793,751.0,754.0,137.0,0.0,2916.0,101.0,1186.0,9478.0,9011.0,-1165.0,27.0,16343.0,19266.0,-271.0,16460.0,360.0,0.0,27894.0,50.0,Pass
l3108.txm,36.3066,752.0,753.0,131.0,0.0,2905.0,101.0,1185.0,9432.0,9028.0,-2224.0,27.0,16383.0,19302.0,-701.0,16888.0,339.0,1.0,27878.0,50.0,Pass
l3108.txm,37.3203,751.0,753.0,131.0,0.0,2902.0,102.0,1184.0,9427.0,9041.0,-1018.0,27.0,16486.0,19208.0,-345.0,16798.0,348.0,0.0,27886.0,50.0,Pass
l3108.txm,38.4297,752.0,753.0,133.0,0.0,2906.0,101.0,1185.0,9418.0,9067.0,-1406.0,26.0,16370.0,19298.0,119.0,16456.0,359.0,1.0,27836.0,50.0,Pass
l3108.txm,39.4023,752.0,754.0,134.0,0.0,2904.0,101.0,1184.0,9416.0,9082.0,-2758.0,27.0,16183.0,19322.0,-386.0,16686.0,345.0,0.0,27846.0,50.0,Pass
l3108.txm,40.4219,751.0,754.0,136.0,0.0,2910.0,100.0,1188.0,9464.0,9027.0,-2725.0,27.0,16259.0,19342.0,176.0,16132.0,354.0,0.0,27874.0,50.0,Pass
l3108.txm,41.4394,752.0,753.0,133.0,0.0,2907.0,100.0,1187.0,9451.0,9054.0,-2502.0,26.0,16599.0,19230.0,-275.0,16980.0,342.0,0.0,27848.0,50.0,Pass
l3108.txm,42.4609,752.0,755.0,135.0,0.0,2906.0,102.0,1184.0,9420.0,9079.0,-976.0,27.0,16888.0,19264.0,-68.0,16586.0,344.0,0.0,27868.0,50.0,Pass
l3108.txm,43.4805,752.0,754.0,132.0,0.0,2901.0,101.0,1186.0,9460.0,9055.0,-670.0,27.0,16410.0,19400.0,-73.0,16488.0,353.0,0.0,27844.0,50.0,Pass
l3108.txm,44.5,752.0,754.0,136.0,0.0,2904.0,101.0,1184.0,9487.0,8984.0,-340.0,26.0,16668.0,19314.0,93.0,16598.0,351.0,0.0,27862.0,50.0,Pass
l3108.txm,45.5469,752.0,754.0,136.0,0.0,2903.0,101.0,1186.0,9512.0,9045.0,-562.0,26.0,16851.0,19418.0,1080.0,16844.0,350.0,0.0,27884.0,50.0,Pass
l3108.txm,46.5391,752.0,754.0,136.0,0.0,2906.0,100.0,1187.0,9420.0,9048.0,-2900.0,26.0,16554.0,19234.0,224.0,16200.0,356.0,0.0,27846.0,50.0,Pass
l3108.txm,47.5625,752.0,753.0,132.0,0.0,2901.0,101.0,1186.0,9457.0,9044.0,-2358.0,26.0,16458.0,19226.0,1480.0,16584.0,348.0,0.0,27806.0,50.0,Pass
l3108.txm,48.5801,752.0,753.0,131.0,0.0,2898.0,101.0,1189.0,9486.0,8993.0,-1337.0,27.0,16417.0,19294.0,-44.0,16662.0,359.0,0.0,27848.0,50.0,Pass
l3108.txm,49.5996,752.0,754.0,132.0,0.0,2897.0,100.0,1187.0,9444.0,9047.0,-1061.0,27.0,16928.0,19136.0,-266.0,16504.0,340.0,1.0,27840.0,50.0,Pass
l3108.txm,50.6211,752.0,753.0,134.0,0.0,2893.0,101.0,1186.0,9461.0,9018.0,-790.0,26.0,16645.0,19394.0,105.0,16820.0,350.0,0.0,27774.0,50.0,Pass
l3108.txm,51.6406,752.0,754.0,135.0,0.0,2879.0,100.0,1189.0,9468.0,9004.0,-879.0,26.0,16441.0,19252.0,32.0,16964.0,348.0,0.0,27842.0,50.0,Pass
l3108.txm,52.6602,752.0,753.0,135.0,0.0,2879.0,101.0,1184.0,9509.0,9004.0,-2773.0,27.0,16304.0,19160.0,-80.0,16858.0,342.0,0.0,27890.0,50.0,Pass
l3108.txm,53.6816,751.0,753.0,134.0,0.0,2849.0,100.0,1184.0,9462.0,9011.0,82.0,27.0,16630.0,19286.0,-259.0,16602.0,348.0,0.0,27814.0,50.0,Pass
l3108.txm,54.6973,752.0,753.0,134.0,0.0,2716.0,102.0,1189.0,9468.0,9018.0,-1325.0,27.0,16585.0,19294.0,-76.0,16888.0,356.0,0.0,27890.0,50.0,Pass
l3108.txm,55.7207,752.0,754.0,134.0,0.0,2238.0,101.0,1193.0,9464.0,8969.0,-204.0,27.0,16109.0,19554.0,-962.0,16594.0,353.0,0.0,27620.0,50.0,Pass
l3108.txm,56.7402,752.0,753.0,132.0,0.0,1796.0,101.0,1195.0,9446.0,9014.0,52.0,27.0,16765.0,19630.0,-525.0,16746.0,350.0,0.0,27582.0,50.0,Pass
l3108.txm,57.7832,752.0,753.0,135.0,0.0,1517.0,100.0,1185.0,9441.0,8951.0,21.0,28.0,16601.0,19812.0,-50.0,16510.0,348.0,0.0,27570.0,50.0,Pass
l3108.txm,9.69922,750.0,752.0,135.0,0.0,1059.0,100.0,1261.0,9428.0,9062.0,-1822.0,29.0,16536.0,20036.0,-1040.0,16354.0,347.0,0.0,27332.0,49.0,Pass
l3109.txm,9.69922,750.0,752.0,135.0,0.0,1059.0,100.0,1261.0,9428.0,9062.0,-1822.0,29.0,16536.0,20036.0,-1040.0,16354.0,347.0,0.0,27332.0,49.0,Pass
l3109.txm,10.7207,751.0,753.0,133.0,0.0,1009.0,101.0,1260.0,9506.0,8976.0,-1680.0,30.0,16785.0,20108.0,127.0,16208.0,352.0,0.0,27470.0,49.0,Pass
l3109.txm,11.7402,751.0,752.0,132.0,0.0,975.0,101.0,1258.0,9483.0,9033.0,-1653.0,30.0,16510.0,20110.0,-93.0,16750.0,350.0,0.0,27490.0,49.0,Pass
l3109.txm,12.7598,751.0,754.0,132.0,0.0,959.0,100.0,1243.0,9440.0,9079.0,-842.0,30.0,16737.0,20106.0,63.0,16900.0,350.0,0.0,27366.0,49.0,Pass
l3109.txm,13.8066,751.0,753.0,132.0,0.0,961.0,101.0,1201.0,9446.0,9094.0,1023.0,28.0,16616.0,20256.0,-752.0,16582.0,348.0,0.0,27234.0,50.0,Pass
l3109.txm,14.8008,751.0,753.0,134.0,0.0,2460.0,100.0,1145.0,9464.0,8986.0,-574.0,29.0,16702.0,19336.0,296.0,17966.0,354.0,0.0,28334.0,50.0,Pass
l3109.txm,15.8203,751.0,753.0,131.0,0.0,2988.0,101.0,1168.0,9454.0,9101.0,-1144.0,28.0,16687.0,19460.0,-370.0,16270.0,349.0,1.0,27570.0,49.0,Pass
l3109.txm,16.8398,751.0,754.0,134.0,0.0,2992.0,102.0,1202.0,9519.0,9044.0,-634.0,28.0,17212.0,19456.0,96.0,16478.0,343.0,1.0,27814.0,49.0,Pass
l3109.txm,17.8594,752.0,753.0,135.0,0.0,2440.0,102.0,1208.0,9476.0,9044.0,19.0,28.0,16898.0,19500.0,-413.0,16826.0,354.0,1.0,27852.0,49.0,Pass
l3109.txm,18.9004,752.0,752.0,132.0,0.0,2662.0,100.0,1175.0,9426.0,9059.0,-557.0,28.0,16869.0,19536.0,872.0,16670.0,353.0,0.0,27870.0,50.0,Pass
l3109.txm,19.9199,751.0,753.0,135.0,0.0,2718.0,101.0,1182.0,9507.0,9015.0,-2089.0,28.0,16541.0,19334.0,130.0,16320.0,352.0,1.0,27874.0,49.0,Pass
l3109.txm,20.9395,751.0,752.0,132.0,0.0,2769.0,101.0,1191.0,9461.0,8991.0,-1861.0,28.0,16877.0,19476.0,-339.0,16392.0,347.0,0.0,27884.0,49.0,Pass
l3109.txm,21.959,751.0,753.0,134.0,0.0,2798.0,102.0,1185.0,9505.0,9023.0,-561.0,27.0,16895.0,19394.0,800.0,16396.0,358.0,0.0,27822.0,50.0,Pass
l3109.txm,22.9805,751.0,753.0,133.0,0.0,2839.0,100.0,1188.0,9471.0,9011.0,-994.0,28.0,16929.0,19388.0,486.0,16256.0,345.0,0.0,27876.0,50.0,Pass
l3109.txm,24.002,751.0,752.0,134.0,0.0,2896.0,100.0,1186.0,9476.0,9008.0,-1153.0,28.0,16892.0,19208.0,-50.0,16644.0,348.0,1.0,27878.0,50.0,Pass
l3109.txm,25.0195,752.0,753.0,135.0,0.0,2907.0,100.0,1187.0,9428.0,9010.0,-858.0,28.0,17043.0,19256.0,123.0,16412.0,350.0,0.0,27900.0,50.0,Pass
l3109.txm,26.0664,752.0,754.0,127.0,0.0,2916.0,102.0,1186.0,9499.0,8993.0,-1701.0,28.0,16748.0,19354.0,-592.0,16868.0,351.0,1.0,27884.0,50.0,Pass
l3109.txm,27.0605,752.0,753.0,134.0,0.0,2910.0,101.0,1183.0,9430.0,9007.0,-869.0,27.0,17101.0,19390.0,826.0,16392.0,359.0,0.0,27898.0,50.0,Pass
l3109.txm,28.0801,751.0,754.0,136.0,0.0,2912.0,100.0,1181.0,9470.0,9023.0,-1360.0,27.0,16800.0,19236.0,130.0,16420.0,352.0,0.0,27846.0,50.0,Pass
l3109.txm,29.0977,752.0,753.0,136.0,0.0,2908.0,100.0,1184.0,9463.0,9037.0,-1813.0,28.0,16495.0,19408.0,-383.0,16772.0,347.0,1.0,27850.0,50.0,Pass
l3109.txm,30.1172,752.0,753.0,132.0,0.0,2915.0,101.0,1181.0,9426.0,9060.0,-2172.0,28.0,16594.0,19352.0,155.0,16306.0,351.0,1.0,27870.0,49.0,Pass
l3109.txm,31.1387,752.0,753.0,133.0,0.0,2908.0,100.0,1183.0,9452.0,8990.0,-1049.0,27.0,16671.0,19416.0,-47.0,16776.0,342.0,1.0,27948.0,49.0,Pass
l3109.txm,32.1582,752.0,753.0,132.0,0.0,2904.0,101.0,1181.0,9443.0,9057.0,-1775.0,27.0,16847.0,19350.0,99.0,16600.0,352.0,0.0,27836.0,49.0,Pass
l3109.txm,33.1777,751.0,753.0,128.0,0.0,2904.0,101.0,1182.0,9494.0,9037.0,-2756.0,27.0,16590.0,19256.0,-40.0,16982.0,346.0,0.0,27852.0,49.0,Pass
l3109.txm,34.1973,752.0,754.0,132.0,0.0,2909.0,101.0,1185.0,9442.0,9034.0,-1498.0,27.0,16601.0,19378.0,-60.0,16696.0,351.0,0.0,27882.0,49.0,Pass
l3109.txm,35.2656,752.0,754.0,132.0,0.0,2909.0,101.0,1187.0,9465.0,9011.0,-1088.0,27.0,16710.0,19272.0,27.0,16848.0,342.0,1.0,27858.0,49.0,Pass
l3109.txm,36.2773,752.0,753.0,135.0,0.0,2916.0,100.0,1185.0,9487.0,9004.0,-1442.0,27.0,16634.0,19282.0,66.0,16162.0,352.0,1.0,28006.0,49.0,Pass
l3109.txm,37.2988,752.0,753.0,135.0,0.0,2918.0,100.0,1185.0,9465.0,9010.0,-1623.0,27.0,16715.0,19410.0,492.0,16862.0,356.0,0.0,27918.0,49.0,Pass
l3109.txm,38.3457,751.0,753.0,133.0,0.0,2914.0,102.0,1189.0,9455.0,8992.0,-1192.0,27.0,16184.0,19422.0,49.0,16392.0,355.0,0.0,27910.0,49.0,Pass
l3109.txm,39.3398,752.0,754.0,134.0,0.0,2906.0,101.0,1183.0,9435.0,9009.0,-961.0,27.0,16935.0,19452.0,120.0,16222.0,351.0,0.0,27854.0,49.0,Pass
l3109.txm,40.3613,752.0,753.0,133.0,0.0,2913.0,101.0,1186.0,9415.0,9027.0,-2485.0,27.0,16406.0,19222.0,984.0,16558.0,351.0,1.0,27870.0,49.0,Pass
l3109.txm,41.3809,752.0,753.0,133.0,0.0,2906.0,100.0,1185.0,9504.0,8969.0,-212.0,27.0,16585.0,19362.0,16.0,16210.0,358.0,0.0,27880.0,49.0,Pass
l3109.txm,42.4004,752.0,753.0,134.0,0.0,2909.0,100.0,1186.0,9399.0,9063.0,-1233.0,27.0,16695.0,19312.0,98.0,16572.0,355.0,0.0,27862.0,49.0,Pass
l3109.txm,43.5059,751.0,752.0,134.0,0.0,2911.0,101.0,1187.0,9398.0,9003.0,-2236.0,27.0,16125.0,19216.0,155.0,16990.0,348.0,0.0,27886.0,49.0,Pass
l3109.txm,44.4824,751.0,753.0,132.0,0.0,2907.0,101.0,1184.0,9453.0,8955.0,-2582.0,27.0,16363.0,19250.0,8.0,16364.0,352.0,0.0,28008.0,49.0,Pass
l3109.txm,45.5019,752.0,754.0,132.0,0.0,2906.0,100.0,1184.0,9447.0,9009.0,-1268.0,27.0,16381.0,19210.0,50.0,16838.0,351.0,0.0,27838.0,49.0,Pass
l3109.txm,46.5195,752.0,752.0,131.0,0.0,2903.0,101.0,1183.0,9423.0,9031.0,-2856.0,27.0,16325.0,19238.0,624.0,15776.0,359.0,0.0,27998.0,49.0,Pass
l3109.txm,47.5391,751.0,753.0,134.0,0.0,2906.0,100.0,1183.0,9499.0,8997.0,-2042.0,27.0,16133.0,19244.0,-343.0,16398.0,351.0,1.0,27790.0,49.0,Pass
l3109.txm,48.5605,751.0,753.0,133.0,0.0,2896.0,100.0,1186.0,9412.0,9069.0,-2132.0,27.0,16296.0,19168.0,-82.0,16848.0,342.0,0.0,27948.0,49.0,Pass
l3109.txm,49.5801,752.0,753.0,131.0,0.0,2895.0,101.0,1184.0,9462.0,9072.0,-2767.0,26.0,16736.0,19302.0,1074.0,16522.0,361.0,0.0,27766.0,49.0,Pass
l3109.txm,50.625,752.0,754.0,135.0,0.0,2886.0,101.0,1189.0,9447.0,9046.0,-3197.0,27.0,16499.0,19366.0,-375.0,16010.0,359.0,1.0,27812.0,49.0,Pass
l3109.txm,51.6211,752.0,754.0,133.0,0.0,2865.0,100.0,1187.0,9411.0,9051.0,-974.0,27.0,16334.0,19378.0,-82.0,16770.0,352.0,1.0,28006.0,49.0,Pass
l3109.txm,52.6406,752.0,749.0,138.0,0.0,2822.0,101.0,1187.0,9468.0,9031.0,-767.0,27.0,16606.0,19316.0,-29.0,16934.0,350.0,0.0,28016.0,49.0,Pass
l3109.txm,53.6621,751.0,753.0,134.0,0.0,2553.0,101.0,1191.0,9427.0,9042.0,-926.0,26.0,16731.0,19306.0,-509.0,16866.0,348.0,0.0,27856.0,50.0,Pass
l3109.txm,54.6816,752.0,754.0,132.0,0.0,2028.0,101.0,1192.0,9463.0,8996.0,1844.0,27.0,16165.0,19556.0,-982.0,16846.0,342.0,0.0,27638.0,50.0,Pass
l3109.txm,55.7051,752.0,753.0,136.0,0.0,1624.0,100.0,1189.0,9462.0,8987.0,-1077.0,29.0,16046.0,19662.0,-571.0,16930.0,350.0,0.0,27584.0,50.0,Pass
l3109.txm,9.68945,751.0,753.0,132.0,0.0,1060.0,100.0,1273.0,9463.0,8999.0,-1032.0,29.0,16584.0,20076.0,-587.0,16020.0,351.0,0.0,27294.0,49.0,Pass
l3110.txm,9.68945,751.0,753.0,132.0,0.0,1060.0,100.0,1273.0,9463.0,8999.0,-1032.0,29.0,16584.0,20076.0,-587.0,16020.0,351.0,0.0,27294.0,49.0,Pass
l3110.txm,10.709,751.0,753.0,133.0,0.0,1003.0,100.0,1269.0,9468.0,9020.0,-1374.0,30.0,16521.0,20104.0,61.0,16170.0,346.0,0.0,27560.0,49.0,Pass
l3110.txm,11.7285,751.0,753.0,135.0,0.0,980.0,99.0,1269.0,9469.0,9015.0,-1636.0,30.0,16718.0,20092.0,38.0,16546.0,348.0,0.0,27550.0,49.0,Pass
l3110.txm,12.748,751.0,752.0,132.0,0.0,956.0,100.0,1258.0,9394.0,9071.0,-64.0,31.0,16405.0,20098.0,-36.0,17060.0,356.0,1.0,27532.0,49.0,Pass
l3110.txm,13.7695,751.0,753.0,134.0,0.0,943.0,101.0,1206.0,9444.0,9057.0,1038.0,29.0,16676.0,20238.0,-328.0,16508.0,347.0,0.0,27114.0,50.0,Pass
l3110.txm,14.7891,751.0,754.0,134.0,0.0,2011.0,101.0,1152.0,9464.0,8942.0,208.0,31.0,16201.0,19866.0,2030.0,16566.0,345.0,0.0,28076.0,50.0,Pass
l3110.txm,15.8086,751.0,753.0,135.0,0.0,3006.0,102.0,1173.0,9452.0,8995.0,-1450.0,29.0,16464.0,19516.0,-712.0,16898.0,358.0,0.0,27770.0,49.0,Pass
l3110.txm,16.8281,752.0,754.0,133.0,0.0,3014.0,100.0,1201.0,9417.0,9068.0,-2198.0,29.0,16474.0,19398.0,-72.0,16162.0,348.0,0.0,27770.0,49.0,Pass
l3110.txm,17.8477,751.0,753.0,131.0,0.0,2589.0,100.0,1203.0,9413.0,9063.0,1246.0,29.0,16054.0,19418.0,-550.0,16626.0,348.0,0.0,27800.0,49.0,Pass
l3110.txm,18.8691,751.0,752.0,135.0,0.0,2630.0,100.0,1169.0,9448.0,8969.0,-1614.0,28.0,16711.0,19570.0,25.0,16470.0,355.0,0.0,27858.0,50.0,Pass
l3110.txm,19.8887,751.0,752.0,132.0,0.0,2729.0,101.0,1174.0,9487.0,8951.0,-1325.0,28.0,16762.0,19412.0,-593.0,16858.0,348.0,0.0,27794.0,50.0,Pass
l3110.txm,20.9453,751.0,753.0,135.0,0.0,2776.0,101.0,1192.0,9506.0,8979.0,235.0,30.0,16317.0,19370.0,-519.0,16720.0,345.0,0.0,27740.0,49.0,Pass
l3110.txm,21.9688,751.0,752.0,129.0,0.0,2791.0,102.0,1183.0,9436.0,9039.0,-967.0,29.0,16610.0,19650.0,-472.0,16526.0,345.0,0.0,27780.0,50.0,Pass
l3110.txm,22.9922,752.0,753.0,134.0,0.0,2838.0,102.0,1185.0,9419.0,9056.0,-1197.0,28.0,17016.0,19498.0,105.0,16446.0,352.0,0.0,27860.0,50.0,Pass
l3110.txm,24.0117,752.0,753.0,136.0,0.0,2873.0,101.0,1189.0,9453.0,9024.0,-1822.0,29.0,16593.0,19240.0,2.0,16838.0,343.0,0.0,27866.0,50.0,Pass
l3110.txm,25.0293,751.0,753.0,132.0,0.0,2895.0,101.0,1184.0,9455.0,9013.0,-1194.0,29.0,16657.0,19348.0,1.0,16604.0,346.0,1.0,27830.0,50.0,Pass
l3110.txm,26.0527,751.0,752.0,134.0,0.0,2901.0,101.0,1182.0,9386.0,9067.0,-740.0,29.0,16693.0,19364.0,67.0,16214.0,349.0,0.0,27856.0,50.0,Pass
l3110.txm,27.0684,751.0,753.0,132.0,0.0,2906.0,101.0,1183.0,9421.0,9052.0,-542.0,28.0,16609.0,19328.0,-315.0,16194.0,351.0,0.0,27896.0,50.0,Pass
l3110.txm,28.127,751.0,754.0,132.0,0.0,2907.0,100.0,1182.0,9404.0,9054.0,-1034.0,29.0,16461.0,19238.0,26.0,16572.0,344.0,0.0,27888.0,50.0,Pass
l3110.txm,29.1113,752.0,753.0,135.0,0.0,2912.0,101.0,1186.0,9436.0,9051.0,-1790.0,27.0,16722.0,19456.0,31.0,16786.0,351.0,1.0,27830.0,49.0,Pass
l3110.txm,30.1289,751.0,752.0,136.0,0.0,2912.0,101.0,1184.0,9424.0,9051.0,-746.0,28.0,16174.0,19400.0,362.0,16174.0,356.0,1.0,27900.0,50.0,Pass
l3110.txm,31.1523,752.0,753.0,135.0,0.0,2904.0,100.0,1185.0,9462.0,9005.0,-368.0,28.0,16849.0,19246.0,98.0,16802.0,348.0,0.0,27796.0,49.0,Pass
l3110.txm,32.168,752.0,753.0,136.0,0.0,2900.0,100.0,1187.0,9482.0,9013.0,-1007.0,27.0,16336.0,19410.0,29.0,16236.0,360.0,0.0,27850.0,50.0,Pass
l3110.txm,33.1934,751.0,752.0,131.0,0.0,2913.0,101.0,1180.0,9441.0,9017.0,-1383.0,27.0,16471.0,19388.0,31.0,16860.0,343.0,0.0,27898.0,50.0,Pass
l3110.txm,34.209,751.0,753.0,133.0,0.0,2906.0,100.0,1186.0,9483.0,9014.0,-829.0,27.0,16416.0,19168.0,81.0,16718.0,347.0,0.0,27854.0,50.0,Pass
l3110.txm,35.2324,752.0,754.0,134.0,0.0,2902.0,100.0,1183.0,9481.0,8979.0,-906.0,27.0,16643.0,19280.0,638.0,16096.0,352.0,1.0,27878.0,50.0,Pass
l3110.txm,36.248,752.0,752.0,129.0,0.0,2908.0,100.0,1188.0,9454.0,9041.0,-1727.0,26.0,16797.0,19392.0,1394.0,16362.0,343.0,0.0,27892.0,49.0,Pass
l3110.txm,37.2734,751.0,754.0,134.0,0.0,2901.0,102.0,1182.0,9439.0,8976.0,-1898.0,28.0,16335.0,19238.0,536.0,16422.0,355.0,0.0,27852.0,50.0,Pass
l3110.txm,38.3887,751.0,753.0,128.0,0.0,2915.0,101.0,1187.0,9392.0,9061.0,-1392.0,26.0,16593.0,19406.0,454.0,16672.0,352.0,0.0,27874.0,49.0,Pass
l3110.txm,39.3613,751.0,753.0,133.0,0.0,2909.0,100.0,1184.0,9395.0,9050.0,-871.0,28.0,16436.0,19320.0,-289.0,17036.0,344.0,0.0,27894.0,50.0,Pass
l3110.txm,40.3809,752.0,753.0,135.0,0.0,2905.0,100.0,1186.0,9416.0,9014.0,-844.0,27.0,16460.0,19150.0,362.0,16884.0,354.0,1.0,27888.0,49.0,Pass
l3110.txm,41.4004,751.0,754.0,132.0,0.0,2912.0,100.0,1186.0,9398.0,9010.0,-393.0,27.0,16377.0,19346.0,38.0,16740.0,349.0,1.0,27886.0,50.0,Pass
l3110.txm,42.418,752.0,753.0,134.0,0.0,2902.0,100.0,1185.0,9439.0,9028.0,-191.0,27.0,16491.0,19320.0,382.0,16926.0,345.0,0.0,27886.0,50.0,Pass
l3110.txm,43.4395,752.0,753.0,136.0,0.0,2899.0,101.0,1186.0,9418.0,9030.0,-1974.0,27.0,16287.0,19420.0,216.0,16514.0,351.0,0.0,27900.0,50.0,Pass
l3110.txm,44.4609,752.0,753.0,132.0,0.0,2901.0,101.0,1185.0,9446.0,9047.0,-2339.0,27.0,16087.0,19326.0,-297.0,16668.0,351.0,1.0,27860.0,49.0,Pass
l3110.txm,45.5039,751.0,754.0,133.0,0.0,2902.0,101.0,1189.0,9408.0,9101.0,-1503.0,27.0,16726.0,19376.0,109.0,16640.0,342.0,0.0,27782.0,50.0,Pass
l3110.txm,46.498,752.0,753.0,135.0,0.0,2899.0,100.0,1180.0,9444.0,9063.0,-1158.0,27.0,16299.0,19360.0,119.0,16580.0,349.0,1.0,27904.0,50.0,Pass
l3110.txm,47.5215,752.0,754.0,134.0,0.0,2901.0,101.0,1191.0,9461.0,9020.0,441.0,26.0,16701.0,19268.0,-440.0,16650.0,348.0,1.0,28016.0,50.0,Pass
l3110.txm,48.5391,752.0,753.0,135.0,0.0,2897.0,100.0,1181.0,9490.0,9046.0,216.0,28.0,16553.0,19094.0,-73.0,16748.0,353.0,0.0,27818.0,50.0,Pass
l3110.txm,49.5586,752.0,753.0,133.0,0.0,2899.0,100.0,1189.0,9501.0,9031.0,-85.0,27.0,16246.0,19158.0,50.0,17000.0,344.0,0.0,27870.0,49.0,Pass
l3110.txm,50.5781,752.0,753.0,136.0,0.0,2888.0,100.0,1180.0,9482.0,9076.0,-1451.0,28.0,16443.0,19450.0,-321.0,16622.0,353.0,0.0,27864.0,50.0,Pass
l3110.txm,51.6016,751.0,753.0,135.0,0.0,2882.0,101.0,1188.0,9409.0,9089.0,-1777.0,27.0,16410.0,19362.0,-479.0,16872.0,351.0,1.0,27798.0,49.0,Pass
l3110.txm,52.6191,752.0,753.0,136.0,0.0,2851.0,100.0,1183.0,9402.0,9101.0,-1693.0,28.0,16191.0,19226.0,-568.0,17160.0,345.0,0.0,27864.0,50.0,Pass
l3110.txm,53.6406,752.0,754.0,133.0,0.0,2669.0,101.0,1191.0,9407.0,9047.0,-1407.0,26.0,16400.0,19422.0,29.0,17032.0,350.0,0.0,27886.0,50.0,Pass
l3110.txm,54.6602,750.0,751.0,131.0,0.0,2231.0,100.0,1195.0,9423.0,9090.0,-117.0,27.0,16316.0,19526.0,-970.0,16566.0,356.0,0.0,27742.0,50.0,Pass
l3110.txm,55.6875,751.0,754.0,135.0,0.0,1780.0,101.0,1192.0,9431.0,9010.0,251.0,28.0,16522.0,19602.0,-925.0,17038.0,355.0,1.0,27554.0,50.0,Pass
l3110.txm,9.66406,750.0,752.0,135.0,0.0,1025.0,101.0,1265.0,9416.0,9086.0,-1421.0,30.0,16784.0,20112.0,-300.0,16150.0,336.0,0.0,27538.0,49.0,Pass
l3111.txm,9.66406,750.0,752.0,135.0,0.0,1025.0,101.0,1265.0,9416.0,9086.0,-1421.0,30.0,16784.0,20112.0,-300.0,16150.0,336.0,0.0,27538.0,49.0,Pass
l3111.txm,10.6836,751.0,754.0,135.0,0.0,993.0,101.0,1264.0,9488.0,9006.0,-1416.0,30.0,16569.0,20070.0,822.0,16390.0,358.0,0.0,27534.0,49.0,Pass
l3111.txm,11.7051,751.0,752.0,135.0,0.0,957.0,100.0,1261.0,9476.0,9018.0,-1574.0,31.0,16758.0,20084.0,157.0,16632.0,349.0,0.0,27534.0,49.0,Pass
l3111.txm,12.7246,751.0,755.0,132.0,0.0,942.0,100.0,1230.0,9486.0,9042.0,-35.0,29.0,16765.0,20082.0,-979.0,16774.0,352.0,0.0,27302.0,50.0,Pass
l3111.txm,13.7441,751.0,754.0,132.0,0.0,1068.0,100.0,1189.0,9468.0,9089.0,1522.0,28.0,16969.0,20130.0,95.0,15684.0,354.0,1.0,27204.0,50.0,Pass
l3111.txm,14.7891,752.0,753.0,133.0,0.0,2792.0,100.0,1141.0,9489.0,9002.0,-570.0,29.0,16630.0,19408.0,3.0,16928.0,343.0,0.0,27808.0,50.0,Pass
l3111.txm,15.8125,751.0,752.0,132.0,0.0,3020.0,101.0,1192.0,9489.0,9024.0,-719.0,30.0,16227.0,19564.0,-306.0,16446.0,347.0,1.0,27772.0,49.0,Pass
l3111.txm,16.832,751.0,754.0,134.0,0.0,2925.0,102.0,1204.0,9481.0,9074.0,-131.0,28.0,16863.0,19704.0,-347.0,16438.0,352.0,0.0,27738.0,49.0,Pass
l3111.txm,17.8516,751.0,752.0,132.0,1.0,2246.0,102.0,1208.0,9463.0,9055.0,278.0,28.0,16654.0,19678.0,870.0,16542.0,353.0,1.0,27770.0,50.0,Pass
l3111.txm,18.873,751.0,752.0,134.0,0.0,2742.0,100.0,1155.0,9459.0,9028.0,167.0,28.0,16682.0,19252.0,108.0,16752.0,350.0,0.0,27878.0,50.0,Pass
l3111.txm,19.8926,751.0,753.0,134.0,0.0,2748.0,100.0,1192.0,9488.0,8978.0,-993.0,28.0,16669.0,19476.0,-519.0,16520.0,347.0,0.0,27742.0,49.0,Pass
l3111.txm,20.9121,751.0,754.0,132.0,0.0,2771.0,100.0,1189.0,9438.0,9067.0,-1492.0,28.0,16873.0,19452.0,2.0,16226.0,346.0,0.0,27788.0,50.0,Pass
l3111.txm,21.9609,752.0,753.0,136.0,0.0,2811.0,100.0,1181.0,9489.0,9012.0,-862.0,28.0,16800.0,19496.0,50.0,15900.0,360.0,0.0,27770.0,50.0,Pass
l3111.txm,22.9531,751.0,752.0,134.0,0.0,2854.0,100.0,1188.0,9439.0,9041.0,-1167.0,28.0,16767.0,19220.0,20.0,16440.0,352.0,0.0,27838.0,50.0,Pass
l3111.txm,23.9746,752.0,754.0,136.0,0.0,2897.0,101.0,1183.0,9443.0,9024.0,-2088.0,28.0,16539.0,19394.0,-347.0,16674.0,348.0,0.0,27874.0,50.0,Pass
l3111.txm,24.9941,752.0,754.0,132.0,0.0,2902.0,102.0,1186.0,9447.0,9060.0,-2215.0,28.0,16828.0,19278.0,-294.0,16546.0,349.0,0.0,27864.0,50.0,Pass
l3111.txm,26.0137,751.0,754.0,134.0,0.0,2898.0,101.0,1185.0,9468.0,9021.0,-1499.0,28.0,16605.0,19224.0,-69.0,16032.0,356.0,0.0,27858.0,50.0,Pass
l3111.txm,27.0605,752.0,754.0,134.0,0.0,2901.0,100.0,1184.0,9498.0,9019.0,-61.0,28.0,16753.0,19458.0,62.0,16426.0,345.0,1.0,27854.0,50.0,Pass
l3111.txm,28.084,752.0,752.0,134.0,0.0,2904.0,101.0,1185.0,9460.0,8998.0,-1412.0,28.0,16427.0,19220.0,-441.0,16646.0,349.0,0.0,27870.0,50.0,Pass
l3111.txm,29.1035,751.0,753.0,133.0,0.0,2909.0,102.0,1185.0,9452.0,9006.0,-1041.0,27.0,16717.0,19486.0,-342.0,16658.0,349.0,0.0,27854.0,50.0,Pass
l3111.txm,30.125,752.0,753.0,129.0,0.0,2904.0,100.0,1186.0,9422.0,9014.0,-1578.0,27.0,16307.0,19382.0,-44.0,16848.0,344.0,0.0,27858.0,50.0,Pass
l3111.txm,31.1445,751.0,752.0,136.0,0.0,2904.0,101.0,1187.0,9491.0,9009.0,-1549.0,27.0,16855.0,19482.0,284.0,15938.0,354.0,1.0,27848.0,50.0,Pass
l3111.txm,32.1641,751.0,753.0,135.0,0.0,2905.0,100.0,1186.0,9477.0,8997.0,-862.0,27.0,16650.0,19406.0,-57.0,16456.0,353.0,0.0,27878.0,50.0,Pass
l3111.txm,33.1836,752.0,752.0,134.0,0.0,2907.0,100.0,1188.0,9456.0,9051.0,-973.0,26.0,16918.0,19438.0,138.0,16922.0,348.0,1.0,27842.0,50.0,Pass
l3111.txm,34.2051,752.0,754.0,134.0,0.0,2901.0,102.0,1187.0,9470.0,9062.0,-1026.0,27.0,16869.0,19210.0,-393.0,16892.0,344.0,0.0,27880.0,50.0,Pass
l3111.txm,35.2246,752.0,754.0,132.0,0.0,2905.0,100.0,1184.0,9452.0,9085.0,-1902.0,27.0,16601.0,19182.0,151.0,16484.0,357.0,0.0,27848.0,50.0,Pass
l3111.txm,36.2441,752.0,753.0,131.0,0.0,2901.0,101.0,1187.0,9510.0,9029.0,-712.0,27.0,16546.0,19334.0,129.0,16462.0,353.0,0.0,27880.0,50.0,Pass
l3111.txm,37.2637,752.0,754.0,125.0,0.0,2903.0,100.0,1187.0,9444.0,9009.0,-1716.0,27.0,16415.0,19408.0,40.0,16438.0,345.0,1.0,27890.0,50.0,Pass
l3111.txm,38.2852,752.0,753.0,136.0,0.0,2906.0,100.0,1186.0,9504.0,9012.0,-1761.0,27.0,16689.0,19188.0,266.0,16754.0,346.0,0.0,27880.0,50.0,Pass
l3111.txm,39.3301,752.0,754.0,136.0,0.0,2906.0,102.0,1186.0,9481.0,9012.0,-1894.0,27.0,16769.0,19204.0,10.0,16488.0,345.0,0.0,27882.0,50.0,Pass
l3111.txm,40.3535,752.0,753.0,134.0,0.0,2913.0,100.0,1186.0,9494.0,9010.0,-266.0,27.0,16486.0,19232.0,132.0,16150.0,349.0,0.0,27886.0,50.0,Pass
l3111.txm,41.375,751.0,753.0,132.0,0.0,2899.0,100.0,1186.0,9513.0,8997.0,-1168.0,27.0,16945.0,19416.0,33.0,16434.0,345.0,0.0,27884.0,50.0,Pass
l3111.txm,42.3945,752.0,754.0,136.0,0.0,2912.0,101.0,1184.0,9506.0,8996.0,-168.0,27.0,16388.0,19222.0,-290.0,16982.0,349.0,0.0,27876.0,50.0,Pass
l3111.txm,43.4141,752.0,754.0,133.0,0.0,2907.0,100.0,1186.0,9451.0,9057.0,-844.0,27.0,16448.0,19342.0,26.0,16850.0,351.0,1.0,27794.0,50.0,Pass
l3111.txm,44.4336,752.0,754.0,133.0,0.0,2901.0,101.0,1185.0,9474.0,9053.0,-2318.0,27.0,16716.0,19302.0,87.0,16474.0,349.0,0.0,27952.0,50.0,Pass
l3111.txm,45.4551,752.0,754.0,133.0,0.0,2900.0,101.0,1187.0,9427.0,9078.0,-859.0,27.0,16839.0,19354.0,-279.0,16254.0,346.0,1.0,27856.0,50.0,Pass
l3111.txm,46.5,752.0,755.0,137.0,0.0,2902.0,100.0,1184.0,9420.0,9084.0,-3047.0,26.0,16667.0,19254.0,278.0,17008.0,342.0,0.0,27896.0,50.0,Pass
l3111.txm,47.4941,751.0,754.0,136.0,0.0,2900.0,101.0,1185.0,9443.0,9062.0,-1912.0,27.0,16592.0,19354.0,151.0,16930.0,346.0,0.0,27842.0,50.0,Pass
l3111.txm,48.5137,752.0,753.0,137.0,0.0,2898.0,102.0,1184.0,9440.0,9082.0,-1605.0,27.0,16938.0,19276.0,132.0,16176.0,351.0,3.0,27888.0,50.0,Pass
l3111.txm,49.5352,752.0,753.0,132.0,0.0,2895.0,102.0,1186.0,9481.0,8997.0,-848.0,27.0,16456.0,19210.0,130.0,16686.0,350.0,1.0,27870.0,50.0,Pass
l3111.txm,50.5547,752.0,753.0,131.0,0.0,2891.0,100.0,1184.0,9450.0,9064.0,-2721.0,27.0,16609.0,19350.0,50.0,16664.0,343.0,0.0,27850.0,50.0,Pass
l3111.txm,51.5742,752.0,753.0,131.0,0.0,2882.0,102.0,1186.0,9454.0,9008.0,-1846.0,27.0,16288.0,19358.0,-857.0,17014.0,348.0,0.0,27886.0,50.0,Pass
l3111.txm,52.5957,751.0,752.0,134.0,0.0,2860.0,101.0,1183.0,9459.0,9026.0,-1580.0,27.0,16212.0,19302.0,51.0,16780.0,348.0,1.0,27822.0,50.0,Pass
l3111.txm,53.6133,752.0,754.0,136.0,0.0,2771.0,100.0,1187.0,9502.0,8989.0,-2071.0,27.0,16822.0,19286.0,-313.0,17024.0,347.0,0.0,28002.0,50.0,Pass
l3111.txm,54.6348,751.0,752.0,133.0,0.0,2329.0,100.0,1194.0,9438.0,9029.0,230.0,27.0,16956.0,19352.0,-657.0,16776.0,357.0,1.0,27686.0,50.0,Pass
l3111.txm,55.6543,752.0,753.0,134.0,0.0,1928.0,101.0,1188.0,9428.0,9062.0,506.0,28.0,16149.0,19638.0,-423.0,16706.0,346.0,1.0,27636.0,50.0,Pass
l3111.txm,56.6758,752.0,753.0,135.0,0.0,1557.0,100.0,1187.0,9488.0,9011.0,-181.0,28.0,16449.0,19800.0,-344.0,16568.0,351.0,0.0,27560.0,50.0,Pass
l3111.txm,10.7109,751.0,754.0,134.0,0.0,1006.0,100.0,1264.0,9442.0,9032.0,-1229.0,30.0,16570.0,20112.0,398.0,16416.0,346.0,0.0,27558.0,49.0,Pass
l3112.txm,10.7109,751.0,754.0,134.0,0.0,1006.0,100.0,1264.0,9442.0,9032.0,-1229.0,30.0,16570.0,20112.0,398.0,16416.0,346.0,0.0,27558.0,49.0,Pass
l3112.txm,11.7324,751.0,753.0,134.0,0.0,981.0,100.0,1263.0,9485.0,9000.0,-2017.0,30.0,16584.0,20094.0,-64.0,16280.0,346.0,0.0,27550.0,49.0,Pass
l3112.txm,12.75,751.0,752.0,132.0,0.0,949.0,100.0,1252.0,9422.0,9036.0,-792.0,30.0,16515.0,20084.0,115.0,16894.0,353.0,0.0,27494.0,49.0,Pass
l3112.txm,13.7715,751.0,754.0,134.0,0.0,935.0,100.0,1211.0,9482.0,9026.0,-306.0,30.0,16696.0,20118.0,-793.0,16770.0,349.0,0.0,27112.0,50.0,Pass
l3112.txm,14.7891,751.0,752.0,132.0,0.0,1814.0,100.0,1156.0,9475.0,8985.0,316.0,29.0,16727.0,19914.0,2758.0,15558.0,351.0,1.0,28014.0,50.0,Pass
l3112.txm,15.8125,751.0,753.0,134.0,0.0,2984.0,101.0,1161.0,9438.0,9026.0,-1557.0,30.0,16527.0,19378.0,-535.0,16644.0,349.0,1.0,27766.0,49.0,Pass
l3112.txm,16.832,751.0,753.0,132.0,0.0,3005.0,102.0,1199.0,9444.0,9119.0,-801.0,28.0,17232.0,19542.0,9.0,16284.0,345.0,1.0,27624.0,49.0,Pass
l3112.txm,17.8496,751.0,752.0,135.0,0.0,2633.0,102.0,1202.0,9481.0,9114.0,2028.0,27.0,17063.0,19598.0,-436.0,16872.0,355.0,0.0,27760.0,49.0,Pass
l3112.txm,18.9004,751.0,752.0,135.0,0.0,2572.0,100.0,1181.0,9513.0,8957.0,-398.0,29.0,16480.0,19582.0,1008.0,16396.0,343.0,1.0,27850.0,50.0,Pass
l3112.txm,19.9199,752.0,753.0,133.0,0.0,2733.0,101.0,1171.0,9447.0,9026.0,-1834.0,28.0,16621.0,19404.0,-840.0,17116.0,344.0,0.0,27798.0,50.0,Pass
l3112.txm,20.9395,751.0,754.0,133.0,0.0,2760.0,100.0,1193.0,9461.0,9059.0,-1406.0,28.0,16567.0,19556.0,30.0,16196.0,360.0,1.0,27772.0,49.0,Pass
l3112.txm,21.9609,751.0,754.0,133.0,0.0,2794.0,100.0,1182.0,9481.0,9039.0,-1618.0,28.0,16827.0,19550.0,-427.0,16602.0,348.0,1.0,27628.0,50.0,Pass
l3112.txm,22.9805,751.0,754.0,131.0,0.0,2831.0,101.0,1183.0,9474.0,9015.0,-1407.0,28.0,17044.0,19444.0,-16.0,16666.0,346.0,1.0,27746.0,50.0,Pass
l3112.txm,24.0195,752.0,753.0,133.0,0.0,2862.0,101.0,1187.0,9460.0,9048.0,-1623.0,27.0,16597.0,19344.0,-326.0,16510.0,351.0,0.0,27894.0,50.0,Pass
l3112.txm,25.0391,752.0,752.0,135.0,0.0,2903.0,100.0,1185.0,9464.0,9039.0,-1603.0,27.0,17027.0,19148.0,38.0,16876.0,342.0,0.0,27898.0,50.0,Pass
l3112.txm,26.084,752.0,753.0,134.0,0.0,2904.0,100.0,1186.0,9508.0,9019.0,-1364.0,28.0,16677.0,19414.0,776.0,16430.0,343.0,0.0,27856.0,50.0,Pass
l3112.txm,27.0801,751.0,754.0,132.0,0.0,2905.0,100.0,1183.0,9427.0,9078.0,-1487.0,28.0,16775.0,19284.0,113.0,16560.0,355.0,0.0,27904.0,50.0,Pass
l3112.txm,28.0996,752.0,753.0,131.0,0.0,2906.0,100.0,1183.0,9474.0,9006.0,-1848.0,28.0,16451.0,19352.0,103.0,16754.0,351.0,1.0,27852.0,50.0,Pass
l3112.txm,29.1191,751.0,753.0,136.0,0.0,2902.0,100.0,1185.0,9446.0,9073.0,-1230.0,28.0,16551.0,19314.0,156.0,16202.0,347.0,0.0,27890.0,50.0,Pass
l3112.txm,30.1406,752.0,754.0,133.0,0.0,2905.0,100.0,1184.0,9471.0,9044.0,-1877.0,28.0,16746.0,19290.0,54.0,16456.0,349.0,0.0,27862.0,50.0,Pass
l3112.txm,31.1797,751.0,754.0,132.0,0.0,2903.0,101.0,1184.0,9505.0,9011.0,-1373.0,27.0,16790.0,19408.0,74.0,16730.0,347.0,1.0,27878.0,50.0,Pass
l3112.txm,32.1992,751.0,754.0,128.0,0.0,2904.0,100.0,1184.0,9478.0,8988.0,-2592.0,27.0,16401.0,19306.0,430.0,16684.0,346.0,1.0,27890.0,50.0,Pass
l3112.txm,33.2207,752.0,753.0,136.0,0.0,2898.0,100.0,1184.0,9493.0,9025.0,-2820.0,27.0,16600.0,19324.0,-66.0,16550.0,348.0,0.0,27844.0,50.0,Pass
l3112.txm,34.2422,751.0,755.0,133.0,0.0,2903.0,101.0,1184.0,9458.0,8993.0,-1785.0,27.0,16468.0,19348.0,132.0,16322.0,342.0,0.0,27910.0,50.0,Pass
l3112.txm,35.2598,752.0,754.0,131.0,0.0,2908.0,100.0,1185.0,9474.0,8986.0,-1976.0,27.0,16417.0,19410.0,13.0,16666.0,347.0,1.0,27826.0,49.0,Pass
l3112.txm,36.2793,752.0,753.0,135.0,0.0,2904.0,100.0,1184.0,9425.0,9028.0,-1822.0,27.0,16838.0,19144.0,-71.0,16822.0,350.0,1.0,27848.0,49.0,Pass
l3112.txm,37.3008,752.0,754.0,135.0,0.0,2906.0,101.0,1187.0,9510.0,8974.0,-2723.0,26.0,16555.0,19248.0,-2.0,16718.0,348.0,0.0,27850.0,49.0,Pass
l3112.txm,38.3477,752.0,753.0,132.0,0.0,2901.0,101.0,1185.0,9429.0,8994.0,-1473.0,26.0,16381.0,19450.0,-351.0,16808.0,346.0,0.0,27902.0,49.0,Pass
l3112.txm,39.3398,752.0,753.0,132.0,0.0,2904.0,101.0,1186.0,9432.0,9068.0,-498.0,27.0,16797.0,19258.0,137.0,16930.0,348.0,0.0,27816.0,49.0,Pass
l3112.txm,40.3594,752.0,754.0,135.0,0.0,2899.0,100.0,1185.0,9436.0,9025.0,-3201.0,26.0,16551.0,19266.0,-50.0,16704.0,344.0,1.0,27760.0,49.0,Pass
l3112.txm,41.3809,752.0,753.0,133.0,0.0,2903.0,100.0,1185.0,9450.0,9021.0,-2602.0,27.0,16419.0,19372.0,45.0,16886.0,347.0,1.0,27920.0,49.0,Pass
l3112.txm,42.4004,752.0,754.0,134.0,0.0,2894.0,100.0,1185.0,9488.0,9029.0,-2923.0,27.0,16356.0,19186.0,512.0,15944.0,348.0,1.0,27764.0,49.0,Pass
l3112.txm,43.4199,752.0,753.0,134.0,0.0,2901.0,102.0,1186.0,9432.0,9072.0,-1080.0,27.0,16436.0,19192.0,137.0,16180.0,349.0,1.0,27898.0,49.0,Pass
l3112.txm,44.4395,751.0,753.0,134.0,0.0,2894.0,101.0,1185.0,9443.0,9066.0,-1386.0,27.0,16417.0,19416.0,33.0,16076.0,356.0,1.0,27786.0,49.0,Pass
l3112.txm,45.4609,752.0,754.0,135.0,0.0,2901.0,101.0,1185.0,9447.0,9042.0,-2010.0,27.0,16631.0,19138.0,-500.0,16190.0,351.0,0.0,27858.0,49.0,Pass
l3112.txm,46.4805,752.0,753.0,132.0,0.0,2899.0,102.0,1183.0,9469.0,9017.0,-1007.0,27.0,16171.0,19104.0,142.0,16354.0,348.0,0.0,27838.0,49.0,Pass
l3112.txm,47.5,751.0,754.0,133.0,0.0,2898.0,100.0,1184.0,9505.0,9005.0,-2594.0,27.0,16663.0,19356.0,-28.0,16720.0,353.0,0.0,27846.0,49.0,Pass
l3112.txm,48.5195,752.0,754.0,134.0,0.0,2907.0,100.0,1188.0,9524.0,8999.0,-1005.0,27.0,16569.0,19366.0,61.0,17066.0,343.0,1.0,27900.0,49.0,Pass
l3112.txm,49.5391,751.0,753.0,133.0,0.0,2890.0,101.0,1186.0,9502.0,8979.0,-2824.0,27.0,16334.0,19148.0,-66.0,16662.0,347.0,0.0,27764.0,49.0,Pass
l3112.txm,50.5879,752.0,755.0,133.0,0.0,2886.0,100.0,1186.0,9521.0,8989.0,-1966.0,27.0,16449.0,19246.0,-559.0,16396.0,344.0,1.0,27900.0,49.0,Pass
l3112.txm,51.5801,751.0,754.0,131.0,0.0,2872.0,102.0,1186.0,9449.0,9069.0,-2063.0,27.0,16164.0,19118.0,51.0,16546.0,353.0,0.0,28006.0,49.0,Pass
l3112.txm,52.5996,751.0,751.0,131.0,0.0,2841.0,102.0,1188.0,9420.0,9043.0,-1842.0,27.0,16279.0,19112.0,47.0,16974.0,352.0,0.0,27828.0,50.0,Pass
l3112.txm,53.6191,752.0,753.0,131.0,0.0,2616.0,100.0,1191.0,9529.0,8971.0,-925.0,27.0,16530.0,19422.0,148.0,16970.0,359.0,0.0,27898.0,50.0,Pass
l3112.txm,54.6406,752.0,752.0,133.0,0.0,2183.0,99.0,1195.0,9486.0,9014.0,-683.0,27.0,16754.0,19522.0,-686.0,16870.0,351.0,0.0,27748.0,50.0,Pass
l3112.txm,55.6602,752.0,754.0,131.0,0.0,1724.0,100.0,1190.0,9525.0,8953.0,-267.0,28.0,16577.0,19644.0,-531.0,16368.0,346.0,0.0,27576.0,50.0,Pass
l3112.txm,56.6797,752.0,753.0,134.0,0.0,1455.0,100.0,1186.0,9424.0,9014.0,-100.0,28.0,16317.0,19806.0,-469.0,16454.0,344.0,0.0,27578.0,50.0,Pass
l3112.txm,8.66797,751.0,753.0,132.0,0.0,1101.0,101.0,1266.0,9466.0,9036.0,0.0,29.0,16907.0,19714.0,-1549.0,17092.0,361.0,0.0,27358.0,49.0,Pass
l3113.txm,8.66797,751.0,753.0,132.0,0.0,1101.0,101.0,1266.0,9466.0,9036.0,0.0,29.0,16907.0,19714.0,-1549.0,17092.0,361.0,0.0,27358.0,49.0,Pass
l3113.txm,9.68945,751.0,753.0,135.0,0.0,1008.0,99.0,1261.0,9523.0,8991.0,-1419.0,30.0,16714.0,20108.0,-316.0,16302.0,345.0,0.0,27510.0,49.0,Pass
l3113.txm,10.709,751.0,752.0,135.0,0.0,981.0,99.0,1259.0,9426.0,9058.0,-1077.0,30.0,16397.0,20096.0,35.0,16514.0,354.0,0.0,27490.0,49.0,Pass
l3113.txm,11.7285,751.0,753.0,132.0,0.0,951.0,101.0,1249.0,9522.0,9023.0,-575.0,30.0,16606.0,20100.0,-269.0,16842.0,343.0,0.0,27406.0,49.0,Pass
l3113.txm,12.75,752.0,754.0,136.0,0.0,938.0,102.0,1205.0,9449.0,9077.0,-114.0,29.0,17091.0,20162.0,-452.0,16554.0,351.0,0.0,27222.0,50.0,Pass
l3113.txm,13.7695,751.0,754.0,134.0,0.0,1643.0,101.0,1163.0,9459.0,9002.0,472.0,31.0,16648.0,20022.0,1938.0,15246.0,353.0,1.0,27838.0,50.0,Pass
l3113.txm,14.8008,751.0,753.0,133.0,0.0,2980.0,101.0,1161.0,9507.0,8951.0,-591.0,29.0,16368.0,19412.0,-1152.0,16192.0,350.0,0.0,27640.0,49.0,Pass
l3113.txm,15.8164,752.0,753.0,132.0,0.0,3005.0,100.0,1199.0,9432.0,9116.0,-2001.0,28.0,17103.0,19428.0,150.0,15900.0,358.0,1.0,27890.0,49.0,Pass
l3113.txm,16.8652,751.0,751.0,132.0,0.0,2616.0,102.0,1202.0,9479.0,9050.0,-311.0,28.0,17070.0,19476.0,292.0,16610.0,347.0,0.0,27838.0,49.0,Pass
l3113.txm,17.8574,751.0,754.0,133.0,0.0,2636.0,101.0,1176.0,9486.0,9023.0,-1126.0,27.0,16771.0,19598.0,836.0,16328.0,346.0,0.0,27774.0,50.0,Pass
l3113.txm,18.877,752.0,753.0,132.0,0.0,2709.0,100.0,1168.0,9462.0,9029.0,-2153.0,27.0,16955.0,19510.0,-288.0,16464.0,343.0,0.0,27870.0,50.0,Pass
l3113.txm,19.8965,752.0,753.0,134.0,0.0,2757.0,100.0,1194.0,9475.0,9051.0,-1635.0,28.0,16718.0,19410.0,-67.0,16306.0,356.0,0.0,27898.0,49.0,Pass
l3113.txm,20.918,752.0,754.0,136.0,0.0,2786.0,102.0,1182.0,9465.0,9090.0,-783.0,28.0,16814.0,19444.0,-298.0,16702.0,348.0,0.0,27850.0,50.0,Pass
l3113.txm,21.9375,752.0,752.0,134.0,0.0,2831.0,101.0,1187.0,9505.0,9012.0,-1525.0,28.0,16947.0,19612.0,486.0,15752.0,346.0,0.0,27818.0,50.0,Pass
l3113.txm,22.957,752.0,752.0,134.0,0.0,2879.0,100.0,1184.0,9451.0,9016.0,-1132.0,27.0,17055.0,19280.0,-428.0,16764.0,349.0,0.0,27840.0,50.0,Pass
l3113.txm,23.9766,751.0,754.0,132.0,0.0,2896.0,100.0,1184.0,9460.0,9036.0,-880.0,27.0,17032.0,19340.0,-343.0,16486.0,349.0,0.0,27864.0,50.0,Pass
l3113.txm,24.998,751.0,753.0,132.0,0.0,2907.0,100.0,1185.0,9499.0,9000.0,-1377.0,27.0,16953.0,19258.0,121.0,16862.0,347.0,1.0,27752.0,50.0,Pass
l3113.txm,26.0176,752.0,753.0,130.0,0.0,2904.0,100.0,1184.0,9464.0,9025.0,-1874.0,27.0,16759.0,19438.0,-54.0,16156.0,342.0,0.0,27856.0,50.0,Pass
l3113.txm,27.0371,752.0,753.0,133.0,0.0,2901.0,100.0,1185.0,9495.0,8977.0,-675.0,26.0,16811.0,19384.0,-70.0,16912.0,344.0,0.0,28012.0,50.0,Pass
l3113.txm,28.0566,751.0,754.0,134.0,0.0,2911.0,101.0,1185.0,9458.0,9022.0,-832.0,27.0,16933.0,19348.0,1394.0,16510.0,343.0,1.0,27870.0,50.0,Pass
l3113.txm,29.1035,751.0,753.0,133.0,0.0,2907.0,101.0,1183.0,9515.0,9003.0,-1400.0,27.0,16952.0,19396.0,-309.0,16458.0,352.0,0.0,27998.0,50.0,Pass
l3113.txm,30.1289,752.0,752.0,131.0,0.0,2906.0,100.0,1184.0,9428.0,9047.0,-1555.0,27.0,16750.0,19468.0,138.0,16734.0,349.0,0.0,27872.0,50.0,Pass
l3113.txm,31.1484,751.0,753.0,135.0,0.0,2907.0,100.0,1183.0,9434.0,9000.0,-700.0,27.0,16606.0,19452.0,156.0,16548.0,351.0,1.0,27882.0,49.0,Pass
l3113.txm,32.1699,751.0,752.0,132.0,0.0,2905.0,100.0,1185.0,9441.0,9048.0,-1679.0,26.0,16769.0,19338.0,64.0,16714.0,350.0,1.0,27864.0,49.0,Pass
l3113.txm,33.1895,752.0,752.0,133.0,0.0,2902.0,101.0,1186.0,9443.0,9014.0,-1934.0,27.0,16787.0,19398.0,29.0,16670.0,351.0,0.0,27874.0,49.0,Pass
l3113.txm,34.209,752.0,752.0,132.0,0.0,2910.0,101.0,1185.0,9422.0,9007.0,-1230.0,27.0,16680.0,19148.0,-52.0,16804.0,350.0,1.0,27856.0,49.0,Pass
l3113.txm,35.2285,752.0,752.0,135.0,0.0,2904.0,100.0,1184.0,9450.0,9018.0,-1799.0,27.0,16452.0,19400.0,118.0,16836.0,355.0,1.0,27880.0,49.0,Pass
l3113.txm,36.25,752.0,753.0,135.0,0.0,2897.0,100.0,1184.0,9519.0,9000.0,-1756.0,27.0,16729.0,19398.0,113.0,16646.0,355.0,0.0,27862.0,49.0,Pass
l3113.txm,37.2695,752.0,752.0,127.0,0.0,2903.0,102.0,1184.0,9525.0,9005.0,-2611.0,27.0,16196.0,19440.0,-426.0,16070.0,355.0,1.0,27900.0,49.0,Pass
l3113.txm,38.2891,752.0,753.0,131.0,0.0,2906.0,100.0,1185.0,9447.0,9023.0,-998.0,27.0,16658.0,19290.0,-355.0,16816.0,342.0,1.0,27852.0,49.0,Pass
l3113.txm,39.3086,752.0,753.0,131.0,0.0,2904.0,100.0,1187.0,9463.0,9017.0,-571.0,27.0,16605.0,19398.0,-52.0,16444.0,342.0,0.0,27874.0,49.0,Pass
l3113.txm,40.3301,752.0,754.0,135.0,0.0,2903.0,101.0,1185.0,9472.0,9011.0,-1126.0,27.0,16775.0,19218.0,43.0,16976.0,349.0,1.0,27890.0,49.0,Pass
l3113.txm,41.373,751.0,752.0,135.0,0.0,2897.0,101.0,1186.0,9480.0,9044.0,-689.0,27.0,16738.0,19308.0,115.0,16600.0,343.0,0.0,27918.0,49.0,Pass
l3113.txm,42.3965,752.0,751.0,133.0,0.0,2898.0,100.0,1185.0,9455.0,9065.0,-1304.0,26.0,16453.0,19414.0,142.0,16582.0,346.0,0.0,27894.0,49.0,Pass
l3113.txm,43.418,752.0,753.0,132.0,0.0,2900.0,101.0,1186.0,9507.0,9050.0,-2107.0,27.0,16263.0,19310.0,78.0,16564.0,348.0,0.0,27914.0,49.0,Pass
l3113.txm,44.4375,751.0,753.0,132.0,0.0,2900.0,100.0,1184.0,9454.0,9100.0,-1675.0,27.0,16443.0,19412.0,276.0,16300.0,357.0,0.0,27918.0,49.0,Pass
l3113.txm,45.457,752.0,753.0,132.0,0.0,2896.0,100.0,1184.0,9470.0,9027.0,-481.0,26.0,16410.0,19248.0,8.0,16716.0,351.0,0.0,27836.0,49.0,Pass
l3113.txm,46.4766,752.0,753.0,135.0,0.0,2894.0,100.0,1184.0,9480.0,9075.0,-1640.0,26.0,16660.0,19266.0,306.0,16510.0,352.0,1.0,27958.0,49.0,Pass
l3113.txm,47.498,752.0,754.0,133.0,0.0,2890.0,101.0,1181.0,9504.0,9042.0,-1539.0,27.0,16634.0,19226.0,67.0,16656.0,339.0,0.0,27882.0,49.0,Pass
l3113.txm,48.5449,752.0,754.0,133.0,0.0,2886.0,101.0,1184.0,9436.0,9071.0,-1733.0,27.0,16564.0,19230.0,146.0,16204.0,350.0,0.0,27838.0,49.0,Pass
l3113.txm,49.5371,752.0,752.0,133.0,0.0,2885.0,101.0,1188.0,9502.0,8997.0,-1552.0,27.0,16659.0,19340.0,-92.0,16780.0,343.0,1.0,27766.0,49.0,Pass
l3113.txm,50.5566,751.0,754.0,131.0,0.0,2873.0,100.0,1187.0,9447.0,9049.0,-1626.0,27.0,16302.0,19236.0,506.0,16672.0,348.0,0.0,27850.0,49.0,Pass
l3113.txm,51.5762,752.0,753.0,132.0,0.0,2856.0,101.0,1185.0,9503.0,9017.0,-2033.0,27.0,16761.0,19222.0,130.0,16624.0,344.0,0.0,27834.0,49.0,Pass
l3113.txm,52.5977,751.0,751.0,130.0,0.0,2821.0,101.0,1187.0,9513.0,9009.0,-1867.0,27.0,16430.0,19334.0,123.0,16874.0,346.0,0.0,27866.0,49.0,Pass
l3113.txm,53.6172,751.0,753.0,133.0,0.0,2616.0,100.0,1189.0,9502.0,9021.0,-1946.0,26.0,16747.0,19304.0,47.0,16302.0,349.0,0.0,28008.0,50.0,Pass
l3113.txm,54.6367,752.0,754.0,131.0,0.0,2117.0,99.0,1194.0,9478.0,8958.0,1033.0,27.0,16151.0,19580.0,-484.0,15998.0,349.0,0.0,27594.0,50.0,Pass
l3113.txm,55.6562,752.0,754.0,132.0,0.0,1698.0,101.0,1188.0,9482.0,8965.0,-816.0,28.0,16432.0,19646.0,-345.0,16818.0,358.0,0.0,27614.0,50.0,Pass
l3113.txm,56.6777,752.0,754.0,136.0,1.0,1381.0,100.0,1189.0,9432.0,9026.0,-143.0,28.0,16363.0,19850.0,-22.0,16780.0,355.0,0.0,27532.0,50.0,Pass
l3113.txm,9.75586,751.0,752.0,132.0,0.0,1041.0,99.0,1267.0,9485.0,8981.0,-732.0,30.0,16682.0,20108.0,-415.0,16098.0,349.0,0.0,27302.0,49.0,Pass
l3114.txm,9.75586,751.0,752.0,132.0,0.0,1041.0,99.0,1267.0,9485.0,8981.0,-732.0,30.0,16682.0,20108.0,-415.0,16098.0,349.0,0.0,27302.0,49.0,Pass
l3114.txm,10.75,751.0,753.0,133.0,0.0,993.0,100.0,1263.0,9441.0,9017.0,-1146.0,30.0,16784.0,20114.0,39.0,16468.0,352.0,0.0,27490.0,49.0,Pass
l3114.txm,11.7715,751.0,753.0,133.0,0.0,964.0,101.0,1263.0,9427.0,9066.0,-1356.0,30.0,16488.0,20102.0,-413.0,16766.0,356.0,0.0,27478.0,49.0,Pass
l3114.txm,12.791,751.0,752.0,134.0,0.0,940.0,101.0,1229.0,9433.0,9094.0,-286.0,29.0,16728.0,20114.0,-1034.0,16976.0,343.0,0.0,27248.0,50.0,Pass
l3114.txm,13.8105,751.0,756.0,132.0,0.0,1021.0,101.0,1194.0,9447.0,9117.0,1560.0,27.0,16833.0,20130.0,-32.0,15680.0,348.0,0.0,27230.0,50.0,Pass
l3114.txm,14.832,751.0,753.0,134.0,0.0,2739.0,102.0,1143.0,9501.0,8932.0,-2984.0,28.0,16598.0,19390.0,-561.0,17128.0,354.0,0.0,27980.0,50.0,Pass
l3114.txm,15.8516,751.0,752.0,130.0,0.0,3005.0,101.0,1180.0,9425.0,9021.0,-1960.0,29.0,16477.0,19550.0,-272.0,16024.0,349.0,1.0,27748.0,49.0,Pass
l3114.txm,16.8711,751.0,753.0,131.0,0.0,2918.0,101.0,1201.0,9466.0,9078.0,-91.0,28.0,16634.0,19444.0,-291.0,16318.0,351.0,0.0,27780.0,49.0,Pass
l3114.txm,17.8906,751.0,752.0,132.0,0.0,2249.0,102.0,1212.0,9488.0,9056.0,643.0,27.0,16726.0,19522.0,-273.0,16580.0,349.0,0.0,27644.0,50.0,Pass
l3114.txm,18.9121,751.0,754.0,130.0,0.0,2752.0,101.0,1158.0,9515.0,8998.0,-803.0,27.0,16930.0,19216.0,-690.0,17310.0,347.0,1.0,27910.0,50.0,Pass
l3114.txm,19.9316,751.0,752.0,132.0,0.0,2734.0,100.0,1188.0,9439.0,9020.0,-1646.0,28.0,16843.0,19494.0,-413.0,16002.0,352.0,1.0,27760.0,49.0,Pass
l3114.txm,20.9512,751.0,753.0,132.0,0.0,2762.0,100.0,1188.0,9466.0,9033.0,-945.0,28.0,16971.0,19618.0,1090.0,16426.0,359.0,0.0,27642.0,50.0,Pass
l3114.txm,21.9961,752.0,754.0,132.0,0.0,2805.0,100.0,1182.0,9429.0,9082.0,-1799.0,27.0,16759.0,19662.0,-301.0,16348.0,347.0,0.0,27738.0,50.0,Pass
l3114.txm,22.9902,752.0,753.0,133.0,0.0,2850.0,101.0,1188.0,9451.0,9057.0,-846.0,28.0,16587.0,19578.0,288.0,16272.0,349.0,1.0,27914.0,50.0,Pass
l3114.txm,24.0117,752.0,753.0,135.0,0.0,2878.0,100.0,1186.0,9442.0,9041.0,-714.0,27.0,17002.0,19306.0,-663.0,17032.0,349.0,0.0,27870.0,50.0,Pass
l3114.txm,25.0312,752.0,753.0,133.0,0.0,2903.0,100.0,1187.0,9441.0,9067.0,-1138.0,28.0,17201.0,19412.0,-351.0,16880.0,345.0,1.0,27876.0,50.0,Pass
l3114.txm,26.0547,751.0,753.0,133.0,0.0,2906.0,100.0,1185.0,9446.0,9043.0,-1115.0,27.0,16814.0,19166.0,-298.0,17050.0,346.0,0.0,27966.0,50.0,Pass
l3114.txm,27.0703,751.0,754.0,135.0,0.0,2899.0,101.0,1185.0,9511.0,9051.0,-1229.0,28.0,16966.0,19216.0,-257.0,16160.0,347.0,0.0,27914.0,50.0,Pass
l3114.txm,28.0918,752.0,753.0,136.0,0.0,2909.0,100.0,1187.0,9460.0,9048.0,-1119.0,27.0,16700.0,19418.0,48.0,16596.0,349.0,0.0,27878.0,50.0,Pass
l3114.txm,29.1113,751.0,753.0,132.0,0.0,2898.0,100.0,1183.0,9453.0,9056.0,-2016.0,27.0,16828.0,19224.0,172.0,16428.0,342.0,0.0,27886.0,50.0,Pass
l3114.txm,30.1309,752.0,753.0,134.0,0.0,2895.0,100.0,1183.0,9464.0,9018.0,-1662.0,27.0,16693.0,19266.0,46.0,16340.0,355.0,0.0,27858.0,50.0,Pass
l3114.txm,31.1504,751.0,754.0,135.0,0.0,2897.0,100.0,1183.0,9521.0,8985.0,-1021.0,27.0,16599.0,19178.0,86.0,16684.0,344.0,0.0,27864.0,50.0,Pass
l3114.txm,32.1719,752.0,753.0,132.0,0.0,2901.0,101.0,1183.0,9438.0,9052.0,-1812.0,27.0,16436.0,19422.0,147.0,16522.0,355.0,0.0,27886.0,50.0,Pass
l3114.txm,33.1914,752.0,752.0,135.0,0.0,2897.0,100.0,1184.0,9479.0,9079.0,-1078.0,27.0,16819.0,19162.0,24.0,16352.0,355.0,0.0,27898.0,50.0,Pass
l3114.txm,34.2344,752.0,754.0,136.0,0.0,2897.0,100.0,1182.0,9433.0,9061.0,-1311.0,27.0,16742.0,19390.0,1022.0,16514.0,354.0,0.0,27870.0,50.0,Pass
l3114.txm,35.2305,752.0,753.0,135.0,0.0,2907.0,100.0,1183.0,9483.0,9014.0,-618.0,27.0,16514.0,19214.0,115.0,16176.0,345.0,1.0,28012.0,50.0,Pass
l3114.txm,36.252,752.0,754.0,134.0,0.0,2908.0,102.0,1184.0,9449.0,9081.0,-2384.0,27.0,16527.0,19208.0,-4.0,16874.0,348.0,1.0,27868.0,50.0,Pass
l3114.txm,37.2715,752.0,753.0,134.0,0.0,2902.0,101.0,1185.0,9492.0,9031.0,-3158.0,27.0,16459.0,19204.0,686.0,16776.0,349.0,0.0,27882.0,50.0,Pass
l3114.txm,38.3105,752.0,754.0,132.0,0.0,2900.0,100.0,1184.0,9539.0,8989.0,-1356.0,26.0,16549.0,19094.0,93.0,17240.0,344.0,1.0,27850.0,50.0,Pass
l3114.txm,39.332,752.0,754.0,135.0,0.0,2904.0,101.0,1183.0,9445.0,9047.0,-1975.0,27.0,16555.0,19240.0,-393.0,17082.0,344.0,1.0,28020.0,50.0,Pass
l3114.txm,40.3516,752.0,752.0,132.0,0.0,2906.0,102.0,1184.0,9459.0,9044.0,-2668.0,26.0,16667.0,19354.0,666.0,16566.0,350.0,0.0,27878.0,50.0,Pass
l3114.txm,41.3711,752.0,754.0,131.0,0.0,2903.0,100.0,1184.0,9475.0,9013.0,-1982.0,27.0,16277.0,19104.0,910.0,16372.0,349.0,0.0,27862.0,50.0,Pass
l3114.txm,42.3906,752.0,753.0,135.0,0.0,2902.0,100.0,1187.0,9459.0,9036.0,-2564.0,26.0,16549.0,19318.0,131.0,16498.0,358.0,0.0,27890.0,50.0,Pass
l3114.txm,43.4121,752.0,753.0,133.0,0.0,2903.0,101.0,1185.0,9485.0,9044.0,-2416.0,27.0,16371.0,19312.0,634.0,16636.0,348.0,0.0,27860.0,50.0,Pass
l3114.txm,44.4316,751.0,753.0,134.0,0.0,2900.0,101.0,1184.0,9472.0,9052.0,-2517.0,27.0,16569.0,19226.0,-86.0,16870.0,349.0,0.0,27950.0,50.0,Pass
l3114.txm,45.4512,752.0,753.0,131.0,0.0,2904.0,100.0,1186.0,9456.0,9065.0,-770.0,27.0,16343.0,19248.0,-617.0,16732.0,349.0,0.0,27880.0,50.0,Pass
l3114.txm,46.4961,751.0,754.0,132.0,0.0,2898.0,100.0,1184.0,9422.0,9072.0,-1746.0,27.0,16022.0,19338.0,358.0,15822.0,351.0,1.0,27904.0,50.0,Pass
l3114.txm,47.5508,752.0,753.0,132.0,0.0,2900.0,101.0,1183.0,9434.0,9065.0,-2647.0,27.0,16344.0,19400.0,-495.0,16740.0,348.0,1.0,27884.0,50.0,Pass
l3114.txm,48.5117,752.0,754.0,134.0,0.0,2890.0,100.0,1184.0,9501.0,8992.0,-2982.0,27.0,16691.0,19414.0,-281.0,16754.0,348.0,0.0,27972.0,50.0,Pass
l3114.txm,49.5312,752.0,754.0,134.0,0.0,2887.0,101.0,1183.0,9504.0,9004.0,-857.0,27.0,16527.0,19258.0,-52.0,17008.0,346.0,0.0,27894.0,49.0,Pass
l3114.txm,50.5488,752.0,754.0,125.0,0.0,2878.0,101.0,1184.0,9418.0,9036.0,-3362.0,27.0,16379.0,19398.0,70.0,16716.0,345.0,1.0,27774.0,49.0,Pass
l3114.txm,51.5684,752.0,751.0,133.0,0.0,2865.0,100.0,1184.0,9520.0,9017.0,-547.0,27.0,16660.0,19248.0,46.0,16784.0,349.0,0.0,27896.0,49.0,Pass
l3114.txm,52.5898,752.0,753.0,134.0,0.0,2829.0,101.0,1186.0,9492.0,9014.0,-2090.0,27.0,16706.0,19210.0,-270.0,17010.0,346.0,0.0,27830.0,49.0,Pass
l3114.txm,53.6094,752.0,755.0,134.0,0.0,2561.0,100.0,1188.0,9504.0,9022.0,98.0,27.0,16224.0,19268.0,-1067.0,16470.0,347.0,0.0,27786.0,50.0,Pass
l3114.txm,54.6289,752.0,755.0,132.0,0.0,2030.0,101.0,1193.0,9491.0,9009.0,242.0,27.0,16359.0,19550.0,-593.0,16648.0,351.0,0.0,27760.0,50.0,Pass
l3114.txm,55.6484,751.0,752.0,136.0,0.0,1697.0,101.0,1188.0,9456.0,8978.0,-1102.0,28.0,16461.0,19660.0,-538.0,17024.0,350.0,0.0,27682.0,50.0,Pass
l3114.txm,9.71875,751.0,753.0,135.0,0.0,1028.0,99.0,1262.0,9431.0,8980.0,-1589.0,30.0,16669.0,20118.0,-287.0,15954.0,347.0,0.0,27334.0,49.0,Pass
l3115.txm,9.71875,751.0,753.0,135.0,0.0,1028.0,99.0,1262.0,9431.0,8980.0,-1589.0,30.0,16669.0,20118.0,-287.0,15954.0,347.0,0.0,27334.0,49.0,Pass
l3115.txm,10.7637,751.0,752.0,134.0,0.0,998.0,101.0,1261.0,9478.0,8981.0,-952.0,30.0,16784.0,20112.0,127.0,16514.0,351.0,0.0,27512.0,49.0,Pass
l3115.txm,11.7871,751.0,753.0,135.0,0.0,971.0,101.0,1261.0,9413.0,9059.0,-1364.0,30.0,16476.0,20102.0,670.0,16642.0,343.0,0.0,27510.0,49.0,Pass
l3115.txm,12.8066,751.0,756.0,132.0,0.0,942.0,101.0,1240.0,9460.0,8999.0,-858.0,30.0,16686.0,20128.0,-511.0,17128.0,350.0,0.0,27352.0,50.0,Pass
l3115.txm,13.8281,751.0,753.0,133.0,0.0,1049.0,101.0,1193.0,9476.0,9052.0,2050.0,28.0,16917.0,20074.0,-78.0,15962.0,347.0,0.0,27308.0,50.0,Pass
l3115.txm,14.8477,751.0,752.0,131.0,0.0,2633.0,102.0,1138.0,9430.0,8940.0,-1514.0,29.0,16541.0,19200.0,-6.0,17912.0,351.0,1.0,28228.0,50.0,Pass
l3115.txm,15.8672,751.0,753.0,134.0,0.0,3016.0,101.0,1187.0,9430.0,9117.0,-506.0,30.0,16495.0,19514.0,-321.0,16418.0,343.0,0.0,27704.0,49.0,Pass
l3115.txm,16.8867,751.0,752.0,133.0,0.0,2945.0,101.0,1202.0,9466.0,9061.0,111.0,28.0,16751.0,19300.0,-270.0,16506.0,348.0,1.0,27786.0,49.0,Pass
l3115.txm,17.9355,751.0,753.0,132.0,0.0,2334.0,101.0,1206.0,9480.0,9078.0,1023.0,28.0,16709.0,19436.0,-29.0,16658.0,344.0,1.0,27898.0,49.0,Pass
l3115.txm,18.9277,751.0,752.0,132.0,0.0,2749.0,101.0,1156.0,9500.0,8948.0,-1206.0,30.0,16159.0,19362.0,86.0,16464.0,349.0,0.0,27868.0,50.0,Pass
l3115.txm,19.9473,751.0,753.0,133.0,0.0,2739.0,101.0,1194.0,9452.0,9029.0,-1735.0,29.0,16096.0,19386.0,-440.0,16534.0,358.0,0.0,27862.0,49.0,Pass
l3115.txm,20.9668,752.0,753.0,130.0,0.0,2791.0,101.0,1188.0,9523.0,8971.0,-911.0,28.0,16785.0,19688.0,-695.0,16818.0,346.0,0.0,27758.0,50.0,Pass
l3115.txm,21.9883,751.0,753.0,133.0,0.0,2806.0,101.0,1182.0,9421.0,9056.0,-1452.0,28.0,16914.0,19430.0,139.0,16514.0,349.0,0.0,27766.0,50.0,Pass
l3115.txm,23.0078,751.0,753.0,135.0,0.0,2841.0,102.0,1188.0,9501.0,9013.0,-1819.0,28.0,16925.0,19610.0,97.0,16404.0,350.0,1.0,27864.0,50.0,Pass
l3115.txm,24.0273,751.0,752.0,133.0,0.0,2890.0,102.0,1185.0,9458.0,9056.0,-1733.0,28.0,17073.0,19412.0,-317.0,16804.0,347.0,1.0,27880.0,50.0,Pass
l3115.txm,25.0469,751.0,753.0,133.0,0.0,2901.0,102.0,1183.0,9452.0,9014.0,-2806.0,28.0,16723.0,19270.0,-269.0,16390.0,349.0,0.0,27928.0,50.0,Pass
l3115.txm,26.0684,752.0,754.0,134.0,0.0,2903.0,101.0,1187.0,9470.0,9006.0,-2056.0,27.0,16679.0,19280.0,880.0,16606.0,350.0,0.0,28024.0,50.0,Pass
l3115.txm,27.0879,751.0,754.0,134.0,0.0,2905.0,100.0,1184.0,9488.0,8980.0,-2240.0,28.0,16448.0,19422.0,114.0,16948.0,347.0,0.0,27874.0,50.0,Pass
l3115.txm,28.1074,751.0,752.0,134.0,0.0,2904.0,100.0,1184.0,9472.0,8977.0,-1376.0,28.0,16737.0,19248.0,94.0,16876.0,339.0,1.0,27846.0,50.0,Pass
l3115.txm,29.127,751.0,754.0,133.0,0.0,2902.0,101.0,1183.0,9450.0,9048.0,-1413.0,28.0,16503.0,19420.0,502.0,16874.0,344.0,1.0,27870.0,50.0,Pass
l3115.txm,30.1738,751.0,753.0,135.0,0.0,2904.0,101.0,1188.0,9472.0,9016.0,-2469.0,27.0,16570.0,19440.0,1072.0,16276.0,356.0,0.0,27914.0,49.0,Pass
l3115.txm,31.168,752.0,754.0,134.0,0.0,2896.0,101.0,1184.0,9500.0,8999.0,-1662.0,28.0,16567.0,19416.0,832.0,16780.0,352.0,1.0,27868.0,49.0,Pass
l3115.txm,32.1875,752.0,753.0,133.0,0.0,2893.0,100.0,1184.0,9431.0,9075.0,-1315.0,27.0,16619.0,19242.0,-259.0,16620.0,345.0,0.0,27906.0,49.0,Pass
l3115.txm,33.207,752.0,754.0,134.0,0.0,2897.0,101.0,1185.0,9499.0,9034.0,-1984.0,27.0,16478.0,19382.0,79.0,16728.0,346.0,1.0,27898.0,49.0,Pass
l3115.txm,34.2285,752.0,754.0,134.0,0.0,2901.0,101.0,1185.0,9434.0,8995.0,-1473.0,27.0,16922.0,19314.0,156.0,16144.0,349.0,1.0,27802.0,49.0,Pass
l3115.txm,35.252,751.0,754.0,130.0,0.0,2904.0,100.0,1184.0,9501.0,9025.0,-1982.0,27.0,16375.0,19408.0,178.0,16502.0,352.0,1.0,27912.0,49.0,Pass
l3115.txm,36.2676,751.0,753.0,131.0,0.0,2907.0,100.0,1185.0,9458.0,9040.0,-1430.0,27.0,16568.0,19154.0,488.0,16826.0,350.0,0.0,27870.0,49.0,Pass
l3115.txm,37.2871,751.0,753.0,136.0,0.0,2902.0,100.0,1185.0,9526.0,8997.0,-1081.0,27.0,16506.0,19160.0,1136.0,17070.0,350.0,0.0,27770.0,49.0,Pass
l3115.txm,38.3066,752.0,752.0,130.0,0.0,2908.0,102.0,1185.0,9449.0,9053.0,-2032.0,27.0,16633.0,19428.0,57.0,16296.0,347.0,1.0,27890.0,49.0,Pass
l3115.txm,39.3301,751.0,754.0,133.0,0.0,2912.0,101.0,1187.0,9417.0,9071.0,-1912.0,27.0,16341.0,19146.0,14.0,17014.0,355.0,1.0,27892.0,49.0,Pass
l3115.txm,40.3477,751.0,753.0,133.0,0.0,2908.0,100.0,1185.0,9497.0,8998.0,-1896.0,27.0,16381.0,19064.0,-393.0,17018.0,349.0,0.0,27868.0,49.0,Pass
l3115.txm,41.3672,752.0,754.0,134.0,0.0,2911.0,101.0,1186.0,9400.0,9055.0,-1411.0,26.0,16614.0,19394.0,-490.0,16922.0,344.0,0.0,27898.0,49.0,Pass
l3115.txm,42.4375,751.0,754.0,136.0,0.0,2906.0,101.0,1186.0,9434.0,9057.0,-827.0,27.0,16568.0,19354.0,294.0,16764.0,346.0,1.0,27922.0,49.0,Pass
l3115.txm,43.4082,751.0,754.0,131.0,0.0,2909.0,101.0,1184.0,9432.0,9043.0,-1394.0,27.0,16714.0,19390.0,-27.0,16642.0,351.0,0.0,27920.0,49.0,Pass
l3115.txm,44.4277,752.0,752.0,131.0,0.0,2906.0,100.0,1184.0,9428.0,9027.0,-950.0,27.0,16741.0,19440.0,-69.0,16780.0,349.0,1.0,27848.0,49.0,Pass
l3115.txm,45.4473,752.0,755.0,132.0,0.0,2900.0,101.0,1185.0,9455.0,9029.0,-2031.0,27.0,16436.0,19254.0,362.0,16822.0,341.0,0.0,27864.0,49.0,Pass
l3115.txm,46.4668,752.0,753.0,133.0,0.0,2899.0,100.0,1184.0,9449.0,9051.0,-1607.0,27.0,16264.0,19354.0,194.0,16768.0,346.0,0.0,27848.0,49.0,Pass
l3115.txm,47.4883,752.0,754.0,126.0,0.0,2901.0,101.0,1184.0,9392.0,9054.0,-2299.0,27.0,16406.0,19160.0,-345.0,16916.0,351.0,0.0,27854.0,49.0,Pass
l3115.txm,48.5078,752.0,754.0,133.0,0.0,2891.0,100.0,1185.0,9433.0,9062.0,-2822.0,27.0,16217.0,19262.0,758.0,16728.0,351.0,0.0,27846.0,49.0,Pass
l3115.txm,49.5273,752.0,753.0,134.0,0.0,2894.0,101.0,1185.0,9432.0,9048.0,244.0,26.0,16722.0,19060.0,0.0,16452.0,355.0,0.0,27846.0,49.0,Pass
l3115.txm,50.5469,752.0,753.0,131.0,0.0,2889.0,100.0,1184.0,9480.0,9026.0,-2199.0,26.0,16518.0,19452.0,-400.0,16928.0,351.0,1.0,27910.0,49.0,Pass
l3115.txm,51.5684,751.0,755.0,136.0,0.0,2867.0,101.0,1184.0,9473.0,9009.0,-1029.0,27.0,16802.0,19342.0,0.0,16694.0,352.0,0.0,27870.0,49.0,Pass
l3115.txm,52.5879,752.0,755.0,133.0,0.0,2855.0,100.0,1183.0,9480.0,9001.0,-2632.0,27.0,16350.0,19272.0,-26.0,16904.0,352.0,0.0,27966.0,49.0,Pass
l3115.txm,53.6074,751.0,752.0,135.0,0.0,2818.0,102.0,1182.0,9478.0,9016.0,120.0,27.0,16164.0,19270.0,105.0,16652.0,350.0,0.0,27878.0,49.0,Pass
l3115.txm,54.6543,752.0,754.0,132.0,0.0,2500.0,100.0,1192.0,9439.0,9044.0,250.0,27.0,16437.0,19406.0,-969.0,17108.0,348.0,1.0,27766.0,50.0,Pass
l3115.txm,55.6797,752.0,753.0,135.0,1.0,2001.0,100.0,1191.0,9421.0,9061.0,634.0,27.0,16245.0,19536.0,-475.0,17028.0,347.0,0.0,27720.0,50.0,Pass
l3115.txm,56.6992,751.0,754.0,132.0,0.0,1679.0,99.0,1186.0,9499.0,8936.0,500.0,28.0,16431.0,19690.0,-517.0,16880.0,350.0,0.0,27746.0,50.0,Pass
l3115.txm,10.7129,751.0,753.0,135.0,0.0,1007.0,99.0,1263.0,9428.0,9022.0,-1047.0,30.0,16667.0,20116.0,-5.0,16342.0,342.0,0.0,27524.0,49.0,Pass
l3116.txm,10.7129,751.0,753.0,135.0,0.0,1007.0,99.0,1263.0,9428.0,9022.0,-1047.0,30.0,16667.0,20116.0,-5.0,16342.0,342.0,0.0,27524.0,49.0,Pass
l3116.txm,11.7324,751.0,753.0,135.0,0.0,984.0,100.0,1261.0,9507.0,8981.0,-1343.0,30.0,16661.0,20104.0,-303.0,16364.0,354.0,0.0,27502.0,49.0,Pass
l3116.txm,12.7754,751.0,752.0,134.0,0.0,951.0,100.0,1259.0,9471.0,8987.0,-1117.0,30.0,16359.0,20112.0,-382.0,16886.0,351.0,1.0,27492.0,49.0,Pass
l3116.txm,13.8008,751.0,753.0,132.0,0.0,927.0,101.0,1213.0,9469.0,9070.0,-336.0,30.0,16828.0,20272.0,-357.0,16554.0,344.0,0.0,27198.0,50.0,Pass
l3116.txm,14.8203,751.0,754.0,136.0,0.0,1350.0,101.0,1173.0,9513.0,9005.0,735.0,29.0,16456.0,20220.0,1050.0,15158.0,349.0,1.0,27554.0,50.0,Pass
l3116.txm,15.8398,751.0,753.0,133.0,0.0,2920.0,100.0,1154.0,9454.0,9074.0,-1855.0,28.0,16921.0,19228.0,34.0,16546.0,345.0,0.0,27738.0,49.0,Pass
l3116.txm,16.8594,751.0,752.0,135.0,0.0,2995.0,100.0,1190.0,9509.0,9012.0,-1652.0,30.0,16089.0,19690.0,-450.0,16570.0,347.0,1.0,27742.0,49.0,Pass
l3116.txm,17.8809,751.0,753.0,134.0,0.0,2731.0,100.0,1207.0,9500.0,9025.0,-507.0,28.0,16844.0,19290.0,-408.0,16742.0,351.0,0.0,27760.0,49.0,Pass
l3116.txm,18.9004,751.0,753.0,133.0,0.0,2429.0,100.0,1194.0,9469.0,8999.0,-474.0,29.0,16719.0,19760.0,764.0,16354.0,349.0,1.0,27850.0,50.0,Pass
l3116.txm,19.9492,751.0,754.0,135.0,0.0,2720.0,100.0,1161.0,9439.0,9034.0,-1240.0,28.0,16930.0,19398.0,-89.0,17104.0,352.0,0.0,27884.0,50.0,Pass
l3116.txm,20.9395,751.0,751.0,133.0,0.0,2752.0,101.0,1197.0,9472.0,9044.0,-1496.0,28.0,16693.0,19704.0,-51.0,16146.0,353.0,1.0,27734.0,49.0,Pass
l3116.txm,21.9609,752.0,754.0,129.0,0.0,2775.0,101.0,1183.0,9475.0,9010.0,-1811.0,28.0,16549.0,19592.0,16.0,16352.0,353.0,0.0,27746.0,50.0,Pass
l3116.txm,22.9805,751.0,752.0,130.0,0.0,2815.0,102.0,1183.0,9485.0,9016.0,-1709.0,28.0,16585.0,19366.0,-40.0,16212.0,343.0,0.0,27864.0,50.0,Pass
l3116.txm,24.0,751.0,753.0,133.0,0.0,2844.0,101.0,1187.0,9504.0,9020.0,-1138.0,28.0,16637.0,19242.0,115.0,16504.0,354.0,0.0,27918.0,50.0,Pass
l3116.txm,25.0195,752.0,753.0,131.0,0.0,2886.0,101.0,1184.0,9485.0,9039.0,-2090.0,28.0,16740.0,19364.0,-16.0,16802.0,349.0,1.0,27856.0,50.0,Pass
l3116.txm,26.041,752.0,753.0,134.0,0.0,2890.0,101.0,1188.0,9455.0,9038.0,-1054.0,28.0,16840.0,19242.0,55.0,16818.0,352.0,1.0,27850.0,50.0,Pass
l3116.txm,27.0605,752.0,754.0,130.0,0.0,2886.0,100.0,1186.0,9505.0,8969.0,-2145.0,28.0,16530.0,19434.0,322.0,16450.0,349.0,0.0,27790.0,50.0,Pass
l3116.txm,28.0801,751.0,754.0,129.0,0.0,2899.0,100.0,1186.0,9452.0,8996.0,-2664.0,28.0,16738.0,19374.0,111.0,15890.0,360.0,0.0,27840.0,50.0,Pass
l3116.txm,29.0996,752.0,754.0,134.0,0.0,2890.0,100.0,1183.0,9421.0,9002.0,-1075.0,28.0,16860.0,19428.0,88.0,16416.0,349.0,0.0,27760.0,50.0,Pass
l3116.txm,30.1211,752.0,754.0,136.0,0.0,2890.0,102.0,1184.0,9422.0,9032.0,-2395.0,27.0,16389.0,19420.0,530.0,16588.0,351.0,1.0,27918.0,50.0,Pass
l3116.txm,31.1406,751.0,753.0,136.0,0.0,2889.0,100.0,1182.0,9459.0,9026.0,-1918.0,28.0,16758.0,19208.0,140.0,16514.0,348.0,1.0,27920.0,50.0,Pass
l3116.txm,32.1875,752.0,752.0,134.0,0.0,2889.0,101.0,1184.0,9503.0,9028.0,-1046.0,27.0,16461.0,19226.0,10.0,15658.0,356.0,1.0,27882.0,50.0,Pass
l3116.txm,33.1797,751.0,753.0,129.0,0.0,2898.0,101.0,1184.0,9435.0,9056.0,-1822.0,27.0,16652.0,19304.0,-54.0,16534.0,342.0,0.0,27876.0,50.0,Pass
l3116.txm,34.2012,752.0,754.0,129.0,0.0,2897.0,100.0,1181.0,9501.0,8997.0,-2682.0,27.0,16641.0,19348.0,27.0,16700.0,350.0,0.0,27894.0,49.0,Pass
l3116.txm,35.2207,751.0,753.0,133.0,0.0,2893.0,100.0,1185.0,9466.0,9075.0,-1389.0,28.0,16726.0,19198.0,16.0,16688.0,344.0,1.0,27892.0,49.0,Pass
l3116.txm,36.2402,752.0,754.0,124.0,0.0,2892.0,101.0,1186.0,9476.0,9005.0,-2114.0,27.0,16464.0,19250.0,123.0,17074.0,349.0,1.0,27884.0,49.0,Pass
l3116.txm,37.2598,752.0,754.0,133.0,0.0,2890.0,100.0,1184.0,9458.0,9066.0,-529.0,27.0,16375.0,19432.0,566.0,16186.0,345.0,1.0,27858.0,49.0,Pass
l3116.txm,38.2812,751.0,753.0,133.0,0.0,2900.0,100.0,1187.0,9488.0,9018.0,-208.0,27.0,16500.0,19300.0,-21.0,16512.0,340.0,0.0,27856.0,49.0,Pass
l3116.txm,39.3008,751.0,753.0,134.0,0.0,2893.0,101.0,1186.0,9491.0,8997.0,-2904.0,28.0,16313.0,19178.0,-440.0,16456.0,345.0,0.0,27864.0,49.0,Pass
l3116.txm,40.3203,752.0,754.0,131.0,0.0,2893.0,100.0,1184.0,9474.0,8980.0,-2738.0,27.0,16236.0,19314.0,-399.0,16108.0,351.0,0.0,27844.0,49.0,Pass
l3116.txm,41.3398,751.0,752.0,137.0,0.0,2897.0,100.0,1184.0,9472.0,8989.0,-2960.0,27.0,16398.0,19134.0,59.0,16322.0,353.0,0.0,27898.0,49.0,Pass
l3116.txm,42.3594,752.0,753.0,135.0,0.0,2901.0,100.0,1187.0,9517.0,9025.0,-1411.0,27.0,16831.0,19268.0,-432.0,17064.0,348.0,0.0,27824.0,49.0,Pass
l3116.txm,43.3809,751.0,753.0,132.0,0.0,2895.0,101.0,1186.0,9502.0,9004.0,-553.0,27.0,16589.0,19094.0,9.0,16276.0,349.0,0.0,27884.0,49.0,Pass
l3116.txm,44.4258,752.0,753.0,130.0,0.0,2893.0,101.0,1186.0,9406.0,9028.0,-845.0,27.0,16229.0,19244.0,-399.0,16692.0,354.0,1.0,27886.0,49.0,Pass
l3116.txm,45.4199,751.0,753.0,133.0,0.0,2897.0,100.0,1186.0,9493.0,9018.0,-2509.0,27.0,16424.0,19372.0,-430.0,16382.0,346.0,1.0,27890.0,49.0,Pass
l3116.txm,46.4394,752.0,754.0,136.0,0.0,2893.0,102.0,1183.0,9438.0,9082.0,-2756.0,27.0,16341.0,19386.0,-626.0,16926.0,343.0,0.0,27886.0,49.0,Pass
l3116.txm,47.4609,752.0,754.0,133.0,0.0,2906.0,101.0,1187.0,9443.0,9077.0,-184.0,28.0,16531.0,19190.0,-357.0,16582.0,349.0,1.0,28010.0,49.0,Pass
l3116.txm,48.4805,752.0,752.0,134.0,0.0,2890.0,100.0,1186.0,9465.0,8985.0,-616.0,27.0,16404.0,19382.0,108.0,16956.0,343.0,0.0,27880.0,49.0,Pass
l3116.txm,49.5,752.0,755.0,132.0,0.0,2895.0,101.0,1186.0,9447.0,9026.0,-1477.0,27.0,16090.0,19258.0,33.0,15958.0,346.0,0.0,27850.0,49.0,Pass
l3116.txm,50.5195,752.0,753.0,131.0,0.0,2883.0,101.0,1184.0,9482.0,8991.0,-2436.0,27.0,16389.0,19188.0,-709.0,16436.0,346.0,0.0,27830.0,49.0,Pass
l3116.txm,51.5449,752.0,754.0,133.0,0.0,2879.0,101.0,1184.0,9483.0,9015.0,-1850.0,27.0,16159.0,19376.0,12.0,16400.0,349.0,1.0,27824.0,49.0,Pass
l3116.txm,52.5605,752.0,753.0,135.0,0.0,2858.0,101.0,1185.0,9465.0,9079.0,-171.0,27.0,16589.0,19386.0,-31.0,16474.0,342.0,1.0,27870.0,49.0,Pass
l3116.txm,53.584,751.0,752.0,134.0,0.0,2846.0,101.0,1183.0,9445.0,9060.0,-2568.0,27.0,16340.0,19284.0,-297.0,16564.0,357.0,0.0,28006.0,49.0,Pass
l3116.txm,54.5996,752.0,754.0,129.0,0.0,2742.0,101.0,1187.0,9464.0,9007.0,-2261.0,27.0,16426.0,19278.0,-715.0,16792.0,351.0,0.0,27870.0,49.0,Pass
l3116.txm,55.6211,752.0,754.0,132.0,0.0,2265.0,100.0,1198.0,9525.0,9035.0,474.0,26.0,16653.0,19454.0,-92.0,16636.0,352.0,0.0,27754.0,50.0,Pass
l3116.txm,56.668,752.0,753.0,133.0,0.0,1818.0,101.0,1189.0,9435.0,9024.0,336.0,27.0,16441.0,19600.0,-748.0,17160.0,344.0,0.0,27634.0,50.0,Pass
l3116.txm,57.6602,752.0,753.0,135.0,0.0,1532.0,101.0,1188.0,9440.0,9004.0,-10.0,28.0,16385.0,19780.0,-639.0,16830.0,347.0,0.0,27568.0,50.0,Pass
l3116.txm,10.252,751.0,752.0,135.0,0.0,1056.0,101.0,1265.0,9495.0,9004.0,-898.0,30.0,16835.0,20014.0,-782.0,15974.0,347.0,0.0,27330.0,49.0,Pass
l3117.txm,10.252,751.0,752.0,135.0,0.0,1056.0,101.0,1265.0,9495.0,9004.0,-898.0,30.0,16835.0,20014.0,-782.0,15974.0,347.0,0.0,27330.0,49.0,Pass
l3117.txm,11.3965,751.0,754.0,136.0,0.0,998.0,101.0,1264.0,9463.0,9029.0,-1658.0,30.0,16468.0,20112.0,-281.0,16292.0,346.0,0.0,27504.0,49.0,Pass
l3117.txm,12.3281,751.0,752.0,132.0,0.0,971.0,101.0,1259.0,9486.0,8991.0,-1865.0,30.0,16327.0,20092.0,88.0,16648.0,354.0,1.0,27490.0,49.0,Pass
l3117.txm,13.3477,751.0,753.0,134.0,0.0,944.0,101.0,1235.0,9447.0,9056.0,-1163.0,30.0,16565.0,20106.0,-502.0,16832.0,355.0,0.0,27326.0,50.0,Pass
l3117.txm,14.3672,751.0,755.0,134.0,0.0,955.0,101.0,1200.0,9532.0,9007.0,215.0,28.0,16947.0,20376.0,-341.0,16318.0,358.0,0.0,27198.0,50.0,Pass
l3117.txm,15.3867,751.0,752.0,133.0,0.0,2521.0,100.0,1146.0,9463.0,9032.0,1828.0,29.0,16111.0,19366.0,624.0,17104.0,352.0,0.0,28092.0,50.0,Pass
l3117.txm,16.4082,751.0,753.0,136.0,0.0,3001.0,101.0,1177.0,9487.0,8996.0,-2045.0,29.0,16349.0,19604.0,-653.0,16634.0,346.0,0.0,27756.0,49.0,Pass
l3117.txm,17.4277,751.0,753.0,133.0,0.0,2970.0,102.0,1205.0,9458.0,9139.0,2279.0,28.0,16723.0,19402.0,-408.0,16352.0,340.0,0.0,27754.0,49.0,Pass
l3117.txm,18.4473,751.0,751.0,131.0,0.0,2370.0,102.0,1207.0,9472.0,8962.0,-426.0,29.0,15997.0,19494.0,-765.0,16472.0,351.0,1.0,27768.0,49.0,Pass
l3117.txm,19.4668,751.0,753.0,132.0,0.0,2680.0,100.0,1165.0,9427.0,9006.0,-1543.0,28.0,16914.0,19412.0,116.0,16958.0,350.0,0.0,28010.0,50.0,Pass
l3117.txm,20.4883,751.0,752.0,131.0,0.0,2719.0,102.0,1187.0,9432.0,9049.0,-2079.0,28.0,16831.0,19506.0,-891.0,16084.0,349.0,0.0,27760.0,49.0,Pass
l3117.txm,21.5078,752.0,753.0,134.0,0.0,2755.0,101.0,1189.0,9431.0,9080.0,-202.0,28.0,16749.0,19330.0,-506.0,16600.0,350.0,0.0,27636.0,50.0,Pass
l3117.txm,23.0352,751.0,753.0,134.0,0.0,2799.0,100.0,1183.0,9479.0,9051.0,-1362.0,28.0,16684.0,19432.0,-282.0,16034.0,360.0,1.0,27788.0,50.0,Pass
l3117.txm,24.0547,752.0,754.0,133.0,0.0,2840.0,101.0,1185.0,9498.0,8995.0,-852.0,29.0,16743.0,19298.0,516.0,16570.0,349.0,0.0,27870.0,50.0,Pass
l3117.txm,25.0762,752.0,752.0,132.0,0.0,2885.0,101.0,1184.0,9456.0,9025.0,-1139.0,28.0,17053.0,19334.0,1014.0,16294.0,345.0,1.0,27896.0,50.0,Pass
l3117.txm,26.0957,751.0,753.0,133.0,0.0,2897.0,100.0,1186.0,9436.0,9010.0,-2200.0,28.0,16531.0,19176.0,70.0,16538.0,349.0,0.0,27876.0,50.0,Pass
l3117.txm,27.1152,752.0,754.0,136.0,0.0,2905.0,100.0,1189.0,9481.0,9000.0,-1820.0,28.0,16857.0,19256.0,-45.0,17076.0,352.0,1.0,27956.0,50.0,Pass
l3117.txm,28.1348,752.0,754.0,135.0,0.0,2906.0,101.0,1185.0,9450.0,9030.0,-1506.0,28.0,16493.0,19130.0,0.0,16812.0,351.0,0.0,27852.0,50.0,Pass
l3117.txm,29.1563,752.0,754.0,136.0,0.0,2903.0,102.0,1185.0,9485.0,9001.0,-1822.0,27.0,16609.0,19100.0,-3.0,16790.0,350.0,0.0,27910.0,50.0,Pass
l3117.txm,30.2012,752.0,755.0,133.0,0.0,2896.0,101.0,1184.0,9426.0,9047.0,-1554.0,27.0,16495.0,19392.0,-284.0,16458.0,353.0,1.0,27864.0,50.0,Pass
l3117.txm,31.1953,752.0,754.0,136.0,0.0,2902.0,101.0,1183.0,9471.0,8987.0,-1265.0,28.0,16540.0,19402.0,-26.0,16396.0,357.0,1.0,27888.0,50.0,Pass
l3117.txm,32.2148,751.0,754.0,134.0,0.0,2902.0,100.0,1184.0,9452.0,9023.0,-1717.0,27.0,16288.0,19404.0,-332.0,16234.0,354.0,0.0,27876.0,50.0,Pass
l3117.txm,33.2363,752.0,754.0,136.0,0.0,2903.0,100.0,1185.0,9506.0,9009.0,-937.0,27.0,16815.0,19262.0,880.0,16648.0,360.0,1.0,27912.0,50.0,Pass
l3117.txm,34.2559,752.0,753.0,134.0,0.0,2900.0,102.0,1184.0,9441.0,9033.0,-553.0,27.0,17034.0,19318.0,572.0,16982.0,357.0,0.0,27896.0,50.0,Pass
l3117.txm,35.2754,752.0,754.0,141.0,0.0,2901.0,101.0,1185.0,9455.0,9004.0,-1375.0,27.0,16611.0,19206.0,125.0,16512.0,344.0,1.0,27926.0,50.0,Pass
l3117.txm,36.2949,752.0,754.0,135.0,0.0,2903.0,101.0,1185.0,9468.0,9025.0,-1284.0,27.0,17016.0,19358.0,5.0,16732.0,345.0,1.0,27866.0,50.0,Pass
l3117.txm,37.3164,751.0,754.0,132.0,0.0,2901.0,102.0,1186.0,9421.0,9045.0,-1900.0,26.0,16829.0,19384.0,130.0,16802.0,342.0,0.0,27880.0,50.0,Pass
l3117.txm,38.3359,752.0,754.0,133.0,0.0,2906.0,101.0,1185.0,9460.0,8984.0,-975.0,27.0,16916.0,19390.0,46.0,17086.0,345.0,1.0,27918.0,50.0,Pass
l3117.txm,39.3555,751.0,753.0,132.0,0.0,2899.0,100.0,1184.0,9518.0,9009.0,-941.0,27.0,16466.0,19420.0,100.0,16976.0,351.0,0.0,27878.0,50.0,Pass
l3117.txm,40.375,751.0,754.0,135.0,0.0,2906.0,101.0,1184.0,9453.0,9003.0,-628.0,27.0,16783.0,19108.0,61.0,16804.0,351.0,1.0,27924.0,50.0,Pass
l3117.txm,41.3965,751.0,753.0,133.0,0.0,2904.0,100.0,1184.0,9448.0,9061.0,-1123.0,27.0,16851.0,19430.0,408.0,16310.0,353.0,0.0,27870.0,50.0,Pass
l3117.txm,42.4414,752.0,753.0,135.0,0.0,2899.0,101.0,1187.0,9449.0,9037.0,-553.0,26.0,16684.0,19248.0,-361.0,16722.0,342.0,0.0,27838.0,50.0,Pass
l3117.txm,43.4355,751.0,753.0,132.0,0.0,2903.0,100.0,1184.0,9433.0,9058.0,-2649.0,27.0,16407.0,19260.0,85.0,16868.0,350.0,1.0,27904.0,50.0,Pass
l3117.txm,44.4551,752.0,753.0,135.0,0.0,2895.0,101.0,1184.0,9449.0,9002.0,-697.0,27.0,16673.0,19282.0,-77.0,17146.0,345.0,0.0,27874.0,50.0,Pass
l3117.txm,45.4766,752.0,754.0,136.0,0.0,2897.0,100.0,1184.0,9490.0,9040.0,-772.0,27.0,16332.0,19206.0,1.0,16894.0,348.0,0.0,27906.0,50.0,Pass
l3117.txm,46.4961,752.0,754.0,133.0,0.0,2902.0,102.0,1186.0,9456.0,9070.0,-2048.0,27.0,16471.0,19404.0,-440.0,17086.0,348.0,0.0,27842.0,50.0,Pass
l3117.txm,47.5195,751.0,754.0,133.0,0.0,2894.0,101.0,1185.0,9483.0,9068.0,-1438.0,27.0,16816.0,19162.0,21.0,16588.0,351.0,0.0,27896.0,50.0,Pass
l3117.txm,48.5352,751.0,753.0,134.0,0.0,2894.0,101.0,1184.0,9465.0,9052.0,-166.0,27.0,16626.0,19224.0,82.0,16816.0,348.0,0.0,27870.0,50.0,Pass
l3117.txm,49.5605,751.0,752.0,137.0,0.0,2880.0,102.0,1184.0,9445.0,9029.0,-2507.0,27.0,16734.0,19216.0,34.0,16480.0,346.0,0.0,27962.0,50.0,Pass
l3117.txm,50.5781,752.0,754.0,137.0,0.0,2882.0,100.0,1185.0,9435.0,9060.0,-2001.0,27.0,16607.0,19294.0,1058.0,16710.0,358.0,1.0,27898.0,50.0,Pass
l3117.txm,51.5957,752.0,755.0,133.0,0.0,2861.0,100.0,1184.0,9478.0,9049.0,-2839.0,27.0,16737.0,19370.0,-306.0,16024.0,354.0,1.0,27924.0,50.0,Pass
l3117.txm,52.6152,752.0,753.0,132.0,0.0,2841.0,100.0,1184.0,9416.0,9082.0,-2838.0,27.0,16130.0,19394.0,156.0,16792.0,351.0,0.0,27890.0,50.0,Pass
l3117.txm,53.6367,752.0,753.0,134.0,0.0,2689.0,101.0,1190.0,9454.0,9031.0,-1205.0,27.0,16742.0,19302.0,-556.0,16882.0,346.0,1.0,27852.0,50.0,Pass
l3117.txm,54.6836,751.0,752.0,135.0,0.0,2186.0,100.0,1190.0,9427.0,9044.0,1058.0,27.0,16144.0,19556.0,-769.0,16582.0,344.0,1.0,27754.0,50.0,Pass
l3117.txm,55.6758,752.0,755.0,135.0,0.0,1807.0,100.0,1195.0,9458.0,8989.0,-710.0,28.0,16152.0,19614.0,-62.0,17106.0,350.0,0.0,27714.0,50.0,Pass
l3117.txm,56.6973,752.0,754.0,134.0,0.0,1459.0,101.0,1187.0,9434.0,9018.0,-21.0,29.0,16186.0,19770.0,-582.0,17006.0,342.0,0.0,27560.0,50.0,Pass
l3117.txm,10.1973,751.0,753.0,136.0,0.0,1017.0,100.0,1262.0,9459.0,9045.0,-1783.0,29.0,16798.0,20126.0,-491.0,16274.0,343.0,0.0,27422.0,49.0,Pass
l3118.txm,10.1973,751.0,753.0,136.0,0.0,1017.0,100.0,1262.0,9459.0,9045.0,-1783.0,29.0,16798.0,20126.0,-491.0,16274.0,343.0,0.0,27422.0,49.0,Pass
l3118.txm,11.2168,751.0,752.0,134.0,0.0,983.0,100.0,1261.0,9501.0,8984.0,-1852.0,29.0,16568.0,20098.0,143.0,16290.0,349.0,1.0,27512.0,49.0,Pass
l3118.txm,12.2383,751.0,752.0,135.0,0.0,949.0,102.0,1259.0,9510.0,8979.0,-1859.0,30.0,16895.0,20106.0,-307.0,16722.0,346.0,0.0,27502.0,49.0,Pass
l3118.txm,13.2578,751.0,753.0,131.0,0.0,931.0,99.0,1226.0,9471.0,9011.0,-1470.0,29.0,16774.0,20116.0,-539.0,16814.0,344.0,0.0,27266.0,50.0,Pass
l3118.txm,14.2773,752.0,755.0,132.0,0.0,1205.0,100.0,1183.0,9485.0,9006.0,651.0,29.0,16661.0,20088.0,690.0,15480.0,344.0,0.0,27318.0,50.0,Pass
l3118.txm,15.2969,752.0,754.0,136.0,0.0,2869.0,101.0,1147.0,9455.0,8965.0,-2054.0,29.0,16233.0,19258.0,-614.0,17182.0,348.0,0.0,27846.0,49.0,Pass
l3118.txm,16.3164,751.0,753.0,134.0,0.0,2989.0,101.0,1186.0,9471.0,9047.0,-2005.0,28.0,16634.0,19494.0,-84.0,15966.0,354.0,0.0,27716.0,49.0,Pass
l3118.txm,17.3379,751.0,752.0,132.0,0.0,2810.0,102.0,1204.0,9522.0,9036.0,999.0,28.0,16685.0,19542.0,-75.0,16780.0,348.0,1.0,27956.0,49.0,Pass
l3118.txm,18.3574,751.0,753.0,132.0,0.0,2308.0,101.0,1204.0,9488.0,8996.0,-167.0,28.0,16522.0,19432.0,-847.0,16304.0,357.0,0.0,27758.0,50.0,Pass
l3118.txm,19.377,751.0,752.0,132.0,0.0,2722.0,100.0,1155.0,9436.0,9057.0,-1986.0,28.0,16599.0,19450.0,-303.0,16162.0,347.0,0.0,27806.0,50.0,Pass
l3118.txm,20.4238,751.0,752.0,136.0,0.0,2744.0,100.0,1195.0,9512.0,8986.0,-1581.0,28.0,16772.0,19422.0,-45.0,16256.0,350.0,0.0,27812.0,49.0,Pass
l3118.txm,21.4473,751.0,753.0,132.0,0.0,2761.0,100.0,1189.0,9493.0,9045.0,-1225.0,28.0,17108.0,19626.0,-34.0,16548.0,355.0,1.0,27818.0,50.0,Pass
l3118.txm,22.4668,752.0,753.0,135.0,0.0,2817.0,101.0,1181.0,9528.0,9012.0,-1227.0,28.0,16881.0,19478.0,-15.0,16302.0,349.0,0.0,27878.0,50.0,Pass
l3118.txm,23.4883,751.0,752.0,133.0,0.0,2858.0,101.0,1187.0,9462.0,9073.0,-1593.0,27.0,17032.0,19278.0,-379.0,16560.0,348.0,0.0,27712.0,50.0,Pass
l3118.txm,24.5078,751.0,753.0,132.0,0.0,2879.0,102.0,1185.0,9500.0,9019.0,-2122.0,27.0,16864.0,19498.0,34.0,16176.0,348.0,0.0,27866.0,50.0,Pass
l3118.txm,25.5273,752.0,754.0,131.0,0.0,2894.0,102.0,1184.0,9477.0,8990.0,-1858.0,27.0,16629.0,19172.0,-287.0,16386.0,357.0,0.0,27838.0,50.0,Pass
l3118.txm,26.5469,752.0,753.0,135.0,0.0,2896.0,101.0,1187.0,9441.0,9068.0,-950.0,28.0,17066.0,19146.0,-80.0,16512.0,350.0,0.0,27820.0,50.0,Pass
l3118.txm,27.5664,751.0,753.0,134.0,0.0,2905.0,101.0,1183.0,9443.0,9027.0,-1207.0,28.0,16938.0,19396.0,-29.0,16680.0,345.0,0.0,27894.0,50.0,Pass
l3118.txm,28.5879,751.0,753.0,132.0,0.0,2898.0,101.0,1183.0,9438.0,8999.0,-1278.0,27.0,16856.0,19388.0,1224.0,16170.0,345.0,0.0,27862.0,50.0,Pass
l3118.txm,29.6074,752.0,754.0,131.0,0.0,2899.0,101.0,1184.0,9479.0,9055.0,-1188.0,27.0,16760.0,19238.0,-81.0,16422.0,356.0,0.0,27836.0,49.0,Pass
l3118.txm,30.627,752.0,754.0,136.0,0.0,2900.0,101.0,1182.0,9434.0,9040.0,-1213.0,27.0,16892.0,19312.0,466.0,16746.0,343.0,1.0,27874.0,49.0,Pass
l3118.txm,31.6465,752.0,753.0,133.0,0.0,2889.0,102.0,1184.0,9462.0,9025.0,-902.0,27.0,16638.0,19364.0,380.0,16408.0,352.0,0.0,27892.0,49.0,Pass
l3118.txm,32.6934,752.0,753.0,133.0,0.0,2893.0,102.0,1184.0,9462.0,8963.0,-1416.0,27.0,16531.0,19310.0,758.0,16226.0,357.0,1.0,27826.0,49.0,Pass
l3118.txm,33.7168,751.0,754.0,136.0,0.0,2900.0,101.0,1189.0,9434.0,9078.0,-2313.0,27.0,16714.0,19290.0,424.0,16560.0,357.0,0.0,27858.0,49.0,Pass
l3118.txm,34.7383,752.0,752.0,133.0,0.0,2894.0,100.0,1184.0,9454.0,9064.0,-2333.0,27.0,16386.0,19226.0,768.0,16388.0,356.0,0.0,27836.0,49.0,Pass
l3118.txm,35.7578,752.0,753.0,132.0,0.0,2897.0,100.0,1188.0,9522.0,8983.0,-2316.0,27.0,16432.0,19162.0,95.0,16280.0,344.0,1.0,27888.0,49.0,Pass
l3118.txm,36.7773,752.0,754.0,133.0,0.0,2898.0,100.0,1184.0,9464.0,9015.0,-2800.0,27.0,16891.0,19208.0,-471.0,16988.0,349.0,0.0,27782.0,49.0,Pass
l3118.txm,37.7969,752.0,754.0,136.0,0.0,2899.0,101.0,1186.0,9430.0,9075.0,-1021.0,27.0,16828.0,19168.0,149.0,16626.0,344.0,0.0,27878.0,49.0,Pass
l3118.txm,38.8164,751.0,754.0,131.0,0.0,2889.0,100.0,1186.0,9447.0,9037.0,-1929.0,27.0,16352.0,19258.0,84.0,16040.0,356.0,0.0,27848.0,49.0,Pass
l3118.txm,39.8379,752.0,753.0,137.0,0.0,2898.0,100.0,1186.0,9472.0,9052.0,-198.0,27.0,16683.0,19338.0,578.0,16968.0,344.0,1.0,27822.0,49.0,Pass
l3118.txm,40.8574,752.0,753.0,132.0,0.0,2891.0,102.0,1184.0,9461.0,9050.0,-2262.0,27.0,16426.0,19338.0,-42.0,16468.0,352.0,0.0,27804.0,49.0,Pass
l3118.txm,41.8828,752.0,753.0,132.0,0.0,2896.0,101.0,1186.0,9439.0,9070.0,-876.0,27.0,16834.0,19410.0,-678.0,16740.0,348.0,0.0,27838.0,49.0,Pass
l3118.txm,42.9082,751.0,754.0,132.0,0.0,2888.0,100.0,1187.0,9461.0,9013.0,-38.0,27.0,16218.0,19142.0,7.0,16856.0,342.0,0.0,27862.0,49.0,Pass
l3118.txm,43.9277,752.0,752.0,130.0,0.0,2889.0,100.0,1187.0,9446.0,9031.0,-1663.0,27.0,16129.0,19392.0,650.0,16602.0,356.0,0.0,27872.0,49.0,Pass
l3118.txm,44.9746,752.0,754.0,132.0,0.0,2891.0,101.0,1185.0,9448.0,9090.0,-3180.0,27.0,16418.0,19306.0,954.0,16484.0,349.0,0.0,27858.0,49.0,Pass
l3118.txm,45.9961,752.0,753.0,134.0,0.0,2887.0,100.0,1185.0,9472.0,8980.0,-400.0,27.0,16631.0,19372.0,-285.0,16768.0,348.0,0.0,27860.0,49.0,Pass
l3118.txm,47.0156,751.0,754.0,135.0,0.0,2882.0,100.0,1183.0,9514.0,9008.0,-685.0,27.0,16436.0,19420.0,-445.0,16716.0,337.0,1.0,27894.0,49.0,Pass
l3118.txm,48.0352,752.0,753.0,134.0,0.0,2884.0,101.0,1185.0,9459.0,9030.0,-2708.0,27.0,16265.0,19138.0,-335.0,16348.0,357.0,0.0,27868.0,49.0,Pass
l3118.txm,49.0547,752.0,752.0,133.0,0.0,2874.0,101.0,1186.0,9440.0,9034.0,-571.0,27.0,16441.0,19246.0,127.0,16556.0,356.0,0.0,27844.0,49.0,Pass
l3118.txm,50.0762,752.0,753.0,132.0,0.0,2868.0,101.0,1186.0,9447.0,9030.0,-2179.0,27.0,16474.0,19226.0,99.0,16470.0,353.0,0.0,27998.0,49.0,Pass
l3118.txm,51.0957,752.0,754.0,134.0,0.0,2857.0,100.0,1187.0,9436.0,9014.0,-1092.0,27.0,16208.0,19202.0,105.0,16218.0,349.0,0.0,27848.0,49.0,Pass
l3118.txm,52.1406,752.0,753.0,133.0,0.0,2834.0,101.0,1185.0,9495.0,8994.0,-1526.0,27.0,16432.0,19192.0,136.0,16222.0,350.0,0.0,27894.0,49.0,Pass
l3118.txm,53.1348,752.0,754.0,133.0,0.0,2731.0,101.0,1187.0,9442.0,9057.0,203.0,26.0,16312.0,19310.0,141.0,16538.0,346.0,0.0,27870.0,49.0,Pass
l3118.txm,54.1562,752.0,753.0,131.0,0.0,2352.0,101.0,1193.0,9424.0,9073.0,51.0,26.0,16735.0,19346.0,-756.0,16464.0,345.0,0.0,27780.0,50.0,Pass
l3118.txm,55.1777,752.0,754.0,134.0,0.0,1844.0,100.0,1188.0,9430.0,9072.0,217.0,27.0,16419.0,19638.0,-31.0,16446.0,349.0,1.0,27748.0,50.0,Pass
l3118.txm,56.1973,752.0,754.0,133.0,0.0,1551.0,100.0,1189.0,9481.0,8952.0,-471.0,28.0,16340.0,19772.0,-553.0,16452.0,346.0,0.0,27516.0,50.0,Pass
l3118.txm,10.7285,751.0,753.0,133.0,0.0,1012.0,101.0,1261.0,9434.0,9028.0,-1609.0,29.0,16640.0,20110.0,108.0,16254.0,354.0,0.0,27486.0,49.0,Pass
l3119.txm,10.7285,751.0,753.0,133.0,0.0,1012.0,101.0,1261.0,9434.0,9028.0,-1609.0,29.0,16640.0,20110.0,108.0,16254.0,354.0,0.0,27486.0,49.0,Pass
l3119.txm,11.752,751.0,753.0,133.0,0.0,983.0,100.0,1260.0,9423.0,9061.0,-1748.0,30.0,16479.0,20098.0,-290.0,16450.0,350.0,0.0,27500.0,49.0,Pass
l3119.txm,12.7949,751.0,753.0,134.0,0.0,954.0,100.0,1259.0,9419.0,9070.0,-1126.0,30.0,16296.0,20100.0,69.0,16798.0,355.0,0.0,27482.0,49.0,Pass
l3119.txm,13.7891,751.0,753.0,135.0,0.0,935.0,100.0,1224.0,9429.0,9055.0,-640.0,30.0,17003.0,20156.0,-439.0,16664.0,352.0,0.0,27238.0,50.0,Pass
l3119.txm,14.8086,752.0,754.0,132.0,0.0,1219.0,101.0,1180.0,9520.0,9037.0,1243.0,28.0,16560.0,20346.0,1016.0,15256.0,352.0,1.0,27560.0,50.0,Pass
l3119.txm,15.8281,751.0,754.0,134.0,0.0,2772.0,102.0,1138.0,9465.0,8959.0,-1566.0,30.0,16215.0,19376.0,-429.0,16994.0,351.0,0.0,27992.0,50.0,Pass
l3119.txm,16.8477,751.0,753.0,132.0,0.0,3005.0,100.0,1191.0,9440.0,9090.0,-1148.0,30.0,16416.0,19518.0,-773.0,16634.0,352.0,0.0,27644.0,49.0,Pass
l3119.txm,17.8691,751.0,752.0,135.0,0.0,2790.0,102.0,1208.0,9503.0,9027.0,-1027.0,28.0,17070.0,19380.0,-356.0,16448.0,347.0,0.0,27754.0,49.0,Pass
l3119.txm,18.8887,751.0,752.0,135.0,0.0,2265.0,100.0,1202.0,9461.0,9027.0,697.0,29.0,16680.0,19676.0,514.0,16376.0,350.0,0.0,27798.0,50.0,Pass
l3119.txm,19.9082,751.0,753.0,125.0,0.0,2745.0,100.0,1159.0,9462.0,9025.0,-736.0,29.0,16358.0,19356.0,-54.0,16816.0,353.0,0.0,27924.0,50.0,Pass
l3119.txm,20.9277,752.0,752.0,136.0,0.0,2766.0,100.0,1193.0,9513.0,8950.0,-1545.0,29.0,16562.0,19254.0,-767.0,16698.0,345.0,0.0,27878.0,49.0,Pass
l3119.txm,21.9492,751.0,753.0,133.0,0.0,2784.0,101.0,1186.0,9515.0,8950.0,-1880.0,29.0,16409.0,19582.0,138.0,16198.0,347.0,1.0,27832.0,50.0,Pass
l3119.txm,22.9688,752.0,753.0,132.0,0.0,2795.0,102.0,1188.0,9459.0,9038.0,-1247.0,27.0,16569.0,19490.0,93.0,16114.0,354.0,0.0,27812.0,50.0,Pass
l3119.txm,23.9883,751.0,753.0,133.0,0.0,2858.0,101.0,1186.0,9463.0,9051.0,-739.0,27.0,17080.0,19384.0,-259.0,16660.0,351.0,0.0,27870.0,50.0,Pass
l3119.txm,25.0078,751.0,752.0,132.0,0.0,2883.0,101.0,1183.0,9507.0,9017.0,-857.0,27.0,16972.0,19196.0,1.0,16722.0,345.0,1.0,27862.0,50.0,Pass
l3119.txm,26.0293,752.0,753.0,133.0,0.0,2895.0,101.0,1185.0,9481.0,9026.0,-1738.0,26.0,17163.0,19358.0,0.0,16408.0,349.0,0.0,27898.0,50.0,Pass
l3119.txm,27.0488,752.0,754.0,136.0,0.0,2893.0,101.0,1185.0,9462.0,9041.0,-1366.0,27.0,16808.0,19310.0,-376.0,16634.0,348.0,1.0,27856.0,50.0,Pass
l3119.txm,28.0684,751.0,753.0,135.0,0.0,2899.0,101.0,1184.0,9460.0,9067.0,-1294.0,27.0,16949.0,19146.0,-724.0,16732.0,350.0,0.0,27918.0,50.0,Pass
l3119.txm,29.0879,752.0,754.0,135.0,0.0,2896.0,100.0,1185.0,9476.0,9027.0,-860.0,27.0,17165.0,19212.0,146.0,16766.0,350.0,0.0,27900.0,50.0,Pass
l3119.txm,30.1094,752.0,753.0,133.0,0.0,2896.0,100.0,1182.0,9452.0,9061.0,-1088.0,27.0,17152.0,19202.0,103.0,16768.0,348.0,1.0,27958.0,50.0,Pass
l3119.txm,31.1289,752.0,754.0,133.0,0.0,2901.0,102.0,1183.0,9480.0,9028.0,-2034.0,26.0,16863.0,19358.0,130.0,16178.0,350.0,1.0,27904.0,50.0,Pass
l3119.txm,32.1738,752.0,754.0,133.0,0.0,2900.0,101.0,1185.0,9474.0,9059.0,-2099.0,27.0,16553.0,19190.0,-13.0,16434.0,352.0,1.0,27904.0,50.0,Pass
l3119.txm,33.168,752.0,753.0,134.0,0.0,2897.0,100.0,1186.0,9422.0,9047.0,-926.0,27.0,16884.0,19434.0,-301.0,16712.0,345.0,0.0,27954.0,49.0,Pass
l3119.txm,34.1875,752.0,753.0,135.0,0.0,2896.0,100.0,1184.0,9487.0,9007.0,-824.0,27.0,16946.0,19324.0,69.0,17018.0,347.0,1.0,27882.0,49.0,Pass
l3119.txm,35.209,752.0,753.0,136.0,0.0,2906.0,100.0,1186.0,9515.0,9025.0,-1587.0,27.0,16673.0,19336.0,-490.0,16658.0,344.0,0.0,27870.0,49.0,Pass
l3119.txm,36.2285,751.0,754.0,133.0,0.0,2894.0,100.0,1183.0,9445.0,9027.0,-1621.0,27.0,16687.0,19324.0,-671.0,16680.0,351.0,0.0,27852.0,49.0,Pass
l3119.txm,37.248,752.0,753.0,135.0,0.0,2892.0,100.0,1185.0,9488.0,9061.0,-429.0,26.0,16355.0,19332.0,-499.0,16860.0,346.0,0.0,27916.0,49.0,Pass
l3119.txm,38.2676,752.0,753.0,132.0,0.0,2906.0,100.0,1184.0,9451.0,9024.0,-1121.0,26.0,16891.0,19166.0,-478.0,16996.0,343.0,0.0,27870.0,50.0,Pass
l3119.txm,39.2891,751.0,754.0,134.0,0.0,2901.0,100.0,1185.0,9459.0,9082.0,439.0,26.0,16900.0,19242.0,39.0,16652.0,346.0,1.0,27888.0,50.0,Pass
l3119.txm,40.3086,752.0,753.0,133.0,0.0,2897.0,101.0,1185.0,9502.0,9016.0,-1194.0,26.0,16581.0,19354.0,153.0,16390.0,349.0,0.0,27786.0,50.0,Pass
l3119.txm,41.3281,752.0,754.0,131.0,0.0,2903.0,100.0,1183.0,9447.0,9057.0,-1811.0,27.0,16564.0,19418.0,1140.0,16810.0,347.0,0.0,27918.0,50.0,Pass
l3119.txm,42.3477,751.0,755.0,130.0,0.0,2904.0,100.0,1185.0,9459.0,9036.0,-2692.0,26.0,16637.0,19192.0,500.0,16938.0,346.0,1.0,27884.0,50.0,Pass
l3119.txm,43.3691,752.0,753.0,133.0,0.0,2898.0,100.0,1185.0,9490.0,9008.0,-1535.0,26.0,16288.0,19224.0,81.0,16748.0,351.0,0.0,27834.0,50.0,Pass
l3119.txm,44.416,752.0,752.0,132.0,0.0,2899.0,101.0,1185.0,9453.0,9077.0,-2296.0,26.0,16978.0,19406.0,-647.0,16230.0,349.0,1.0,27852.0,50.0,Pass
l3119.txm,45.4082,751.0,754.0,133.0,0.0,2889.0,101.0,1184.0,9521.0,9026.0,-2267.0,26.0,16629.0,19396.0,-456.0,16798.0,343.0,0.0,27892.0,50.0,Pass
l3119.txm,46.4297,751.0,753.0,133.0,0.0,2893.0,100.0,1183.0,9436.0,9034.0,-171.0,27.0,16925.0,19382.0,108.0,16516.0,357.0,0.0,27942.0,50.0,Pass
l3119.txm,47.4531,752.0,754.0,132.0,0.0,2888.0,101.0,1184.0,9503.0,9045.0,-2160.0,26.0,16261.0,19374.0,90.0,16696.0,350.0,0.0,27866.0,50.0,Pass
l3119.txm,48.4687,752.0,753.0,137.0,0.0,2890.0,100.0,1184.0,9472.0,9095.0,-2148.0,26.0,16526.0,19310.0,90.0,17106.0,349.0,1.0,27786.0,50.0,Pass
l3119.txm,49.4883,752.0,754.0,134.0,0.0,2885.0,101.0,1189.0,9451.0,9006.0,-1336.0,26.0,16708.0,19168.0,954.0,16428.0,360.0,0.0,27846.0,50.0,Pass
l3119.txm,50.5078,751.0,752.0,133.0,0.0,2885.0,100.0,1188.0,9452.0,9068.0,-360.0,26.0,16671.0,19408.0,932.0,16144.0,356.0,0.0,27886.0,50.0,Pass
l3119.txm,51.5293,752.0,754.0,134.0,0.0,2876.0,102.0,1187.0,9454.0,9068.0,-1002.0,26.0,16924.0,19202.0,153.0,16756.0,350.0,0.0,27862.0,50.0,Pass
l3119.txm,52.5488,752.0,754.0,130.0,0.0,2863.0,100.0,1184.0,9505.0,8984.0,-1413.0,26.0,16409.0,19230.0,1042.0,16752.0,348.0,0.0,27838.0,50.0,Pass
l3119.txm,53.5684,752.0,754.0,132.0,0.0,2849.0,102.0,1186.0,9462.0,9039.0,-2205.0,26.0,16541.0,19182.0,-276.0,16718.0,347.0,0.0,27870.0,50.0,Pass
l3119.txm,54.5879,751.0,752.0,135.0,0.0,2758.0,100.0,1184.0,9434.0,9034.0,-1865.0,27.0,16894.0,19276.0,-387.0,16238.0,359.0,0.0,27880.0,50.0,Pass
l3119.txm,55.6094,752.0,754.0,132.0,0.0,2413.0,100.0,1197.0,9433.0,9052.0,140.0,25.0,16751.0,19396.0,-741.0,16710.0,357.0,0.0,27750.0,50.0,Pass
l3119.txm,56.6562,752.0,754.0,132.0,0.0,1921.0,100.0,1188.0,9434.0,8981.0,624.0,27.0,16288.0,19608.0,-472.0,16598.0,351.0,0.0,27762.0,50.0,Pass
l3119.txm,57.6484,752.0,753.0,136.0,0.0,1561.0,101.0,1193.0,9477.0,8987.0,-21.0,27.0,16267.0,19758.0,-460.0,16706.0,356.0,0.0,27588.0,50.0,Pass
l3119.txm,10.1953,752.0,753.0,134.0,0.0,1013.0,100.0,1259.0,9501.0,8985.0,-1071.0,30.0,16656.0,20104.0,-504.0,16282.0,351.0,0.0,27346.0,49.0,Pass
l3123.txm,10.1953,752.0,753.0,134.0,0.0,1013.0,100.0,1259.0,9501.0,8985.0,-1071.0,30.0,16656.0,20104.0,-504.0,16282.0,351.0,0.0,27346.0,49.0,Pass
l3123.txm,11.2168,751.0,753.0,131.0,0.0,979.0,100.0,1259.0,9407.0,9055.0,-1283.0,30.0,16427.0,20122.0,111.0,16348.0,350.0,0.0,27544.0,49.0,Pass
l3123.txm,12.2363,751.0,753.0,132.0,0.0,954.0,101.0,1257.0,9470.0,8995.0,-1866.0,30.0,16571.0,20108.0,-94.0,16668.0,342.0,0.0,27540.0,49.0,Pass
l3123.txm,13.2559,750.0,752.0,135.0,0.0,925.0,100.0,1228.0,9423.0,9119.0,717.0,28.0,16711.0,20106.0,-463.0,16816.0,348.0,0.0,27362.0,50.0,Pass
l3123.txm,14.2754,751.0,754.0,133.0,0.0,1288.0,100.0,1178.0,9513.0,8952.0,726.0,29.0,16288.0,20286.0,149.0,15334.0,345.0,1.0,27312.0,50.0,Pass
l3123.txm,15.2969,751.0,754.0,133.0,0.0,2829.0,101.0,1144.0,9493.0,8944.0,-1423.0,29.0,15901.0,19028.0,-1095.0,17588.0,347.0,1.0,27838.0,50.0,Pass
l3123.txm,16.3164,752.0,754.0,133.0,0.0,2984.0,101.0,1196.0,9492.0,9075.0,-1297.0,28.0,16772.0,19470.0,122.0,16186.0,352.0,1.0,27818.0,49.0,Pass
l3123.txm,17.3359,752.0,753.0,133.0,1.0,2879.0,102.0,1205.0,9503.0,9076.0,2392.0,27.0,16651.0,19354.0,117.0,16912.0,347.0,0.0,27886.0,49.0,Pass
l3123.txm,18.3555,751.0,753.0,133.0,0.0,2277.0,102.0,1205.0,9502.0,8968.0,283.0,29.0,16678.0,19512.0,26.0,16360.0,351.0,1.0,27598.0,50.0,Pass
l3123.txm,19.377,752.0,754.0,133.0,0.0,2719.0,101.0,1161.0,9431.0,9028.0,-1488.0,29.0,16412.0,19404.0,436.0,16170.0,359.0,0.0,27964.0,50.0,Pass
l3123.txm,20.4219,752.0,754.0,133.0,0.0,2743.0,101.0,1195.0,9452.0,9019.0,-1595.0,28.0,16909.0,19372.0,-452.0,16626.0,349.0,0.0,27736.0,49.0,Pass
l3123.txm,21.416,751.0,754.0,132.0,0.0,2768.0,101.0,1184.0,9497.0,8996.0,-1350.0,28.0,16736.0,19558.0,-259.0,16350.0,353.0,0.0,27826.0,50.0,Pass
l3123.txm,22.4355,752.0,754.0,135.0,0.0,2796.0,101.0,1184.0,9473.0,8984.0,-1607.0,28.0,16540.0,19634.0,-607.0,16770.0,348.0,0.0,27752.0,49.0,Pass
l3123.txm,23.457,752.0,755.0,131.0,0.0,2834.0,100.0,1186.0,9447.0,9054.0,-2419.0,28.0,16577.0,19598.0,79.0,16212.0,352.0,1.0,27750.0,49.0,Pass
l3123.txm,24.4766,751.0,753.0,134.0,0.0,2858.0,101.0,1186.0,9415.0,9077.0,-1961.0,28.0,16512.0,19448.0,79.0,16594.0,342.0,0.0,27760.0,49.0,Pass
l3123.txm,25.4961,752.0,753.0,135.0,0.0,2885.0,101.0,1184.0,9425.0,9058.0,-865.0,28.0,16919.0,19226.0,410.0,16094.0,344.0,1.0,27888.0,49.0,Pass
l3123.txm,26.5156,752.0,754.0,134.0,0.0,2880.0,102.0,1184.0,9442.0,8967.0,-1509.0,28.0,16926.0,19342.0,636.0,16272.0,359.0,1.0,27858.0,49.0,Pass
l3123.txm,27.5371,752.0,753.0,132.0,0.0,2895.0,101.0,1184.0,9416.0,9043.0,-1129.0,28.0,16515.0,19310.0,33.0,16846.0,346.0,0.0,27856.0,49.0,Pass
l3123.txm,28.5566,751.0,753.0,136.0,0.0,2909.0,101.0,1185.0,9464.0,9021.0,-1956.0,28.0,16514.0,19422.0,82.0,16514.0,344.0,0.0,27866.0,49.0,Pass
l3123.txm,29.5762,752.0,754.0,134.0,0.0,2894.0,102.0,1183.0,9450.0,9048.0,-1924.0,28.0,16851.0,19434.0,500.0,16784.0,353.0,1.0,27928.0,49.0,Pass
l3123.txm,30.5957,751.0,753.0,133.0,0.0,2893.0,100.0,1184.0,9489.0,8984.0,-2138.0,27.0,16357.0,19340.0,51.0,16548.0,355.0,0.0,27848.0,49.0,Pass
l3123.txm,31.6152,752.0,754.0,134.0,0.0,2892.0,100.0,1183.0,9471.0,9010.0,-2438.0,28.0,16481.0,19136.0,-288.0,16670.0,347.0,0.0,27850.0,49.0,Pass
l3123.txm,32.6621,752.0,754.0,134.0,0.0,2894.0,101.0,1184.0,9423.0,9078.0,-2416.0,27.0,16256.0,19244.0,104.0,16616.0,344.0,0.0,27964.0,49.0,Pass
l3123.txm,33.6562,751.0,754.0,135.0,0.0,2889.0,101.0,1184.0,9500.0,8984.0,-1892.0,28.0,16661.0,19390.0,-291.0,16336.0,350.0,0.0,27848.0,49.0,Pass
l3123.txm,34.6758,752.0,753.0,134.0,0.0,2891.0,102.0,1184.0,9451.0,9012.0,-1592.0,26.0,16555.0,19246.0,-642.0,16594.0,349.0,0.0,27862.0,49.0,Pass
l3123.txm,35.6953,751.0,753.0,133.0,0.0,2893.0,101.0,1186.0,9444.0,9043.0,-1476.0,27.0,16717.0,19388.0,114.0,16796.0,346.0,0.0,27888.0,49.0,Pass
l3123.txm,36.7168,752.0,753.0,135.0,0.0,2890.0,100.0,1188.0,9461.0,9055.0,-2199.0,27.0,16291.0,19452.0,56.0,16514.0,347.0,0.0,27848.0,49.0,Pass
l3123.txm,37.7363,752.0,753.0,135.0,0.0,2891.0,100.0,1185.0,9480.0,9062.0,-188.0,27.0,16670.0,19390.0,-370.0,16138.0,351.0,0.0,27826.0,49.0,Pass
l3123.txm,38.7539,752.0,753.0,133.0,0.0,2898.0,100.0,1187.0,9420.0,9064.0,-2272.0,27.0,16453.0,19230.0,-360.0,16750.0,340.0,0.0,27868.0,49.0,Pass
l3123.txm,39.7734,752.0,754.0,131.0,0.0,2893.0,101.0,1186.0,9502.0,9004.0,-524.0,27.0,16522.0,19238.0,-297.0,16776.0,351.0,1.0,27876.0,49.0,Pass
l3123.txm,40.7949,752.0,752.0,132.0,0.0,2890.0,101.0,1189.0,9497.0,9022.0,247.0,27.0,16778.0,19188.0,-94.0,16628.0,349.0,1.0,27826.0,49.0,Pass
l3123.txm,41.8144,752.0,754.0,133.0,0.0,2895.0,101.0,1185.0,9490.0,9017.0,-2392.0,27.0,16141.0,19412.0,56.0,16636.0,345.0,0.0,27850.0,49.0,Pass
l3123.txm,42.834,752.0,752.0,132.0,0.0,2891.0,100.0,1184.0,9427.0,9100.0,-2350.0,27.0,16577.0,19232.0,-35.0,16564.0,349.0,0.0,27874.0,49.0,Pass
l3123.txm,43.8535,751.0,754.0,131.0,0.0,2894.0,101.0,1185.0,9506.0,9026.0,-1556.0,26.0,16505.0,19246.0,320.0,16446.0,346.0,1.0,27878.0,49.0,Pass
l3123.txm,44.9023,752.0,753.0,133.0,0.0,2894.0,100.0,1186.0,9444.0,9002.0,-2442.0,27.0,16590.0,19262.0,41.0,16458.0,347.0,0.0,27886.0,49.0,Pass
l3123.txm,45.8945,752.0,753.0,135.0,0.0,2894.0,101.0,1185.0,9509.0,8981.0,-518.0,27.0,16400.0,19292.0,-258.0,16798.0,344.0,0.0,27822.0,49.0,Pass
l3123.txm,46.916,752.0,752.0,134.0,0.0,2891.0,100.0,1184.0,9510.0,9022.0,-1445.0,27.0,16434.0,19344.0,486.0,16574.0,361.0,0.0,27832.0,49.0,Pass
l3123.txm,47.9355,752.0,753.0,136.0,0.0,2885.0,100.0,1187.0,9402.0,9057.0,-1365.0,26.0,16477.0,19320.0,162.0,16388.0,349.0,0.0,27882.0,49.0,Pass
l3123.txm,48.9551,752.0,753.0,132.0,0.0,2883.0,102.0,1188.0,9471.0,9088.0,-347.0,27.0,16677.0,19300.0,1166.0,16174.0,358.0,0.0,27832.0,49.0,Pass
l3123.txm,49.9785,752.0,754.0,135.0,0.0,2885.0,100.0,1185.0,9478.0,9008.0,-2014.0,26.0,16322.0,19286.0,-54.0,16324.0,358.0,1.0,27826.0,49.0,Pass
l3123.txm,50.9961,752.0,753.0,132.0,0.0,2871.0,100.0,1184.0,9437.0,9021.0,234.0,27.0,16358.0,19256.0,558.0,16872.0,347.0,0.0,27844.0,49.0,Pass
l3123.txm,52.0176,752.0,754.0,135.0,0.0,2855.0,100.0,1186.0,9501.0,9000.0,-210.0,27.0,16821.0,19254.0,348.0,16288.0,357.0,0.0,27878.0,49.0,Pass
l3123.txm,53.0391,752.0,754.0,133.0,0.0,2830.0,101.0,1186.0,9443.0,9056.0,-1676.0,26.0,16518.0,19424.0,1040.0,16704.0,344.0,1.0,27834.0,49.0,Pass
l3123.txm,54.0566,751.0,753.0,134.0,0.0,2632.0,102.0,1186.0,9510.0,8984.0,-1983.0,26.0,16728.0,19294.0,1188.0,16090.0,356.0,1.0,27898.0,50.0,Pass
l3123.txm,55.0781,752.0,754.0,134.0,0.0,2215.0,100.0,1196.0,9512.0,8997.0,332.0,27.0,16646.0,19452.0,-934.0,16492.0,349.0,0.0,27638.0,50.0,Pass
l3123.txm,56.0957,752.0,753.0,132.0,0.0,1754.0,101.0,1189.0,9438.0,9012.0,-690.0,29.0,16243.0,19644.0,-707.0,17032.0,345.0,0.0,27674.0,50.0,Pass
l3123.txm,9.68945,751.0,752.0,133.0,0.0,999.0,100.0,1262.0,9467.0,9026.0,-1894.0,29.0,16576.0,20116.0,155.0,16320.0,347.0,0.0,27550.0,49.0,Pass
l3124.txm,9.68945,751.0,752.0,133.0,0.0,999.0,100.0,1262.0,9467.0,9026.0,-1894.0,29.0,16576.0,20116.0,155.0,16320.0,347.0,0.0,27550.0,49.0,Pass
l3124.txm,10.709,751.0,753.0,132.0,0.0,973.0,101.0,1261.0,9424.0,9050.0,-1179.0,29.0,16414.0,20086.0,-58.0,16446.0,344.0,0.0,27546.0,49.0,Pass
l3124.txm,11.7285,751.0,752.0,133.0,0.0,939.0,101.0,1256.0,9482.0,9012.0,-738.0,30.0,16725.0,20088.0,-443.0,16794.0,349.0,0.0,27540.0,49.0,Pass
l3124.txm,12.75,752.0,753.0,135.0,0.0,924.0,102.0,1212.0,9462.0,9075.0,-343.0,29.0,16466.0,19972.0,-802.0,16572.0,346.0,1.0,27302.0,50.0,Pass
l3124.txm,13.7949,751.0,753.0,132.0,0.0,1547.0,101.0,1170.0,9496.0,8932.0,588.0,30.0,16594.0,20138.0,1066.0,15166.0,356.0,0.0,27792.0,50.0,Pass
l3124.txm,14.791,751.0,752.0,132.0,0.0,2956.0,100.0,1158.0,9442.0,9047.0,-1767.0,29.0,16570.0,19670.0,-969.0,16340.0,350.0,1.0,27572.0,49.0,Pass
l3124.txm,15.8281,751.0,754.0,133.0,0.0,2980.0,100.0,1200.0,9496.0,9000.0,-881.0,30.0,16164.0,19560.0,28.0,16430.0,350.0,0.0,27874.0,49.0,Pass
l3124.txm,16.8496,751.0,753.0,131.0,0.0,2632.0,101.0,1208.0,9493.0,9019.0,327.0,28.0,16473.0,19258.0,-563.0,16784.0,347.0,1.0,27944.0,49.0,Pass
l3124.txm,17.8691,751.0,752.0,131.0,0.0,2620.0,100.0,1179.0,9542.0,8930.0,59.0,28.0,16687.0,19496.0,-261.0,15976.0,358.0,1.0,27762.0,50.0,Pass
l3124.txm,18.8887,751.0,752.0,131.0,0.0,2701.0,100.0,1173.0,9456.0,9048.0,-2564.0,27.0,16877.0,19656.0,568.0,16422.0,351.0,1.0,27850.0,50.0,Pass
l3124.txm,19.9082,751.0,754.0,134.0,0.0,2742.0,101.0,1194.0,9492.0,9043.0,-1911.0,27.0,16687.0,19556.0,858.0,16268.0,350.0,0.0,27830.0,49.0,Pass
l3124.txm,20.9297,751.0,752.0,134.0,0.0,2755.0,100.0,1185.0,9449.0,9058.0,-692.0,27.0,17076.0,19232.0,-683.0,16696.0,344.0,1.0,27812.0,50.0,Pass
l3124.txm,21.9512,751.0,753.0,134.0,0.0,2799.0,100.0,1182.0,9477.0,9000.0,-2637.0,27.0,16694.0,19436.0,-8.0,16418.0,347.0,0.0,27870.0,50.0,Pass
l3124.txm,22.9707,752.0,753.0,138.0,0.0,2838.0,101.0,1184.0,9444.0,9030.0,-1650.0,28.0,16776.0,19206.0,74.0,16242.0,344.0,0.0,27830.0,50.0,Pass
l3124.txm,23.9883,751.0,751.0,135.0,0.0,2862.0,101.0,1183.0,9474.0,9023.0,-2114.0,28.0,16741.0,19434.0,-371.0,16426.0,354.0,0.0,27870.0,50.0,Pass
l3124.txm,25.0156,751.0,754.0,135.0,0.0,2907.0,100.0,1181.0,9477.0,8983.0,-606.0,29.0,16595.0,19312.0,-264.0,16630.0,354.0,0.0,27856.0,50.0,Pass
l3124.txm,26.0547,751.0,754.0,135.0,0.0,2895.0,100.0,1189.0,9437.0,9031.0,-1866.0,28.0,16731.0,19160.0,-86.0,16644.0,360.0,0.0,27838.0,49.0,Pass
l3124.txm,27.0508,751.0,753.0,135.0,0.0,2907.0,100.0,1180.0,9451.0,9048.0,-1129.0,28.0,16330.0,19196.0,119.0,17016.0,353.0,1.0,27914.0,50.0,Pass
l3124.txm,28.0703,752.0,753.0,133.0,0.0,2907.0,100.0,1188.0,9442.0,8982.0,-581.0,29.0,16075.0,19250.0,-10.0,16022.0,356.0,1.0,27864.0,50.0,Pass
l3124.txm,29.0898,752.0,754.0,132.0,0.0,2903.0,101.0,1182.0,9433.0,9046.0,-1156.0,27.0,16540.0,19404.0,100.0,16268.0,352.0,0.0,27860.0,49.0,Pass
l3124.txm,30.1094,752.0,752.0,136.0,0.0,2902.0,101.0,1187.0,9412.0,9081.0,-1363.0,29.0,16377.0,19196.0,298.0,15686.0,360.0,0.0,27900.0,50.0,Pass
l3124.txm,31.1309,751.0,752.0,132.0,0.0,2897.0,102.0,1181.0,9487.0,9005.0,-1746.0,27.0,16497.0,19244.0,-259.0,16802.0,354.0,1.0,27894.0,49.0,Pass
l3124.txm,32.1504,752.0,753.0,133.0,0.0,2902.0,102.0,1193.0,9454.0,9019.0,-1346.0,27.0,16745.0,19300.0,89.0,16690.0,339.0,1.0,27766.0,49.0,Pass
l3124.txm,33.1719,752.0,754.0,131.0,0.0,2900.0,100.0,1177.0,9474.0,8996.0,-1384.0,26.0,16638.0,19152.0,-340.0,17010.0,345.0,0.0,27878.0,50.0,Pass
l3124.txm,34.1914,752.0,754.0,133.0,0.0,2897.0,100.0,1188.0,9454.0,9033.0,-1942.0,27.0,16516.0,19174.0,590.0,16242.0,347.0,0.0,27868.0,49.0,Pass
l3124.txm,35.2109,752.0,753.0,133.0,0.0,2893.0,101.0,1183.0,9430.0,9078.0,-3316.0,27.0,16337.0,19328.0,55.0,15904.0,352.0,0.0,27866.0,50.0,Pass
l3124.txm,36.2305,752.0,753.0,130.0,0.0,2891.0,102.0,1186.0,9454.0,9018.0,-1400.0,27.0,16483.0,19420.0,482.0,16340.0,346.0,1.0,27886.0,49.0,Pass
l3124.txm,37.25,752.0,753.0,132.0,0.0,2899.0,102.0,1186.0,9425.0,9036.0,-1750.0,27.0,16222.0,19330.0,0.0,16450.0,342.0,1.0,28008.0,49.0,Pass
l3124.txm,38.2949,751.0,753.0,133.0,0.0,2899.0,101.0,1184.0,9447.0,9042.0,-1125.0,28.0,16299.0,19338.0,151.0,16624.0,351.0,0.0,27896.0,49.0,Pass
l3124.txm,39.291,751.0,753.0,134.0,0.0,2895.0,102.0,1189.0,9450.0,9034.0,-2238.0,27.0,16465.0,19446.0,153.0,16510.0,347.0,0.0,27844.0,49.0,Pass
l3124.txm,40.3105,752.0,753.0,134.0,0.0,2894.0,102.0,1184.0,9495.0,8977.0,-508.0,27.0,16457.0,19294.0,940.0,16600.0,359.0,1.0,27850.0,49.0,Pass
l3124.txm,41.332,752.0,754.0,132.0,0.0,2898.0,101.0,1186.0,9478.0,9056.0,-2534.0,27.0,16286.0,19422.0,-271.0,15910.0,351.0,1.0,27844.0,49.0,Pass
l3124.txm,42.3496,752.0,753.0,133.0,0.0,2898.0,101.0,1188.0,9422.0,9027.0,-1693.0,27.0,16452.0,19206.0,-31.0,16532.0,352.0,0.0,27896.0,49.0,Pass
l3124.txm,43.3711,752.0,754.0,132.0,0.0,2892.0,100.0,1185.0,9441.0,9021.0,-1670.0,27.0,16571.0,19318.0,236.0,16638.0,357.0,0.0,27860.0,49.0,Pass
l3124.txm,44.3887,752.0,754.0,134.0,0.0,2900.0,101.0,1186.0,9459.0,9061.0,-2431.0,27.0,16548.0,19332.0,59.0,16178.0,345.0,0.0,28020.0,49.0,Pass
l3124.txm,45.4102,752.0,753.0,130.0,0.0,2896.0,100.0,1184.0,9458.0,9058.0,-1429.0,27.0,16276.0,19314.0,720.0,16500.0,344.0,1.0,27886.0,49.0,Pass
l3124.txm,46.4316,752.0,754.0,136.0,0.0,2891.0,101.0,1185.0,9408.0,9065.0,-673.0,27.0,16381.0,19178.0,107.0,16596.0,343.0,0.0,27950.0,49.0,Pass
l3124.txm,47.4492,751.0,753.0,133.0,0.0,2895.0,101.0,1186.0,9444.0,9030.0,-220.0,27.0,16883.0,19242.0,498.0,16602.0,349.0,1.0,27866.0,49.0,Pass
l3124.txm,48.4687,752.0,753.0,134.0,0.0,2888.0,101.0,1184.0,9447.0,9071.0,-980.0,27.0,16383.0,19396.0,-71.0,16672.0,350.0,0.0,27820.0,50.0,Pass
l3124.txm,49.4863,752.0,753.0,137.0,0.0,2886.0,101.0,1185.0,9438.0,9068.0,-2162.0,27.0,16295.0,19444.0,118.0,16632.0,347.0,0.0,27884.0,49.0,Pass
l3124.txm,50.5098,752.0,754.0,129.0,0.0,2873.0,101.0,1185.0,9459.0,9054.0,-2361.0,27.0,16032.0,19250.0,-37.0,16744.0,350.0,1.0,27912.0,49.0,Pass
l3124.txm,51.5273,751.0,754.0,131.0,0.0,2861.0,101.0,1186.0,9435.0,9031.0,-1783.0,27.0,16232.0,19336.0,-44.0,16658.0,344.0,0.0,27880.0,50.0,Pass
l3124.txm,52.5488,751.0,752.0,132.0,0.0,2821.0,100.0,1181.0,9426.0,9047.0,-2714.0,27.0,16182.0,19274.0,-284.0,16194.0,355.0,1.0,27750.0,49.0,Pass
l3124.txm,53.5664,752.0,754.0,133.0,0.0,2533.0,99.0,1194.0,9409.0,9063.0,-1524.0,27.0,16625.0,19294.0,-749.0,16494.0,348.0,0.0,27828.0,49.0,Pass
l3124.txm,54.5898,752.0,753.0,131.0,0.0,2095.0,99.0,1198.0,9435.0,9045.0,912.0,26.0,16238.0,19512.0,-585.0,16414.0,345.0,0.0,27746.0,50.0,Pass
l3124.txm,55.6289,752.0,753.0,131.0,0.0,1687.0,102.0,1188.0,9442.0,9008.0,777.0,28.0,15924.0,19678.0,-24.0,16528.0,350.0,0.0,27602.0,50.0,Pass
l3124.txm,56.6465,752.0,753.0,136.0,0.0,1367.0,101.0,1191.0,9436.0,8957.0,132.0,29.0,16195.0,19852.0,-359.0,16548.0,356.0,0.0,27544.0,50.0,Pass
l3124.txm,10.1953,751.0,753.0,133.0,0.0,994.0,100.0,1264.0,9500.0,8969.0,-1620.0,30.0,16787.0,20102.0,916.0,16440.0,357.0,1.0,27532.0,49.0,Pass
l3125.txm,10.1953,751.0,753.0,133.0,0.0,994.0,100.0,1264.0,9500.0,8969.0,-1620.0,30.0,16787.0,20102.0,916.0,16440.0,357.0,1.0,27532.0,49.0,Pass
l3125.txm,11.2148,751.0,753.0,132.0,0.0,963.0,101.0,1263.0,9419.0,9043.0,-1358.0,30.0,16455.0,20092.0,134.0,16472.0,347.0,0.0,27550.0,49.0,Pass
l3125.txm,10.1973,751.0,751.0,135.0,0.0,1023.0,100.0,1261.0,9413.0,9027.0,-1759.0,30.0,16432.0,20030.0,-659.0,16050.0,351.0,1.0,27300.0,49.0,Pass
l3126.txm,10.1973,751.0,751.0,135.0,0.0,1023.0,100.0,1261.0,9413.0,9027.0,-1759.0,30.0,16432.0,20030.0,-659.0,16050.0,351.0,1.0,27300.0,49.0,Pass
l3126.txm,11.2188,751.0,753.0,134.0,0.0,984.0,101.0,1262.0,9406.0,9052.0,-1362.0,30.0,16640.0,20126.0,83.0,16120.0,350.0,1.0,27556.0,49.0,Pass
l3126.txm,12.2363,752.0,753.0,135.0,0.0,960.0,101.0,1259.0,9462.0,9001.0,-1863.0,30.0,16588.0,19930.0,728.0,16994.0,354.0,0.0,27540.0,49.0,Pass
l3126.txm,13.2578,751.0,752.0,135.0,0.0,932.0,101.0,1242.0,9481.0,9019.0,-516.0,31.0,16592.0,20182.0,-314.0,16274.0,347.0,0.0,27216.0,50.0,Pass
l3126.txm,14.2773,751.0,756.0,135.0,0.0,959.0,102.0,1202.0,9451.0,9117.0,892.0,29.0,16638.0,20182.0,-639.0,16346.0,346.0,0.0,27234.0,50.0,Pass
l3126.txm,15.3223,751.0,753.0,135.0,0.0,2547.0,100.0,1142.0,9375.0,9008.0,671.0,30.0,16118.0,19222.0,-38.0,17762.0,352.0,0.0,28088.0,50.0,Pass
l3126.txm,16.3184,751.0,753.0,133.0,0.0,2973.0,100.0,1184.0,9395.0,9089.0,-972.0,31.0,16304.0,19334.0,-700.0,15716.0,355.0,0.0,27584.0,49.0,Pass
l3126.txm,17.3379,751.0,754.0,131.0,0.0,2939.0,100.0,1202.0,9429.0,9101.0,-851.0,29.0,17019.0,19674.0,-329.0,16386.0,343.0,0.0,27814.0,49.0,Pass
l3126.txm,18.3594,752.0,755.0,134.0,0.0,2357.0,101.0,1209.0,9492.0,8979.0,60.0,29.0,16424.0,19650.0,-369.0,16412.0,350.0,0.0,27800.0,49.0,Pass
l3126.txm,19.3789,751.0,752.0,134.0,0.0,2689.0,101.0,1166.0,9438.0,9024.0,-1633.0,29.0,16532.0,19378.0,954.0,16474.0,351.0,1.0,27816.0,50.0,Pass
l3126.txm,20.3984,751.0,753.0,131.0,0.0,2702.0,101.0,1184.0,9398.0,9062.0,-282.0,30.0,16130.0,19594.0,-70.0,16182.0,352.0,1.0,27854.0,49.0,Pass
l3126.txm,21.4473,751.0,754.0,133.0,0.0,2737.0,100.0,1192.0,9459.0,9031.0,-1241.0,29.0,16627.0,19406.0,-89.0,16570.0,344.0,0.0,27818.0,49.0,Pass
l3126.txm,22.4668,752.0,753.0,132.0,0.0,2753.0,100.0,1183.0,9393.0,9079.0,-1226.0,29.0,16589.0,19602.0,696.0,16206.0,345.0,0.0,27792.0,50.0,Pass
l3126.txm,23.4863,752.0,754.0,133.0,0.0,2799.0,100.0,1182.0,9441.0,9008.0,-1704.0,28.0,16487.0,19404.0,-70.0,16602.0,348.0,1.0,27850.0,50.0,Pass
l3126.txm,24.5059,752.0,753.0,132.0,0.0,2840.0,100.0,1187.0,9399.0,9046.0,-1792.0,28.0,16364.0,19450.0,382.0,16554.0,350.0,0.0,27846.0,49.0,Pass
l3126.txm,25.5273,752.0,752.0,135.0,0.0,2873.0,101.0,1184.0,9470.0,9008.0,-2780.0,28.0,16374.0,19172.0,-57.0,16572.0,351.0,0.0,27890.0,50.0,Pass
l3126.txm,26.5469,752.0,753.0,133.0,0.0,2887.0,101.0,1184.0,9439.0,8998.0,-1430.0,28.0,16743.0,19334.0,36.0,16638.0,342.0,0.0,27888.0,50.0,Pass
l3126.txm,27.5898,751.0,753.0,133.0,0.0,2886.0,101.0,1186.0,9420.0,9050.0,-992.0,28.0,16824.0,19386.0,26.0,16444.0,342.0,1.0,27868.0,50.0,Pass
l3126.txm,28.6191,751.0,753.0,132.0,0.0,2883.0,100.0,1182.0,9448.0,9080.0,-1573.0,28.0,16487.0,19202.0,142.0,16602.0,343.0,0.0,28012.0,50.0,Pass
l3126.txm,29.6387,752.0,754.0,133.0,0.0,2898.0,101.0,1182.0,9484.0,8985.0,-1196.0,28.0,16619.0,19388.0,103.0,16838.0,360.0,0.0,27894.0,50.0,Pass
l3126.txm,30.6562,751.0,753.0,132.0,0.0,2890.0,100.0,1184.0,9471.0,9017.0,-2344.0,28.0,16416.0,19256.0,490.0,17142.0,354.0,0.0,27846.0,49.0,Pass
l3126.txm,31.6758,751.0,753.0,134.0,0.0,2896.0,100.0,1184.0,9485.0,8987.0,-1956.0,28.0,16506.0,19360.0,-62.0,17090.0,351.0,0.0,27820.0,49.0,Pass
l3126.txm,32.6973,752.0,753.0,131.0,0.0,2893.0,101.0,1186.0,9477.0,9022.0,-1897.0,28.0,16419.0,19348.0,-75.0,16558.0,350.0,1.0,27854.0,49.0,Pass
l3126.txm,33.7168,752.0,754.0,134.0,0.0,2892.0,100.0,1184.0,9414.0,9021.0,-1350.0,28.0,16309.0,19382.0,-91.0,16944.0,348.0,0.0,27824.0,49.0,Pass
l3126.txm,34.7344,751.0,753.0,133.0,0.0,2895.0,102.0,1185.0,9475.0,8994.0,-1682.0,28.0,16776.0,19214.0,-440.0,16388.0,350.0,1.0,27876.0,49.0,Pass
l3126.txm,35.7539,752.0,753.0,130.0,0.0,2899.0,101.0,1184.0,9450.0,8997.0,-1348.0,27.0,16501.0,19220.0,17.0,17002.0,349.0,0.0,27846.0,49.0,Pass
l3126.txm,36.7773,751.0,754.0,136.0,0.0,2901.0,101.0,1189.0,9456.0,9006.0,-1153.0,28.0,16382.0,19186.0,-70.0,16886.0,356.0,1.0,27820.0,49.0,Pass
l3126.txm,37.7969,752.0,753.0,131.0,0.0,2901.0,100.0,1185.0,9419.0,9061.0,-339.0,28.0,16576.0,19338.0,135.0,16532.0,349.0,0.0,27826.0,49.0,Pass
l3126.txm,38.8145,752.0,753.0,130.0,0.0,2894.0,100.0,1184.0,9492.0,8992.0,-1661.0,27.0,16402.0,19158.0,10.0,16402.0,344.0,1.0,27726.0,49.0,Pass
l3126.txm,39.8633,751.0,753.0,134.0,0.0,2894.0,102.0,1184.0,9443.0,8983.0,-1897.0,27.0,16231.0,19320.0,7.0,16320.0,349.0,0.0,27854.0,49.0,Pass
l3126.txm,40.8555,752.0,754.0,133.0,0.0,2894.0,101.0,1184.0,9399.0,9071.0,-590.0,28.0,16629.0,19276.0,146.0,16976.0,349.0,0.0,27890.0,49.0,Pass
l3126.txm,41.877,752.0,753.0,135.0,0.0,2896.0,100.0,1185.0,9411.0,9029.0,-1184.0,28.0,16501.0,19340.0,-89.0,17004.0,355.0,1.0,27878.0,49.0,Pass
l3126.txm,42.8984,752.0,753.0,136.0,0.0,2895.0,102.0,1185.0,9366.0,9063.0,-929.0,27.0,16617.0,19228.0,1080.0,16734.0,342.0,0.0,27852.0,49.0,Pass
l3126.txm,43.918,751.0,753.0,134.0,0.0,2896.0,101.0,1186.0,9480.0,9006.0,-2651.0,27.0,16107.0,19150.0,-275.0,16644.0,342.0,0.0,27838.0,49.0,Pass
l3126.txm,44.9394,751.0,754.0,134.0,0.0,2897.0,100.0,1185.0,9413.0,9057.0,-1296.0,28.0,16550.0,19438.0,1254.0,16464.0,358.0,1.0,27860.0,49.0,Pass
l3126.txm,45.959,752.0,754.0,133.0,0.0,2891.0,101.0,1184.0,9448.0,9024.0,-2466.0,27.0,16636.0,19216.0,-61.0,16792.0,347.0,0.0,27826.0,49.0,Pass
l3126.txm,46.9785,752.0,754.0,133.0,0.0,2893.0,101.0,1185.0,9481.0,9021.0,-3135.0,27.0,16403.0,19270.0,-2.0,16840.0,349.0,1.0,27874.0,49.0,Pass
l3126.txm,47.998,752.0,753.0,132.0,0.0,2885.0,100.0,1184.0,9455.0,9040.0,-363.0,27.0,16406.0,19244.0,90.0,16734.0,349.0,1.0,27826.0,49.0,Pass
l3126.txm,49.0195,752.0,754.0,133.0,0.0,2883.0,100.0,1187.0,9403.0,9044.0,-2278.0,27.0,16343.0,19054.0,-390.0,16638.0,340.0,1.0,27862.0,49.0,Pass
l3126.txm,50.0391,752.0,754.0,132.0,0.0,2882.0,101.0,1185.0,9389.0,9051.0,-1594.0,28.0,16332.0,19310.0,97.0,16778.0,347.0,1.0,27828.0,49.0,Pass
l3126.txm,51.0566,752.0,753.0,135.0,0.0,2881.0,101.0,1183.0,9414.0,9080.0,-856.0,28.0,16564.0,19400.0,-344.0,16894.0,344.0,0.0,27850.0,49.0,Pass
l3126.txm,52.1035,751.0,752.0,133.0,0.0,2866.0,101.0,1185.0,9398.0,9045.0,-1207.0,28.0,16595.0,19436.0,-31.0,16870.0,351.0,1.0,27862.0,49.0,Pass
l3126.txm,53.127,752.0,753.0,133.0,0.0,2847.0,101.0,1187.0,9434.0,9057.0,-2032.0,28.0,16730.0,19406.0,139.0,17086.0,351.0,0.0,27818.0,49.0,Pass
l3126.txm,54.1465,752.0,750.0,133.0,0.0,2769.0,99.0,1191.0,9418.0,9025.0,-2235.0,27.0,16270.0,19208.0,-470.0,16704.0,343.0,1.0,27818.0,49.0,Pass
l3126.txm,55.166,752.0,752.0,134.0,0.0,2292.0,101.0,1196.0,9452.0,9053.0,-25.0,27.0,16745.0,19548.0,-54.0,16744.0,352.0,1.0,27750.0,50.0,Pass
l3126.txm,56.1875,752.0,753.0,135.0,0.0,1868.0,101.0,1191.0,9454.0,8961.0,-1004.0,28.0,16328.0,19596.0,155.0,16562.0,352.0,0.0,27750.0,50.0,Pass
l3126.txm,10.2148,751.0,752.0,133.0,0.0,1026.0,100.0,1263.0,9515.0,8963.0,-895.0,30.0,17009.0,20030.0,-527.0,16196.0,343.0,0.0,27322.0,49.0,Pass
l3127.txm,10.2148,751.0,752.0,133.0,0.0,1026.0,100.0,1263.0,9515.0,8963.0,-895.0,30.0,17009.0,20030.0,-527.0,16196.0,343.0,0.0,27322.0,49.0,Pass
l3127.txm,11.2344,751.0,753.0,135.0,0.0,976.0,99.0,1265.0,9419.0,9020.0,-2030.0,30.0,16529.0,20116.0,308.0,16400.0,343.0,0.0,27606.0,49.0,Pass
l3127.txm,12.2559,751.0,753.0,133.0,0.0,958.0,101.0,1260.0,9421.0,9031.0,-2041.0,29.0,16949.0,19972.0,-298.0,17054.0,348.0,0.0,27560.0,49.0,Pass
l3127.txm,13.2754,751.0,753.0,132.0,0.0,928.0,101.0,1239.0,9539.0,9018.0,1132.0,29.0,16560.0,20186.0,-317.0,16408.0,343.0,0.0,27240.0,50.0,Pass
l3127.txm,14.3184,752.0,754.0,135.0,1.0,1038.0,100.0,1196.0,9538.0,9021.0,548.0,28.0,17071.0,20328.0,-477.0,16046.0,351.0,0.0,27252.0,50.0,Pass
l3127.txm,15.3477,751.0,752.0,134.0,0.0,2768.0,100.0,1140.0,9516.0,8936.0,-1033.0,29.0,16642.0,19200.0,-308.0,17592.0,354.0,1.0,27974.0,50.0,Pass
l3127.txm,16.3672,751.0,753.0,134.0,0.0,2982.0,100.0,1181.0,9443.0,9047.0,-1469.0,29.0,16241.0,19426.0,-1025.0,16044.0,348.0,0.0,27668.0,49.0,Pass
l3127.txm,17.3867,751.0,753.0,133.0,0.0,2890.0,101.0,1205.0,9533.0,9023.0,757.0,29.0,17173.0,19372.0,-372.0,16744.0,343.0,1.0,27886.0,49.0,Pass
l3127.txm,18.4082,751.0,753.0,133.0,0.0,2292.0,102.0,1205.0,9445.0,9037.0,1109.0,28.0,16955.0,19350.0,-96.0,16538.0,358.0,0.0,27892.0,50.0,Pass
l3127.txm,19.4277,751.0,752.0,130.0,0.0,2729.0,101.0,1160.0,9506.0,8980.0,-2123.0,27.0,16853.0,19512.0,566.0,16590.0,350.0,0.0,27854.0,50.0,Pass
l3127.txm,20.4473,751.0,752.0,132.0,0.0,2718.0,102.0,1193.0,9458.0,9009.0,-1881.0,28.0,16672.0,19702.0,804.0,16486.0,360.0,0.0,27862.0,49.0,Pass
l3127.txm,21.4922,752.0,753.0,135.0,0.0,2752.0,100.0,1185.0,9448.0,9072.0,333.0,29.0,16775.0,19502.0,422.0,16510.0,343.0,1.0,27844.0,50.0,Pass
l3127.txm,22.4883,752.0,754.0,135.0,0.0,2762.0,101.0,1182.0,9462.0,9023.0,-1946.0,28.0,16631.0,19586.0,316.0,16530.0,352.0,0.0,27884.0,50.0,Pass
l3127.txm,23.5078,752.0,753.0,133.0,0.0,2806.0,101.0,1187.0,9451.0,9056.0,-1089.0,28.0,16801.0,19270.0,770.0,16250.0,354.0,0.0,27900.0,50.0,Pass
l3127.txm,24.5273,752.0,754.0,131.0,0.0,2838.0,101.0,1184.0,9499.0,9021.0,-1538.0,27.0,17098.0,19452.0,123.0,16424.0,355.0,0.0,27826.0,50.0,Pass
l3127.txm,25.5469,752.0,753.0,135.0,0.0,2867.0,101.0,1184.0,9511.0,8982.0,-1239.0,27.0,16668.0,19422.0,362.0,16648.0,344.0,1.0,27864.0,50.0,Pass
l3127.txm,26.5664,751.0,753.0,126.0,0.0,2886.0,100.0,1189.0,9437.0,9006.0,-1493.0,27.0,16544.0,19406.0,-433.0,16434.0,342.0,0.0,27854.0,50.0,Pass
l3127.txm,27.5879,751.0,754.0,134.0,0.0,2886.0,101.0,1186.0,9449.0,9058.0,-1851.0,27.0,16862.0,19414.0,-393.0,16508.0,353.0,0.0,27892.0,50.0,Pass
l3127.txm,28.6074,751.0,753.0,135.0,0.0,2890.0,100.0,1185.0,9477.0,9010.0,-1467.0,27.0,17058.0,19206.0,150.0,16054.0,346.0,1.0,27896.0,50.0,Pass
l3127.txm,29.627,752.0,754.0,134.0,0.0,2891.0,102.0,1185.0,9434.0,9033.0,-1397.0,27.0,16721.0,19374.0,123.0,16518.0,352.0,0.0,27868.0,50.0,Pass
l3127.txm,30.6465,752.0,753.0,131.0,0.0,2887.0,101.0,1181.0,9491.0,8983.0,-2283.0,27.0,16647.0,19170.0,-69.0,16730.0,348.0,1.0,27882.0,50.0,Pass
l3127.txm,31.668,752.0,754.0,134.0,0.0,2892.0,101.0,1184.0,9434.0,9064.0,-1966.0,27.0,16579.0,19396.0,-25.0,16882.0,349.0,0.0,27864.0,50.0,Pass
l3127.txm,32.6875,752.0,753.0,135.0,0.0,2889.0,100.0,1184.0,9465.0,8999.0,-1688.0,26.0,16920.0,19220.0,-284.0,16064.0,351.0,0.0,27878.0,50.0,Pass
l3127.txm,33.7383,752.0,752.0,136.0,0.0,2886.0,100.0,1182.0,9459.0,9051.0,-1618.0,26.0,16510.0,19222.0,83.0,16460.0,349.0,0.0,27862.0,50.0,Pass
l3127.txm,34.7266,752.0,754.0,136.0,0.0,2887.0,101.0,1184.0,9455.0,9011.0,-916.0,26.0,16826.0,19268.0,53.0,16772.0,348.0,1.0,27876.0,50.0,Pass
l3127.txm,35.748,752.0,753.0,136.0,0.0,2886.0,100.0,1185.0,9497.0,8997.0,-1501.0,26.0,16671.0,19350.0,129.0,16730.0,341.0,0.0,27878.0,50.0,Pass
l3127.txm,36.7676,752.0,752.0,134.0,0.0,2886.0,100.0,1184.0,9469.0,9055.0,-3317.0,26.0,16676.0,19266.0,1344.0,16452.0,351.0,1.0,27822.0,50.0,Pass
l3127.txm,37.7871,751.0,754.0,136.0,0.0,2883.0,101.0,1184.0,9473.0,9011.0,-1927.0,26.0,16891.0,19416.0,280.0,16390.0,342.0,0.0,27814.0,50.0,Pass
l3127.txm,38.8066,752.0,754.0,135.0,0.0,2878.0,102.0,1184.0,9485.0,9068.0,-2228.0,26.0,16607.0,19324.0,53.0,16566.0,357.0,0.0,27838.0,50.0,Pass
l3127.txm,39.8281,752.0,753.0,130.0,0.0,2883.0,101.0,1185.0,9465.0,9025.0,-1295.0,26.0,16328.0,19330.0,149.0,16820.0,360.0,1.0,27844.0,50.0,Pass
l3127.txm,40.8477,752.0,753.0,132.0,0.0,2885.0,101.0,1183.0,9440.0,9004.0,-1921.0,26.0,16614.0,19362.0,-490.0,16644.0,349.0,1.0,27804.0,50.0,Pass
l3127.txm,41.8672,752.0,754.0,131.0,0.0,2890.0,102.0,1183.0,9468.0,9072.0,-2431.0,26.0,16467.0,19418.0,-32.0,16238.0,353.0,0.0,27836.0,50.0,Pass
l3127.txm,42.918,752.0,754.0,133.0,0.0,2880.0,101.0,1184.0,9470.0,9064.0,-295.0,27.0,16879.0,19372.0,760.0,16474.0,352.0,0.0,27870.0,50.0,Pass
l3127.txm,43.9082,752.0,752.0,132.0,0.0,2880.0,101.0,1184.0,9467.0,9024.0,-1746.0,26.0,16695.0,19286.0,1110.0,16406.0,346.0,1.0,27738.0,50.0,Pass
l3127.txm,44.9277,751.0,753.0,130.0,0.0,2882.0,100.0,1185.0,9510.0,9007.0,-1185.0,26.0,16507.0,19378.0,75.0,16576.0,355.0,0.0,27866.0,50.0,Pass
l3127.txm,45.9707,751.0,754.0,132.0,0.0,2874.0,100.0,1185.0,9431.0,9037.0,-2179.0,26.0,16485.0,19206.0,354.0,16650.0,343.0,0.0,27880.0,50.0,Pass
l3127.txm,46.9668,751.0,753.0,135.0,0.0,2883.0,100.0,1186.0,9474.0,9010.0,-2045.0,27.0,16517.0,19390.0,860.0,16538.0,354.0,0.0,27814.0,50.0,Pass
l3127.txm,47.9883,752.0,754.0,131.0,0.0,2875.0,102.0,1184.0,9463.0,9042.0,-2326.0,26.0,16423.0,19394.0,580.0,16302.0,357.0,1.0,27854.0,50.0,Pass
l3127.txm,49.0078,752.0,753.0,133.0,0.0,2874.0,100.0,1186.0,9468.0,9057.0,-1253.0,27.0,16501.0,19430.0,292.0,16650.0,349.0,0.0,27864.0,50.0,Pass
l3127.txm,50.0273,752.0,753.0,135.0,0.0,2870.0,100.0,1184.0,9495.0,9029.0,-432.0,26.0,16507.0,19210.0,72.0,16778.0,349.0,1.0,27814.0,50.0,Pass
l3127.txm,51.0469,751.0,754.0,135.0,0.0,2874.0,100.0,1184.0,9456.0,9018.0,-1172.0,26.0,16924.0,19384.0,1308.0,16586.0,345.0,1.0,27874.0,50.0,Pass
l3127.txm,52.0957,752.0,753.0,135.0,0.0,2857.0,101.0,1184.0,9455.0,9046.0,-1986.0,27.0,16560.0,19334.0,-381.0,16698.0,356.0,0.0,27836.0,50.0,Pass
l3127.txm,53.1152,752.0,754.0,133.0,0.0,2835.0,101.0,1186.0,9520.0,8997.0,-1741.0,27.0,16329.0,19148.0,816.0,16438.0,345.0,0.0,27854.0,50.0,Pass
l3127.txm,54.1348,751.0,753.0,133.0,0.0,2721.0,100.0,1186.0,9469.0,9007.0,-1683.0,26.0,16481.0,19258.0,-710.0,16540.0,346.0,0.0,27810.0,50.0,Pass
l3127.txm,55.1562,751.0,753.0,135.0,0.0,2322.0,100.0,1193.0,9495.0,9013.0,-5.0,26.0,16669.0,19300.0,-572.0,17106.0,346.0,0.0,27796.0,50.0,Pass
l3127.txm,56.1758,751.0,753.0,133.0,0.0,1818.0,100.0,1188.0,9477.0,8961.0,-484.0,28.0,16516.0,19656.0,50.0,16942.0,346.0,0.0,27582.0,50.0,Pass
l3127.txm,10.1934,752.0,753.0,135.0,0.0,1000.0,100.0,1263.0,9473.0,9019.0,-1772.0,30.0,16589.0,20148.0,12.0,15632.0,354.0,0.0,27348.0,49.0,Pass
l3128.txm,10.1934,752.0,753.0,135.0,0.0,1000.0,100.0,1263.0,9473.0,9019.0,-1772.0,30.0,16589.0,20148.0,12.0,15632.0,354.0,0.0,27348.0,49.0,Pass
l3128.txm,11.2129,751.0,753.0,133.0,0.0,974.0,101.0,1264.0,9426.0,9067.0,-1314.0,30.0,16533.0,19952.0,-76.0,16942.0,342.0,0.0,27620.0,49.0,Pass
l3128.txm,12.2344,751.0,752.0,133.0,0.0,941.0,101.0,1261.0,9479.0,9049.0,-1297.0,30.0,16431.0,20022.0,-762.0,16982.0,351.0,0.0,27308.0,49.0,Pass
l3128.txm,13.2539,751.0,753.0,131.0,0.0,917.0,99.0,1226.0,9521.0,8990.0,-913.0,30.0,16935.0,20178.0,-468.0,16862.0,344.0,0.0,27266.0,50.0,Pass
l3128.txm,14.2734,751.0,754.0,134.0,0.0,1388.0,100.0,1177.0,9485.0,9004.0,1227.0,30.0,16437.0,19974.0,1352.0,15460.0,345.0,0.0,27514.0,50.0,Pass
l3128.txm,15.293,751.0,752.0,133.0,0.0,2835.0,100.0,1142.0,9421.0,9013.0,-1008.0,29.0,16703.0,19184.0,-940.0,17078.0,347.0,0.0,27832.0,49.0,Pass
l3128.txm,16.3145,751.0,753.0,134.0,0.0,2960.0,100.0,1196.0,9469.0,9083.0,-1744.0,29.0,16480.0,19708.0,660.0,16100.0,351.0,1.0,27860.0,49.0,Pass
l3128.txm,17.334,752.0,753.0,130.0,0.0,2711.0,101.0,1206.0,9440.0,9119.0,695.0,28.0,16824.0,19414.0,326.0,16848.0,346.0,0.0,27862.0,49.0,Pass
l3128.txm,18.3535,751.0,752.0,134.0,0.0,2301.0,102.0,1202.0,9503.0,9003.0,-197.0,28.0,17088.0,19706.0,1.0,15882.0,348.0,0.0,27772.0,50.0,Pass
l3128.txm,19.373,751.0,753.0,133.0,0.0,2701.0,100.0,1162.0,9496.0,8934.0,-981.0,29.0,16292.0,19346.0,-40.0,16892.0,346.0,1.0,27862.0,50.0,Pass
l3128.txm,20.4199,752.0,754.0,133.0,0.0,2740.0,100.0,1197.0,9432.0,9068.0,-1759.0,28.0,16506.0,19458.0,-268.0,16716.0,358.0,1.0,27814.0,49.0,Pass
l3128.txm,21.4727,751.0,752.0,133.0,0.0,2757.0,100.0,1177.0,9447.0,9032.0,-379.0,29.0,16580.0,19588.0,55.0,16544.0,357.0,0.0,27758.0,50.0,Pass
l3128.txm,22.4941,751.0,754.0,135.0,0.0,2757.0,100.0,1188.0,9495.0,8999.0,-1285.0,28.0,16834.0,19336.0,1414.0,15846.0,349.0,1.0,27752.0,50.0,Pass
l3128.txm,23.5156,751.0,753.0,134.0,0.0,2812.0,101.0,1189.0,9462.0,9062.0,-1612.0,27.0,16682.0,19286.0,102.0,16800.0,349.0,0.0,27870.0,50.0,Pass
l3128.txm,24.5332,752.0,753.0,133.0,0.0,2863.0,101.0,1187.0,9436.0,9083.0,-1065.0,27.0,16969.0,19346.0,99.0,16436.0,351.0,1.0,27864.0,50.0,Pass
l3128.txm,25.5527,751.0,753.0,133.0,0.0,2872.0,101.0,1184.0,9463.0,9069.0,-1282.0,28.0,16977.0,19418.0,-332.0,16726.0,342.0,0.0,27852.0,50.0,Pass
l3128.txm,26.5742,751.0,753.0,133.0,0.0,2891.0,100.0,1184.0,9460.0,9073.0,-1614.0,27.0,16727.0,19422.0,127.0,16336.0,344.0,1.0,27872.0,50.0,Pass
l3128.txm,27.6211,752.0,754.0,133.0,0.0,2885.0,100.0,1186.0,9460.0,9038.0,-1445.0,27.0,16923.0,19218.0,1666.0,16666.0,345.0,1.0,27866.0,50.0,Pass
l3128.txm,28.6133,752.0,754.0,131.0,0.0,2878.0,99.0,1184.0,9469.0,8993.0,-963.0,27.0,16943.0,19146.0,-358.0,16650.0,352.0,1.0,27838.0,50.0,Pass
l3128.txm,29.6328,752.0,754.0,133.0,0.0,2882.0,101.0,1184.0,9469.0,8977.0,-1010.0,27.0,17128.0,19214.0,-470.0,16778.0,349.0,0.0,27900.0,50.0,Pass
l3128.txm,30.6543,751.0,753.0,136.0,0.0,2895.0,101.0,1184.0,9512.0,9000.0,-670.0,27.0,16844.0,19316.0,29.0,16762.0,348.0,0.0,27994.0,50.0,Pass
l3128.txm,31.6738,752.0,754.0,136.0,0.0,2881.0,100.0,1184.0,9416.0,9036.0,-1256.0,26.0,16829.0,19402.0,123.0,16888.0,347.0,1.0,27886.0,50.0,Pass
l3128.txm,32.7187,752.0,755.0,133.0,0.0,2899.0,100.0,1184.0,9468.0,9038.0,-831.0,26.0,17107.0,19258.0,159.0,16466.0,357.0,1.0,27836.0,50.0,Pass
l3128.txm,33.7461,752.0,753.0,132.0,0.0,2889.0,100.0,1184.0,9428.0,9051.0,-2744.0,26.0,16805.0,19338.0,508.0,16618.0,354.0,0.0,28016.0,50.0,Pass
l3128.txm,34.7656,752.0,754.0,133.0,0.0,2882.0,101.0,1183.0,9425.0,9012.0,-1235.0,26.0,16804.0,19248.0,522.0,16438.0,357.0,0.0,27844.0,50.0,Pass
l3128.txm,35.7852,752.0,753.0,136.0,0.0,2889.0,100.0,1184.0,9467.0,8991.0,-1247.0,26.0,16702.0,19208.0,131.0,16246.0,352.0,0.0,27862.0,50.0,Pass
l3128.txm,36.8047,751.0,753.0,133.0,0.0,2878.0,100.0,1184.0,9486.0,9017.0,-479.0,26.0,16463.0,19142.0,250.0,16686.0,346.0,1.0,27902.0,50.0,Pass
l3128.txm,37.8262,752.0,753.0,133.0,0.0,2891.0,101.0,1183.0,9511.0,9006.0,-525.0,26.0,16846.0,19320.0,-621.0,16496.0,343.0,0.0,27888.0,50.0,Pass
l3128.txm,38.8457,752.0,753.0,135.0,0.0,2891.0,101.0,1182.0,9507.0,9028.0,-1294.0,25.0,16749.0,19438.0,-38.0,16466.0,350.0,0.0,27874.0,50.0,Pass
l3128.txm,39.8652,751.0,753.0,135.0,0.0,2896.0,101.0,1187.0,9502.0,8990.0,-939.0,26.0,16931.0,19078.0,1054.0,16092.0,354.0,0.0,27832.0,50.0,Pass
l3128.txm,40.8848,752.0,754.0,133.0,0.0,2897.0,100.0,1183.0,9463.0,9098.0,-303.0,26.0,16976.0,19118.0,156.0,16876.0,348.0,1.0,27894.0,50.0,Pass
l3128.txm,41.9062,752.0,753.0,134.0,0.0,2898.0,100.0,1183.0,9512.0,9022.0,-1014.0,26.0,16576.0,19244.0,123.0,15932.0,354.0,0.0,27858.0,50.0,Pass
l3128.txm,42.9258,752.0,753.0,136.0,0.0,2895.0,100.0,1183.0,9440.0,9089.0,-2912.0,26.0,16462.0,19094.0,-693.0,16876.0,353.0,1.0,27852.0,50.0,Pass
l3128.txm,43.9453,752.0,752.0,131.0,0.0,2899.0,100.0,1183.0,9517.0,8978.0,-2054.0,26.0,16712.0,19060.0,-270.0,16530.0,348.0,1.0,27892.0,50.0,Pass
l3128.txm,44.9648,752.0,755.0,134.0,0.0,2897.0,100.0,1185.0,9513.0,8983.0,-1863.0,26.0,16857.0,19140.0,-386.0,16594.0,352.0,0.0,27882.0,50.0,Pass
l3128.txm,45.9863,751.0,753.0,135.0,0.0,2890.0,100.0,1183.0,9448.0,9029.0,-1364.0,26.0,16837.0,19214.0,466.0,16744.0,344.0,1.0,27842.0,50.0,Pass
l3128.txm,47.0059,752.0,754.0,130.0,0.0,2889.0,101.0,1185.0,9497.0,8993.0,-2654.0,26.0,16396.0,19378.0,4.0,16634.0,341.0,0.0,27872.0,50.0,Pass
l3128.txm,48.0254,752.0,754.0,132.0,0.0,2889.0,102.0,1184.0,9485.0,9035.0,-2151.0,26.0,16868.0,19122.0,37.0,16608.0,358.0,0.0,27882.0,50.0,Pass
l3128.txm,49.0449,752.0,753.0,130.0,0.0,2879.0,101.0,1185.0,9412.0,9077.0,-2297.0,26.0,16410.0,19124.0,-276.0,16546.0,350.0,0.0,27830.0,50.0,Pass
l3128.txm,50.0664,752.0,754.0,131.0,0.0,2872.0,101.0,1183.0,9457.0,9049.0,-1663.0,26.0,16574.0,19146.0,101.0,16280.0,357.0,0.0,27886.0,50.0,Pass
l3128.txm,51.0859,752.0,753.0,134.0,0.0,2856.0,101.0,1184.0,9471.0,9042.0,-365.0,27.0,16718.0,19150.0,-448.0,16418.0,342.0,0.0,27902.0,50.0,Pass
l3128.txm,52.1309,752.0,754.0,133.0,0.0,2825.0,100.0,1185.0,9502.0,9022.0,-278.0,26.0,16657.0,19144.0,-402.0,17122.0,344.0,0.0,27888.0,50.0,Pass
l3128.txm,53.125,752.0,753.0,133.0,0.0,2649.0,101.0,1190.0,9491.0,9004.0,-2454.0,27.0,16617.0,19282.0,-640.0,17058.0,347.0,0.0,27820.0,50.0,Pass
l3128.txm,54.1465,751.0,751.0,133.0,0.0,2088.0,101.0,1190.0,9447.0,9000.0,-68.0,28.0,16768.0,19494.0,-776.0,17008.0,351.0,0.0,27702.0,50.0,Pass
l3128.txm,55.166,752.0,753.0,132.0,0.0,1662.0,100.0,1188.0,9474.0,8995.0,817.0,27.0,16379.0,19800.0,-38.0,16228.0,351.0,0.0,27570.0,50.0,Pass
l3128.txm,10.7617,751.0,753.0,135.0,0.0,1016.0,100.0,1262.0,9409.0,9048.0,-1659.0,30.0,16651.0,20054.0,-469.0,16110.0,355.0,0.0,27302.0,49.0,Pass
l3129.txm,10.7617,751.0,753.0,135.0,0.0,1016.0,100.0,1262.0,9409.0,9048.0,-1659.0,30.0,16651.0,20054.0,-469.0,16110.0,355.0,0.0,27302.0,49.0,Pass
l3129.txm,11.7578,751.0,752.0,135.0,0.0,975.0,100.0,1261.0,9431.0,9019.0,-1716.0,30.0,16378.0,19938.0,4.0,17022.0,351.0,0.0,27634.0,49.0,Pass
l3129.txm,12.7773,751.0,753.0,132.0,0.0,951.0,101.0,1260.0,9447.0,9033.0,-1086.0,30.0,16587.0,19970.0,-729.0,16952.0,351.0,0.0,27358.0,49.0,Pass
l3129.txm,13.7969,751.0,756.0,134.0,0.0,919.0,101.0,1237.0,9492.0,8992.0,-1360.0,30.0,16931.0,20116.0,-388.0,16814.0,355.0,0.0,27214.0,50.0,Pass
l3129.txm,14.8164,751.0,753.0,131.0,0.0,980.0,102.0,1200.0,9468.0,9096.0,998.0,28.0,16740.0,20104.0,36.0,16248.0,356.0,0.0,27336.0,50.0,Pass
l3129.txm,15.8379,752.0,753.0,135.0,0.0,2653.0,100.0,1138.0,9409.0,8996.0,-530.0,30.0,16423.0,19174.0,-37.0,17752.0,348.0,0.0,28126.0,50.0,Pass
l3129.txm,16.8574,751.0,752.0,135.0,0.0,2963.0,100.0,1191.0,9453.0,9060.0,-2064.0,28.0,16784.0,19526.0,-67.0,15976.0,349.0,1.0,27806.0,49.0,Pass
l3129.txm,17.877,751.0,752.0,132.0,0.0,2893.0,101.0,1201.0,9540.0,9071.0,462.0,28.0,16802.0,19460.0,666.0,16492.0,346.0,0.0,27858.0,49.0,Pass
l3129.txm,18.8965,751.0,751.0,135.0,0.0,2311.0,100.0,1205.0,9424.0,9018.0,67.0,29.0,16634.0,19380.0,-471.0,16540.0,343.0,1.0,27870.0,50.0,Pass
l3129.txm,19.918,752.0,752.0,131.0,0.0,2737.0,100.0,1156.0,9444.0,8990.0,-237.0,30.0,16642.0,19444.0,-288.0,16948.0,357.0,1.0,27884.0,50.0,Pass
l3129.txm,20.9414,751.0,754.0,134.0,0.0,2709.0,101.0,1188.0,9450.0,8960.0,-1605.0,29.0,16140.0,19374.0,110.0,16230.0,355.0,0.0,27868.0,49.0,Pass
l3129.txm,21.9688,751.0,754.0,134.0,0.0,2752.0,100.0,1189.0,9400.0,9003.0,-1302.0,30.0,16539.0,19558.0,-79.0,16934.0,356.0,0.0,27884.0,49.0,Pass
l3129.txm,23.0156,752.0,753.0,136.0,0.0,2758.0,101.0,1188.0,9483.0,9002.0,-2170.0,28.0,16683.0,19640.0,-479.0,16840.0,352.0,0.0,27900.0,50.0,Pass
l3129.txm,24.0371,752.0,753.0,134.0,0.0,2807.0,101.0,1184.0,9457.0,9055.0,-917.0,28.0,16542.0,19646.0,49.0,15990.0,347.0,1.0,27808.0,50.0,Pass
l3129.txm,25.0566,752.0,753.0,135.0,0.0,2834.0,102.0,1184.0,9496.0,8976.0,-1291.0,28.0,16944.0,19308.0,124.0,16278.0,347.0,0.0,27870.0,50.0,Pass
l3129.txm,26.0781,752.0,753.0,134.0,0.0,2875.0,100.0,1185.0,9435.0,9077.0,-1267.0,28.0,17143.0,19374.0,103.0,16420.0,345.0,0.0,27870.0,50.0,Pass
l3129.txm,27.0977,752.0,754.0,135.0,0.0,2878.0,100.0,1183.0,9501.0,9009.0,-1273.0,28.0,16739.0,19340.0,78.0,16590.0,353.0,0.0,27868.0,50.0,Pass
l3129.txm,28.1172,751.0,754.0,133.0,0.0,2880.0,101.0,1184.0,9478.0,9040.0,-1709.0,28.0,16788.0,19390.0,-361.0,15920.0,359.0,0.0,27882.0,50.0,Pass
l3129.txm,29.1367,751.0,753.0,136.0,0.0,2884.0,101.0,1184.0,9488.0,8992.0,-1758.0,28.0,16660.0,19420.0,-462.0,16840.0,345.0,0.0,27870.0,50.0,Pass
l3129.txm,30.1582,752.0,754.0,132.0,0.0,2886.0,100.0,1186.0,9416.0,9019.0,-2002.0,27.0,16706.0,19406.0,72.0,16438.0,348.0,0.0,27822.0,50.0,Pass
l3129.txm,31.1777,752.0,753.0,126.0,0.0,2874.0,100.0,1181.0,9464.0,8997.0,-1584.0,28.0,16550.0,19262.0,-536.0,16812.0,342.0,0.0,27868.0,49.0,Pass
l3129.txm,32.1973,752.0,753.0,134.0,0.0,2881.0,100.0,1183.0,9444.0,9035.0,-1012.0,27.0,16637.0,19422.0,43.0,16884.0,353.0,0.0,27862.0,49.0,Pass
l3129.txm,33.2168,751.0,753.0,133.0,0.0,2876.0,100.0,1183.0,9484.0,9067.0,-1889.0,27.0,16481.0,19406.0,-723.0,16476.0,355.0,1.0,27820.0,49.0,Pass
l3129.txm,34.2383,752.0,754.0,132.0,0.0,2884.0,101.0,1184.0,9492.0,9003.0,-1635.0,27.0,16544.0,19450.0,40.0,16820.0,357.0,1.0,27900.0,49.0,Pass
l3129.txm,35.2832,752.0,753.0,132.0,0.0,2887.0,100.0,1184.0,9491.0,9029.0,-717.0,27.0,16641.0,19340.0,103.0,16216.0,346.0,1.0,27900.0,49.0,Pass
l3129.txm,36.3086,751.0,753.0,135.0,0.0,2881.0,101.0,1184.0,9496.0,9014.0,-740.0,27.0,16763.0,19312.0,55.0,16594.0,354.0,0.0,27876.0,49.0,Pass
l3129.txm,37.3301,752.0,753.0,134.0,0.0,2880.0,101.0,1187.0,9471.0,9002.0,-2460.0,27.0,16288.0,19230.0,-41.0,16384.0,348.0,0.0,27898.0,49.0,Pass
l3129.txm,38.3496,752.0,754.0,136.0,0.0,2889.0,101.0,1185.0,9431.0,8999.0,-1320.0,27.0,16608.0,19234.0,92.0,16544.0,352.0,0.0,27878.0,49.0,Pass
l3129.txm,39.3691,751.0,752.0,135.0,0.0,2881.0,100.0,1184.0,9491.0,8996.0,-2874.0,27.0,16575.0,19306.0,108.0,16622.0,341.0,0.0,27816.0,49.0,Pass
l3129.txm,40.3887,752.0,754.0,135.0,0.0,2884.0,100.0,1184.0,9460.0,9045.0,-2630.0,27.0,16247.0,19142.0,87.0,16434.0,349.0,0.0,27874.0,49.0,Pass
l3129.txm,41.4102,752.0,753.0,133.0,0.0,2883.0,101.0,1183.0,9485.0,9019.0,-2038.0,27.0,16269.0,19430.0,109.0,15968.0,351.0,0.0,27810.0,49.0,Pass
l3129.txm,42.457,752.0,754.0,133.0,0.0,2888.0,100.0,1186.0,9451.0,9038.0,-1691.0,27.0,16324.0,19176.0,700.0,16484.0,347.0,0.0,27876.0,49.0,Pass
l3129.txm,43.4492,751.0,753.0,133.0,0.0,2884.0,101.0,1184.0,9510.0,9050.0,-884.0,27.0,16609.0,19180.0,-466.0,16134.0,352.0,1.0,27894.0,49.0,Pass
l3129.txm,44.4727,752.0,753.0,135.0,0.0,2881.0,101.0,1182.0,9486.0,9011.0,-854.0,27.0,16859.0,19278.0,19.0,16598.0,355.0,0.0,27864.0,49.0,Pass
l3129.txm,45.4902,751.0,754.0,133.0,0.0,2888.0,101.0,1187.0,9387.0,9095.0,-558.0,27.0,16796.0,19200.0,-16.0,16546.0,353.0,0.0,27828.0,49.0,Pass
l3129.txm,46.5098,752.0,754.0,136.0,0.0,2878.0,100.0,1183.0,9431.0,9019.0,-296.0,27.0,16625.0,19384.0,-71.0,16742.0,355.0,1.0,27852.0,49.0,Pass
l3129.txm,47.5293,752.0,754.0,130.0,0.0,2874.0,101.0,1182.0,9487.0,8990.0,-2288.0,27.0,16209.0,19206.0,-592.0,16802.0,354.0,0.0,27812.0,49.0,Pass
l3129.txm,48.5488,752.0,754.0,136.0,0.0,2875.0,102.0,1185.0,9438.0,9026.0,-2319.0,27.0,16590.0,19342.0,149.0,16772.0,357.0,1.0,27858.0,49.0,Pass
l3129.txm,49.5703,752.0,754.0,135.0,0.0,2879.0,101.0,1185.0,9463.0,9084.0,-731.0,27.0,16754.0,19436.0,740.0,16452.0,359.0,0.0,27850.0,49.0,Pass
l3129.txm,50.5898,752.0,754.0,133.0,0.0,2864.0,100.0,1183.0,9469.0,9009.0,-831.0,27.0,16598.0,19392.0,-277.0,16692.0,350.0,1.0,27884.0,49.0,Pass
l3129.txm,51.6094,752.0,754.0,134.0,0.0,2850.0,101.0,1185.0,9441.0,9081.0,-1050.0,27.0,16348.0,19188.0,-8.0,16436.0,349.0,0.0,27882.0,49.0,Pass
l3129.txm,52.6289,752.0,752.0,131.0,0.0,2830.0,100.0,1185.0,9519.0,8981.0,-2065.0,27.0,16100.0,19202.0,41.0,16604.0,351.0,1.0,27900.0,49.0,Pass
l3129.txm,53.6484,752.0,752.0,134.0,0.0,2729.0,102.0,1185.0,9478.0,9026.0,-303.0,27.0,16586.0,19206.0,-325.0,16766.0,344.0,1.0,27890.0,49.0,Pass
l3129.txm,54.6934,751.0,753.0,133.0,0.0,2249.0,101.0,1196.0,9438.0,9095.0,893.0,26.0,16374.0,19358.0,-1004.0,16734.0,346.0,0.0,27660.0,50.0,Pass
l3129.txm,55.6895,752.0,754.0,133.0,0.0,1846.0,101.0,1189.0,9433.0,9049.0,814.0,27.0,16389.0,19698.0,-489.0,16672.0,346.0,0.0,27676.0,50.0,Pass
l3129.txm,11.7324,751.0,753.0,131.0,0.0,1002.0,99.0,1263.0,9424.0,9045.0,-1432.0,30.0,16586.0,20076.0,-495.0,16240.0,354.0,0.0,27340.0,49.0,Pass
l3130.txm,11.7324,751.0,753.0,131.0,0.0,1002.0,99.0,1263.0,9424.0,9045.0,-1432.0,30.0,16586.0,20076.0,-495.0,16240.0,354.0,0.0,27340.0,49.0,Pass
l3130.txm,12.7539,751.0,753.0,131.0,0.0,971.0,100.0,1263.0,9455.0,9014.0,-1238.0,31.0,16563.0,20066.0,54.0,16426.0,350.0,0.0,27348.0,49.0,Pass
l3130.txm,13.7715,751.0,752.0,132.0,1.0,942.0,101.0,1261.0,9491.0,9043.0,1704.0,28.0,16313.0,20074.0,-442.0,16776.0,347.0,0.0,27348.0,49.0,Pass
l3130.txm,14.793,751.0,754.0,134.0,0.0,911.0,100.0,1223.0,9472.0,9007.0,-961.0,30.0,16695.0,20164.0,-516.0,16720.0,350.0,0.0,27334.0,50.0,Pass
l3130.txm,15.8105,752.0,754.0,132.0,0.0,1344.0,101.0,1176.0,9461.0,8983.0,802.0,30.0,16490.0,20364.0,1208.0,15286.0,349.0,1.0,27498.0,50.0,Pass
l3130.txm,16.832,752.0,752.0,133.0,0.0,2914.0,101.0,1150.0,9430.0,8976.0,-2177.0,29.0,16339.0,19378.0,-1271.0,16962.0,348.0,0.0,27604.0,49.0,Pass
l3130.txm,17.8516,751.0,752.0,131.0,0.0,2967.0,100.0,1197.0,9455.0,9123.0,152.0,29.0,17124.0,19542.0,68.0,15990.0,346.0,0.0,27876.0,49.0,Pass
l3130.txm,18.8711,751.0,753.0,133.0,0.0,2735.0,100.0,1201.0,9511.0,9039.0,1380.0,28.0,16714.0,19290.0,-22.0,16342.0,350.0,0.0,27804.0,49.0,Pass
l3130.txm,19.8887,751.0,753.0,134.0,1.0,2411.0,100.0,1196.0,9460.0,8954.0,448.0,30.0,16401.0,19624.0,-838.0,16768.0,350.0,1.0,27800.0,50.0,Pass
l3130.txm,20.9102,751.0,753.0,129.0,0.0,2702.0,100.0,1161.0,9412.0,9011.0,-2435.0,28.0,16818.0,19504.0,131.0,16258.0,348.0,1.0,27870.0,50.0,Pass
l3130.txm,21.9551,752.0,753.0,126.0,0.0,2746.0,100.0,1191.0,9435.0,8965.0,-991.0,30.0,15815.0,19642.0,17.0,16602.0,355.0,0.0,27860.0,49.0,Pass
l3130.txm,22.9512,751.0,753.0,134.0,0.0,2765.0,101.0,1185.0,9441.0,8974.0,-1078.0,30.0,16080.0,19678.0,-404.0,16440.0,348.0,0.0,27890.0,50.0,Pass
l3130.txm,23.9687,751.0,753.0,132.0,0.0,2798.0,101.0,1184.0,9479.0,8939.0,-1313.0,30.0,16469.0,19318.0,-56.0,16506.0,346.0,0.0,27792.0,49.0,Pass
l3130.txm,24.9902,752.0,753.0,137.0,0.0,2832.0,100.0,1184.0,9487.0,8971.0,-682.0,29.0,16306.0,19698.0,302.0,16336.0,350.0,0.0,27890.0,50.0,Pass
l3130.txm,26.0098,752.0,753.0,135.0,0.0,2865.0,102.0,1184.0,9489.0,9026.0,-1030.0,28.0,16945.0,19364.0,-11.0,16670.0,355.0,1.0,27912.0,50.0,Pass
l3130.txm,27.0293,752.0,753.0,129.0,0.0,2878.0,101.0,1185.0,9491.0,8974.0,-1399.0,28.0,16412.0,19228.0,1052.0,16340.0,353.0,0.0,27858.0,50.0,Pass
l3130.txm,28.0488,752.0,753.0,134.0,0.0,2886.0,101.0,1183.0,9425.0,8997.0,-994.0,29.0,16158.0,19174.0,130.0,15892.0,351.0,1.0,27904.0,50.0,Pass
l3130.txm,29.0723,752.0,756.0,132.0,0.0,2888.0,101.0,1182.0,9441.0,9017.0,-1365.0,29.0,16631.0,19254.0,422.0,16858.0,347.0,0.0,27862.0,49.0,Pass
l3130.txm,30.0918,752.0,753.0,132.0,0.0,2893.0,100.0,1188.0,9411.0,9050.0,-849.0,28.0,16628.0,19062.0,780.0,16462.0,352.0,0.0,27898.0,49.0,Pass
l3130.txm,31.1113,752.0,754.0,136.0,0.0,2892.0,101.0,1185.0,9405.0,9055.0,-1778.0,28.0,16703.0,19440.0,-77.0,16714.0,354.0,0.0,27876.0,50.0,Pass
l3130.txm,32.1309,752.0,752.0,133.0,0.0,2889.0,100.0,1183.0,9422.0,8992.0,-1344.0,28.0,16206.0,19136.0,-87.0,16684.0,349.0,1.0,27896.0,50.0,Pass
l3130.txm,33.1523,752.0,753.0,132.0,0.0,2889.0,100.0,1183.0,9434.0,9015.0,-1662.0,27.0,16551.0,19206.0,-26.0,16280.0,350.0,0.0,27882.0,50.0,Pass
l3130.txm,34.1953,751.0,753.0,133.0,0.0,2891.0,101.0,1185.0,9464.0,9070.0,-1655.0,28.0,16427.0,19294.0,-40.0,16524.0,351.0,0.0,27882.0,50.0,Pass
l3130.txm,35.1914,751.0,753.0,134.0,0.0,2888.0,100.0,1184.0,9455.0,8999.0,-1274.0,27.0,16363.0,19290.0,-405.0,16700.0,346.0,0.0,28002.0,50.0,Pass
l3130.txm,36.2109,752.0,753.0,132.0,0.0,2882.0,100.0,1183.0,9472.0,8990.0,-470.0,28.0,16503.0,19292.0,-514.0,16726.0,347.0,0.0,27862.0,50.0,Pass
l3130.txm,37.2324,752.0,753.0,132.0,0.0,2890.0,100.0,1187.0,9399.0,9072.0,-753.0,28.0,16413.0,19320.0,61.0,17134.0,342.0,0.0,27900.0,50.0,Pass
l3130.txm,38.252,752.0,753.0,134.0,0.0,2881.0,100.0,1189.0,9433.0,9019.0,-862.0,28.0,16265.0,19330.0,90.0,17026.0,348.0,1.0,27782.0,50.0,Pass
l3130.txm,39.2715,752.0,754.0,131.0,0.0,2887.0,100.0,1185.0,9413.0,9026.0,-1149.0,27.0,16331.0,19154.0,13.0,16900.0,349.0,1.0,27966.0,50.0,Pass
l3130.txm,40.291,752.0,753.0,133.0,0.0,2887.0,100.0,1186.0,9488.0,9002.0,-1342.0,27.0,16314.0,19352.0,127.0,16420.0,359.0,0.0,27822.0,50.0,Pass
l3130.txm,41.3105,752.0,753.0,135.0,0.0,2891.0,100.0,1187.0,9415.0,9062.0,-1000.0,27.0,16790.0,19372.0,642.0,16110.0,358.0,0.0,27818.0,50.0,Pass
l3130.txm,42.332,752.0,753.0,136.0,0.0,2885.0,101.0,1186.0,9457.0,9001.0,-1772.0,27.0,16347.0,19340.0,606.0,17018.0,345.0,1.0,27762.0,50.0,Pass
l3130.txm,43.3555,752.0,754.0,133.0,0.0,2879.0,100.0,1185.0,9481.0,9035.0,-1333.0,27.0,16246.0,19140.0,436.0,16140.0,345.0,1.0,28016.0,50.0,Pass
l3130.txm,44.3711,751.0,753.0,133.0,0.0,2884.0,100.0,1187.0,9449.0,9018.0,-2391.0,27.0,16063.0,19162.0,-40.0,16556.0,350.0,0.0,27878.0,50.0,Pass
l3130.txm,45.4121,751.0,753.0,136.0,0.0,2879.0,100.0,1186.0,9425.0,9097.0,-2612.0,27.0,16729.0,19304.0,123.0,16558.0,346.0,0.0,27868.0,50.0,Pass
l3130.txm,46.459,752.0,754.0,129.0,0.0,2891.0,100.0,1187.0,9422.0,9063.0,-599.0,27.0,16161.0,19272.0,-42.0,16802.0,340.0,0.0,28006.0,50.0,Pass
l3130.txm,47.4824,751.0,752.0,131.0,0.0,2890.0,101.0,1186.0,9421.0,9058.0,-1717.0,28.0,16341.0,19302.0,-384.0,16576.0,345.0,1.0,27872.0,50.0,Pass
l3130.txm,48.5,752.0,754.0,134.0,0.0,2877.0,101.0,1186.0,9396.0,9050.0,-881.0,27.0,16338.0,19398.0,-89.0,16902.0,346.0,0.0,27798.0,50.0,Pass
l3130.txm,49.5195,752.0,753.0,135.0,0.0,2883.0,100.0,1186.0,9408.0,9044.0,-521.0,28.0,16452.0,19148.0,155.0,17000.0,350.0,0.0,27876.0,50.0,Pass
l3130.txm,50.5391,752.0,752.0,134.0,0.0,2879.0,100.0,1185.0,9445.0,8981.0,-639.0,27.0,16620.0,19110.0,-67.0,16864.0,349.0,0.0,27910.0,50.0,Pass
l3130.txm,51.5586,752.0,753.0,134.0,0.0,2860.0,100.0,1184.0,9438.0,8988.0,102.0,27.0,16528.0,19044.0,718.0,16390.0,356.0,1.0,27916.0,50.0,Pass
l3130.txm,52.5801,751.0,753.0,134.0,0.0,2846.0,100.0,1184.0,9432.0,9016.0,-1692.0,28.0,16171.0,19446.0,-44.0,16964.0,350.0,1.0,27924.0,50.0,Pass
l3130.txm,53.6269,752.0,756.0,132.0,0.0,2824.0,100.0,1189.0,9417.0,9012.0,-876.0,27.0,16633.0,19452.0,-14.0,16824.0,348.0,0.0,27864.0,50.0,Pass
l3130.txm,54.6191,751.0,753.0,133.0,0.0,2579.0,100.0,1187.0,9480.0,9002.0,-1163.0,27.0,16320.0,19270.0,-298.0,16884.0,345.0,0.0,27878.0,50.0,Pass
l3130.txm,55.6387,752.0,754.0,132.0,0.0,2138.0,100.0,1192.0,9411.0,8957.0,650.0,28.0,15899.0,19572.0,-584.0,16674.0,354.0,1.0,27742.0,50.0,Pass
l3130.txm,56.6602,752.0,753.0,135.0,0.0,1692.0,101.0,1195.0,9425.0,9029.0,508.0,28.0,16609.0,19698.0,-851.0,16630.0,357.0,0.0,27556.0,50.0,Pass
l3130.txm,9.6875,751.0,753.0,135.0,0.0,996.0,101.0,1262.0,9507.0,9007.0,-1556.0,29.0,16781.0,20068.0,-650.0,16150.0,350.0,0.0,27296.0,49.0,Pass
l3131.txm,9.6875,751.0,753.0,135.0,0.0,996.0,101.0,1262.0,9507.0,9007.0,-1556.0,29.0,16781.0,20068.0,-650.0,16150.0,350.0,0.0,27296.0,49.0,Pass
l3131.txm,10.707,751.0,753.0,136.0,0.0,964.0,102.0,1260.0,9490.0,9015.0,-1769.0,29.0,16747.0,20076.0,-552.0,16650.0,353.0,0.0,27500.0,49.0,Pass
l3131.txm,11.7266,751.0,752.0,131.0,0.0,938.0,102.0,1251.0,9457.0,9094.0,178.0,29.0,16910.0,20124.0,-310.0,16620.0,355.0,0.0,27374.0,49.0,Pass
l3131.txm,12.75,751.0,753.0,134.0,0.0,913.0,101.0,1213.0,9550.0,9024.0,800.0,28.0,16803.0,20170.0,56.0,16790.0,349.0,0.0,27350.0,50.0,Pass
l3131.txm,13.7676,751.0,753.0,134.0,0.0,1737.0,102.0,1162.0,9442.0,9022.0,-685.0,29.0,16769.0,20030.0,2610.0,15090.0,353.0,2.0,28030.0,50.0,Pass
l3131.txm,14.7871,751.0,752.0,134.0,0.0,2909.0,101.0,1152.0,9512.0,8986.0,-1908.0,27.0,16786.0,19406.0,-1251.0,17204.0,349.0,0.0,27732.0,49.0,Pass
l3131.txm,15.8066,751.0,753.0,134.0,0.0,2957.0,101.0,1205.0,9512.0,9070.0,-1825.0,27.0,17147.0,19508.0,-330.0,16564.0,348.0,0.0,27814.0,49.0,Pass
l3131.txm,16.8262,751.0,753.0,133.0,0.0,2575.0,101.0,1204.0,9460.0,9051.0,529.0,28.0,16694.0,19588.0,-549.0,16842.0,357.0,0.0,27852.0,49.0,Pass
l3131.txm,17.8477,751.0,753.0,136.0,0.0,2475.0,101.0,1194.0,9544.0,8958.0,-1133.0,28.0,16768.0,19392.0,-264.0,16302.0,354.0,0.0,27798.0,50.0,Pass
l3131.txm,18.8672,752.0,752.0,133.0,0.0,2675.0,101.0,1169.0,9499.0,8999.0,-1658.0,27.0,16867.0,19514.0,46.0,16794.0,351.0,0.0,27898.0,49.0,Pass
l3131.txm,19.9141,751.0,754.0,132.0,0.0,2722.0,102.0,1193.0,9502.0,8979.0,-946.0,28.0,16943.0,19582.0,392.0,16312.0,354.0,1.0,27792.0,49.0,Pass
l3131.txm,20.9277,752.0,754.0,134.0,0.0,2735.0,101.0,1184.0,9490.0,9006.0,-1567.0,27.0,16533.0,19686.0,83.0,16752.0,342.0,1.0,27898.0,50.0,Pass
l3131.txm,21.9473,751.0,753.0,132.0,0.0,2768.0,101.0,1183.0,9487.0,9023.0,-1060.0,27.0,16941.0,19410.0,954.0,16224.0,352.0,0.0,27886.0,50.0,Pass
l3131.txm,22.9668,751.0,753.0,129.0,0.0,2810.0,102.0,1184.0,9526.0,8970.0,-1395.0,27.0,17137.0,19278.0,1096.0,16022.0,352.0,0.0,27784.0,50.0,Pass
l3131.txm,23.9863,751.0,753.0,133.0,0.0,2850.0,102.0,1186.0,9536.0,8994.0,-1472.0,27.0,16795.0,19338.0,-323.0,16764.0,349.0,1.0,27922.0,50.0,Pass
l3131.txm,25.0078,751.0,753.0,132.0,0.0,2870.0,100.0,1183.0,9462.0,9039.0,-1444.0,27.0,17043.0,19342.0,362.0,16832.0,347.0,1.0,27920.0,50.0,Pass
l3131.txm,26.0273,751.0,753.0,132.0,0.0,2874.0,100.0,1185.0,9538.0,8998.0,-927.0,27.0,16955.0,19298.0,127.0,16742.0,349.0,0.0,27862.0,50.0,Pass
l3131.txm,27.0879,751.0,753.0,132.0,0.0,2881.0,100.0,1184.0,9465.0,9017.0,-1356.0,27.0,16793.0,19194.0,234.0,16830.0,347.0,0.0,27902.0,50.0,Pass
l3131.txm,28.1074,752.0,753.0,136.0,0.0,2878.0,101.0,1184.0,9449.0,9003.0,-2163.0,27.0,16816.0,19288.0,-468.0,16900.0,343.0,1.0,27876.0,50.0,Pass
l3131.txm,29.127,752.0,753.0,136.0,0.0,2878.0,102.0,1184.0,9473.0,9032.0,-1370.0,27.0,17090.0,19106.0,458.0,16774.0,353.0,0.0,27868.0,50.0,Pass
l3131.txm,30.1465,752.0,753.0,129.0,0.0,2875.0,100.0,1186.0,9498.0,8979.0,-1940.0,27.0,16853.0,19104.0,62.0,16806.0,349.0,0.0,27906.0,49.0,Pass
l3131.txm,31.168,752.0,752.0,133.0,0.0,2881.0,101.0,1181.0,9498.0,9008.0,-1384.0,27.0,16405.0,19304.0,-22.0,16216.0,356.0,0.0,27892.0,49.0,Pass
l3131.txm,32.2109,752.0,755.0,132.0,0.0,2876.0,100.0,1183.0,9461.0,8976.0,-1403.0,27.0,16694.0,19186.0,-333.0,17044.0,348.0,1.0,27912.0,49.0,Pass
l3131.txm,33.2305,752.0,753.0,131.0,0.0,2881.0,100.0,1186.0,9462.0,9079.0,-1481.0,27.0,16883.0,19358.0,116.0,16796.0,345.0,1.0,27864.0,49.0,Pass
l3131.txm,34.248,752.0,753.0,135.0,0.0,2879.0,100.0,1185.0,9508.0,8988.0,-2183.0,27.0,16638.0,19376.0,149.0,16824.0,357.0,0.0,27868.0,49.0,Pass
l3131.txm,35.2695,752.0,753.0,134.0,0.0,2876.0,100.0,1184.0,9493.0,8964.0,-1225.0,26.0,16582.0,19370.0,138.0,16168.0,355.0,0.0,27836.0,49.0,Pass
l3131.txm,36.2871,751.0,753.0,137.0,0.0,2889.0,100.0,1184.0,9496.0,8993.0,-691.0,26.0,16886.0,19256.0,316.0,16218.0,345.0,0.0,27998.0,49.0,Pass
l3131.txm,37.3262,751.0,754.0,135.0,0.0,2889.0,101.0,1185.0,9508.0,9023.0,-1589.0,27.0,16697.0,19170.0,45.0,16994.0,349.0,0.0,27872.0,49.0,Pass
l3131.txm,38.3477,752.0,753.0,134.0,0.0,2891.0,100.0,1185.0,9501.0,8983.0,-1899.0,27.0,16547.0,19448.0,-71.0,16826.0,355.0,0.0,27772.0,49.0,Pass
l3131.txm,39.3672,753.0,753.0,134.0,0.0,2885.0,101.0,1185.0,9444.0,9072.0,-3049.0,26.0,16556.0,19358.0,138.0,17102.0,346.0,1.0,27800.0,49.0,Pass
l3131.txm,40.3867,752.0,753.0,130.0,0.0,2877.0,100.0,1184.0,9489.0,9000.0,-2952.0,26.0,16858.0,19304.0,-407.0,16258.0,350.0,1.0,27888.0,49.0,Pass
l3131.txm,41.4062,752.0,754.0,134.0,0.0,2885.0,100.0,1185.0,9497.0,9003.0,-921.0,27.0,16449.0,19068.0,-21.0,16914.0,346.0,0.0,27842.0,49.0,Pass
l3131.txm,42.4277,752.0,754.0,136.0,0.0,2875.0,100.0,1185.0,9488.0,9039.0,-1300.0,26.0,16723.0,19060.0,-31.0,16934.0,351.0,0.0,28034.0,49.0,Pass
l3131.txm,43.4473,752.0,753.0,132.0,0.0,2880.0,100.0,1187.0,9495.0,9025.0,-593.0,26.0,16825.0,19088.0,494.0,16402.0,348.0,0.0,27896.0,49.0,Pass
l3131.txm,44.4668,752.0,752.0,132.0,0.0,2884.0,100.0,1187.0,9521.0,9001.0,-1910.0,26.0,16649.0,19050.0,-71.0,16760.0,344.0,0.0,27878.0,49.0,Pass
l3131.txm,45.4902,752.0,754.0,132.0,0.0,2875.0,102.0,1184.0,9509.0,9033.0,-2072.0,26.0,16686.0,19312.0,214.0,16458.0,349.0,0.0,27756.0,49.0,Pass
l3131.txm,46.5078,752.0,753.0,133.0,0.0,2874.0,100.0,1185.0,9480.0,9032.0,-1021.0,26.0,16480.0,19108.0,53.0,15880.0,360.0,0.0,27874.0,49.0,Pass
l3131.txm,47.5273,752.0,754.0,135.0,0.0,2863.0,101.0,1183.0,9491.0,8991.0,-2454.0,26.0,16539.0,19398.0,486.0,16778.0,352.0,1.0,27944.0,49.0,Pass
l3131.txm,48.5488,751.0,753.0,131.0,0.0,2865.0,102.0,1185.0,9457.0,9051.0,-2985.0,26.0,16520.0,19094.0,82.0,16634.0,344.0,0.0,27892.0,49.0,Pass
l3131.txm,49.5703,751.0,753.0,133.0,0.0,2859.0,101.0,1184.0,9503.0,9035.0,-2235.0,26.0,16589.0,19086.0,1.0,16242.0,350.0,1.0,27802.0,49.0,Pass
l3131.txm,50.5879,752.0,753.0,130.0,0.0,2843.0,100.0,1183.0,9482.0,8990.0,-2160.0,27.0,16163.0,19220.0,-495.0,16588.0,348.0,0.0,28014.0,49.0,Pass
l3131.txm,51.6348,751.0,753.0,129.0,0.0,2832.0,102.0,1184.0,9482.0,9080.0,-1400.0,27.0,16469.0,19378.0,89.0,16678.0,345.0,1.0,27786.0,49.0,Pass
l3131.txm,52.627,752.0,753.0,131.0,0.0,2790.0,101.0,1186.0,9480.0,9039.0,-2838.0,26.0,16646.0,19116.0,-398.0,16894.0,337.0,1.0,27974.0,49.0,Pass
l3131.txm,53.6465,752.0,754.0,135.0,0.0,2410.0,101.0,1191.0,9474.0,9090.0,-685.0,26.0,16658.0,19298.0,-738.0,16960.0,356.0,0.0,27738.0,50.0,Pass
l3131.txm,54.668,751.0,753.0,133.0,0.0,1984.0,101.0,1193.0,9550.0,8952.0,72.0,26.0,16460.0,19624.0,-718.0,16580.0,343.0,0.0,27640.0,50.0,Pass
l3131.txm,55.6875,752.0,753.0,133.0,0.0,1571.0,100.0,1187.0,9472.0,9013.0,-304.0,28.0,16362.0,19698.0,-94.0,16860.0,345.0,0.0,27568.0,50.0,Pass
l3131.txm,11.2324,751.0,753.0,133.0,0.0,1007.0,99.0,1261.0,9458.0,9045.0,-1626.0,29.0,17131.0,20102.0,-757.0,16152.0,345.0,0.0,27334.0,49.0,Pass
l3132.txm,11.2324,751.0,753.0,133.0,0.0,1007.0,99.0,1261.0,9458.0,9045.0,-1626.0,29.0,17131.0,20102.0,-757.0,16152.0,345.0,0.0,27334.0,49.0,Pass
l3132.txm,12.252,751.0,754.0,135.0,0.0,967.0,99.0,1259.0,9504.0,8998.0,-1863.0,29.0,16571.0,20122.0,246.0,16328.0,347.0,0.0,27602.0,49.0,Pass
l3132.txm,13.2734,751.0,753.0,133.0,0.0,947.0,100.0,1261.0,9505.0,8992.0,-1669.0,29.0,16484.0,19970.0,-94.0,17112.0,344.0,0.0,27556.0,49.0,Pass
l3132.txm,14.293,751.0,756.0,133.0,0.0,918.0,99.0,1241.0,9460.0,9032.0,-1207.0,29.0,16905.0,20034.0,-601.0,16250.0,344.0,0.0,27236.0,50.0,Pass
l3132.txm,15.3379,751.0,755.0,132.0,0.0,1000.0,100.0,1196.0,9482.0,9096.0,656.0,28.0,16899.0,20324.0,-572.0,15942.0,347.0,0.0,27306.0,50.0,Pass
l3132.txm,16.332,751.0,752.0,133.0,0.0,2686.0,101.0,1139.0,9461.0,8982.0,-1949.0,27.0,16963.0,19314.0,-584.0,17524.0,344.0,0.0,27996.0,50.0,Pass
l3132.txm,17.3535,751.0,753.0,134.0,0.0,2955.0,101.0,1188.0,9482.0,9082.0,-168.0,28.0,17293.0,19582.0,-322.0,16264.0,354.0,1.0,27770.0,49.0,Pass
l3132.txm,18.373,751.0,752.0,132.0,0.0,2873.0,102.0,1205.0,9456.0,9082.0,203.0,29.0,16634.0,19384.0,650.0,16400.0,353.0,1.0,27862.0,49.0,Pass
l3132.txm,19.3926,752.0,753.0,132.0,0.0,2250.0,101.0,1206.0,9477.0,8983.0,-696.0,28.0,16616.0,19674.0,536.0,16624.0,350.0,0.0,27866.0,50.0,Pass
l3132.txm,20.4375,751.0,752.0,134.0,0.0,2724.0,100.0,1157.0,9446.0,9023.0,-369.0,28.0,16446.0,19536.0,81.0,16844.0,353.0,0.0,27852.0,50.0,Pass
l3132.txm,21.4648,752.0,754.0,134.0,0.0,2688.0,100.0,1198.0,9504.0,9040.0,-2108.0,27.0,16943.0,19446.0,-63.0,16506.0,350.0,0.0,27996.0,49.0,Pass
l3132.txm,22.4824,751.0,754.0,133.0,0.0,2715.0,100.0,1184.0,9526.0,9002.0,-1628.0,28.0,16746.0,19614.0,61.0,16562.0,347.0,0.0,27898.0,50.0,Pass
l3132.txm,23.5039,752.0,752.0,134.0,0.0,2748.0,100.0,1183.0,9502.0,9026.0,-1893.0,28.0,16756.0,19412.0,39.0,16940.0,344.0,0.0,27860.0,50.0,Pass
l3132.txm,24.5254,751.0,753.0,134.0,0.0,2784.0,100.0,1187.0,9487.0,9061.0,-865.0,27.0,17016.0,19260.0,320.0,16450.0,340.0,0.0,27848.0,50.0,Pass
l3132.txm,25.5449,752.0,753.0,134.0,0.0,2827.0,100.0,1184.0,9452.0,9021.0,-2055.0,28.0,17119.0,19254.0,304.0,16186.0,357.0,1.0,27842.0,50.0,Pass
l3132.txm,26.5625,752.0,753.0,133.0,0.0,2857.0,101.0,1184.0,9458.0,9048.0,-1443.0,27.0,16953.0,19354.0,-95.0,16792.0,351.0,0.0,27900.0,49.0,Pass
l3132.txm,27.6094,751.0,753.0,132.0,0.0,2863.0,101.0,1186.0,9488.0,8998.0,-2072.0,27.0,16771.0,19418.0,566.0,16730.0,353.0,1.0,27962.0,49.0,Pass
l3132.txm,28.6055,752.0,753.0,135.0,0.0,2865.0,101.0,1182.0,9437.0,9015.0,-1294.0,27.0,17120.0,19338.0,-13.0,16648.0,355.0,0.0,27846.0,50.0,Pass
l3132.txm,29.623,752.0,753.0,133.0,0.0,2867.0,102.0,1182.0,9438.0,9076.0,-1008.0,27.0,16787.0,19400.0,68.0,16814.0,344.0,0.0,27838.0,50.0,Pass
l3132.txm,30.6426,751.0,753.0,136.0,0.0,2883.0,100.0,1185.0,9528.0,9037.0,-1640.0,27.0,17033.0,19150.0,-527.0,17084.0,351.0,0.0,27884.0,50.0,Pass
l3132.txm,31.6621,751.0,754.0,133.0,0.0,2875.0,102.0,1187.0,9431.0,9022.0,-1461.0,27.0,16972.0,19208.0,54.0,16228.0,344.0,0.0,27866.0,49.0,Pass
l3132.txm,32.6816,751.0,753.0,134.0,0.0,2871.0,100.0,1185.0,9507.0,9001.0,-1348.0,26.0,16831.0,19342.0,974.0,16432.0,341.0,0.0,27858.0,49.0,Pass
l3132.txm,33.7051,751.0,752.0,134.0,0.0,2874.0,100.0,1186.0,9487.0,9062.0,-1238.0,26.0,16815.0,19376.0,-284.0,16882.0,350.0,1.0,27870.0,49.0,Pass
l3132.txm,34.7285,752.0,753.0,133.0,0.0,2871.0,101.0,1185.0,9503.0,8965.0,-1747.0,26.0,16824.0,19228.0,146.0,16522.0,347.0,0.0,27878.0,49.0,Pass
l3132.txm,35.7422,752.0,753.0,133.0,0.0,2872.0,101.0,1184.0,9434.0,9029.0,-866.0,26.0,16985.0,19444.0,64.0,16444.0,346.0,0.0,27874.0,49.0,Pass
l3132.txm,36.7637,752.0,754.0,135.0,0.0,2874.0,100.0,1184.0,9462.0,9031.0,-936.0,26.0,16748.0,19218.0,-62.0,16426.0,342.0,0.0,27992.0,49.0,Pass
l3132.txm,37.7832,752.0,753.0,131.0,0.0,2878.0,100.0,1184.0,9544.0,9028.0,-1526.0,26.0,16370.0,19140.0,-361.0,16052.0,355.0,0.0,27850.0,49.0,Pass
l3132.txm,38.8027,752.0,753.0,133.0,0.0,2869.0,100.0,1184.0,9514.0,9054.0,-356.0,26.0,16454.0,19322.0,454.0,16020.0,352.0,1.0,27900.0,49.0,Pass
l3132.txm,39.8477,752.0,753.0,136.0,0.0,2875.0,101.0,1185.0,9479.0,9016.0,-1715.0,26.0,16806.0,19382.0,-52.0,16790.0,349.0,1.0,27864.0,49.0,Pass
l3132.txm,40.8418,752.0,754.0,134.0,0.0,2873.0,100.0,1183.0,9501.0,8999.0,-1485.0,26.0,16741.0,19330.0,-76.0,16716.0,346.0,1.0,27838.0,49.0,Pass
l3132.txm,41.8613,752.0,753.0,135.0,0.0,2869.0,100.0,1184.0,9506.0,9007.0,-1203.0,26.0,16966.0,19300.0,-78.0,16646.0,343.0,0.0,27838.0,49.0,Pass
l3132.txm,42.8809,752.0,753.0,136.0,0.0,2876.0,100.0,1184.0,9471.0,9066.0,-792.0,26.0,17101.0,19220.0,110.0,16664.0,338.0,0.0,27862.0,49.0,Pass
l3132.txm,43.9004,752.0,754.0,136.0,0.0,2862.0,102.0,1184.0,9492.0,9007.0,-1763.0,26.0,16749.0,19306.0,274.0,16546.0,347.0,0.0,27848.0,49.0,Pass
l3132.txm,44.9219,752.0,753.0,135.0,0.0,2872.0,100.0,1185.0,9477.0,9048.0,-631.0,27.0,16881.0,19384.0,40.0,16426.0,346.0,0.0,27894.0,49.0,Pass
l3132.txm,45.9414,752.0,754.0,133.0,0.0,2876.0,101.0,1187.0,9505.0,8991.0,-3171.0,26.0,16627.0,19326.0,52.0,16330.0,347.0,0.0,27976.0,49.0,Pass
l3132.txm,46.9609,752.0,753.0,134.0,0.0,2868.0,101.0,1187.0,9474.0,9043.0,-1670.0,26.0,16447.0,19438.0,129.0,15606.0,355.0,0.0,27884.0,49.0,Pass
l3132.txm,47.9824,752.0,754.0,133.0,0.0,2872.0,100.0,1186.0,9468.0,9038.0,-1721.0,26.0,16606.0,19258.0,137.0,16734.0,354.0,0.0,27922.0,49.0,Pass
l3132.txm,49.0,752.0,754.0,133.0,0.0,2869.0,100.0,1187.0,9508.0,9044.0,-1308.0,26.0,16806.0,19222.0,514.0,16422.0,350.0,0.0,27818.0,49.0,Pass
l3132.txm,50.0234,752.0,753.0,132.0,0.0,2857.0,100.0,1185.0,9437.0,9075.0,-1145.0,26.0,16596.0,19204.0,424.0,16256.0,346.0,0.0,27882.0,49.0,Pass
l3132.txm,51.043,752.0,754.0,135.0,0.0,2855.0,100.0,1184.0,9459.0,9059.0,-759.0,26.0,16756.0,19326.0,976.0,15982.0,343.0,0.0,27900.0,49.0,Pass
l3132.txm,52.0879,752.0,753.0,135.0,0.0,2851.0,101.0,1186.0,9441.0,9044.0,-1136.0,26.0,16663.0,19376.0,342.0,16676.0,345.0,0.0,27874.0,49.0,Pass
l3132.txm,53.084,752.0,753.0,134.0,0.0,2833.0,100.0,1184.0,9448.0,9041.0,-234.0,26.0,16567.0,19418.0,0.0,16192.0,355.0,0.0,27848.0,49.0,Pass
l3132.txm,54.1074,752.0,754.0,135.0,0.0,2818.0,101.0,1185.0,9526.0,8986.0,-74.0,26.0,16562.0,19330.0,202.0,16772.0,345.0,1.0,27890.0,49.0,Pass
l3132.txm,55.1328,751.0,752.0,134.0,0.0,2714.0,100.0,1186.0,9439.0,9027.0,-1965.0,26.0,16549.0,19266.0,-408.0,17030.0,355.0,0.0,27886.0,49.0,Pass
l3132.txm,56.1523,752.0,753.0,134.0,0.0,2219.0,101.0,1198.0,9472.0,9066.0,353.0,26.0,16600.0,19394.0,-781.0,16902.0,350.0,0.0,27610.0,50.0,Pass
l3132.txm,57.1719,752.0,754.0,134.0,0.0,1828.0,101.0,1189.0,9452.0,9055.0,830.0,27.0,16399.0,19682.0,12.0,16694.0,348.0,0.0,27642.0,50.0,Pass
l3132.txm,9.69336,751.0,752.0,133.0,0.0,1022.0,101.0,1266.0,9525.0,8971.0,-742.0,30.0,17133.0,19982.0,-847.0,16170.0,349.0,0.0,27336.0,49.0,Pass
l3133.txm,9.69336,751.0,752.0,133.0,0.0,1022.0,101.0,1266.0,9525.0,8971.0,-742.0,30.0,17133.0,19982.0,-847.0,16170.0,349.0,0.0,27336.0,49.0,Pass
l3133.txm,10.7383,751.0,753.0,132.0,0.0,970.0,100.0,1263.0,9451.0,9028.0,-2279.0,29.0,16602.0,20124.0,498.0,16276.0,345.0,0.0,27536.0,49.0,Pass
l3133.txm,11.7305,751.0,753.0,135.0,0.0,940.0,101.0,1261.0,9512.0,8987.0,-1691.0,30.0,16690.0,20106.0,46.0,16418.0,345.0,0.0,27536.0,49.0,Pass
l3133.txm,12.75,751.0,753.0,135.0,0.0,912.0,100.0,1238.0,9472.0,9052.0,-1055.0,29.0,16894.0,20096.0,-315.0,16772.0,344.0,0.0,27506.0,50.0,Pass
l3133.txm,13.7715,751.0,754.0,133.0,0.0,1036.0,101.0,1191.0,9451.0,9074.0,1288.0,28.0,16917.0,20268.0,-573.0,15888.0,346.0,0.0,27200.0,50.0,Pass
l3133.txm,14.791,751.0,754.0,133.0,0.0,2561.0,102.0,1141.0,9493.0,8989.0,-718.0,27.0,17098.0,19214.0,-412.0,17678.0,350.0,1.0,28314.0,50.0,Pass
l3133.txm,15.8105,751.0,753.0,135.0,0.0,2935.0,100.0,1184.0,9514.0,9039.0,-1163.0,29.0,16447.0,19672.0,-344.0,16442.0,342.0,0.0,27756.0,49.0,Pass
l3133.txm,16.8301,751.0,753.0,133.0,0.0,2854.0,102.0,1205.0,9460.0,9108.0,-94.0,28.0,17030.0,19228.0,-325.0,16850.0,341.0,1.0,28016.0,49.0,Pass
l3133.txm,17.8516,752.0,752.0,132.0,0.0,2319.0,100.0,1207.0,9539.0,9000.0,588.0,27.0,16522.0,19410.0,-563.0,16524.0,343.0,0.0,27718.0,50.0,Pass
l3133.txm,18.8711,751.0,752.0,131.0,0.0,2687.0,101.0,1158.0,9539.0,8960.0,-1774.0,27.0,16658.0,19232.0,748.0,16956.0,351.0,0.0,27990.0,50.0,Pass
l3133.txm,19.8906,752.0,753.0,131.0,0.0,2706.0,101.0,1193.0,9474.0,9054.0,-1793.0,27.0,16692.0,19658.0,-507.0,16750.0,349.0,1.0,27766.0,49.0,Pass
l3133.txm,20.9102,751.0,752.0,133.0,0.0,2720.0,101.0,1188.0,9460.0,9026.0,-1133.0,28.0,16862.0,19556.0,-283.0,16428.0,349.0,0.0,27644.0,50.0,Pass
l3133.txm,21.9297,751.0,753.0,133.0,0.0,2748.0,101.0,1182.0,9478.0,8998.0,-1421.0,27.0,17080.0,19610.0,-382.0,16246.0,354.0,1.0,27642.0,50.0,Pass
l3133.txm,22.9746,751.0,754.0,135.0,0.0,2791.0,102.0,1187.0,9473.0,9016.0,-2148.0,27.0,16910.0,19410.0,-314.0,16496.0,346.0,1.0,27818.0,50.0,Pass
l3133.txm,24.0,751.0,753.0,132.0,0.0,2816.0,102.0,1184.0,9467.0,8992.0,-1526.0,27.0,16867.0,19352.0,27.0,16764.0,345.0,0.0,27974.0,50.0,Pass
l3133.txm,25.0215,751.0,754.0,134.0,0.0,2857.0,102.0,1185.0,9479.0,9036.0,-1502.0,27.0,16648.0,19414.0,1400.0,16430.0,342.0,0.0,27892.0,50.0,Pass
l3133.txm,26.043,752.0,753.0,131.0,0.0,2858.0,101.0,1186.0,9459.0,9026.0,-1545.0,27.0,16601.0,19286.0,106.0,16886.0,347.0,1.0,27924.0,50.0,Pass
l3133.txm,27.0625,751.0,753.0,134.0,0.0,2869.0,101.0,1185.0,9541.0,9000.0,-2056.0,27.0,16628.0,19348.0,21.0,16752.0,354.0,0.0,27880.0,50.0,Pass
l3133.txm,28.0859,751.0,751.0,136.0,0.0,2870.0,100.0,1185.0,9466.0,9012.0,-1553.0,27.0,16858.0,19302.0,66.0,16864.0,353.0,0.0,27856.0,50.0,Pass
l3133.txm,29.1035,752.0,754.0,133.0,0.0,2865.0,101.0,1184.0,9451.0,9054.0,-2134.0,27.0,16766.0,19356.0,292.0,16882.0,346.0,1.0,27888.0,50.0,Pass
l3133.txm,30.123,752.0,754.0,133.0,0.0,2869.0,100.0,1184.0,9472.0,9046.0,-1138.0,27.0,16892.0,19218.0,650.0,16390.0,352.0,0.0,27916.0,50.0,Pass
l3133.txm,31.1426,751.0,753.0,133.0,0.0,2876.0,100.0,1188.0,9514.0,8983.0,-1407.0,26.0,16802.0,19054.0,-260.0,17108.0,352.0,1.0,27906.0,50.0,Pass
l3133.txm,32.1621,751.0,754.0,133.0,0.0,2878.0,100.0,1187.0,9457.0,9069.0,-1352.0,26.0,16693.0,19282.0,-363.0,16244.0,351.0,0.0,28006.0,50.0,Pass
l3133.txm,33.1836,751.0,753.0,133.0,0.0,2874.0,100.0,1184.0,9478.0,9015.0,-931.0,26.0,17095.0,19090.0,107.0,16718.0,352.0,0.0,27894.0,50.0,Pass
l3133.txm,34.2031,752.0,753.0,133.0,0.0,2875.0,101.0,1185.0,9526.0,9011.0,-1117.0,26.0,16697.0,19378.0,147.0,16250.0,361.0,1.0,27908.0,50.0,Pass
l3133.txm,35.2461,751.0,753.0,133.0,0.0,2876.0,101.0,1183.0,9449.0,8988.0,-2863.0,26.0,16706.0,19318.0,496.0,17052.0,351.0,0.0,27908.0,50.0,Pass
l3133.txm,36.2715,752.0,754.0,135.0,0.0,2880.0,101.0,1186.0,9453.0,9026.0,-519.0,26.0,16845.0,19206.0,26.0,16646.0,348.0,1.0,27944.0,50.0,Pass
l3133.txm,37.291,752.0,753.0,136.0,0.0,2880.0,100.0,1185.0,9455.0,9011.0,-1880.0,26.0,17007.0,19072.0,-271.0,16454.0,358.0,0.0,27960.0,50.0,Pass
l3133.txm,38.3105,752.0,753.0,133.0,0.0,2877.0,102.0,1186.0,9529.0,8979.0,-1515.0,26.0,16753.0,19228.0,750.0,16228.0,358.0,0.0,27880.0,50.0,Pass
l3133.txm,39.3301,752.0,754.0,133.0,0.0,2877.0,102.0,1185.0,9457.0,9060.0,-2094.0,26.0,16655.0,19090.0,-80.0,16826.0,348.0,1.0,27926.0,50.0,Pass
l3133.txm,40.3516,752.0,754.0,133.0,0.0,2874.0,101.0,1185.0,9442.0,9051.0,-1062.0,26.0,16573.0,19428.0,686.0,16698.0,347.0,0.0,27912.0,50.0,Pass
l3133.txm,41.3711,751.0,754.0,133.0,0.0,2877.0,100.0,1184.0,9531.0,9020.0,-2174.0,26.0,16698.0,19284.0,-563.0,16584.0,358.0,0.0,27890.0,50.0,Pass
l3133.txm,42.418,752.0,754.0,133.0,0.0,2879.0,101.0,1184.0,9488.0,9050.0,-1882.0,26.0,16476.0,19328.0,4.0,17114.0,346.0,0.0,27888.0,50.0,Pass
l3133.txm,43.4102,751.0,754.0,137.0,0.0,2871.0,100.0,1183.0,9525.0,9000.0,-1224.0,26.0,16619.0,19358.0,119.0,16786.0,348.0,1.0,27888.0,50.0,Pass
l3133.txm,44.4297,752.0,753.0,134.0,0.0,2882.0,101.0,1185.0,9523.0,9016.0,-1509.0,26.0,16695.0,19450.0,155.0,16948.0,350.0,1.0,27900.0,50.0,Pass
l3133.txm,45.4512,752.0,754.0,133.0,0.0,2881.0,100.0,1186.0,9466.0,9091.0,-2346.0,26.0,16781.0,19074.0,958.0,16330.0,349.0,0.0,27924.0,50.0,Pass
l3133.txm,46.4707,752.0,753.0,131.0,0.0,2871.0,100.0,1185.0,9444.0,9041.0,-1391.0,26.0,16579.0,19260.0,-513.0,16654.0,351.0,0.0,27908.0,50.0,Pass
l3133.txm,47.4941,752.0,753.0,129.0,0.0,2872.0,102.0,1186.0,9485.0,9052.0,-3009.0,27.0,16381.0,19104.0,-292.0,16946.0,350.0,1.0,27884.0,50.0,Pass
l3133.txm,48.5098,752.0,754.0,132.0,0.0,2861.0,101.0,1184.0,9501.0,8990.0,-2317.0,26.0,16562.0,19264.0,-339.0,16868.0,347.0,0.0,27876.0,50.0,Pass
l3133.txm,49.5352,752.0,755.0,138.0,0.0,2846.0,101.0,1185.0,9540.0,9001.0,-1145.0,26.0,16908.0,19398.0,17.0,16998.0,344.0,0.0,27884.0,50.0,Pass
l3133.txm,50.5508,752.0,754.0,130.0,0.0,2847.0,102.0,1188.0,9438.0,9062.0,-2615.0,26.0,16713.0,19318.0,-451.0,16838.0,351.0,0.0,27918.0,50.0,Pass
l3133.txm,51.5703,752.0,753.0,131.0,0.0,2814.0,100.0,1186.0,9424.0,9039.0,-2250.0,26.0,16368.0,19178.0,-16.0,16662.0,357.0,0.0,27872.0,50.0,Pass
l3133.txm,52.5898,752.0,752.0,128.0,0.0,2611.0,100.0,1190.0,9482.0,8999.0,-669.0,27.0,16468.0,19216.0,-305.0,16978.0,351.0,1.0,27892.0,50.0,Pass
l3133.txm,53.6113,752.0,749.0,134.0,0.0,2150.0,101.0,1197.0,9518.0,8990.0,413.0,26.0,16479.0,19556.0,-620.0,16862.0,349.0,0.0,27704.0,50.0,Pass
l3133.txm,54.6582,751.0,751.0,132.0,0.0,1695.0,101.0,1185.0,9495.0,8988.0,-1014.0,28.0,16413.0,19702.0,-477.0,16456.0,343.0,1.0,27570.0,50.0,Pass
l3133.txm,8.66992,750.0,753.0,133.0,0.0,1026.0,100.0,1264.0,9434.0,9029.0,-2375.0,29.0,16466.0,20054.0,-818.0,16190.0,350.0,1.0,27292.0,49.0,Pass
l3134.txm,8.66992,750.0,753.0,133.0,0.0,1026.0,100.0,1264.0,9434.0,9029.0,-2375.0,29.0,16466.0,20054.0,-818.0,16190.0,350.0,1.0,27292.0,49.0,Pass
l3134.txm,9.69141,751.0,752.0,132.0,0.0,978.0,100.0,1259.0,9430.0,9047.0,-1371.0,30.0,16843.0,20066.0,266.0,16412.0,358.0,1.0,27414.0,49.0,Pass
l3134.txm,10.7129,752.0,754.0,135.0,0.0,954.0,101.0,1259.0,9460.0,9023.0,-1293.0,30.0,16696.0,20062.0,-29.0,16498.0,355.0,0.0,27344.0,49.0,Pass
l3134.txm,11.7324,751.0,753.0,132.0,0.0,925.0,101.0,1244.0,9416.0,9123.0,278.0,30.0,16373.0,20186.0,-343.0,16342.0,346.0,0.0,27326.0,49.0,Pass
l3134.txm,12.752,751.0,756.0,135.0,0.0,958.0,100.0,1198.0,9501.0,9045.0,673.0,29.0,16796.0,20206.0,-702.0,16418.0,345.0,0.0,27354.0,50.0,Pass
l3134.txm,13.7734,751.0,753.0,131.0,0.0,2280.0,101.0,1148.0,9448.0,9017.0,-1005.0,29.0,16358.0,19580.0,2030.0,17024.0,349.0,1.0,28288.0,50.0,Pass
l3134.txm,14.793,751.0,754.0,131.0,0.0,2943.0,101.0,1175.0,9492.0,9036.0,-1397.0,28.0,16798.0,19646.0,-739.0,16218.0,349.0,0.0,27644.0,49.0,Pass
l3134.txm,15.8125,751.0,754.0,135.0,1.0,2901.0,101.0,1204.0,9426.0,9085.0,-1163.0,29.0,16383.0,19364.0,274.0,16460.0,342.0,0.0,27830.0,49.0,Pass
l3134.txm,16.832,751.0,753.0,133.0,0.0,2438.0,101.0,1201.0,9452.0,9040.0,736.0,28.0,16749.0,19576.0,-436.0,16482.0,352.0,0.0,27816.0,49.0,Pass
l3134.txm,17.8535,751.0,753.0,131.0,0.0,2686.0,100.0,1166.0,9455.0,9027.0,-1616.0,27.0,16975.0,19514.0,656.0,16186.0,347.0,1.0,27804.0,50.0,Pass
l3134.txm,18.873,751.0,753.0,133.0,0.0,2692.0,100.0,1187.0,9433.0,9045.0,-904.0,30.0,16279.0,19698.0,-381.0,16516.0,350.0,1.0,27890.0,49.0,Pass
l3134.txm,19.916,751.0,753.0,132.0,0.0,2718.0,100.0,1194.0,9429.0,9042.0,-1835.0,28.0,16842.0,19616.0,122.0,16460.0,352.0,0.0,27802.0,49.0,Pass
l3134.txm,20.9121,751.0,754.0,132.0,0.0,2732.0,101.0,1183.0,9439.0,9057.0,-1911.0,28.0,16602.0,19658.0,3.0,16484.0,342.0,1.0,27806.0,50.0,Pass
l3134.txm,21.9316,752.0,753.0,132.0,0.0,2771.0,101.0,1186.0,9428.0,9057.0,-1886.0,28.0,17020.0,19620.0,-367.0,16554.0,346.0,0.0,27880.0,50.0,Pass
l3134.txm,22.9531,751.0,753.0,134.0,0.0,2804.0,102.0,1186.0,9500.0,9015.0,-1513.0,28.0,16879.0,19208.0,95.0,16904.0,350.0,0.0,27838.0,50.0,Pass
l3134.txm,23.9727,751.0,752.0,135.0,0.0,2860.0,102.0,1186.0,9480.0,8993.0,-1784.0,28.0,16614.0,19166.0,-311.0,16808.0,346.0,0.0,27868.0,50.0,Pass
l3134.txm,24.9922,752.0,753.0,132.0,0.0,2864.0,101.0,1184.0,9435.0,9020.0,-2044.0,28.0,16755.0,19246.0,12.0,16654.0,344.0,1.0,27892.0,50.0,Pass
l3134.txm,26.0117,751.0,753.0,132.0,0.0,2877.0,101.0,1186.0,9425.0,9018.0,-1447.0,28.0,16682.0,19422.0,12.0,16600.0,351.0,1.0,27890.0,50.0,Pass
l3134.txm,27.0332,752.0,753.0,131.0,0.0,2865.0,101.0,1185.0,9461.0,8978.0,-1774.0,28.0,16545.0,19156.0,-690.0,16454.0,341.0,0.0,27936.0,50.0,Pass
l3134.txm,28.0527,752.0,754.0,132.0,0.0,2869.0,101.0,1184.0,9473.0,9009.0,-1473.0,28.0,16669.0,19104.0,-684.0,16832.0,351.0,0.0,27906.0,50.0,Pass
l3134.txm,29.0762,752.0,754.0,127.0,0.0,2870.0,101.0,1185.0,9455.0,9057.0,-1822.0,27.0,16419.0,19146.0,-419.0,16364.0,343.0,1.0,27978.0,49.0,Pass
l3134.txm,30.0918,751.0,753.0,136.0,0.0,2874.0,100.0,1185.0,9476.0,9033.0,-1864.0,27.0,16470.0,19052.0,145.0,16384.0,351.0,0.0,27878.0,49.0,Pass
l3134.txm,31.1133,752.0,754.0,134.0,0.0,2872.0,101.0,1186.0,9504.0,9031.0,-1483.0,27.0,16465.0,19312.0,222.0,16444.0,358.0,1.0,27924.0,49.0,Pass
l3134.txm,32.1563,752.0,752.0,135.0,0.0,2877.0,100.0,1185.0,9484.0,8986.0,-1975.0,27.0,16581.0,19334.0,386.0,16790.0,347.0,0.0,27858.0,49.0,Pass
l3134.txm,33.1523,751.0,753.0,133.0,0.0,2868.0,101.0,1185.0,9426.0,9036.0,-1424.0,27.0,16609.0,19260.0,23.0,16832.0,342.0,0.0,27898.0,49.0,Pass
l3134.txm,34.1719,752.0,753.0,134.0,0.0,2868.0,101.0,1182.0,9429.0,9039.0,-926.0,27.0,16600.0,19390.0,-369.0,16848.0,346.0,0.0,27868.0,49.0,Pass
l3134.txm,35.1934,752.0,752.0,133.0,0.0,2866.0,101.0,1183.0,9424.0,9029.0,-1610.0,27.0,16461.0,19356.0,49.0,16672.0,351.0,0.0,27868.0,49.0,Pass
l3134.txm,36.2129,752.0,754.0,135.0,0.0,2883.0,100.0,1186.0,9454.0,9029.0,-1567.0,27.0,16416.0,19208.0,496.0,16792.0,353.0,0.0,27900.0,49.0,Pass
l3134.txm,37.2324,752.0,754.0,131.0,0.0,2876.0,100.0,1185.0,9454.0,9050.0,-1087.0,27.0,16195.0,19092.0,476.0,16876.0,343.0,1.0,27866.0,49.0,Pass
l3134.txm,38.252,752.0,753.0,135.0,0.0,2877.0,100.0,1185.0,9451.0,9038.0,-2100.0,27.0,16481.0,19148.0,1316.0,16548.0,347.0,0.0,27884.0,49.0,Pass
l3134.txm,39.2734,752.0,754.0,134.0,0.0,2876.0,102.0,1184.0,9459.0,9022.0,-393.0,27.0,16536.0,19054.0,20.0,16176.0,353.0,1.0,27942.0,49.0,Pass
l3134.txm,40.293,752.0,753.0,138.0,0.0,2873.0,100.0,1184.0,9422.0,9070.0,-2539.0,27.0,16688.0,19086.0,500.0,16392.0,350.0,0.0,27874.0,49.0,Pass
l3134.txm,41.3125,752.0,753.0,134.0,0.0,2870.0,100.0,1184.0,9467.0,9094.0,-307.0,27.0,16642.0,19244.0,-38.0,16828.0,345.0,1.0,27888.0,49.0,Pass
l3134.txm,42.332,752.0,753.0,137.0,0.0,2873.0,101.0,1184.0,9442.0,9055.0,-1788.0,27.0,16935.0,19176.0,126.0,16030.0,353.0,0.0,27946.0,49.0,Pass
l3134.txm,43.3535,752.0,754.0,131.0,0.0,2867.0,101.0,1185.0,9462.0,9021.0,-737.0,27.0,16639.0,19386.0,608.0,16482.0,346.0,0.0,27910.0,49.0,Pass
l3134.txm,44.3984,752.0,754.0,135.0,0.0,2861.0,100.0,1182.0,9498.0,9008.0,-2887.0,27.0,16680.0,19292.0,452.0,16830.0,342.0,0.0,27862.0,49.0,Pass
l3134.txm,45.3926,752.0,753.0,132.0,0.0,2869.0,100.0,1184.0,9439.0,8998.0,18.0,27.0,16345.0,19314.0,65.0,16282.0,349.0,0.0,27856.0,49.0,Pass
l3134.txm,46.4141,752.0,753.0,131.0,0.0,2869.0,102.0,1182.0,9451.0,9037.0,-2718.0,27.0,16285.0,19414.0,155.0,16558.0,345.0,0.0,27852.0,49.0,Pass
l3134.txm,47.4316,752.0,752.0,130.0,0.0,2864.0,101.0,1182.0,9433.0,9060.0,-1770.0,27.0,16224.0,19160.0,150.0,16502.0,343.0,0.0,27846.0,49.0,Pass
l3134.txm,48.4531,752.0,753.0,132.0,0.0,2868.0,100.0,1184.0,9438.0,9025.0,-2481.0,27.0,16567.0,19120.0,-277.0,16820.0,344.0,0.0,27818.0,49.0,Pass
l3134.txm,49.4727,752.0,754.0,135.0,0.0,2855.0,100.0,1183.0,9496.0,8989.0,-1074.0,27.0,16637.0,19332.0,-1.0,16818.0,346.0,0.0,27888.0,49.0,Pass
l3134.txm,50.4922,751.0,753.0,133.0,0.0,2848.0,101.0,1185.0,9416.0,9070.0,-1998.0,28.0,16305.0,19154.0,-895.0,16886.0,345.0,0.0,27832.0,49.0,Pass
l3134.txm,51.5371,751.0,754.0,133.0,0.0,2827.0,102.0,1184.0,9510.0,8975.0,-1563.0,27.0,16728.0,19256.0,-649.0,16488.0,344.0,0.0,27842.0,49.0,Pass
l3134.txm,52.5312,752.0,753.0,132.0,0.0,2722.0,100.0,1187.0,9482.0,9006.0,-1386.0,27.0,16436.0,19404.0,-567.0,16846.0,354.0,0.0,27874.0,49.0,Pass
l3134.txm,53.5508,751.0,752.0,132.0,0.0,2316.0,101.0,1193.0,9430.0,9032.0,-658.0,27.0,16766.0,19450.0,-353.0,16800.0,356.0,1.0,27790.0,50.0,Pass
l3134.txm,54.5703,751.0,754.0,134.0,0.0,1810.0,99.0,1189.0,9449.0,8968.0,-1030.0,29.0,16096.0,19632.0,148.0,16390.0,348.0,0.0,27586.0,50.0,Pass
l3134.txm,55.5898,752.0,753.0,133.0,0.0,1520.0,102.0,1187.0,9440.0,9046.0,1246.0,28.0,16234.0,19774.0,-457.0,16348.0,342.0,0.0,27500.0,50.0,Pass
l3134.txm,9.69922,751.0,753.0,133.0,0.0,999.0,100.0,1262.0,9475.0,8986.0,-1763.0,30.0,16502.0,20092.0,-1007.0,15932.0,350.0,1.0,27316.0,49.0,Pass
l3135.txm,9.69922,751.0,753.0,133.0,0.0,999.0,100.0,1262.0,9475.0,8986.0,-1763.0,30.0,16502.0,20092.0,-1007.0,15932.0,350.0,1.0,27316.0,49.0,Pass
l3135.txm,10.7168,751.0,753.0,135.0,0.0,967.0,101.0,1259.0,9483.0,8977.0,-1106.0,30.0,16568.0,19934.0,124.0,16880.0,348.0,0.0,27570.0,49.0,Pass
l3135.txm,11.7363,751.0,753.0,132.0,0.0,943.0,99.0,1256.0,9478.0,8967.0,-1930.0,30.0,16498.0,19982.0,-1232.0,16842.0,351.0,0.0,27368.0,49.0,Pass
l3135.txm,12.7578,751.0,754.0,132.0,0.0,907.0,102.0,1229.0,9521.0,8985.0,-1073.0,30.0,16659.0,19976.0,-395.0,16642.0,343.0,0.0,27330.0,50.0,Pass
l3135.txm,13.7773,751.0,752.0,134.0,0.0,1218.0,100.0,1180.0,9461.0,9034.0,533.0,29.0,16814.0,20300.0,-268.0,15484.0,350.0,0.0,27340.0,50.0,Pass
l3135.txm,14.7969,751.0,752.0,133.0,0.0,2733.0,100.0,1143.0,9506.0,8979.0,-2112.0,27.0,16871.0,19250.0,-789.0,17454.0,344.0,0.0,27822.0,50.0,Pass
l3135.txm,15.8164,751.0,753.0,135.0,0.0,2933.0,101.0,1190.0,9522.0,9057.0,-725.0,28.0,17099.0,19600.0,892.0,16038.0,359.0,1.0,27832.0,49.0,Pass
l3135.txm,16.8379,752.0,754.0,132.0,0.0,2785.0,102.0,1198.0,9468.0,9038.0,239.0,29.0,16584.0,19254.0,-467.0,16918.0,350.0,0.0,27892.0,49.0,Pass
l3135.txm,17.8574,751.0,753.0,133.0,0.0,2235.0,100.0,1208.0,9487.0,8989.0,-389.0,28.0,17130.0,19618.0,-64.0,16240.0,359.0,1.0,27742.0,50.0,Pass
l3135.txm,18.877,751.0,754.0,134.0,0.0,2688.0,100.0,1160.0,9508.0,8970.0,-1164.0,28.0,17099.0,19628.0,468.0,15994.0,356.0,0.0,27824.0,50.0,Pass
l3135.txm,19.9238,752.0,753.0,136.0,0.0,2728.0,100.0,1191.0,9462.0,8995.0,-1288.0,29.0,16068.0,19346.0,-434.0,16446.0,350.0,0.0,27846.0,49.0,Pass
l3135.txm,20.918,751.0,753.0,134.0,0.0,2725.0,101.0,1192.0,9494.0,8973.0,-2594.0,27.0,16732.0,19390.0,1058.0,16222.0,342.0,0.0,27810.0,49.0,Pass
l3135.txm,21.9395,752.0,754.0,135.0,0.0,2745.0,101.0,1185.0,9441.0,9052.0,-1912.0,27.0,16841.0,19362.0,145.0,16392.0,350.0,0.0,27820.0,50.0,Pass
l3135.txm,22.959,751.0,751.0,135.0,0.0,2795.0,100.0,1185.0,9439.0,9047.0,-2703.0,28.0,16463.0,19366.0,-357.0,16508.0,346.0,0.0,27828.0,50.0,Pass
l3135.txm,23.9785,752.0,752.0,132.0,0.0,2825.0,100.0,1185.0,9475.0,8986.0,-1074.0,27.0,16940.0,19384.0,-79.0,16426.0,348.0,1.0,27842.0,50.0,Pass
l3135.txm,25.0,752.0,754.0,133.0,0.0,2859.0,99.0,1184.0,9480.0,9021.0,-1225.0,28.0,17006.0,19372.0,1582.0,16112.0,361.0,0.0,27858.0,50.0,Pass
l3135.txm,26.0195,751.0,752.0,132.0,0.0,2867.0,101.0,1184.0,9463.0,9003.0,-1891.0,27.0,16699.0,19064.0,-326.0,16408.0,357.0,0.0,27870.0,50.0,Pass
l3135.txm,27.0391,752.0,753.0,133.0,0.0,2863.0,101.0,1184.0,9460.0,9021.0,-711.0,27.0,17031.0,19356.0,89.0,16398.0,348.0,0.0,27866.0,50.0,Pass
l3135.txm,28.0586,752.0,753.0,132.0,0.0,2868.0,101.0,1183.0,9504.0,9010.0,-2823.0,27.0,17050.0,19314.0,1390.0,16440.0,360.0,0.0,27906.0,50.0,Pass
l3135.txm,29.0801,751.0,753.0,134.0,0.0,2869.0,102.0,1185.0,9492.0,8988.0,-1228.0,27.0,16703.0,19366.0,4.0,16620.0,354.0,1.0,27838.0,49.0,Pass
l3135.txm,30.0996,751.0,753.0,131.0,0.0,2879.0,100.0,1185.0,9466.0,9033.0,-1705.0,27.0,16744.0,19144.0,-26.0,16772.0,347.0,0.0,27888.0,49.0,Pass
l3135.txm,31.127,752.0,754.0,135.0,0.0,2877.0,102.0,1184.0,9427.0,9058.0,-1519.0,27.0,16821.0,19366.0,124.0,16784.0,347.0,1.0,27824.0,49.0,Pass
l3135.txm,32.1758,751.0,753.0,133.0,0.0,2871.0,101.0,1183.0,9476.0,9015.0,-2055.0,27.0,16575.0,19390.0,30.0,16776.0,350.0,0.0,27910.0,49.0,Pass
l3135.txm,33.168,751.0,754.0,136.0,0.0,2871.0,100.0,1184.0,9472.0,9062.0,-1423.0,27.0,16655.0,19138.0,-4.0,16846.0,352.0,0.0,27850.0,49.0,Pass
l3135.txm,34.1875,751.0,753.0,126.0,0.0,2862.0,101.0,1184.0,9450.0,9072.0,-1416.0,27.0,16506.0,19200.0,456.0,16474.0,357.0,1.0,27892.0,49.0,Pass
l3135.txm,35.207,752.0,754.0,133.0,0.0,2871.0,101.0,1186.0,9461.0,9040.0,-1090.0,27.0,16903.0,19452.0,102.0,16614.0,356.0,0.0,27862.0,49.0,Pass
l3135.txm,36.2266,752.0,753.0,134.0,0.0,2865.0,101.0,1184.0,9511.0,9069.0,-2338.0,27.0,16349.0,19316.0,-19.0,16674.0,343.0,0.0,27874.0,49.0,Pass
l3135.txm,37.248,752.0,754.0,131.0,0.0,2866.0,100.0,1187.0,9487.0,9039.0,-2078.0,27.0,16148.0,19394.0,141.0,16854.0,338.0,0.0,27908.0,49.0,Pass
l3135.txm,38.2676,751.0,753.0,132.0,0.0,2868.0,100.0,1187.0,9478.0,9001.0,-1447.0,27.0,16487.0,19422.0,180.0,16374.0,353.0,0.0,27900.0,49.0,Pass
l3135.txm,39.2871,751.0,753.0,132.0,0.0,2861.0,101.0,1188.0,9424.0,9032.0,-1238.0,27.0,16712.0,19298.0,-651.0,17050.0,346.0,1.0,27822.0,49.0,Pass
l3135.txm,40.3066,752.0,754.0,131.0,0.0,2872.0,100.0,1186.0,9495.0,9008.0,-2100.0,27.0,16366.0,19110.0,-44.0,16836.0,350.0,0.0,27850.0,49.0,Pass
l3135.txm,41.3262,752.0,754.0,134.0,0.0,2862.0,100.0,1187.0,9439.0,9058.0,-2866.0,27.0,16430.0,19182.0,-340.0,16826.0,349.0,0.0,27894.0,49.0,Pass
l3135.txm,42.3477,752.0,753.0,134.0,0.0,2862.0,102.0,1185.0,9503.0,8995.0,-620.0,27.0,16519.0,19178.0,-43.0,16754.0,346.0,0.0,27844.0,49.0,Pass
l3135.txm,43.3672,752.0,755.0,134.0,0.0,2863.0,100.0,1183.0,9532.0,8978.0,-1217.0,27.0,16838.0,19146.0,46.0,16822.0,349.0,0.0,27846.0,49.0,Pass
l3135.txm,44.4141,752.0,753.0,133.0,0.0,2865.0,101.0,1184.0,9495.0,9005.0,-1520.0,27.0,16666.0,19182.0,50.0,16634.0,347.0,0.0,27902.0,49.0,Pass
l3135.txm,45.4062,752.0,755.0,134.0,0.0,2862.0,100.0,1182.0,9444.0,9044.0,-1407.0,27.0,16485.0,19130.0,-330.0,16456.0,355.0,0.0,27960.0,49.0,Pass
l3135.txm,46.4277,752.0,754.0,135.0,0.0,2854.0,101.0,1182.0,9513.0,8996.0,-1331.0,27.0,16597.0,19062.0,908.0,16468.0,351.0,0.0,27876.0,49.0,Pass
l3135.txm,47.4473,751.0,753.0,135.0,0.0,2867.0,100.0,1184.0,9437.0,9026.0,-435.0,27.0,16749.0,19336.0,-644.0,16702.0,348.0,1.0,27890.0,49.0,Pass
l3135.txm,48.4668,752.0,755.0,133.0,0.0,2854.0,100.0,1184.0,9497.0,9050.0,-1698.0,27.0,16643.0,19408.0,180.0,16418.0,353.0,0.0,27906.0,49.0,Pass
l3135.txm,49.4863,752.0,753.0,136.0,0.0,2852.0,100.0,1187.0,9445.0,9029.0,-528.0,27.0,16873.0,19422.0,-48.0,16598.0,342.0,1.0,27918.0,49.0,Pass
l3135.txm,50.5098,752.0,754.0,128.0,0.0,2846.0,102.0,1186.0,9444.0,9067.0,-2345.0,27.0,16304.0,19314.0,-306.0,16448.0,347.0,0.0,27846.0,49.0,Pass
l3135.txm,51.5273,751.0,753.0,134.0,0.0,2822.0,100.0,1185.0,9499.0,8990.0,-2843.0,27.0,16206.0,19396.0,498.0,16490.0,358.0,0.0,27856.0,49.0,Pass
l3135.txm,52.5469,752.0,755.0,136.0,0.0,2808.0,102.0,1185.0,9478.0,9045.0,-333.0,27.0,16719.0,19262.0,12.0,16060.0,351.0,0.0,27970.0,49.0,Pass
l3135.txm,53.5684,752.0,755.0,133.0,0.0,2607.0,101.0,1191.0,9456.0,9047.0,-449.0,27.0,16566.0,19260.0,-701.0,17136.0,345.0,1.0,27892.0,49.0,Pass
l3135.txm,54.5879,752.0,753.0,131.0,0.0,2062.0,101.0,1195.0,9483.0,8984.0,-548.0,28.0,16336.0,19500.0,-622.0,17070.0,346.0,0.0,27742.0,50.0,Pass
l3135.txm,55.6094,752.0,754.0,133.0,0.0,1707.0,101.0,1187.0,9445.0,8973.0,-396.0,28.0,16403.0,19606.0,-836.0,17242.0,347.0,0.0,27560.0,50.0,Pass
l3135.txm,10.75,751.0,752.0,132.0,0.0,987.0,100.0,1262.0,9421.0,9061.0,-1858.0,29.0,16516.0,20162.0,27.0,16058.0,347.0,1.0,27524.0,49.0,Pass
l3136.txm,10.75,751.0,752.0,132.0,0.0,987.0,100.0,1262.0,9421.0,9061.0,-1858.0,29.0,16516.0,20162.0,27.0,16058.0,347.0,1.0,27524.0,49.0,Pass
l3136.txm,11.7695,751.0,753.0,133.0,0.0,958.0,101.0,1259.0,9482.0,8982.0,-1888.0,30.0,16822.0,19946.0,-352.0,16832.0,341.0,0.0,27614.0,49.0,Pass
l3136.txm,12.7891,751.0,753.0,131.0,0.0,926.0,101.0,1254.0,9428.0,9068.0,-1864.0,30.0,16668.0,20158.0,-742.0,16438.0,346.0,0.0,27302.0,49.0,Pass
l3136.txm,13.8105,751.0,753.0,133.0,0.0,904.0,101.0,1218.0,9469.0,9025.0,-375.0,30.0,16890.0,20158.0,-393.0,16764.0,345.0,0.0,27300.0,50.0,Pass
l3136.txm,14.8301,751.0,753.0,133.0,0.0,1572.0,100.0,1167.0,9413.0,9012.0,837.0,30.0,16458.0,20038.0,2058.0,14932.0,349.0,3.0,27628.0,50.0,Pass
l3136.txm,15.8496,751.0,752.0,136.0,0.0,2914.0,100.0,1154.0,9510.0,8989.0,-2867.0,27.0,16839.0,19642.0,-777.0,15860.0,358.0,0.0,27596.0,49.0,Pass
l3136.txm,16.8691,751.0,754.0,134.0,0.0,2941.0,102.0,1199.0,9464.0,9049.0,-956.0,28.0,17367.0,19608.0,131.0,16470.0,346.0,0.0,27872.0,49.0,Pass
l3136.txm,17.8887,751.0,753.0,134.0,0.0,2625.0,101.0,1202.0,9437.0,9072.0,-585.0,28.0,16727.0,19258.0,100.0,16598.0,356.0,0.0,27870.0,49.0,Pass
l3136.txm,18.9102,751.0,753.0,133.0,0.0,2362.0,101.0,1195.0,9509.0,9020.0,241.0,29.0,16670.0,19634.0,-650.0,17018.0,340.0,0.0,27876.0,50.0,Pass
l3136.txm,19.9297,750.0,753.0,133.0,0.0,2682.0,101.0,1168.0,9481.0,8978.0,-1722.0,27.0,16817.0,19638.0,-301.0,16618.0,343.0,0.0,27870.0,50.0,Pass
l3136.txm,20.9492,752.0,753.0,133.0,0.0,2716.0,101.0,1193.0,9492.0,8963.0,-721.0,29.0,16320.0,19380.0,954.0,16438.0,358.0,0.0,27774.0,49.0,Pass
l3136.txm,21.9961,752.0,754.0,135.0,0.0,2722.0,102.0,1187.0,9485.0,8990.0,-1270.0,27.0,17023.0,19510.0,91.0,16820.0,349.0,0.0,27834.0,50.0,Pass
l3136.txm,22.9902,751.0,752.0,132.0,0.0,2761.0,100.0,1184.0,9465.0,9041.0,-1422.0,28.0,17040.0,19226.0,-417.0,16796.0,356.0,1.0,27878.0,50.0,Pass
l3136.txm,24.0098,751.0,752.0,136.0,0.0,2796.0,100.0,1188.0,9454.0,9034.0,-1285.0,27.0,16922.0,19264.0,-93.0,16024.0,355.0,0.0,27758.0,50.0,Pass
l3136.txm,25.0273,752.0,753.0,134.0,0.0,2832.0,100.0,1186.0,9463.0,9028.0,-2510.0,27.0,16529.0,19352.0,152.0,16430.0,351.0,0.0,27762.0,50.0,Pass
l3136.txm,26.0469,752.0,755.0,136.0,0.0,2858.0,102.0,1186.0,9465.0,8989.0,-1858.0,27.0,17008.0,19352.0,-63.0,16450.0,344.0,1.0,27864.0,50.0,Pass
l3136.txm,27.0684,751.0,753.0,129.0,0.0,2857.0,100.0,1184.0,9454.0,9067.0,-1426.0,28.0,16979.0,19200.0,-71.0,16528.0,348.0,0.0,27844.0,50.0,Pass
l3136.txm,28.0879,752.0,754.0,133.0,0.0,2860.0,100.0,1187.0,9497.0,8985.0,-2030.0,28.0,16507.0,19236.0,-282.0,16598.0,352.0,0.0,27832.0,50.0,Pass
l3136.txm,29.1074,752.0,754.0,137.0,0.0,2859.0,100.0,1183.0,9463.0,9007.0,-2288.0,27.0,16868.0,19402.0,41.0,16308.0,351.0,0.0,27898.0,50.0,Pass
l3136.txm,30.127,752.0,753.0,130.0,0.0,2861.0,100.0,1185.0,9437.0,9071.0,-2186.0,27.0,16308.0,19222.0,242.0,16574.0,357.0,0.0,27846.0,49.0,Pass
l3136.txm,31.1484,751.0,753.0,134.0,0.0,2860.0,101.0,1187.0,9445.0,9059.0,-1365.0,27.0,16733.0,19432.0,141.0,16598.0,345.0,0.0,27878.0,49.0,Pass
l3136.txm,32.168,752.0,754.0,129.0,0.0,2860.0,101.0,1185.0,9484.0,9006.0,-1812.0,27.0,16844.0,19314.0,-81.0,16962.0,351.0,1.0,27964.0,49.0,Pass
l3136.txm,33.1875,751.0,752.0,130.0,0.0,2863.0,102.0,1184.0,9460.0,9013.0,-1190.0,27.0,16831.0,19268.0,1168.0,15650.0,356.0,1.0,27922.0,49.0,Pass
l3136.txm,34.2344,752.0,753.0,136.0,0.0,2858.0,101.0,1184.0,9459.0,8989.0,-1115.0,27.0,16866.0,19390.0,942.0,16660.0,350.0,0.0,27850.0,49.0,Pass
l3136.txm,35.2285,751.0,753.0,135.0,0.0,2857.0,100.0,1184.0,9477.0,9008.0,-1703.0,26.0,16718.0,19250.0,1052.0,16240.0,354.0,0.0,27836.0,49.0,Pass
l3136.txm,36.25,751.0,753.0,133.0,0.0,2866.0,100.0,1184.0,9489.0,9022.0,-1947.0,26.0,16408.0,19364.0,41.0,16508.0,359.0,1.0,27842.0,49.0,Pass
l3136.txm,37.2715,752.0,754.0,132.0,0.0,2867.0,100.0,1188.0,9489.0,8992.0,-1670.0,27.0,16504.0,19438.0,1.0,16398.0,350.0,1.0,27900.0,49.0,Pass
l3136.txm,38.2891,751.0,753.0,131.0,0.0,2866.0,100.0,1184.0,9491.0,9011.0,-1044.0,26.0,16682.0,19256.0,568.0,16276.0,360.0,0.0,27876.0,49.0,Pass
l3136.txm,39.3105,751.0,753.0,133.0,0.0,2872.0,100.0,1183.0,9448.0,9037.0,-716.0,26.0,16764.0,19370.0,108.0,16828.0,345.0,0.0,27890.0,49.0,Pass
l3136.txm,40.3301,752.0,755.0,135.0,0.0,2870.0,101.0,1188.0,9424.0,9074.0,-968.0,27.0,16529.0,19348.0,-94.0,16912.0,345.0,0.0,27852.0,49.0,Pass
l3136.txm,41.3496,751.0,753.0,131.0,0.0,2864.0,101.0,1183.0,9447.0,9071.0,-1658.0,26.0,16547.0,19248.0,76.0,16836.0,356.0,0.0,27884.0,49.0,Pass
l3136.txm,42.3691,752.0,753.0,132.0,0.0,2871.0,100.0,1184.0,9489.0,9035.0,-2902.0,26.0,16667.0,19368.0,-416.0,16566.0,355.0,0.0,28018.0,49.0,Pass
l3136.txm,43.3887,752.0,753.0,135.0,0.0,2872.0,101.0,1185.0,9456.0,9047.0,-2212.0,26.0,16503.0,19056.0,-497.0,16676.0,342.0,0.0,27868.0,49.0,Pass
l3136.txm,44.4102,751.0,752.0,133.0,0.0,2864.0,102.0,1185.0,9462.0,9053.0,-2125.0,27.0,16432.0,19098.0,63.0,16600.0,342.0,0.0,27844.0,49.0,Pass
l3136.txm,45.4297,752.0,753.0,134.0,0.0,2863.0,101.0,1185.0,9506.0,9041.0,-3299.0,27.0,16405.0,19210.0,11.0,16264.0,349.0,0.0,27878.0,49.0,Pass
l3136.txm,46.4766,752.0,754.0,132.0,0.0,2870.0,101.0,1186.0,9505.0,9040.0,-1877.0,27.0,16438.0,19344.0,478.0,16202.0,356.0,0.0,27868.0,49.0,Pass
l3136.txm,47.4687,752.0,754.0,134.0,0.0,2863.0,100.0,1184.0,9527.0,9001.0,-1341.0,27.0,16662.0,19322.0,65.0,16872.0,351.0,0.0,27762.0,49.0,Pass
l3136.txm,48.4902,752.0,752.0,134.0,0.0,2861.0,100.0,1184.0,9476.0,9045.0,-856.0,26.0,16272.0,19182.0,-340.0,16502.0,345.0,0.0,27748.0,49.0,Pass
l3136.txm,49.5117,752.0,753.0,133.0,0.0,2852.0,100.0,1184.0,9524.0,9058.0,-2280.0,27.0,16537.0,19082.0,-52.0,16772.0,344.0,1.0,27848.0,49.0,Pass
l3136.txm,50.5293,752.0,754.0,136.0,0.0,2846.0,101.0,1185.0,9463.0,9081.0,-1193.0,27.0,16669.0,19234.0,1222.0,15948.0,353.0,0.0,27878.0,49.0,Pass
l3136.txm,51.5488,752.0,753.0,132.0,0.0,2830.0,101.0,1185.0,9478.0,9017.0,-1924.0,27.0,16896.0,19052.0,112.0,16308.0,361.0,0.0,27858.0,49.0,Pass
l3136.txm,52.5703,752.0,753.0,131.0,0.0,2795.0,100.0,1187.0,9411.0,9092.0,-2112.0,27.0,16362.0,19156.0,-698.0,16718.0,358.0,0.0,27864.0,49.0,Pass
l3136.txm,53.5898,752.0,752.0,132.0,0.0,2491.0,102.0,1196.0,9426.0,9080.0,-630.0,27.0,16932.0,19168.0,-814.0,17058.0,350.0,0.0,27898.0,50.0,Pass
l3136.txm,54.6094,751.0,752.0,132.0,0.0,1957.0,101.0,1189.0,9476.0,8952.0,887.0,27.0,16866.0,19620.0,-620.0,16586.0,350.0,0.0,27666.0,50.0,Pass
l3136.txm,55.6289,752.0,755.0,134.0,0.0,1625.0,101.0,1193.0,9439.0,9029.0,-682.0,28.0,16005.0,19628.0,-741.0,16978.0,354.0,0.0,27586.0,50.0,Pass
l3136.txm,9.70312,751.0,752.0,133.0,0.0,1013.0,101.0,1261.0,9490.0,8985.0,-1457.0,30.0,16739.0,20078.0,-978.0,15956.0,344.0,0.0,27326.0,49.0,Pass
l3137.txm,9.70312,751.0,752.0,133.0,0.0,1013.0,101.0,1261.0,9490.0,8985.0,-1457.0,30.0,16739.0,20078.0,-978.0,15956.0,344.0,0.0,27326.0,49.0,Pass
l3137.txm,10.7227,751.0,753.0,134.0,0.0,960.0,101.0,1259.0,9409.0,9062.0,-1677.0,30.0,16479.0,20014.0,652.0,16510.0,349.0,0.0,27638.0,49.0,Pass
l3137.txm,11.7422,751.0,752.0,135.0,0.0,951.0,100.0,1260.0,9408.0,9054.0,-1552.0,30.0,16498.0,19972.0,-651.0,16876.0,354.0,0.0,27464.0,49.0,Pass
l3137.txm,12.7637,751.0,753.0,131.0,0.0,906.0,102.0,1233.0,9504.0,8981.0,-1185.0,30.0,16319.0,20164.0,-269.0,16494.0,350.0,0.0,27294.0,50.0,Pass
l3137.txm,13.7832,751.0,756.0,131.0,0.0,1016.0,99.0,1194.0,9447.0,9101.0,849.0,28.0,16767.0,20186.0,-67.0,15978.0,344.0,0.0,27290.0,50.0,Pass
l3137.txm,14.8027,751.0,753.0,135.0,0.0,2722.0,100.0,1143.0,9497.0,8953.0,-556.0,29.0,16401.0,19154.0,-772.0,17722.0,355.0,0.0,27856.0,50.0,Pass
l3137.txm,15.8223,751.0,754.0,135.0,0.0,2936.0,102.0,1184.0,9476.0,9062.0,-1440.0,29.0,16855.0,19678.0,-392.0,16288.0,347.0,0.0,27550.0,49.0,Pass
l3137.txm,16.8672,751.0,753.0,133.0,0.0,2866.0,100.0,1204.0,9483.0,9081.0,-550.0,28.0,16662.0,19386.0,-70.0,16472.0,359.0,0.0,27868.0,49.0,Pass
l3137.txm,17.8633,751.0,753.0,132.0,0.0,2269.0,100.0,1203.0,9441.0,9069.0,1369.0,28.0,16460.0,19636.0,-836.0,16768.0,351.0,1.0,27828.0,50.0,Pass
l3137.txm,18.8828,751.0,752.0,133.0,0.0,2703.0,101.0,1160.0,9464.0,8994.0,-890.0,28.0,16992.0,19516.0,-481.0,16470.0,346.0,0.0,27818.0,50.0,Pass
l3137.txm,19.9023,752.0,753.0,132.0,0.0,2680.0,101.0,1193.0,9458.0,9015.0,-1464.0,28.0,16688.0,19614.0,1274.0,16456.0,361.0,0.0,27898.0,49.0,Pass
l3137.txm,20.9219,751.0,753.0,132.0,0.0,2727.0,101.0,1186.0,9441.0,9026.0,-174.0,29.0,16582.0,19272.0,158.0,16858.0,361.0,1.0,27884.0,50.0,Pass
l3137.txm,21.9434,751.0,752.0,133.0,0.0,2751.0,102.0,1180.0,9507.0,8965.0,-1085.0,29.0,16287.0,19600.0,143.0,16400.0,350.0,0.0,27796.0,50.0,Pass
l3137.txm,22.9629,751.0,753.0,135.0,0.0,2807.0,102.0,1193.0,9427.0,9040.0,-772.0,29.0,16464.0,19534.0,80.0,16266.0,353.0,0.0,27814.0,49.0,Pass
l3137.txm,23.9805,752.0,753.0,132.0,0.0,2845.0,100.0,1180.0,9409.0,9042.0,-1164.0,29.0,16154.0,19366.0,410.0,16506.0,348.0,0.0,27878.0,50.0,Pass
l3137.txm,25.0215,752.0,752.0,130.0,0.0,2861.0,101.0,1190.0,9456.0,9038.0,-1165.0,28.0,16781.0,19400.0,-317.0,16688.0,342.0,0.0,27890.0,49.0,Pass
l3137.txm,26.041,751.0,754.0,133.0,0.0,2878.0,101.0,1180.0,9413.0,9054.0,-1005.0,29.0,16095.0,19210.0,-283.0,16808.0,354.0,0.0,27930.0,50.0,Pass
l3137.txm,27.0625,752.0,753.0,136.0,0.0,2863.0,100.0,1184.0,9451.0,9036.0,-1228.0,28.0,16640.0,19134.0,298.0,16282.0,359.0,0.0,27910.0,49.0,Pass
l3137.txm,28.0801,752.0,754.0,133.0,0.0,2870.0,100.0,1187.0,9469.0,9054.0,-1596.0,28.0,16244.0,19112.0,-38.0,16386.0,349.0,0.0,28012.0,49.0,Pass
l3137.txm,29.127,752.0,754.0,135.0,0.0,2874.0,102.0,1183.0,9458.0,9014.0,-2299.0,28.0,16266.0,19284.0,-343.0,16852.0,346.0,0.0,27922.0,50.0,Pass
l3137.txm,30.1211,751.0,753.0,137.0,0.0,2868.0,101.0,1186.0,9483.0,9012.0,-1652.0,27.0,16500.0,19402.0,-387.0,16802.0,346.0,1.0,27860.0,49.0,Pass
l3137.txm,31.1406,752.0,753.0,135.0,0.0,2867.0,102.0,1183.0,9446.0,9024.0,-2184.0,28.0,16728.0,19344.0,-453.0,17094.0,345.0,0.0,27818.0,49.0,Pass
l3137.txm,32.1602,751.0,753.0,134.0,0.0,2871.0,101.0,1186.0,9446.0,9056.0,-1503.0,27.0,16810.0,19322.0,-376.0,16486.0,348.0,0.0,27922.0,49.0,Pass
l3137.txm,33.1816,751.0,753.0,132.0,0.0,2866.0,102.0,1187.0,9497.0,9043.0,-1623.0,27.0,16382.0,19346.0,-55.0,16710.0,349.0,1.0,27920.0,49.0,Pass
l3137.txm,34.2031,751.0,753.0,136.0,0.0,2863.0,101.0,1183.0,9425.0,9048.0,-1023.0,27.0,16645.0,19050.0,-339.0,16650.0,350.0,0.0,27866.0,49.0,Pass
l3137.txm,35.2227,751.0,753.0,133.0,0.0,2868.0,100.0,1185.0,9434.0,9062.0,-2190.0,27.0,16443.0,19194.0,158.0,16218.0,355.0,0.0,27930.0,49.0,Pass
l3137.txm,36.2422,752.0,754.0,132.0,0.0,2873.0,100.0,1188.0,9398.0,9043.0,-2324.0,27.0,16290.0,19116.0,-48.0,16536.0,347.0,0.0,28010.0,49.0,Pass
l3137.txm,37.2637,752.0,754.0,134.0,0.0,2871.0,102.0,1187.0,9456.0,9027.0,-1696.0,27.0,16587.0,19382.0,-334.0,17078.0,343.0,0.0,27870.0,49.0,Pass
l3137.txm,38.2832,751.0,754.0,132.0,0.0,2864.0,102.0,1184.0,9444.0,9100.0,-339.0,27.0,16842.0,19416.0,111.0,16410.0,343.0,1.0,27916.0,49.0,Pass
l3137.txm,39.3027,752.0,753.0,130.0,0.0,2871.0,102.0,1185.0,9468.0,9000.0,-2872.0,27.0,16352.0,19422.0,100.0,16298.0,357.0,1.0,27900.0,49.0,Pass
l3137.txm,40.3223,752.0,754.0,133.0,0.0,2867.0,101.0,1185.0,9444.0,9037.0,-1567.0,27.0,16423.0,19274.0,148.0,16566.0,349.0,1.0,27880.0,49.0,Pass
l3137.txm,41.3672,751.0,754.0,133.0,0.0,2867.0,100.0,1185.0,9458.0,8997.0,-1905.0,27.0,16396.0,19224.0,114.0,16954.0,342.0,0.0,27918.0,49.0,Pass
l3137.txm,42.3633,751.0,754.0,133.0,0.0,2862.0,100.0,1187.0,9430.0,9053.0,-1188.0,27.0,16361.0,19266.0,104.0,16918.0,338.0,1.0,27906.0,49.0,Pass
l3137.txm,43.3828,752.0,753.0,131.0,0.0,2864.0,100.0,1186.0,9499.0,8985.0,-760.0,27.0,16870.0,19186.0,646.0,16490.0,354.0,0.0,27860.0,49.0,Pass
l3137.txm,44.4023,752.0,753.0,132.0,0.0,2864.0,101.0,1187.0,9501.0,8993.0,-903.0,27.0,16763.0,19186.0,90.0,16542.0,348.0,0.0,27858.0,49.0,Pass
l3137.txm,45.4219,752.0,753.0,132.0,0.0,2866.0,101.0,1184.0,9422.0,9019.0,-1129.0,27.0,16578.0,19098.0,832.0,16584.0,351.0,0.0,27894.0,49.0,Pass
l3137.txm,46.4434,751.0,753.0,133.0,0.0,2862.0,101.0,1184.0,9403.0,9027.0,-567.0,27.0,16804.0,19228.0,-647.0,16538.0,349.0,0.0,27892.0,49.0,Pass
l3137.txm,47.4629,752.0,753.0,132.0,0.0,2861.0,100.0,1184.0,9474.0,9025.0,-1599.0,27.0,16285.0,19382.0,-332.0,16784.0,340.0,0.0,27968.0,49.0,Pass
l3137.txm,48.4824,752.0,754.0,135.0,0.0,2853.0,100.0,1185.0,9474.0,9015.0,-741.0,28.0,16541.0,19260.0,145.0,16914.0,348.0,0.0,27914.0,49.0,Pass
l3137.txm,49.502,751.0,753.0,132.0,0.0,2843.0,101.0,1186.0,9490.0,9024.0,-2616.0,27.0,16094.0,19340.0,806.0,16738.0,352.0,0.0,27920.0,49.0,Pass
l3137.txm,50.5234,751.0,754.0,134.0,0.0,2822.0,100.0,1183.0,9516.0,8984.0,-2571.0,27.0,16283.0,19220.0,-495.0,17138.0,343.0,0.0,27904.0,49.0,Pass
l3137.txm,51.543,752.0,753.0,134.0,0.0,2792.0,100.0,1183.0,9428.0,9043.0,-1859.0,27.0,16343.0,19284.0,-568.0,16758.0,348.0,0.0,27924.0,49.0,Pass
l3137.txm,52.5625,752.0,753.0,133.0,0.0,2593.0,100.0,1192.0,9472.0,9030.0,779.0,27.0,16289.0,19412.0,384.0,16542.0,352.0,0.0,27840.0,49.0,Pass
l3137.txm,53.6113,751.0,749.0,130.0,0.0,2036.0,102.0,1190.0,9472.0,8970.0,592.0,27.0,16505.0,19598.0,-506.0,17094.0,342.0,1.0,27626.0,50.0,Pass
l3137.txm,54.6309,752.0,753.0,134.0,0.0,1616.0,101.0,1191.0,9479.0,8995.0,-922.0,28.0,16340.0,19660.0,-387.0,16814.0,343.0,0.0,27566.0,50.0,Pass
l3137.txm,9.68945,751.0,753.0,134.0,0.0,1035.0,99.0,1271.0,9490.0,8982.0,-1756.0,29.0,16648.0,20112.0,-967.0,16114.0,347.0,0.0,27284.0,49.0,Pass
l3138.txm,9.68945,751.0,753.0,134.0,0.0,1035.0,99.0,1271.0,9490.0,8982.0,-1756.0,29.0,16648.0,20112.0,-967.0,16114.0,347.0,0.0,27284.0,49.0,Pass
l3138.txm,10.709,751.0,755.0,132.0,0.0,971.0,101.0,1262.0,9502.0,9020.0,-1677.0,30.0,16911.0,20062.0,-325.0,16524.0,350.0,1.0,27492.0,49.0,Pass
l3138.txm,11.7285,751.0,753.0,136.0,0.0,949.0,101.0,1260.0,9502.0,9008.0,-1542.0,30.0,16730.0,20070.0,-16.0,16602.0,352.0,0.0,27480.0,49.0,Pass
l3138.txm,12.748,751.0,752.0,134.0,1.0,922.0,101.0,1248.0,9452.0,9119.0,210.0,30.0,16549.0,20068.0,-517.0,17052.0,348.0,0.0,27306.0,49.0,Pass
l3138.txm,13.7695,751.0,755.0,135.0,0.0,930.0,102.0,1201.0,9438.0,9117.0,640.0,29.0,16911.0,20160.0,-291.0,16206.0,349.0,0.0,27236.0,50.0,Pass
l3138.txm,14.8164,751.0,753.0,132.0,0.0,2094.0,100.0,1154.0,9479.0,8965.0,-213.0,29.0,16509.0,19708.0,2144.0,16024.0,353.0,2.0,28086.0,50.0,Pass
l3138.txm,15.8086,751.0,751.0,132.0,0.0,2914.0,102.0,1170.0,9440.0,9048.0,-1008.0,29.0,16760.0,19464.0,-451.0,16356.0,352.0,1.0,27546.0,49.0,Pass
l3138.txm,16.8281,752.0,752.0,133.0,0.0,2899.0,100.0,1203.0,9459.0,9079.0,-869.0,29.0,16475.0,19284.0,370.0,16164.0,346.0,1.0,27824.0,49.0,Pass
l3138.txm,17.8477,751.0,753.0,133.0,0.0,2475.0,100.0,1203.0,9454.0,9127.0,499.0,28.0,16282.0,19274.0,-620.0,16482.0,349.0,1.0,27824.0,49.0,Pass
l3138.txm,18.8691,751.0,752.0,132.0,0.0,2648.0,100.0,1168.0,9502.0,8995.0,-1365.0,28.0,16903.0,19502.0,120.0,16174.0,351.0,0.0,27838.0,50.0,Pass
l3138.txm,19.8887,752.0,753.0,132.0,0.0,2654.0,100.0,1174.0,9430.0,9039.0,-1411.0,30.0,16556.0,19392.0,-702.0,15996.0,356.0,0.0,27822.0,49.0,Pass
l3138.txm,20.9082,751.0,752.0,134.0,0.0,2717.0,100.0,1193.0,9433.0,9062.0,-1902.0,28.0,16637.0,19300.0,7.0,16644.0,351.0,0.0,27824.0,49.0,Pass
l3138.txm,21.9277,751.0,754.0,135.0,0.0,2715.0,100.0,1181.0,9456.0,9026.0,-500.0,28.0,16969.0,19642.0,83.0,16668.0,342.0,0.0,27880.0,50.0,Pass
l3138.txm,22.9492,752.0,753.0,132.0,0.0,2756.0,100.0,1183.0,9463.0,9022.0,-1117.0,28.0,17080.0,19490.0,778.0,16350.0,347.0,0.0,27822.0,50.0,Pass
l3138.txm,23.9687,752.0,753.0,134.0,0.0,2801.0,100.0,1187.0,9497.0,9024.0,-1609.0,28.0,16750.0,19204.0,512.0,16834.0,347.0,0.0,27956.0,50.0,Pass
l3138.txm,24.9883,751.0,754.0,131.0,0.0,2844.0,100.0,1186.0,9492.0,9009.0,-1835.0,28.0,16804.0,19448.0,-51.0,16188.0,356.0,0.0,27752.0,50.0,Pass
l3138.txm,26.0078,752.0,753.0,135.0,0.0,2852.0,101.0,1186.0,9452.0,9050.0,-1572.0,28.0,16845.0,19166.0,-265.0,16622.0,349.0,0.0,27870.0,50.0,Pass
l3138.txm,27.0547,752.0,753.0,124.0,0.0,2864.0,100.0,1184.0,9473.0,8985.0,-2516.0,28.0,16634.0,19450.0,-312.0,16338.0,353.0,1.0,27888.0,50.0,Pass
l3138.txm,28.0488,752.0,754.0,135.0,0.0,2859.0,100.0,1185.0,9472.0,9044.0,-1229.0,27.0,16663.0,19112.0,-452.0,16990.0,358.0,0.0,27946.0,50.0,Pass
l3138.txm,29.0684,751.0,754.0,133.0,0.0,2859.0,100.0,1182.0,9456.0,9071.0,-1984.0,27.0,16631.0,19386.0,-345.0,16504.0,344.0,0.0,27900.0,50.0,Pass
l3138.txm,30.0879,751.0,753.0,132.0,0.0,2857.0,100.0,1183.0,9472.0,9008.0,-1523.0,27.0,16789.0,19360.0,48.0,16018.0,357.0,0.0,27900.0,50.0,Pass
l3138.txm,31.1094,752.0,755.0,131.0,0.0,2857.0,100.0,1187.0,9479.0,8986.0,-1395.0,27.0,16569.0,19212.0,474.0,16768.0,348.0,0.0,27848.0,49.0,Pass
l3138.txm,32.1289,751.0,753.0,126.0,0.0,2854.0,101.0,1183.0,9508.0,8979.0,-1017.0,27.0,16561.0,19248.0,-368.0,16398.0,338.0,0.0,27912.0,49.0,Pass
l3138.txm,33.1484,752.0,753.0,133.0,0.0,2855.0,100.0,1185.0,9429.0,8981.0,-1658.0,27.0,16479.0,19062.0,-25.0,16582.0,358.0,1.0,27904.0,49.0,Pass
l3138.txm,34.168,752.0,753.0,134.0,0.0,2859.0,100.0,1186.0,9478.0,8995.0,-885.0,27.0,16713.0,19358.0,-459.0,16452.0,346.0,1.0,27876.0,49.0,Pass
l3138.txm,35.1895,752.0,754.0,131.0,0.0,2859.0,101.0,1187.0,9430.0,8991.0,-1764.0,27.0,16452.0,19176.0,4.0,16366.0,355.0,0.0,27794.0,49.0,Pass
l3138.txm,36.209,752.0,753.0,132.0,0.0,2860.0,101.0,1184.0,9477.0,9052.0,-2077.0,27.0,16619.0,19214.0,518.0,16510.0,348.0,1.0,27864.0,49.0,Pass
l3138.txm,37.2285,751.0,753.0,132.0,0.0,2858.0,102.0,1183.0,9446.0,9007.0,-2269.0,27.0,16488.0,19310.0,82.0,16410.0,357.0,0.0,27916.0,49.0,Pass
l3138.txm,38.248,751.0,753.0,133.0,0.0,2858.0,102.0,1187.0,9480.0,8977.0,-222.0,27.0,16587.0,19324.0,234.0,16880.0,348.0,0.0,27870.0,49.0,Pass
l3138.txm,39.2969,751.0,753.0,133.0,0.0,2858.0,100.0,1186.0,9450.0,9048.0,-1376.0,27.0,16270.0,19228.0,-74.0,16528.0,350.0,0.0,27856.0,49.0,Pass
l3138.txm,40.2891,751.0,754.0,137.0,0.0,2854.0,101.0,1186.0,9451.0,9050.0,-3156.0,27.0,16717.0,19338.0,105.0,16060.0,351.0,0.0,27862.0,49.0,Pass
l3138.txm,41.3086,752.0,753.0,135.0,0.0,2862.0,100.0,1184.0,9442.0,9047.0,-1130.0,27.0,16920.0,19228.0,29.0,16886.0,342.0,0.0,27858.0,49.0,Pass
l3138.txm,42.3281,751.0,754.0,132.0,0.0,2859.0,102.0,1184.0,9427.0,9044.0,-18.0,27.0,16805.0,19350.0,812.0,16554.0,344.0,1.0,27876.0,49.0,Pass
l3138.txm,43.3477,752.0,753.0,135.0,0.0,2864.0,101.0,1186.0,9433.0,9036.0,-1177.0,27.0,16261.0,19110.0,996.0,16906.0,348.0,0.0,27864.0,49.0,Pass
l3138.txm,44.3691,752.0,754.0,132.0,0.0,2860.0,100.0,1185.0,9434.0,9009.0,-2456.0,26.0,16557.0,19404.0,682.0,15860.0,354.0,0.0,27814.0,49.0,Pass
l3138.txm,45.3887,752.0,753.0,132.0,0.0,2858.0,102.0,1185.0,9406.0,9030.0,-2178.0,27.0,16376.0,19224.0,149.0,16512.0,355.0,0.0,27866.0,49.0,Pass
l3138.txm,46.4082,752.0,753.0,132.0,0.0,2856.0,101.0,1183.0,9425.0,9070.0,-287.0,27.0,16573.0,19358.0,-504.0,16698.0,342.0,0.0,27856.0,49.0,Pass
l3138.txm,47.4492,752.0,755.0,133.0,0.0,2856.0,102.0,1184.0,9516.0,8991.0,-2563.0,27.0,16320.0,19354.0,754.0,16464.0,344.0,0.0,27880.0,49.0,Pass
l3138.txm,48.4687,751.0,753.0,132.0,0.0,2857.0,101.0,1185.0,9466.0,9015.0,-1533.0,27.0,16654.0,19262.0,-88.0,16768.0,348.0,0.0,27832.0,49.0,Pass
l3138.txm,49.4883,752.0,754.0,133.0,0.0,2844.0,100.0,1185.0,9436.0,9023.0,-1850.0,27.0,16380.0,19342.0,1016.0,16622.0,351.0,0.0,27948.0,49.0,Pass
l3138.txm,50.5078,752.0,753.0,128.0,0.0,2841.0,100.0,1185.0,9393.0,9074.0,-2482.0,27.0,16466.0,19222.0,106.0,16976.0,345.0,0.0,27878.0,49.0,Pass
l3138.txm,51.5547,752.0,752.0,135.0,0.0,2828.0,100.0,1185.0,9487.0,8991.0,-506.0,27.0,16562.0,19328.0,-353.0,16406.0,358.0,0.0,27846.0,49.0,Pass
l3138.txm,52.5488,752.0,754.0,136.0,0.0,2799.0,101.0,1185.0,9447.0,9028.0,-964.0,27.0,16796.0,19078.0,-327.0,16682.0,340.0,0.0,27862.0,49.0,Pass
l3138.txm,53.5684,751.0,753.0,132.0,0.0,2718.0,100.0,1188.0,9439.0,9026.0,-2447.0,27.0,16274.0,19330.0,-434.0,16876.0,351.0,0.0,27818.0,50.0,Pass
l3138.txm,54.5879,751.0,751.0,133.0,0.0,2258.0,102.0,1197.0,9495.0,9011.0,-167.0,27.0,16621.0,19562.0,-627.0,16404.0,342.0,1.0,27658.0,50.0,Pass
l3138.txm,55.6094,751.0,753.0,132.0,1.0,1862.0,101.0,1189.0,9480.0,8961.0,1308.0,28.0,16064.0,19600.0,-335.0,16458.0,352.0,0.0,27626.0,50.0,Pass
l3138.txm,56.6289,752.0,753.0,135.0,0.0,1501.0,101.0,1190.0,9418.0,9027.0,-1014.0,29.0,16547.0,19760.0,-321.0,16694.0,354.0,0.0,27564.0,50.0,Pass
l3138.txm,10.7383,750.0,752.0,135.0,0.0,982.0,101.0,1262.0,9520.0,9027.0,-1804.0,30.0,16767.0,20084.0,-564.0,16022.0,343.0,0.0,27354.0,49.0,Pass
l3139.txm,10.7383,750.0,752.0,135.0,0.0,982.0,101.0,1262.0,9520.0,9027.0,-1804.0,30.0,16767.0,20084.0,-564.0,16022.0,343.0,0.0,27354.0,49.0,Pass
l3139.txm,11.7266,751.0,752.0,133.0,0.0,948.0,100.0,1262.0,9475.0,9026.0,-1206.0,30.0,16760.0,19962.0,68.0,16942.0,346.0,0.0,27594.0,49.0,Pass
l3139.txm,12.7461,751.0,752.0,136.0,0.0,925.0,101.0,1256.0,9446.0,9072.0,-1529.0,30.0,16841.0,19980.0,-542.0,16880.0,355.0,0.0,27344.0,49.0,Pass
l3139.txm,13.7656,751.0,753.0,136.0,0.0,905.0,99.0,1213.0,9443.0,9068.0,-451.0,29.0,16769.0,20172.0,-667.0,16632.0,355.0,0.0,27242.0,50.0,Pass
l3139.txm,14.7852,750.0,753.0,135.0,0.0,1578.0,100.0,1168.0,9502.0,8943.0,674.0,30.0,16368.0,20094.0,1788.0,14992.0,353.0,1.0,27778.0,50.0,Pass
l3139.txm,15.8086,751.0,754.0,134.0,0.0,2905.0,101.0,1154.0,9512.0,8987.0,-2199.0,30.0,16562.0,19674.0,-1215.0,16382.0,343.0,0.0,27618.0,49.0,Pass
l3139.txm,16.8281,751.0,753.0,131.0,0.0,2917.0,101.0,1204.0,9468.0,9032.0,-1625.0,28.0,16808.0,19652.0,930.0,16190.0,351.0,1.0,27826.0,49.0,Pass
l3139.txm,17.8477,752.0,752.0,135.0,0.0,2594.0,101.0,1208.0,9562.0,9020.0,761.0,27.0,17255.0,19536.0,590.0,15628.0,350.0,0.0,27878.0,49.0,Pass
l3139.txm,18.8672,751.0,754.0,136.0,0.0,2548.0,100.0,1179.0,9476.0,8982.0,-426.0,29.0,16434.0,19402.0,-309.0,16138.0,351.0,0.0,27806.0,50.0,Pass
l3139.txm,19.8867,751.0,751.0,132.0,0.0,2646.0,100.0,1168.0,9454.0,9030.0,-2746.0,26.0,17003.0,19420.0,129.0,16450.0,359.0,0.0,27820.0,49.0,Pass
l3139.txm,20.9063,752.0,752.0,133.0,0.0,2721.0,100.0,1196.0,9461.0,9026.0,-929.0,29.0,16804.0,19320.0,-500.0,16532.0,346.0,0.0,27818.0,49.0,Pass
l3139.txm,21.9258,751.0,752.0,132.0,0.0,2723.0,100.0,1184.0,9483.0,9002.0,-660.0,28.0,16611.0,19622.0,1042.0,16344.0,346.0,1.0,27816.0,50.0,Pass
l3139.txm,22.9727,751.0,752.0,132.0,0.0,2745.0,101.0,1184.0,9432.0,9060.0,-1885.0,28.0,16713.0,19522.0,89.0,16392.0,347.0,0.0,27884.0,50.0,Pass
l3139.txm,23.9687,752.0,753.0,131.0,0.0,2795.0,100.0,1187.0,9538.0,8982.0,-1207.0,27.0,16783.0,19422.0,46.0,16582.0,344.0,0.0,27942.0,50.0,Pass
l3139.txm,24.9883,751.0,753.0,132.0,0.0,2827.0,100.0,1184.0,9472.0,9054.0,-1323.0,27.0,16939.0,19146.0,-18.0,16524.0,355.0,0.0,27902.0,50.0,Pass
l3139.txm,26.0078,751.0,753.0,131.0,0.0,2848.0,100.0,1182.0,9453.0,9024.0,-1874.0,27.0,16721.0,19138.0,65.0,16788.0,346.0,0.0,28010.0,50.0,Pass
l3139.txm,27.0273,751.0,752.0,133.0,0.0,2851.0,101.0,1186.0,9454.0,9017.0,-2224.0,27.0,16745.0,19382.0,76.0,16744.0,347.0,0.0,27874.0,50.0,Pass
l3139.txm,28.0469,752.0,753.0,134.0,0.0,2856.0,101.0,1185.0,9494.0,9000.0,-1788.0,27.0,17003.0,19114.0,101.0,16232.0,355.0,0.0,27942.0,50.0,Pass
l3139.txm,29.0664,751.0,753.0,133.0,0.0,2855.0,101.0,1183.0,9463.0,9070.0,-1147.0,28.0,16486.0,19290.0,22.0,16274.0,359.0,0.0,27770.0,50.0,Pass
l3139.txm,30.0859,752.0,753.0,130.0,0.0,2855.0,102.0,1186.0,9437.0,9027.0,-2657.0,27.0,16441.0,19444.0,3.0,16948.0,348.0,0.0,27866.0,50.0,Pass
l3139.txm,31.1055,752.0,753.0,133.0,0.0,2855.0,102.0,1184.0,9496.0,9002.0,-1629.0,27.0,17218.0,19324.0,700.0,16526.0,342.0,1.0,27772.0,50.0,Pass
l3139.txm,32.1289,751.0,753.0,133.0,0.0,2852.0,102.0,1183.0,9521.0,9047.0,-934.0,27.0,17005.0,19452.0,458.0,16256.0,349.0,1.0,27806.0,50.0,Pass
l3139.txm,33.1484,751.0,754.0,132.0,0.0,2852.0,102.0,1183.0,9510.0,8965.0,-2192.0,26.0,16580.0,19342.0,470.0,16606.0,349.0,1.0,27922.0,50.0,Pass
l3139.txm,34.168,751.0,754.0,133.0,0.0,2858.0,100.0,1184.0,9520.0,8982.0,-1391.0,27.0,16867.0,19146.0,159.0,16796.0,350.0,0.0,27946.0,50.0,Pass
l3139.txm,35.2148,752.0,755.0,135.0,0.0,2856.0,100.0,1183.0,9484.0,9008.0,-1203.0,27.0,16744.0,19154.0,51.0,16682.0,352.0,0.0,27896.0,49.0,Pass
l3139.txm,36.207,752.0,753.0,133.0,0.0,2855.0,101.0,1184.0,9485.0,9003.0,-831.0,26.0,16774.0,19052.0,-501.0,16080.0,346.0,1.0,27920.0,49.0,Pass
l3139.txm,37.2266,752.0,753.0,131.0,0.0,2856.0,102.0,1184.0,9493.0,9030.0,-3055.0,26.0,16453.0,19132.0,982.0,16618.0,351.0,0.0,27892.0,49.0,Pass
l3139.txm,38.2461,752.0,753.0,131.0,0.0,2856.0,102.0,1183.0,9491.0,9011.0,-2232.0,26.0,16802.0,19358.0,48.0,16166.0,357.0,1.0,27880.0,49.0,Pass
l3139.txm,39.2656,752.0,755.0,133.0,0.0,2858.0,101.0,1183.0,9465.0,9013.0,-1670.0,27.0,16736.0,19434.0,846.0,16942.0,336.0,0.0,27918.0,49.0,Pass
l3139.txm,40.3086,751.0,753.0,136.0,0.0,2861.0,101.0,1183.0,9433.0,9089.0,-1647.0,26.0,16756.0,19404.0,106.0,16410.0,350.0,1.0,27902.0,49.0,Pass
l3139.txm,41.3281,752.0,754.0,135.0,0.0,2860.0,100.0,1183.0,9464.0,9034.0,-996.0,27.0,16931.0,19086.0,272.0,16416.0,345.0,1.0,27784.0,49.0,Pass
l3139.txm,42.3477,751.0,753.0,133.0,0.0,2861.0,102.0,1186.0,9458.0,9028.0,-2231.0,26.0,16785.0,19364.0,1.0,16888.0,354.0,1.0,27910.0,49.0,Pass
l3139.txm,43.3672,752.0,753.0,133.0,0.0,2860.0,100.0,1184.0,9428.0,9045.0,-1521.0,27.0,16779.0,19358.0,-282.0,16858.0,348.0,1.0,27868.0,49.0,Pass
l3139.txm,44.3906,752.0,753.0,133.0,0.0,2857.0,101.0,1184.0,9509.0,9009.0,-1387.0,27.0,16889.0,19118.0,-83.0,16550.0,354.0,0.0,27946.0,49.0,Pass
l3139.txm,45.4062,752.0,753.0,133.0,0.0,2852.0,100.0,1182.0,9464.0,9056.0,-1995.0,27.0,16617.0,19404.0,692.0,16336.0,343.0,0.0,27966.0,49.0,Pass
l3139.txm,46.4258,752.0,753.0,135.0,0.0,2851.0,100.0,1184.0,9466.0,9014.0,-330.0,27.0,16795.0,19248.0,622.0,16604.0,346.0,0.0,27882.0,49.0,Pass
l3139.txm,47.4766,752.0,754.0,133.0,0.0,2859.0,101.0,1185.0,9453.0,9026.0,-414.0,27.0,16759.0,19064.0,146.0,16490.0,347.0,0.0,27918.0,49.0,Pass
l3139.txm,48.5,752.0,753.0,132.0,0.0,2851.0,100.0,1186.0,9453.0,9027.0,-1495.0,27.0,16316.0,19220.0,994.0,16520.0,360.0,0.0,27908.0,49.0,Pass
l3139.txm,49.5195,752.0,753.0,131.0,0.0,2845.0,100.0,1183.0,9439.0,9053.0,-1455.0,27.0,16667.0,19338.0,51.0,16820.0,349.0,0.0,27866.0,49.0,Pass
l3139.txm,50.5391,751.0,753.0,135.0,0.0,2826.0,101.0,1184.0,9466.0,8987.0,-510.0,27.0,16963.0,19076.0,264.0,16980.0,354.0,0.0,27898.0,49.0,Pass
l3139.txm,51.5547,752.0,753.0,133.0,0.0,2814.0,101.0,1185.0,9431.0,9033.0,-589.0,27.0,16549.0,19282.0,-671.0,16398.0,344.0,1.0,27814.0,49.0,Pass
l3139.txm,52.5781,752.0,754.0,133.0,0.0,2752.0,101.0,1187.0,9427.0,9059.0,-372.0,27.0,16733.0,19112.0,-578.0,16596.0,349.0,0.0,27826.0,49.0,Pass
l3139.txm,53.5937,752.0,753.0,135.0,0.0,2416.0,101.0,1195.0,9445.0,9070.0,-1770.0,26.0,16577.0,19206.0,-335.0,16356.0,345.0,0.0,27740.0,50.0,Pass
l3139.txm,54.6445,751.0,752.0,133.0,0.0,1912.0,101.0,1188.0,9496.0,8953.0,320.0,27.0,16682.0,19590.0,-615.0,16814.0,347.0,0.0,27636.0,50.0,Pass
l3139.txm,55.6367,752.0,754.0,133.0,0.0,1521.0,100.0,1193.0,9477.0,9001.0,1053.0,28.0,16200.0,19766.0,-271.0,16434.0,353.0,0.0,27568.0,50.0,Pass
l3139.txm,9.71484,751.0,752.0,135.0,0.0,1008.0,101.0,1264.0,9508.0,9039.0,-1904.0,29.0,16992.0,20054.0,-718.0,15968.0,349.0,0.0,27294.0,49.0,Pass
l3140.txm,9.71484,751.0,752.0,135.0,0.0,1008.0,101.0,1264.0,9508.0,9039.0,-1904.0,29.0,16992.0,20054.0,-718.0,15968.0,349.0,0.0,27294.0,49.0,Pass
l3140.txm,10.7344,751.0,753.0,136.0,0.0,966.0,100.0,1260.0,9505.0,9015.0,-1663.0,29.0,16668.0,20070.0,-464.0,16540.0,345.0,0.0,27480.0,49.0,Pass
l3140.txm,11.7539,751.0,753.0,131.0,0.0,945.0,101.0,1260.0,9504.0,9055.0,-1629.0,30.0,16493.0,20062.0,490.0,16604.0,351.0,0.0,27342.0,49.0,Pass
l3140.txm,12.7734,751.0,755.0,134.0,0.0,913.0,102.0,1242.0,9473.0,9054.0,-356.0,29.0,16835.0,20308.0,-69.0,16486.0,354.0,0.0,27274.0,50.0,Pass
l3140.txm,13.793,751.0,753.0,135.0,1.0,923.0,100.0,1206.0,9557.0,9023.0,257.0,28.0,17088.0,20248.0,-490.0,16488.0,347.0,0.0,27380.0,50.0,Pass
l3140.txm,14.8398,751.0,752.0,135.0,0.0,2424.0,102.0,1144.0,9486.0,8974.0,-1134.0,29.0,16605.0,19366.0,145.0,17914.0,344.0,1.0,28326.0,50.0,Pass
l3140.txm,15.8359,751.0,754.0,133.0,0.0,2929.0,100.0,1181.0,9502.0,9015.0,-2560.0,28.0,16790.0,19426.0,-409.0,16156.0,349.0,0.0,27540.0,49.0,Pass
l3140.txm,16.8516,751.0,753.0,132.0,0.0,2908.0,100.0,1203.0,9467.0,9111.0,-724.0,28.0,17075.0,19592.0,442.0,15846.0,356.0,0.0,27832.0,49.0,Pass
l3140.txm,17.875,751.0,752.0,132.0,0.0,2389.0,101.0,1203.0,9561.0,8926.0,1059.0,28.0,16794.0,19614.0,-313.0,17002.0,349.0,1.0,27818.0,50.0,Pass
l3140.txm,18.8945,751.0,753.0,132.0,0.0,2689.0,100.0,1162.0,9415.0,9013.0,-1691.0,28.0,16538.0,19392.0,102.0,16328.0,348.0,1.0,27870.0,50.0,Pass
l3140.txm,19.9141,752.0,754.0,132.0,0.0,2658.0,101.0,1187.0,9477.0,9013.0,-1733.0,28.0,16917.0,19680.0,-664.0,16640.0,343.0,0.0,27814.0,49.0,Pass
l3140.txm,20.9336,751.0,753.0,134.0,0.0,2708.0,101.0,1194.0,9464.0,9040.0,-1822.0,28.0,16672.0,19568.0,-265.0,16536.0,349.0,0.0,27882.0,50.0,Pass
l3140.txm,21.9531,751.0,753.0,132.0,0.0,2731.0,101.0,1185.0,9505.0,8983.0,-1384.0,28.0,16920.0,19698.0,544.0,16476.0,349.0,0.0,27818.0,50.0,Pass
l3140.txm,22.9766,752.0,752.0,132.0,0.0,2761.0,101.0,1185.0,9534.0,9008.0,-1343.0,27.0,16879.0,19678.0,84.0,16170.0,347.0,1.0,27812.0,50.0,Pass
l3140.txm,23.9961,752.0,752.0,135.0,0.0,2815.0,100.0,1184.0,9517.0,8984.0,-782.0,27.0,17225.0,19336.0,-88.0,16460.0,345.0,1.0,27870.0,50.0,Pass
l3140.txm,25.0156,752.0,753.0,132.0,0.0,2846.0,100.0,1186.0,9527.0,9018.0,-1547.0,27.0,16714.0,19102.0,-89.0,16894.0,344.0,1.0,27888.0,50.0,Pass
l3140.txm,26.0352,752.0,754.0,132.0,0.0,2856.0,100.0,1183.0,9483.0,8998.0,-1283.0,27.0,16992.0,19300.0,298.0,16586.0,341.0,0.0,27938.0,50.0,Pass
l3140.txm,27.0781,752.0,753.0,133.0,0.0,2854.0,101.0,1184.0,9444.0,9005.0,-1887.0,27.0,16910.0,19374.0,36.0,16652.0,349.0,1.0,27906.0,50.0,Pass
l3140.txm,28.1094,751.0,753.0,136.0,0.0,2857.0,102.0,1185.0,9454.0,9052.0,-1413.0,27.0,16804.0,19344.0,-308.0,16476.0,361.0,1.0,27952.0,50.0,Pass
l3140.txm,29.1211,752.0,753.0,133.0,0.0,2855.0,101.0,1185.0,9471.0,8992.0,-2131.0,27.0,16554.0,19196.0,-300.0,16930.0,345.0,1.0,27888.0,50.0,Pass
l3140.txm,30.1445,752.0,754.0,135.0,0.0,2857.0,102.0,1183.0,9458.0,9064.0,-1252.0,27.0,16751.0,19242.0,-442.0,16740.0,341.0,1.0,27912.0,50.0,Pass
l3140.txm,31.1641,751.0,753.0,134.0,0.0,2862.0,100.0,1184.0,9501.0,9024.0,-1387.0,27.0,16569.0,19164.0,-402.0,16836.0,344.0,1.0,27848.0,50.0,Pass
l3140.txm,32.1836,752.0,753.0,131.0,0.0,2859.0,100.0,1184.0,9459.0,9033.0,-2158.0,27.0,16813.0,19342.0,900.0,16436.0,361.0,1.0,27942.0,50.0,Pass
l3140.txm,33.2031,752.0,753.0,138.0,0.0,2857.0,100.0,1184.0,9488.0,9034.0,-2778.0,26.0,16503.0,19420.0,-398.0,16630.0,360.0,0.0,27884.0,50.0,Pass
l3140.txm,34.2539,752.0,754.0,135.0,0.0,2857.0,100.0,1184.0,9462.0,9013.0,-1236.0,26.0,16727.0,19054.0,133.0,16720.0,342.0,0.0,27890.0,49.0,Pass
l3140.txm,35.2734,752.0,753.0,133.0,0.0,2853.0,100.0,1186.0,9464.0,8986.0,-2556.0,27.0,16437.0,19156.0,24.0,16692.0,352.0,0.0,27906.0,49.0,Pass
l3140.txm,36.2695,752.0,752.0,132.0,0.0,2865.0,102.0,1186.0,9482.0,8993.0,-271.0,26.0,16753.0,19334.0,50.0,16572.0,351.0,1.0,27820.0,49.0,Pass
l3140.txm,37.2852,751.0,753.0,134.0,0.0,2851.0,101.0,1184.0,9462.0,9070.0,-288.0,26.0,16960.0,19372.0,52.0,16382.0,351.0,0.0,27928.0,49.0,Pass
l3140.txm,38.3086,751.0,753.0,131.0,0.0,2860.0,101.0,1187.0,9452.0,9076.0,-2570.0,26.0,16478.0,19338.0,1272.0,16702.0,353.0,0.0,27878.0,49.0,Pass
l3140.txm,39.3242,752.0,753.0,132.0,0.0,2857.0,100.0,1186.0,9439.0,9071.0,-1444.0,26.0,16585.0,19128.0,-95.0,16176.0,348.0,0.0,28026.0,49.0,Pass
l3140.txm,40.3437,751.0,754.0,135.0,0.0,2859.0,100.0,1184.0,9444.0,9029.0,-782.0,26.0,16993.0,19100.0,-328.0,17100.0,345.0,0.0,27882.0,49.0,Pass
l3140.txm,41.3633,752.0,753.0,135.0,0.0,2855.0,101.0,1187.0,9515.0,9021.0,-1071.0,26.0,16478.0,19274.0,-53.0,16874.0,347.0,0.0,27874.0,49.0,Pass
l3140.txm,42.3828,751.0,753.0,133.0,0.0,2856.0,100.0,1185.0,9437.0,9039.0,-3168.0,26.0,16525.0,19126.0,-9.0,16422.0,355.0,0.0,27804.0,49.0,Pass
l3140.txm,43.4023,752.0,754.0,128.0,0.0,2850.0,100.0,1184.0,9480.0,9039.0,-2684.0,26.0,16619.0,19444.0,-295.0,16820.0,351.0,0.0,27874.0,49.0,Pass
l3140.txm,44.4258,752.0,755.0,136.0,0.0,2856.0,100.0,1186.0,9448.0,9030.0,-1810.0,26.0,16609.0,19188.0,2.0,16012.0,345.0,0.0,27860.0,49.0,Pass
l3140.txm,45.4414,752.0,753.0,133.0,0.0,2853.0,101.0,1184.0,9495.0,8968.0,-2288.0,26.0,16620.0,19074.0,146.0,17094.0,340.0,0.0,27892.0,49.0,Pass
l3140.txm,46.4922,752.0,753.0,135.0,0.0,2851.0,100.0,1184.0,9524.0,8966.0,-634.0,27.0,16466.0,19216.0,-283.0,16644.0,342.0,1.0,27912.0,49.0,Pass
l3140.txm,47.4844,752.0,753.0,137.0,0.0,2850.0,100.0,1185.0,9459.0,9049.0,-2265.0,26.0,17157.0,19070.0,-444.0,16710.0,351.0,1.0,27764.0,49.0,Pass
l3140.txm,48.5039,752.0,754.0,136.0,0.0,2838.0,100.0,1184.0,9456.0,8991.0,-1572.0,26.0,16544.0,19378.0,724.0,16598.0,354.0,0.0,27864.0,50.0,Pass
l3140.txm,49.5234,752.0,753.0,136.0,0.0,2836.0,100.0,1184.0,9453.0,9059.0,-1140.0,26.0,16882.0,19438.0,-52.0,16596.0,345.0,0.0,27882.0,50.0,Pass
l3140.txm,50.543,752.0,754.0,134.0,0.0,2825.0,100.0,1186.0,9438.0,9058.0,-2475.0,26.0,16724.0,19168.0,298.0,16706.0,352.0,1.0,28000.0,50.0,Pass
l3140.txm,51.5625,752.0,753.0,135.0,0.0,2801.0,101.0,1185.0,9475.0,9015.0,-1211.0,27.0,16637.0,19446.0,-50.0,16710.0,349.0,0.0,28006.0,50.0,Pass
l3140.txm,52.582,752.0,753.0,132.0,0.0,2679.0,101.0,1188.0,9441.0,9074.0,-1047.0,26.0,16444.0,19202.0,586.0,17046.0,351.0,0.0,27848.0,50.0,Pass
l3140.txm,53.6016,751.0,751.0,135.0,0.0,2155.0,100.0,1196.0,9463.0,9040.0,283.0,27.0,16624.0,19538.0,139.0,16294.0,350.0,0.0,27754.0,50.0,Pass
l3140.txm,54.6211,752.0,753.0,133.0,0.0,1769.0,100.0,1192.0,9518.0,8938.0,-309.0,28.0,16352.0,19604.0,-402.0,17170.0,345.0,0.0,27634.0,50.0,Pass
l3140.txm,55.6445,752.0,754.0,135.0,0.0,1429.0,100.0,1188.0,9504.0,8953.0,583.0,28.0,16453.0,19814.0,-450.0,16862.0,350.0,0.0,27550.0,50.0,Pass
l3140.txm,9.6875,751.0,753.0,132.0,0.0,352.0,101.0,1308.0,9374.0,9003.0,-141.0,29.0,16951.0,19788.0,-462.0,16896.0,348.0,0.0,28070.0,49.0,Pass
l3301.txm,9.6875,751.0,753.0,132.0,0.0,352.0,101.0,1308.0,9374.0,9003.0,-141.0,29.0,16951.0,19788.0,-462.0,16896.0,348.0,0.0,28070.0,49.0,Pass
l3301.txm,10.7187,751.0,752.0,132.0,0.0,342.0,102.0,1308.0,9357.0,8995.0,-1140.0,29.0,16768.0,19858.0,-597.0,16550.0,348.0,0.0,27868.0,49.0,Pass
l3301.txm,11.7188,751.0,753.0,132.0,0.0,329.0,101.0,1306.0,9409.0,9000.0,-1501.0,29.0,16676.0,19942.0,-293.0,16622.0,354.0,0.0,27874.0,49.0,Pass
l3301.txm,12.75,751.0,755.0,134.0,0.0,328.0,101.0,1252.0,9353.0,9027.0,39.0,27.0,17425.0,19858.0,8.0,16812.0,356.0,0.0,27778.0,51.0,Pass
l3301.txm,13.7656,751.0,753.0,134.0,0.0,354.0,100.0,1197.0,9425.0,8956.0,265.0,29.0,16832.0,20176.0,336.0,15600.0,355.0,1.0,27622.0,51.0,Pass
l3301.txm,14.7969,751.0,753.0,135.0,0.0,821.0,102.0,1199.0,9363.0,8968.0,-1939.0,28.0,16939.0,19276.0,662.0,16474.0,348.0,0.0,28384.0,49.0,Pass
l3301.txm,15.7969,751.0,752.0,136.0,0.0,870.0,100.0,1227.0,9370.0,8989.0,-1944.0,28.0,16657.0,19226.0,592.0,16662.0,356.0,0.0,28342.0,49.0,Pass
l3301.txm,16.8281,751.0,752.0,133.0,0.0,842.0,101.0,1239.0,9415.0,8988.0,-76.0,29.0,16772.0,19232.0,47.0,16424.0,350.0,0.0,28342.0,49.0,Pass
l3301.txm,17.8437,752.0,753.0,130.0,0.0,713.0,100.0,1248.0,9386.0,9010.0,565.0,28.0,17019.0,19372.0,-480.0,16626.0,359.0,0.0,28154.0,49.0,Pass
l3301.txm,18.875,751.0,754.0,134.0,0.0,775.0,100.0,1220.0,9364.0,8975.0,-1417.0,28.0,16479.0,19414.0,440.0,16040.0,345.0,1.0,28268.0,50.0,Pass
l3301.txm,19.875,751.0,752.0,136.0,0.0,787.0,100.0,1221.0,9375.0,8960.0,-2075.0,29.0,16350.0,19396.0,-67.0,16524.0,348.0,1.0,28212.0,49.0,Pass
l3301.txm,20.9375,752.0,753.0,134.0,0.0,806.0,100.0,1235.0,9411.0,8988.0,-495.0,29.0,16564.0,19386.0,155.0,16412.0,348.0,0.0,28206.0,49.0,Pass
l3301.txm,21.9219,752.0,754.0,134.0,0.0,814.0,102.0,1225.0,9346.0,9023.0,359.0,29.0,16613.0,19348.0,436.0,16324.0,351.0,0.0,28220.0,49.0,Pass
l3301.txm,22.9531,751.0,753.0,132.0,0.0,821.0,101.0,1231.0,9349.0,9018.0,-201.0,29.0,16492.0,19370.0,636.0,16274.0,353.0,0.0,28290.0,49.0,Pass
l3301.txm,23.9531,751.0,753.0,134.0,0.0,837.0,99.0,1231.0,9375.0,9022.0,-1166.0,29.0,16331.0,19276.0,9.0,16242.0,358.0,0.0,28324.0,49.0,Pass
l3301.txm,24.9844,751.0,753.0,134.0,0.0,836.0,100.0,1227.0,9377.0,9017.0,-886.0,29.0,16461.0,19256.0,222.0,16244.0,347.0,0.0,28312.0,49.0,Pass
l3301.txm,26.0156,751.0,753.0,132.0,0.0,844.0,102.0,1229.0,9394.0,8973.0,-1810.0,28.0,16391.0,19268.0,874.0,16540.0,354.0,1.0,28310.0,49.0,Pass
l3301.txm,27.0313,752.0,754.0,133.0,0.0,843.0,101.0,1229.0,9372.0,8982.0,-1390.0,29.0,16672.0,19264.0,1242.0,16578.0,348.0,0.0,28350.0,49.0,Pass
l3301.txm,28.0938,752.0,753.0,131.0,0.0,855.0,102.0,1229.0,9426.0,8975.0,-554.0,29.0,16292.0,19134.0,141.0,16348.0,347.0,1.0,28342.0,49.0,Pass
l3301.txm,29.0781,751.0,754.0,133.0,0.0,853.0,102.0,1228.0,9376.0,9021.0,128.0,29.0,16480.0,19162.0,71.0,16392.0,348.0,1.0,28344.0,49.0,Pass
l3301.txm,30.0938,751.0,752.0,135.0,0.0,857.0,101.0,1227.0,9330.0,9026.0,-405.0,29.0,16257.0,19162.0,-397.0,16162.0,351.0,1.0,28360.0,49.0,Pass
l3301.txm,31.1094,752.0,753.0,132.0,0.0,853.0,100.0,1227.0,9430.0,8961.0,-320.0,28.0,16532.0,19170.0,115.0,16794.0,349.0,0.0,28348.0,49.0,Pass
l3301.txm,32.1406,751.0,751.0,134.0,0.0,856.0,101.0,1229.0,9358.0,9012.0,-441.0,28.0,16372.0,19160.0,47.0,16994.0,349.0,0.0,28368.0,49.0,Pass
l3301.txm,33.1562,752.0,754.0,131.0,0.0,856.0,100.0,1230.0,9419.0,8947.0,-1137.0,28.0,16163.0,19152.0,-321.0,16602.0,350.0,0.0,28338.0,49.0,Pass
l3301.txm,34.1875,751.0,752.0,136.0,0.0,855.0,100.0,1228.0,9433.0,8997.0,-497.0,28.0,16760.0,19180.0,-513.0,16316.0,349.0,0.0,28348.0,49.0,Pass
l3301.txm,35.1875,752.0,753.0,130.0,0.0,855.0,101.0,1226.0,9430.0,8952.0,-1243.0,28.0,16507.0,19166.0,340.0,16350.0,348.0,1.0,28340.0,49.0,Pass
l3301.txm,36.2188,752.0,753.0,136.0,0.0,855.0,101.0,1231.0,9402.0,9031.0,-516.0,28.0,16343.0,19154.0,1.0,16516.0,345.0,0.0,28364.0,49.0,Pass
l3301.txm,37.2813,751.0,752.0,135.0,0.0,859.0,101.0,1230.0,9360.0,9030.0,-656.0,28.0,16476.0,19132.0,-50.0,16476.0,352.0,1.0,28342.0,49.0,Pass
l3301.txm,38.3125,752.0,754.0,134.0,0.0,857.0,102.0,1227.0,9361.0,8985.0,-1096.0,28.0,16249.0,19164.0,214.0,16514.0,346.0,1.0,28356.0,49.0,Pass
l3301.txm,39.3281,752.0,753.0,132.0,0.0,856.0,100.0,1230.0,9368.0,8972.0,-714.0,28.0,16589.0,19152.0,-314.0,16636.0,345.0,0.0,28348.0,49.0,Pass
l3301.txm,40.375,752.0,753.0,134.0,0.0,852.0,101.0,1229.0,9346.0,9056.0,-148.0,28.0,16676.0,19154.0,868.0,16546.0,348.0,0.0,28366.0,49.0,Pass
l3301.txm,41.375,752.0,754.0,135.0,0.0,858.0,102.0,1230.0,9361.0,9036.0,-478.0,28.0,16612.0,19144.0,-1.0,16994.0,350.0,0.0,28350.0,49.0,Pass
l3301.txm,42.3906,752.0,754.0,134.0,0.0,858.0,100.0,1229.0,9350.0,8992.0,-1246.0,28.0,16783.0,19132.0,1756.0,16942.0,346.0,1.0,28354.0,49.0,Pass
l3301.txm,43.4062,751.0,753.0,133.0,0.0,857.0,101.0,1227.0,9373.0,9022.0,-526.0,28.0,16426.0,19186.0,78.0,16728.0,347.0,0.0,28346.0,49.0,Pass
l3301.txm,44.4219,752.0,753.0,134.0,0.0,860.0,102.0,1227.0,9417.0,8996.0,-4.0,28.0,16526.0,19168.0,872.0,15926.0,345.0,0.0,28350.0,49.0,Pass
l3301.txm,45.4531,752.0,754.0,136.0,0.0,854.0,100.0,1228.0,9372.0,8977.0,-756.0,28.0,16783.0,19172.0,-61.0,16858.0,350.0,1.0,28340.0,49.0,Pass
l3301.txm,46.4687,752.0,753.0,134.0,0.0,856.0,101.0,1226.0,9366.0,8996.0,-1329.0,28.0,16331.0,19184.0,97.0,16638.0,343.0,0.0,28348.0,49.0,Pass
l3301.txm,47.5156,752.0,752.0,135.0,0.0,855.0,101.0,1229.0,9392.0,8974.0,-495.0,28.0,16148.0,19150.0,28.0,16512.0,348.0,0.0,28358.0,49.0,Pass
l3301.txm,48.5,752.0,753.0,135.0,0.0,853.0,101.0,1228.0,9417.0,8959.0,-978.0,28.0,16379.0,19130.0,-67.0,16254.0,355.0,0.0,28338.0,49.0,Pass
l3301.txm,49.5312,752.0,754.0,131.0,0.0,852.0,99.0,1229.0,9346.0,9025.0,-811.0,28.0,16368.0,19160.0,140.0,16192.0,358.0,1.0,28348.0,49.0,Pass
l3301.txm,50.5469,752.0,753.0,134.0,0.0,849.0,101.0,1227.0,9378.0,9002.0,-220.0,28.0,16435.0,19148.0,1526.0,16602.0,347.0,0.0,28340.0,49.0,Pass
l3301.txm,51.5625,752.0,753.0,132.0,0.0,844.0,100.0,1229.0,9415.0,8966.0,-1067.0,28.0,16372.0,19172.0,926.0,16688.0,356.0,0.0,28346.0,49.0,Pass
l3301.txm,52.5781,751.0,753.0,134.0,0.0,806.0,100.0,1230.0,9390.0,8953.0,-465.0,28.0,16703.0,19152.0,-31.0,16650.0,343.0,0.0,28344.0,49.0,Pass
l3301.txm,53.6094,752.0,752.0,133.0,0.0,669.0,101.0,1241.0,9356.0,8992.0,34.0,27.0,16234.0,19308.0,126.0,16756.0,355.0,0.0,28124.0,50.0,Pass
l3301.txm,54.6562,751.0,754.0,134.0,0.0,543.0,101.0,1234.0,9347.0,9020.0,158.0,28.0,16743.0,19580.0,-299.0,16402.0,349.0,0.0,28038.0,50.0,Pass
l3301.txm,55.6406,752.0,753.0,134.0,0.0,447.0,101.0,1233.0,9415.0,8965.0,168.0,28.0,16687.0,19626.0,-376.0,16784.0,345.0,0.0,27976.0,50.0,Pass
l3301.txm,10.7187,751.0,753.0,135.0,0.0,333.0,100.0,1316.0,9336.0,9042.0,-2178.0,30.0,16927.0,19796.0,-317.0,16698.0,341.0,0.0,27898.0,49.0,Pass
l3302.txm,10.7187,751.0,753.0,135.0,0.0,333.0,100.0,1316.0,9336.0,9042.0,-2178.0,30.0,16927.0,19796.0,-317.0,16698.0,341.0,0.0,27898.0,49.0,Pass
l3302.txm,11.7344,751.0,753.0,133.0,0.0,328.0,99.0,1310.0,9379.0,8985.0,-1592.0,30.0,16685.0,19852.0,-281.0,16676.0,361.0,0.0,27824.0,49.0,Pass
l3302.txm,12.7656,751.0,753.0,132.0,0.0,318.0,99.0,1310.0,9369.0,9013.0,-1474.0,30.0,16544.0,19956.0,90.0,16462.0,354.0,1.0,27818.0,49.0,Pass
l3302.txm,13.7812,751.0,753.0,133.0,0.0,320.0,101.0,1216.0,9350.0,9063.0,1017.0,29.0,16973.0,19962.0,-572.0,17134.0,357.0,0.0,27632.0,51.0,Pass
l3302.txm,14.7969,751.0,752.0,134.0,0.0,341.0,100.0,1209.0,9356.0,9052.0,-56.0,29.0,17128.0,20146.0,644.0,15682.0,344.0,1.0,27642.0,51.0,Pass
l3302.txm,15.8281,751.0,753.0,133.0,0.0,817.0,100.0,1188.0,9400.0,8906.0,-2711.0,31.0,15801.0,19218.0,136.0,16700.0,351.0,0.0,28344.0,49.0,Pass
l3302.txm,16.8438,751.0,753.0,133.0,0.0,888.0,101.0,1234.0,9389.0,9003.0,-1531.0,31.0,16159.0,19238.0,103.0,16788.0,358.0,1.0,28346.0,49.0,Pass
l3302.txm,17.8594,751.0,752.0,131.0,0.0,869.0,102.0,1243.0,9431.0,9000.0,-682.0,28.0,17104.0,19224.0,22.0,16536.0,345.0,0.0,28372.0,49.0,Pass
l3302.txm,18.875,751.0,752.0,134.0,0.0,694.0,102.0,1250.0,9396.0,9013.0,152.0,28.0,16762.0,19278.0,-773.0,16420.0,343.0,0.0,28196.0,49.0,Pass
l3302.txm,19.9063,752.0,753.0,132.0,0.0,811.0,102.0,1198.0,9394.0,8969.0,-381.0,30.0,16283.0,19392.0,836.0,16294.0,351.0,0.0,28282.0,50.0,Pass
l3302.txm,20.9219,752.0,753.0,133.0,0.0,815.0,100.0,1228.0,9353.0,8965.0,-1524.0,31.0,16170.0,19392.0,130.0,16210.0,360.0,1.0,28268.0,49.0,Pass
l3302.txm,21.9375,752.0,753.0,131.0,0.0,824.0,101.0,1231.0,9438.0,8963.0,-808.0,30.0,15974.0,19326.0,1204.0,16384.0,352.0,0.0,28272.0,49.0,Pass
l3302.txm,22.9531,751.0,752.0,135.0,0.0,826.0,101.0,1227.0,9443.0,8967.0,-409.0,30.0,16251.0,19366.0,34.0,16660.0,354.0,0.0,28284.0,49.0,Pass
l3302.txm,24.0156,752.0,753.0,136.0,0.0,836.0,101.0,1228.0,9455.0,8962.0,-695.0,29.0,16876.0,19242.0,6.0,16576.0,341.0,0.0,28290.0,49.0,Pass
l3302.txm,25.0,751.0,753.0,135.0,0.0,841.0,100.0,1230.0,9411.0,9000.0,-1222.0,29.0,16462.0,19274.0,-483.0,16546.0,349.0,1.0,28154.0,49.0,Pass
l3302.txm,26.0156,751.0,752.0,132.0,0.0,850.0,100.0,1229.0,9457.0,8982.0,-1215.0,29.0,16487.0,19254.0,147.0,16312.0,355.0,0.0,28284.0,49.0,Pass
l3302.txm,27.0313,752.0,752.0,130.0,0.0,859.0,101.0,1229.0,9379.0,8990.0,-1357.0,29.0,16588.0,19110.0,108.0,16260.0,350.0,0.0,28338.0,49.0,Pass
l3302.txm,28.0625,751.0,752.0,135.0,0.0,860.0,101.0,1226.0,9420.0,8969.0,-1781.0,28.0,16488.0,19192.0,-602.0,16836.0,348.0,1.0,28334.0,49.0,Pass
l3302.txm,29.0937,752.0,753.0,136.0,0.0,860.0,100.0,1227.0,9391.0,9044.0,-994.0,29.0,16580.0,19168.0,-308.0,16066.0,357.0,0.0,28330.0,49.0,Pass
l3302.txm,30.0938,752.0,753.0,133.0,0.0,861.0,102.0,1227.0,9387.0,8967.0,-1062.0,29.0,16753.0,19194.0,-21.0,16702.0,345.0,0.0,28344.0,49.0,Pass
l3302.txm,31.1562,752.0,753.0,132.0,0.0,864.0,101.0,1230.0,9427.0,8980.0,-1274.0,29.0,16447.0,19166.0,-66.0,16554.0,359.0,1.0,28342.0,49.0,Pass
l3302.txm,32.1406,752.0,753.0,134.0,0.0,864.0,99.0,1228.0,9421.0,8971.0,-1374.0,28.0,16341.0,19180.0,-282.0,16702.0,349.0,0.0,28336.0,49.0,Pass
l3302.txm,33.1719,752.0,754.0,132.0,0.0,864.0,100.0,1227.0,9411.0,9014.0,-1229.0,28.0,16503.0,19200.0,0.0,16772.0,350.0,0.0,28334.0,49.0,Pass
l3302.txm,34.1719,752.0,753.0,136.0,0.0,861.0,102.0,1224.0,9433.0,8965.0,-1353.0,28.0,16525.0,19182.0,55.0,16534.0,343.0,0.0,28344.0,49.0,Pass
l3302.txm,35.2031,752.0,753.0,133.0,0.0,865.0,102.0,1227.0,9442.0,9009.0,-1995.0,28.0,16258.0,19178.0,142.0,16724.0,346.0,0.0,28336.0,49.0,Pass
l3302.txm,36.2188,752.0,753.0,137.0,0.0,867.0,100.0,1226.0,9402.0,9001.0,-707.0,28.0,16477.0,19180.0,139.0,16482.0,352.0,0.0,28338.0,49.0,Pass
l3302.txm,37.25,752.0,755.0,134.0,0.0,868.0,102.0,1227.0,9368.0,8987.0,-1827.0,28.0,16331.0,19146.0,-40.0,16878.0,347.0,0.0,28338.0,49.0,Pass
l3302.txm,38.25,752.0,754.0,132.0,0.0,870.0,100.0,1229.0,9390.0,9025.0,-2870.0,27.0,16320.0,19198.0,154.0,16606.0,343.0,0.0,28344.0,49.0,Pass
l3302.txm,39.2812,752.0,754.0,136.0,0.0,861.0,101.0,1226.0,9428.0,8979.0,-2072.0,28.0,16293.0,19160.0,976.0,16436.0,354.0,0.0,28342.0,49.0,Pass
l3302.txm,40.2969,752.0,753.0,134.0,0.0,865.0,100.0,1228.0,9452.0,8955.0,-1588.0,28.0,16477.0,19150.0,-34.0,16478.0,343.0,0.0,28350.0,49.0,Pass
l3302.txm,41.3281,752.0,753.0,133.0,0.0,868.0,101.0,1230.0,9439.0,8951.0,-2268.0,27.0,16419.0,19164.0,3.0,16652.0,347.0,1.0,28342.0,49.0,Pass
l3302.txm,42.3281,752.0,753.0,135.0,0.0,861.0,102.0,1227.0,9460.0,8981.0,-140.0,28.0,16550.0,19152.0,104.0,16654.0,353.0,0.0,28356.0,49.0,Pass
l3302.txm,43.3906,751.0,753.0,132.0,0.0,865.0,101.0,1229.0,9380.0,8967.0,-502.0,28.0,16456.0,19182.0,-43.0,16524.0,348.0,0.0,28344.0,49.0,Pass
l3302.txm,44.4062,751.0,754.0,131.0,0.0,861.0,101.0,1228.0,9396.0,8998.0,-2352.0,28.0,16215.0,19156.0,652.0,16526.0,350.0,0.0,28330.0,49.0,Pass
l3302.txm,45.4375,752.0,754.0,135.0,0.0,871.0,101.0,1231.0,9495.0,8973.0,-600.0,28.0,16577.0,19188.0,648.0,16174.0,358.0,0.0,28334.0,49.0,Pass
l3302.txm,46.4531,751.0,753.0,132.0,0.0,860.0,99.0,1231.0,9390.0,9026.0,-813.0,27.0,16180.0,19146.0,60.0,16536.0,348.0,0.0,28344.0,49.0,Pass
l3302.txm,47.4687,752.0,752.0,135.0,0.0,863.0,100.0,1229.0,9416.0,8980.0,-1534.0,28.0,16182.0,19182.0,-9.0,16324.0,350.0,1.0,28330.0,49.0,Pass
l3302.txm,48.5,752.0,754.0,133.0,0.0,860.0,101.0,1232.0,9426.0,8976.0,-1979.0,28.0,16370.0,19174.0,478.0,16572.0,345.0,1.0,28348.0,49.0,Pass
l3302.txm,49.5156,751.0,753.0,135.0,0.0,855.0,100.0,1229.0,9402.0,9028.0,-951.0,27.0,16539.0,19168.0,504.0,16508.0,345.0,0.0,28350.0,49.0,Pass
l3302.txm,50.5625,752.0,754.0,135.0,0.0,859.0,102.0,1231.0,9430.0,9003.0,-1659.0,28.0,16431.0,19166.0,1294.0,16092.0,354.0,0.0,28342.0,49.0,Pass
l3302.txm,51.5469,752.0,754.0,136.0,0.0,854.0,100.0,1228.0,9411.0,9006.0,-1164.0,28.0,16665.0,19172.0,394.0,16610.0,343.0,0.0,28358.0,49.0,Pass
l3302.txm,52.5781,751.0,753.0,136.0,0.0,847.0,101.0,1228.0,9424.0,8964.0,-2287.0,28.0,16447.0,19138.0,16.0,16242.0,359.0,0.0,28340.0,49.0,Pass
l3302.txm,53.5937,751.0,753.0,132.0,0.0,829.0,101.0,1227.0,9426.0,8971.0,-1127.0,28.0,16298.0,19150.0,322.0,16544.0,347.0,0.0,28336.0,49.0,Pass
l3302.txm,54.6094,753.0,755.0,134.0,0.0,706.0,101.0,1243.0,9417.0,9037.0,-197.0,27.0,16565.0,19192.0,-675.0,16998.0,357.0,0.0,28130.0,49.0,Pass
l3302.txm,55.625,752.0,754.0,134.0,0.0,587.0,100.0,1244.0,9406.0,8972.0,795.0,27.0,16736.0,19386.0,-510.0,16684.0,348.0,0.0,28092.0,50.0,Pass
l3302.txm,56.6562,752.0,754.0,132.0,0.0,467.0,100.0,1231.0,9427.0,9002.0,161.0,27.0,16926.0,19576.0,-748.0,16690.0,348.0,0.0,27966.0,50.0,Pass
l3302.txm,9.70312,751.0,753.0,135.0,0.0,356.0,101.0,1305.0,9477.0,8945.0,-349.0,29.0,17014.0,19802.0,-691.0,16388.0,351.0,0.0,27926.0,49.0,Pass
l3303.txm,9.70312,751.0,753.0,135.0,0.0,356.0,101.0,1305.0,9477.0,8945.0,-349.0,29.0,17014.0,19802.0,-691.0,16388.0,351.0,0.0,27926.0,49.0,Pass
l3303.txm,10.7344,751.0,753.0,136.0,0.0,333.0,101.0,1297.0,9467.0,8943.0,-1308.0,30.0,16757.0,19834.0,-358.0,16544.0,349.0,0.0,27828.0,49.0,Pass
l3303.txm,11.75,751.0,753.0,135.0,0.0,324.0,100.0,1295.0,9463.0,8952.0,-1726.0,30.0,16730.0,19952.0,132.0,16410.0,353.0,0.0,27826.0,49.0,Pass
l3303.txm,12.7656,751.0,752.0,132.0,0.0,319.0,100.0,1283.0,9397.0,9023.0,-501.0,30.0,17181.0,19944.0,-41.0,16748.0,359.0,0.0,27824.0,50.0,Pass
l3303.txm,13.7812,751.0,753.0,135.0,0.0,314.0,100.0,1207.0,9463.0,8988.0,-398.0,29.0,17245.0,20104.0,-400.0,16354.0,342.0,0.0,27550.0,51.0,Pass
l3303.txm,14.8125,751.0,753.0,132.0,0.0,644.0,100.0,1186.0,9426.0,8972.0,-345.0,29.0,16536.0,19446.0,846.0,16488.0,351.0,0.0,28376.0,50.0,Pass
l3303.txm,15.8281,752.0,752.0,132.0,0.0,896.0,101.0,1219.0,9435.0,9022.0,-871.0,29.0,16998.0,19412.0,-277.0,16576.0,347.0,1.0,28318.0,49.0,Pass
l3303.txm,16.8438,751.0,753.0,135.0,0.0,884.0,100.0,1235.0,9406.0,9018.0,-1249.0,30.0,16320.0,19228.0,-495.0,16708.0,339.0,0.0,28156.0,49.0,Pass
l3303.txm,17.8594,751.0,753.0,133.0,0.0,758.0,101.0,1256.0,9437.0,9034.0,293.0,28.0,16933.0,19306.0,-708.0,16866.0,351.0,0.0,28268.0,49.0,Pass
l3303.txm,18.8906,752.0,753.0,133.0,0.0,811.0,101.0,1213.0,9432.0,8997.0,45.0,28.0,16735.0,19406.0,298.0,16198.0,348.0,0.0,28142.0,50.0,Pass
l3303.txm,19.9063,751.0,753.0,134.0,0.0,820.0,101.0,1225.0,9423.0,8976.0,-1334.0,30.0,16634.0,19268.0,-40.0,16562.0,350.0,1.0,28298.0,49.0,Pass
l3303.txm,20.9375,751.0,753.0,132.0,0.0,826.0,101.0,1239.0,9475.0,8961.0,-1081.0,28.0,16855.0,19256.0,-364.0,16494.0,348.0,0.0,28294.0,49.0,Pass
l3303.txm,21.9531,752.0,753.0,133.0,0.0,828.0,101.0,1226.0,9416.0,8979.0,-1861.0,29.0,16902.0,19272.0,558.0,16390.0,348.0,0.0,28282.0,49.0,Pass
l3303.txm,22.9688,751.0,754.0,133.0,0.0,832.0,102.0,1228.0,9452.0,8953.0,-1561.0,29.0,16584.0,19268.0,-5.0,16570.0,337.0,0.0,28292.0,49.0,Pass
l3303.txm,24.0156,751.0,753.0,132.0,0.0,840.0,100.0,1229.0,9417.0,9005.0,-2138.0,29.0,16675.0,19262.0,302.0,16798.0,347.0,0.0,28304.0,49.0,Pass
l3303.txm,25.0312,751.0,754.0,133.0,0.0,857.0,101.0,1232.0,9450.0,8967.0,-1244.0,29.0,16868.0,19222.0,67.0,16294.0,352.0,1.0,28302.0,49.0,Pass
l3303.txm,26.0625,752.0,754.0,132.0,0.0,865.0,100.0,1230.0,9448.0,8943.0,-1784.0,29.0,16722.0,19206.0,598.0,16558.0,358.0,0.0,28298.0,49.0,Pass
l3303.txm,27.0781,752.0,754.0,133.0,0.0,863.0,99.0,1227.0,9379.0,9008.0,-987.0,28.0,16677.0,19198.0,67.0,16360.0,345.0,0.0,28316.0,49.0,Pass
l3303.txm,28.1094,751.0,753.0,133.0,0.0,871.0,101.0,1227.0,9447.0,8958.0,-2252.0,28.0,16347.0,19226.0,-70.0,16618.0,346.0,0.0,28312.0,49.0,Pass
l3303.txm,29.1094,752.0,752.0,131.0,0.0,872.0,100.0,1226.0,9459.0,8992.0,-1230.0,28.0,16628.0,19148.0,266.0,16434.0,361.0,0.0,28354.0,49.0,Pass
l3303.txm,30.1406,751.0,753.0,131.0,0.0,871.0,101.0,1224.0,9428.0,8967.0,-1398.0,28.0,16672.0,19154.0,57.0,16572.0,350.0,0.0,28346.0,49.0,Pass
l3303.txm,31.1719,752.0,753.0,136.0,0.0,869.0,101.0,1231.0,9438.0,8955.0,-844.0,28.0,16780.0,19144.0,-487.0,16782.0,344.0,1.0,28338.0,49.0,Pass
l3303.txm,32.1875,751.0,752.0,133.0,0.0,873.0,100.0,1227.0,9416.0,9003.0,-935.0,27.0,16740.0,19164.0,85.0,16674.0,347.0,0.0,28340.0,49.0,Pass
l3303.txm,33.1875,752.0,752.0,132.0,0.0,868.0,100.0,1230.0,9465.0,8960.0,-713.0,28.0,16462.0,19178.0,-3.0,16862.0,351.0,0.0,28348.0,49.0,Pass
l3303.txm,34.2188,752.0,754.0,133.0,0.0,870.0,102.0,1223.0,9465.0,9008.0,-164.0,27.0,16880.0,19140.0,-338.0,16452.0,350.0,0.0,28338.0,49.0,Pass
l3303.txm,35.2344,752.0,754.0,132.0,0.0,875.0,102.0,1232.0,9477.0,8964.0,-1524.0,27.0,16799.0,19156.0,-28.0,16860.0,344.0,1.0,28334.0,49.0,Pass
l3303.txm,36.2656,752.0,753.0,133.0,0.0,869.0,101.0,1222.0,9427.0,9034.0,-870.0,28.0,16556.0,19174.0,920.0,16528.0,342.0,1.0,28338.0,49.0,Pass
l3303.txm,37.2813,751.0,754.0,131.0,0.0,876.0,101.0,1234.0,9483.0,8955.0,-685.0,27.0,16510.0,19136.0,111.0,16310.0,345.0,1.0,28354.0,49.0,Pass
l3303.txm,38.2969,752.0,754.0,135.0,0.0,869.0,100.0,1223.0,9415.0,8979.0,-1414.0,28.0,16460.0,19154.0,226.0,16698.0,344.0,1.0,28338.0,49.0,Pass
l3303.txm,39.3281,752.0,754.0,136.0,0.0,876.0,101.0,1231.0,9450.0,8992.0,-1127.0,27.0,17087.0,19158.0,73.0,16512.0,359.0,0.0,28340.0,49.0,Pass
l3303.txm,40.3437,752.0,752.0,131.0,0.0,880.0,100.0,1226.0,9404.0,9029.0,-1741.0,28.0,15974.0,19140.0,1116.0,16824.0,342.0,1.0,28340.0,49.0,Pass
l3303.txm,41.3594,751.0,753.0,135.0,0.0,872.0,100.0,1230.0,9438.0,8948.0,-910.0,27.0,16587.0,19156.0,622.0,16838.0,344.0,1.0,28334.0,49.0,Pass
l3303.txm,42.375,752.0,754.0,132.0,0.0,871.0,101.0,1226.0,9455.0,8976.0,-1074.0,28.0,16546.0,19132.0,-41.0,16502.0,346.0,0.0,28344.0,49.0,Pass
l3303.txm,43.4219,752.0,753.0,133.0,0.0,869.0,101.0,1232.0,9428.0,9042.0,-1226.0,27.0,17083.0,19176.0,1394.0,16446.0,340.0,1.0,28358.0,49.0,Pass
l3303.txm,44.4375,751.0,753.0,133.0,0.0,868.0,102.0,1227.0,9419.0,8993.0,-2279.0,27.0,16602.0,19160.0,-461.0,16536.0,354.0,0.0,28350.0,49.0,Pass
l3303.txm,45.4687,752.0,752.0,136.0,0.0,869.0,101.0,1226.0,9392.0,9008.0,-1813.0,27.0,16864.0,19154.0,59.0,16696.0,346.0,1.0,28332.0,49.0,Pass
l3303.txm,46.4844,752.0,753.0,133.0,0.0,868.0,101.0,1228.0,9418.0,9072.0,-1030.0,27.0,16866.0,19132.0,-32.0,16888.0,354.0,0.0,28334.0,49.0,Pass
l3303.txm,47.5156,752.0,754.0,135.0,0.0,870.0,101.0,1229.0,9420.0,8952.0,-1707.0,27.0,16719.0,19150.0,1272.0,16476.0,339.0,1.0,28350.0,49.0,Pass
l3303.txm,48.5156,751.0,754.0,136.0,0.0,863.0,101.0,1228.0,9411.0,8988.0,-227.0,27.0,16676.0,19164.0,-50.0,16914.0,350.0,0.0,28356.0,49.0,Pass
l3303.txm,49.5469,751.0,754.0,131.0,0.0,865.0,101.0,1229.0,9414.0,9001.0,-1719.0,27.0,16505.0,19160.0,-295.0,16672.0,345.0,0.0,28348.0,49.0,Pass
l3303.txm,50.5937,752.0,754.0,135.0,0.0,864.0,100.0,1228.0,9400.0,8970.0,-1676.0,27.0,16680.0,19120.0,1554.0,16584.0,348.0,0.0,28340.0,49.0,Pass
l3303.txm,51.5937,752.0,753.0,127.0,0.0,856.0,100.0,1227.0,9464.0,8942.0,-1389.0,27.0,16356.0,19138.0,-450.0,16440.0,357.0,1.0,28330.0,49.0,Pass
l3303.txm,52.5937,752.0,753.0,134.0,0.0,844.0,100.0,1228.0,9395.0,8992.0,-1499.0,28.0,16471.0,19146.0,-88.0,16222.0,348.0,1.0,28350.0,49.0,Pass
l3303.txm,53.625,751.0,752.0,133.0,0.0,750.0,100.0,1234.0,9411.0,8972.0,93.0,28.0,16594.0,19156.0,-617.0,16786.0,353.0,0.0,28138.0,49.0,Pass
l3303.txm,54.6562,752.0,753.0,134.0,0.0,624.0,101.0,1244.0,9445.0,8992.0,580.0,27.0,16423.0,19332.0,-852.0,16756.0,343.0,0.0,28082.0,50.0,Pass
l3303.txm,55.6719,751.0,753.0,133.0,0.0,499.0,101.0,1236.0,9391.0,8963.0,895.0,28.0,16235.0,19522.0,-689.0,16840.0,342.0,0.0,27944.0,50.0,Pass
l3303.txm,56.6875,752.0,753.0,134.0,0.0,409.0,100.0,1232.0,9467.0,8911.0,-153.0,30.0,16318.0,19884.0,-467.0,16198.0,352.0,0.0,27816.0,50.0,Pass
l3303.txm,8.70312,752.0,751.0,134.0,0.0,355.0,99.0,1312.0,9457.0,8995.0,-14.0,29.0,17271.0,19814.0,147.0,16392.0,351.0,0.0,28072.0,49.0,Pass
l3304.txm,8.70312,752.0,751.0,134.0,0.0,355.0,99.0,1312.0,9457.0,8995.0,-14.0,29.0,17271.0,19814.0,147.0,16392.0,351.0,0.0,28072.0,49.0,Pass
l3304.txm,9.75,751.0,753.0,135.0,0.0,332.0,101.0,1292.0,9402.0,8998.0,-1758.0,30.0,16553.0,19818.0,-309.0,16804.0,354.0,0.0,27834.0,49.0,Pass
l3304.txm,10.7656,750.0,751.0,133.0,0.0,326.0,101.0,1292.0,9388.0,9024.0,-1323.0,30.0,16408.0,20076.0,652.0,15932.0,343.0,0.0,27634.0,49.0,Pass
l3304.txm,11.7969,751.0,752.0,135.0,0.0,313.0,99.0,1284.0,9397.0,9030.0,-1274.0,31.0,16690.0,20010.0,-430.0,16710.0,345.0,0.0,27742.0,49.0,Pass
l3304.txm,12.8281,751.0,753.0,135.0,0.0,317.0,100.0,1213.0,9438.0,9032.0,-309.0,29.0,16911.0,20028.0,-958.0,16510.0,353.0,0.0,27614.0,51.0,Pass
l3304.txm,13.8437,751.0,751.0,134.0,0.0,631.0,100.0,1187.0,9445.0,8932.0,-1678.0,29.0,16815.0,19932.0,2714.0,14880.0,344.0,0.0,28398.0,50.0,Pass
l3304.txm,14.8594,751.0,753.0,133.0,0.0,899.0,99.0,1218.0,9423.0,9037.0,-1563.0,28.0,17116.0,19364.0,-73.0,16518.0,346.0,1.0,28150.0,49.0,Pass
l3304.txm,15.875,752.0,753.0,131.0,0.0,893.0,101.0,1241.0,9449.0,9000.0,-1090.0,28.0,16685.0,19304.0,122.0,16290.0,355.0,1.0,28086.0,49.0,Pass
l3304.txm,16.9375,751.0,753.0,135.0,0.0,773.0,100.0,1247.0,9509.0,9014.0,1772.0,28.0,16855.0,19320.0,-527.0,16610.0,354.0,0.0,28116.0,49.0,Pass
l3304.txm,17.9219,751.0,752.0,133.0,0.0,806.0,102.0,1221.0,9431.0,8990.0,-276.0,29.0,16645.0,19402.0,1334.0,16240.0,348.0,1.0,28302.0,50.0,Pass
l3304.txm,18.9375,751.0,752.0,133.0,0.0,817.0,101.0,1221.0,9403.0,9038.0,-878.0,29.0,16755.0,19228.0,-263.0,16702.0,356.0,0.0,28130.0,49.0,Pass
l3304.txm,19.9531,752.0,754.0,134.0,0.0,833.0,100.0,1237.0,9386.0,9018.0,-1441.0,28.0,16511.0,19286.0,-501.0,16706.0,349.0,1.0,28152.0,49.0,Pass
l3304.txm,20.9844,751.0,753.0,133.0,0.0,833.0,101.0,1224.0,9421.0,8987.0,-839.0,29.0,16728.0,19270.0,147.0,16758.0,347.0,0.0,28146.0,49.0,Pass
l3304.txm,22.0,751.0,752.0,132.0,0.0,843.0,101.0,1229.0,9446.0,8976.0,-481.0,28.0,16905.0,19346.0,120.0,15962.0,352.0,0.0,28182.0,49.0,Pass
l3304.txm,23.0156,751.0,752.0,133.0,0.0,849.0,100.0,1231.0,9413.0,9051.0,-1072.0,28.0,16838.0,19336.0,-25.0,16232.0,359.0,0.0,28224.0,49.0,Pass
l3304.txm,24.0625,752.0,753.0,132.0,0.0,861.0,100.0,1228.0,9486.0,8969.0,-303.0,28.0,17080.0,19330.0,338.0,16450.0,348.0,0.0,28330.0,49.0,Pass
l3304.txm,25.0625,751.0,753.0,135.0,0.0,873.0,101.0,1228.0,9450.0,8970.0,-834.0,28.0,16993.0,19176.0,260.0,16302.0,346.0,0.0,28374.0,49.0,Pass
l3304.txm,26.0781,752.0,753.0,133.0,0.0,871.0,100.0,1225.0,9406.0,9016.0,-373.0,29.0,17144.0,19164.0,-305.0,16316.0,351.0,0.0,28382.0,49.0,Pass
l3304.txm,27.0937,752.0,753.0,134.0,0.0,874.0,100.0,1227.0,9378.0,9055.0,62.0,28.0,16860.0,19192.0,1246.0,16846.0,343.0,1.0,28358.0,49.0,Pass
l3304.txm,28.125,752.0,752.0,133.0,0.0,878.0,100.0,1228.0,9449.0,8985.0,256.0,28.0,16754.0,19164.0,204.0,16324.0,347.0,0.0,28362.0,49.0,Pass
l3304.txm,29.1406,752.0,754.0,134.0,0.0,877.0,100.0,1229.0,9413.0,8972.0,-46.0,28.0,16735.0,19196.0,758.0,16540.0,339.0,0.0,28382.0,49.0,Pass
l3304.txm,30.1719,752.0,753.0,134.0,0.0,871.0,101.0,1227.0,9396.0,9073.0,-592.0,28.0,16569.0,19150.0,-61.0,16840.0,350.0,0.0,28368.0,49.0,Pass
l3304.txm,31.1719,752.0,754.0,131.0,0.0,871.0,101.0,1226.0,9409.0,8991.0,-624.0,28.0,16654.0,19166.0,656.0,16876.0,350.0,1.0,28364.0,49.0,Pass
l3304.txm,32.2031,752.0,753.0,133.0,0.0,878.0,100.0,1230.0,9402.0,8994.0,-919.0,27.0,16567.0,19164.0,22.0,16704.0,352.0,0.0,28356.0,49.0,Pass
l3304.txm,33.2188,752.0,754.0,136.0,0.0,877.0,101.0,1226.0,9381.0,9047.0,-94.0,27.0,16518.0,19194.0,608.0,16594.0,347.0,0.0,28366.0,49.0,Pass
l3304.txm,34.25,752.0,753.0,132.0,0.0,876.0,100.0,1233.0,9431.0,8944.0,-2047.0,27.0,16202.0,19148.0,570.0,16824.0,353.0,0.0,28368.0,49.0,Pass
l3304.txm,35.25,752.0,754.0,136.0,0.0,878.0,101.0,1226.0,9386.0,8990.0,-925.0,29.0,16259.0,19140.0,-80.0,16112.0,353.0,1.0,28304.0,49.0,Pass
l3304.txm,36.3125,753.0,753.0,133.0,0.0,874.0,100.0,1230.0,9415.0,9044.0,-2045.0,27.0,16766.0,19152.0,-448.0,16836.0,343.0,0.0,28318.0,49.0,Pass
l3304.txm,37.3281,752.0,753.0,133.0,0.0,881.0,100.0,1227.0,9432.0,9005.0,-709.0,27.0,16591.0,19120.0,-432.0,16838.0,346.0,0.0,28318.0,49.0,Pass
l3304.txm,38.3594,752.0,753.0,137.0,0.0,874.0,102.0,1231.0,9396.0,9009.0,-1302.0,27.0,16960.0,19150.0,59.0,16292.0,347.0,0.0,28326.0,49.0,Pass
l3304.txm,39.3594,752.0,754.0,131.0,0.0,871.0,100.0,1224.0,9456.0,9000.0,-1349.0,27.0,16238.0,19114.0,1174.0,16820.0,344.0,1.0,28314.0,49.0,Pass
l3304.txm,40.3906,752.0,754.0,135.0,0.0,875.0,101.0,1231.0,9426.0,9020.0,-591.0,27.0,16965.0,19148.0,-14.0,16862.0,346.0,0.0,28324.0,49.0,Pass
l3304.txm,41.4062,751.0,752.0,134.0,0.0,868.0,100.0,1223.0,9439.0,8973.0,-1362.0,28.0,16543.0,19150.0,-391.0,16564.0,353.0,1.0,28318.0,49.0,Pass
l3304.txm,42.4375,752.0,754.0,131.0,0.0,875.0,100.0,1232.0,9402.0,9073.0,-1743.0,27.0,16333.0,19148.0,132.0,16814.0,360.0,0.0,28324.0,49.0,Pass
l3304.txm,43.4844,752.0,754.0,131.0,0.0,868.0,100.0,1224.0,9403.0,9003.0,-1968.0,28.0,16475.0,19116.0,8.0,16448.0,345.0,0.0,28306.0,49.0,Pass
l3304.txm,44.4687,752.0,752.0,132.0,0.0,874.0,101.0,1229.0,9386.0,9007.0,-581.0,27.0,16724.0,19120.0,-371.0,16162.0,349.0,0.0,28312.0,49.0,Pass
l3304.txm,45.5,752.0,752.0,132.0,0.0,872.0,100.0,1223.0,9454.0,9005.0,-2313.0,28.0,16550.0,19130.0,-69.0,17028.0,341.0,1.0,28324.0,49.0,Pass
l3304.txm,46.5156,751.0,752.0,131.0,0.0,874.0,101.0,1231.0,9426.0,9026.0,-630.0,27.0,16472.0,19150.0,-475.0,16572.0,344.0,0.0,28328.0,49.0,Pass
l3304.txm,47.5312,752.0,754.0,137.0,0.0,867.0,101.0,1224.0,9395.0,9001.0,-1413.0,28.0,16401.0,19148.0,45.0,16624.0,360.0,1.0,28312.0,49.0,Pass
l3304.txm,48.5469,752.0,752.0,135.0,0.0,870.0,101.0,1234.0,9423.0,8982.0,-675.0,27.0,16795.0,19152.0,-625.0,16806.0,347.0,0.0,28310.0,49.0,Pass
l3304.txm,49.5781,752.0,754.0,132.0,0.0,863.0,100.0,1224.0,9379.0,9012.0,-532.0,29.0,15832.0,19142.0,-434.0,16966.0,355.0,0.0,28282.0,49.0,Pass
l3304.txm,50.6094,751.0,753.0,132.0,0.0,868.0,101.0,1234.0,9387.0,9046.0,-1063.0,27.0,16680.0,19162.0,-381.0,16510.0,350.0,0.0,28286.0,49.0,Pass
l3304.txm,51.6094,752.0,753.0,133.0,0.0,860.0,102.0,1224.0,9460.0,8976.0,-170.0,28.0,16267.0,19110.0,143.0,16672.0,357.0,0.0,28286.0,49.0,Pass
l3304.txm,52.625,752.0,754.0,133.0,0.0,847.0,101.0,1229.0,9390.0,9025.0,-1275.0,28.0,16975.0,19188.0,-313.0,16256.0,358.0,0.0,28214.0,49.0,Pass
l3304.txm,53.6562,751.0,752.0,133.0,0.0,776.0,100.0,1230.0,9385.0,9024.0,-122.0,28.0,16422.0,19200.0,-678.0,16850.0,348.0,0.0,28226.0,49.0,Pass
l3304.txm,54.6719,752.0,753.0,133.0,0.0,629.0,100.0,1238.0,9423.0,8980.0,533.0,28.0,16563.0,19324.0,-504.0,16562.0,351.0,0.0,28106.0,50.0,Pass
l3304.txm,55.6875,752.0,753.0,136.0,0.0,502.0,100.0,1230.0,9392.0,9023.0,497.0,28.0,16607.0,19556.0,-27.0,17114.0,357.0,0.0,27838.0,50.0,Pass
l3304.txm,56.7031,751.0,753.0,132.0,0.0,426.0,101.0,1235.0,9405.0,9007.0,731.0,29.0,16015.0,19628.0,-619.0,16940.0,350.0,0.0,27840.0,50.0,Pass
l3304.txm,10.7031,751.0,752.0,135.0,0.0,338.0,101.0,1298.0,9472.0,8952.0,-1462.0,31.0,16581.0,19838.0,-662.0,16748.0,348.0,0.0,27854.0,49.0,Pass
l3305.txm,10.7031,751.0,752.0,135.0,0.0,338.0,101.0,1298.0,9472.0,8952.0,-1462.0,31.0,16581.0,19838.0,-662.0,16748.0,348.0,0.0,27854.0,49.0,Pass
l3305.txm,11.7344,751.0,753.0,135.0,0.0,330.0,101.0,1294.0,9419.0,8984.0,-1747.0,30.0,16846.0,19982.0,678.0,16536.0,353.0,0.0,27826.0,49.0,Pass
l3305.txm,12.7656,751.0,753.0,135.0,0.0,313.0,101.0,1292.0,9431.0,8972.0,-1600.0,31.0,16661.0,20010.0,-370.0,16940.0,359.0,0.0,27830.0,49.0,Pass
l3305.txm,13.7812,751.0,753.0,134.0,0.0,313.0,101.0,1214.0,9499.0,8988.0,238.0,29.0,17020.0,20038.0,324.0,16538.0,351.0,0.0,27550.0,51.0,Pass
l3305.txm,14.8125,751.0,754.0,132.0,0.0,712.0,102.0,1182.0,9456.0,8935.0,-1565.0,29.0,16722.0,19338.0,1932.0,16780.0,348.0,1.0,28580.0,50.0,Pass
l3305.txm,15.8125,752.0,753.0,134.0,0.0,900.0,101.0,1212.0,9452.0,8984.0,-1464.0,30.0,16179.0,19232.0,-1248.0,16530.0,352.0,0.0,28078.0,49.0,Pass
l3305.txm,16.8438,752.0,753.0,136.0,0.0,894.0,99.0,1239.0,9429.0,9018.0,-2282.0,31.0,16322.0,19358.0,630.0,16470.0,357.0,0.0,28138.0,48.0,Pass
l3305.txm,17.8594,751.0,754.0,134.0,0.0,779.0,102.0,1256.0,9517.0,9003.0,361.0,29.0,16574.0,19336.0,-60.0,16506.0,349.0,0.0,28144.0,49.0,Pass
l3305.txm,18.875,752.0,753.0,132.0,0.0,800.0,100.0,1218.0,9459.0,8985.0,-1310.0,28.0,17077.0,19414.0,113.0,16304.0,345.0,1.0,28220.0,50.0,Pass
l3305.txm,19.8906,751.0,752.0,135.0,0.0,816.0,100.0,1219.0,9390.0,8960.0,-1467.0,30.0,16164.0,19288.0,-14.0,16566.0,350.0,0.0,28280.0,49.0,Pass
l3305.txm,20.9219,751.0,753.0,134.0,0.0,832.0,102.0,1236.0,9505.0,8998.0,-765.0,29.0,16933.0,19248.0,-353.0,16838.0,348.0,0.0,28090.0,49.0,Pass
l3305.txm,21.9375,752.0,753.0,133.0,0.0,839.0,100.0,1227.0,9435.0,9044.0,-396.0,29.0,16776.0,19296.0,-10.0,16240.0,348.0,0.0,28256.0,49.0,Pass
l3305.txm,22.9844,752.0,754.0,132.0,0.0,835.0,101.0,1227.0,9482.0,8952.0,682.0,30.0,16545.0,19314.0,-651.0,16380.0,359.0,0.0,28156.0,49.0,Pass
l3305.txm,23.9844,751.0,753.0,132.0,0.0,854.0,100.0,1230.0,9491.0,8960.0,-609.0,28.0,16923.0,19286.0,-579.0,16564.0,348.0,0.0,28214.0,49.0,Pass
l3305.txm,25.0,751.0,754.0,135.0,0.0,856.0,100.0,1230.0,9448.0,8976.0,-391.0,29.0,16786.0,19272.0,-279.0,16342.0,344.0,0.0,28284.0,49.0,Pass
l3305.txm,26.0156,752.0,753.0,133.0,0.0,868.0,101.0,1227.0,9488.0,8955.0,-1163.0,29.0,16657.0,19184.0,158.0,16766.0,354.0,0.0,28376.0,49.0,Pass
l3305.txm,27.0469,751.0,752.0,134.0,0.0,877.0,100.0,1228.0,9421.0,9030.0,-961.0,29.0,16478.0,19154.0,-404.0,16208.0,342.0,0.0,28344.0,49.0,Pass
l3305.txm,28.0469,752.0,753.0,132.0,0.0,874.0,100.0,1225.0,9465.0,8956.0,-1815.0,29.0,16718.0,19144.0,762.0,16354.0,350.0,0.0,28364.0,49.0,Pass
l3305.txm,29.0781,752.0,753.0,133.0,0.0,884.0,101.0,1230.0,9462.0,9033.0,-975.0,28.0,16595.0,19170.0,-390.0,16448.0,340.0,1.0,28368.0,49.0,Pass
l3305.txm,30.1094,752.0,754.0,133.0,0.0,878.0,100.0,1226.0,9441.0,9016.0,-250.0,28.0,16555.0,19152.0,-330.0,16758.0,348.0,1.0,28350.0,49.0,Pass
l3305.txm,31.125,752.0,754.0,135.0,0.0,880.0,101.0,1226.0,9461.0,8962.0,-508.0,28.0,16550.0,19210.0,46.0,16786.0,346.0,1.0,28358.0,49.0,Pass
l3305.txm,32.1406,752.0,754.0,132.0,0.0,876.0,100.0,1231.0,9434.0,8988.0,-861.0,28.0,16876.0,19202.0,494.0,16550.0,347.0,0.0,28370.0,49.0,Pass
l3305.txm,33.1562,751.0,754.0,131.0,0.0,874.0,101.0,1226.0,9417.0,8993.0,-933.0,28.0,16535.0,19162.0,-45.0,16540.0,350.0,0.0,28338.0,49.0,Pass
l3305.txm,34.1875,751.0,753.0,133.0,0.0,884.0,100.0,1226.0,9408.0,9040.0,-1461.0,28.0,16370.0,19202.0,-320.0,16484.0,348.0,0.0,28360.0,49.0,Pass
l3305.txm,35.2187,752.0,753.0,134.0,0.0,876.0,101.0,1226.0,9409.0,8978.0,-966.0,27.0,16643.0,19144.0,772.0,16806.0,358.0,0.0,28334.0,49.0,Pass
l3305.txm,36.25,752.0,754.0,131.0,0.0,877.0,101.0,1226.0,9426.0,9063.0,-2007.0,28.0,16311.0,19184.0,190.0,16564.0,341.0,0.0,28364.0,49.0,Pass
l3305.txm,37.2656,752.0,753.0,135.0,0.0,880.0,100.0,1227.0,9408.0,8995.0,-739.0,28.0,16661.0,19204.0,99.0,16162.0,360.0,1.0,28358.0,49.0,Pass
l3305.txm,38.2969,752.0,754.0,132.0,0.0,880.0,101.0,1227.0,9456.0,9014.0,546.0,28.0,16444.0,19116.0,-57.0,17128.0,340.0,0.0,28350.0,49.0,Pass
l3305.txm,39.2969,752.0,754.0,133.0,0.0,880.0,101.0,1227.0,9458.0,8999.0,-1967.0,28.0,16379.0,19144.0,-84.0,16838.0,347.0,0.0,28336.0,49.0,Pass
l3305.txm,40.3281,751.0,753.0,133.0,0.0,881.0,101.0,1226.0,9431.0,8958.0,-6.0,28.0,16473.0,19170.0,55.0,16530.0,346.0,1.0,28342.0,49.0,Pass
l3305.txm,41.3437,752.0,753.0,135.0,0.0,875.0,100.0,1229.0,9470.0,8991.0,-1627.0,28.0,16925.0,19128.0,124.0,16948.0,357.0,0.0,28354.0,49.0,Pass
l3305.txm,42.3906,752.0,753.0,136.0,0.0,880.0,102.0,1227.0,9482.0,8957.0,-1922.0,28.0,16580.0,19160.0,504.0,16392.0,351.0,0.0,28342.0,49.0,Pass
l3305.txm,43.375,752.0,753.0,132.0,0.0,881.0,101.0,1230.0,9415.0,8978.0,-1189.0,28.0,16104.0,19148.0,-91.0,16692.0,352.0,0.0,28338.0,49.0,Pass
l3305.txm,44.4062,752.0,753.0,129.0,0.0,875.0,101.0,1229.0,9463.0,8980.0,-1528.0,27.0,16445.0,19170.0,-299.0,16772.0,350.0,1.0,28354.0,49.0,Pass
l3305.txm,45.4375,751.0,753.0,132.0,0.0,874.0,100.0,1226.0,9438.0,8979.0,-2582.0,28.0,16534.0,19136.0,-305.0,16882.0,347.0,0.0,28348.0,49.0,Pass
l3305.txm,46.4531,752.0,754.0,133.0,0.0,875.0,100.0,1228.0,9419.0,9039.0,-2174.0,27.0,16450.0,19116.0,-422.0,16426.0,349.0,1.0,28350.0,49.0,Pass
l3305.txm,47.4687,752.0,753.0,133.0,0.0,872.0,100.0,1227.0,9491.0,8990.0,159.0,27.0,16850.0,19158.0,-378.0,16680.0,347.0,0.0,28352.0,49.0,Pass
l3305.txm,48.4844,752.0,754.0,133.0,0.0,873.0,101.0,1228.0,9468.0,8982.0,-424.0,28.0,16613.0,19122.0,-443.0,16098.0,358.0,0.0,28328.0,49.0,Pass
l3305.txm,49.5312,752.0,753.0,133.0,0.0,874.0,100.0,1227.0,9456.0,9030.0,-120.0,27.0,16401.0,19174.0,-294.0,16844.0,347.0,0.0,28308.0,49.0,Pass
l3305.txm,50.5312,752.0,754.0,130.0,0.0,873.0,100.0,1229.0,9408.0,9011.0,-885.0,28.0,16641.0,19140.0,-334.0,16594.0,351.0,0.0,28324.0,49.0,Pass
l3305.txm,51.5469,752.0,753.0,132.0,0.0,864.0,101.0,1227.0,9389.0,9027.0,-1036.0,28.0,16621.0,19112.0,-736.0,16586.0,350.0,0.0,28306.0,49.0,Pass
l3305.txm,52.5625,751.0,753.0,135.0,0.0,859.0,101.0,1225.0,9414.0,9034.0,-1501.0,27.0,17074.0,19142.0,-21.0,16528.0,349.0,1.0,28278.0,49.0,Pass
l3305.txm,53.5937,752.0,753.0,137.0,0.0,791.0,99.0,1237.0,9414.0,9026.0,-674.0,28.0,16856.0,19226.0,-865.0,16712.0,348.0,0.0,28242.0,49.0,Pass
l3305.txm,54.6094,752.0,753.0,133.0,0.0,643.0,100.0,1242.0,9421.0,8994.0,644.0,27.0,16298.0,19306.0,-921.0,16646.0,356.0,0.0,28082.0,50.0,Pass
l3305.txm,55.625,752.0,754.0,135.0,1.0,539.0,100.0,1237.0,9444.0,8950.0,521.0,28.0,16218.0,19464.0,-752.0,17056.0,350.0,0.0,28062.0,50.0,Pass
l3305.txm,56.6406,752.0,753.0,132.0,0.0,429.0,101.0,1233.0,9429.0,8990.0,-643.0,30.0,15990.0,19614.0,-55.0,16986.0,350.0,0.0,27884.0,50.0,Pass
l3305.txm,9.71875,751.0,752.0,132.0,0.0,333.0,101.0,1292.0,9399.0,9033.0,-1604.0,30.0,16568.0,19822.0,-1227.0,16802.0,355.0,0.0,27846.0,49.0,Pass
l3306.txm,9.71875,751.0,752.0,132.0,0.0,333.0,101.0,1292.0,9399.0,9033.0,-1604.0,30.0,16568.0,19822.0,-1227.0,16802.0,355.0,0.0,27846.0,49.0,Pass
l3306.txm,10.7344,751.0,754.0,133.0,0.0,324.0,100.0,1292.0,9427.0,8988.0,-1776.0,30.0,16809.0,20008.0,-27.0,16494.0,353.0,0.0,27790.0,49.0,Pass
l3306.txm,11.7656,751.0,753.0,133.0,0.0,318.0,101.0,1288.0,9468.0,8966.0,-1096.0,31.0,16716.0,19982.0,-377.0,16460.0,350.0,0.0,27780.0,49.0,Pass
l3306.txm,12.7656,751.0,753.0,134.0,0.0,323.0,101.0,1213.0,9505.0,8987.0,982.0,30.0,16700.0,20066.0,-404.0,16540.0,348.0,0.0,27564.0,51.0,Pass
l3306.txm,13.7969,751.0,752.0,131.0,0.0,704.0,102.0,1186.0,9502.0,8951.0,-727.0,29.0,17149.0,19328.0,854.0,16400.0,353.0,0.0,28582.0,50.0,Pass
l3306.txm,14.8125,751.0,754.0,133.0,0.0,900.0,101.0,1206.0,9410.0,9063.0,-1867.0,31.0,16137.0,19236.0,-275.0,16854.0,348.0,0.0,28202.0,49.0,Pass
l3306.txm,15.8438,751.0,753.0,134.0,0.0,897.0,101.0,1245.0,9412.0,9064.0,-951.0,31.0,16523.0,19274.0,-82.0,16496.0,364.0,0.0,28148.0,48.0,Pass
l3306.txm,16.8438,751.0,753.0,133.0,0.0,788.0,100.0,1251.0,9447.0,9030.0,1048.0,28.0,16981.0,19366.0,-738.0,17026.0,346.0,0.0,28186.0,49.0,Pass
l3306.txm,17.9062,751.0,753.0,131.0,0.0,802.0,100.0,1224.0,9482.0,8992.0,-645.0,29.0,17131.0,19454.0,-60.0,16334.0,349.0,0.0,28282.0,50.0,Pass
l3306.txm,18.9375,751.0,753.0,134.0,0.0,815.0,100.0,1217.0,9456.0,8969.0,-1602.0,29.0,16839.0,19268.0,-53.0,16622.0,345.0,0.0,28154.0,49.0,Pass
l3306.txm,19.9531,752.0,752.0,134.0,0.0,838.0,101.0,1234.0,9455.0,8961.0,-1297.0,29.0,16807.0,19256.0,692.0,16216.0,350.0,0.0,28212.0,49.0,Pass
l3306.txm,20.9687,751.0,753.0,134.0,0.0,839.0,100.0,1226.0,9502.0,8941.0,-1245.0,30.0,16773.0,19338.0,-498.0,16750.0,345.0,0.0,28238.0,49.0,Pass
l3306.txm,21.9844,751.0,752.0,133.0,0.0,840.0,101.0,1227.0,9442.0,9002.0,-1972.0,30.0,16436.0,19218.0,-42.0,16524.0,349.0,0.0,28134.0,49.0,Pass
l3306.txm,23.0156,752.0,754.0,132.0,0.0,851.0,100.0,1230.0,9487.0,8932.0,-1105.0,29.0,17013.0,19284.0,-430.0,16584.0,348.0,0.0,28154.0,49.0,Pass
l3306.txm,24.0313,752.0,752.0,134.0,0.0,859.0,102.0,1231.0,9463.0,8960.0,-1249.0,30.0,16786.0,19250.0,60.0,16548.0,345.0,0.0,28274.0,49.0,Pass
l3306.txm,25.0781,752.0,752.0,135.0,0.0,874.0,100.0,1228.0,9423.0,8982.0,-2397.0,29.0,16393.0,19214.0,126.0,16560.0,357.0,1.0,28312.0,49.0,Pass
l3306.txm,26.0938,752.0,753.0,133.0,0.0,873.0,101.0,1227.0,9430.0,9016.0,-987.0,29.0,16788.0,19170.0,-379.0,16582.0,351.0,0.0,28300.0,49.0,Pass
l3306.txm,27.125,752.0,753.0,133.0,0.0,875.0,101.0,1226.0,9459.0,8990.0,-1555.0,29.0,16563.0,19174.0,-537.0,15908.0,360.0,0.0,28328.0,49.0,Pass
l3306.txm,28.125,751.0,752.0,132.0,0.0,879.0,101.0,1227.0,9428.0,8967.0,-2377.0,29.0,16786.0,19156.0,1.0,16616.0,346.0,1.0,28306.0,49.0,Pass
l3306.txm,29.1563,752.0,753.0,134.0,0.0,876.0,100.0,1230.0,9469.0,9002.0,-1270.0,29.0,16715.0,19140.0,218.0,16516.0,349.0,0.0,28330.0,49.0,Pass
l3306.txm,30.1719,752.0,753.0,132.0,0.0,878.0,102.0,1229.0,9486.0,8967.0,-1443.0,29.0,16861.0,19186.0,151.0,16564.0,349.0,0.0,28312.0,49.0,Pass
l3306.txm,31.2031,751.0,753.0,135.0,0.0,874.0,100.0,1230.0,9490.0,8950.0,-1305.0,29.0,16376.0,19236.0,147.0,16492.0,342.0,0.0,28310.0,49.0,Pass
l3306.txm,32.2031,752.0,754.0,136.0,0.0,877.0,101.0,1228.0,9412.0,8974.0,-2425.0,28.0,16216.0,19242.0,62.0,16720.0,344.0,0.0,28328.0,49.0,Pass
l3306.txm,33.2344,751.0,753.0,134.0,0.0,875.0,99.0,1227.0,9426.0,9004.0,-1341.0,28.0,16343.0,19204.0,146.0,16392.0,343.0,1.0,28338.0,49.0,Pass
l3306.txm,34.2656,752.0,753.0,130.0,0.0,880.0,101.0,1227.0,9436.0,9009.0,-2563.0,27.0,16726.0,19238.0,154.0,16094.0,350.0,1.0,28316.0,49.0,Pass
l3306.txm,35.2813,752.0,754.0,131.0,0.0,881.0,100.0,1228.0,9491.0,8989.0,-2210.0,28.0,16510.0,19238.0,1082.0,16510.0,358.0,1.0,28310.0,49.0,Pass
l3306.txm,36.2969,752.0,755.0,134.0,0.0,883.0,100.0,1228.0,9437.0,9010.0,-1475.0,28.0,16640.0,19186.0,2.0,16058.0,350.0,0.0,28302.0,49.0,Pass
l3306.txm,37.3438,752.0,754.0,133.0,0.0,874.0,100.0,1230.0,9426.0,9051.0,-835.0,28.0,16702.0,19244.0,-86.0,16290.0,356.0,0.0,28314.0,49.0,Pass
l3306.txm,38.375,752.0,754.0,133.0,0.0,876.0,100.0,1226.0,9411.0,9026.0,-2042.0,28.0,16203.0,19150.0,1266.0,16650.0,358.0,1.0,28290.0,49.0,Pass
l3306.txm,39.3906,752.0,752.0,134.0,0.0,877.0,100.0,1227.0,9413.0,8992.0,-2092.0,28.0,16969.0,19218.0,125.0,16020.0,348.0,1.0,28332.0,49.0,Pass
l3306.txm,40.4062,752.0,753.0,134.0,0.0,875.0,100.0,1228.0,9429.0,9019.0,-702.0,28.0,16306.0,19114.0,488.0,16846.0,351.0,1.0,28310.0,49.0,Pass
l3306.txm,41.4219,752.0,754.0,134.0,0.0,881.0,101.0,1227.0,9386.0,9024.0,-59.0,28.0,16341.0,19180.0,300.0,16866.0,344.0,0.0,28312.0,49.0,Pass
l3306.txm,42.4531,752.0,754.0,135.0,0.0,876.0,102.0,1227.0,9520.0,8950.0,-2520.0,28.0,16268.0,19240.0,-19.0,16394.0,355.0,0.0,28322.0,49.0,Pass
l3306.txm,43.4687,752.0,753.0,135.0,0.0,877.0,102.0,1226.0,9433.0,9039.0,-2130.0,28.0,17100.0,19236.0,-77.0,15914.0,355.0,0.0,28330.0,49.0,Pass
l3306.txm,44.5156,752.0,753.0,133.0,0.0,877.0,100.0,1228.0,9444.0,8983.0,-2524.0,27.0,16265.0,19176.0,76.0,16556.0,349.0,0.0,28328.0,49.0,Pass
l3306.txm,45.5,752.0,753.0,136.0,0.0,870.0,100.0,1228.0,9397.0,9065.0,-1771.0,27.0,16676.0,19130.0,-321.0,16598.0,349.0,0.0,28332.0,49.0,Pass
l3306.txm,46.5312,752.0,754.0,134.0,0.0,874.0,101.0,1226.0,9400.0,9033.0,-626.0,28.0,16645.0,19156.0,848.0,16392.0,347.0,0.0,28310.0,49.0,Pass
l3306.txm,47.5625,752.0,753.0,132.0,0.0,870.0,101.0,1231.0,9480.0,8972.0,-1102.0,28.0,16039.0,19246.0,958.0,16312.0,349.0,1.0,28330.0,49.0,Pass
l3306.txm,48.5625,752.0,753.0,134.0,0.0,869.0,101.0,1228.0,9486.0,8972.0,-202.0,27.0,16398.0,19210.0,2028.0,16432.0,350.0,1.0,28308.0,49.0,Pass
l3306.txm,49.5937,752.0,753.0,136.0,0.0,869.0,100.0,1228.0,9424.0,9001.0,-2253.0,28.0,16500.0,19162.0,280.0,16172.0,347.0,1.0,28330.0,49.0,Pass
l3306.txm,50.6094,752.0,754.0,134.0,0.0,863.0,100.0,1227.0,9464.0,8970.0,-2770.0,28.0,16477.0,19244.0,1022.0,16142.0,351.0,0.0,28328.0,49.0,Pass
l3306.txm,51.6562,752.0,754.0,130.0,0.0,856.0,100.0,1229.0,9422.0,9006.0,-1129.0,28.0,16287.0,19196.0,-54.0,16664.0,343.0,1.0,28308.0,49.0,Pass
l3306.txm,52.6406,751.0,753.0,131.0,0.0,789.0,100.0,1233.0,9417.0,9019.0,-1975.0,28.0,16486.0,19178.0,-507.0,16518.0,356.0,0.0,28296.0,49.0,Pass
l3306.txm,53.6719,752.0,753.0,135.0,1.0,673.0,101.0,1241.0,9453.0,8960.0,1809.0,28.0,16411.0,19334.0,-690.0,16622.0,344.0,0.0,28090.0,49.0,Pass
l3306.txm,54.6875,752.0,753.0,133.0,0.0,531.0,101.0,1239.0,9462.0,8988.0,228.0,27.0,16727.0,19474.0,-463.0,16590.0,349.0,0.0,28072.0,50.0,Pass
l3306.txm,55.7187,751.0,753.0,134.0,0.0,448.0,100.0,1230.0,9400.0,8973.0,-153.0,30.0,16270.0,19636.0,-270.0,16724.0,351.0,0.0,27890.0,50.0,Pass
l3306.txm,10.7031,751.0,753.0,135.0,0.0,335.0,100.0,1302.0,9409.0,8981.0,-2079.0,31.0,16738.0,19844.0,-493.0,16614.0,351.0,0.0,27860.0,49.0,Pass
l3307.txm,10.7031,751.0,753.0,135.0,0.0,335.0,100.0,1302.0,9409.0,8981.0,-2079.0,31.0,16738.0,19844.0,-493.0,16614.0,351.0,0.0,27860.0,49.0,Pass
l3307.txm,11.7656,751.0,753.0,135.0,0.0,331.0,101.0,1301.0,9390.0,8990.0,-1258.0,31.0,16827.0,19858.0,-767.0,16688.0,343.0,0.0,27804.0,49.0,Pass
l3307.txm,12.8281,751.0,753.0,134.0,0.0,317.0,100.0,1290.0,9373.0,9059.0,1021.0,29.0,16304.0,19970.0,-71.0,16722.0,349.0,0.0,27772.0,49.0,Pass
l3307.txm,13.8281,751.0,752.0,136.0,0.0,321.0,102.0,1207.0,9439.0,8995.0,-167.0,30.0,16592.0,19962.0,109.0,16580.0,353.0,0.0,27562.0,51.0,Pass
l3307.txm,14.8594,751.0,753.0,132.0,0.0,577.0,101.0,1191.0,9370.0,9011.0,512.0,30.0,16618.0,19836.0,2456.0,15228.0,352.0,1.0,28312.0,50.0,Pass
l3307.txm,15.875,751.0,752.0,134.0,0.0,909.0,101.0,1209.0,9429.0,8956.0,-2033.0,31.0,15841.0,19226.0,-1055.0,16332.0,351.0,0.0,28166.0,49.0,Pass
l3307.txm,16.9062,751.0,752.0,131.0,0.0,907.0,99.0,1240.0,9409.0,9068.0,-3002.0,28.0,16723.0,19302.0,398.0,16458.0,348.0,1.0,28136.0,48.0,Pass
l3307.txm,17.9062,752.0,753.0,136.0,1.0,775.0,100.0,1253.0,9468.0,9037.0,1812.0,29.0,16519.0,19478.0,-681.0,16346.0,357.0,0.0,28270.0,49.0,Pass
l3307.txm,18.9688,751.0,752.0,135.0,0.0,822.0,101.0,1218.0,9427.0,9039.0,-708.0,28.0,17114.0,19350.0,-70.0,16414.0,353.0,1.0,28278.0,50.0,Pass
l3307.txm,19.9531,751.0,753.0,132.0,0.0,825.0,100.0,1213.0,9423.0,9061.0,-635.0,29.0,16604.0,19312.0,472.0,16250.0,358.0,0.0,28278.0,49.0,Pass
l3307.txm,20.9844,752.0,753.0,132.0,0.0,841.0,100.0,1232.0,9378.0,9020.0,-682.0,31.0,16426.0,19340.0,-27.0,16540.0,356.0,1.0,28272.0,49.0,Pass
l3307.txm,21.9844,751.0,753.0,134.0,0.0,841.0,102.0,1231.0,9415.0,9005.0,-1448.0,29.0,17087.0,19256.0,5.0,16366.0,351.0,0.0,28140.0,49.0,Pass
l3307.txm,23.0156,752.0,753.0,136.0,0.0,848.0,101.0,1222.0,9419.0,8990.0,-683.0,29.0,16647.0,19268.0,62.0,16714.0,348.0,1.0,28254.0,49.0,Pass
l3307.txm,24.0313,752.0,753.0,133.0,0.0,849.0,101.0,1234.0,9442.0,8972.0,-1673.0,29.0,16708.0,19294.0,-67.0,16536.0,342.0,0.0,28268.0,49.0,Pass
l3307.txm,25.0625,752.0,754.0,134.0,0.0,864.0,101.0,1225.0,9449.0,8968.0,-934.0,29.0,16936.0,19274.0,462.0,16178.0,339.0,1.0,28310.0,49.0,Pass
l3307.txm,26.1875,751.0,755.0,132.0,0.0,868.0,100.0,1233.0,9389.0,9023.0,-818.0,29.0,16877.0,19272.0,-10.0,16348.0,348.0,1.0,28322.0,49.0,Pass
l3307.txm,27.1719,751.0,753.0,134.0,0.0,876.0,100.0,1223.0,9414.0,9020.0,-931.0,29.0,16818.0,19120.0,-388.0,16824.0,346.0,0.0,28336.0,49.0,Pass
l3307.txm,28.2031,752.0,754.0,134.0,0.0,884.0,100.0,1233.0,9439.0,8958.0,-2466.0,28.0,16871.0,19182.0,123.0,15896.0,353.0,0.0,28306.0,49.0,Pass
l3307.txm,29.2187,751.0,753.0,133.0,0.0,879.0,101.0,1222.0,9418.0,8972.0,-1311.0,28.0,16830.0,19278.0,-492.0,16608.0,343.0,1.0,28344.0,49.0,Pass
l3307.txm,30.2344,751.0,754.0,131.0,0.0,879.0,102.0,1232.0,9426.0,8973.0,-1731.0,28.0,16497.0,19192.0,1178.0,16002.0,354.0,1.0,28348.0,49.0,Pass
l3307.txm,31.25,752.0,753.0,135.0,0.0,886.0,101.0,1224.0,9415.0,8944.0,-1859.0,30.0,15738.0,19168.0,-8.0,16684.0,349.0,0.0,28300.0,49.0,Pass
l3307.txm,32.2813,752.0,753.0,135.0,0.0,880.0,101.0,1231.0,9382.0,9029.0,-1233.0,28.0,16695.0,19136.0,-560.0,16538.0,349.0,0.0,28316.0,49.0,Pass
l3307.txm,33.2969,751.0,753.0,133.0,0.0,880.0,100.0,1230.0,9461.0,8947.0,-1774.0,27.0,16506.0,19160.0,192.0,16762.0,351.0,1.0,28350.0,49.0,Pass
l3307.txm,34.3125,752.0,753.0,137.0,0.0,890.0,101.0,1230.0,9400.0,9024.0,-543.0,27.0,16534.0,19204.0,798.0,16268.0,356.0,0.0,28368.0,49.0,Pass
l3307.txm,35.3281,751.0,753.0,133.0,0.0,888.0,101.0,1231.0,9442.0,8947.0,-1580.0,27.0,16570.0,19124.0,-69.0,16632.0,347.0,1.0,28316.0,49.0,Pass
l3307.txm,36.3594,752.0,753.0,133.0,0.0,882.0,101.0,1221.0,9470.0,8947.0,160.0,27.0,16583.0,19078.0,86.0,16822.0,350.0,0.0,28332.0,49.0,Pass
l3307.txm,37.375,752.0,753.0,132.0,0.0,885.0,100.0,1232.0,9455.0,8936.0,-584.0,27.0,16642.0,19080.0,-412.0,16812.0,343.0,1.0,28322.0,49.0,Pass
l3307.txm,38.4219,751.0,753.0,133.0,0.0,884.0,100.0,1221.0,9481.0,8990.0,-162.0,27.0,16383.0,19118.0,-404.0,16120.0,349.0,1.0,28322.0,49.0,Pass
l3307.txm,39.4062,752.0,754.0,133.0,0.0,881.0,100.0,1233.0,9412.0,9018.0,-1087.0,28.0,16933.0,19130.0,-273.0,16704.0,343.0,0.0,28356.0,49.0,Pass
l3307.txm,40.4375,752.0,754.0,133.0,0.0,886.0,102.0,1223.0,9413.0,8933.0,-1056.0,29.0,15962.0,19232.0,-435.0,16596.0,350.0,1.0,28316.0,49.0,Pass
l3307.txm,41.4687,752.0,753.0,131.0,0.0,878.0,101.0,1231.0,9446.0,8974.0,-1519.0,27.0,16834.0,19240.0,-77.0,16588.0,347.0,1.0,28310.0,49.0,Pass
l3307.txm,42.4687,752.0,754.0,132.0,0.0,894.0,100.0,1225.0,9457.0,8982.0,-1902.0,29.0,15761.0,19136.0,37.0,16424.0,345.0,0.0,28302.0,49.0,Pass
l3307.txm,43.5,752.0,755.0,132.0,0.0,888.0,100.0,1231.0,9398.0,9054.0,-2284.0,27.0,16693.0,19182.0,123.0,16354.0,356.0,0.0,28302.0,49.0,Pass
l3307.txm,44.5156,752.0,754.0,132.0,0.0,882.0,101.0,1222.0,9394.0,8991.0,224.0,29.0,15929.0,19176.0,-300.0,16742.0,346.0,0.0,28290.0,49.0,Pass
l3307.txm,45.5625,752.0,754.0,133.0,0.0,881.0,100.0,1233.0,9412.0,9000.0,-2458.0,27.0,16494.0,19090.0,143.0,16548.0,345.0,0.0,28332.0,49.0,Pass
l3307.txm,46.5469,752.0,753.0,136.0,0.0,881.0,101.0,1227.0,9370.0,9035.0,-2982.0,29.0,15819.0,19244.0,1052.0,16452.0,342.0,0.0,28342.0,49.0,Pass
l3307.txm,47.5781,752.0,753.0,133.0,0.0,882.0,101.0,1231.0,9420.0,8988.0,-849.0,28.0,16404.0,19060.0,-264.0,16846.0,348.0,0.0,28338.0,49.0,Pass
l3307.txm,48.5937,752.0,753.0,132.0,0.0,877.0,100.0,1230.0,9459.0,9000.0,-579.0,27.0,16822.0,19112.0,886.0,16534.0,351.0,0.0,28308.0,49.0,Pass
l3307.txm,49.625,752.0,753.0,134.0,0.0,877.0,101.0,1230.0,9392.0,9014.0,-2517.0,27.0,16545.0,19214.0,-413.0,16690.0,351.0,0.0,28342.0,49.0,Pass
l3307.txm,50.625,751.0,753.0,133.0,0.0,874.0,101.0,1231.0,9487.0,8981.0,-1163.0,27.0,16369.0,19086.0,154.0,16236.0,356.0,0.0,28326.0,49.0,Pass
l3307.txm,51.6562,751.0,752.0,132.0,0.0,857.0,101.0,1224.0,9439.0,8965.0,-2471.0,27.0,16356.0,19134.0,-3.0,16468.0,347.0,0.0,28292.0,49.0,Pass
l3307.txm,52.7031,752.0,753.0,133.0,0.0,854.0,101.0,1228.0,9419.0,8983.0,-1184.0,29.0,16082.0,19216.0,686.0,16354.0,354.0,0.0,28330.0,49.0,Pass
l3307.txm,53.7031,751.0,752.0,131.0,0.0,767.0,101.0,1236.0,9440.0,9019.0,-974.0,27.0,16572.0,19170.0,-714.0,16870.0,341.0,0.0,28198.0,49.0,Pass
l3307.txm,54.7031,752.0,753.0,130.0,0.0,641.0,100.0,1243.0,9435.0,8984.0,383.0,27.0,16418.0,19340.0,-718.0,16870.0,345.0,0.0,28080.0,50.0,Pass
l3307.txm,55.7344,752.0,753.0,133.0,0.0,519.0,100.0,1230.0,9414.0,9024.0,880.0,28.0,16650.0,19522.0,-91.0,16814.0,344.0,0.0,28016.0,50.0,Pass
l3307.txm,56.8125,752.0,754.0,131.0,0.0,417.0,100.0,1229.0,9412.0,9008.0,444.0,29.0,15989.0,19708.0,-353.0,16350.0,350.0,0.0,27816.0,50.0,Pass
l3307.txm,9.71875,751.0,753.0,134.0,0.0,343.0,101.0,1299.0,9458.0,8961.0,-445.0,31.0,16617.0,19810.0,-545.0,16914.0,348.0,0.0,27786.0,49.0,Pass
l3308.txm,9.71875,751.0,753.0,134.0,0.0,343.0,101.0,1299.0,9458.0,8961.0,-445.0,31.0,16617.0,19810.0,-545.0,16914.0,348.0,0.0,27786.0,49.0,Pass
l3308.txm,10.7344,751.0,753.0,133.0,0.0,328.0,99.0,1297.0,9422.0,8976.0,-1018.0,31.0,16508.0,19948.0,149.0,16564.0,342.0,0.0,27830.0,49.0,Pass
l3308.txm,11.7656,751.0,754.0,132.0,0.0,322.0,101.0,1293.0,9413.0,9015.0,-1129.0,31.0,16427.0,19946.0,-493.0,16642.0,345.0,0.0,27830.0,49.0,Pass
l3308.txm,12.7813,751.0,753.0,133.0,0.0,320.0,101.0,1242.0,9472.0,8982.0,266.0,30.0,16815.0,19908.0,-1183.0,16790.0,349.0,0.0,27566.0,51.0,Pass
l3308.txm,13.7969,751.0,753.0,134.0,1.0,438.0,101.0,1195.0,9491.0,8928.0,1060.0,31.0,16254.0,19982.0,1334.0,15380.0,351.0,1.0,28050.0,50.0,Pass
l3308.txm,14.8438,751.0,752.0,133.0,0.0,872.0,99.0,1193.0,9386.0,8980.0,-2633.0,30.0,16202.0,19118.0,612.0,16778.0,345.0,0.0,28456.0,49.0,Pass
l3308.txm,15.8438,751.0,752.0,133.0,0.0,916.0,101.0,1233.0,9457.0,8965.0,-1655.0,31.0,16398.0,19268.0,-558.0,16658.0,350.0,0.0,28332.0,48.0,Pass
l3308.txm,16.8438,751.0,754.0,132.0,0.0,834.0,100.0,1250.0,9441.0,9015.0,633.0,30.0,16378.0,19372.0,-967.0,16714.0,347.0,0.0,28208.0,49.0,Pass
l3308.txm,17.875,751.0,753.0,133.0,0.0,716.0,100.0,1257.0,9402.0,9017.0,794.0,30.0,16805.0,19290.0,75.0,16524.0,344.0,0.0,28280.0,49.0,Pass
l3308.txm,18.8906,751.0,752.0,136.0,0.0,825.0,102.0,1201.0,9451.0,8974.0,-168.0,30.0,16569.0,19216.0,-70.0,16666.0,344.0,0.0,28150.0,50.0,Pass
l3308.txm,19.9219,752.0,752.0,134.0,0.0,845.0,100.0,1235.0,9416.0,8996.0,-1377.0,30.0,16404.0,19418.0,83.0,16852.0,348.0,0.0,28152.0,49.0,Pass
l3308.txm,20.9375,751.0,752.0,132.0,0.0,844.0,100.0,1233.0,9413.0,9006.0,-1224.0,28.0,17037.0,19226.0,121.0,16792.0,353.0,0.0,28142.0,49.0,Pass
l3308.txm,21.9531,752.0,753.0,132.0,0.0,845.0,102.0,1229.0,9430.0,8981.0,-1182.0,29.0,16649.0,19284.0,-280.0,16820.0,343.0,1.0,28290.0,49.0,Pass
l3308.txm,22.9688,751.0,754.0,133.0,0.0,860.0,100.0,1232.0,9426.0,9003.0,-141.0,29.0,16857.0,19404.0,-296.0,16534.0,350.0,0.0,28292.0,49.0,Pass
l3308.txm,24.0,751.0,754.0,133.0,0.0,860.0,100.0,1230.0,9417.0,9036.0,-749.0,28.0,16690.0,19412.0,344.0,16566.0,349.0,0.0,28282.0,49.0,Pass
l3308.txm,25.0625,751.0,752.0,131.0,0.0,871.0,101.0,1225.0,9445.0,8970.0,-879.0,29.0,16788.0,19194.0,-48.0,16686.0,351.0,0.0,28294.0,49.0,Pass
l3308.txm,26.0313,752.0,753.0,132.0,0.0,877.0,100.0,1227.0,9418.0,9026.0,-1504.0,29.0,17010.0,19318.0,-292.0,16792.0,350.0,1.0,28362.0,49.0,Pass
l3308.txm,27.0625,752.0,753.0,134.0,0.0,887.0,101.0,1230.0,9403.0,9012.0,-347.0,28.0,16807.0,19116.0,95.0,16462.0,343.0,0.0,28312.0,49.0,Pass
l3308.txm,28.0781,751.0,752.0,137.0,0.0,882.0,100.0,1229.0,9419.0,8997.0,-1213.0,28.0,16707.0,19194.0,-76.0,16456.0,355.0,0.0,28290.0,49.0,Pass
l3308.txm,29.1094,752.0,754.0,135.0,0.0,886.0,101.0,1228.0,9436.0,9020.0,-1225.0,28.0,17017.0,19052.0,-262.0,16422.0,343.0,0.0,28302.0,49.0,Pass
l3308.txm,30.1094,752.0,754.0,132.0,0.0,883.0,100.0,1226.0,9465.0,8949.0,-1074.0,28.0,16783.0,19326.0,85.0,16406.0,350.0,0.0,28314.0,49.0,Pass
l3308.txm,31.1406,752.0,754.0,127.0,0.0,881.0,101.0,1228.0,9402.0,8997.0,-2663.0,27.0,16716.0,19194.0,102.0,16612.0,342.0,1.0,28302.0,49.0,Pass
l3308.txm,32.1563,751.0,754.0,134.0,0.0,888.0,102.0,1229.0,9477.0,8978.0,-1500.0,28.0,16977.0,19326.0,52.0,16606.0,354.0,0.0,28284.0,49.0,Pass
l3308.txm,33.2031,752.0,754.0,134.0,0.0,880.0,102.0,1225.0,9450.0,8985.0,-2702.0,27.0,16773.0,19252.0,-66.0,16880.0,347.0,0.0,28358.0,49.0,Pass
l3308.txm,34.2188,752.0,753.0,129.0,0.0,884.0,100.0,1229.0,9446.0,8969.0,-2835.0,27.0,16852.0,19192.0,170.0,16472.0,346.0,0.0,28354.0,49.0,Pass
l3308.txm,35.2344,752.0,754.0,132.0,0.0,887.0,100.0,1226.0,9478.0,8990.0,-1465.0,27.0,16810.0,19074.0,-288.0,16250.0,353.0,1.0,28368.0,49.0,Pass
l3308.txm,36.25,752.0,753.0,132.0,0.0,885.0,101.0,1227.0,9448.0,8970.0,-1929.0,27.0,16462.0,19058.0,336.0,15866.0,351.0,0.0,28360.0,49.0,Pass
l3308.txm,37.2813,751.0,753.0,137.0,0.0,887.0,101.0,1229.0,9462.0,8944.0,-2600.0,27.0,16455.0,19160.0,216.0,15914.0,349.0,0.0,28370.0,49.0,Pass
l3308.txm,38.2812,752.0,753.0,133.0,0.0,887.0,101.0,1230.0,9455.0,8955.0,-1619.0,27.0,16566.0,19078.0,970.0,16344.0,348.0,1.0,28408.0,49.0,Pass
l3308.txm,39.3125,752.0,753.0,138.0,0.0,885.0,101.0,1227.0,9472.0,8952.0,-2484.0,27.0,16487.0,19074.0,87.0,16636.0,348.0,0.0,28366.0,49.0,Pass
l3308.txm,40.3281,752.0,754.0,136.0,0.0,885.0,101.0,1225.0,9483.0,8968.0,-542.0,27.0,17066.0,19066.0,-52.0,16498.0,345.0,1.0,28348.0,49.0,Pass
l3308.txm,41.3594,752.0,753.0,135.0,0.0,883.0,101.0,1226.0,9486.0,8953.0,-2026.0,27.0,16857.0,19202.0,940.0,16568.0,351.0,0.0,28286.0,49.0,Pass
l3308.txm,42.3906,752.0,753.0,132.0,0.0,878.0,101.0,1227.0,9426.0,9022.0,-1530.0,27.0,16778.0,19186.0,65.0,16532.0,358.0,1.0,28306.0,49.0,Pass
l3308.txm,43.3906,752.0,754.0,133.0,0.0,880.0,101.0,1227.0,9429.0,8984.0,-2151.0,27.0,16924.0,19302.0,-335.0,16604.0,348.0,1.0,28382.0,49.0,Pass
l3308.txm,44.4531,752.0,752.0,131.0,0.0,884.0,101.0,1228.0,9479.0,8949.0,-1593.0,27.0,16451.0,19024.0,114.0,16760.0,346.0,1.0,28308.0,49.0,Pass
l3308.txm,45.4375,751.0,753.0,132.0,0.0,879.0,100.0,1227.0,9432.0,8977.0,-1994.0,27.0,16848.0,19334.0,1038.0,16606.0,359.0,1.0,28304.0,49.0,Pass
l3308.txm,46.4531,752.0,755.0,136.0,0.0,879.0,101.0,1228.0,9486.0,8938.0,-2114.0,27.0,16922.0,19054.0,-92.0,16256.0,349.0,1.0,28290.0,49.0,Pass
l3308.txm,47.4687,752.0,753.0,131.0,0.0,876.0,101.0,1230.0,9462.0,8983.0,-615.0,27.0,16516.0,19220.0,1400.0,16834.0,346.0,0.0,28362.0,49.0,Pass
l3308.txm,48.5,752.0,754.0,132.0,0.0,881.0,100.0,1225.0,9410.0,9033.0,-1548.0,28.0,16598.0,19246.0,296.0,16586.0,343.0,0.0,28314.0,49.0,Pass
l3308.txm,49.5156,751.0,753.0,134.0,0.0,868.0,100.0,1227.0,9399.0,9019.0,-2157.0,27.0,16831.0,19206.0,-8.0,16930.0,336.0,0.0,28286.0,49.0,Pass
l3308.txm,50.5469,752.0,753.0,132.0,0.0,876.0,100.0,1228.0,9401.0,9002.0,-1527.0,28.0,16826.0,19278.0,65.0,16722.0,340.0,0.0,28372.0,49.0,Pass
l3308.txm,51.5937,752.0,753.0,139.0,0.0,866.0,100.0,1230.0,9417.0,9018.0,-2635.0,27.0,16628.0,19128.0,1.0,16840.0,346.0,0.0,28282.0,49.0,Pass
l3308.txm,52.5781,752.0,752.0,134.0,0.0,827.0,101.0,1229.0,9434.0,9029.0,355.0,27.0,16359.0,19174.0,300.0,15942.0,352.0,1.0,28322.0,49.0,Pass
l3308.txm,53.5937,752.0,753.0,137.0,0.0,698.0,101.0,1241.0,9476.0,8931.0,-497.0,28.0,16492.0,19210.0,-968.0,16726.0,347.0,1.0,28088.0,49.0,Pass
l3308.txm,54.6094,752.0,754.0,135.0,1.0,582.0,101.0,1237.0,9451.0,8975.0,1271.0,28.0,16601.0,19418.0,-622.0,17054.0,344.0,0.0,28098.0,50.0,Pass
l3308.txm,55.6719,752.0,753.0,135.0,0.0,466.0,101.0,1231.0,9459.0,8943.0,-801.0,29.0,16302.0,19582.0,-419.0,16648.0,355.0,0.0,27950.0,50.0,Pass
l3308.txm,10.2188,752.0,753.0,132.0,0.0,348.0,99.0,1298.0,9467.0,8948.0,-367.0,30.0,16691.0,19812.0,-356.0,16720.0,346.0,0.0,27896.0,49.0,Pass
l3309.txm,10.2188,752.0,753.0,132.0,0.0,348.0,99.0,1298.0,9467.0,8948.0,-367.0,30.0,16691.0,19812.0,-356.0,16720.0,346.0,0.0,27896.0,49.0,Pass
l3309.txm,11.2344,751.0,753.0,133.0,0.0,336.0,99.0,1296.0,9465.0,8956.0,-1209.0,30.0,16547.0,19866.0,-286.0,16932.0,350.0,0.0,27824.0,49.0,Pass
l3309.txm,12.2656,751.0,752.0,133.0,0.0,325.0,100.0,1292.0,9446.0,8960.0,-1286.0,31.0,16574.0,19954.0,65.0,16380.0,349.0,0.0,27818.0,49.0,Pass
l3309.txm,13.2656,751.0,754.0,132.0,0.0,320.0,101.0,1264.0,9415.0,9046.0,301.0,31.0,16806.0,19998.0,-665.0,17054.0,347.0,0.0,27670.0,50.0,Pass
l3309.txm,14.2969,751.0,754.0,136.0,0.0,325.0,99.0,1204.0,9483.0,8995.0,221.0,29.0,17279.0,20086.0,62.0,15860.0,360.0,1.0,27582.0,51.0,Pass
l3309.txm,15.3125,751.0,752.0,134.0,0.0,794.0,102.0,1184.0,9399.0,8983.0,45.0,31.0,16509.0,19232.0,500.0,16446.0,350.0,0.0,28402.0,50.0,Pass
l3309.txm,16.3437,752.0,752.0,134.0,0.0,913.0,100.0,1218.0,9466.0,8969.0,-2400.0,30.0,16136.0,19262.0,-28.0,16662.0,351.0,0.0,28406.0,48.0,Pass
l3309.txm,17.3594,751.0,753.0,132.0,0.0,896.0,101.0,1240.0,9467.0,9028.0,-129.0,30.0,17039.0,19330.0,-329.0,16804.0,347.0,0.0,28342.0,48.0,Pass
l3309.txm,18.375,751.0,754.0,133.0,0.0,724.0,100.0,1263.0,9471.0,8973.0,396.0,29.0,16258.0,19550.0,-1032.0,16266.0,348.0,0.0,28220.0,49.0,Pass
l3309.txm,19.3906,751.0,753.0,136.0,0.0,828.0,101.0,1196.0,9422.0,8989.0,-946.0,29.0,16898.0,19580.0,1426.0,16350.0,355.0,0.0,28282.0,50.0,Pass
l3309.txm,20.4219,751.0,752.0,134.0,0.0,836.0,100.0,1233.0,9462.0,8934.0,-2090.0,30.0,16227.0,19408.0,-483.0,16976.0,348.0,0.0,28286.0,49.0,Pass
l3309.txm,21.4531,752.0,754.0,133.0,0.0,850.0,100.0,1237.0,9465.0,8964.0,-1137.0,31.0,16184.0,19344.0,-46.0,16658.0,352.0,0.0,28280.0,49.0,Pass
l3309.txm,22.4531,751.0,753.0,135.0,0.0,847.0,101.0,1224.0,9399.0,9009.0,-1416.0,31.0,16475.0,19322.0,-388.0,16380.0,356.0,0.0,28286.0,49.0,Pass
l3309.txm,23.4844,751.0,752.0,132.0,0.0,850.0,100.0,1235.0,9479.0,8965.0,-1122.0,29.0,16604.0,19406.0,322.0,16328.0,351.0,0.0,28298.0,49.0,Pass
l3309.txm,24.5,752.0,753.0,133.0,0.0,862.0,101.0,1226.0,9438.0,8940.0,-829.0,30.0,16393.0,19430.0,-270.0,16398.0,351.0,0.0,28146.0,49.0,Pass
l3309.txm,25.5625,751.0,752.0,134.0,0.0,872.0,101.0,1232.0,9484.0,8975.0,-1517.0,28.0,16999.0,19428.0,45.0,16394.0,343.0,1.0,28292.0,49.0,Pass
l3309.txm,26.5625,751.0,753.0,133.0,0.0,884.0,101.0,1222.0,9452.0,8975.0,-1282.0,31.0,16210.0,19120.0,83.0,16596.0,347.0,0.0,28364.0,49.0,Pass
l3309.txm,27.5781,751.0,753.0,135.0,0.0,882.0,100.0,1232.0,9472.0,8939.0,-2077.0,28.0,16490.0,19222.0,332.0,15954.0,355.0,1.0,28380.0,49.0,Pass
l3309.txm,28.5937,751.0,754.0,131.0,0.0,884.0,100.0,1222.0,9401.0,8989.0,-1501.0,30.0,16274.0,19338.0,148.0,16432.0,343.0,0.0,28356.0,49.0,Pass
l3309.txm,29.625,752.0,753.0,133.0,0.0,889.0,101.0,1236.0,9419.0,8971.0,-1229.0,28.0,16855.0,19384.0,-380.0,16468.0,348.0,0.0,28390.0,49.0,Pass
l3309.txm,30.6406,751.0,753.0,132.0,0.0,885.0,100.0,1223.0,9476.0,8934.0,-2091.0,29.0,16603.0,18980.0,-409.0,16798.0,349.0,1.0,28350.0,49.0,Pass
l3309.txm,31.6563,752.0,753.0,134.0,0.0,894.0,100.0,1234.0,9410.0,9001.0,-1149.0,28.0,16928.0,19276.0,62.0,16826.0,349.0,1.0,28336.0,49.0,Pass
l3309.txm,32.7031,752.0,754.0,129.0,0.0,894.0,101.0,1225.0,9412.0,8945.0,-1895.0,29.0,16116.0,19112.0,-14.0,16444.0,351.0,1.0,28296.0,49.0,Pass
l3309.txm,33.7031,751.0,752.0,132.0,0.0,894.0,101.0,1231.0,9480.0,8970.0,-1112.0,27.0,16665.0,19114.0,-342.0,16638.0,348.0,1.0,28278.0,49.0,Pass
l3309.txm,34.7187,751.0,753.0,134.0,0.0,890.0,100.0,1225.0,9453.0,8944.0,-1795.0,28.0,16902.0,19254.0,-65.0,16834.0,341.0,0.0,28154.0,49.0,Pass
l3309.txm,35.7344,752.0,753.0,135.0,0.0,886.0,102.0,1224.0,9465.0,8999.0,-1275.0,28.0,16528.0,19034.0,41.0,16552.0,342.0,0.0,28150.0,49.0,Pass
l3309.txm,36.75,752.0,753.0,129.0,0.0,890.0,100.0,1228.0,9493.0,8954.0,-1553.0,27.0,16486.0,19000.0,1238.0,16324.0,353.0,0.0,28150.0,49.0,Pass
l3309.txm,37.7813,751.0,753.0,134.0,0.0,889.0,101.0,1230.0,9437.0,8980.0,-3337.0,27.0,16645.0,18982.0,-510.0,16878.0,347.0,1.0,28354.0,49.0,Pass
l3309.txm,38.8125,752.0,755.0,133.0,0.0,891.0,100.0,1229.0,9462.0,8982.0,-1144.0,28.0,16363.0,18998.0,-358.0,16604.0,356.0,0.0,28342.0,49.0,Pass
l3309.txm,39.8125,752.0,753.0,137.0,0.0,888.0,101.0,1229.0,9405.0,9013.0,-802.0,27.0,16978.0,19020.0,135.0,16760.0,354.0,1.0,28324.0,49.0,Pass
l3309.txm,40.8437,752.0,753.0,135.0,0.0,888.0,101.0,1230.0,9449.0,9033.0,-863.0,28.0,16409.0,19076.0,27.0,16444.0,346.0,0.0,28310.0,49.0,Pass
l3309.txm,41.8594,752.0,754.0,135.0,0.0,890.0,101.0,1229.0,9463.0,8962.0,-1849.0,27.0,16510.0,19200.0,-410.0,16172.0,350.0,0.0,28292.0,49.0,Pass
l3309.txm,42.8906,752.0,754.0,132.0,0.0,888.0,101.0,1228.0,9425.0,9027.0,-1414.0,27.0,16512.0,19154.0,278.0,16838.0,348.0,0.0,28292.0,49.0,Pass
l3309.txm,43.8906,751.0,752.0,136.0,0.0,883.0,100.0,1227.0,9456.0,8969.0,-2228.0,27.0,16847.0,19138.0,-341.0,16490.0,358.0,1.0,28154.0,49.0,Pass
l3309.txm,44.9531,752.0,753.0,133.0,0.0,890.0,101.0,1229.0,9468.0,9007.0,-1545.0,27.0,16539.0,19112.0,822.0,16670.0,353.0,0.0,28398.0,49.0,Pass
l3309.txm,45.9687,751.0,754.0,133.0,0.0,880.0,101.0,1230.0,9400.0,9019.0,-613.0,28.0,16420.0,19098.0,504.0,15926.0,361.0,0.0,28348.0,49.0,Pass
l3309.txm,46.9844,752.0,753.0,132.0,0.0,883.0,100.0,1230.0,9407.0,9043.0,-2060.0,28.0,16341.0,19242.0,-577.0,16250.0,356.0,1.0,28344.0,49.0,Pass
l3309.txm,48.0,751.0,753.0,134.0,0.0,877.0,100.0,1228.0,9448.0,8996.0,-1968.0,27.0,16656.0,19076.0,1178.0,16072.0,347.0,0.0,28390.0,49.0,Pass
l3309.txm,49.0312,752.0,753.0,134.0,0.0,877.0,100.0,1230.0,9431.0,8994.0,-875.0,27.0,16507.0,19076.0,-6.0,16762.0,352.0,0.0,28380.0,49.0,Pass
l3309.txm,50.0469,751.0,753.0,132.0,0.0,877.0,100.0,1230.0,9480.0,8929.0,-1320.0,28.0,16355.0,19232.0,8.0,16926.0,348.0,0.0,28288.0,49.0,Pass
l3309.txm,51.0625,752.0,753.0,137.0,0.0,872.0,100.0,1230.0,9425.0,9016.0,-2385.0,28.0,16805.0,19204.0,-340.0,16142.0,349.0,1.0,28152.0,49.0,Pass
l3309.txm,52.125,752.0,755.0,133.0,0.0,876.0,101.0,1231.0,9480.0,8966.0,-809.0,28.0,16269.0,19136.0,99.0,16882.0,350.0,1.0,28366.0,49.0,Pass
l3309.txm,53.1094,751.0,753.0,136.0,0.0,866.0,101.0,1231.0,9432.0,9002.0,-686.0,28.0,16502.0,19146.0,-53.0,16948.0,354.0,0.0,28358.0,49.0,Pass
l3309.txm,54.1406,751.0,751.0,134.0,0.0,820.0,101.0,1229.0,9452.0,8987.0,154.0,28.0,16831.0,19164.0,828.0,16764.0,356.0,0.0,28280.0,49.0,Pass
l3309.txm,55.1406,752.0,754.0,133.0,0.0,713.0,100.0,1242.0,9511.0,8983.0,-366.0,27.0,16445.0,19312.0,-369.0,16260.0,356.0,0.0,28154.0,49.0,Pass
l3309.txm,56.1719,752.0,753.0,134.0,0.0,571.0,100.0,1235.0,9475.0,8943.0,-372.0,28.0,16315.0,19420.0,-923.0,16830.0,346.0,0.0,28054.0,50.0,Pass
l3309.txm,9.70312,751.0,753.0,135.0,0.0,351.0,100.0,1296.0,9471.0,8943.0,-948.0,30.0,17001.0,19812.0,-403.0,17044.0,351.0,0.0,27818.0,49.0,Pass
l3310.txm,9.70312,751.0,753.0,135.0,0.0,351.0,100.0,1296.0,9471.0,8943.0,-948.0,30.0,17001.0,19812.0,-403.0,17044.0,351.0,0.0,27818.0,49.0,Pass
l3310.txm,10.7187,751.0,753.0,131.0,0.0,333.0,100.0,1292.0,9430.0,9026.0,-1671.0,30.0,16681.0,19962.0,-56.0,16216.0,357.0,0.0,27810.0,49.0,Pass
l3310.txm,11.7344,751.0,753.0,132.0,0.0,325.0,100.0,1291.0,9396.0,9027.0,-1466.0,30.0,16432.0,19960.0,590.0,16780.0,350.0,0.0,27832.0,49.0,Pass
l3310.txm,12.75,751.0,752.0,133.0,0.0,323.0,100.0,1254.0,9434.0,9056.0,103.0,30.0,16905.0,20076.0,-415.0,16880.0,351.0,0.0,27598.0,50.0,Pass
l3310.txm,13.7812,751.0,753.0,134.0,1.0,366.0,100.0,1202.0,9426.0,9045.0,773.0,30.0,16665.0,20048.0,31.0,15676.0,349.0,1.0,27634.0,50.0,Pass
l3310.txm,14.7969,751.0,754.0,134.0,0.0,867.0,102.0,1192.0,9434.0,8940.0,-2084.0,31.0,16137.0,19216.0,-699.0,16976.0,356.0,0.0,28222.0,49.0,Pass
l3310.txm,15.8125,751.0,752.0,135.0,0.0,912.0,101.0,1227.0,9421.0,9035.0,-2351.0,29.0,17072.0,19156.0,-538.0,16408.0,355.0,0.0,28104.0,48.0,Pass
l3310.txm,16.8281,751.0,752.0,135.0,0.0,869.0,101.0,1242.0,9481.0,8997.0,-1038.0,29.0,16710.0,19470.0,38.0,16226.0,348.0,0.0,28078.0,49.0,Pass
l3310.txm,17.8594,751.0,753.0,132.0,0.0,698.0,100.0,1260.0,9475.0,8959.0,324.0,29.0,16739.0,19486.0,27.0,16216.0,356.0,0.0,28112.0,49.0,Pass
l3310.txm,18.9062,751.0,753.0,134.0,0.0,834.0,101.0,1192.0,9432.0,8982.0,222.0,28.0,17264.0,19378.0,-83.0,16538.0,343.0,0.0,28294.0,50.0,Pass
l3310.txm,19.9219,752.0,753.0,130.0,0.0,836.0,101.0,1236.0,9488.0,8944.0,-1518.0,29.0,16814.0,19202.0,-90.0,16550.0,346.0,0.0,28286.0,49.0,Pass
l3310.txm,20.9531,752.0,752.0,133.0,0.0,846.0,101.0,1231.0,9456.0,8952.0,-1434.0,28.0,16755.0,19338.0,-328.0,16532.0,348.0,0.0,28156.0,49.0,Pass
l3310.txm,21.9688,751.0,753.0,135.0,0.0,847.0,100.0,1226.0,9442.0,9012.0,-527.0,28.0,16974.0,19422.0,-447.0,16738.0,360.0,0.0,28326.0,49.0,Pass
l3310.txm,23.0,752.0,753.0,133.0,0.0,850.0,100.0,1229.0,9467.0,8962.0,-735.0,29.0,16857.0,19322.0,578.0,16458.0,353.0,0.0,28318.0,49.0,Pass
l3310.txm,24.0156,752.0,754.0,133.0,0.0,864.0,101.0,1229.0,9447.0,8972.0,-1360.0,28.0,16646.0,19420.0,93.0,16482.0,356.0,0.0,28146.0,49.0,Pass
l3310.txm,25.0469,751.0,754.0,132.0,0.0,873.0,100.0,1226.0,9480.0,8948.0,-1277.0,28.0,16966.0,19372.0,142.0,16716.0,352.0,1.0,28308.0,49.0,Pass
l3310.txm,26.0938,751.0,753.0,133.0,0.0,879.0,101.0,1228.0,9458.0,8960.0,-1329.0,28.0,16940.0,19306.0,1088.0,15922.0,344.0,1.0,28150.0,49.0,Pass
l3310.txm,27.0937,752.0,753.0,134.0,0.0,883.0,101.0,1225.0,9446.0,8955.0,-996.0,29.0,16823.0,19316.0,-399.0,16838.0,348.0,0.0,28344.0,49.0,Pass
l3310.txm,28.1094,751.0,753.0,134.0,0.0,886.0,100.0,1226.0,9447.0,8961.0,-1251.0,28.0,16498.0,19092.0,-63.0,16792.0,349.0,1.0,28322.0,49.0,Pass
l3310.txm,29.125,751.0,752.0,135.0,0.0,884.0,101.0,1223.0,9402.0,8978.0,-1271.0,28.0,16771.0,19298.0,524.0,16318.0,356.0,0.0,28348.0,49.0,Pass
l3310.txm,30.1406,752.0,754.0,133.0,0.0,889.0,101.0,1231.0,9432.0,9008.0,-808.0,28.0,17029.0,19026.0,46.0,16176.0,351.0,1.0,28318.0,49.0,Pass
l3310.txm,31.1719,751.0,754.0,136.0,0.0,887.0,101.0,1228.0,9417.0,8986.0,-242.0,27.0,16986.0,19140.0,-360.0,15944.0,346.0,1.0,28280.0,49.0,Pass
l3310.txm,32.1719,751.0,754.0,135.0,0.0,888.0,102.0,1226.0,9451.0,8991.0,-1539.0,27.0,16950.0,19030.0,-276.0,16618.0,343.0,0.0,28152.0,49.0,Pass
l3310.txm,33.2031,752.0,754.0,132.0,0.0,888.0,100.0,1227.0,9441.0,8961.0,-733.0,27.0,16698.0,19300.0,-338.0,16666.0,351.0,0.0,28332.0,49.0,Pass
l3310.txm,34.2344,752.0,753.0,131.0,0.0,885.0,100.0,1228.0,9460.0,9003.0,-1072.0,28.0,16738.0,19154.0,-291.0,16470.0,350.0,0.0,28156.0,49.0,Pass
l3310.txm,35.25,751.0,752.0,132.0,0.0,890.0,101.0,1227.0,9412.0,8990.0,-1248.0,27.0,16696.0,19324.0,1200.0,16572.0,354.0,0.0,28350.0,49.0,Pass
l3310.txm,36.2812,752.0,752.0,131.0,0.0,893.0,102.0,1228.0,9465.0,8971.0,-2022.0,27.0,16394.0,19056.0,-27.0,16448.0,352.0,0.0,28306.0,49.0,Pass
l3310.txm,37.2813,752.0,753.0,132.0,0.0,886.0,100.0,1227.0,9436.0,9024.0,-284.0,27.0,16683.0,19138.0,30.0,15936.0,349.0,0.0,28344.0,49.0,Pass
l3310.txm,38.3125,752.0,752.0,136.0,0.0,886.0,101.0,1228.0,9442.0,9016.0,-1120.0,27.0,16720.0,19318.0,514.0,16590.0,350.0,1.0,28150.0,49.0,Pass
l3310.txm,39.3281,752.0,753.0,133.0,0.0,887.0,102.0,1228.0,9433.0,8973.0,-1110.0,27.0,16401.0,19326.0,147.0,16214.0,361.0,0.0,28328.0,49.0,Pass
l3310.txm,40.3437,751.0,753.0,133.0,0.0,887.0,100.0,1230.0,9404.0,9017.0,-1033.0,27.0,16673.0,19204.0,-282.0,16562.0,349.0,1.0,28290.0,49.0,Pass
l3310.txm,41.3594,752.0,753.0,132.0,0.0,889.0,101.0,1229.0,9457.0,8979.0,-377.0,27.0,16709.0,19110.0,564.0,16790.0,351.0,0.0,28356.0,49.0,Pass
l3310.txm,42.3906,752.0,753.0,134.0,0.0,888.0,101.0,1228.0,9418.0,8997.0,-2052.0,27.0,16599.0,19022.0,139.0,16588.0,351.0,0.0,28144.0,49.0,Pass
l3310.txm,43.4062,752.0,753.0,135.0,0.0,886.0,100.0,1227.0,9423.0,8991.0,-2222.0,27.0,16653.0,19052.0,502.0,16556.0,344.0,1.0,28318.0,49.0,Pass
l3310.txm,44.4375,752.0,755.0,126.0,0.0,884.0,100.0,1227.0,9451.0,8970.0,-1455.0,27.0,16299.0,19126.0,95.0,16310.0,352.0,0.0,28298.0,49.0,Pass
l3310.txm,45.5,752.0,753.0,135.0,0.0,882.0,100.0,1227.0,9411.0,9002.0,-2119.0,27.0,16630.0,19106.0,-519.0,15686.0,356.0,0.0,28354.0,49.0,Pass
l3310.txm,46.5312,752.0,753.0,133.0,0.0,884.0,100.0,1227.0,9405.0,8967.0,-2115.0,27.0,16385.0,19048.0,-1.0,16544.0,355.0,1.0,28354.0,49.0,Pass
l3310.txm,47.5469,751.0,755.0,132.0,0.0,883.0,101.0,1227.0,9404.0,9016.0,-2578.0,27.0,16561.0,19028.0,-8.0,16410.0,350.0,0.0,28284.0,49.0,Pass
l3310.txm,48.5625,752.0,753.0,137.0,0.0,881.0,101.0,1229.0,9445.0,8990.0,-2085.0,27.0,16816.0,19282.0,-334.0,16248.0,359.0,0.0,28310.0,49.0,Pass
l3310.txm,49.5937,752.0,754.0,132.0,0.0,879.0,101.0,1228.0,9423.0,9006.0,-645.0,27.0,16410.0,19120.0,870.0,16620.0,346.0,0.0,28294.0,49.0,Pass
l3310.txm,50.6094,752.0,754.0,134.0,0.0,876.0,100.0,1226.0,9455.0,8980.0,-2168.0,27.0,16533.0,19094.0,-519.0,16602.0,347.0,0.0,28362.0,49.0,Pass
l3310.txm,51.6406,752.0,753.0,134.0,0.0,873.0,101.0,1230.0,9409.0,8992.0,-385.0,28.0,16640.0,19046.0,-381.0,16898.0,349.0,0.0,28354.0,49.0,Pass
l3310.txm,52.6719,751.0,753.0,131.0,0.0,863.0,100.0,1226.0,9389.0,9026.0,-2157.0,27.0,16436.0,19186.0,77.0,16552.0,354.0,1.0,28306.0,49.0,Pass
l3310.txm,53.7656,752.0,752.0,133.0,0.0,815.0,100.0,1233.0,9442.0,8996.0,-1041.0,27.0,16725.0,19168.0,-509.0,17032.0,351.0,0.0,28300.0,49.0,Pass
l3310.txm,54.7656,752.0,753.0,133.0,0.0,666.0,100.0,1240.0,9477.0,9010.0,1054.0,28.0,16585.0,19312.0,-949.0,16464.0,351.0,0.0,28136.0,49.0,Pass
l3310.txm,55.7969,752.0,754.0,134.0,1.0,536.0,100.0,1231.0,9446.0,8947.0,88.0,29.0,16521.0,19572.0,-409.0,16718.0,350.0,0.0,28022.0,50.0,Pass
l3310.txm,8.67187,751.0,752.0,132.0,0.0,359.0,101.0,1303.0,9472.0,8967.0,-1141.0,29.0,17003.0,19802.0,-639.0,16620.0,350.0,0.0,27868.0,49.0,Pass
l3311.txm,8.67187,751.0,752.0,132.0,0.0,359.0,101.0,1303.0,9472.0,8967.0,-1141.0,29.0,17003.0,19802.0,-639.0,16620.0,350.0,0.0,27868.0,49.0,Pass
l3311.txm,9.6875,751.0,753.0,133.0,0.0,343.0,101.0,1296.0,9470.0,8987.0,-1019.0,31.0,16618.0,19846.0,-575.0,16766.0,355.0,0.0,27822.0,49.0,Pass
l3311.txm,10.7031,751.0,753.0,131.0,0.0,327.0,101.0,1292.0,9459.0,8978.0,-1519.0,31.0,16590.0,19982.0,716.0,16526.0,351.0,0.0,27770.0,49.0,Pass
l3311.txm,11.7344,751.0,753.0,132.0,0.0,320.0,101.0,1272.0,9431.0,9047.0,-125.0,31.0,16869.0,19964.0,-883.0,16660.0,347.0,0.0,27768.0,50.0,Pass
l3311.txm,12.75,751.0,753.0,133.0,0.0,320.0,101.0,1205.0,9402.0,9054.0,1370.0,29.0,16657.0,20164.0,-381.0,16442.0,342.0,1.0,27572.0,50.0,Pass
l3311.txm,13.7812,751.0,753.0,136.0,0.0,685.0,101.0,1189.0,9406.0,9026.0,229.0,30.0,17092.0,19524.0,2126.0,16690.0,346.0,0.0,28532.0,50.0,Pass
l3311.txm,14.7969,751.0,751.0,133.0,0.0,910.0,100.0,1212.0,9447.0,8968.0,-2059.0,31.0,15871.0,19266.0,-332.0,16112.0,359.0,1.0,28122.0,49.0,Pass
l3311.txm,15.8125,752.0,753.0,135.0,0.0,900.0,100.0,1243.0,9468.0,8970.0,-1403.0,31.0,16322.0,19214.0,-281.0,16206.0,351.0,0.0,28056.0,49.0,Pass
l3311.txm,16.8281,751.0,752.0,132.0,0.0,708.0,100.0,1260.0,9457.0,8966.0,371.0,29.0,16496.0,19464.0,-748.0,16164.0,359.0,0.0,28084.0,49.0,Pass
l3311.txm,17.8594,751.0,753.0,134.0,0.0,838.0,100.0,1207.0,9416.0,9040.0,-577.0,29.0,16946.0,19414.0,470.0,16274.0,341.0,0.0,28238.0,50.0,Pass
l3311.txm,18.8594,752.0,753.0,134.0,0.0,828.0,101.0,1227.0,9453.0,8949.0,-1526.0,29.0,16749.0,19400.0,-287.0,16584.0,344.0,0.0,28286.0,49.0,Pass
l3311.txm,19.8906,752.0,753.0,134.0,0.0,846.0,101.0,1232.0,9375.0,8982.0,-549.0,31.0,16360.0,19170.0,-43.0,16584.0,348.0,0.0,28136.0,49.0,Pass
l3311.txm,20.9375,751.0,752.0,131.0,0.0,850.0,100.0,1223.0,9399.0,8964.0,-443.0,31.0,15836.0,19390.0,-345.0,16328.0,344.0,0.0,28140.0,49.0,Pass
l3311.txm,21.9688,751.0,753.0,134.0,0.0,853.0,101.0,1231.0,9412.0,9029.0,-779.0,31.0,16305.0,19326.0,716.0,16610.0,355.0,0.0,28274.0,49.0,Pass
l3311.txm,22.9844,751.0,752.0,135.0,0.0,860.0,100.0,1227.0,9439.0,8974.0,-515.0,30.0,16446.0,19180.0,-413.0,16152.0,357.0,1.0,28276.0,49.0,Pass
l3311.txm,24.0,751.0,753.0,135.0,0.0,879.0,100.0,1229.0,9465.0,8925.0,-1292.0,31.0,15990.0,19410.0,472.0,16374.0,355.0,0.0,28292.0,49.0,Pass
l3311.txm,25.0156,751.0,754.0,131.0,0.0,886.0,102.0,1229.0,9461.0,8942.0,-1395.0,29.0,16491.0,19320.0,139.0,16800.0,351.0,0.0,28310.0,49.0,Pass
l3311.txm,26.0469,752.0,753.0,136.0,0.0,882.0,102.0,1228.0,9410.0,9032.0,-2148.0,29.0,16492.0,19192.0,101.0,16828.0,348.0,1.0,28430.0,49.0,Pass
l3311.txm,27.0625,752.0,753.0,126.0,0.0,885.0,101.0,1228.0,9397.0,9019.0,-2170.0,29.0,16664.0,19254.0,-1.0,16650.0,351.0,1.0,28366.0,49.0,Pass
l3311.txm,28.1094,751.0,753.0,135.0,0.0,886.0,100.0,1228.0,9402.0,9031.0,-1634.0,29.0,16467.0,19070.0,49.0,16860.0,339.0,0.0,28386.0,49.0,Pass
l3311.txm,29.1094,752.0,753.0,133.0,0.0,891.0,101.0,1227.0,9439.0,8967.0,-1443.0,29.0,16604.0,19252.0,73.0,16532.0,350.0,1.0,28382.0,49.0,Pass
l3311.txm,30.125,752.0,753.0,134.0,0.0,892.0,102.0,1227.0,9406.0,9023.0,-1743.0,29.0,16759.0,19184.0,138.0,16746.0,345.0,0.0,28346.0,49.0,Pass
l3311.txm,31.1406,751.0,752.0,134.0,0.0,886.0,100.0,1227.0,9462.0,8993.0,-1299.0,28.0,16651.0,19218.0,-385.0,16988.0,345.0,0.0,28338.0,49.0,Pass
l3311.txm,32.1563,752.0,754.0,135.0,0.0,897.0,101.0,1231.0,9443.0,8994.0,-820.0,28.0,16446.0,19014.0,21.0,16734.0,342.0,0.0,28350.0,49.0,Pass
l3311.txm,33.1875,752.0,753.0,135.0,0.0,890.0,100.0,1226.0,9471.0,8946.0,-992.0,28.0,16654.0,19242.0,119.0,16584.0,357.0,1.0,28152.0,49.0,Pass
l3311.txm,34.2031,751.0,753.0,132.0,0.0,890.0,101.0,1229.0,9420.0,9022.0,-1584.0,28.0,16682.0,19136.0,-71.0,16760.0,345.0,0.0,28350.0,49.0,Pass
l3311.txm,35.2187,752.0,754.0,135.0,0.0,890.0,100.0,1225.0,9408.0,8975.0,-1236.0,28.0,16706.0,19284.0,-440.0,16574.0,355.0,0.0,28316.0,49.0,Pass
l3311.txm,36.2344,752.0,753.0,132.0,0.0,894.0,101.0,1225.0,9413.0,8995.0,-1465.0,28.0,16793.0,19046.0,-54.0,16638.0,348.0,0.0,28358.0,49.0,Pass
l3311.txm,37.2656,752.0,753.0,135.0,0.0,895.0,101.0,1230.0,9409.0,9042.0,-2505.0,28.0,16679.0,19250.0,-258.0,16762.0,356.0,1.0,28148.0,49.0,Pass
l3311.txm,38.2812,751.0,753.0,132.0,0.0,893.0,100.0,1227.0,9438.0,8955.0,-1517.0,28.0,16206.0,19088.0,-40.0,16930.0,342.0,1.0,28332.0,49.0,Pass
l3311.txm,39.2969,752.0,753.0,133.0,0.0,890.0,102.0,1227.0,9404.0,9039.0,-1322.0,28.0,16458.0,19024.0,374.0,16492.0,344.0,1.0,28364.0,49.0,Pass
l3311.txm,40.3125,752.0,754.0,129.0,0.0,895.0,101.0,1230.0,9447.0,9000.0,-1964.0,28.0,16094.0,19262.0,82.0,16432.0,350.0,0.0,28366.0,49.0,Pass
l3311.txm,41.3437,751.0,754.0,133.0,0.0,885.0,101.0,1227.0,9452.0,9002.0,-600.0,28.0,16263.0,19210.0,242.0,16852.0,354.0,0.0,28328.0,49.0,Pass
l3311.txm,42.375,752.0,753.0,134.0,0.0,887.0,100.0,1227.0,9426.0,8960.0,-2906.0,28.0,16902.0,19014.0,-44.0,16240.0,343.0,0.0,28358.0,49.0,Pass
l3311.txm,43.375,752.0,753.0,135.0,0.0,890.0,100.0,1228.0,9444.0,8958.0,-1159.0,28.0,16487.0,19136.0,-258.0,16532.0,343.0,0.0,28286.0,49.0,Pass
l3311.txm,44.4062,752.0,752.0,135.0,0.0,883.0,102.0,1226.0,9479.0,8976.0,-856.0,28.0,16512.0,19110.0,125.0,16902.0,350.0,1.0,28346.0,49.0,Pass
l3311.txm,45.4219,752.0,753.0,133.0,0.0,886.0,102.0,1226.0,9430.0,8970.0,-851.0,27.0,16582.0,19284.0,-403.0,16664.0,348.0,0.0,28284.0,49.0,Pass
l3311.txm,46.4531,752.0,754.0,132.0,0.0,884.0,101.0,1226.0,9431.0,8965.0,-2190.0,28.0,16250.0,19250.0,-546.0,16818.0,351.0,0.0,28146.0,49.0,Pass
l3311.txm,47.4844,752.0,754.0,134.0,0.0,883.0,100.0,1227.0,9396.0,9001.0,-1594.0,28.0,16672.0,19048.0,-315.0,16768.0,347.0,1.0,28318.0,49.0,Pass
l3311.txm,48.4844,752.0,753.0,133.0,0.0,882.0,101.0,1228.0,9446.0,8952.0,-3199.0,28.0,16317.0,19246.0,-445.0,16986.0,349.0,0.0,28370.0,49.0,Pass
l3311.txm,49.5,751.0,754.0,136.0,0.0,881.0,100.0,1228.0,9424.0,9025.0,-2553.0,28.0,16913.0,19156.0,556.0,16762.0,344.0,0.0,28280.0,49.0,Pass
l3311.txm,50.5312,752.0,754.0,133.0,0.0,879.0,100.0,1228.0,9415.0,9041.0,-2295.0,28.0,16483.0,19020.0,-273.0,16852.0,347.0,0.0,28292.0,49.0,Pass
l3311.txm,51.625,751.0,753.0,132.0,0.0,860.0,101.0,1229.0,9393.0,8982.0,-2543.0,28.0,16294.0,19140.0,-577.0,16438.0,345.0,0.0,28156.0,49.0,Pass
l3311.txm,52.6562,752.0,752.0,134.0,0.0,787.0,100.0,1234.0,9495.0,8956.0,92.0,28.0,16602.0,19216.0,-425.0,16680.0,359.0,0.0,28130.0,49.0,Pass
l3311.txm,53.6719,752.0,754.0,136.0,0.0,642.0,100.0,1243.0,9480.0,8968.0,-135.0,28.0,16605.0,19374.0,-321.0,16686.0,358.0,0.0,28070.0,50.0,Pass
l3311.txm,54.7187,752.0,753.0,135.0,0.0,533.0,101.0,1230.0,9460.0,8942.0,183.0,29.0,16656.0,19516.0,-428.0,17004.0,359.0,1.0,28022.0,50.0,Pass
l3311.txm,9.6875,751.0,753.0,135.0,0.0,338.0,101.0,1296.0,9371.0,9025.0,-1873.0,30.0,16699.0,19850.0,-596.0,16406.0,355.0,0.0,27752.0,49.0,Pass
l3312.txm,9.6875,751.0,753.0,135.0,0.0,338.0,101.0,1296.0,9371.0,9025.0,-1873.0,30.0,16699.0,19850.0,-596.0,16406.0,355.0,0.0,27752.0,49.0,Pass
l3312.txm,10.7187,751.0,753.0,134.0,0.0,331.0,101.0,1294.0,9420.0,8982.0,-1827.0,31.0,16381.0,19956.0,-265.0,16576.0,349.0,0.0,27842.0,49.0,Pass
l3312.txm,11.7188,751.0,753.0,133.0,0.0,324.0,100.0,1293.0,9401.0,9014.0,-1429.0,32.0,16365.0,19952.0,-56.0,16558.0,349.0,1.0,27834.0,49.0,Pass
l3312.txm,12.75,751.0,753.0,135.0,1.0,322.0,101.0,1230.0,9401.0,9062.0,932.0,30.0,16429.0,20040.0,-982.0,16812.0,352.0,0.0,27618.0,50.0,Pass
l3312.txm,13.7656,751.0,754.0,131.0,0.0,361.0,100.0,1203.0,9411.0,8940.0,580.0,32.0,16517.0,20252.0,82.0,15770.0,342.0,0.0,27742.0,50.0,Pass
l3312.txm,14.7969,751.0,754.0,135.0,0.0,867.0,102.0,1193.0,9430.0,8949.0,-1828.0,31.0,15908.0,19274.0,740.0,16784.0,350.0,0.0,28306.0,49.0,Pass
l3312.txm,15.7969,751.0,752.0,133.0,0.0,918.0,101.0,1233.0,9397.0,9044.0,-1582.0,30.0,16489.0,19330.0,153.0,16882.0,348.0,0.0,28254.0,48.0,Pass
l3312.txm,16.8281,751.0,752.0,134.0,0.0,875.0,100.0,1244.0,9384.0,9044.0,-814.0,30.0,16647.0,19288.0,-324.0,16844.0,355.0,1.0,28162.0,49.0,Pass
l3312.txm,17.8437,751.0,753.0,136.0,0.0,696.0,101.0,1259.0,9465.0,8971.0,572.0,29.0,16925.0,19482.0,49.0,16396.0,347.0,0.0,28270.0,49.0,Pass
l3312.txm,18.8906,751.0,752.0,134.0,0.0,828.0,100.0,1197.0,9374.0,9006.0,-652.0,28.0,17093.0,19518.0,826.0,16508.0,350.0,1.0,28306.0,49.0,Pass
l3312.txm,19.9219,752.0,753.0,133.0,0.0,849.0,100.0,1233.0,9440.0,8942.0,-1219.0,31.0,16492.0,19332.0,-711.0,16744.0,348.0,0.0,28308.0,49.0,Pass
l3312.txm,21.0625,751.0,754.0,132.0,0.0,847.0,101.0,1233.0,9453.0,8967.0,-899.0,30.0,16616.0,19350.0,162.0,16516.0,346.0,0.0,28310.0,49.0,Pass
l3312.txm,22.4688,751.0,753.0,133.0,0.0,848.0,101.0,1228.0,9454.0,8971.0,-174.0,29.0,16767.0,19304.0,-315.0,16340.0,354.0,0.0,28146.0,49.0,Pass
l3312.txm,23.4844,752.0,754.0,130.0,0.0,855.0,101.0,1229.0,9412.0,9009.0,-1414.0,29.0,16960.0,19258.0,-32.0,16372.0,355.0,0.0,28150.0,49.0,Pass
l3312.txm,24.5,752.0,753.0,135.0,0.0,871.0,100.0,1227.0,9386.0,9030.0,-811.0,29.0,16818.0,19326.0,1144.0,16358.0,345.0,0.0,28146.0,49.0,Pass
l3312.txm,25.5312,752.0,753.0,135.0,0.0,882.0,102.0,1229.0,9389.0,8972.0,-837.0,29.0,16905.0,19108.0,87.0,16638.0,345.0,1.0,28328.0,49.0,Pass
l3312.txm,26.5781,751.0,753.0,136.0,0.0,882.0,100.0,1226.0,9393.0,9028.0,-975.0,30.0,16674.0,19264.0,1234.0,16268.0,354.0,1.0,28302.0,49.0,Pass
l3312.txm,27.5625,752.0,754.0,133.0,0.0,888.0,101.0,1226.0,9436.0,8968.0,-771.0,29.0,17028.0,19178.0,358.0,16510.0,349.0,0.0,28402.0,49.0,Pass
l3312.txm,28.5937,751.0,753.0,132.0,0.0,891.0,100.0,1226.0,9436.0,8993.0,-1343.0,29.0,17069.0,19102.0,-23.0,16434.0,353.0,0.0,28318.0,49.0,Pass
l3312.txm,29.6094,752.0,755.0,133.0,0.0,887.0,102.0,1228.0,9379.0,8986.0,-819.0,29.0,16796.0,19178.0,73.0,16424.0,349.0,0.0,28304.0,49.0,Pass
l3312.txm,30.6406,751.0,753.0,132.0,0.0,885.0,100.0,1227.0,9433.0,8966.0,-1568.0,29.0,16672.0,19266.0,358.0,16582.0,352.0,0.0,28290.0,49.0,Pass
l3312.txm,31.6406,752.0,753.0,135.0,0.0,891.0,101.0,1228.0,9445.0,8962.0,-559.0,29.0,16413.0,19114.0,95.0,16282.0,345.0,0.0,28338.0,49.0,Pass
l3312.txm,32.6719,752.0,753.0,133.0,0.0,890.0,101.0,1227.0,9379.0,8976.0,-1262.0,29.0,16750.0,19106.0,-281.0,16634.0,352.0,0.0,28300.0,49.0,Pass
l3312.txm,33.6875,752.0,752.0,135.0,0.0,895.0,100.0,1228.0,9388.0,8991.0,-1426.0,28.0,16501.0,19130.0,58.0,16776.0,347.0,0.0,28156.0,49.0,Pass
l3312.txm,34.7187,752.0,754.0,134.0,0.0,898.0,100.0,1227.0,9417.0,8970.0,-880.0,28.0,16537.0,19238.0,-518.0,16728.0,346.0,1.0,28362.0,49.0,Pass
l3312.txm,35.7188,751.0,753.0,129.0,0.0,894.0,100.0,1226.0,9395.0,8975.0,-1584.0,28.0,16369.0,19052.0,138.0,17000.0,345.0,0.0,28328.0,49.0,Pass
l3312.txm,36.75,752.0,754.0,137.0,0.0,897.0,101.0,1228.0,9401.0,8993.0,-3068.0,28.0,16567.0,19104.0,-12.0,16448.0,342.0,0.0,28298.0,49.0,Pass
l3312.txm,37.7656,752.0,753.0,133.0,0.0,897.0,100.0,1228.0,9418.0,8994.0,-2702.0,28.0,16456.0,19058.0,206.0,16254.0,344.0,1.0,28350.0,49.0,Pass
l3312.txm,38.8125,751.0,752.0,134.0,0.0,897.0,100.0,1227.0,9406.0,9016.0,-859.0,28.0,16472.0,19286.0,134.0,16704.0,346.0,1.0,28356.0,49.0,Pass
l3312.txm,39.8281,751.0,753.0,136.0,0.0,893.0,100.0,1227.0,9433.0,8937.0,-1043.0,28.0,16487.0,19278.0,122.0,16454.0,345.0,0.0,28302.0,49.0,Pass
l3312.txm,40.8594,752.0,753.0,135.0,0.0,894.0,101.0,1227.0,9401.0,9016.0,-710.0,28.0,16560.0,19144.0,-348.0,16554.0,345.0,0.0,28354.0,49.0,Pass
l3312.txm,41.8906,751.0,753.0,136.0,0.0,891.0,101.0,1227.0,9412.0,8991.0,-1650.0,28.0,16640.0,19132.0,138.0,16262.0,342.0,0.0,28284.0,49.0,Pass
l3312.txm,42.8906,752.0,754.0,132.0,0.0,892.0,100.0,1228.0,9433.0,8966.0,-2584.0,28.0,16317.0,19036.0,-57.0,16704.0,353.0,1.0,28354.0,49.0,Pass
l3312.txm,43.9219,752.0,754.0,132.0,0.0,892.0,101.0,1227.0,9412.0,9012.0,-1496.0,28.0,16620.0,19272.0,154.0,16518.0,345.0,1.0,28344.0,49.0,Pass
l3312.txm,44.9375,752.0,753.0,135.0,0.0,887.0,101.0,1226.0,9410.0,9010.0,-2876.0,28.0,16557.0,19258.0,144.0,16176.0,353.0,0.0,28326.0,49.0,Pass
l3312.txm,45.9844,752.0,752.0,133.0,0.0,890.0,100.0,1228.0,9378.0,9047.0,-2701.0,28.0,16293.0,19200.0,-400.0,16304.0,361.0,0.0,28280.0,49.0,Pass
l3312.txm,46.9687,751.0,753.0,133.0,0.0,888.0,101.0,1227.0,9436.0,8992.0,-2565.0,28.0,16602.0,19220.0,-14.0,16712.0,352.0,0.0,28154.0,49.0,Pass
l3312.txm,48.0,751.0,753.0,133.0,0.0,885.0,101.0,1231.0,9408.0,8984.0,-1353.0,28.0,16228.0,19242.0,104.0,16264.0,344.0,0.0,28156.0,49.0,Pass
l3312.txm,49.0156,752.0,754.0,134.0,0.0,890.0,101.0,1229.0,9397.0,9036.0,-2554.0,28.0,16404.0,19074.0,-43.0,16330.0,357.0,0.0,28282.0,49.0,Pass
l3312.txm,50.0469,752.0,754.0,134.0,0.0,879.0,100.0,1228.0,9412.0,8961.0,-1493.0,28.0,16334.0,19042.0,-563.0,16698.0,347.0,0.0,28334.0,49.0,Pass
l3312.txm,51.0469,752.0,754.0,134.0,0.0,880.0,101.0,1229.0,9441.0,8977.0,-1289.0,28.0,16199.0,19050.0,-35.0,16222.0,360.0,1.0,28322.0,49.0,Pass
l3312.txm,52.0781,751.0,754.0,130.0,0.0,866.0,101.0,1227.0,9421.0,8946.0,-909.0,28.0,16249.0,19180.0,-66.0,16870.0,343.0,0.0,28284.0,49.0,Pass
l3312.txm,53.125,752.0,751.0,131.0,0.0,768.0,101.0,1236.0,9396.0,9028.0,-210.0,28.0,16073.0,19268.0,-551.0,16354.0,355.0,0.0,28162.0,49.0,Pass
l3312.txm,54.125,752.0,754.0,136.0,0.0,613.0,101.0,1238.0,9363.0,9041.0,179.0,29.0,16225.0,19414.0,-355.0,16854.0,350.0,0.0,28078.0,50.0,Pass
l3312.txm,55.125,752.0,752.0,135.0,0.0,516.0,100.0,1232.0,9461.0,8954.0,-71.0,29.0,16354.0,19526.0,-454.0,16842.0,351.0,0.0,28008.0,50.0,Pass
l3312.txm,56.1562,752.0,754.0,135.0,0.0,423.0,100.0,1232.0,9454.0,8922.0,-225.0,31.0,15994.0,19620.0,-733.0,16178.0,346.0,0.0,27832.0,50.0,Pass
l3312.txm,10.2344,751.0,755.0,133.0,0.0,351.0,100.0,1295.0,9525.0,8948.0,-935.0,29.0,17178.0,19810.0,-644.0,16264.0,350.0,0.0,27766.0,49.0,Pass
l3313.txm,10.2344,751.0,755.0,133.0,0.0,351.0,100.0,1295.0,9525.0,8948.0,-935.0,29.0,17178.0,19810.0,-644.0,16264.0,350.0,0.0,27766.0,49.0,Pass
l3313.txm,11.25,751.0,752.0,136.0,0.0,336.0,101.0,1291.0,9446.0,9016.0,-1819.0,29.0,17141.0,19956.0,-510.0,16342.0,348.0,0.0,27792.0,49.0,Pass
l3313.txm,12.2656,751.0,754.0,135.0,0.0,325.0,100.0,1285.0,9487.0,8969.0,-1993.0,30.0,16809.0,20060.0,65.0,16666.0,352.0,0.0,27790.0,49.0,Pass
l3313.txm,13.2969,751.0,753.0,132.0,0.0,321.0,101.0,1259.0,9463.0,9016.0,-621.0,30.0,16632.0,19948.0,-992.0,17068.0,350.0,0.0,27656.0,50.0,Pass
l3313.txm,14.3125,752.0,753.0,135.0,1.0,349.0,100.0,1206.0,9482.0,9030.0,224.0,28.0,16896.0,20106.0,666.0,15630.0,353.0,0.0,27622.0,50.0,Pass
l3313.txm,15.3281,751.0,753.0,134.0,0.0,861.0,102.0,1185.0,9441.0,8970.0,-343.0,30.0,16441.0,19186.0,-406.0,16892.0,349.0,0.0,28564.0,49.0,Pass
l3313.txm,16.375,751.0,753.0,133.0,0.0,914.0,101.0,1223.0,9463.0,9045.0,-2181.0,28.0,16825.0,19286.0,-382.0,16498.0,353.0,0.0,28270.0,48.0,Pass
l3313.txm,17.4063,751.0,753.0,132.0,0.0,882.0,100.0,1243.0,9476.0,9067.0,-1855.0,28.0,16851.0,19316.0,-787.0,16892.0,349.0,0.0,28130.0,48.0,Pass
l3313.txm,18.4375,751.0,753.0,132.0,0.0,698.0,101.0,1261.0,9455.0,8939.0,-489.0,31.0,16361.0,19516.0,-577.0,16426.0,348.0,0.0,28238.0,49.0,Pass
l3313.txm,19.4375,751.0,753.0,134.0,0.0,837.0,100.0,1197.0,9391.0,8939.0,-1202.0,31.0,15985.0,19292.0,398.0,16218.0,350.0,0.0,28270.0,49.0,Pass
l3313.txm,20.4688,751.0,752.0,136.0,0.0,839.0,102.0,1238.0,9382.0,8988.0,-2244.0,30.0,16518.0,19322.0,-13.0,16160.0,350.0,1.0,28284.0,49.0,Pass
l3313.txm,21.5313,752.0,753.0,132.0,0.0,845.0,101.0,1229.0,9398.0,8954.0,-714.0,32.0,16467.0,19496.0,-274.0,16264.0,344.0,0.0,28120.0,49.0,Pass
l3313.txm,22.5625,752.0,755.0,130.0,0.0,853.0,100.0,1227.0,9406.0,8948.0,-813.0,31.0,15966.0,19498.0,456.0,16384.0,347.0,0.0,28122.0,49.0,Pass
l3313.txm,23.5938,752.0,754.0,135.0,0.0,856.0,100.0,1233.0,9383.0,9003.0,-2126.0,30.0,16333.0,19186.0,952.0,16352.0,342.0,1.0,28154.0,49.0,Pass
l3313.txm,24.5937,751.0,753.0,134.0,0.0,863.0,100.0,1227.0,9373.0,9029.0,-1693.0,29.0,16371.0,19186.0,-56.0,16108.0,356.0,0.0,28330.0,49.0,Pass
l3313.txm,25.6094,752.0,753.0,134.0,0.0,881.0,100.0,1227.0,9395.0,9014.0,-1283.0,30.0,16516.0,19142.0,94.0,16580.0,353.0,0.0,28304.0,49.0,Pass
l3313.txm,26.6406,752.0,754.0,136.0,0.0,884.0,101.0,1230.0,9371.0,9008.0,-1390.0,30.0,16518.0,19130.0,210.0,16528.0,354.0,1.0,28314.0,49.0,Pass
l3313.txm,27.6406,752.0,753.0,132.0,0.0,883.0,102.0,1228.0,9428.0,8987.0,-1935.0,29.0,16525.0,19142.0,-52.0,16066.0,346.0,1.0,28322.0,49.0,Pass
l3313.txm,28.6719,751.0,753.0,134.0,0.0,886.0,101.0,1228.0,9430.0,8975.0,-1494.0,29.0,16417.0,19314.0,1346.0,16502.0,360.0,0.0,28342.0,49.0,Pass
l3313.txm,29.6875,751.0,753.0,131.0,0.0,890.0,100.0,1228.0,9427.0,8985.0,-2171.0,29.0,16358.0,19288.0,-22.0,16562.0,353.0,0.0,28354.0,49.0,Pass
l3313.txm,30.7188,752.0,754.0,133.0,0.0,890.0,101.0,1225.0,9426.0,8991.0,-1834.0,29.0,16711.0,19098.0,-378.0,16728.0,352.0,1.0,28364.0,49.0,Pass
l3313.txm,31.7188,752.0,753.0,132.0,0.0,892.0,100.0,1226.0,9405.0,8960.0,-1958.0,29.0,16714.0,19276.0,41.0,16418.0,354.0,1.0,28350.0,49.0,Pass
l3313.txm,32.75,752.0,753.0,134.0,0.0,890.0,101.0,1224.0,9387.0,9006.0,-2657.0,28.0,16438.0,19254.0,61.0,16532.0,339.0,0.0,28356.0,49.0,Pass
l3313.txm,33.7812,752.0,753.0,135.0,0.0,889.0,102.0,1227.0,9413.0,8960.0,-2677.0,28.0,16385.0,19192.0,45.0,16564.0,351.0,0.0,28348.0,49.0,Pass
l3313.txm,34.7969,752.0,753.0,131.0,0.0,893.0,101.0,1230.0,9390.0,8993.0,-1811.0,28.0,16168.0,19250.0,-90.0,16080.0,352.0,0.0,28156.0,49.0,Pass
l3313.txm,35.8437,752.0,753.0,136.0,0.0,902.0,101.0,1229.0,9451.0,8973.0,-1646.0,29.0,16224.0,19142.0,106.0,16626.0,355.0,0.0,28284.0,49.0,Pass
l3313.txm,36.8438,751.0,753.0,129.0,0.0,893.0,101.0,1228.0,9411.0,9040.0,-2050.0,28.0,16544.0,19208.0,36.0,16018.0,350.0,0.0,28344.0,49.0,Pass
l3313.txm,37.875,752.0,755.0,136.0,0.0,898.0,100.0,1231.0,9408.0,9045.0,-1093.0,28.0,16306.0,19182.0,-277.0,16814.0,349.0,1.0,28290.0,49.0,Pass
l3313.txm,38.8906,751.0,754.0,131.0,0.0,896.0,100.0,1229.0,9439.0,9012.0,-2739.0,28.0,16371.0,19234.0,842.0,16468.0,352.0,0.0,28328.0,49.0,Pass
l3313.txm,39.9219,752.0,754.0,133.0,0.0,888.0,100.0,1227.0,9433.0,8969.0,-388.0,29.0,16344.0,19070.0,-84.0,16502.0,349.0,0.0,28300.0,49.0,Pass
l3313.txm,40.9219,752.0,755.0,133.0,0.0,892.0,100.0,1228.0,9411.0,9023.0,-569.0,28.0,16051.0,19094.0,-53.0,15974.0,354.0,0.0,28316.0,49.0,Pass
l3313.txm,41.9531,751.0,753.0,134.0,0.0,893.0,101.0,1228.0,9442.0,9000.0,-661.0,28.0,16626.0,19062.0,316.0,16362.0,344.0,1.0,28338.0,49.0,Pass
l3313.txm,43.0,752.0,754.0,131.0,0.0,890.0,101.0,1225.0,9400.0,8979.0,-1764.0,29.0,16231.0,19244.0,-280.0,16886.0,350.0,1.0,28284.0,49.0,Pass
l3313.txm,44.0,752.0,754.0,133.0,0.0,891.0,101.0,1226.0,9397.0,8994.0,-726.0,28.0,16523.0,19260.0,127.0,16546.0,349.0,0.0,28366.0,49.0,Pass
l3313.txm,45.0,752.0,753.0,133.0,0.0,889.0,100.0,1226.0,9436.0,8965.0,-548.0,28.0,16589.0,19166.0,1068.0,16454.0,354.0,0.0,28358.0,49.0,Pass
l3313.txm,46.0312,752.0,754.0,134.0,0.0,888.0,100.0,1228.0,9383.0,9027.0,-1006.0,28.0,16089.0,19248.0,83.0,16672.0,344.0,1.0,28318.0,49.0,Pass
l3313.txm,47.0469,752.0,752.0,133.0,0.0,889.0,101.0,1226.0,9466.0,9009.0,-1563.0,28.0,16506.0,19224.0,38.0,16502.0,354.0,0.0,28324.0,49.0,Pass
l3313.txm,48.0781,752.0,753.0,133.0,0.0,886.0,101.0,1228.0,9452.0,8981.0,-481.0,28.0,16137.0,19060.0,-261.0,16618.0,347.0,1.0,28312.0,49.0,Pass
l3313.txm,49.0781,751.0,754.0,135.0,0.0,884.0,101.0,1228.0,9417.0,8954.0,-1421.0,29.0,16422.0,19106.0,-291.0,16836.0,356.0,0.0,28282.0,49.0,Pass
l3313.txm,50.1406,752.0,753.0,134.0,0.0,881.0,100.0,1227.0,9435.0,8994.0,-1348.0,29.0,16119.0,19074.0,23.0,16452.0,348.0,0.0,28360.0,49.0,Pass
l3313.txm,51.1406,751.0,753.0,134.0,0.0,877.0,100.0,1229.0,9408.0,8980.0,-753.0,28.0,16414.0,19142.0,-432.0,16966.0,357.0,0.0,28348.0,49.0,Pass
l3313.txm,52.1562,752.0,754.0,134.0,0.0,871.0,100.0,1226.0,9462.0,8942.0,-823.0,29.0,16300.0,19160.0,-90.0,16772.0,342.0,0.0,28296.0,49.0,Pass
l3313.txm,53.1719,751.0,753.0,133.0,0.0,812.0,100.0,1231.0,9455.0,8959.0,-108.0,28.0,16307.0,19166.0,-351.0,17066.0,348.0,0.0,28306.0,49.0,Pass
l3313.txm,54.1875,752.0,753.0,133.0,0.0,692.0,101.0,1241.0,9411.0,9005.0,1112.0,28.0,16273.0,19314.0,-69.0,16870.0,340.0,0.0,28164.0,49.0,Pass
l3313.txm,55.2187,752.0,754.0,135.0,0.0,552.0,100.0,1232.0,9404.0,9007.0,480.0,30.0,16096.0,19550.0,-758.0,16698.0,356.0,0.0,28068.0,50.0,Pass
l3313.txm,9.70312,750.0,752.0,136.0,0.0,341.0,99.0,1290.0,9445.0,8982.0,-1443.0,30.0,16647.0,19884.0,-630.0,16612.0,354.0,0.0,27772.0,49.0,Pass
l3314.txm,9.70312,750.0,752.0,136.0,0.0,341.0,99.0,1290.0,9445.0,8982.0,-1443.0,30.0,16647.0,19884.0,-630.0,16612.0,354.0,0.0,27772.0,49.0,Pass
l3314.txm,10.7031,751.0,753.0,131.0,0.0,332.0,100.0,1290.0,9463.0,8951.0,-2080.0,30.0,16618.0,19948.0,-23.0,16454.0,355.0,1.0,27790.0,49.0,Pass
l3314.txm,11.7344,751.0,753.0,132.0,0.0,324.0,101.0,1287.0,9476.0,8942.0,-1646.0,31.0,16267.0,19956.0,-596.0,16564.0,345.0,0.0,27796.0,49.0,Pass
l3314.txm,12.7656,751.0,753.0,131.0,0.0,322.0,101.0,1261.0,9404.0,9041.0,-1002.0,30.0,16879.0,20004.0,-376.0,16888.0,347.0,0.0,27534.0,50.0,Pass
l3314.txm,13.7969,751.0,753.0,134.0,1.0,357.0,100.0,1206.0,9486.0,8993.0,764.0,29.0,16828.0,20034.0,666.0,15828.0,349.0,1.0,27768.0,50.0,Pass
l3314.txm,14.7969,751.0,754.0,136.0,0.0,871.0,100.0,1185.0,9411.0,8958.0,-1026.0,31.0,16262.0,19108.0,-93.0,16932.0,349.0,0.0,28294.0,49.0,Pass
l3314.txm,15.8125,751.0,752.0,134.0,0.0,922.0,101.0,1227.0,9479.0,8975.0,-1083.0,31.0,16304.0,19154.0,29.0,16886.0,341.0,0.0,28394.0,48.0,Pass
l3314.txm,16.8438,751.0,752.0,134.0,0.0,880.0,101.0,1246.0,9503.0,8998.0,-879.0,29.0,17127.0,19290.0,396.0,16570.0,359.0,0.0,28316.0,49.0,Pass
l3314.txm,17.8594,751.0,753.0,134.0,0.0,712.0,101.0,1256.0,9438.0,9007.0,95.0,29.0,16653.0,19384.0,816.0,15888.0,352.0,0.0,28262.0,49.0,Pass
l3314.txm,18.875,751.0,752.0,134.0,0.0,836.0,100.0,1197.0,9440.0,8952.0,59.0,29.0,16727.0,19202.0,-61.0,16196.0,351.0,1.0,28156.0,50.0,Pass
l3314.txm,19.8906,752.0,753.0,135.0,0.0,852.0,101.0,1236.0,9433.0,8949.0,-788.0,30.0,16443.0,19338.0,-384.0,16624.0,356.0,0.0,28280.0,49.0,Pass
l3314.txm,20.9219,752.0,753.0,133.0,0.0,853.0,101.0,1234.0,9409.0,8987.0,-1504.0,30.0,16538.0,19374.0,-85.0,16658.0,349.0,0.0,28310.0,49.0,Pass
l3314.txm,21.9375,752.0,754.0,132.0,0.0,857.0,100.0,1228.0,9432.0,8942.0,-1310.0,30.0,16374.0,19204.0,-305.0,16404.0,361.0,0.0,28144.0,49.0,Pass
l3314.txm,22.9531,751.0,752.0,136.0,0.0,868.0,100.0,1230.0,9403.0,9014.0,-952.0,30.0,16461.0,19314.0,-487.0,16734.0,342.0,0.0,28146.0,49.0,Pass
l3314.txm,24.0469,752.0,754.0,132.0,0.0,880.0,101.0,1229.0,9398.0,9010.0,-1603.0,30.0,16294.0,19394.0,366.0,15794.0,354.0,1.0,28146.0,49.0,Pass
l3314.txm,25.0,752.0,753.0,135.0,0.0,885.0,100.0,1229.0,9428.0,8982.0,-1164.0,30.0,16069.0,19276.0,298.0,16318.0,349.0,0.0,28286.0,49.0,Pass
l3314.txm,26.0313,751.0,752.0,133.0,0.0,890.0,100.0,1227.0,9414.0,8961.0,-1645.0,30.0,16141.0,19230.0,150.0,16346.0,347.0,0.0,28338.0,49.0,Pass
l3314.txm,27.0625,751.0,753.0,134.0,0.0,894.0,101.0,1225.0,9426.0,8976.0,-1347.0,30.0,16263.0,19312.0,1398.0,16576.0,342.0,0.0,28250.0,49.0,Pass
l3314.txm,28.0625,752.0,754.0,134.0,0.0,901.0,101.0,1229.0,9438.0,8958.0,-1325.0,29.0,16558.0,19066.0,130.0,16680.0,343.0,0.0,28218.0,49.0,Pass
l3314.txm,29.0937,752.0,754.0,133.0,0.0,894.0,100.0,1226.0,9494.0,8989.0,-2048.0,28.0,16619.0,19142.0,6.0,16530.0,350.0,1.0,28202.0,49.0,Pass
l3314.txm,30.125,751.0,752.0,130.0,0.0,891.0,102.0,1226.0,9486.0,8982.0,-2204.0,28.0,16569.0,19262.0,150.0,16490.0,347.0,0.0,28246.0,49.0,Pass
l3314.txm,31.1406,752.0,754.0,133.0,0.0,893.0,100.0,1226.0,9442.0,8985.0,-1800.0,28.0,16695.0,19134.0,922.0,16444.0,349.0,0.0,28344.0,49.0,Pass
l3314.txm,32.1563,752.0,753.0,134.0,0.0,896.0,101.0,1227.0,9426.0,8969.0,-2032.0,28.0,16716.0,19166.0,-439.0,16980.0,344.0,0.0,28278.0,49.0,Pass
l3314.txm,33.2031,752.0,753.0,136.0,0.0,901.0,101.0,1229.0,9485.0,8955.0,-1114.0,28.0,16858.0,19068.0,-51.0,16496.0,350.0,0.0,28412.0,49.0,Pass
l3314.txm,34.2031,752.0,753.0,134.0,0.0,895.0,101.0,1228.0,9439.0,8970.0,-1302.0,28.0,16538.0,19254.0,-389.0,16824.0,342.0,1.0,28212.0,49.0,Pass
l3314.txm,35.2187,751.0,753.0,132.0,0.0,901.0,100.0,1232.0,9446.0,8973.0,-1979.0,28.0,16714.0,19170.0,-60.0,16666.0,354.0,1.0,28216.0,49.0,Pass
l3314.txm,36.2344,751.0,753.0,136.0,0.0,896.0,100.0,1229.0,9439.0,9029.0,-2327.0,27.0,16568.0,19254.0,1544.0,16730.0,360.0,0.0,28266.0,49.0,Pass
l3314.txm,37.25,751.0,753.0,133.0,0.0,898.0,102.0,1227.0,9409.0,8993.0,-1820.0,28.0,16663.0,19248.0,-448.0,16782.0,342.0,0.0,28352.0,49.0,Pass
l3314.txm,38.2812,752.0,754.0,127.0,0.0,893.0,100.0,1227.0,9445.0,8949.0,-2519.0,27.0,16532.0,19126.0,8.0,16840.0,353.0,0.0,28380.0,49.0,Pass
l3314.txm,39.2969,752.0,753.0,132.0,0.0,896.0,101.0,1230.0,9470.0,8948.0,-1328.0,28.0,16652.0,19082.0,80.0,15962.0,352.0,0.0,28414.0,49.0,Pass
l3314.txm,40.3125,752.0,753.0,132.0,0.0,894.0,101.0,1228.0,9473.0,8958.0,-1332.0,28.0,16875.0,19234.0,-12.0,16738.0,350.0,0.0,28420.0,49.0,Pass
l3314.txm,41.3281,752.0,755.0,132.0,0.0,897.0,101.0,1227.0,9419.0,9005.0,-1048.0,28.0,16480.0,19074.0,464.0,16764.0,345.0,0.0,28250.0,49.0,Pass
l3314.txm,42.3594,751.0,753.0,135.0,0.0,890.0,100.0,1228.0,9425.0,9004.0,-970.0,28.0,16580.0,19194.0,-14.0,16870.0,347.0,0.0,28272.0,49.0,Pass
l3314.txm,43.375,752.0,754.0,135.0,0.0,892.0,100.0,1227.0,9430.0,9026.0,-1751.0,28.0,16662.0,19186.0,51.0,16866.0,344.0,1.0,28362.0,49.0,Pass
l3314.txm,44.3906,752.0,753.0,136.0,0.0,897.0,101.0,1228.0,9484.0,9010.0,-320.0,28.0,16679.0,19246.0,-373.0,16404.0,354.0,0.0,28410.0,49.0,Pass
l3314.txm,45.4531,751.0,755.0,132.0,0.0,891.0,100.0,1228.0,9422.0,8956.0,-2959.0,28.0,16437.0,19100.0,26.0,16390.0,350.0,1.0,28226.0,49.0,Pass
l3314.txm,46.4375,752.0,754.0,135.0,0.0,888.0,101.0,1229.0,9435.0,9011.0,-860.0,28.0,16607.0,19258.0,-312.0,16520.0,354.0,1.0,28248.0,49.0,Pass
l3314.txm,47.4687,752.0,753.0,132.0,0.0,894.0,100.0,1228.0,9446.0,8980.0,-1748.0,28.0,16557.0,19148.0,26.0,17110.0,350.0,0.0,28278.0,49.0,Pass
l3314.txm,48.4687,752.0,753.0,132.0,0.0,882.0,100.0,1227.0,9466.0,8954.0,-1256.0,28.0,16386.0,19232.0,1498.0,16258.0,358.0,0.0,28414.0,49.0,Pass
l3314.txm,49.5,752.0,754.0,130.0,0.0,885.0,101.0,1228.0,9475.0,8955.0,-1902.0,28.0,16597.0,19196.0,94.0,16738.0,339.0,0.0,28198.0,49.0,Pass
l3314.txm,50.5156,751.0,752.0,132.0,0.0,881.0,101.0,1229.0,9454.0,8996.0,-1809.0,28.0,16317.0,19072.0,-93.0,16360.0,356.0,1.0,28354.0,49.0,Pass
l3314.txm,51.5469,752.0,753.0,134.0,0.0,876.0,101.0,1232.0,9491.0,8946.0,-2557.0,28.0,16567.0,19208.0,-661.0,16650.0,348.0,0.0,28284.0,49.0,Pass
l3314.txm,52.5781,751.0,754.0,134.0,0.0,841.0,101.0,1233.0,9451.0,8961.0,-211.0,28.0,16719.0,19260.0,-369.0,16724.0,349.0,0.0,28170.0,49.0,Pass
l3314.txm,53.5781,751.0,753.0,134.0,0.0,695.0,100.0,1240.0,9484.0,8982.0,-593.0,27.0,16635.0,19310.0,-545.0,16484.0,361.0,0.0,28120.0,49.0,Pass
l3314.txm,54.5937,751.0,753.0,135.0,0.0,579.0,100.0,1239.0,9475.0,8967.0,-272.0,28.0,16599.0,19448.0,-437.0,16592.0,344.0,0.0,28104.0,50.0,Pass
l3314.txm,9.73437,750.0,752.0,135.0,0.0,352.0,100.0,1296.0,9490.0,8959.0,-1648.0,29.0,16880.0,19910.0,-1138.0,16266.0,350.0,0.0,27748.0,49.0,Pass
l3315.txm,9.73437,750.0,752.0,135.0,0.0,352.0,100.0,1296.0,9490.0,8959.0,-1648.0,29.0,16880.0,19910.0,-1138.0,16266.0,350.0,0.0,27748.0,49.0,Pass
l3315.txm,10.75,751.0,752.0,135.0,0.0,337.0,100.0,1293.0,9410.0,9041.0,-1915.0,30.0,16782.0,19952.0,-14.0,16330.0,352.0,0.0,27836.0,49.0,Pass
l3315.txm,11.7656,751.0,752.0,133.0,0.0,329.0,100.0,1291.0,9491.0,8972.0,-1831.0,30.0,16970.0,19928.0,137.0,16376.0,344.0,0.0,27848.0,49.0,Pass
l3315.txm,12.8281,751.0,753.0,133.0,0.0,327.0,101.0,1258.0,9456.0,9049.0,-183.0,29.0,17079.0,19998.0,108.0,16958.0,355.0,0.0,27598.0,50.0,Pass
l3315.txm,13.8125,751.0,752.0,135.0,0.0,345.0,102.0,1206.0,9439.0,9030.0,434.0,29.0,16974.0,20120.0,83.0,15780.0,354.0,0.0,27782.0,50.0,Pass
l3315.txm,14.8281,751.0,754.0,132.0,0.0,802.0,101.0,1188.0,9460.0,8952.0,-868.0,29.0,17187.0,19224.0,159.0,16168.0,352.0,1.0,28312.0,50.0,Pass
l3315.txm,15.8438,751.0,754.0,133.0,0.0,921.0,102.0,1222.0,9421.0,8995.0,-1860.0,31.0,16227.0,19308.0,119.0,16612.0,347.0,0.0,28370.0,48.0,Pass
l3315.txm,16.875,751.0,753.0,135.0,0.0,893.0,100.0,1248.0,9491.0,8977.0,-617.0,30.0,16319.0,19330.0,-346.0,16622.0,344.0,0.0,28328.0,48.0,Pass
l3315.txm,17.8906,751.0,752.0,132.0,0.0,700.0,101.0,1268.0,9475.0,8994.0,1102.0,27.0,16961.0,19422.0,-30.0,16442.0,345.0,1.0,28270.0,49.0,Pass
l3315.txm,18.9062,751.0,752.0,133.0,0.0,839.0,100.0,1194.0,9478.0,8954.0,285.0,28.0,16782.0,19370.0,636.0,16596.0,349.0,0.0,28300.0,50.0,Pass
l3315.txm,19.9219,751.0,753.0,131.0,0.0,840.0,101.0,1230.0,9503.0,8940.0,-1793.0,29.0,16848.0,19428.0,942.0,16600.0,351.0,0.0,28154.0,49.0,Pass
l3315.txm,20.9531,751.0,753.0,136.0,0.0,851.0,100.0,1235.0,9476.0,8962.0,-558.0,29.0,16869.0,19244.0,89.0,16840.0,355.0,0.0,28296.0,49.0,Pass
l3315.txm,21.9688,752.0,752.0,133.0,0.0,850.0,101.0,1223.0,9423.0,8994.0,-1893.0,28.0,16844.0,19214.0,-332.0,16836.0,353.0,0.0,28306.0,49.0,Pass
l3315.txm,22.9844,752.0,754.0,131.0,0.0,855.0,100.0,1231.0,9467.0,9012.0,-1477.0,28.0,16921.0,19252.0,-347.0,16528.0,346.0,0.0,28312.0,49.0,Pass
l3315.txm,24.0,751.0,754.0,131.0,0.0,869.0,102.0,1228.0,9431.0,8975.0,-1261.0,28.0,16884.0,19184.0,-23.0,16388.0,349.0,1.0,28150.0,49.0,Pass
l3315.txm,25.0312,752.0,752.0,126.0,0.0,880.0,101.0,1224.0,9434.0,8979.0,-1245.0,29.0,16650.0,19334.0,348.0,16512.0,351.0,0.0,28288.0,49.0,Pass
l3315.txm,26.0625,752.0,753.0,133.0,0.0,885.0,100.0,1227.0,9433.0,8989.0,-1552.0,28.0,16634.0,19138.0,618.0,16364.0,351.0,0.0,28292.0,49.0,Pass
l3315.txm,27.0625,752.0,754.0,136.0,0.0,886.0,100.0,1228.0,9482.0,8936.0,-1476.0,28.0,16666.0,19230.0,606.0,16388.0,347.0,1.0,28154.0,49.0,Pass
l3315.txm,28.0938,751.0,754.0,135.0,0.0,889.0,101.0,1226.0,9471.0,8968.0,-887.0,29.0,16933.0,19248.0,9.0,16648.0,354.0,1.0,28296.0,49.0,Pass
l3315.txm,29.1094,752.0,753.0,133.0,0.0,893.0,100.0,1227.0,9430.0,8989.0,-1539.0,28.0,16680.0,19100.0,-489.0,16586.0,349.0,0.0,28362.0,49.0,Pass
l3315.txm,30.1406,752.0,753.0,131.0,0.0,890.0,100.0,1227.0,9418.0,8961.0,-1605.0,28.0,16791.0,19072.0,-29.0,16742.0,351.0,1.0,28342.0,49.0,Pass
l3315.txm,31.1406,751.0,752.0,132.0,0.0,897.0,101.0,1230.0,9429.0,8996.0,-961.0,28.0,16616.0,19166.0,-698.0,16846.0,354.0,1.0,28350.0,49.0,Pass
l3315.txm,32.2031,752.0,753.0,132.0,0.0,892.0,100.0,1225.0,9502.0,8960.0,-1701.0,28.0,16953.0,19208.0,71.0,16588.0,349.0,0.0,28336.0,49.0,Pass
l3315.txm,33.1875,752.0,754.0,133.0,0.0,897.0,101.0,1226.0,9472.0,8973.0,-1929.0,27.0,16744.0,19106.0,-273.0,16814.0,346.0,1.0,28282.0,49.0,Pass
l3315.txm,34.2188,752.0,753.0,135.0,0.0,896.0,101.0,1229.0,9441.0,9026.0,-280.0,27.0,17046.0,19068.0,-358.0,16520.0,350.0,0.0,28306.0,49.0,Pass
l3315.txm,35.2187,751.0,753.0,133.0,0.0,901.0,101.0,1230.0,9427.0,8987.0,-970.0,26.0,16927.0,19194.0,998.0,16654.0,348.0,1.0,28338.0,49.0,Pass
l3315.txm,36.25,751.0,753.0,134.0,0.0,898.0,100.0,1225.0,9502.0,8977.0,-1262.0,28.0,16527.0,19104.0,25.0,16848.0,343.0,0.0,28326.0,49.0,Pass
l3315.txm,37.2656,752.0,753.0,133.0,0.0,898.0,100.0,1228.0,9423.0,8989.0,-1317.0,27.0,16636.0,19176.0,119.0,16272.0,351.0,1.0,28346.0,49.0,Pass
l3315.txm,38.2969,751.0,753.0,132.0,0.0,895.0,100.0,1228.0,9455.0,8984.0,-596.0,27.0,16957.0,19220.0,-83.0,16468.0,354.0,0.0,28326.0,49.0,Pass
l3315.txm,39.2969,752.0,754.0,131.0,0.0,893.0,101.0,1229.0,9442.0,8994.0,-1520.0,27.0,16402.0,19194.0,-313.0,16400.0,345.0,1.0,28358.0,49.0,Pass
l3315.txm,40.3281,752.0,753.0,132.0,0.0,898.0,100.0,1230.0,9514.0,8931.0,-1018.0,27.0,16528.0,19138.0,-87.0,16166.0,353.0,1.0,28310.0,49.0,Pass
l3315.txm,41.3437,752.0,753.0,136.0,0.0,895.0,100.0,1230.0,9437.0,8982.0,-1583.0,27.0,16747.0,19208.0,111.0,16424.0,343.0,0.0,28282.0,49.0,Pass
l3315.txm,42.375,752.0,753.0,133.0,0.0,898.0,100.0,1226.0,9486.0,8971.0,-246.0,27.0,16629.0,19268.0,1014.0,16706.0,343.0,0.0,28286.0,49.0,Pass
l3315.txm,43.3906,751.0,753.0,135.0,0.0,898.0,101.0,1226.0,9435.0,9022.0,-1008.0,27.0,17169.0,19232.0,-40.0,16784.0,346.0,0.0,28286.0,49.0,Pass
l3315.txm,44.4062,752.0,754.0,131.0,0.0,892.0,100.0,1227.0,9445.0,8998.0,-1863.0,27.0,16510.0,19270.0,-8.0,16280.0,347.0,0.0,28348.0,49.0,Pass
l3315.txm,45.4375,752.0,753.0,136.0,0.0,887.0,102.0,1228.0,9439.0,9065.0,-2882.0,27.0,17066.0,19098.0,1238.0,16208.0,349.0,1.0,28314.0,49.0,Pass
l3315.txm,46.4531,752.0,754.0,134.0,0.0,894.0,101.0,1227.0,9476.0,8971.0,-1377.0,27.0,16610.0,19064.0,-91.0,16898.0,346.0,0.0,28340.0,49.0,Pass
l3315.txm,47.4687,752.0,753.0,132.0,0.0,883.0,101.0,1227.0,9476.0,8964.0,-1534.0,27.0,16739.0,19098.0,14.0,16664.0,351.0,0.0,28324.0,49.0,Pass
l3315.txm,48.4844,752.0,754.0,130.0,0.0,887.0,102.0,1227.0,9469.0,8974.0,-1120.0,27.0,16447.0,19190.0,528.0,16842.0,344.0,1.0,28296.0,49.0,Pass
l3315.txm,49.5156,752.0,753.0,133.0,0.0,882.0,101.0,1228.0,9440.0,8979.0,-2028.0,27.0,16594.0,19246.0,1134.0,16414.0,345.0,0.0,28318.0,49.0,Pass
l3315.txm,50.5312,752.0,754.0,132.0,0.0,885.0,100.0,1229.0,9460.0,8951.0,-1506.0,27.0,16442.0,19190.0,4.0,16646.0,352.0,0.0,28348.0,49.0,Pass
l3315.txm,51.5469,751.0,752.0,130.0,0.0,873.0,100.0,1228.0,9432.0,9003.0,-1467.0,27.0,16255.0,19208.0,934.0,16746.0,347.0,0.0,28290.0,49.0,Pass
l3315.txm,52.5625,751.0,753.0,135.0,0.0,851.0,101.0,1230.0,9436.0,9061.0,-539.0,27.0,16785.0,19230.0,135.0,16874.0,350.0,0.0,28308.0,49.0,Pass
l3315.txm,53.5937,751.0,752.0,134.0,0.0,726.0,101.0,1238.0,9491.0,8976.0,-397.0,27.0,17070.0,19314.0,59.0,16270.0,352.0,0.0,28124.0,49.0,Pass
l3315.txm,54.6094,752.0,754.0,134.0,0.0,582.0,101.0,1239.0,9459.0,8995.0,-37.0,27.0,16635.0,19440.0,-461.0,17054.0,351.0,0.0,28076.0,50.0,Pass
l3315.txm,55.625,752.0,755.0,136.0,0.0,485.0,101.0,1232.0,9506.0,8935.0,305.0,29.0,16393.0,19588.0,-368.0,16780.0,349.0,0.0,27934.0,50.0,Pass
l3315.txm,10.2031,751.0,753.0,135.0,0.0,362.0,101.0,1311.0,9417.0,9058.0,-681.0,30.0,17260.0,19530.0,-1556.0,17794.0,349.0,0.0,27930.0,49.0,Pass
l3316.txm,10.2031,751.0,753.0,135.0,0.0,362.0,101.0,1311.0,9417.0,9058.0,-681.0,30.0,17260.0,19530.0,-1556.0,17794.0,349.0,0.0,27930.0,49.0,Pass
l3316.txm,11.25,750.0,752.0,134.0,0.0,337.0,100.0,1290.0,9425.0,8994.0,-1392.0,31.0,16803.0,19950.0,-339.0,16278.0,344.0,0.0,27772.0,49.0,Pass
l3316.txm,12.2656,751.0,755.0,135.0,0.0,329.0,100.0,1288.0,9408.0,9061.0,-1647.0,30.0,16889.0,20008.0,-557.0,16596.0,356.0,0.0,27816.0,49.0,Pass
l3316.txm,13.2969,751.0,753.0,132.0,0.0,327.0,100.0,1285.0,9485.0,8996.0,-497.0,31.0,16480.0,20036.0,-262.0,16642.0,354.0,0.0,27836.0,49.0,Pass
l3316.txm,14.3125,751.0,754.0,135.0,0.0,317.0,100.0,1212.0,9417.0,9105.0,278.0,29.0,16769.0,20218.0,-33.0,16258.0,339.0,0.0,27530.0,50.0,Pass
l3316.txm,15.3281,751.0,753.0,133.0,0.0,653.0,101.0,1187.0,9428.0,9008.0,936.0,29.0,16684.0,19286.0,1404.0,16446.0,351.0,1.0,28336.0,50.0,Pass
l3316.txm,16.3594,751.0,752.0,135.0,0.0,915.0,101.0,1213.0,9466.0,9000.0,-1394.0,29.0,16723.0,19326.0,99.0,17028.0,351.0,0.0,28374.0,49.0,Pass
l3316.txm,17.375,752.0,754.0,132.0,0.0,914.0,102.0,1243.0,9485.0,9008.0,-1061.0,29.0,16696.0,19164.0,966.0,16386.0,359.0,0.0,28334.0,48.0,Pass
l3316.txm,18.4219,752.0,753.0,131.0,0.0,786.0,101.0,1254.0,9454.0,9004.0,199.0,28.0,16540.0,19160.0,-321.0,16690.0,361.0,0.0,28144.0,49.0,Pass
l3316.txm,19.4062,751.0,754.0,133.0,0.0,832.0,101.0,1213.0,9493.0,8965.0,296.0,29.0,16896.0,19350.0,6.0,16362.0,349.0,0.0,28130.0,50.0,Pass
l3316.txm,20.4375,752.0,753.0,135.0,0.0,832.0,100.0,1223.0,9459.0,8962.0,-970.0,29.0,16520.0,19370.0,450.0,16266.0,352.0,1.0,28276.0,49.0,Pass
l3316.txm,21.4531,752.0,752.0,131.0,0.0,844.0,102.0,1235.0,9396.0,9022.0,-1543.0,29.0,16861.0,19356.0,940.0,16652.0,349.0,0.0,28286.0,49.0,Pass
l3316.txm,22.4844,751.0,753.0,135.0,0.0,850.0,100.0,1228.0,9402.0,9025.0,-486.0,29.0,16845.0,19268.0,-25.0,16712.0,351.0,0.0,28270.0,49.0,Pass
l3316.txm,23.4844,752.0,753.0,138.0,0.0,856.0,100.0,1230.0,9400.0,9004.0,-1503.0,29.0,16663.0,19218.0,149.0,16456.0,346.0,0.0,28288.0,49.0,Pass
l3316.txm,24.5156,752.0,754.0,134.0,0.0,867.0,101.0,1231.0,9456.0,8971.0,-1927.0,29.0,16862.0,19234.0,103.0,16742.0,351.0,0.0,28154.0,49.0,Pass
l3316.txm,25.5625,751.0,752.0,131.0,0.0,873.0,100.0,1227.0,9413.0,9001.0,-1120.0,29.0,16695.0,19240.0,138.0,16224.0,357.0,0.0,28136.0,49.0,Pass
l3316.txm,26.5625,751.0,754.0,135.0,0.0,891.0,102.0,1229.0,9500.0,8942.0,-722.0,29.0,16706.0,19278.0,-34.0,16816.0,350.0,1.0,28300.0,49.0,Pass
l3316.txm,27.5625,752.0,754.0,136.0,0.0,887.0,101.0,1226.0,9431.0,8989.0,-1400.0,29.0,16308.0,19250.0,-601.0,16554.0,347.0,0.0,28284.0,49.0,Pass
l3316.txm,28.5937,752.0,754.0,134.0,0.0,887.0,100.0,1226.0,9429.0,9010.0,-1098.0,29.0,16601.0,19098.0,-264.0,16466.0,347.0,0.0,28356.0,49.0,Pass
l3316.txm,29.6094,752.0,753.0,130.0,0.0,894.0,102.0,1228.0,9464.0,8962.0,-1486.0,28.0,16621.0,19248.0,284.0,16590.0,358.0,0.0,28348.0,49.0,Pass
l3316.txm,30.6562,752.0,753.0,132.0,0.0,898.0,100.0,1229.0,9459.0,8926.0,-1680.0,28.0,16885.0,19102.0,21.0,16560.0,347.0,0.0,28348.0,49.0,Pass
l3316.txm,31.6875,752.0,753.0,131.0,0.0,890.0,101.0,1229.0,9400.0,9037.0,-1841.0,28.0,16455.0,19220.0,192.0,16220.0,346.0,0.0,28336.0,49.0,Pass
l3316.txm,32.6875,751.0,753.0,133.0,0.0,893.0,101.0,1227.0,9457.0,8960.0,-3055.0,28.0,16757.0,19178.0,-257.0,15938.0,354.0,0.0,28290.0,49.0,Pass
l3316.txm,33.7188,751.0,753.0,132.0,0.0,891.0,102.0,1226.0,9448.0,9025.0,-2001.0,28.0,16246.0,19232.0,734.0,16018.0,350.0,0.0,28308.0,49.0,Pass
l3316.txm,34.7344,751.0,752.0,133.0,0.0,893.0,100.0,1227.0,9449.0,8979.0,-758.0,28.0,16705.0,19228.0,90.0,16538.0,352.0,0.0,28296.0,49.0,Pass
l3316.txm,35.7656,752.0,755.0,134.0,0.0,894.0,101.0,1228.0,9417.0,9063.0,-2381.0,27.0,16833.0,19100.0,135.0,16508.0,350.0,1.0,28356.0,49.0,Pass
l3316.txm,36.7656,752.0,753.0,134.0,0.0,897.0,100.0,1227.0,9430.0,8966.0,-2159.0,28.0,16698.0,19138.0,-43.0,16226.0,357.0,0.0,28362.0,49.0,Pass
l3316.txm,37.8281,752.0,754.0,134.0,0.0,899.0,101.0,1229.0,9423.0,8985.0,-1090.0,28.0,16705.0,19282.0,84.0,16172.0,347.0,0.0,28294.0,49.0,Pass
l3316.txm,38.8438,752.0,754.0,133.0,0.0,894.0,101.0,1228.0,9443.0,8992.0,-2451.0,28.0,16497.0,19272.0,-57.0,16398.0,344.0,0.0,28342.0,49.0,Pass
l3316.txm,39.875,752.0,754.0,135.0,0.0,895.0,101.0,1227.0,9457.0,8971.0,-2311.0,28.0,16697.0,19142.0,688.0,16542.0,344.0,0.0,28354.0,49.0,Pass
l3316.txm,40.875,751.0,754.0,135.0,0.0,891.0,102.0,1227.0,9440.0,8964.0,-1035.0,28.0,16384.0,19302.0,576.0,16470.0,349.0,1.0,28354.0,49.0,Pass
l3316.txm,41.9062,752.0,753.0,133.0,0.0,893.0,102.0,1226.0,9399.0,8990.0,-1062.0,28.0,16334.0,19266.0,258.0,16600.0,343.0,1.0,28330.0,49.0,Pass
l3316.txm,42.9219,752.0,753.0,133.0,0.0,900.0,100.0,1229.0,9444.0,8996.0,-1978.0,28.0,16325.0,19156.0,516.0,16674.0,347.0,1.0,28348.0,49.0,Pass
l3316.txm,43.9531,752.0,754.0,132.0,0.0,893.0,102.0,1230.0,9452.0,8967.0,-2110.0,28.0,16488.0,19104.0,66.0,16542.0,353.0,0.0,28350.0,49.0,Pass
l3316.txm,44.9844,752.0,754.0,131.0,0.0,892.0,101.0,1228.0,9476.0,8963.0,-2079.0,27.0,16379.0,19274.0,254.0,16650.0,348.0,1.0,28332.0,49.0,Pass
l3316.txm,45.9844,751.0,753.0,136.0,0.0,892.0,101.0,1226.0,9381.0,9026.0,-1692.0,28.0,16416.0,19160.0,614.0,16584.0,345.0,0.0,28346.0,49.0,Pass
l3316.txm,47.0,751.0,753.0,136.0,0.0,892.0,100.0,1229.0,9447.0,9006.0,-1523.0,28.0,16560.0,19292.0,96.0,16696.0,350.0,1.0,28348.0,49.0,Pass
l3316.txm,48.0312,751.0,752.0,133.0,0.0,889.0,100.0,1225.0,9436.0,8948.0,-1257.0,27.0,16258.0,19114.0,-93.0,16646.0,345.0,1.0,28332.0,49.0,Pass
l3316.txm,49.0469,752.0,752.0,134.0,0.0,891.0,102.0,1229.0,9512.0,8943.0,-2871.0,28.0,16433.0,19112.0,312.0,16240.0,355.0,1.0,28296.0,49.0,Pass
l3316.txm,50.0625,752.0,753.0,132.0,0.0,883.0,101.0,1227.0,9467.0,8975.0,-1153.0,28.0,16574.0,19092.0,101.0,16374.0,352.0,0.0,28356.0,49.0,Pass
l3316.txm,51.0937,752.0,754.0,136.0,0.0,884.0,100.0,1228.0,9396.0,9024.0,-510.0,28.0,16813.0,19096.0,-22.0,16508.0,354.0,1.0,28350.0,49.0,Pass
l3316.txm,52.1094,752.0,754.0,133.0,0.0,879.0,101.0,1228.0,9395.0,9004.0,-1300.0,28.0,16481.0,19222.0,168.0,16240.0,342.0,0.0,28296.0,49.0,Pass
l3316.txm,53.125,752.0,751.0,132.0,0.0,860.0,101.0,1227.0,9450.0,8928.0,-612.0,28.0,16538.0,19178.0,-508.0,17002.0,350.0,0.0,28326.0,49.0,Pass
l3316.txm,54.1406,752.0,753.0,132.0,0.0,744.0,101.0,1241.0,9400.0,9002.0,-817.0,28.0,16457.0,19194.0,-11.0,17090.0,356.0,0.0,28282.0,49.0,Pass
l3316.txm,55.1719,752.0,754.0,133.0,1.0,622.0,100.0,1240.0,9458.0,8971.0,212.0,27.0,16825.0,19374.0,-368.0,16660.0,358.0,0.0,28108.0,50.0,Pass
l3316.txm,56.1875,752.0,754.0,136.0,1.0,506.0,100.0,1231.0,9418.0,9005.0,-293.0,29.0,16747.0,19574.0,25.0,16626.0,347.0,0.0,27860.0,50.0,Pass
l3316.txm,57.2031,752.0,753.0,132.0,0.0,413.0,101.0,1235.0,9463.0,8930.0,-737.0,30.0,15892.0,19716.0,-704.0,16324.0,347.0,0.0,27826.0,50.0,Pass
l3316.txm,9.6875,751.0,752.0,132.0,0.0,346.0,101.0,1291.0,9411.0,9041.0,-975.0,31.0,16742.0,19846.0,-386.0,16502.0,349.0,0.0,27764.0,49.0,Pass
l3317.txm,9.6875,751.0,752.0,132.0,0.0,346.0,101.0,1291.0,9411.0,9041.0,-975.0,31.0,16742.0,19846.0,-386.0,16502.0,349.0,0.0,27764.0,49.0,Pass
l3317.txm,10.7031,751.0,753.0,133.0,0.0,332.0,101.0,1288.0,9442.0,8973.0,-1547.0,31.0,16672.0,19964.0,153.0,16372.0,359.0,0.0,27844.0,49.0,Pass
l3317.txm,11.7344,751.0,754.0,134.0,0.0,329.0,101.0,1288.0,9398.0,9019.0,-1343.0,31.0,16581.0,19960.0,127.0,16664.0,358.0,0.0,27832.0,49.0,Pass
l3317.txm,12.75,751.0,754.0,132.0,0.0,320.0,101.0,1227.0,9412.0,9016.0,873.0,29.0,16593.0,20034.0,-979.0,16958.0,348.0,0.0,27572.0,50.0,Pass
l3317.txm,13.7656,751.0,753.0,133.0,0.0,384.0,101.0,1204.0,9420.0,8969.0,914.0,30.0,16505.0,20148.0,628.0,15508.0,350.0,0.0,27778.0,50.0,Pass
l3317.txm,14.7812,751.0,752.0,134.0,0.0,876.0,100.0,1195.0,9430.0,8957.0,-2607.0,30.0,16467.0,19166.0,128.0,17020.0,344.0,0.0,28268.0,49.0,Pass
l3317.txm,15.8125,751.0,753.0,134.0,0.0,919.0,100.0,1233.0,9446.0,9010.0,-2120.0,29.0,16854.0,19320.0,-267.0,16320.0,346.0,0.0,28066.0,48.0,Pass
l3317.txm,16.8594,750.0,752.0,134.0,0.0,873.0,101.0,1242.0,9409.0,9075.0,-555.0,29.0,16420.0,19384.0,-333.0,16734.0,350.0,0.0,28170.0,49.0,Pass
l3317.txm,17.875,751.0,752.0,135.0,0.0,705.0,101.0,1259.0,9446.0,8985.0,-19.0,29.0,16611.0,19338.0,-419.0,16398.0,355.0,0.0,28140.0,49.0,Pass
l3317.txm,18.9062,751.0,753.0,134.0,0.0,834.0,99.0,1198.0,9462.0,8970.0,-1337.0,31.0,16730.0,19310.0,572.0,16578.0,358.0,0.0,28286.0,49.0,Pass
l3317.txm,19.9219,752.0,753.0,131.0,0.0,849.0,102.0,1241.0,9443.0,8973.0,-1854.0,29.0,17044.0,19360.0,-511.0,16486.0,348.0,0.0,28296.0,49.0,Pass
l3317.txm,20.9375,752.0,753.0,131.0,0.0,855.0,101.0,1224.0,9467.0,8961.0,-687.0,31.0,16163.0,19370.0,-62.0,16696.0,350.0,0.0,28148.0,49.0,Pass
l3317.txm,21.9688,752.0,754.0,133.0,0.0,856.0,101.0,1230.0,9482.0,8964.0,-1228.0,29.0,16819.0,19392.0,348.0,16174.0,355.0,1.0,28138.0,49.0,Pass
l3317.txm,22.9844,752.0,753.0,130.0,0.0,860.0,101.0,1232.0,9437.0,8968.0,-1522.0,29.0,16402.0,19328.0,-17.0,16798.0,358.0,1.0,28148.0,49.0,Pass
l3317.txm,24.0156,751.0,753.0,133.0,0.0,869.0,99.0,1227.0,9397.0,9017.0,-1498.0,29.0,16570.0,19320.0,64.0,16696.0,358.0,0.0,28304.0,49.0,Pass
l3317.txm,25.0156,751.0,754.0,132.0,0.0,890.0,100.0,1231.0,9460.0,8972.0,-1567.0,29.0,16831.0,19244.0,-45.0,16544.0,346.0,0.0,28314.0,49.0,Pass
l3317.txm,26.0313,751.0,753.0,134.0,0.0,885.0,100.0,1227.0,9469.0,8964.0,-1643.0,29.0,16677.0,19152.0,-22.0,16402.0,345.0,0.0,28302.0,49.0,Pass
l3317.txm,27.0625,752.0,755.0,133.0,0.0,891.0,101.0,1229.0,9453.0,8965.0,-2431.0,29.0,16757.0,19268.0,488.0,16136.0,360.0,1.0,28286.0,49.0,Pass
l3317.txm,28.0781,751.0,753.0,134.0,0.0,896.0,100.0,1232.0,9437.0,8971.0,-1462.0,28.0,16610.0,19194.0,960.0,16636.0,360.0,0.0,28286.0,49.0,Pass
l3317.txm,29.0937,751.0,754.0,131.0,0.0,896.0,101.0,1228.0,9457.0,9000.0,-2299.0,28.0,16614.0,19292.0,89.0,16632.0,343.0,0.0,28286.0,49.0,Pass
l3317.txm,30.1094,752.0,753.0,126.0,0.0,892.0,100.0,1227.0,9428.0,8964.0,-2265.0,28.0,16683.0,19132.0,-3.0,16596.0,345.0,1.0,28316.0,49.0,Pass
l3317.txm,31.1406,752.0,754.0,136.0,0.0,894.0,101.0,1227.0,9431.0,8993.0,-846.0,28.0,16728.0,19126.0,41.0,16624.0,350.0,1.0,28284.0,49.0,Pass
l3317.txm,32.1719,752.0,753.0,132.0,0.0,899.0,101.0,1227.0,9402.0,9008.0,-2673.0,28.0,16257.0,19278.0,99.0,16254.0,350.0,0.0,28304.0,49.0,Pass
l3317.txm,33.1719,752.0,753.0,132.0,0.0,893.0,100.0,1227.0,9483.0,8943.0,-1581.0,28.0,16693.0,19138.0,-39.0,16216.0,351.0,0.0,28326.0,49.0,Pass
l3317.txm,34.2031,752.0,753.0,133.0,0.0,894.0,100.0,1226.0,9429.0,8993.0,-1704.0,28.0,16277.0,19118.0,526.0,16358.0,354.0,1.0,28364.0,49.0,Pass
l3317.txm,35.2187,751.0,753.0,130.0,0.0,904.0,101.0,1231.0,9390.0,9003.0,-1331.0,28.0,16671.0,19186.0,-84.0,16666.0,345.0,0.0,28316.0,49.0,Pass
l3317.txm,36.2656,751.0,755.0,131.0,0.0,900.0,101.0,1227.0,9488.0,8969.0,-1476.0,28.0,16912.0,19188.0,127.0,16690.0,350.0,0.0,28350.0,49.0,Pass
l3317.txm,37.2813,752.0,753.0,135.0,0.0,898.0,101.0,1227.0,9387.0,9025.0,-1879.0,28.0,16979.0,19078.0,-425.0,16168.0,351.0,0.0,28358.0,49.0,Pass
l3317.txm,38.3125,752.0,754.0,132.0,0.0,894.0,101.0,1228.0,9506.0,8945.0,-756.0,28.0,16841.0,19060.0,-352.0,16550.0,351.0,1.0,28342.0,49.0,Pass
l3317.txm,39.3281,752.0,752.0,133.0,0.0,896.0,101.0,1229.0,9411.0,9009.0,-353.0,28.0,16601.0,19072.0,1.0,16842.0,347.0,0.0,28304.0,49.0,Pass
l3317.txm,40.3594,752.0,753.0,132.0,0.0,899.0,100.0,1227.0,9462.0,8947.0,-421.0,28.0,16327.0,19142.0,-283.0,16430.0,353.0,0.0,28360.0,49.0,Pass
l3317.txm,41.3594,752.0,754.0,133.0,0.0,898.0,101.0,1230.0,9407.0,9033.0,-2018.0,28.0,16937.0,19132.0,578.0,16722.0,358.0,1.0,28360.0,49.0,Pass
l3317.txm,42.3906,752.0,754.0,133.0,0.0,894.0,100.0,1227.0,9439.0,9026.0,-1065.0,28.0,16227.0,19174.0,-19.0,16844.0,347.0,0.0,28302.0,49.0,Pass
l3317.txm,43.4219,752.0,754.0,137.0,0.0,891.0,101.0,1225.0,9471.0,8991.0,-1495.0,28.0,16941.0,19236.0,29.0,16538.0,349.0,1.0,28312.0,49.0,Pass
l3317.txm,44.4375,752.0,754.0,134.0,0.0,892.0,101.0,1226.0,9454.0,9012.0,-1888.0,28.0,16672.0,19064.0,-298.0,16818.0,345.0,0.0,28346.0,49.0,Pass
l3317.txm,45.4375,752.0,753.0,134.0,0.0,889.0,100.0,1228.0,9442.0,8984.0,-2434.0,28.0,16519.0,19066.0,-71.0,16888.0,353.0,1.0,28316.0,49.0,Pass
l3317.txm,46.4687,751.0,753.0,133.0,0.0,896.0,100.0,1227.0,9458.0,8973.0,-1674.0,28.0,16589.0,19232.0,-267.0,16730.0,354.0,0.0,28340.0,49.0,Pass
l3317.txm,47.4844,751.0,753.0,131.0,0.0,894.0,100.0,1228.0,9444.0,9034.0,-1720.0,28.0,16444.0,19166.0,376.0,16564.0,346.0,0.0,28348.0,49.0,Pass
l3317.txm,48.5156,752.0,754.0,133.0,0.0,891.0,100.0,1228.0,9434.0,9005.0,-2110.0,27.0,16643.0,19136.0,150.0,16764.0,350.0,0.0,28354.0,49.0,Pass
l3317.txm,49.5312,752.0,753.0,132.0,0.0,891.0,101.0,1229.0,9408.0,8987.0,-1832.0,28.0,16868.0,19158.0,-276.0,16438.0,349.0,1.0,28298.0,49.0,Pass
l3317.txm,50.5781,752.0,753.0,136.0,0.0,885.0,100.0,1229.0,9415.0,9012.0,-2958.0,27.0,16781.0,19080.0,-334.0,16208.0,355.0,1.0,28342.0,49.0,Pass
l3317.txm,51.5781,752.0,752.0,133.0,0.0,879.0,100.0,1230.0,9438.0,9001.0,-283.0,28.0,16717.0,19080.0,-259.0,16242.0,352.0,0.0,28290.0,49.0,Pass
l3317.txm,52.5937,751.0,751.0,132.0,0.0,840.0,100.0,1230.0,9394.0,8982.0,-958.0,28.0,16719.0,19146.0,-610.0,16448.0,352.0,0.0,28322.0,49.0,Pass
l3317.txm,53.625,752.0,754.0,135.0,0.0,732.0,101.0,1236.0,9450.0,8948.0,445.0,28.0,16373.0,19308.0,-10.0,16836.0,341.0,0.0,28132.0,49.0,Pass
l3317.txm,54.6406,752.0,754.0,133.0,0.0,589.0,100.0,1238.0,9446.0,8943.0,337.0,29.0,16015.0,19602.0,-546.0,16604.0,345.0,0.0,28070.0,50.0,Pass
l3317.txm,55.6562,752.0,754.0,133.0,0.0,492.0,101.0,1234.0,9412.0,8983.0,-225.0,30.0,16112.0,19630.0,-725.0,16292.0,357.0,0.0,27886.0,50.0,Pass
l3317.txm,10.2344,751.0,753.0,133.0,0.0,368.0,100.0,1303.0,9458.0,9022.0,-123.0,30.0,16992.0,19456.0,-1595.0,17550.0,350.0,0.0,28026.0,49.0,Pass
l3321.txm,10.2344,751.0,753.0,133.0,0.0,368.0,100.0,1303.0,9458.0,9022.0,-123.0,30.0,16992.0,19456.0,-1595.0,17550.0,350.0,0.0,28026.0,49.0,Pass
l3321.txm,11.2344,751.0,753.0,134.0,0.0,337.0,100.0,1288.0,9470.0,8958.0,-1477.0,30.0,16677.0,19994.0,95.0,16226.0,354.0,0.0,27762.0,49.0,Pass
l3321.txm,12.2344,751.0,753.0,134.0,0.0,329.0,101.0,1288.0,9459.0,9014.0,-1508.0,31.0,16863.0,19966.0,3.0,16554.0,350.0,0.0,27768.0,49.0,Pass
l3321.txm,13.2656,751.0,754.0,134.0,0.0,322.0,100.0,1268.0,9441.0,9055.0,-837.0,30.0,16869.0,19954.0,-709.0,16896.0,352.0,0.0,27740.0,50.0,Pass
l3321.txm,14.2813,751.0,753.0,132.0,0.0,324.0,101.0,1212.0,9531.0,8987.0,705.0,29.0,16764.0,20140.0,-514.0,16696.0,360.0,0.0,27592.0,51.0,Pass
l3321.txm,15.3125,751.0,754.0,135.0,0.0,753.0,100.0,1186.0,9477.0,8923.0,769.0,30.0,16336.0,19374.0,1008.0,17292.0,348.0,1.0,28518.0,50.0,Pass
l3321.txm,16.3125,751.0,753.0,134.0,0.0,931.0,101.0,1213.0,9442.0,9002.0,-2176.0,28.0,16822.0,19364.0,-503.0,16092.0,360.0,0.0,28134.0,49.0,Pass
l3321.txm,17.375,751.0,753.0,135.0,0.0,914.0,100.0,1239.0,9457.0,8986.0,-1171.0,31.0,16187.0,19370.0,-25.0,16404.0,348.0,0.0,28106.0,48.0,Pass
l3321.txm,18.375,751.0,751.0,132.0,0.0,780.0,101.0,1263.0,9505.0,8989.0,930.0,27.0,17498.0,19334.0,105.0,16812.0,360.0,1.0,28274.0,49.0,Pass
l3321.txm,19.3906,751.0,753.0,132.0,0.0,852.0,101.0,1205.0,9451.0,8944.0,38.0,30.0,16381.0,19392.0,-332.0,16660.0,342.0,0.0,28138.0,50.0,Pass
l3321.txm,20.4063,751.0,752.0,133.0,0.0,831.0,101.0,1219.0,9456.0,8941.0,-1381.0,29.0,16836.0,19332.0,144.0,16190.0,347.0,1.0,28276.0,49.0,Pass
l3321.txm,21.4219,752.0,754.0,133.0,0.0,853.0,100.0,1238.0,9443.0,8958.0,-898.0,29.0,16901.0,19378.0,-84.0,16564.0,354.0,1.0,28272.0,49.0,Pass
l3321.txm,22.4531,751.0,752.0,133.0,0.0,849.0,100.0,1225.0,9461.0,8947.0,-1772.0,29.0,16825.0,19328.0,155.0,16724.0,347.0,0.0,28282.0,49.0,Pass
l3321.txm,23.4687,751.0,753.0,132.0,0.0,855.0,101.0,1227.0,9465.0,8967.0,-1092.0,29.0,16939.0,19370.0,806.0,16370.0,349.0,0.0,28130.0,49.0,Pass
l3321.txm,24.5313,751.0,754.0,134.0,0.0,862.0,100.0,1229.0,9414.0,9003.0,-1344.0,29.0,16497.0,19328.0,328.0,16368.0,349.0,0.0,28258.0,49.0,Pass
l3321.txm,25.5,752.0,753.0,136.0,0.0,880.0,101.0,1228.0,9467.0,8955.0,-1006.0,29.0,16626.0,19134.0,150.0,16882.0,350.0,0.0,28316.0,49.0,Pass
l3321.txm,26.5313,751.0,754.0,127.0,0.0,887.0,100.0,1227.0,9481.0,8977.0,-1535.0,29.0,16644.0,19236.0,262.0,16644.0,349.0,1.0,28336.0,49.0,Pass
l3321.txm,27.5469,752.0,753.0,135.0,0.0,892.0,101.0,1227.0,9448.0,8950.0,-803.0,29.0,16722.0,19264.0,127.0,16452.0,339.0,0.0,28338.0,49.0,Pass
l3321.txm,28.5625,751.0,753.0,130.0,0.0,895.0,100.0,1227.0,9479.0,8955.0,-2124.0,29.0,16474.0,19244.0,488.0,16490.0,354.0,1.0,28290.0,49.0,Pass
l3321.txm,29.6094,751.0,753.0,133.0,0.0,901.0,101.0,1230.0,9403.0,9023.0,-1359.0,29.0,16600.0,19182.0,-273.0,16398.0,354.0,0.0,28284.0,49.0,Pass
l3321.txm,30.6094,752.0,753.0,133.0,0.0,898.0,100.0,1229.0,9432.0,8985.0,-1742.0,29.0,16287.0,19114.0,88.0,16672.0,355.0,0.0,28302.0,49.0,Pass
l3321.txm,31.625,751.0,754.0,132.0,0.0,900.0,101.0,1227.0,9438.0,8989.0,-2096.0,28.0,16541.0,19088.0,-70.0,16642.0,349.0,0.0,28324.0,49.0,Pass
l3321.txm,32.6406,752.0,754.0,133.0,0.0,901.0,100.0,1229.0,9420.0,8974.0,-1708.0,28.0,16339.0,19124.0,20.0,16710.0,349.0,1.0,28318.0,49.0,Pass
l3321.txm,33.6562,752.0,754.0,135.0,0.0,903.0,101.0,1228.0,9437.0,8992.0,-818.0,28.0,16333.0,19222.0,37.0,16802.0,347.0,0.0,28300.0,49.0,Pass
l3321.txm,34.6875,752.0,753.0,134.0,0.0,897.0,100.0,1227.0,9458.0,8977.0,-1687.0,28.0,16458.0,19188.0,-304.0,16382.0,351.0,1.0,28306.0,49.0,Pass
l3321.txm,35.7188,752.0,753.0,133.0,0.0,903.0,101.0,1228.0,9420.0,8980.0,-1699.0,27.0,16738.0,19110.0,-395.0,16490.0,360.0,0.0,28308.0,49.0,Pass
l3321.txm,36.75,752.0,753.0,136.0,0.0,903.0,100.0,1232.0,9495.0,8976.0,-1582.0,28.0,16586.0,19236.0,83.0,16258.0,343.0,0.0,28276.0,49.0,Pass
l3321.txm,37.75,752.0,753.0,135.0,0.0,903.0,101.0,1229.0,9393.0,9013.0,-743.0,28.0,16641.0,19120.0,158.0,16866.0,346.0,0.0,28338.0,49.0,Pass
l3321.txm,38.7656,751.0,753.0,132.0,0.0,898.0,100.0,1227.0,9428.0,8995.0,-1010.0,28.0,16871.0,19108.0,74.0,16650.0,346.0,0.0,28292.0,49.0,Pass
l3321.txm,39.7969,751.0,754.0,132.0,0.0,902.0,101.0,1228.0,9504.0,8933.0,-208.0,28.0,16209.0,19232.0,196.0,16186.0,359.0,1.0,28338.0,49.0,Pass
l3321.txm,40.7969,752.0,753.0,135.0,0.0,894.0,100.0,1226.0,9475.0,8968.0,-3247.0,28.0,16472.0,19184.0,1006.0,16720.0,345.0,0.0,28322.0,49.0,Pass
l3321.txm,41.8281,751.0,754.0,134.0,0.0,898.0,102.0,1227.0,9452.0,8964.0,-818.0,27.0,16508.0,19118.0,15.0,16246.0,343.0,0.0,28154.0,49.0,Pass
l3321.txm,42.8437,752.0,753.0,135.0,0.0,899.0,100.0,1227.0,9426.0,9011.0,-2501.0,28.0,16817.0,19158.0,-77.0,16944.0,349.0,0.0,28334.0,49.0,Pass
l3321.txm,43.875,752.0,753.0,132.0,0.0,897.0,101.0,1227.0,9411.0,8972.0,-593.0,27.0,16462.0,19082.0,476.0,16618.0,346.0,0.0,28286.0,49.0,Pass
l3321.txm,44.875,752.0,753.0,136.0,0.0,902.0,100.0,1228.0,9425.0,8982.0,-1098.0,27.0,16898.0,19200.0,-298.0,16534.0,350.0,0.0,28330.0,49.0,Pass
l3321.txm,45.9219,752.0,753.0,133.0,0.0,893.0,102.0,1226.0,9429.0,9023.0,-1196.0,28.0,16606.0,19090.0,410.0,16580.0,349.0,0.0,28286.0,49.0,Pass
l3321.txm,46.9375,751.0,754.0,132.0,0.0,898.0,101.0,1227.0,9425.0,9008.0,-2139.0,28.0,16276.0,19240.0,-15.0,16346.0,356.0,0.0,28300.0,49.0,Pass
l3321.txm,47.9531,752.0,754.0,133.0,0.0,891.0,102.0,1228.0,9439.0,8981.0,-1761.0,28.0,16549.0,19096.0,137.0,16470.0,347.0,0.0,28330.0,49.0,Pass
l3321.txm,49.0,752.0,754.0,132.0,0.0,891.0,100.0,1226.0,9433.0,8992.0,-1887.0,28.0,16383.0,19176.0,-14.0,16802.0,351.0,0.0,28324.0,49.0,Pass
l3321.txm,50.0312,752.0,754.0,134.0,0.0,890.0,100.0,1228.0,9455.0,8974.0,-1415.0,28.0,16402.0,19238.0,-344.0,16506.0,352.0,1.0,28310.0,49.0,Pass
l3321.txm,51.0469,752.0,754.0,136.0,0.0,887.0,101.0,1228.0,9449.0,9018.0,-1820.0,28.0,16463.0,19114.0,6.0,16388.0,347.0,1.0,28302.0,49.0,Pass
l3321.txm,52.0625,752.0,753.0,134.0,0.0,881.0,100.0,1228.0,9399.0,9019.0,-1736.0,28.0,16361.0,19242.0,-301.0,16906.0,343.0,1.0,28286.0,49.0,Pass
l3321.txm,53.0937,751.0,752.0,134.0,0.0,858.0,100.0,1226.0,9415.0,9007.0,-472.0,28.0,16483.0,19156.0,-283.0,16198.0,353.0,1.0,28302.0,49.0,Pass
l3321.txm,54.1094,752.0,754.0,134.0,0.0,773.0,100.0,1239.0,9503.0,8959.0,-1361.0,28.0,16470.0,19216.0,-908.0,16848.0,347.0,0.0,28110.0,49.0,Pass
l3321.txm,55.1875,752.0,755.0,133.0,0.0,620.0,100.0,1240.0,9471.0,8961.0,1335.0,28.0,16305.0,19380.0,-72.0,16514.0,350.0,0.0,28092.0,50.0,Pass
l3321.txm,56.2187,752.0,753.0,133.0,0.0,502.0,100.0,1229.0,9499.0,8917.0,782.0,29.0,16382.0,19580.0,-1229.0,16802.0,355.0,0.0,27964.0,50.0,Pass
l3321.txm,11.2188,752.0,752.0,135.0,0.0,353.0,101.0,1292.0,9488.0,8963.0,33.0,31.0,16673.0,19852.0,-1032.0,16404.0,342.0,0.0,27742.0,49.0,Pass
l3322.txm,11.2188,752.0,752.0,135.0,0.0,353.0,101.0,1292.0,9488.0,8963.0,33.0,31.0,16673.0,19852.0,-1032.0,16404.0,342.0,0.0,27742.0,49.0,Pass
l3322.txm,12.2344,751.0,753.0,134.0,0.0,336.0,101.0,1288.0,9431.0,8993.0,-1229.0,31.0,16630.0,20028.0,-32.0,16444.0,350.0,0.0,27858.0,49.0,Pass
l3322.txm,13.2656,751.0,753.0,132.0,0.0,327.0,100.0,1288.0,9400.0,9037.0,-1201.0,31.0,16274.0,19934.0,-89.0,16704.0,350.0,0.0,27830.0,49.0,Pass
l3322.txm,14.2969,751.0,753.0,132.0,0.0,319.0,100.0,1263.0,9474.0,8989.0,-61.0,31.0,16425.0,20018.0,-582.0,16962.0,355.0,0.0,27728.0,50.0,Pass
l3322.txm,15.3281,751.0,753.0,134.0,0.0,355.0,102.0,1206.0,9511.0,9003.0,1228.0,28.0,16860.0,20212.0,-77.0,15770.0,350.0,0.0,27574.0,50.0,Pass
l3322.txm,16.3281,751.0,753.0,132.0,0.0,862.0,101.0,1186.0,9429.0,8972.0,-1670.0,29.0,16769.0,19150.0,138.0,17098.0,345.0,1.0,28482.0,49.0,Pass
l3322.txm,17.3438,752.0,753.0,131.0,0.0,933.0,101.0,1220.0,9435.0,8984.0,-1714.0,31.0,16093.0,19298.0,-1089.0,16410.0,342.0,0.0,28270.0,48.0,Pass
l3322.txm,18.375,752.0,753.0,131.0,0.0,900.0,100.0,1245.0,9486.0,8969.0,-839.0,31.0,16607.0,19268.0,-312.0,16630.0,355.0,0.0,28132.0,48.0,Pass
l3322.txm,19.375,751.0,753.0,132.0,0.0,702.0,100.0,1265.0,9470.0,8927.0,654.0,29.0,16726.0,19550.0,27.0,16510.0,359.0,1.0,28094.0,49.0,Pass
l3322.txm,20.4063,751.0,752.0,133.0,0.0,848.0,102.0,1196.0,9471.0,8960.0,-205.0,29.0,17153.0,19366.0,4.0,16918.0,354.0,0.0,28312.0,50.0,Pass
l3322.txm,21.4219,751.0,752.0,133.0,0.0,857.0,101.0,1236.0,9440.0,8978.0,-1508.0,28.0,17018.0,19182.0,1038.0,16736.0,347.0,0.0,28150.0,49.0,Pass
l3322.txm,22.4688,751.0,753.0,132.0,0.0,859.0,100.0,1231.0,9438.0,8983.0,-734.0,28.0,16854.0,19332.0,960.0,16492.0,350.0,0.0,28258.0,49.0,Pass
l3322.txm,23.4531,752.0,753.0,132.0,0.0,858.0,101.0,1226.0,9454.0,8986.0,-1368.0,29.0,16588.0,19260.0,-504.0,16720.0,347.0,0.0,28260.0,49.0,Pass
l3322.txm,24.4844,752.0,753.0,134.0,0.0,867.0,101.0,1228.0,9432.0,8984.0,-1416.0,29.0,16829.0,19342.0,-42.0,16518.0,342.0,0.0,28098.0,49.0,Pass
l3322.txm,25.5,751.0,753.0,133.0,0.0,874.0,100.0,1227.0,9442.0,8971.0,-1659.0,29.0,16919.0,19308.0,4.0,16500.0,358.0,0.0,28116.0,49.0,Pass
l3322.txm,26.5313,752.0,754.0,133.0,0.0,887.0,101.0,1231.0,9445.0,8982.0,-789.0,28.0,17099.0,19340.0,0.0,16178.0,349.0,1.0,28284.0,49.0,Pass
l3322.txm,27.5312,752.0,753.0,134.0,0.0,894.0,101.0,1228.0,9411.0,8974.0,-1107.0,29.0,16928.0,19282.0,4.0,16516.0,344.0,0.0,28366.0,49.0,Pass
l3322.txm,28.5625,752.0,754.0,134.0,0.0,897.0,100.0,1226.0,9452.0,8934.0,-1603.0,28.0,16721.0,19174.0,7.0,16972.0,357.0,1.0,28376.0,49.0,Pass
l3322.txm,29.5781,751.0,754.0,136.0,0.0,905.0,100.0,1226.0,9429.0,8980.0,-1637.0,28.0,16569.0,19192.0,35.0,16776.0,344.0,1.0,28336.0,49.0,Pass
l3322.txm,30.6094,752.0,755.0,136.0,0.0,909.0,100.0,1230.0,9414.0,8994.0,-882.0,28.0,16834.0,19144.0,-326.0,16782.0,345.0,0.0,28390.0,49.0,Pass
l3322.txm,31.625,752.0,754.0,136.0,0.0,903.0,101.0,1226.0,9410.0,9024.0,-1894.0,28.0,16603.0,19094.0,83.0,16174.0,351.0,0.0,28326.0,49.0,Pass
l3322.txm,32.6406,752.0,755.0,134.0,0.0,903.0,100.0,1229.0,9445.0,8981.0,-1530.0,28.0,16721.0,19160.0,5.0,16704.0,346.0,0.0,28348.0,49.0,Pass
l3322.txm,33.6719,752.0,754.0,134.0,0.0,908.0,101.0,1227.0,9473.0,9007.0,-1625.0,27.0,16724.0,19118.0,137.0,16246.0,352.0,1.0,28314.0,49.0,Pass
l3322.txm,34.7031,752.0,753.0,135.0,0.0,906.0,100.0,1228.0,9438.0,8938.0,-1780.0,28.0,16911.0,19244.0,-570.0,16754.0,346.0,1.0,28300.0,49.0,Pass
l3322.txm,35.7344,752.0,753.0,133.0,0.0,907.0,101.0,1228.0,9458.0,9016.0,-2745.0,27.0,16535.0,19212.0,106.0,16516.0,351.0,1.0,28328.0,49.0,Pass
l3322.txm,36.75,752.0,754.0,132.0,0.0,905.0,102.0,1226.0,9391.0,9016.0,-911.0,27.0,16810.0,19234.0,108.0,16822.0,347.0,0.0,28332.0,49.0,Pass
l3322.txm,37.7813,753.0,753.0,131.0,0.0,907.0,101.0,1230.0,9477.0,9007.0,-1597.0,27.0,16498.0,19206.0,-74.0,16650.0,349.0,1.0,28360.0,49.0,Pass
l3322.txm,38.7812,752.0,753.0,132.0,0.0,907.0,101.0,1230.0,9464.0,9005.0,456.0,27.0,16602.0,19078.0,92.0,16398.0,350.0,0.0,28336.0,49.0,Pass
l3322.txm,39.8125,751.0,753.0,135.0,0.0,900.0,101.0,1223.0,9470.0,8988.0,-253.0,27.0,16599.0,19124.0,106.0,16278.0,359.0,0.0,28294.0,49.0,Pass
l3322.txm,40.8281,752.0,752.0,134.0,0.0,905.0,100.0,1232.0,9393.0,9045.0,-960.0,27.0,17141.0,19134.0,344.0,16762.0,350.0,0.0,28350.0,49.0,Pass
l3322.txm,41.875,751.0,754.0,133.0,0.0,907.0,101.0,1229.0,9426.0,9090.0,1569.0,27.0,16637.0,19104.0,494.0,16594.0,344.0,0.0,28298.0,49.0,Pass
l3322.txm,42.8594,752.0,754.0,135.0,0.0,904.0,100.0,1229.0,9450.0,8984.0,-370.0,27.0,17123.0,19128.0,-356.0,16646.0,358.0,1.0,28306.0,49.0,Pass
l3322.txm,43.8906,752.0,754.0,135.0,0.0,897.0,100.0,1229.0,9491.0,8978.0,219.0,27.0,17198.0,19078.0,824.0,16530.0,358.0,0.0,28300.0,49.0,Pass
l3322.txm,44.9062,751.0,753.0,134.0,0.0,900.0,101.0,1227.0,9409.0,9010.0,981.0,27.0,16918.0,19222.0,-431.0,16626.0,354.0,0.0,28330.0,49.0,Pass
l3322.txm,45.9375,752.0,753.0,133.0,0.0,895.0,101.0,1227.0,9463.0,9004.0,735.0,27.0,16551.0,19086.0,-67.0,16790.0,346.0,0.0,28348.0,49.0,Pass
l3322.txm,46.9375,751.0,752.0,134.0,0.0,894.0,100.0,1226.0,9495.0,9033.0,-94.0,27.0,16745.0,19168.0,98.0,16764.0,343.0,1.0,28294.0,49.0,Pass
l3322.txm,47.9687,752.0,753.0,133.0,0.0,900.0,100.0,1227.0,9460.0,8977.0,-1712.0,27.0,16844.0,19120.0,-620.0,16282.0,353.0,1.0,28296.0,49.0,Pass
l3322.txm,49.0,752.0,752.0,130.0,0.0,898.0,101.0,1226.0,9419.0,9057.0,526.0,27.0,16567.0,19218.0,105.0,16598.0,357.0,1.0,28328.0,49.0,Pass
l3322.txm,50.0156,752.0,753.0,133.0,0.0,895.0,101.0,1226.0,9430.0,9005.0,311.0,27.0,17055.0,19098.0,-8.0,16296.0,345.0,0.0,28302.0,49.0,Pass
l3322.txm,51.0312,752.0,754.0,132.0,0.0,890.0,101.0,1228.0,9414.0,9000.0,-1047.0,27.0,16749.0,19090.0,-450.0,16266.0,353.0,1.0,28300.0,49.0,Pass
l3322.txm,52.0469,752.0,753.0,134.0,0.0,893.0,100.0,1229.0,9420.0,9047.0,664.0,27.0,16708.0,19160.0,13.0,16526.0,345.0,1.0,28344.0,49.0,Pass
l3322.txm,53.0781,751.0,752.0,136.0,0.0,877.0,101.0,1227.0,9425.0,9023.0,85.0,27.0,17021.0,19156.0,149.0,16872.0,354.0,0.0,28322.0,49.0,Pass
l3322.txm,54.0937,751.0,753.0,134.0,1.0,835.0,101.0,1231.0,9423.0,9092.0,-530.0,27.0,16608.0,19162.0,-276.0,16880.0,348.0,0.0,28286.0,49.0,Pass
l3322.txm,55.1094,752.0,753.0,132.0,0.0,690.0,101.0,1243.0,9456.0,8994.0,815.0,27.0,16787.0,19318.0,-494.0,17026.0,361.0,0.0,28156.0,49.0,Pass
l3322.txm,56.125,752.0,754.0,134.0,0.0,556.0,100.0,1233.0,9406.0,8980.0,300.0,29.0,16542.0,19548.0,-376.0,16770.0,348.0,0.0,28028.0,50.0,Pass
l3322.txm,9.20312,751.0,753.0,132.0,0.0,369.0,100.0,1312.0,9457.0,8967.0,511.0,30.0,17215.0,19562.0,-1655.0,17330.0,358.0,0.0,27800.0,49.0,Pass
l3323.txm,9.20312,751.0,753.0,132.0,0.0,369.0,100.0,1312.0,9457.0,8967.0,511.0,30.0,17215.0,19562.0,-1655.0,17330.0,358.0,0.0,27800.0,49.0,Pass
l3323.txm,10.2188,751.0,753.0,132.0,0.0,338.0,101.0,1296.0,9450.0,8972.0,-1617.0,31.0,16657.0,20042.0,157.0,16082.0,343.0,0.0,27764.0,49.0,Pass
l3323.txm,11.2656,751.0,753.0,134.0,0.0,328.0,101.0,1291.0,9415.0,9031.0,-1124.0,31.0,16924.0,19970.0,28.0,16332.0,348.0,0.0,27846.0,49.0,Pass
l3323.txm,12.25,751.0,754.0,135.0,1.0,326.0,100.0,1263.0,9425.0,9019.0,347.0,31.0,16468.0,19894.0,338.0,16864.0,351.0,0.0,27786.0,50.0,Pass
l3323.txm,13.2813,751.0,754.0,135.0,0.0,320.0,101.0,1210.0,9408.0,9038.0,227.0,30.0,16556.0,20126.0,-62.0,16218.0,350.0,0.0,27506.0,50.0,Pass
l3323.txm,14.3125,752.0,753.0,132.0,0.0,778.0,101.0,1186.0,9413.0,8971.0,-262.0,31.0,15935.0,19246.0,-303.0,17082.0,352.0,1.0,28326.0,49.0,Pass
l3323.txm,15.3125,752.0,753.0,133.0,0.0,931.0,100.0,1218.0,9464.0,8964.0,-2210.0,29.0,16956.0,19244.0,-337.0,17084.0,346.0,0.0,28142.0,49.0,Pass
l3323.txm,16.3437,751.0,753.0,132.0,0.0,921.0,101.0,1241.0,9397.0,9075.0,-826.0,30.0,16996.0,19212.0,-863.0,16464.0,357.0,0.0,28274.0,48.0,Pass
l3323.txm,17.3594,751.0,753.0,132.0,0.0,746.0,100.0,1258.0,9405.0,9016.0,833.0,29.0,16980.0,19494.0,-770.0,16514.0,346.0,0.0,28220.0,49.0,Pass
l3323.txm,18.4063,752.0,753.0,134.0,0.0,837.0,100.0,1209.0,9414.0,8985.0,-557.0,30.0,16779.0,19406.0,1026.0,16286.0,351.0,0.0,28324.0,50.0,Pass
l3323.txm,19.3906,751.0,752.0,135.0,0.0,841.0,101.0,1231.0,9394.0,9012.0,-456.0,30.0,16860.0,19304.0,151.0,16784.0,357.0,0.0,28154.0,49.0,Pass
l3323.txm,20.4219,751.0,752.0,133.0,0.0,851.0,101.0,1234.0,9397.0,9033.0,-667.0,30.0,16466.0,19210.0,-275.0,16818.0,347.0,1.0,28260.0,49.0,Pass
l3323.txm,21.4375,752.0,753.0,133.0,0.0,857.0,101.0,1226.0,9465.0,8969.0,-574.0,29.0,16807.0,19190.0,-529.0,16730.0,348.0,0.0,28222.0,49.0,Pass
l3323.txm,22.4688,752.0,753.0,130.0,0.0,862.0,101.0,1231.0,9431.0,8989.0,-1265.0,30.0,16589.0,19290.0,-488.0,16224.0,343.0,0.0,28252.0,49.0,Pass
l3323.txm,23.4687,751.0,753.0,135.0,0.0,873.0,100.0,1230.0,9412.0,8964.0,-589.0,29.0,16526.0,19212.0,69.0,16178.0,347.0,0.0,28156.0,49.0,Pass
l3323.txm,24.5,752.0,754.0,133.0,0.0,883.0,100.0,1228.0,9405.0,9022.0,-1166.0,29.0,16998.0,19292.0,-464.0,16386.0,352.0,1.0,28282.0,49.0,Pass
l3323.txm,25.5156,751.0,753.0,132.0,0.0,892.0,102.0,1227.0,9394.0,9037.0,-540.0,29.0,16426.0,19254.0,-488.0,16316.0,346.0,1.0,28306.0,49.0,Pass
l3323.txm,26.5469,751.0,753.0,133.0,0.0,896.0,100.0,1225.0,9404.0,8993.0,-1587.0,29.0,16615.0,19130.0,147.0,16692.0,351.0,0.0,28350.0,49.0,Pass
l3323.txm,27.5469,752.0,754.0,133.0,0.0,906.0,100.0,1227.0,9405.0,9017.0,-275.0,29.0,16427.0,19108.0,7.0,16806.0,353.0,1.0,28386.0,49.0,Pass
l3323.txm,28.5781,751.0,753.0,133.0,0.0,902.0,100.0,1226.0,9456.0,8980.0,-1499.0,29.0,16891.0,19156.0,89.0,16710.0,358.0,0.0,28328.0,49.0,Pass
l3323.txm,29.5937,751.0,753.0,132.0,0.0,896.0,101.0,1226.0,9423.0,8982.0,-1743.0,29.0,16475.0,19190.0,95.0,16482.0,347.0,0.0,28374.0,49.0,Pass
l3323.txm,30.625,752.0,754.0,134.0,0.0,901.0,102.0,1227.0,9432.0,8968.0,-1755.0,29.0,16502.0,19108.0,640.0,16468.0,345.0,0.0,28334.0,49.0,Pass
l3323.txm,31.625,752.0,754.0,135.0,0.0,903.0,100.0,1226.0,9441.0,8981.0,-675.0,28.0,16539.0,19218.0,1056.0,16506.0,357.0,0.0,28332.0,49.0,Pass
l3323.txm,32.6563,752.0,755.0,136.0,0.0,912.0,101.0,1228.0,9398.0,8966.0,-1136.0,28.0,16418.0,19158.0,380.0,16584.0,348.0,0.0,28382.0,49.0,Pass
l3323.txm,33.6875,752.0,753.0,131.0,0.0,900.0,101.0,1227.0,9427.0,9018.0,-1303.0,28.0,16623.0,19152.0,6.0,16806.0,347.0,0.0,28346.0,49.0,Pass
l3323.txm,34.7031,751.0,753.0,133.0,0.0,905.0,101.0,1230.0,9400.0,8978.0,-2799.0,28.0,16370.0,19236.0,1148.0,16498.0,348.0,0.0,28394.0,49.0,Pass
l3323.txm,35.7188,752.0,753.0,135.0,0.0,902.0,101.0,1227.0,9449.0,8972.0,-2161.0,28.0,16476.0,19198.0,672.0,16526.0,349.0,0.0,28382.0,49.0,Pass
l3323.txm,36.7344,752.0,754.0,134.0,0.0,904.0,100.0,1229.0,9428.0,9006.0,-415.0,29.0,16324.0,19100.0,522.0,16850.0,356.0,1.0,28374.0,49.0,Pass
l3323.txm,37.7969,752.0,755.0,133.0,0.0,907.0,100.0,1228.0,9403.0,8974.0,-2218.0,28.0,16812.0,19108.0,272.0,16712.0,351.0,1.0,28340.0,49.0,Pass
l3323.txm,38.7812,752.0,753.0,136.0,0.0,904.0,101.0,1227.0,9408.0,9034.0,-2125.0,29.0,16842.0,19198.0,156.0,16230.0,345.0,1.0,28394.0,49.0,Pass
l3323.txm,39.7969,751.0,754.0,133.0,0.0,902.0,100.0,1226.0,9466.0,8973.0,-1494.0,28.0,16219.0,19040.0,31.0,16928.0,345.0,0.0,28350.0,49.0,Pass
l3323.txm,40.8125,752.0,753.0,133.0,0.0,905.0,100.0,1226.0,9436.0,8960.0,-1259.0,28.0,16565.0,19060.0,61.0,16160.0,342.0,0.0,28370.0,49.0,Pass
l3323.txm,41.8437,751.0,754.0,135.0,0.0,903.0,100.0,1229.0,9452.0,8973.0,-640.0,28.0,16701.0,19126.0,-381.0,16734.0,355.0,1.0,28324.0,49.0,Pass
l3323.txm,42.8594,752.0,753.0,136.0,0.0,908.0,101.0,1226.0,9446.0,8956.0,-2422.0,28.0,16492.0,19220.0,-525.0,16224.0,351.0,1.0,28340.0,49.0,Pass
l3323.txm,43.8906,752.0,753.0,134.0,0.0,898.0,100.0,1226.0,9435.0,8995.0,-214.0,28.0,16292.0,19100.0,922.0,16544.0,350.0,0.0,28382.0,49.0,Pass
l3323.txm,44.8906,752.0,754.0,133.0,0.0,898.0,100.0,1225.0,9401.0,9004.0,-1481.0,28.0,16624.0,19128.0,-429.0,16682.0,343.0,0.0,28298.0,49.0,Pass
l3323.txm,45.9219,752.0,754.0,130.0,0.0,901.0,100.0,1227.0,9392.0,9018.0,-1154.0,28.0,16275.0,19066.0,-583.0,16566.0,354.0,0.0,28314.0,49.0,Pass
l3323.txm,46.9375,752.0,754.0,132.0,0.0,898.0,101.0,1227.0,9416.0,9020.0,-339.0,29.0,16580.0,19138.0,-515.0,16680.0,353.0,0.0,28336.0,49.0,Pass
l3323.txm,47.9531,752.0,753.0,134.0,0.0,893.0,100.0,1229.0,9453.0,8952.0,-1926.0,28.0,16373.0,19086.0,-658.0,16776.0,355.0,0.0,28306.0,49.0,Pass
l3323.txm,48.9844,751.0,754.0,136.0,0.0,896.0,101.0,1228.0,9425.0,8958.0,-968.0,28.0,16820.0,19152.0,204.0,16872.0,347.0,0.0,28330.0,49.0,Pass
l3323.txm,50.0,751.0,753.0,134.0,0.0,891.0,102.0,1228.0,9416.0,8977.0,-391.0,28.0,16810.0,19218.0,-83.0,17028.0,351.0,1.0,28296.0,49.0,Pass
l3323.txm,51.0312,751.0,752.0,131.0,0.0,884.0,100.0,1229.0,9402.0,9013.0,-1844.0,28.0,16428.0,19082.0,-333.0,16730.0,353.0,0.0,28254.0,49.0,Pass
l3323.txm,52.0312,752.0,754.0,133.0,0.0,834.0,100.0,1234.0,9459.0,8983.0,-227.0,28.0,16494.0,19234.0,-372.0,16586.0,353.0,0.0,28114.0,49.0,Pass
l3323.txm,53.0625,751.0,752.0,133.0,0.0,712.0,100.0,1241.0,9477.0,8961.0,1118.0,28.0,16559.0,19306.0,-495.0,16860.0,342.0,1.0,28232.0,49.0,Pass
l3323.txm,54.0781,752.0,753.0,133.0,0.0,566.0,100.0,1231.0,9413.0,8972.0,-701.0,30.0,16211.0,19508.0,42.0,16692.0,345.0,0.0,28058.0,50.0,Pass
l3323.txm,55.1094,752.0,754.0,134.0,0.0,477.0,100.0,1237.0,9442.0,8914.0,-529.0,31.0,16100.0,19598.0,-628.0,16776.0,348.0,0.0,27874.0,50.0,Pass
l3323.txm,10.7187,751.0,753.0,134.0,0.0,340.0,102.0,1306.0,9444.0,8989.0,-963.0,30.0,16772.0,19900.0,-523.0,16822.0,347.0,0.0,27836.0,49.0,Pass
l3324.txm,10.7187,751.0,753.0,134.0,0.0,340.0,102.0,1306.0,9444.0,8989.0,-963.0,30.0,16772.0,19900.0,-523.0,16822.0,347.0,0.0,27836.0,49.0,Pass
l3324.txm,11.7188,751.0,753.0,132.0,0.0,332.0,101.0,1305.0,9427.0,9004.0,-2243.0,30.0,16581.0,19932.0,-93.0,16238.0,351.0,0.0,27732.0,49.0,Pass
l3324.txm,12.75,750.0,751.0,132.0,0.0,324.0,100.0,1302.0,9465.0,8991.0,-1923.0,31.0,16572.0,19926.0,468.0,16608.0,344.0,1.0,27874.0,49.0,Pass
l3324.txm,13.7656,751.0,753.0,135.0,0.0,326.0,101.0,1223.0,9446.0,8977.0,-964.0,30.0,16855.0,19996.0,-1043.0,17028.0,356.0,0.0,27530.0,51.0,Pass
l3324.txm,14.8125,751.0,754.0,134.0,1.0,394.0,102.0,1200.0,9472.0,8993.0,359.0,31.0,16060.0,20072.0,460.0,15780.0,353.0,1.0,27800.0,50.0,Pass
l3324.txm,15.8281,751.0,753.0,136.0,0.0,848.0,102.0,1193.0,9457.0,8937.0,-1475.0,30.0,16286.0,19096.0,-59.0,17224.0,353.0,0.0,28572.0,49.0,Pass
l3324.txm,16.875,751.0,752.0,134.0,0.0,927.0,99.0,1226.0,9431.0,8986.0,-1933.0,29.0,16423.0,19276.0,-523.0,16554.0,346.0,0.0,28054.0,48.0,Pass
l3324.txm,17.8594,751.0,754.0,135.0,0.0,888.0,101.0,1241.0,9396.0,9019.0,-817.0,29.0,16646.0,19304.0,18.0,16716.0,348.0,0.0,28196.0,49.0,Pass
l3324.txm,18.8906,751.0,751.0,133.0,0.0,698.0,102.0,1262.0,9398.0,9008.0,532.0,29.0,16529.0,19434.0,120.0,16444.0,343.0,0.0,28152.0,49.0,Pass
l3324.txm,19.9063,751.0,752.0,135.0,0.0,858.0,101.0,1196.0,9441.0,9020.0,397.0,29.0,16870.0,19234.0,14.0,16484.0,346.0,0.0,28330.0,50.0,Pass
l3324.txm,20.9219,751.0,750.0,133.0,0.0,852.0,100.0,1231.0,9433.0,8963.0,-1686.0,29.0,16652.0,19252.0,-316.0,16730.0,355.0,0.0,28156.0,49.0,Pass
l3324.txm,21.9375,751.0,753.0,135.0,0.0,866.0,101.0,1233.0,9395.0,8976.0,-1219.0,30.0,16589.0,19272.0,-392.0,16756.0,346.0,1.0,28226.0,49.0,Pass
l3324.txm,22.9688,752.0,753.0,135.0,0.0,873.0,101.0,1225.0,9405.0,9002.0,-921.0,29.0,16953.0,19260.0,294.0,16292.0,350.0,0.0,28144.0,49.0,Pass
l3324.txm,24.0,752.0,754.0,136.0,0.0,886.0,99.0,1230.0,9393.0,9006.0,-935.0,29.0,16597.0,19262.0,-420.0,16472.0,346.0,1.0,28276.0,49.0,Pass
l3324.txm,25.0,751.0,752.0,131.0,0.0,894.0,101.0,1230.0,9411.0,8978.0,-863.0,29.0,16858.0,19252.0,630.0,16390.0,356.0,1.0,28286.0,49.0,Pass
l3324.txm,26.0313,752.0,753.0,135.0,0.0,905.0,100.0,1227.0,9458.0,8940.0,-1149.0,29.0,16634.0,19130.0,1026.0,16150.0,351.0,0.0,28374.0,49.0,Pass
l3324.txm,27.0469,752.0,754.0,134.0,0.0,910.0,100.0,1230.0,9454.0,8935.0,-1996.0,29.0,16537.0,19138.0,72.0,16948.0,356.0,0.0,28362.0,49.0,Pass
l3324.txm,28.0781,752.0,754.0,136.0,0.0,914.0,100.0,1231.0,9414.0,9005.0,-978.0,29.0,16523.0,19138.0,89.0,16432.0,349.0,0.0,28350.0,49.0,Pass
l3324.txm,29.1094,752.0,755.0,134.0,0.0,915.0,102.0,1231.0,9381.0,9024.0,-1074.0,29.0,16442.0,19132.0,70.0,16612.0,342.0,1.0,28364.0,49.0,Pass
l3324.txm,30.1406,752.0,754.0,134.0,0.0,911.0,101.0,1227.0,9418.0,8975.0,-1729.0,29.0,16452.0,19136.0,-585.0,16826.0,343.0,0.0,28358.0,49.0,Pass
l3324.txm,31.1562,752.0,755.0,134.0,0.0,918.0,100.0,1231.0,9448.0,8934.0,-1399.0,27.0,16439.0,19132.0,-70.0,16142.0,354.0,0.0,28356.0,49.0,Pass
l3324.txm,32.25,752.0,754.0,129.0,0.0,912.0,100.0,1230.0,9406.0,8946.0,-1918.0,28.0,16515.0,19148.0,-461.0,16698.0,355.0,1.0,28350.0,49.0,Pass
l3324.txm,33.2188,752.0,753.0,135.0,0.0,915.0,99.0,1229.0,9437.0,8932.0,-309.0,28.0,16260.0,19138.0,1016.0,16490.0,343.0,0.0,28346.0,49.0,Pass
l3324.txm,34.25,752.0,753.0,134.0,0.0,912.0,99.0,1227.0,9457.0,8994.0,-929.0,28.0,16267.0,19134.0,400.0,16468.0,351.0,0.0,28360.0,49.0,Pass
l3324.txm,35.2656,752.0,753.0,133.0,0.0,914.0,101.0,1230.0,9425.0,8956.0,-1337.0,28.0,16668.0,19136.0,-24.0,16520.0,344.0,0.0,28358.0,49.0,Pass
l3324.txm,36.2812,751.0,753.0,132.0,0.0,910.0,102.0,1227.0,9453.0,8960.0,-340.0,28.0,16668.0,19134.0,78.0,16838.0,339.0,0.0,28356.0,49.0,Pass
l3324.txm,37.3125,751.0,753.0,134.0,0.0,910.0,101.0,1227.0,9389.0,9026.0,-728.0,27.0,16651.0,19142.0,924.0,16392.0,357.0,1.0,28350.0,49.0,Pass
l3324.txm,38.3281,752.0,754.0,130.0,0.0,910.0,100.0,1227.0,9454.0,8937.0,-1926.0,27.0,16264.0,19132.0,-61.0,16478.0,354.0,0.0,28360.0,49.0,Pass
l3324.txm,39.375,752.0,753.0,137.0,0.0,910.0,100.0,1229.0,9407.0,8978.0,-1362.0,27.0,16568.0,19136.0,140.0,16042.0,349.0,0.0,28358.0,49.0,Pass
l3324.txm,40.3594,752.0,753.0,133.0,0.0,914.0,100.0,1230.0,9411.0,8998.0,-321.0,27.0,16216.0,19142.0,74.0,16786.0,347.0,0.0,28372.0,49.0,Pass
l3324.txm,41.3906,752.0,754.0,135.0,0.0,913.0,99.0,1228.0,9391.0,9001.0,-819.0,28.0,16544.0,19138.0,143.0,16784.0,355.0,0.0,28358.0,49.0,Pass
l3324.txm,42.4062,752.0,753.0,133.0,0.0,909.0,100.0,1227.0,9384.0,8988.0,-1061.0,27.0,16377.0,19148.0,16.0,16670.0,349.0,1.0,28362.0,49.0,Pass
l3324.txm,43.4375,752.0,754.0,136.0,0.0,910.0,101.0,1229.0,9397.0,8982.0,-1129.0,28.0,16615.0,19146.0,24.0,16388.0,345.0,1.0,28356.0,49.0,Pass
l3324.txm,44.4375,752.0,754.0,135.0,0.0,909.0,101.0,1228.0,9385.0,9020.0,-2160.0,28.0,16462.0,19142.0,142.0,16742.0,347.0,0.0,28350.0,49.0,Pass
l3324.txm,45.4687,751.0,754.0,130.0,0.0,911.0,100.0,1230.0,9401.0,9011.0,-1534.0,28.0,16522.0,19134.0,402.0,16786.0,355.0,1.0,28356.0,49.0,Pass
l3324.txm,46.4844,752.0,754.0,136.0,0.0,908.0,100.0,1227.0,9406.0,9006.0,-581.0,28.0,16571.0,19138.0,454.0,16180.0,346.0,1.0,28362.0,49.0,Pass
l3324.txm,47.5156,752.0,754.0,133.0,0.0,909.0,99.0,1229.0,9419.0,8951.0,-1401.0,28.0,16807.0,19136.0,149.0,16646.0,355.0,0.0,28358.0,49.0,Pass
l3324.txm,48.5156,752.0,754.0,134.0,0.0,902.0,101.0,1229.0,9369.0,9008.0,-3089.0,27.0,16472.0,19146.0,26.0,16480.0,351.0,0.0,28366.0,49.0,Pass
l3324.txm,49.5469,752.0,753.0,135.0,0.0,901.0,101.0,1228.0,9434.0,8965.0,-607.0,28.0,16483.0,19146.0,-25.0,16424.0,344.0,1.0,28356.0,49.0,Pass
l3324.txm,50.5625,752.0,753.0,135.0,0.0,897.0,101.0,1228.0,9423.0,8981.0,-1614.0,27.0,16657.0,19136.0,-77.0,16872.0,355.0,0.0,28356.0,49.0,Pass
l3324.txm,51.5937,751.0,754.0,131.0,0.0,895.0,99.0,1228.0,9381.0,9032.0,832.0,27.0,16032.0,19148.0,-11.0,16840.0,355.0,0.0,28360.0,49.0,Pass
l3324.txm,52.5937,752.0,753.0,136.0,0.0,880.0,100.0,1231.0,9395.0,9013.0,-1691.0,27.0,16774.0,19148.0,130.0,17108.0,352.0,1.0,28358.0,49.0,Pass
l3324.txm,53.625,752.0,753.0,136.0,0.0,791.0,101.0,1238.0,9400.0,9042.0,-875.0,27.0,16716.0,19162.0,-604.0,16846.0,345.0,0.0,28250.0,49.0,Pass
l3324.txm,54.6562,752.0,753.0,135.0,0.0,634.0,102.0,1239.0,9440.0,8976.0,560.0,27.0,16382.0,19378.0,-616.0,16714.0,352.0,0.0,28152.0,50.0,Pass
l3324.txm,55.6719,752.0,754.0,134.0,0.0,511.0,101.0,1230.0,9449.0,8915.0,-199.0,30.0,15783.0,19586.0,-482.0,16466.0,342.0,0.0,27884.0,50.0,Pass
l3324.txm,9.15625,751.0,754.0,133.0,0.0,363.0,100.0,1310.0,9457.0,8977.0,-99.0,31.0,16286.0,19916.0,-1181.0,16600.0,350.0,0.0,27772.0,49.0,Pass
l3325.txm,9.15625,751.0,754.0,133.0,0.0,363.0,100.0,1310.0,9457.0,8977.0,-99.0,31.0,16286.0,19916.0,-1181.0,16600.0,350.0,0.0,27772.0,49.0,Pass
l3325.txm,10.1719,751.0,752.0,131.0,0.0,346.0,101.0,1297.0,9412.0,8991.0,-1006.0,31.0,16388.0,19998.0,-381.0,16150.0,348.0,0.0,27788.0,49.0,Pass
l3325.txm,11.1875,751.0,753.0,135.0,0.0,339.0,101.0,1294.0,9387.0,9013.0,-1282.0,31.0,16399.0,19968.0,-90.0,16526.0,356.0,0.0,27836.0,49.0,Pass
l3325.txm,12.2187,751.0,754.0,135.0,1.0,328.0,102.0,1280.0,9451.0,9013.0,43.0,30.0,16530.0,20042.0,63.0,17020.0,358.0,0.0,27826.0,50.0,Pass
l3325.txm,13.2187,751.0,753.0,134.0,0.0,323.0,99.0,1216.0,9479.0,9032.0,518.0,28.0,17045.0,20044.0,-279.0,16498.0,349.0,1.0,27550.0,51.0,Pass
l3325.txm,14.25,752.0,753.0,136.0,1.0,642.0,101.0,1191.0,9488.0,8967.0,946.0,29.0,17099.0,19718.0,1808.0,15984.0,343.0,1.0,28562.0,50.0,Pass
l3325.txm,15.2656,751.0,754.0,135.0,0.0,943.0,100.0,1209.0,9501.0,9024.0,-1967.0,28.0,16605.0,19116.0,-491.0,16744.0,349.0,1.0,28130.0,49.0,Pass
l3325.txm,16.2969,750.0,753.0,135.0,0.0,947.0,102.0,1243.0,9466.0,8978.0,-1389.0,29.0,16701.0,19294.0,-729.0,16354.0,349.0,1.0,28102.0,48.0,Pass
l3325.txm,17.3438,752.0,753.0,134.0,1.0,810.0,102.0,1253.0,9474.0,9001.0,1531.0,28.0,16970.0,19362.0,-615.0,16466.0,347.0,1.0,28272.0,49.0,Pass
l3325.txm,18.3281,752.0,753.0,130.0,0.0,852.0,102.0,1211.0,9425.0,8929.0,-811.0,29.0,16588.0,19346.0,114.0,16310.0,354.0,1.0,28280.0,50.0,Pass
l3325.txm,19.3438,751.0,755.0,132.0,0.0,861.0,102.0,1217.0,9404.0,9004.0,-1512.0,28.0,16702.0,19250.0,-513.0,16576.0,348.0,0.0,28314.0,49.0,Pass
l3325.txm,20.375,751.0,753.0,132.0,0.0,875.0,100.0,1240.0,9462.0,8974.0,-1623.0,28.0,16711.0,19276.0,103.0,16588.0,351.0,1.0,28154.0,49.0,Pass
l3325.txm,21.4531,752.0,753.0,133.0,0.0,885.0,100.0,1225.0,9493.0,8948.0,-329.0,28.0,16984.0,19324.0,602.0,16438.0,355.0,0.0,28314.0,49.0,Pass
l3325.txm,22.4062,752.0,753.0,133.0,0.0,890.0,100.0,1227.0,9427.0,8976.0,-928.0,28.0,16828.0,19314.0,151.0,16076.0,353.0,1.0,28156.0,49.0,Pass
l3325.txm,23.4375,752.0,753.0,134.0,0.0,908.0,100.0,1230.0,9418.0,8997.0,-1126.0,28.0,16724.0,19214.0,730.0,16236.0,360.0,0.0,28324.0,49.0,Pass
l3325.txm,24.4531,752.0,754.0,132.0,0.0,920.0,100.0,1229.0,9424.0,9006.0,-1022.0,27.0,16727.0,19088.0,35.0,16528.0,352.0,0.0,28324.0,49.0,Pass
l3325.txm,25.4844,752.0,754.0,135.0,0.0,921.0,101.0,1229.0,9431.0,8994.0,-836.0,28.0,16443.0,19142.0,44.0,16718.0,345.0,0.0,28326.0,49.0,Pass
l3325.txm,26.4844,752.0,753.0,133.0,0.0,923.0,100.0,1229.0,9461.0,8936.0,-1367.0,28.0,16944.0,19226.0,-321.0,16260.0,357.0,0.0,28386.0,49.0,Pass
l3325.txm,27.5156,752.0,754.0,135.0,0.0,923.0,101.0,1229.0,9445.0,8948.0,-1236.0,27.0,16933.0,19250.0,127.0,16566.0,351.0,0.0,28340.0,49.0,Pass
l3325.txm,28.5313,751.0,752.0,134.0,0.0,923.0,102.0,1231.0,9418.0,8936.0,-2072.0,27.0,16472.0,19108.0,414.0,16762.0,361.0,0.0,28382.0,49.0,Pass
l3325.txm,29.5625,752.0,753.0,133.0,0.0,920.0,102.0,1228.0,9460.0,8930.0,-822.0,28.0,16855.0,19252.0,110.0,16344.0,361.0,0.0,28326.0,49.0,Pass
l3325.txm,30.5625,752.0,753.0,134.0,0.0,919.0,102.0,1225.0,9483.0,8964.0,-1820.0,27.0,16727.0,19258.0,74.0,16462.0,359.0,0.0,28354.0,49.0,Pass
l3325.txm,31.5937,752.0,753.0,133.0,0.0,920.0,101.0,1226.0,9449.0,8954.0,-575.0,27.0,16836.0,19250.0,678.0,16890.0,355.0,0.0,28330.0,49.0,Pass
l3325.txm,32.6094,752.0,754.0,132.0,0.0,922.0,101.0,1229.0,9415.0,8930.0,-1364.0,27.0,16793.0,19074.0,332.0,16686.0,355.0,0.0,28368.0,49.0,Pass
l3325.txm,33.6406,752.0,753.0,136.0,0.0,923.0,99.0,1230.0,9448.0,8973.0,-1563.0,27.0,16741.0,19086.0,268.0,16888.0,349.0,1.0,28370.0,49.0,Pass
l3325.txm,34.6406,752.0,753.0,142.0,0.0,922.0,100.0,1228.0,9429.0,8990.0,-730.0,27.0,16727.0,19066.0,286.0,16196.0,345.0,1.0,28390.0,49.0,Pass
l3325.txm,35.6719,752.0,754.0,133.0,0.0,922.0,100.0,1228.0,9437.0,8972.0,-1229.0,27.0,16887.0,19062.0,-79.0,16210.0,352.0,1.0,28356.0,49.0,Pass
l3325.txm,36.6875,752.0,753.0,133.0,0.0,920.0,99.0,1224.0,9392.0,8973.0,-3055.0,26.0,16590.0,19212.0,144.0,16696.0,356.0,1.0,28354.0,49.0,Pass
l3325.txm,37.7187,751.0,753.0,134.0,0.0,919.0,100.0,1226.0,9467.0,9003.0,-859.0,26.0,16582.0,19256.0,190.0,16036.0,346.0,0.0,28376.0,49.0,Pass
l3325.txm,38.7812,752.0,754.0,131.0,0.0,921.0,100.0,1227.0,9481.0,8924.0,-1760.0,26.0,16502.0,19086.0,-315.0,16898.0,343.0,1.0,28370.0,49.0,Pass
l3325.txm,39.75,751.0,753.0,135.0,0.0,923.0,101.0,1229.0,9453.0,8952.0,-619.0,26.0,16831.0,19096.0,480.0,16808.0,348.0,0.0,28350.0,49.0,Pass
l3325.txm,40.7812,752.0,753.0,135.0,0.0,914.0,101.0,1228.0,9383.0,8958.0,-471.0,27.0,16443.0,19152.0,298.0,16262.0,358.0,1.0,28340.0,49.0,Pass
l3325.txm,41.7969,752.0,753.0,135.0,0.0,923.0,100.0,1228.0,9425.0,9011.0,-2004.0,27.0,16163.0,19068.0,1160.0,16700.0,354.0,0.0,28362.0,49.0,Pass
l3325.txm,42.8594,752.0,753.0,135.0,0.0,917.0,101.0,1228.0,9383.0,8979.0,-485.0,26.0,16432.0,19080.0,1412.0,16432.0,356.0,0.0,28360.0,49.0,Pass
l3325.txm,43.8281,751.0,753.0,135.0,0.0,911.0,101.0,1225.0,9433.0,8964.0,-1956.0,26.0,16591.0,19068.0,71.0,16766.0,353.0,0.0,28384.0,49.0,Pass
l3325.txm,44.8594,752.0,754.0,133.0,0.0,915.0,100.0,1227.0,9447.0,8925.0,-921.0,26.0,16841.0,19060.0,17.0,16268.0,348.0,0.0,28340.0,49.0,Pass
l3325.txm,45.8594,752.0,753.0,134.0,0.0,913.0,101.0,1228.0,9466.0,8947.0,-525.0,27.0,16746.0,19230.0,158.0,15934.0,351.0,0.0,28360.0,49.0,Pass
l3325.txm,46.8906,752.0,753.0,134.0,0.0,910.0,101.0,1225.0,9516.0,8933.0,-2135.0,27.0,16422.0,19196.0,1358.0,16724.0,350.0,0.0,28394.0,49.0,Pass
l3325.txm,47.9062,752.0,753.0,130.0,0.0,908.0,100.0,1227.0,9418.0,8960.0,-2554.0,27.0,16438.0,19218.0,77.0,16824.0,350.0,0.0,28338.0,49.0,Pass
l3325.txm,48.9375,752.0,753.0,131.0,0.0,906.0,100.0,1228.0,9424.0,8984.0,-1467.0,27.0,16441.0,19064.0,-287.0,16618.0,347.0,0.0,28378.0,49.0,Pass
l3325.txm,49.9531,752.0,753.0,133.0,0.0,899.0,100.0,1227.0,9447.0,8990.0,-723.0,27.0,16673.0,19144.0,-38.0,17028.0,338.0,0.0,28330.0,49.0,Pass
l3325.txm,50.9687,752.0,753.0,132.0,0.0,864.0,100.0,1230.0,9441.0,8929.0,-1089.0,26.0,16430.0,19154.0,-346.0,16818.0,352.0,0.0,28338.0,49.0,Pass
l3325.txm,51.9844,751.0,753.0,133.0,0.0,716.0,102.0,1239.0,9459.0,8977.0,-195.0,27.0,16548.0,19316.0,-443.0,16846.0,349.0,0.0,28112.0,50.0,Pass
l3325.txm,53.0312,752.0,753.0,131.0,0.0,594.0,101.0,1231.0,9426.0,8971.0,709.0,28.0,16234.0,19590.0,-802.0,16886.0,343.0,0.0,28108.0,50.0,Pass
l3325.txm,54.0469,752.0,753.0,133.0,0.0,481.0,99.0,1241.0,9435.0,8960.0,99.0,29.0,16122.0,19586.0,-786.0,16902.0,352.0,0.0,27870.0,50.0,Pass
l3325.txm,11.7656,750.0,753.0,132.0,0.0,343.0,101.0,1299.0,9480.0,8934.0,-1146.0,30.0,16496.0,20054.0,-94.0,16146.0,355.0,0.0,27772.0,49.0,Pass
l3326.txm,11.7656,750.0,753.0,132.0,0.0,343.0,101.0,1299.0,9480.0,8934.0,-1146.0,30.0,16496.0,20054.0,-94.0,16146.0,355.0,0.0,27772.0,49.0,Pass
l3326.txm,12.8281,752.0,753.0,134.0,0.0,331.0,99.0,1297.0,9431.0,9021.0,-1285.0,31.0,16788.0,19974.0,118.0,16376.0,352.0,0.0,27848.0,49.0,Pass
l3326.txm,13.8125,751.0,752.0,136.0,0.0,330.0,100.0,1295.0,9447.0,9041.0,-1368.0,30.0,17151.0,19944.0,638.0,16560.0,357.0,0.0,27860.0,50.0,Pass
l3326.txm,14.8281,751.0,753.0,134.0,0.0,326.0,102.0,1219.0,9457.0,9036.0,829.0,28.0,16924.0,20010.0,-536.0,16748.0,351.0,0.0,27630.0,51.0,Pass
l3326.txm,15.8438,751.0,753.0,135.0,0.0,483.0,101.0,1197.0,9441.0,8949.0,240.0,31.0,16446.0,20184.0,3004.0,15098.0,352.0,3.0,28126.0,50.0,Pass
l3326.txm,16.875,751.0,752.0,133.0,0.0,895.0,102.0,1195.0,9416.0,8971.0,-2127.0,30.0,16483.0,19266.0,472.0,16646.0,345.0,0.0,28370.0,49.0,Pass
l3326.txm,17.8906,752.0,753.0,135.0,0.0,938.0,101.0,1233.0,9458.0,8967.0,-1870.0,30.0,16537.0,19402.0,-258.0,16338.0,348.0,0.0,28036.0,48.0,Pass
l3326.txm,18.9062,751.0,753.0,132.0,0.0,845.0,101.0,1256.0,9455.0,9062.0,1043.0,28.0,17158.0,19330.0,-648.0,16564.0,347.0,1.0,28238.0,49.0,Pass
l3326.txm,19.9531,751.0,753.0,130.0,0.0,801.0,100.0,1235.0,9497.0,8953.0,-293.0,28.0,16779.0,19510.0,812.0,15980.0,347.0,0.0,28314.0,50.0,Pass
l3326.txm,20.9531,751.0,752.0,133.0,0.0,850.0,100.0,1207.0,9468.0,8968.0,-583.0,29.0,16548.0,19174.0,9.0,16700.0,346.0,0.0,28382.0,49.0,Pass
l3326.txm,21.9688,751.0,754.0,134.0,0.0,865.0,100.0,1235.0,9425.0,8984.0,-1437.0,29.0,16546.0,19352.0,123.0,16396.0,353.0,0.0,28120.0,49.0,Pass
l3326.txm,22.9844,751.0,751.0,136.0,0.0,872.0,100.0,1227.0,9477.0,8920.0,-1300.0,30.0,16153.0,19172.0,728.0,16170.0,361.0,0.0,28280.0,49.0,Pass
l3326.txm,24.0,752.0,753.0,133.0,0.0,882.0,100.0,1226.0,9405.0,9011.0,-1554.0,30.0,16324.0,19332.0,-259.0,16622.0,344.0,0.0,28286.0,49.0,Pass
l3326.txm,25.0312,751.0,753.0,135.0,0.0,901.0,99.0,1228.0,9461.0,8925.0,-2058.0,30.0,16108.0,19284.0,-309.0,16398.0,347.0,0.0,28140.0,49.0,Pass
l3326.txm,26.0469,752.0,753.0,135.0,0.0,906.0,100.0,1227.0,9462.0,8903.0,-1628.0,30.0,16000.0,19276.0,-27.0,16500.0,348.0,1.0,28322.0,49.0,Pass
l3326.txm,27.0625,752.0,754.0,135.0,0.0,916.0,101.0,1228.0,9429.0,8990.0,-1986.0,30.0,16187.0,19092.0,-74.0,16550.0,353.0,0.0,28274.0,49.0,Pass
l3326.txm,28.0938,751.0,752.0,133.0,0.0,921.0,100.0,1230.0,9465.0,8921.0,-2079.0,30.0,16236.0,19174.0,-5.0,16254.0,344.0,0.0,28276.0,49.0,Pass
l3326.txm,29.1094,751.0,753.0,134.0,0.0,922.0,101.0,1230.0,9427.0,8949.0,-2112.0,29.0,16066.0,19238.0,-326.0,16932.0,342.0,0.0,28248.0,49.0,Pass
l3326.txm,30.1406,752.0,753.0,134.0,0.0,923.0,102.0,1230.0,9449.0,8926.0,-1965.0,29.0,15925.0,19090.0,-287.0,16796.0,349.0,0.0,28408.0,49.0,Pass
l3326.txm,31.1406,751.0,754.0,133.0,0.0,918.0,100.0,1226.0,9470.0,8910.0,-2010.0,29.0,16403.0,19064.0,15.0,16640.0,353.0,0.0,28228.0,49.0,Pass
l3326.txm,32.2031,751.0,754.0,134.0,0.0,921.0,99.0,1229.0,9405.0,8951.0,-1232.0,30.0,16377.0,19106.0,-674.0,16852.0,340.0,1.0,28446.0,49.0,Pass
l3326.txm,33.2188,751.0,754.0,133.0,0.0,918.0,100.0,1227.0,9445.0,8955.0,-2729.0,29.0,16128.0,19224.0,-508.0,16418.0,342.0,1.0,28436.0,49.0,Pass
l3326.txm,34.25,752.0,755.0,132.0,0.0,925.0,100.0,1227.0,9401.0,8972.0,-1555.0,29.0,15978.0,19150.0,482.0,16394.0,348.0,0.0,28228.0,49.0,Pass
l3326.txm,35.25,752.0,754.0,133.0,0.0,919.0,99.0,1226.0,9484.0,8954.0,-1614.0,29.0,16229.0,19208.0,-361.0,16592.0,351.0,0.0,28404.0,49.0,Pass
l3326.txm,36.2969,751.0,753.0,133.0,0.0,921.0,100.0,1226.0,9468.0,8971.0,-1297.0,29.0,16311.0,19200.0,131.0,16426.0,350.0,0.0,28424.0,49.0,Pass
l3326.txm,37.2969,752.0,753.0,133.0,0.0,919.0,99.0,1226.0,9427.0,8970.0,-2863.0,28.0,15896.0,19056.0,22.0,16130.0,349.0,0.0,28398.0,49.0,Pass
l3326.txm,38.3125,752.0,754.0,130.0,0.0,920.0,100.0,1229.0,9405.0,9022.0,-1488.0,29.0,15987.0,19116.0,626.0,16504.0,353.0,0.0,28382.0,49.0,Pass
l3326.txm,39.3594,752.0,753.0,133.0,0.0,917.0,100.0,1229.0,9441.0,8949.0,-757.0,29.0,16535.0,19202.0,140.0,16398.0,350.0,1.0,28284.0,49.0,Pass
l3326.txm,40.3594,752.0,754.0,137.0,0.0,921.0,100.0,1229.0,9428.0,8930.0,-1057.0,29.0,16236.0,19126.0,94.0,16164.0,347.0,1.0,28272.0,49.0,Pass
l3326.txm,41.375,752.0,753.0,129.0,0.0,915.0,100.0,1228.0,9446.0,8969.0,-1680.0,29.0,16011.0,19056.0,75.0,16138.0,359.0,0.0,28416.0,49.0,Pass
l3326.txm,42.4062,752.0,754.0,135.0,0.0,922.0,99.0,1227.0,9494.0,8934.0,-1737.0,29.0,16020.0,19228.0,-23.0,16632.0,343.0,1.0,28446.0,49.0,Pass
l3326.txm,43.4219,752.0,752.0,132.0,0.0,913.0,99.0,1226.0,9435.0,8941.0,-2411.0,28.0,15927.0,19228.0,-70.0,16710.0,346.0,0.0,28442.0,49.0,Pass
l3326.txm,44.4375,752.0,754.0,133.0,0.0,912.0,99.0,1229.0,9417.0,9032.0,-463.0,29.0,16185.0,19158.0,-392.0,16438.0,347.0,0.0,28220.0,49.0,Pass
l3326.txm,45.4687,751.0,754.0,136.0,0.0,917.0,100.0,1228.0,9435.0,8923.0,-1221.0,29.0,16473.0,19176.0,-545.0,16824.0,350.0,0.0,28220.0,49.0,Pass
l3326.txm,46.5,752.0,754.0,132.0,0.0,914.0,99.0,1229.0,9406.0,9004.0,-1551.0,28.0,16130.0,19208.0,-356.0,16692.0,350.0,0.0,28246.0,49.0,Pass
l3326.txm,47.5,752.0,755.0,133.0,0.0,914.0,101.0,1227.0,9494.0,8957.0,-1952.0,29.0,15914.0,19218.0,-415.0,16328.0,344.0,0.0,28282.0,49.0,Pass
l3326.txm,48.5156,752.0,754.0,131.0,0.0,911.0,101.0,1229.0,9424.0,8958.0,-1258.0,28.0,16155.0,19224.0,136.0,16470.0,350.0,0.0,28278.0,49.0,Pass
l3326.txm,49.5469,752.0,753.0,131.0,0.0,909.0,100.0,1228.0,9435.0,8982.0,-1482.0,28.0,16102.0,19172.0,0.0,16570.0,353.0,0.0,28388.0,49.0,Pass
l3326.txm,50.5625,752.0,753.0,132.0,0.0,907.0,99.0,1230.0,9414.0,8997.0,-1845.0,28.0,15876.0,19234.0,-289.0,16748.0,344.0,0.0,28424.0,49.0,Pass
l3326.txm,51.5781,752.0,754.0,134.0,0.0,896.0,101.0,1227.0,9405.0,8990.0,-1152.0,29.0,16168.0,19056.0,1540.0,16520.0,355.0,0.0,28234.0,49.0,Pass
l3326.txm,52.5937,752.0,754.0,131.0,0.0,886.0,102.0,1229.0,9485.0,8929.0,-574.0,28.0,15865.0,19154.0,-68.0,16762.0,345.0,0.0,28432.0,49.0,Pass
l3326.txm,53.625,751.0,753.0,136.0,1.0,749.0,101.0,1243.0,9515.0,8969.0,-887.0,26.0,17321.0,19262.0,-292.0,16390.0,346.0,0.0,28168.0,49.0,Pass
l3326.txm,54.6406,752.0,754.0,136.0,0.0,620.0,102.0,1240.0,9432.0,9019.0,491.0,27.0,16821.0,19436.0,99.0,16588.0,353.0,0.0,28116.0,50.0,Pass
l3326.txm,55.6562,752.0,754.0,132.0,0.0,500.0,101.0,1229.0,9428.0,8965.0,1057.0,28.0,16574.0,19614.0,72.0,16558.0,352.0,0.0,27864.0,50.0,Pass
l3326.txm,9.70312,751.0,753.0,135.0,0.0,335.0,101.0,1303.0,9378.0,9060.0,-1251.0,31.0,16691.0,19960.0,18.0,16052.0,350.0,0.0,27786.0,49.0,Pass
l3327.txm,9.70312,751.0,753.0,135.0,0.0,335.0,101.0,1303.0,9378.0,9060.0,-1251.0,31.0,16691.0,19960.0,18.0,16052.0,350.0,0.0,27786.0,49.0,Pass
l3327.txm,10.7344,751.0,752.0,135.0,0.0,335.0,101.0,1303.0,9432.0,9000.0,-1189.0,32.0,16572.0,19934.0,890.0,16416.0,350.0,0.0,27856.0,49.0,Pass
l3327.txm,11.75,751.0,753.0,132.0,0.0,328.0,101.0,1282.0,9415.0,9036.0,701.0,31.0,16669.0,19940.0,360.0,16754.0,339.0,0.0,27850.0,50.0,Pass
l3327.txm,12.7656,751.0,754.0,133.0,0.0,317.0,101.0,1213.0,9403.0,9092.0,888.0,30.0,16537.0,19958.0,-840.0,16932.0,348.0,0.0,27538.0,51.0,Pass
l3327.txm,13.8125,751.0,752.0,132.0,0.0,551.0,101.0,1198.0,9409.0,8970.0,1331.0,30.0,16551.0,19876.0,1398.0,15770.0,345.0,1.0,28144.0,50.0,Pass
l3327.txm,14.8438,751.0,753.0,136.0,0.0,925.0,102.0,1203.0,9445.0,8936.0,-2212.0,29.0,16524.0,19274.0,-510.0,16452.0,350.0,0.0,28344.0,49.0,Pass
l3327.txm,15.8438,751.0,752.0,135.0,0.0,937.0,101.0,1233.0,9423.0,8946.0,-1887.0,31.0,16069.0,19290.0,37.0,16614.0,353.0,1.0,28152.0,48.0,Pass
l3327.txm,16.875,751.0,752.0,134.0,0.0,803.0,101.0,1262.0,9427.0,9080.0,170.0,28.0,17061.0,19230.0,147.0,16310.0,353.0,0.0,28126.0,49.0,Pass
l3327.txm,17.8906,751.0,752.0,134.0,0.0,844.0,101.0,1219.0,9415.0,8957.0,-318.0,31.0,16325.0,19500.0,130.0,16242.0,353.0,1.0,28130.0,50.0,Pass
l3327.txm,18.9219,752.0,753.0,136.0,0.0,851.0,99.0,1215.0,9449.0,8938.0,-725.0,29.0,16629.0,19128.0,-613.0,16870.0,351.0,0.0,28304.0,49.0,Pass
l3327.txm,19.9219,752.0,753.0,132.0,0.0,869.0,100.0,1237.0,9377.0,8981.0,-1207.0,31.0,16258.0,19162.0,1010.0,16550.0,347.0,0.0,28328.0,49.0,Pass
l3327.txm,20.9844,752.0,753.0,131.0,0.0,872.0,101.0,1226.0,9406.0,8997.0,-1368.0,29.0,16723.0,19182.0,1148.0,16494.0,350.0,0.0,28140.0,49.0,Pass
l3327.txm,21.9688,752.0,753.0,134.0,0.0,885.0,100.0,1226.0,9421.0,8968.0,-817.0,29.0,16774.0,19326.0,586.0,16356.0,347.0,1.0,28322.0,49.0,Pass
l3327.txm,23.0,752.0,753.0,131.0,0.0,897.0,102.0,1229.0,9452.0,8977.0,-1310.0,28.0,16688.0,19312.0,274.0,16518.0,343.0,0.0,28294.0,49.0,Pass
l3327.txm,24.0,752.0,753.0,141.0,0.0,909.0,100.0,1227.0,9437.0,8966.0,-2065.0,29.0,16800.0,19216.0,900.0,16524.0,355.0,0.0,28334.0,49.0,Pass
l3327.txm,25.0312,752.0,753.0,133.0,0.0,911.0,99.0,1227.0,9464.0,8971.0,-1022.0,29.0,16610.0,19046.0,694.0,16088.0,351.0,0.0,28392.0,49.0,Pass
l3327.txm,26.0625,751.0,754.0,133.0,0.0,913.0,101.0,1228.0,9429.0,8936.0,-933.0,29.0,16719.0,19230.0,-346.0,16764.0,356.0,0.0,28328.0,49.0,Pass
l3327.txm,27.0781,751.0,754.0,132.0,0.0,915.0,102.0,1230.0,9399.0,8954.0,-1471.0,29.0,16914.0,19084.0,15.0,16914.0,347.0,0.0,28318.0,49.0,Pass
l3327.txm,28.0938,752.0,753.0,135.0,0.0,911.0,101.0,1227.0,9381.0,8974.0,-2588.0,28.0,16582.0,19238.0,778.0,16444.0,349.0,0.0,28376.0,49.0,Pass
l3327.txm,29.1094,751.0,753.0,134.0,0.0,913.0,100.0,1226.0,9416.0,9002.0,-1995.0,28.0,16821.0,19232.0,72.0,16388.0,347.0,0.0,28386.0,49.0,Pass
l3327.txm,30.1406,751.0,753.0,132.0,0.0,919.0,99.0,1227.0,9417.0,8975.0,-1294.0,28.0,16690.0,19230.0,-49.0,16536.0,351.0,0.0,28328.0,49.0,Pass
l3327.txm,31.1562,752.0,753.0,133.0,0.0,911.0,99.0,1226.0,9470.0,9000.0,-1052.0,28.0,16751.0,19046.0,29.0,15714.0,353.0,1.0,28336.0,49.0,Pass
l3327.txm,32.1719,751.0,754.0,132.0,0.0,917.0,100.0,1228.0,9422.0,8924.0,-1408.0,28.0,16833.0,19058.0,488.0,16708.0,344.0,1.0,28324.0,49.0,Pass
l3327.txm,33.2188,752.0,753.0,135.0,0.0,916.0,100.0,1229.0,9413.0,9026.0,-1077.0,28.0,16624.0,19076.0,482.0,16510.0,351.0,0.0,28404.0,49.0,Pass
l3327.txm,34.25,752.0,754.0,134.0,0.0,916.0,101.0,1226.0,9423.0,9016.0,-2337.0,27.0,16459.0,19244.0,492.0,16622.0,346.0,0.0,28336.0,49.0,Pass
l3327.txm,35.2656,752.0,754.0,134.0,0.0,912.0,102.0,1228.0,9430.0,9014.0,-2267.0,27.0,16875.0,19066.0,348.0,15724.0,353.0,0.0,28388.0,49.0,Pass
l3327.txm,36.2812,752.0,753.0,134.0,0.0,917.0,101.0,1230.0,9488.0,8942.0,-2352.0,27.0,16597.0,19182.0,133.0,15860.0,361.0,1.0,28396.0,49.0,Pass
l3327.txm,37.2969,751.0,754.0,133.0,0.0,911.0,101.0,1226.0,9404.0,9039.0,-2341.0,28.0,16722.0,19072.0,132.0,16690.0,349.0,0.0,28410.0,49.0,Pass
l3327.txm,38.3281,752.0,754.0,134.0,0.0,914.0,99.0,1228.0,9437.0,8974.0,-802.0,27.0,16427.0,19166.0,-673.0,16468.0,350.0,1.0,28334.0,49.0,Pass
l3327.txm,39.3281,752.0,753.0,135.0,0.0,914.0,99.0,1228.0,9385.0,9005.0,-835.0,28.0,16713.0,19074.0,-340.0,16870.0,342.0,0.0,28330.0,49.0,Pass
l3327.txm,40.3906,752.0,753.0,133.0,0.0,908.0,102.0,1229.0,9450.0,8968.0,-1238.0,27.0,16416.0,19116.0,95.0,16246.0,346.0,0.0,28394.0,49.0,Pass
l3327.txm,41.3906,752.0,753.0,134.0,0.0,905.0,100.0,1230.0,9451.0,8963.0,-1242.0,27.0,16323.0,19182.0,240.0,16354.0,354.0,0.0,28380.0,49.0,Pass
l3327.txm,42.4062,752.0,754.0,133.0,0.0,907.0,100.0,1227.0,9411.0,8978.0,-1705.0,28.0,16507.0,19224.0,-372.0,16614.0,355.0,0.0,28354.0,49.0,Pass
l3327.txm,43.4375,751.0,754.0,134.0,0.0,908.0,100.0,1228.0,9427.0,8962.0,-1054.0,28.0,16516.0,19186.0,-339.0,16678.0,346.0,0.0,28378.0,49.0,Pass
l3327.txm,44.4375,752.0,753.0,131.0,0.0,904.0,99.0,1228.0,9429.0,8941.0,-1321.0,28.0,16756.0,19050.0,318.0,16764.0,347.0,1.0,28358.0,49.0,Pass
l3327.txm,45.4687,752.0,754.0,134.0,0.0,904.0,99.0,1228.0,9426.0,8960.0,-1780.0,27.0,16417.0,19062.0,-289.0,16568.0,356.0,0.0,28338.0,49.0,Pass
l3327.txm,46.4844,751.0,753.0,133.0,0.0,907.0,99.0,1229.0,9450.0,8927.0,-2048.0,28.0,16535.0,19048.0,51.0,16558.0,347.0,0.0,28388.0,49.0,Pass
l3327.txm,47.5,752.0,754.0,134.0,0.0,903.0,102.0,1229.0,9472.0,8936.0,-2181.0,28.0,16428.0,19198.0,-68.0,16810.0,341.0,0.0,28404.0,49.0,Pass
l3327.txm,48.5156,752.0,753.0,134.0,0.0,897.0,102.0,1228.0,9468.0,8940.0,-2724.0,27.0,16617.0,19116.0,-397.0,16078.0,354.0,1.0,28396.0,49.0,Pass
l3327.txm,49.5469,751.0,754.0,136.0,0.0,896.0,102.0,1230.0,9411.0,8993.0,-1892.0,27.0,16670.0,19140.0,-286.0,17062.0,349.0,0.0,28332.0,49.0,Pass
l3327.txm,50.5625,752.0,753.0,133.0,0.0,874.0,102.0,1231.0,9408.0,9001.0,-2198.0,27.0,16210.0,19228.0,-357.0,16538.0,345.0,0.0,28360.0,49.0,Pass
l3327.txm,51.5937,752.0,754.0,134.0,0.0,749.0,101.0,1242.0,9404.0,9053.0,532.0,27.0,16886.0,19236.0,-836.0,16780.0,355.0,0.0,28214.0,50.0,Pass
l3327.txm,52.5937,752.0,752.0,134.0,0.0,624.0,100.0,1235.0,9402.0,8986.0,946.0,27.0,16553.0,19374.0,-267.0,16938.0,349.0,0.0,28090.0,50.0,Pass
l3327.txm,53.625,752.0,753.0,135.0,0.0,496.0,99.0,1233.0,9411.0,8979.0,140.0,28.0,16764.0,19594.0,714.0,16450.0,353.0,0.0,27972.0,50.0,Pass
l3327.txm,9.67187,751.0,753.0,135.0,0.0,355.0,99.0,1309.0,9391.0,9019.0,-1624.0,30.0,17088.0,19914.0,-1131.0,16316.0,345.0,0.0,27770.0,49.0,Pass
l3328.txm,9.67187,751.0,753.0,135.0,0.0,355.0,99.0,1309.0,9391.0,9019.0,-1624.0,30.0,17088.0,19914.0,-1131.0,16316.0,345.0,0.0,27770.0,49.0,Pass
l3328.txm,10.6719,750.0,752.0,135.0,0.0,339.0,99.0,1300.0,9443.0,8994.0,-1117.0,31.0,16760.0,19958.0,-588.0,16096.0,346.0,1.0,27782.0,49.0,Pass
l3328.txm,11.7031,751.0,754.0,135.0,0.0,334.0,100.0,1300.0,9445.0,8993.0,-1687.0,31.0,16538.0,19934.0,-296.0,16264.0,342.0,0.0,27854.0,49.0,Pass
l3328.txm,12.7344,751.0,753.0,132.0,0.0,325.0,101.0,1272.0,9408.0,9065.0,-122.0,31.0,16311.0,19888.0,-9.0,16772.0,348.0,0.0,27820.0,50.0,Pass
l3328.txm,13.75,751.0,752.0,132.0,0.0,319.0,100.0,1207.0,9418.0,9022.0,752.0,30.0,16438.0,20106.0,-1057.0,16472.0,343.0,0.0,27538.0,51.0,Pass
l3328.txm,14.7656,751.0,752.0,132.0,0.0,684.0,101.0,1196.0,9410.0,8954.0,1481.0,29.0,17199.0,19466.0,890.0,16522.0,349.0,0.0,28468.0,50.0,Pass
l3328.txm,15.7813,751.0,753.0,134.0,0.0,927.0,102.0,1211.0,9360.0,9051.0,-692.0,32.0,16048.0,19270.0,-5.0,16820.0,337.0,1.0,28150.0,49.0,Pass
l3328.txm,16.8125,751.0,752.0,135.0,0.0,928.0,99.0,1235.0,9425.0,9025.0,-1017.0,30.0,16642.0,19292.0,-501.0,16784.0,342.0,0.0,28224.0,48.0,Pass
l3328.txm,17.8281,751.0,753.0,134.0,0.0,772.0,100.0,1266.0,9415.0,8983.0,1590.0,29.0,16964.0,19276.0,-519.0,16764.0,343.0,0.0,28254.0,49.0,Pass
l3328.txm,18.8437,752.0,754.0,135.0,0.0,856.0,100.0,1209.0,9471.0,9019.0,-32.0,28.0,16944.0,19294.0,1006.0,16558.0,348.0,0.0,28344.0,50.0,Pass
l3328.txm,19.8594,751.0,753.0,133.0,0.0,844.0,101.0,1216.0,9455.0,8958.0,-902.0,29.0,16657.0,19202.0,-306.0,16796.0,352.0,0.0,28284.0,49.0,Pass
l3328.txm,20.8906,751.0,753.0,134.0,0.0,861.0,101.0,1239.0,9465.0,8961.0,-413.0,29.0,16811.0,19326.0,121.0,16808.0,352.0,0.0,28298.0,49.0,Pass
l3328.txm,21.9219,752.0,751.0,134.0,0.0,869.0,102.0,1223.0,9425.0,8976.0,-862.0,28.0,16621.0,19322.0,3.0,16912.0,343.0,0.0,28286.0,49.0,Pass
l3328.txm,22.9219,751.0,752.0,135.0,0.0,888.0,101.0,1229.0,9454.0,8982.0,-641.0,29.0,16687.0,19170.0,-291.0,16670.0,348.0,0.0,28340.0,49.0,Pass
l3328.txm,23.9375,752.0,752.0,135.0,0.0,892.0,101.0,1228.0,9386.0,9040.0,-1051.0,29.0,16739.0,19236.0,734.0,16080.0,344.0,0.0,28284.0,49.0,Pass
l3328.txm,25.0,751.0,753.0,130.0,0.0,908.0,99.0,1228.0,9457.0,8956.0,-1676.0,29.0,17035.0,19222.0,-348.0,16594.0,350.0,1.0,28352.0,49.0,Pass
l3328.txm,26.0313,752.0,753.0,135.0,0.0,911.0,100.0,1230.0,9402.0,8975.0,-650.0,29.0,16732.0,19196.0,-71.0,16968.0,349.0,1.0,28370.0,49.0,Pass
l3328.txm,27.0313,751.0,753.0,135.0,0.0,908.0,101.0,1228.0,9381.0,8982.0,-1619.0,28.0,16908.0,19236.0,110.0,16612.0,345.0,0.0,28350.0,49.0,Pass
l3328.txm,28.0625,752.0,753.0,136.0,0.0,908.0,101.0,1229.0,9433.0,8962.0,-359.0,29.0,16687.0,19104.0,-587.0,16572.0,350.0,0.0,28322.0,49.0,Pass
l3328.txm,29.1094,752.0,754.0,131.0,0.0,911.0,101.0,1227.0,9402.0,8995.0,-900.0,29.0,16649.0,19076.0,490.0,16532.0,352.0,0.0,28322.0,49.0,Pass
l3328.txm,30.1094,752.0,753.0,135.0,0.0,904.0,101.0,1226.0,9398.0,8977.0,-2061.0,29.0,16636.0,19158.0,-400.0,16742.0,345.0,1.0,28380.0,49.0,Pass
l3328.txm,31.1094,752.0,753.0,132.0,0.0,910.0,100.0,1227.0,9405.0,9000.0,-1384.0,28.0,16528.0,19240.0,836.0,16830.0,348.0,0.0,28358.0,49.0,Pass
l3328.txm,32.1406,752.0,752.0,132.0,0.0,911.0,101.0,1228.0,9453.0,8931.0,-843.0,28.0,16448.0,19072.0,1108.0,16308.0,348.0,0.0,28326.0,49.0,Pass
l3328.txm,33.1562,751.0,753.0,132.0,0.0,913.0,100.0,1230.0,9455.0,8968.0,-1673.0,28.0,16374.0,19066.0,414.0,16400.0,358.0,0.0,28388.0,49.0,Pass
l3328.txm,34.1875,751.0,753.0,133.0,0.0,911.0,100.0,1227.0,9466.0,8946.0,-1655.0,28.0,16553.0,19122.0,-11.0,16590.0,349.0,0.0,28390.0,49.0,Pass
l3328.txm,35.1875,752.0,753.0,136.0,0.0,912.0,100.0,1226.0,9410.0,9000.0,-536.0,27.0,16728.0,19198.0,108.0,16518.0,347.0,0.0,28374.0,49.0,Pass
l3328.txm,36.2188,751.0,754.0,136.0,0.0,909.0,100.0,1228.0,9450.0,8983.0,-1124.0,27.0,16423.0,19114.0,1308.0,16426.0,350.0,1.0,28376.0,49.0,Pass
l3328.txm,37.2344,751.0,754.0,135.0,0.0,912.0,100.0,1228.0,9417.0,8986.0,-1128.0,28.0,16477.0,19072.0,40.0,16796.0,347.0,1.0,28388.0,49.0,Pass
l3328.txm,38.2656,752.0,753.0,130.0,0.0,910.0,100.0,1230.0,9436.0,8996.0,-1583.0,28.0,16651.0,19168.0,-429.0,16348.0,348.0,0.0,28392.0,49.0,Pass
l3328.txm,39.2656,752.0,753.0,131.0,0.0,905.0,100.0,1228.0,9395.0,9006.0,-539.0,28.0,16466.0,19194.0,446.0,16854.0,346.0,0.0,28328.0,49.0,Pass
l3328.txm,40.2969,751.0,754.0,135.0,0.0,905.0,101.0,1228.0,9458.0,8984.0,-2226.0,28.0,16712.0,19196.0,54.0,16728.0,345.0,0.0,28350.0,49.0,Pass
l3328.txm,41.3281,751.0,753.0,132.0,0.0,904.0,102.0,1227.0,9438.0,8943.0,-1659.0,27.0,16569.0,19068.0,1228.0,16264.0,347.0,0.0,28342.0,49.0,Pass
l3328.txm,42.3437,752.0,754.0,135.0,0.0,903.0,102.0,1227.0,9441.0,8954.0,-840.0,28.0,16511.0,19064.0,1470.0,16472.0,361.0,0.0,28332.0,49.0,Pass
l3328.txm,43.3594,751.0,753.0,133.0,0.0,902.0,102.0,1227.0,9457.0,8944.0,-1227.0,28.0,16782.0,19136.0,98.0,16602.0,355.0,0.0,28386.0,49.0,Pass
l3328.txm,44.375,752.0,753.0,136.0,0.0,901.0,101.0,1226.0,9422.0,8997.0,-1069.0,28.0,16742.0,19236.0,336.0,15908.0,356.0,0.0,28372.0,49.0,Pass
l3328.txm,45.4062,752.0,754.0,132.0,0.0,904.0,101.0,1228.0,9388.0,8998.0,-1462.0,28.0,16469.0,19222.0,10.0,16608.0,346.0,0.0,28356.0,49.0,Pass
l3328.txm,46.4062,752.0,753.0,132.0,0.0,901.0,102.0,1229.0,9463.0,8972.0,-1814.0,28.0,16398.0,19090.0,-86.0,16632.0,348.0,0.0,28388.0,49.0,Pass
l3328.txm,47.4375,752.0,753.0,132.0,0.0,899.0,101.0,1227.0,9422.0,8979.0,-1919.0,27.0,16382.0,19198.0,-94.0,16464.0,344.0,0.0,28346.0,49.0,Pass
l3328.txm,48.4844,751.0,755.0,135.0,0.0,894.0,100.0,1229.0,9403.0,9009.0,-855.0,28.0,16712.0,19212.0,55.0,16392.0,357.0,1.0,28356.0,49.0,Pass
l3328.txm,49.4844,751.0,754.0,131.0,0.0,892.0,101.0,1230.0,9401.0,9035.0,-837.0,28.0,16408.0,19218.0,123.0,16620.0,348.0,0.0,28334.0,49.0,Pass
l3328.txm,50.5,752.0,754.0,133.0,0.0,889.0,102.0,1230.0,9434.0,8974.0,-220.0,28.0,16448.0,19088.0,70.0,16286.0,352.0,1.0,28350.0,49.0,Pass
l3328.txm,51.5156,752.0,753.0,131.0,0.0,887.0,102.0,1229.0,9370.0,9016.0,-1303.0,28.0,16339.0,19204.0,66.0,16536.0,344.0,0.0,28358.0,49.0,Pass
l3328.txm,52.5312,752.0,754.0,135.0,0.0,828.0,100.0,1235.0,9485.0,8940.0,593.0,28.0,16384.0,19096.0,-460.0,16450.0,353.0,0.0,28374.0,49.0,Pass
l3328.txm,53.5625,752.0,753.0,133.0,0.0,694.0,99.0,1238.0,9434.0,9043.0,432.0,27.0,16601.0,19326.0,-263.0,16422.0,352.0,1.0,28086.0,50.0,Pass
l3328.txm,54.5625,752.0,753.0,132.0,0.0,559.0,101.0,1237.0,9433.0,8976.0,509.0,28.0,16538.0,19588.0,-493.0,16492.0,350.0,0.0,28026.0,50.0,Pass
l3328.txm,55.6406,751.0,753.0,135.0,0.0,463.0,101.0,1237.0,9449.0,8935.0,285.0,29.0,16482.0,19586.0,-749.0,16948.0,351.0,0.0,27844.0,50.0,Pass
l3328.txm,10.7031,751.0,754.0,132.0,0.0,337.0,100.0,1298.0,9420.0,8986.0,-1306.0,31.0,16704.0,19852.0,-559.0,16430.0,353.0,0.0,27754.0,49.0,Pass
l3329.txm,10.7031,751.0,754.0,132.0,0.0,337.0,100.0,1298.0,9420.0,8986.0,-1306.0,31.0,16704.0,19852.0,-559.0,16430.0,353.0,0.0,27754.0,49.0,Pass
l3329.txm,11.7188,751.0,753.0,135.0,0.0,332.0,100.0,1297.0,9393.0,9058.0,-1072.0,31.0,16442.0,19844.0,148.0,16430.0,346.0,0.0,27888.0,49.0,Pass
l3329.txm,12.7344,752.0,753.0,136.0,0.0,326.0,99.0,1285.0,9417.0,8998.0,-545.0,31.0,16951.0,19866.0,-435.0,16714.0,355.0,0.0,27744.0,50.0,Pass
l3329.txm,13.75,752.0,753.0,135.0,0.0,322.0,101.0,1215.0,9423.0,9053.0,268.0,30.0,17042.0,20178.0,568.0,16238.0,351.0,0.0,27562.0,51.0,Pass
l3329.txm,14.7812,751.0,753.0,131.0,0.0,534.0,100.0,1196.0,9493.0,8938.0,607.0,30.0,16951.0,19760.0,2012.0,16004.0,346.0,0.0,28314.0,50.0,Pass
l3329.txm,15.8125,751.0,752.0,133.0,0.0,916.0,100.0,1205.0,9393.0,8998.0,-1028.0,31.0,16094.0,19256.0,354.0,16668.0,355.0,1.0,28422.0,49.0,Pass
l3329.txm,16.8125,751.0,753.0,134.0,0.0,930.0,101.0,1238.0,9412.0,9036.0,-1198.0,29.0,16847.0,19284.0,67.0,16434.0,347.0,0.0,28102.0,48.0,Pass
l3329.txm,17.8437,751.0,755.0,132.0,0.0,817.0,99.0,1254.0,9416.0,9101.0,486.0,28.0,17089.0,19220.0,-603.0,16438.0,349.0,1.0,28210.0,49.0,Pass
l3329.txm,18.8594,752.0,752.0,132.0,0.0,820.0,100.0,1227.0,9493.0,8943.0,-174.0,29.0,16752.0,19392.0,616.0,16206.0,354.0,1.0,28108.0,50.0,Pass
l3329.txm,19.9063,752.0,752.0,132.0,0.0,841.0,101.0,1207.0,9466.0,8975.0,-1501.0,29.0,16815.0,19390.0,-16.0,16468.0,349.0,0.0,28142.0,49.0,Pass
l3329.txm,20.9219,751.0,752.0,134.0,0.0,856.0,101.0,1240.0,9413.0,8956.0,-1075.0,29.0,16623.0,19446.0,-81.0,16634.0,351.0,1.0,28324.0,49.0,Pass
l3329.txm,21.9375,752.0,754.0,133.0,0.0,873.0,101.0,1228.0,9475.0,8958.0,158.0,29.0,16715.0,19174.0,-460.0,16712.0,347.0,0.0,28282.0,49.0,Pass
l3329.txm,22.9531,751.0,753.0,134.0,0.0,879.0,102.0,1227.0,9420.0,9021.0,-588.0,29.0,16820.0,19176.0,-315.0,16602.0,350.0,0.0,28308.0,49.0,Pass
l3329.txm,23.9844,752.0,753.0,135.0,0.0,893.0,102.0,1229.0,9467.0,8977.0,-459.0,29.0,16406.0,19190.0,-59.0,16454.0,345.0,0.0,28156.0,49.0,Pass
l3329.txm,25.0,752.0,752.0,133.0,0.0,900.0,100.0,1228.0,9493.0,8962.0,-1198.0,28.0,16775.0,19220.0,-507.0,16854.0,346.0,0.0,28338.0,49.0,Pass
l3329.txm,26.0156,751.0,754.0,133.0,0.0,909.0,102.0,1228.0,9411.0,8945.0,-1064.0,29.0,16847.0,19078.0,69.0,16510.0,355.0,0.0,28352.0,49.0,Pass
l3329.txm,27.0781,751.0,753.0,136.0,0.0,908.0,100.0,1228.0,9402.0,9005.0,-370.0,29.0,16863.0,19164.0,4.0,16622.0,344.0,1.0,28300.0,49.0,Pass
l3329.txm,28.0938,752.0,753.0,133.0,0.0,908.0,100.0,1227.0,9390.0,9024.0,-700.0,29.0,16881.0,19118.0,52.0,16594.0,356.0,0.0,28348.0,49.0,Pass
l3329.txm,29.1094,751.0,753.0,136.0,0.0,910.0,100.0,1227.0,9454.0,8977.0,-352.0,29.0,16845.0,19242.0,18.0,16322.0,356.0,0.0,28358.0,49.0,Pass
l3329.txm,30.1406,751.0,753.0,134.0,0.0,909.0,101.0,1227.0,9442.0,8961.0,-449.0,29.0,16882.0,19118.0,354.0,16238.0,357.0,0.0,28322.0,49.0,Pass
l3329.txm,31.1719,752.0,754.0,136.0,0.0,901.0,100.0,1225.0,9428.0,8951.0,-1453.0,28.0,16526.0,19086.0,-60.0,15710.0,343.0,1.0,28306.0,49.0,Pass
l3329.txm,32.1719,752.0,754.0,131.0,0.0,906.0,99.0,1227.0,9449.0,8983.0,-2370.0,28.0,17049.0,19230.0,478.0,15974.0,361.0,0.0,28360.0,49.0,Pass
l3329.txm,33.2031,752.0,753.0,131.0,0.0,911.0,101.0,1228.0,9452.0,8985.0,-1449.0,28.0,16443.0,19090.0,32.0,16672.0,339.0,1.0,28332.0,49.0,Pass
l3329.txm,34.2188,752.0,753.0,135.0,0.0,911.0,100.0,1227.0,9421.0,9039.0,-546.0,28.0,16673.0,19082.0,116.0,16294.0,346.0,1.0,28352.0,49.0,Pass
l3329.txm,35.2656,752.0,754.0,134.0,0.0,911.0,102.0,1229.0,9403.0,8999.0,-441.0,28.0,16629.0,19172.0,-62.0,16296.0,346.0,1.0,28368.0,49.0,Pass
l3329.txm,36.25,752.0,752.0,133.0,0.0,907.0,101.0,1228.0,9458.0,8976.0,216.0,27.0,16193.0,19078.0,-439.0,16314.0,344.0,0.0,28360.0,49.0,Pass
l3329.txm,37.2813,752.0,753.0,129.0,0.0,907.0,101.0,1226.0,9401.0,8986.0,-1855.0,28.0,16650.0,19084.0,63.0,16550.0,347.0,0.0,28368.0,49.0,Pass
l3329.txm,38.2969,752.0,753.0,133.0,0.0,904.0,101.0,1227.0,9430.0,9010.0,-1937.0,28.0,16649.0,19094.0,-11.0,16554.0,343.0,1.0,28342.0,49.0,Pass
l3329.txm,39.3281,752.0,754.0,133.0,0.0,898.0,100.0,1228.0,9477.0,8939.0,-811.0,28.0,16695.0,19170.0,1138.0,16218.0,346.0,0.0,28366.0,49.0,Pass
l3329.txm,40.3281,752.0,753.0,131.0,0.0,905.0,101.0,1227.0,9480.0,8958.0,-1458.0,27.0,16592.0,19148.0,1512.0,16238.0,352.0,1.0,28306.0,49.0,Pass
l3329.txm,41.3594,751.0,754.0,133.0,0.0,907.0,100.0,1228.0,9438.0,8996.0,-487.0,27.0,16832.0,19074.0,59.0,16722.0,344.0,1.0,28374.0,49.0,Pass
l3329.txm,42.375,752.0,754.0,137.0,1.0,901.0,100.0,1228.0,9432.0,8988.0,-2619.0,28.0,16632.0,19224.0,39.0,16748.0,355.0,0.0,28336.0,49.0,Pass
l3329.txm,43.4062,752.0,754.0,132.0,0.0,897.0,100.0,1227.0,9431.0,8987.0,-1028.0,28.0,16626.0,19132.0,-20.0,16654.0,353.0,1.0,28306.0,49.0,Pass
l3329.txm,44.4062,752.0,754.0,135.0,0.0,901.0,101.0,1228.0,9472.0,8968.0,-1486.0,27.0,16314.0,19148.0,-404.0,16506.0,344.0,0.0,28310.0,49.0,Pass
l3329.txm,45.4375,752.0,752.0,132.0,0.0,896.0,100.0,1227.0,9447.0,8962.0,-1603.0,28.0,16691.0,19082.0,89.0,16774.0,349.0,0.0,28360.0,49.0,Pass
l3329.txm,46.4531,752.0,755.0,129.0,0.0,893.0,99.0,1227.0,9405.0,9044.0,-916.0,28.0,16070.0,19080.0,49.0,16446.0,347.0,0.0,28330.0,49.0,Pass
l3329.txm,47.4844,752.0,753.0,131.0,0.0,894.0,100.0,1227.0,9379.0,9016.0,-1904.0,28.0,16490.0,19076.0,-40.0,16600.0,351.0,0.0,28318.0,49.0,Pass
l3329.txm,48.4844,752.0,752.0,133.0,0.0,889.0,101.0,1229.0,9470.0,8964.0,480.0,28.0,16405.0,19224.0,150.0,16696.0,346.0,0.0,28332.0,49.0,Pass
l3329.txm,49.5156,752.0,754.0,133.0,0.0,896.0,101.0,1230.0,9400.0,9011.0,-1988.0,28.0,16429.0,19158.0,-480.0,16818.0,356.0,1.0,28364.0,49.0,Pass
l3329.txm,50.5469,752.0,754.0,134.0,0.0,887.0,101.0,1228.0,9402.0,8990.0,-1224.0,28.0,16425.0,19090.0,958.0,16688.0,346.0,0.0,28332.0,49.0,Pass
l3329.txm,51.5625,752.0,754.0,131.0,0.0,864.0,100.0,1233.0,9455.0,9027.0,603.0,27.0,16305.0,19142.0,48.0,16716.0,361.0,0.0,28362.0,49.0,Pass
l3329.txm,52.5781,751.0,754.0,135.0,0.0,740.0,102.0,1244.0,9445.0,9028.0,930.0,27.0,16284.0,19114.0,-581.0,17148.0,353.0,0.0,28112.0,49.0,Pass
l3329.txm,53.5937,751.0,753.0,132.0,0.0,607.0,102.0,1234.0,9434.0,8957.0,422.0,27.0,16737.0,19412.0,-56.0,16738.0,349.0,0.0,28124.0,50.0,Pass
l3329.txm,54.6562,752.0,754.0,136.0,1.0,489.0,101.0,1235.0,9412.0,8933.0,479.0,29.0,16564.0,19526.0,-363.0,16634.0,351.0,0.0,27968.0,50.0,Pass
l3329.txm,10.2031,751.0,753.0,132.0,0.0,350.0,99.0,1301.0,9432.0,9051.0,76.0,31.0,16522.0,19848.0,-540.0,16398.0,349.0,0.0,27754.0,49.0,Pass
l3330.txm,10.2031,751.0,753.0,132.0,0.0,350.0,99.0,1301.0,9432.0,9051.0,76.0,31.0,16522.0,19848.0,-540.0,16398.0,349.0,0.0,27754.0,49.0,Pass
l3330.txm,11.2031,751.0,753.0,134.0,0.0,332.0,99.0,1295.0,9407.0,9044.0,-810.0,32.0,16584.0,19956.0,38.0,16290.0,348.0,0.0,27818.0,49.0,Pass
l3330.txm,12.2344,751.0,753.0,132.0,0.0,328.0,101.0,1294.0,9483.0,8964.0,-744.0,32.0,16379.0,19964.0,-55.0,16390.0,354.0,0.0,27850.0,49.0,Pass
l3330.txm,13.25,751.0,755.0,131.0,0.0,327.0,100.0,1275.0,9437.0,9036.0,49.0,30.0,16767.0,20030.0,41.0,16826.0,345.0,0.0,27824.0,50.0,Pass
l3330.txm,14.2813,751.0,752.0,133.0,0.0,318.0,102.0,1202.0,9473.0,9067.0,1305.0,29.0,16976.0,20188.0,-365.0,16212.0,350.0,0.0,27526.0,51.0,Pass
l3330.txm,15.2813,752.0,754.0,131.0,0.0,775.0,99.0,1190.0,9419.0,9014.0,835.0,29.0,16894.0,19412.0,1160.0,16938.0,350.0,1.0,28378.0,50.0,Pass
l3330.txm,16.3125,752.0,753.0,132.0,0.0,918.0,101.0,1209.0,9446.0,8993.0,-1561.0,31.0,15916.0,19180.0,71.0,16642.0,351.0,0.0,28260.0,49.0,Pass
l3330.txm,17.3438,751.0,752.0,132.0,0.0,924.0,100.0,1245.0,9424.0,9040.0,-2200.0,29.0,16923.0,19138.0,-314.0,16528.0,345.0,0.0,28152.0,49.0,Pass
l3330.txm,18.3594,752.0,751.0,136.0,0.0,745.0,101.0,1260.0,9463.0,9000.0,278.0,29.0,17105.0,19422.0,-1181.0,16538.0,344.0,0.0,28280.0,49.0,Pass
l3330.txm,19.375,751.0,753.0,133.0,0.0,842.0,102.0,1214.0,9473.0,8972.0,209.0,29.0,16864.0,19454.0,-58.0,16490.0,346.0,0.0,28108.0,50.0,Pass
l3330.txm,20.3906,751.0,753.0,133.0,0.0,832.0,99.0,1221.0,9422.0,8969.0,-1542.0,30.0,16833.0,19448.0,-296.0,16144.0,351.0,1.0,28272.0,49.0,Pass
l3330.txm,21.4375,752.0,753.0,133.0,0.0,858.0,100.0,1239.0,9399.0,9000.0,-1554.0,31.0,16293.0,19314.0,62.0,16380.0,349.0,0.0,28260.0,49.0,Pass
l3330.txm,22.4375,752.0,753.0,132.0,0.0,863.0,101.0,1222.0,9467.0,8914.0,-847.0,32.0,15863.0,19356.0,-368.0,16422.0,351.0,0.0,28350.0,49.0,Pass
l3330.txm,23.4531,751.0,753.0,133.0,0.0,887.0,100.0,1238.0,9398.0,9009.0,-1833.0,29.0,16880.0,19254.0,15.0,16482.0,351.0,0.0,28342.0,49.0,Pass
l3330.txm,24.4688,751.0,753.0,133.0,0.0,896.0,100.0,1225.0,9428.0,8961.0,-1421.0,31.0,15855.0,19198.0,-11.0,16290.0,360.0,0.0,28300.0,49.0,Pass
l3330.txm,25.5,752.0,753.0,131.0,0.0,905.0,100.0,1234.0,9433.0,8980.0,-2102.0,29.0,16481.0,19120.0,-283.0,16718.0,351.0,0.0,28286.0,49.0,Pass
l3330.txm,26.5156,751.0,753.0,134.0,0.0,909.0,100.0,1225.0,9464.0,8956.0,-1811.0,31.0,16205.0,19108.0,-90.0,16802.0,352.0,1.0,28438.0,49.0,Pass
l3330.txm,27.5312,751.0,753.0,133.0,0.0,902.0,101.0,1233.0,9449.0,8984.0,-1710.0,29.0,16657.0,19240.0,107.0,16584.0,358.0,0.0,28386.0,49.0,Pass
l3330.txm,28.5781,752.0,752.0,130.0,0.0,905.0,101.0,1223.0,9453.0,8926.0,-2054.0,31.0,16166.0,19098.0,41.0,16380.0,351.0,0.0,28378.0,49.0,Pass
l3330.txm,29.5781,752.0,753.0,134.0,0.0,899.0,101.0,1233.0,9464.0,8920.0,-2253.0,29.0,16753.0,19068.0,806.0,16774.0,344.0,1.0,28232.0,49.0,Pass
l3330.txm,30.5938,752.0,754.0,132.0,0.0,911.0,99.0,1224.0,9435.0,9022.0,-1076.0,29.0,16666.0,19232.0,150.0,16136.0,350.0,0.0,28264.0,49.0,Pass
l3330.txm,31.6094,752.0,754.0,136.0,0.0,906.0,101.0,1235.0,9453.0,8982.0,-1251.0,28.0,16729.0,19190.0,56.0,16302.0,360.0,0.0,28270.0,49.0,Pass
l3330.txm,32.625,752.0,753.0,134.0,0.0,907.0,101.0,1223.0,9469.0,8987.0,-1004.0,28.0,16664.0,19060.0,-94.0,16690.0,344.0,0.0,28242.0,49.0,Pass
l3330.txm,33.6562,752.0,753.0,137.0,0.0,909.0,100.0,1232.0,9427.0,8895.0,-889.0,30.0,15960.0,19176.0,-355.0,16874.0,343.0,0.0,28424.0,49.0,Pass
l3330.txm,34.6875,752.0,753.0,133.0,0.0,908.0,99.0,1223.0,9429.0,8959.0,-598.0,28.0,16790.0,19058.0,4.0,16786.0,349.0,0.0,28402.0,49.0,Pass
l3330.txm,35.6875,752.0,753.0,132.0,0.0,908.0,99.0,1236.0,9396.0,8976.0,-1561.0,30.0,16070.0,19196.0,290.0,16224.0,345.0,0.0,28264.0,49.0,Pass
l3330.txm,36.7188,751.0,753.0,132.0,0.0,903.0,99.0,1226.0,9416.0,9012.0,-920.0,28.0,16652.0,19158.0,-711.0,16564.0,343.0,0.0,28238.0,49.0,Pass
l3330.txm,37.7344,752.0,754.0,133.0,0.0,907.0,101.0,1234.0,9402.0,8996.0,-1951.0,30.0,15904.0,19214.0,554.0,16602.0,343.0,0.0,28410.0,49.0,Pass
l3330.txm,38.7656,752.0,754.0,131.0,0.0,899.0,102.0,1225.0,9461.0,8926.0,-1276.0,27.0,16721.0,19100.0,18.0,16310.0,342.0,1.0,28418.0,49.0,Pass
l3330.txm,39.7656,751.0,752.0,132.0,0.0,908.0,102.0,1236.0,9500.0,8918.0,-2075.0,29.0,15990.0,19222.0,-499.0,16316.0,347.0,1.0,28434.0,49.0,Pass
l3330.txm,40.8281,752.0,754.0,136.0,0.0,901.0,101.0,1227.0,9490.0,8958.0,-2039.0,27.0,16866.0,19230.0,520.0,15708.0,357.0,0.0,28254.0,49.0,Pass
l3330.txm,41.8437,752.0,753.0,135.0,0.0,899.0,100.0,1228.0,9435.0,8979.0,-762.0,29.0,16242.0,19094.0,-428.0,16872.0,345.0,0.0,28402.0,49.0,Pass
l3330.txm,42.8906,751.0,754.0,134.0,0.0,897.0,100.0,1226.0,9408.0,9019.0,-745.0,28.0,16403.0,19234.0,756.0,16726.0,346.0,0.0,28228.0,49.0,Pass
l3330.txm,43.8906,752.0,753.0,133.0,0.0,895.0,100.0,1228.0,9448.0,8960.0,-2050.0,28.0,16241.0,19226.0,198.0,16888.0,339.0,0.0,28270.0,49.0,Pass
l3330.txm,44.9219,752.0,754.0,133.0,0.0,893.0,100.0,1226.0,9444.0,8984.0,-401.0,28.0,16505.0,19078.0,1004.0,16610.0,343.0,0.0,28258.0,49.0,Pass
l3330.txm,45.9375,752.0,754.0,135.0,0.0,892.0,101.0,1229.0,9444.0,8956.0,-1804.0,28.0,16886.0,19212.0,678.0,15976.0,356.0,0.0,28438.0,49.0,Pass
l3330.txm,46.9687,752.0,752.0,134.0,0.0,896.0,100.0,1231.0,9426.0,8973.0,-1070.0,28.0,16825.0,19060.0,28.0,16528.0,352.0,0.0,28392.0,49.0,Pass
l3330.txm,48.0156,752.0,752.0,130.0,0.0,889.0,100.0,1228.0,9416.0,9023.0,-1241.0,28.0,16538.0,19228.0,122.0,16586.0,348.0,1.0,28240.0,49.0,Pass
l3330.txm,49.0,752.0,753.0,134.0,0.0,884.0,101.0,1231.0,9460.0,8965.0,-1049.0,28.0,16220.0,19074.0,-16.0,16512.0,342.0,0.0,28410.0,49.0,Pass
l3330.txm,50.0312,752.0,754.0,136.0,0.0,886.0,102.0,1229.0,9473.0,8954.0,-2636.0,28.0,16202.0,19080.0,-19.0,16654.0,347.0,0.0,28284.0,49.0,Pass
l3330.txm,51.0469,752.0,754.0,135.0,0.0,882.0,102.0,1232.0,9460.0,8955.0,-602.0,28.0,16738.0,19226.0,902.0,16438.0,348.0,0.0,28222.0,49.0,Pass
l3330.txm,52.0625,752.0,754.0,134.0,0.0,840.0,101.0,1229.0,9475.0,8968.0,-2480.0,28.0,16547.0,19218.0,-21.0,16486.0,347.0,0.0,28262.0,49.0,Pass
l3330.txm,53.0781,751.0,753.0,134.0,1.0,715.0,101.0,1241.0,9447.0,8943.0,-968.0,28.0,16121.0,19296.0,-756.0,16512.0,355.0,0.0,28104.0,50.0,Pass
l3330.txm,54.1094,752.0,752.0,134.0,0.0,567.0,101.0,1238.0,9481.0,8954.0,837.0,27.0,16889.0,19474.0,-2.0,16862.0,351.0,0.0,28094.0,50.0,Pass
l3330.txm,55.1406,752.0,754.0,132.0,0.0,457.0,100.0,1233.0,9425.0,9028.0,818.0,28.0,16585.0,19590.0,-402.0,16804.0,351.0,0.0,27980.0,50.0,Pass
l3330.txm,8.67187,751.0,754.0,132.0,0.0,354.0,100.0,1311.0,9405.0,9000.0,-984.0,31.0,16682.0,19692.0,-1290.0,16930.0,342.0,0.0,27870.0,49.0,Pass
l3331.txm,8.67187,751.0,754.0,132.0,0.0,354.0,100.0,1311.0,9405.0,9000.0,-984.0,31.0,16682.0,19692.0,-1290.0,16930.0,342.0,0.0,27870.0,49.0,Pass
l3331.txm,9.6875,751.0,753.0,133.0,0.0,337.0,101.0,1303.0,9436.0,8968.0,-1220.0,31.0,16606.0,19850.0,-493.0,16604.0,357.0,0.0,27796.0,49.0,Pass
l3331.txm,10.7031,751.0,753.0,136.0,0.0,329.0,100.0,1303.0,9376.0,9017.0,-2376.0,31.0,16587.0,20074.0,-44.0,15940.0,350.0,1.0,27798.0,49.0,Pass
l3331.txm,11.7344,752.0,753.0,133.0,0.0,324.0,101.0,1275.0,9420.0,9017.0,374.0,31.0,16611.0,19932.0,762.0,16594.0,346.0,0.0,27846.0,50.0,Pass
l3331.txm,12.75,751.0,752.0,135.0,0.0,320.0,99.0,1213.0,9440.0,9022.0,431.0,29.0,16824.0,19896.0,-261.0,16746.0,355.0,0.0,27738.0,51.0,Pass
l3331.txm,13.8281,751.0,753.0,131.0,0.0,606.0,99.0,1193.0,9409.0,8975.0,495.0,31.0,16783.0,19818.0,3014.0,14892.0,353.0,8.0,28138.0,50.0,Pass
l3331.txm,14.7812,751.0,753.0,133.0,0.0,919.0,100.0,1207.0,9375.0,9019.0,-2181.0,31.0,16189.0,19176.0,-1065.0,16762.0,349.0,0.0,28098.0,49.0,Pass
l3331.txm,15.8125,751.0,754.0,132.0,0.0,920.0,101.0,1248.0,9401.0,9042.0,-1809.0,30.0,17003.0,19320.0,-291.0,16040.0,352.0,1.0,28212.0,49.0,Pass
l3331.txm,16.8281,751.0,753.0,132.0,0.0,789.0,100.0,1251.0,9454.0,9055.0,886.0,29.0,16887.0,19388.0,-406.0,16528.0,340.0,0.0,28216.0,49.0,Pass
l3331.txm,17.8594,751.0,752.0,135.0,0.0,833.0,100.0,1218.0,9488.0,8952.0,227.0,29.0,17087.0,19380.0,1162.0,16254.0,343.0,0.0,28340.0,50.0,Pass
l3331.txm,18.8594,750.0,752.0,134.0,0.0,838.0,101.0,1221.0,9382.0,9026.0,-545.0,29.0,17032.0,19258.0,51.0,16742.0,356.0,0.0,28312.0,49.0,Pass
l3331.txm,19.8906,751.0,752.0,139.0,0.0,856.0,99.0,1239.0,9438.0,8969.0,-1850.0,29.0,16876.0,19236.0,-848.0,16668.0,345.0,0.0,28240.0,49.0,Pass
l3331.txm,20.9063,752.0,753.0,136.0,0.0,862.0,99.0,1226.0,9394.0,9041.0,-644.0,29.0,16868.0,19358.0,137.0,16192.0,350.0,0.0,28260.0,49.0,Pass
l3331.txm,21.9375,751.0,753.0,133.0,0.0,878.0,99.0,1227.0,9406.0,9017.0,-714.0,29.0,17042.0,19230.0,115.0,16228.0,353.0,1.0,28314.0,49.0,Pass
l3331.txm,22.9375,752.0,753.0,134.0,0.0,886.0,101.0,1228.0,9369.0,9013.0,-701.0,29.0,16487.0,19210.0,72.0,16454.0,348.0,0.0,28404.0,49.0,Pass
l3331.txm,23.9687,752.0,754.0,133.0,0.0,893.0,101.0,1228.0,9434.0,9020.0,-1342.0,29.0,16649.0,19098.0,-337.0,16644.0,349.0,0.0,28350.0,49.0,Pass
l3331.txm,24.9844,751.0,753.0,131.0,0.0,901.0,99.0,1229.0,9439.0,8986.0,-1937.0,29.0,16469.0,19110.0,554.0,16314.0,353.0,0.0,28402.0,49.0,Pass
l3331.txm,26.0313,752.0,753.0,135.0,0.0,896.0,100.0,1227.0,9439.0,8946.0,-1296.0,29.0,16651.0,19260.0,75.0,16606.0,346.0,0.0,28356.0,49.0,Pass
l3331.txm,27.0625,752.0,755.0,136.0,0.0,903.0,100.0,1226.0,9469.0,8968.0,-1091.0,29.0,16781.0,19216.0,298.0,16686.0,346.0,0.0,28374.0,49.0,Pass
l3331.txm,28.1719,752.0,754.0,133.0,0.0,897.0,99.0,1225.0,9449.0,8941.0,-1105.0,29.0,16700.0,19082.0,486.0,16588.0,343.0,1.0,28382.0,49.0,Pass
l3331.txm,29.2031,751.0,753.0,134.0,0.0,900.0,99.0,1227.0,9432.0,8943.0,-137.0,28.0,16572.0,19058.0,-401.0,17026.0,353.0,1.0,28334.0,49.0,Pass
l3331.txm,30.2187,752.0,753.0,132.0,0.0,900.0,101.0,1226.0,9429.0,9014.0,-1138.0,29.0,16760.0,19114.0,-64.0,16608.0,345.0,0.0,28326.0,49.0,Pass
l3331.txm,31.25,752.0,754.0,135.0,0.0,901.0,100.0,1227.0,9400.0,8958.0,-482.0,28.0,16728.0,19058.0,-370.0,16844.0,350.0,0.0,28324.0,49.0,Pass
l3331.txm,32.25,751.0,753.0,129.0,0.0,902.0,101.0,1226.0,9438.0,8934.0,-2709.0,27.0,16477.0,19204.0,-66.0,16492.0,349.0,1.0,28380.0,49.0,Pass
l3331.txm,33.3125,752.0,752.0,134.0,0.0,897.0,101.0,1224.0,9410.0,8986.0,-1270.0,28.0,16649.0,19190.0,140.0,16402.0,352.0,0.0,28336.0,49.0,Pass
l3331.txm,34.2969,751.0,753.0,136.0,0.0,903.0,102.0,1226.0,9412.0,8967.0,-823.0,28.0,16744.0,19196.0,-78.0,16656.0,350.0,0.0,28338.0,49.0,Pass
l3331.txm,35.3125,751.0,754.0,134.0,0.0,899.0,102.0,1227.0,9399.0,8997.0,-1763.0,28.0,16823.0,19054.0,-285.0,16776.0,353.0,1.0,28362.0,49.0,Pass
l3331.txm,36.3281,752.0,754.0,137.0,0.0,903.0,100.0,1229.0,9397.0,9054.0,-2100.0,28.0,16684.0,19136.0,614.0,16692.0,351.0,0.0,28342.0,49.0,Pass
l3331.txm,37.3594,752.0,754.0,135.0,0.0,906.0,100.0,1230.0,9418.0,8958.0,-481.0,27.0,16312.0,19194.0,-264.0,16714.0,353.0,0.0,28356.0,49.0,Pass
l3331.txm,38.375,752.0,755.0,132.0,0.0,898.0,99.0,1227.0,9426.0,9001.0,-66.0,28.0,16722.0,19164.0,-268.0,16680.0,343.0,0.0,28350.0,49.0,Pass
l3331.txm,39.4062,752.0,754.0,137.0,0.0,906.0,99.0,1231.0,9465.0,8935.0,-219.0,28.0,16757.0,19048.0,69.0,16294.0,350.0,0.0,28342.0,49.0,Pass
l3331.txm,40.4219,751.0,753.0,132.0,0.0,893.0,100.0,1227.0,9422.0,8982.0,-2045.0,28.0,16391.0,19178.0,92.0,16808.0,345.0,0.0,28356.0,49.0,Pass
l3331.txm,41.4375,752.0,753.0,134.0,0.0,894.0,100.0,1227.0,9413.0,9001.0,-422.0,28.0,16983.0,19110.0,-400.0,16830.0,348.0,0.0,28380.0,49.0,Pass
l3331.txm,42.4687,751.0,754.0,132.0,0.0,898.0,101.0,1232.0,9408.0,9053.0,-488.0,28.0,16988.0,19050.0,126.0,16686.0,349.0,0.0,28370.0,49.0,Pass
l3331.txm,43.4844,751.0,753.0,134.0,0.0,894.0,99.0,1226.0,9455.0,8962.0,-780.0,27.0,16501.0,19078.0,94.0,16762.0,346.0,1.0,28354.0,49.0,Pass
l3331.txm,44.5,751.0,753.0,136.0,0.0,891.0,101.0,1227.0,9436.0,8982.0,-1138.0,28.0,16798.0,19088.0,-318.0,16326.0,350.0,0.0,28338.0,49.0,Pass
l3331.txm,45.5469,752.0,753.0,132.0,0.0,889.0,101.0,1226.0,9402.0,8995.0,-1764.0,27.0,16399.0,19206.0,1294.0,16774.0,358.0,0.0,28372.0,49.0,Pass
l3331.txm,46.5781,752.0,753.0,132.0,0.0,890.0,101.0,1227.0,9412.0,8998.0,-476.0,27.0,16558.0,19060.0,950.0,16404.0,346.0,0.0,28370.0,49.0,Pass
l3331.txm,47.5781,752.0,754.0,132.0,0.0,889.0,100.0,1228.0,9398.0,8981.0,-1180.0,28.0,16408.0,19162.0,139.0,16302.0,349.0,0.0,28344.0,49.0,Pass
l3331.txm,48.6094,752.0,754.0,134.0,0.0,885.0,102.0,1227.0,9448.0,8968.0,-1255.0,28.0,16502.0,19148.0,78.0,16942.0,358.0,0.0,28370.0,49.0,Pass
l3331.txm,49.625,752.0,754.0,132.0,0.0,880.0,100.0,1228.0,9474.0,8983.0,-1518.0,28.0,16404.0,19050.0,98.0,16678.0,351.0,1.0,28330.0,49.0,Pass
l3331.txm,50.6562,751.0,754.0,133.0,0.0,880.0,101.0,1228.0,9396.0,8982.0,-933.0,27.0,16910.0,19052.0,-323.0,16452.0,353.0,1.0,28320.0,49.0,Pass
l3331.txm,51.6562,751.0,752.0,135.0,0.0,845.0,100.0,1229.0,9395.0,9024.0,456.0,28.0,16983.0,19126.0,-1085.0,17046.0,357.0,0.0,28292.0,49.0,Pass
l3331.txm,52.7187,751.0,754.0,133.0,0.0,694.0,100.0,1246.0,9471.0,8943.0,418.0,27.0,16623.0,19288.0,-489.0,17024.0,346.0,0.0,28112.0,50.0,Pass
l3331.txm,53.7031,752.0,753.0,133.0,0.0,575.0,99.0,1236.0,9439.0,8940.0,689.0,28.0,16410.0,19444.0,-769.0,16600.0,359.0,0.0,28052.0,50.0,Pass
l3331.txm,54.7344,751.0,753.0,131.0,0.0,468.0,102.0,1237.0,9428.0,8941.0,-472.0,29.0,16505.0,19580.0,49.0,16842.0,353.0,1.0,27896.0,50.0,Pass
l3331.txm,11.2188,751.0,753.0,132.0,0.0,336.0,101.0,1299.0,9492.0,8957.0,-878.0,31.0,16811.0,19850.0,-602.0,16482.0,357.0,0.0,27774.0,49.0,Pass
l3332.txm,11.2188,751.0,753.0,132.0,0.0,336.0,101.0,1299.0,9492.0,8957.0,-878.0,31.0,16811.0,19850.0,-602.0,16482.0,357.0,0.0,27774.0,49.0,Pass
l3332.txm,12.2344,751.0,754.0,132.0,0.0,327.0,100.0,1298.0,9464.0,8967.0,-1246.0,31.0,16399.0,19922.0,19.0,16162.0,350.0,1.0,27854.0,49.0,Pass
l3332.txm,13.25,751.0,752.0,133.0,0.0,323.0,101.0,1298.0,9406.0,9042.0,-1780.0,31.0,16574.0,19988.0,18.0,16528.0,343.0,0.0,27878.0,49.0,Pass
l3332.txm,14.2656,751.0,754.0,132.0,0.0,319.0,100.0,1244.0,9521.0,9003.0,166.0,28.0,17021.0,20030.0,0.0,16956.0,353.0,0.0,27704.0,51.0,Pass
l3332.txm,15.2969,751.0,752.0,134.0,0.0,376.0,100.0,1201.0,9453.0,9009.0,614.0,30.0,17006.0,20094.0,153.0,15412.0,356.0,1.0,27784.0,51.0,Pass
l3332.txm,16.3125,751.0,753.0,132.0,0.0,866.0,102.0,1190.0,9390.0,8962.0,-899.0,31.0,16164.0,19256.0,-537.0,16736.0,349.0,0.0,28384.0,49.0,Pass
l3332.txm,17.3281,751.0,752.0,134.0,0.0,921.0,100.0,1229.0,9441.0,9029.0,-1693.0,29.0,16641.0,19268.0,-591.0,16612.0,356.0,0.0,28266.0,49.0,Pass
l3332.txm,18.3594,751.0,753.0,136.0,0.0,877.0,101.0,1247.0,9462.0,8986.0,-797.0,29.0,16911.0,19230.0,-660.0,16140.0,353.0,0.0,28278.0,49.0,Pass
l3332.txm,19.375,751.0,751.0,135.0,0.0,700.0,101.0,1255.0,9456.0,8969.0,-64.0,29.0,16645.0,19526.0,186.0,15898.0,348.0,0.0,28242.0,50.0,Pass
l3332.txm,20.3906,751.0,752.0,132.0,0.0,837.0,100.0,1195.0,9413.0,9010.0,185.0,28.0,17215.0,19108.0,113.0,16780.0,349.0,0.0,28392.0,50.0,Pass
l3332.txm,21.4375,751.0,752.0,132.0,0.0,844.0,99.0,1235.0,9392.0,9012.0,-2245.0,29.0,16739.0,19294.0,-398.0,16586.0,347.0,0.0,28094.0,49.0,Pass
l3332.txm,22.4688,752.0,753.0,134.0,0.0,846.0,99.0,1226.0,9390.0,8957.0,-2063.0,29.0,16290.0,19362.0,-428.0,15960.0,360.0,0.0,28260.0,49.0,Pass
l3332.txm,23.4687,751.0,754.0,136.0,0.0,855.0,101.0,1224.0,9430.0,8931.0,-2088.0,30.0,16339.0,19340.0,49.0,16500.0,352.0,0.0,28088.0,49.0,Pass
l3332.txm,24.5,751.0,753.0,136.0,0.0,874.0,101.0,1231.0,9392.0,9002.0,-2064.0,29.0,16632.0,19220.0,89.0,16522.0,342.0,1.0,28324.0,49.0,Pass
l3332.txm,25.5156,751.0,752.0,133.0,0.0,884.0,102.0,1228.0,9415.0,8996.0,-1505.0,30.0,16735.0,19108.0,154.0,16636.0,353.0,0.0,28362.0,49.0,Pass
l3332.txm,26.5469,751.0,753.0,133.0,0.0,891.0,102.0,1224.0,9380.0,8966.0,-964.0,30.0,16496.0,19250.0,-484.0,16732.0,347.0,0.0,28324.0,49.0,Pass
l3332.txm,27.5625,752.0,753.0,135.0,0.0,886.0,102.0,1231.0,9460.0,8962.0,-1112.0,30.0,16428.0,19180.0,-19.0,16456.0,347.0,0.0,28298.0,49.0,Pass
l3332.txm,28.6094,752.0,754.0,134.0,0.0,895.0,100.0,1227.0,9416.0,9011.0,-1347.0,29.0,16560.0,19234.0,28.0,16616.0,358.0,0.0,28372.0,49.0,Pass
l3332.txm,29.5937,752.0,754.0,130.0,0.0,893.0,99.0,1227.0,9431.0,8961.0,-1041.0,29.0,16467.0,19146.0,310.0,16408.0,349.0,0.0,28308.0,49.0,Pass
l3332.txm,30.625,752.0,754.0,132.0,0.0,895.0,101.0,1230.0,9396.0,9024.0,-2821.0,28.0,16538.0,19090.0,504.0,16054.0,352.0,0.0,28318.0,49.0,Pass
l3332.txm,31.6563,751.0,753.0,136.0,0.0,895.0,101.0,1229.0,9457.0,8938.0,-774.0,28.0,16483.0,19226.0,452.0,16284.0,346.0,1.0,28338.0,49.0,Pass
l3332.txm,32.6563,752.0,753.0,134.0,0.0,893.0,100.0,1228.0,9459.0,8959.0,-831.0,29.0,16602.0,19088.0,111.0,16418.0,347.0,0.0,28312.0,49.0,Pass
l3332.txm,33.6875,751.0,753.0,134.0,0.0,894.0,100.0,1230.0,9421.0,8987.0,-880.0,29.0,16478.0,19212.0,360.0,16598.0,340.0,0.0,28342.0,49.0,Pass
l3332.txm,34.7031,752.0,753.0,136.0,0.0,893.0,101.0,1230.0,9388.0,9020.0,-1278.0,28.0,16391.0,19232.0,1378.0,16282.0,352.0,0.0,28330.0,49.0,Pass
l3332.txm,35.7344,751.0,753.0,132.0,0.0,897.0,101.0,1229.0,9421.0,8953.0,-3031.0,29.0,16072.0,19144.0,-348.0,16662.0,345.0,0.0,28308.0,49.0,Pass
l3332.txm,36.7344,751.0,754.0,133.0,0.0,892.0,101.0,1229.0,9408.0,8997.0,-2283.0,29.0,16287.0,19196.0,90.0,16704.0,350.0,0.0,28314.0,49.0,Pass
l3332.txm,37.7656,752.0,753.0,130.0,0.0,895.0,101.0,1228.0,9413.0,8995.0,-1843.0,28.0,16503.0,19106.0,-60.0,16756.0,350.0,1.0,28350.0,49.0,Pass
l3332.txm,38.7812,752.0,754.0,135.0,0.0,894.0,101.0,1229.0,9432.0,8982.0,-612.0,28.0,16422.0,19062.0,590.0,16506.0,359.0,0.0,28302.0,49.0,Pass
l3332.txm,39.7969,752.0,753.0,137.0,0.0,894.0,100.0,1228.0,9471.0,8973.0,-3005.0,29.0,16184.0,19216.0,-611.0,16898.0,341.0,0.0,28316.0,49.0,Pass
l3332.txm,40.8437,752.0,753.0,131.0,0.0,891.0,101.0,1230.0,9377.0,9013.0,-1476.0,28.0,16218.0,19208.0,27.0,16882.0,342.0,0.0,28306.0,49.0,Pass
l3332.txm,41.875,751.0,754.0,132.0,0.0,892.0,101.0,1230.0,9419.0,8975.0,-1280.0,29.0,16214.0,19212.0,762.0,16208.0,359.0,1.0,28330.0,49.0,Pass
l3332.txm,42.8906,751.0,753.0,131.0,0.0,894.0,101.0,1230.0,9447.0,8973.0,-2286.0,28.0,16217.0,19122.0,73.0,16686.0,349.0,0.0,28346.0,49.0,Pass
l3332.txm,43.9062,752.0,753.0,131.0,0.0,890.0,101.0,1229.0,9422.0,8957.0,-2123.0,28.0,16376.0,19078.0,33.0,16416.0,349.0,0.0,28334.0,49.0,Pass
l3332.txm,44.9219,752.0,754.0,134.0,0.0,885.0,101.0,1228.0,9464.0,9006.0,-2645.0,28.0,16338.0,19118.0,67.0,16716.0,343.0,0.0,28358.0,49.0,Pass
l3332.txm,45.9531,751.0,753.0,135.0,0.0,884.0,101.0,1227.0,9441.0,8995.0,-2834.0,29.0,16298.0,19086.0,-505.0,16554.0,344.0,0.0,28366.0,49.0,Pass
l3332.txm,46.9844,752.0,753.0,131.0,0.0,890.0,102.0,1227.0,9390.0,9021.0,-1057.0,29.0,16265.0,19152.0,-545.0,16312.0,356.0,0.0,28346.0,49.0,Pass
l3332.txm,48.0156,752.0,753.0,132.0,0.0,888.0,102.0,1229.0,9474.0,8941.0,-2204.0,28.0,16432.0,19104.0,554.0,16616.0,353.0,0.0,28294.0,49.0,Pass
l3332.txm,49.0156,751.0,753.0,135.0,0.0,888.0,100.0,1231.0,9476.0,8982.0,-1192.0,29.0,16274.0,19064.0,-375.0,16544.0,349.0,0.0,28350.0,49.0,Pass
l3332.txm,50.0312,752.0,753.0,133.0,0.0,879.0,101.0,1230.0,9426.0,9000.0,-1854.0,28.0,16504.0,19146.0,120.0,16420.0,356.0,0.0,28350.0,49.0,Pass
l3332.txm,51.0625,752.0,754.0,129.0,0.0,878.0,101.0,1230.0,9386.0,8978.0,-2153.0,28.0,16413.0,19090.0,-295.0,16464.0,350.0,0.0,28354.0,49.0,Pass
l3332.txm,52.0625,751.0,752.0,134.0,0.0,871.0,101.0,1228.0,9397.0,8954.0,-1013.0,28.0,16593.0,19140.0,21.0,16666.0,350.0,1.0,28308.0,49.0,Pass
l3332.txm,53.0937,752.0,753.0,132.0,0.0,821.0,101.0,1231.0,9429.0,8961.0,295.0,28.0,16206.0,19138.0,41.0,16636.0,353.0,0.0,28294.0,49.0,Pass
l3332.txm,54.1094,752.0,754.0,133.0,0.0,662.0,100.0,1249.0,9405.0,9055.0,197.0,27.0,16516.0,19302.0,-671.0,16910.0,354.0,0.0,28136.0,50.0,Pass
l3332.txm,55.1562,752.0,753.0,132.0,0.0,529.0,101.0,1233.0,9429.0,8983.0,69.0,28.0,16507.0,19494.0,-574.0,16516.0,355.0,0.0,28036.0,50.0,Pass
l3332.txm,10.7187,751.0,753.0,133.0,0.0,339.0,99.0,1306.0,9445.0,8981.0,-1300.0,30.0,16618.0,19796.0,-838.0,16760.0,349.0,0.0,27844.0,49.0,Pass
l3333.txm,10.7187,751.0,753.0,133.0,0.0,339.0,99.0,1306.0,9445.0,8981.0,-1300.0,30.0,16618.0,19796.0,-838.0,16760.0,349.0,0.0,27844.0,49.0,Pass
l3333.txm,11.7344,751.0,752.0,133.0,0.0,332.0,101.0,1303.0,9392.0,9042.0,-1317.0,31.0,16581.0,19834.0,-699.0,16752.0,348.0,0.0,27820.0,49.0,Pass
l3333.txm,12.75,751.0,754.0,132.0,0.0,321.0,99.0,1303.0,9461.0,9047.0,-1453.0,31.0,16793.0,20104.0,151.0,16202.0,354.0,0.0,27762.0,49.0,Pass
l3333.txm,13.7812,751.0,752.0,135.0,0.0,319.0,100.0,1218.0,9435.0,9035.0,665.0,29.0,16927.0,20080.0,-480.0,16862.0,348.0,0.0,27610.0,51.0,Pass
l3333.txm,14.7969,751.0,753.0,135.0,0.0,383.0,101.0,1203.0,9464.0,8986.0,994.0,29.0,16837.0,20154.0,-440.0,15604.0,347.0,0.0,27588.0,50.0,Pass
l3333.txm,15.8125,751.0,753.0,134.0,0.0,872.0,101.0,1191.0,9455.0,8954.0,-570.0,29.0,17127.0,19120.0,-777.0,17346.0,350.0,0.0,28186.0,49.0,Pass
l3333.txm,16.8281,752.0,752.0,133.0,0.0,914.0,99.0,1233.0,9404.0,9020.0,-1882.0,29.0,16531.0,19384.0,85.0,15986.0,347.0,0.0,28086.0,49.0,Pass
l3333.txm,17.8594,751.0,753.0,134.0,0.0,873.0,101.0,1247.0,9462.0,8996.0,-1568.0,29.0,16995.0,19300.0,-318.0,16540.0,350.0,0.0,28052.0,49.0,Pass
l3333.txm,18.8906,751.0,753.0,135.0,0.0,709.0,101.0,1254.0,9479.0,8953.0,731.0,29.0,17015.0,19328.0,2.0,16248.0,348.0,1.0,28094.0,50.0,Pass
l3333.txm,19.8906,751.0,753.0,136.0,0.0,831.0,100.0,1203.0,9467.0,8926.0,-433.0,29.0,16867.0,19320.0,312.0,16366.0,355.0,0.0,28318.0,50.0,Pass
l3333.txm,20.9219,752.0,754.0,132.0,0.0,846.0,100.0,1240.0,9456.0,8946.0,-1274.0,29.0,16618.0,19160.0,138.0,16556.0,349.0,0.0,28314.0,49.0,Pass
l3333.txm,21.9375,751.0,753.0,135.0,0.0,851.0,100.0,1225.0,9470.0,8925.0,-570.0,31.0,16454.0,19248.0,-290.0,16214.0,349.0,1.0,28328.0,49.0,Pass
l3333.txm,22.9688,752.0,754.0,135.0,0.0,862.0,100.0,1229.0,9428.0,8978.0,-1082.0,29.0,17016.0,19286.0,127.0,16470.0,349.0,1.0,28288.0,49.0,Pass
l3333.txm,24.0,752.0,753.0,135.0,0.0,873.0,101.0,1231.0,9425.0,8991.0,-1313.0,29.0,16726.0,19294.0,1208.0,16198.0,350.0,0.0,28344.0,49.0,Pass
l3333.txm,25.0312,752.0,753.0,133.0,0.0,889.0,100.0,1229.0,9449.0,8962.0,-1102.0,29.0,16815.0,19222.0,-461.0,16744.0,348.0,0.0,28346.0,49.0,Pass
l3333.txm,26.0469,752.0,754.0,135.0,0.0,887.0,100.0,1229.0,9396.0,8944.0,-1459.0,29.0,16604.0,19074.0,105.0,16598.0,351.0,0.0,28358.0,49.0,Pass
l3333.txm,27.0781,752.0,753.0,135.0,0.0,894.0,100.0,1228.0,9428.0,8968.0,-1981.0,29.0,16645.0,19132.0,16.0,16776.0,352.0,1.0,28358.0,49.0,Pass
l3333.txm,28.0781,752.0,754.0,131.0,0.0,894.0,101.0,1227.0,9425.0,9015.0,-1209.0,29.0,16511.0,19084.0,60.0,16762.0,347.0,0.0,28310.0,49.0,Pass
l3333.txm,29.1094,751.0,754.0,133.0,0.0,894.0,102.0,1231.0,9386.0,8999.0,-1771.0,28.0,16544.0,19214.0,55.0,16630.0,354.0,0.0,28312.0,49.0,Pass
l3333.txm,30.125,752.0,753.0,134.0,0.0,884.0,101.0,1226.0,9409.0,8947.0,-1070.0,28.0,16747.0,19254.0,115.0,16878.0,345.0,1.0,28350.0,49.0,Pass
l3333.txm,31.1719,751.0,754.0,132.0,0.0,896.0,101.0,1230.0,9416.0,8952.0,-1439.0,28.0,16996.0,19066.0,650.0,16828.0,346.0,0.0,28376.0,49.0,Pass
l3333.txm,32.1563,752.0,753.0,135.0,0.0,896.0,100.0,1230.0,9403.0,9009.0,-1069.0,28.0,16435.0,19114.0,1442.0,16670.0,337.0,0.0,28366.0,49.0,Pass
l3333.txm,33.1875,752.0,754.0,133.0,0.0,891.0,100.0,1227.0,9440.0,9019.0,-1596.0,28.0,16875.0,19116.0,1036.0,16336.0,355.0,1.0,28374.0,49.0,Pass
l3333.txm,34.2188,751.0,754.0,134.0,0.0,891.0,101.0,1227.0,9394.0,8982.0,-1054.0,28.0,16650.0,19172.0,284.0,16140.0,349.0,0.0,28372.0,49.0,Pass
l3333.txm,35.2344,752.0,754.0,132.0,0.0,888.0,102.0,1227.0,9439.0,8980.0,-745.0,28.0,16431.0,19076.0,47.0,16378.0,343.0,0.0,28326.0,49.0,Pass
l3333.txm,36.25,751.0,753.0,136.0,0.0,892.0,102.0,1229.0,9432.0,9003.0,-1156.0,28.0,16784.0,19176.0,42.0,16462.0,358.0,1.0,28336.0,49.0,Pass
l3333.txm,37.2656,752.0,752.0,133.0,0.0,899.0,102.0,1231.0,9426.0,8932.0,-134.0,28.0,16525.0,19062.0,-274.0,16532.0,349.0,0.0,28366.0,49.0,Pass
l3333.txm,38.2969,751.0,753.0,133.0,0.0,893.0,101.0,1229.0,9486.0,8927.0,-1462.0,27.0,16746.0,19120.0,-536.0,16368.0,355.0,0.0,28370.0,49.0,Pass
l3333.txm,39.3125,752.0,755.0,129.0,0.0,896.0,101.0,1229.0,9435.0,8979.0,-2425.0,28.0,16628.0,19052.0,-48.0,16528.0,344.0,0.0,28372.0,49.0,Pass
l3333.txm,40.3281,751.0,753.0,131.0,0.0,892.0,102.0,1230.0,9457.0,8985.0,-726.0,28.0,16554.0,19166.0,32.0,16516.0,347.0,1.0,28380.0,49.0,Pass
l3333.txm,41.3437,752.0,754.0,136.0,0.0,890.0,101.0,1227.0,9420.0,8945.0,-2454.0,27.0,16889.0,19228.0,414.0,16474.0,342.0,1.0,28362.0,49.0,Pass
l3333.txm,42.375,752.0,753.0,132.0,0.0,884.0,101.0,1228.0,9468.0,8968.0,-1785.0,28.0,16517.0,19194.0,34.0,16818.0,343.0,0.0,28316.0,49.0,Pass
l3333.txm,43.3906,751.0,754.0,135.0,0.0,889.0,101.0,1227.0,9411.0,8959.0,-1232.0,28.0,16650.0,19052.0,902.0,16540.0,352.0,1.0,28368.0,49.0,Pass
l3333.txm,44.4062,751.0,754.0,134.0,0.0,885.0,102.0,1227.0,9423.0,8967.0,-2872.0,28.0,16811.0,19084.0,-39.0,16310.0,345.0,1.0,28352.0,49.0,Pass
l3333.txm,45.4219,752.0,754.0,133.0,0.0,882.0,102.0,1227.0,9439.0,8990.0,-370.0,28.0,16593.0,19182.0,-548.0,15946.0,355.0,0.0,28312.0,49.0,Pass
l3333.txm,46.4531,752.0,755.0,133.0,0.0,887.0,102.0,1229.0,9405.0,8985.0,-1629.0,27.0,16557.0,19156.0,-270.0,16692.0,349.0,0.0,28366.0,49.0,Pass
l3333.txm,47.4531,752.0,753.0,134.0,0.0,879.0,100.0,1228.0,9429.0,8951.0,-1930.0,28.0,16497.0,19100.0,-370.0,16644.0,350.0,0.0,28372.0,49.0,Pass
l3333.txm,48.4844,752.0,753.0,133.0,0.0,879.0,100.0,1227.0,9423.0,8990.0,184.0,28.0,16426.0,19064.0,22.0,16446.0,355.0,1.0,28314.0,49.0,Pass
l3333.txm,49.5,752.0,753.0,136.0,0.0,877.0,101.0,1227.0,9430.0,8963.0,-918.0,28.0,16990.0,19092.0,-17.0,16284.0,351.0,1.0,28306.0,49.0,Pass
l3333.txm,50.5469,751.0,752.0,133.0,0.0,875.0,101.0,1229.0,9396.0,8995.0,-1949.0,27.0,16522.0,19220.0,13.0,15892.0,352.0,0.0,28366.0,49.0,Pass
l3333.txm,51.5625,751.0,753.0,134.0,0.0,867.0,101.0,1225.0,9425.0,8936.0,-2304.0,27.0,16862.0,19130.0,131.0,16956.0,354.0,1.0,28340.0,49.0,Pass
l3333.txm,52.5625,752.0,754.0,134.0,0.0,839.0,101.0,1231.0,9391.0,9003.0,-2557.0,27.0,16523.0,19136.0,-375.0,16986.0,356.0,1.0,28326.0,49.0,Pass
l3333.txm,53.5937,752.0,755.0,133.0,0.0,693.0,101.0,1246.0,9486.0,8924.0,552.0,28.0,16494.0,19310.0,-496.0,16984.0,345.0,0.0,28126.0,50.0,Pass
l3333.txm,54.6094,752.0,754.0,134.0,0.0,550.0,101.0,1232.0,9462.0,8937.0,76.0,27.0,16890.0,19486.0,398.0,16622.0,349.0,0.0,28082.0,50.0,Pass
l3333.txm,55.6406,752.0,754.0,131.0,0.0,472.0,101.0,1234.0,9468.0,8933.0,882.0,28.0,16528.0,19590.0,-72.0,16838.0,351.0,0.0,28028.0,50.0,Pass
l3333.txm,10.1875,751.0,753.0,134.0,0.0,344.0,101.0,1301.0,9381.0,9028.0,130.0,32.0,16158.0,19798.0,-911.0,16684.0,348.0,0.0,27884.0,49.0,Pass
l3334.txm,10.1875,751.0,753.0,134.0,0.0,344.0,101.0,1301.0,9381.0,9028.0,130.0,32.0,16158.0,19798.0,-911.0,16684.0,348.0,0.0,27884.0,49.0,Pass
l3334.txm,11.2031,751.0,751.0,132.0,0.0,335.0,100.0,1298.0,9399.0,9023.0,-124.0,32.0,16149.0,19846.0,-912.0,16766.0,343.0,0.0,27822.0,49.0,Pass
l3334.txm,12.25,751.0,753.0,134.0,0.0,329.0,101.0,1298.0,9393.0,9028.0,-1633.0,32.0,16312.0,19976.0,-264.0,16478.0,346.0,0.0,27812.0,49.0,Pass
l3334.txm,13.25,751.0,753.0,132.0,0.0,318.0,102.0,1267.0,9447.0,9068.0,4.0,30.0,16585.0,20020.0,-277.0,16740.0,354.0,0.0,27806.0,50.0,Pass
l3334.txm,14.2656,752.0,752.0,131.0,0.0,339.0,100.0,1206.0,9457.0,8994.0,1100.0,29.0,16862.0,19922.0,-389.0,16200.0,350.0,0.0,27602.0,51.0,Pass
l3334.txm,15.2969,751.0,753.0,132.0,0.0,831.0,100.0,1191.0,9377.0,8967.0,-1790.0,31.0,16415.0,18956.0,126.0,17632.0,351.0,0.0,28482.0,50.0,Pass
l3334.txm,16.3125,750.0,752.0,135.0,0.0,907.0,99.0,1217.0,9439.0,8974.0,-2002.0,29.0,16782.0,19234.0,-458.0,16276.0,344.0,0.0,28150.0,49.0,Pass
l3334.txm,17.3281,751.0,752.0,132.0,0.0,897.0,100.0,1242.0,9466.0,8997.0,-1475.0,29.0,16822.0,19374.0,154.0,16246.0,355.0,0.0,28114.0,49.0,Pass
l3334.txm,18.3438,751.0,752.0,133.0,0.0,694.0,101.0,1263.0,9468.0,8988.0,1053.0,29.0,16990.0,19408.0,-271.0,16156.0,347.0,1.0,28234.0,49.0,Pass
l3334.txm,19.4062,751.0,752.0,132.0,0.0,839.0,101.0,1204.0,9466.0,8955.0,723.0,28.0,16879.0,19350.0,76.0,16802.0,343.0,0.0,28362.0,50.0,Pass
l3334.txm,20.3906,752.0,752.0,133.0,0.0,837.0,102.0,1230.0,9442.0,8958.0,-949.0,29.0,16961.0,19236.0,-649.0,16566.0,344.0,0.0,28234.0,49.0,Pass
l3334.txm,21.4063,751.0,752.0,133.0,0.0,845.0,101.0,1232.0,9420.0,9004.0,-818.0,30.0,16682.0,19238.0,103.0,16324.0,350.0,0.0,28094.0,49.0,Pass
l3334.txm,22.4219,752.0,754.0,133.0,0.0,850.0,100.0,1224.0,9416.0,9018.0,-471.0,29.0,16917.0,19278.0,1162.0,16634.0,351.0,0.0,28260.0,49.0,Pass
l3334.txm,23.4531,752.0,752.0,134.0,0.0,866.0,101.0,1227.0,9412.0,9015.0,-1092.0,29.0,16577.0,19374.0,77.0,16310.0,358.0,1.0,28154.0,49.0,Pass
l3334.txm,24.4688,751.0,753.0,129.0,0.0,882.0,101.0,1228.0,9473.0,8941.0,-1321.0,29.0,16870.0,19216.0,540.0,16764.0,356.0,0.0,28360.0,49.0,Pass
l3334.txm,25.4844,752.0,754.0,136.0,0.0,883.0,100.0,1229.0,9466.0,8931.0,-812.0,29.0,16830.0,19076.0,1076.0,16504.0,345.0,0.0,28370.0,49.0,Pass
l3334.txm,26.5,752.0,754.0,131.0,0.0,886.0,100.0,1229.0,9432.0,8997.0,-927.0,29.0,16684.0,19146.0,-322.0,16702.0,342.0,0.0,28344.0,49.0,Pass
l3334.txm,27.5312,752.0,754.0,136.0,0.0,892.0,101.0,1229.0,9397.0,8997.0,-895.0,29.0,16769.0,19202.0,-56.0,16838.0,348.0,0.0,28388.0,49.0,Pass
l3334.txm,28.5625,751.0,754.0,134.0,0.0,889.0,101.0,1228.0,9436.0,8977.0,-860.0,29.0,17081.0,19182.0,100.0,16838.0,342.0,1.0,28400.0,49.0,Pass
l3334.txm,29.5625,751.0,754.0,132.0,0.0,890.0,100.0,1228.0,9405.0,8970.0,-1570.0,29.0,16665.0,19062.0,156.0,17054.0,347.0,0.0,28390.0,49.0,Pass
l3334.txm,30.5938,751.0,752.0,133.0,0.0,893.0,99.0,1227.0,9479.0,8947.0,-1781.0,29.0,16425.0,19206.0,107.0,16758.0,346.0,1.0,28374.0,49.0,Pass
l3334.txm,31.6094,751.0,753.0,132.0,0.0,893.0,100.0,1229.0,9389.0,8998.0,-531.0,28.0,16516.0,19066.0,-354.0,16794.0,352.0,0.0,28382.0,49.0,Pass
l3334.txm,32.6406,751.0,754.0,134.0,0.0,888.0,101.0,1227.0,9437.0,8936.0,-1186.0,28.0,16661.0,19184.0,272.0,16684.0,351.0,1.0,28354.0,49.0,Pass
l3334.txm,33.6406,751.0,754.0,132.0,0.0,889.0,102.0,1228.0,9409.0,9011.0,-950.0,28.0,16810.0,19196.0,60.0,16694.0,357.0,0.0,28332.0,49.0,Pass
l3334.txm,34.6719,751.0,753.0,125.0,0.0,892.0,102.0,1227.0,9436.0,9006.0,-2307.0,28.0,16472.0,19156.0,59.0,16804.0,345.0,0.0,28392.0,49.0,Pass
l3334.txm,35.6875,752.0,753.0,132.0,0.0,890.0,101.0,1226.0,9456.0,8995.0,-1293.0,28.0,16784.0,19206.0,24.0,16786.0,347.0,0.0,28348.0,49.0,Pass
l3334.txm,36.7188,752.0,753.0,133.0,0.0,892.0,99.0,1229.0,9439.0,8947.0,-696.0,28.0,16834.0,19068.0,582.0,16404.0,351.0,1.0,28386.0,49.0,Pass
l3334.txm,37.7187,752.0,753.0,133.0,0.0,890.0,99.0,1227.0,9417.0,9001.0,-2446.0,28.0,16660.0,19214.0,312.0,16536.0,353.0,0.0,28336.0,49.0,Pass
l3334.txm,38.7812,752.0,755.0,133.0,0.0,886.0,99.0,1228.0,9442.0,8935.0,-850.0,28.0,16715.0,19234.0,43.0,16600.0,352.0,1.0,28348.0,49.0,Pass
l3334.txm,39.7656,752.0,753.0,133.0,0.0,885.0,102.0,1226.0,9415.0,8990.0,-612.0,28.0,16732.0,19208.0,159.0,16122.0,347.0,1.0,28362.0,49.0,Pass
l3334.txm,40.7969,752.0,753.0,130.0,0.0,886.0,102.0,1228.0,9401.0,8957.0,-1311.0,27.0,16296.0,19056.0,-44.0,15992.0,343.0,0.0,28348.0,49.0,Pass
l3334.txm,41.7969,752.0,753.0,135.0,0.0,883.0,102.0,1227.0,9414.0,8998.0,-1797.0,28.0,16770.0,19208.0,-40.0,16170.0,349.0,0.0,28358.0,49.0,Pass
l3334.txm,42.8281,752.0,753.0,132.0,0.0,882.0,101.0,1227.0,9390.0,8999.0,-230.0,28.0,16630.0,19218.0,-271.0,16874.0,349.0,1.0,28400.0,49.0,Pass
l3334.txm,43.8437,751.0,753.0,132.0,0.0,881.0,101.0,1227.0,9428.0,8992.0,-769.0,27.0,16541.0,19058.0,79.0,16358.0,347.0,0.0,28388.0,49.0,Pass
l3334.txm,44.875,752.0,753.0,136.0,0.0,877.0,100.0,1225.0,9413.0,8964.0,-2325.0,28.0,16850.0,19198.0,-488.0,16706.0,343.0,0.0,28350.0,49.0,Pass
l3334.txm,45.9219,752.0,753.0,135.0,0.0,879.0,100.0,1226.0,9411.0,9051.0,290.0,28.0,16634.0,19214.0,-496.0,16416.0,343.0,0.0,28350.0,49.0,Pass
l3334.txm,46.9062,752.0,753.0,133.0,0.0,882.0,101.0,1230.0,9466.0,8938.0,-1815.0,28.0,16318.0,19198.0,196.0,16496.0,345.0,1.0,28372.0,49.0,Pass
l3334.txm,47.9375,752.0,753.0,130.0,0.0,873.0,100.0,1229.0,9410.0,8966.0,-1542.0,27.0,16540.0,19192.0,78.0,16938.0,350.0,0.0,28378.0,49.0,Pass
l3334.txm,48.9531,752.0,754.0,133.0,0.0,875.0,101.0,1228.0,9413.0,8988.0,15.0,28.0,16617.0,19230.0,71.0,16738.0,348.0,0.0,28344.0,49.0,Pass
l3334.txm,49.9687,752.0,753.0,132.0,0.0,873.0,102.0,1227.0,9422.0,8963.0,-1674.0,28.0,16389.0,19230.0,-67.0,16378.0,351.0,0.0,28382.0,49.0,Pass
l3334.txm,50.9844,752.0,753.0,132.0,0.0,871.0,100.0,1228.0,9458.0,8939.0,-861.0,28.0,16528.0,19088.0,-61.0,16394.0,360.0,0.0,28390.0,49.0,Pass
l3334.txm,52.0156,752.0,753.0,125.0,0.0,869.0,102.0,1230.0,9390.0,9009.0,-1527.0,28.0,16518.0,19196.0,-41.0,16840.0,343.0,0.0,28390.0,49.0,Pass
l3334.txm,53.0312,752.0,751.0,134.0,0.0,815.0,101.0,1230.0,9398.0,8953.0,-109.0,28.0,16967.0,19134.0,107.0,17052.0,355.0,1.0,28356.0,49.0,Pass
l3334.txm,54.0469,751.0,752.0,136.0,0.0,663.0,101.0,1244.0,9438.0,8966.0,544.0,27.0,17119.0,19348.0,-291.0,16734.0,347.0,0.0,28088.0,50.0,Pass
l3334.txm,55.0625,751.0,753.0,132.0,0.0,548.0,101.0,1235.0,9464.0,8954.0,1066.0,28.0,16891.0,19530.0,47.0,16644.0,346.0,0.0,28088.0,50.0,Pass
l3334.txm,10.25,751.0,752.0,131.0,0.0,337.0,101.0,1306.0,9466.0,8973.0,-1086.0,31.0,16941.0,19810.0,-746.0,16996.0,350.0,0.0,27874.0,49.0,Pass
l3335.txm,10.25,751.0,752.0,131.0,0.0,337.0,101.0,1306.0,9466.0,8973.0,-1086.0,31.0,16941.0,19810.0,-746.0,16996.0,350.0,0.0,27874.0,49.0,Pass
l3335.txm,11.2656,751.0,752.0,136.0,0.0,330.0,101.0,1302.0,9413.0,9027.0,-1742.0,31.0,16367.0,19844.0,-274.0,16622.0,338.0,0.0,27834.0,49.0,Pass
l3335.txm,12.2812,751.0,753.0,135.0,0.0,316.0,101.0,1301.0,9434.0,9011.0,-897.0,32.0,16481.0,19974.0,55.0,16528.0,350.0,0.0,27764.0,49.0,Pass
l3335.txm,13.3125,751.0,753.0,132.0,0.0,321.0,99.0,1234.0,9403.0,9094.0,1631.0,29.0,16729.0,19936.0,91.0,17020.0,348.0,0.0,27766.0,51.0,Pass
l3335.txm,14.3438,750.0,752.0,132.0,0.0,400.0,101.0,1200.0,9445.0,8994.0,1328.0,30.0,16785.0,19988.0,1000.0,15190.0,354.0,1.0,27622.0,50.0,Pass
l3335.txm,15.3437,751.0,753.0,135.0,0.0,875.0,101.0,1196.0,9406.0,9013.0,-1310.0,29.0,17018.0,19222.0,-782.0,17150.0,346.0,0.0,28126.0,49.0,Pass
l3335.txm,16.3594,751.0,753.0,133.0,0.0,906.0,100.0,1225.0,9437.0,9020.0,-1278.0,29.0,16451.0,19358.0,-335.0,16182.0,353.0,0.0,28120.0,49.0,Pass
l3335.txm,17.3906,752.0,753.0,134.0,0.0,853.0,101.0,1245.0,9419.0,9053.0,227.0,30.0,16727.0,19246.0,-263.0,16052.0,354.0,0.0,28264.0,49.0,Pass
l3335.txm,18.4063,752.0,753.0,132.0,0.0,713.0,101.0,1258.0,9411.0,9051.0,904.0,29.0,16972.0,19350.0,1110.0,16300.0,345.0,0.0,28298.0,50.0,Pass
l3335.txm,19.4219,751.0,753.0,133.0,0.0,835.0,102.0,1197.0,9412.0,8981.0,177.0,29.0,16846.0,19174.0,504.0,16820.0,350.0,0.0,28362.0,50.0,Pass
l3335.txm,20.4375,751.0,752.0,134.0,0.0,841.0,99.0,1241.0,9391.0,9008.0,-1153.0,30.0,16658.0,19264.0,-416.0,16792.0,345.0,0.0,28048.0,49.0,Pass
l3335.txm,21.5,752.0,753.0,135.0,0.0,842.0,100.0,1228.0,9426.0,8968.0,-546.0,29.0,16928.0,19394.0,-480.0,16792.0,344.0,1.0,28062.0,49.0,Pass
l3335.txm,22.5,751.0,753.0,133.0,0.0,852.0,100.0,1228.0,9388.0,9018.0,-953.0,29.0,16622.0,19310.0,556.0,16010.0,352.0,0.0,28238.0,49.0,Pass
l3335.txm,23.5,752.0,752.0,135.0,0.0,863.0,101.0,1229.0,9402.0,9032.0,-1064.0,29.0,16705.0,19248.0,362.0,16250.0,347.0,1.0,28368.0,49.0,Pass
l3335.txm,24.5313,752.0,752.0,135.0,0.0,882.0,101.0,1228.0,9428.0,8981.0,-595.0,29.0,16805.0,19130.0,378.0,16536.0,345.0,0.0,28398.0,49.0,Pass
l3335.txm,25.5469,752.0,754.0,131.0,0.0,882.0,101.0,1228.0,9423.0,8940.0,-2136.0,29.0,16499.0,19168.0,78.0,16470.0,344.0,0.0,28388.0,49.0,Pass
l3335.txm,26.5781,752.0,753.0,131.0,0.0,883.0,100.0,1227.0,9442.0,8965.0,-813.0,29.0,16797.0,19208.0,392.0,15960.0,345.0,1.0,28394.0,49.0,Pass
l3335.txm,27.5781,752.0,753.0,131.0,0.0,885.0,100.0,1229.0,9453.0,8967.0,-1016.0,29.0,16595.0,19188.0,0.0,16474.0,347.0,1.0,28362.0,49.0,Pass
l3335.txm,28.6094,752.0,755.0,134.0,0.0,887.0,101.0,1227.0,9467.0,8958.0,-226.0,29.0,16989.0,19164.0,37.0,16680.0,346.0,1.0,28382.0,49.0,Pass
l3335.txm,29.625,751.0,753.0,131.0,0.0,888.0,102.0,1226.0,9439.0,8956.0,-1901.0,28.0,16627.0,19114.0,100.0,16298.0,360.0,1.0,28400.0,49.0,Pass
l3335.txm,30.6562,752.0,752.0,135.0,0.0,890.0,101.0,1227.0,9454.0,8979.0,-815.0,28.0,16816.0,19218.0,-410.0,16246.0,354.0,0.0,28348.0,49.0,Pass
l3335.txm,31.6563,752.0,754.0,133.0,0.0,884.0,101.0,1227.0,9413.0,8964.0,-98.0,28.0,16595.0,19126.0,294.0,16694.0,350.0,1.0,28344.0,49.0,Pass
l3335.txm,32.6875,752.0,754.0,133.0,0.0,885.0,102.0,1227.0,9396.0,9048.0,-1234.0,29.0,16833.0,19214.0,732.0,16212.0,353.0,0.0,28348.0,49.0,Pass
l3335.txm,33.7344,752.0,753.0,132.0,0.0,891.0,99.0,1230.0,9389.0,8992.0,-1368.0,28.0,16102.0,19054.0,306.0,16444.0,351.0,0.0,28366.0,49.0,Pass
l3335.txm,34.7344,751.0,753.0,138.0,0.0,889.0,100.0,1228.0,9407.0,8954.0,-1407.0,28.0,16584.0,19176.0,294.0,16390.0,348.0,0.0,28370.0,49.0,Pass
l3335.txm,35.7344,752.0,753.0,136.0,0.0,885.0,100.0,1228.0,9406.0,8945.0,-1130.0,28.0,16689.0,19206.0,-17.0,16434.0,353.0,1.0,28342.0,49.0,Pass
l3335.txm,36.7656,752.0,755.0,133.0,0.0,887.0,101.0,1228.0,9467.0,8969.0,59.0,28.0,16489.0,19058.0,76.0,16868.0,340.0,0.0,28378.0,49.0,Pass
l3335.txm,37.7813,752.0,754.0,132.0,0.0,883.0,101.0,1228.0,9408.0,9038.0,-1005.0,28.0,16767.0,19184.0,143.0,16774.0,347.0,0.0,28386.0,49.0,Pass
l3335.txm,38.8125,752.0,754.0,129.0,0.0,883.0,102.0,1228.0,9451.0,8953.0,-1971.0,28.0,16535.0,19052.0,-263.0,16278.0,359.0,0.0,28340.0,49.0,Pass
l3335.txm,39.8281,752.0,753.0,133.0,0.0,882.0,101.0,1227.0,9393.0,8940.0,-1484.0,28.0,16497.0,19052.0,-269.0,16666.0,348.0,0.0,28382.0,49.0,Pass
l3335.txm,40.875,752.0,754.0,133.0,0.0,882.0,100.0,1229.0,9464.0,8938.0,-569.0,28.0,16626.0,19218.0,538.0,16480.0,346.0,0.0,28344.0,49.0,Pass
l3335.txm,41.875,752.0,753.0,134.0,0.0,884.0,100.0,1229.0,9413.0,9003.0,-339.0,28.0,16730.0,19094.0,368.0,16534.0,348.0,1.0,28394.0,49.0,Pass
l3335.txm,42.8906,752.0,753.0,135.0,0.0,884.0,100.0,1229.0,9399.0,9031.0,-1046.0,28.0,16560.0,19082.0,432.0,16316.0,358.0,1.0,28324.0,49.0,Pass
l3335.txm,43.9062,752.0,754.0,134.0,0.0,879.0,100.0,1227.0,9403.0,9030.0,-1250.0,28.0,16451.0,19060.0,-340.0,16650.0,355.0,0.0,28398.0,49.0,Pass
l3335.txm,44.9219,752.0,753.0,135.0,0.0,877.0,101.0,1227.0,9442.0,8963.0,78.0,28.0,16471.0,19116.0,117.0,16530.0,348.0,1.0,28350.0,49.0,Pass
l3335.txm,45.9531,752.0,753.0,131.0,0.0,879.0,100.0,1227.0,9460.0,8965.0,-101.0,28.0,16563.0,19112.0,125.0,17062.0,347.0,0.0,28382.0,49.0,Pass
l3335.txm,46.9687,752.0,753.0,133.0,0.0,873.0,100.0,1229.0,9388.0,8967.0,-109.0,28.0,16567.0,19144.0,-265.0,16092.0,356.0,0.0,28332.0,49.0,Pass
l3335.txm,47.9844,752.0,753.0,127.0,0.0,874.0,100.0,1227.0,9375.0,8977.0,-1547.0,28.0,16488.0,19212.0,111.0,16644.0,350.0,0.0,28342.0,49.0,Pass
l3335.txm,49.0,752.0,753.0,132.0,0.0,871.0,101.0,1230.0,9388.0,9002.0,426.0,28.0,16409.0,19058.0,48.0,16568.0,345.0,0.0,28364.0,49.0,Pass
l3335.txm,50.0312,752.0,754.0,133.0,0.0,868.0,101.0,1228.0,9425.0,8986.0,-2418.0,28.0,16673.0,19204.0,25.0,17006.0,351.0,1.0,28344.0,49.0,Pass
l3335.txm,51.0469,752.0,753.0,134.0,0.0,864.0,101.0,1230.0,9448.0,8919.0,-47.0,28.0,16412.0,19102.0,394.0,16856.0,348.0,0.0,28322.0,49.0,Pass
l3335.txm,52.0625,751.0,752.0,135.0,0.0,807.0,101.0,1231.0,9397.0,8975.0,161.0,28.0,16600.0,19140.0,75.0,16982.0,346.0,0.0,28302.0,49.0,Pass
l3335.txm,53.0781,752.0,754.0,135.0,0.0,653.0,101.0,1240.0,9455.0,8975.0,676.0,27.0,16936.0,19300.0,-500.0,16874.0,351.0,0.0,28170.0,50.0,Pass
l3335.txm,54.1094,752.0,753.0,132.0,0.0,549.0,101.0,1235.0,9414.0,8970.0,738.0,28.0,16719.0,19436.0,-606.0,16574.0,344.0,0.0,28088.0,50.0,Pass
l3335.txm,55.1406,751.0,753.0,135.0,1.0,445.0,102.0,1236.0,9467.0,8935.0,843.0,29.0,16206.0,19572.0,-495.0,16966.0,343.0,0.0,27892.0,50.0,Pass
l3335.txm,10.7031,751.0,753.0,132.0,0.0,350.0,101.0,1307.0,9458.0,8954.0,-1782.0,30.0,16811.0,19782.0,-605.0,16536.0,352.0,0.0,27852.0,49.0,Pass
l3336.txm,10.7031,751.0,753.0,132.0,0.0,350.0,101.0,1307.0,9458.0,8954.0,-1782.0,30.0,16811.0,19782.0,-605.0,16536.0,352.0,0.0,27852.0,49.0,Pass
l3336.txm,11.7344,751.0,754.0,131.0,0.0,331.0,100.0,1302.0,9466.0,8952.0,-1386.0,31.0,16633.0,19874.0,-750.0,16798.0,345.0,0.0,27820.0,49.0,Pass
l3336.txm,12.75,751.0,754.0,131.0,0.0,331.0,99.0,1300.0,9448.0,8992.0,-1238.0,31.0,16271.0,19876.0,-941.0,16766.0,350.0,0.0,27826.0,49.0,Pass
l3336.txm,13.7969,751.0,752.0,135.0,0.0,324.0,101.0,1271.0,9418.0,9067.0,23.0,30.0,17065.0,19988.0,-29.0,16480.0,355.0,0.0,27760.0,50.0,Pass
l3336.txm,14.7969,751.0,753.0,131.0,0.0,310.0,100.0,1202.0,9470.0,8991.0,534.0,30.0,16806.0,20018.0,-747.0,16910.0,346.0,0.0,27596.0,51.0,Pass
l3336.txm,15.8125,751.0,753.0,133.0,0.0,552.0,102.0,1200.0,9391.0,9002.0,954.0,32.0,16333.0,19852.0,3084.0,14890.0,346.0,1.0,28168.0,50.0,Pass
l3336.txm,16.8438,751.0,752.0,133.0,0.0,895.0,102.0,1207.0,9467.0,8954.0,-1793.0,29.0,16637.0,19136.0,-1141.0,16788.0,350.0,0.0,28064.0,49.0,Pass
l3336.txm,17.8437,751.0,753.0,132.0,0.0,897.0,101.0,1239.0,9489.0,8993.0,-1182.0,29.0,16854.0,19388.0,-488.0,15974.0,348.0,0.0,28098.0,49.0,Pass
l3336.txm,18.875,752.0,752.0,131.0,0.0,789.0,99.0,1253.0,9446.0,9006.0,1088.0,28.0,17455.0,19268.0,-880.0,15994.0,352.0,0.0,28050.0,49.0,Pass
l3336.txm,19.8906,751.0,753.0,136.0,0.0,805.0,101.0,1220.0,9409.0,9005.0,-509.0,30.0,16898.0,19482.0,832.0,16472.0,348.0,0.0,28346.0,50.0,Pass
l3336.txm,20.9531,751.0,752.0,135.0,0.0,823.0,101.0,1223.0,9485.0,8954.0,-694.0,29.0,16861.0,19166.0,-271.0,16530.0,347.0,0.0,28304.0,49.0,Pass
l3336.txm,21.9375,751.0,753.0,133.0,0.0,836.0,101.0,1234.0,9470.0,8971.0,-66.0,29.0,16765.0,19318.0,-530.0,16342.0,343.0,0.0,28154.0,49.0,Pass
l3336.txm,22.9531,752.0,754.0,133.0,0.0,841.0,99.0,1227.0,9467.0,8948.0,-752.0,29.0,16536.0,19204.0,-13.0,16478.0,342.0,0.0,28148.0,49.0,Pass
l3336.txm,23.9687,752.0,752.0,135.0,0.0,854.0,101.0,1227.0,9418.0,9001.0,-1824.0,28.0,16517.0,19290.0,74.0,16798.0,347.0,1.0,28310.0,49.0,Pass
l3336.txm,25.0,751.0,752.0,133.0,0.0,866.0,102.0,1229.0,9434.0,8954.0,-1123.0,29.0,16801.0,19234.0,149.0,16510.0,358.0,0.0,28292.0,49.0,Pass
l3336.txm,26.0156,752.0,753.0,135.0,0.0,880.0,99.0,1227.0,9426.0,8996.0,-1342.0,29.0,16690.0,19116.0,-415.0,16398.0,351.0,1.0,28380.0,49.0,Pass
l3336.txm,27.0313,751.0,753.0,133.0,0.0,879.0,100.0,1226.0,9458.0,8978.0,-269.0,29.0,16966.0,19214.0,-545.0,16536.0,346.0,0.0,28318.0,49.0,Pass
l3336.txm,28.0469,752.0,754.0,135.0,0.0,877.0,101.0,1225.0,9461.0,8952.0,-702.0,29.0,17086.0,19220.0,150.0,16460.0,351.0,0.0,28380.0,49.0,Pass
l3336.txm,29.0781,752.0,754.0,136.0,0.0,884.0,101.0,1228.0,9482.0,8954.0,-1121.0,29.0,16804.0,19150.0,153.0,16442.0,348.0,0.0,28332.0,49.0,Pass
l3336.txm,30.0938,751.0,754.0,133.0,0.0,885.0,100.0,1228.0,9473.0,8991.0,-1924.0,28.0,16738.0,19136.0,108.0,16578.0,347.0,1.0,28318.0,49.0,Pass
l3336.txm,31.1094,751.0,753.0,131.0,0.0,882.0,101.0,1227.0,9400.0,9014.0,-1396.0,28.0,16615.0,19200.0,-79.0,17064.0,338.0,0.0,28348.0,49.0,Pass
l3336.txm,32.1406,752.0,754.0,131.0,0.0,881.0,100.0,1228.0,9421.0,9028.0,-1462.0,28.0,16612.0,19198.0,-49.0,16754.0,342.0,0.0,28356.0,49.0,Pass
l3336.txm,33.1875,751.0,753.0,133.0,0.0,882.0,99.0,1227.0,9405.0,8964.0,-958.0,28.0,16566.0,19190.0,-27.0,16390.0,347.0,0.0,28362.0,49.0,Pass
l3336.txm,34.2188,752.0,753.0,136.0,0.0,880.0,100.0,1227.0,9413.0,8974.0,-1348.0,27.0,16875.0,19210.0,119.0,16660.0,347.0,0.0,28332.0,49.0,Pass
l3336.txm,35.2344,751.0,754.0,134.0,0.0,883.0,100.0,1227.0,9456.0,8975.0,-420.0,27.0,16889.0,19218.0,88.0,16228.0,359.0,0.0,28316.0,49.0,Pass
l3336.txm,36.2656,752.0,753.0,132.0,0.0,885.0,99.0,1229.0,9429.0,8963.0,-2130.0,28.0,16331.0,19226.0,114.0,16516.0,342.0,0.0,28334.0,49.0,Pass
l3336.txm,37.2656,752.0,754.0,132.0,0.0,880.0,99.0,1227.0,9445.0,9047.0,-600.0,27.0,16492.0,19124.0,-374.0,16208.0,346.0,0.0,28316.0,49.0,Pass
l3336.txm,38.2969,751.0,753.0,136.0,0.0,883.0,99.0,1227.0,9446.0,8977.0,-2359.0,27.0,16955.0,19190.0,94.0,16610.0,347.0,0.0,28324.0,49.0,Pass
l3336.txm,39.3125,751.0,753.0,132.0,0.0,880.0,101.0,1228.0,9429.0,8964.0,-681.0,27.0,16350.0,19184.0,118.0,16726.0,345.0,0.0,28388.0,49.0,Pass
l3336.txm,40.3594,751.0,754.0,136.0,0.0,885.0,99.0,1225.0,9452.0,8960.0,-1926.0,28.0,16389.0,19216.0,1158.0,16678.0,339.0,1.0,28360.0,49.0,Pass
l3336.txm,41.3437,752.0,754.0,135.0,0.0,883.0,100.0,1228.0,9452.0,8993.0,-2116.0,27.0,16728.0,19084.0,-604.0,16030.0,349.0,0.0,28362.0,49.0,Pass
l3336.txm,42.375,752.0,753.0,133.0,0.0,880.0,99.0,1228.0,9428.0,8982.0,-732.0,28.0,16482.0,19192.0,-268.0,16584.0,346.0,0.0,28354.0,49.0,Pass
l3336.txm,43.3906,751.0,754.0,137.0,0.0,878.0,100.0,1229.0,9410.0,9022.0,-496.0,28.0,16794.0,19220.0,492.0,16500.0,350.0,1.0,28328.0,49.0,Pass
l3336.txm,44.4219,752.0,754.0,133.0,0.0,879.0,100.0,1227.0,9438.0,8952.0,-516.0,28.0,16603.0,19072.0,97.0,16878.0,355.0,1.0,28382.0,49.0,Pass
l3336.txm,45.4219,751.0,752.0,133.0,0.0,877.0,100.0,1230.0,9502.0,8929.0,-1723.0,27.0,16419.0,19218.0,-68.0,16512.0,356.0,0.0,28320.0,49.0,Pass
l3336.txm,46.4531,752.0,753.0,133.0,0.0,875.0,101.0,1227.0,9442.0,8995.0,-1283.0,27.0,16665.0,19172.0,64.0,16412.0,354.0,0.0,28338.0,49.0,Pass
l3336.txm,47.4844,751.0,753.0,135.0,0.0,877.0,101.0,1229.0,9483.0,8947.0,-1080.0,28.0,16821.0,19108.0,-594.0,16874.0,347.0,0.0,28366.0,49.0,Pass
l3336.txm,48.5,751.0,754.0,134.0,0.0,871.0,100.0,1229.0,9424.0,9038.0,-2394.0,27.0,16470.0,19178.0,-5.0,16750.0,343.0,0.0,28372.0,49.0,Pass
l3336.txm,49.5156,752.0,753.0,136.0,0.0,870.0,100.0,1229.0,9445.0,8965.0,-1095.0,28.0,16814.0,19072.0,1510.0,16554.0,356.0,0.0,28326.0,49.0,Pass
l3336.txm,50.5312,752.0,753.0,131.0,0.0,866.0,101.0,1231.0,9436.0,9044.0,-1421.0,28.0,16578.0,19204.0,1694.0,16416.0,353.0,0.0,28374.0,49.0,Pass
l3336.txm,51.5625,752.0,754.0,132.0,0.0,865.0,101.0,1229.0,9405.0,8996.0,-553.0,28.0,16785.0,19088.0,128.0,16524.0,350.0,1.0,28318.0,49.0,Pass
l3336.txm,52.5781,752.0,753.0,132.0,0.0,856.0,101.0,1226.0,9419.0,9020.0,-1250.0,27.0,16293.0,19142.0,-733.0,16504.0,342.0,0.0,28348.0,49.0,Pass
l3336.txm,53.5937,752.0,753.0,132.0,0.0,743.0,101.0,1241.0,9429.0,8987.0,370.0,27.0,16719.0,19166.0,-838.0,16468.0,346.0,0.0,28242.0,49.0,Pass
l3336.txm,54.6094,752.0,754.0,132.0,0.0,596.0,101.0,1239.0,9420.0,9003.0,534.0,28.0,16661.0,19400.0,-739.0,16558.0,347.0,0.0,28126.0,50.0,Pass
l3336.txm,55.6719,751.0,753.0,134.0,0.0,480.0,101.0,1237.0,9417.0,8977.0,413.0,28.0,16646.0,19582.0,-778.0,16772.0,348.0,0.0,27882.0,50.0,Pass
l3336.txm,9.70312,751.0,753.0,134.0,0.0,340.0,99.0,1299.0,9400.0,9026.0,-1162.0,31.0,16774.0,19790.0,-393.0,16752.0,354.0,0.0,27896.0,49.0,Pass
l3337.txm,9.70312,751.0,753.0,134.0,0.0,340.0,99.0,1299.0,9400.0,9026.0,-1162.0,31.0,16774.0,19790.0,-393.0,16752.0,354.0,0.0,27896.0,49.0,Pass
l3337.txm,10.7031,750.0,752.0,134.0,0.0,334.0,101.0,1302.0,9463.0,8958.0,-1764.0,31.0,16274.0,19896.0,-72.0,16624.0,356.0,0.0,27866.0,49.0,Pass
l3337.txm,11.7344,751.0,753.0,133.0,0.0,323.0,99.0,1297.0,9476.0,8940.0,-1679.0,31.0,16488.0,20024.0,-60.0,16186.0,351.0,0.0,27796.0,49.0,Pass
l3337.txm,12.75,751.0,753.0,131.0,0.0,314.0,100.0,1266.0,9428.0,9050.0,-11.0,30.0,16695.0,19928.0,-317.0,16502.0,353.0,0.0,27820.0,50.0,Pass
l3337.txm,13.7812,751.0,753.0,132.0,0.0,322.0,102.0,1204.0,9496.0,9055.0,897.0,28.0,17011.0,20094.0,-647.0,16630.0,346.0,0.0,27550.0,51.0,Pass
l3337.txm,14.7812,751.0,753.0,133.0,0.0,681.0,100.0,1191.0,9431.0,9001.0,457.0,29.0,16914.0,19410.0,2410.0,16294.0,344.0,0.0,28640.0,50.0,Pass
l3337.txm,15.8125,751.0,753.0,136.0,0.0,897.0,101.0,1215.0,9463.0,8977.0,-1237.0,29.0,16662.0,19292.0,-453.0,16318.0,349.0,1.0,28106.0,49.0,Pass
l3337.txm,16.8281,752.0,753.0,134.0,0.0,889.0,102.0,1244.0,9421.0,9024.0,-512.0,29.0,16910.0,19336.0,484.0,16566.0,355.0,0.0,28246.0,49.0,Pass
l3337.txm,17.8594,751.0,752.0,133.0,0.0,753.0,100.0,1258.0,9459.0,8985.0,1124.0,28.0,16907.0,19230.0,-665.0,16590.0,357.0,0.0,28190.0,49.0,Pass
l3337.txm,18.8906,751.0,752.0,133.0,0.0,818.0,99.0,1202.0,9440.0,8969.0,101.0,29.0,16740.0,19458.0,-37.0,16512.0,352.0,1.0,28296.0,50.0,Pass
l3337.txm,19.9219,752.0,753.0,134.0,0.0,822.0,100.0,1229.0,9377.0,8974.0,-1133.0,30.0,16691.0,19162.0,-64.0,16546.0,350.0,0.0,28326.0,49.0,Pass
l3337.txm,20.9531,752.0,753.0,135.0,0.0,837.0,101.0,1234.0,9371.0,9001.0,-623.0,29.0,16858.0,19250.0,141.0,16594.0,352.0,0.0,28152.0,49.0,Pass
l3337.txm,21.9688,751.0,752.0,135.0,0.0,837.0,101.0,1225.0,9414.0,8990.0,-777.0,29.0,17039.0,19218.0,-409.0,16576.0,352.0,0.0,28316.0,49.0,Pass
l3337.txm,23.0,751.0,754.0,135.0,0.0,856.0,101.0,1227.0,9437.0,8954.0,-1349.0,29.0,16874.0,19244.0,45.0,16204.0,344.0,1.0,28324.0,49.0,Pass
l3337.txm,24.0156,751.0,753.0,134.0,0.0,861.0,102.0,1227.0,9386.0,9008.0,-1880.0,29.0,16569.0,19156.0,228.0,16192.0,342.0,0.0,28312.0,49.0,Pass
l3337.txm,25.0312,752.0,754.0,136.0,0.0,875.0,102.0,1228.0,9440.0,8947.0,-1392.0,29.0,16603.0,19074.0,74.0,16686.0,348.0,0.0,28354.0,49.0,Pass
l3337.txm,26.0469,752.0,754.0,134.0,0.0,878.0,100.0,1227.0,9443.0,8942.0,-664.0,29.0,16991.0,19210.0,458.0,16788.0,342.0,0.0,28356.0,49.0,Pass
l3337.txm,27.125,751.0,753.0,133.0,0.0,878.0,101.0,1228.0,9384.0,9012.0,-1489.0,29.0,16903.0,19218.0,115.0,16518.0,344.0,0.0,28326.0,49.0,Pass
l3337.txm,28.1094,752.0,754.0,130.0,0.0,877.0,100.0,1226.0,9399.0,8976.0,-1873.0,28.0,16419.0,19200.0,78.0,16562.0,351.0,1.0,28326.0,49.0,Pass
l3337.txm,29.1406,751.0,754.0,136.0,0.0,875.0,100.0,1226.0,9395.0,8973.0,-592.0,29.0,16687.0,19220.0,38.0,16632.0,349.0,0.0,28382.0,49.0,Pass
l3337.txm,30.1406,752.0,754.0,135.0,0.0,887.0,100.0,1228.0,9397.0,8998.0,-779.0,29.0,16692.0,19082.0,-51.0,16508.0,349.0,0.0,28330.0,49.0,Pass
l3337.txm,31.1719,752.0,754.0,134.0,0.0,881.0,101.0,1229.0,9414.0,8970.0,-686.0,29.0,16623.0,19166.0,-265.0,16168.0,349.0,1.0,28366.0,49.0,Pass
l3337.txm,32.2031,751.0,754.0,132.0,0.0,882.0,101.0,1227.0,9368.0,8966.0,-2322.0,28.0,16365.0,19172.0,156.0,16846.0,345.0,0.0,28326.0,49.0,Pass
l3337.txm,33.2188,752.0,753.0,138.0,0.0,878.0,101.0,1226.0,9389.0,8977.0,-1001.0,28.0,16405.0,19244.0,338.0,16226.0,359.0,1.0,28366.0,49.0,Pass
l3337.txm,34.2344,752.0,754.0,135.0,0.0,879.0,101.0,1228.0,9383.0,9019.0,-1707.0,28.0,16526.0,19068.0,119.0,16312.0,350.0,0.0,28368.0,49.0,Pass
l3337.txm,35.25,751.0,752.0,132.0,0.0,876.0,101.0,1228.0,9414.0,8969.0,-1831.0,28.0,16332.0,19072.0,155.0,16328.0,349.0,0.0,28338.0,49.0,Pass
l3337.txm,36.2812,752.0,753.0,133.0,0.0,881.0,102.0,1228.0,9414.0,8991.0,-1209.0,28.0,16559.0,19146.0,146.0,15862.0,354.0,1.0,28376.0,49.0,Pass
l3337.txm,37.2969,751.0,752.0,134.0,0.0,877.0,101.0,1227.0,9436.0,8966.0,-1019.0,28.0,16788.0,19162.0,86.0,16810.0,342.0,0.0,28330.0,49.0,Pass
l3337.txm,38.3125,752.0,754.0,131.0,0.0,879.0,102.0,1227.0,9413.0,8993.0,-1890.0,28.0,16485.0,19138.0,68.0,16042.0,346.0,0.0,28378.0,49.0,Pass
l3337.txm,39.3438,752.0,754.0,131.0,0.0,874.0,101.0,1227.0,9476.0,8964.0,-623.0,28.0,16502.0,19078.0,336.0,16622.0,345.0,0.0,28374.0,49.0,Pass
l3337.txm,40.375,751.0,753.0,133.0,0.0,875.0,102.0,1227.0,9396.0,9001.0,-1110.0,27.0,16625.0,19228.0,1376.0,16526.0,350.0,0.0,28340.0,49.0,Pass
l3337.txm,41.3906,752.0,755.0,132.0,0.0,876.0,102.0,1230.0,9398.0,8957.0,-2592.0,28.0,16473.0,19222.0,121.0,16690.0,346.0,1.0,28334.0,49.0,Pass
l3337.txm,42.4219,751.0,754.0,132.0,0.0,871.0,101.0,1229.0,9395.0,8963.0,-1125.0,27.0,16391.0,19210.0,-86.0,16284.0,350.0,0.0,28392.0,49.0,Pass
l3337.txm,43.4219,752.0,753.0,133.0,0.0,869.0,101.0,1227.0,9450.0,8969.0,-1576.0,28.0,16865.0,19092.0,296.0,16438.0,342.0,0.0,28352.0,49.0,Pass
l3337.txm,44.4531,752.0,754.0,134.0,0.0,870.0,101.0,1231.0,9461.0,8930.0,-2903.0,28.0,16365.0,19230.0,-79.0,16418.0,346.0,1.0,28342.0,49.0,Pass
l3337.txm,45.4687,752.0,753.0,135.0,0.0,869.0,101.0,1226.0,9421.0,8934.0,-967.0,28.0,16370.0,19132.0,25.0,16784.0,346.0,1.0,28322.0,49.0,Pass
l3337.txm,46.5156,752.0,754.0,135.0,0.0,872.0,102.0,1229.0,9392.0,9028.0,-1584.0,28.0,16695.0,19144.0,140.0,16608.0,349.0,0.0,28386.0,49.0,Pass
l3337.txm,47.5,752.0,753.0,134.0,0.0,871.0,101.0,1229.0,9402.0,8987.0,-2336.0,28.0,16427.0,19172.0,808.0,16600.0,347.0,0.0,28372.0,49.0,Pass
l3337.txm,48.5312,752.0,754.0,133.0,0.0,864.0,101.0,1227.0,9411.0,8972.0,-1545.0,28.0,16538.0,19084.0,-486.0,16604.0,346.0,1.0,28386.0,49.0,Pass
l3337.txm,49.5625,752.0,754.0,134.0,0.0,862.0,100.0,1227.0,9448.0,8969.0,-537.0,28.0,16216.0,19120.0,33.0,16746.0,347.0,0.0,28328.0,49.0,Pass
l3337.txm,50.5781,752.0,753.0,129.0,0.0,862.0,100.0,1230.0,9435.0,8983.0,-2028.0,28.0,16223.0,19164.0,-279.0,16764.0,352.0,1.0,28320.0,49.0,Pass
l3337.txm,51.5937,751.0,752.0,136.0,0.0,854.0,101.0,1225.0,9381.0,9004.0,-349.0,28.0,16603.0,19136.0,-267.0,16832.0,345.0,0.0,28354.0,49.0,Pass
l3337.txm,52.6094,752.0,753.0,134.0,0.0,815.0,100.0,1235.0,9415.0,8976.0,-209.0,28.0,16932.0,19144.0,-290.0,16626.0,349.0,0.0,28350.0,49.0,Pass
l3337.txm,53.6719,752.0,753.0,132.0,0.0,697.0,100.0,1245.0,9464.0,8956.0,-9.0,28.0,16180.0,19292.0,-1128.0,16830.0,344.0,0.0,28118.0,50.0,Pass
l3337.txm,54.6562,752.0,753.0,132.0,0.0,558.0,100.0,1232.0,9398.0,8998.0,228.0,29.0,16648.0,19426.0,-1074.0,16402.0,343.0,0.0,28062.0,50.0,Pass
l3337.txm,10.7344,751.0,752.0,132.0,0.0,338.0,100.0,1304.0,9388.0,9024.0,-504.0,31.0,16835.0,19792.0,-513.0,16982.0,349.0,0.0,27770.0,49.0,Pass
l3338.txm,10.7344,751.0,752.0,132.0,0.0,338.0,100.0,1304.0,9388.0,9024.0,-504.0,31.0,16835.0,19792.0,-513.0,16982.0,349.0,0.0,27770.0,49.0,Pass
l3338.txm,11.7344,751.0,753.0,131.0,0.0,328.0,99.0,1302.0,9430.0,8993.0,-958.0,31.0,16682.0,19860.0,-757.0,16786.0,349.0,0.0,27824.0,49.0,Pass
l3338.txm,12.75,752.0,753.0,134.0,0.0,311.0,100.0,1293.0,9436.0,9005.0,-540.0,31.0,16366.0,19994.0,-276.0,16504.0,347.0,0.0,27768.0,49.0,Pass
l3338.txm,13.8281,751.0,753.0,132.0,0.0,314.0,100.0,1211.0,9411.0,9038.0,829.0,30.0,16667.0,20002.0,-937.0,16900.0,347.0,0.0,27734.0,51.0,Pass
l3338.txm,14.8438,751.0,753.0,134.0,0.0,409.0,99.0,1203.0,9423.0,9010.0,1274.0,30.0,16362.0,20178.0,464.0,15202.0,348.0,1.0,27838.0,50.0,Pass
l3338.txm,15.875,751.0,754.0,132.0,0.0,869.0,101.0,1203.0,9470.0,8939.0,-1390.0,29.0,16418.0,19206.0,-441.0,16524.0,349.0,0.0,28318.0,49.0,Pass
l3338.txm,16.8906,752.0,752.0,135.0,0.0,896.0,99.0,1232.0,9418.0,8959.0,-1310.0,29.0,17129.0,19390.0,16.0,16262.0,347.0,1.0,28100.0,49.0,Pass
l3338.txm,17.9062,751.0,753.0,131.0,0.0,826.0,101.0,1251.0,9408.0,9003.0,-832.0,29.0,16908.0,19394.0,330.0,16222.0,346.0,0.0,28140.0,49.0,Pass
l3338.txm,18.9375,751.0,752.0,136.0,0.0,741.0,101.0,1243.0,9466.0,8956.0,302.0,31.0,16288.0,19516.0,832.0,16128.0,349.0,0.0,28320.0,50.0,Pass
l3338.txm,19.9531,752.0,753.0,132.0,0.0,821.0,100.0,1197.0,9431.0,8967.0,-619.0,29.0,17024.0,19294.0,-43.0,16876.0,347.0,0.0,28370.0,50.0,Pass
l3338.txm,20.9687,752.0,753.0,132.0,0.0,826.0,99.0,1237.0,9429.0,8946.0,-698.0,29.0,16856.0,19290.0,678.0,16602.0,358.0,1.0,28318.0,49.0,Pass
l3338.txm,21.9844,752.0,753.0,132.0,0.0,833.0,99.0,1231.0,9446.0,9015.0,-143.0,29.0,16920.0,19196.0,148.0,16718.0,343.0,0.0,28308.0,49.0,Pass
l3338.txm,23.0156,752.0,753.0,134.0,0.0,845.0,100.0,1226.0,9421.0,9002.0,-18.0,28.0,16833.0,19196.0,-402.0,16604.0,352.0,0.0,28290.0,49.0,Pass
l3338.txm,24.0313,751.0,753.0,132.0,0.0,860.0,101.0,1230.0,9405.0,8993.0,-353.0,29.0,16592.0,19178.0,20.0,16408.0,348.0,0.0,28300.0,49.0,Pass
l3338.txm,25.0469,751.0,753.0,133.0,0.0,865.0,102.0,1229.0,9478.0,8923.0,-841.0,28.0,17045.0,19178.0,346.0,16258.0,350.0,0.0,28326.0,49.0,Pass
l3338.txm,26.0625,752.0,753.0,130.0,0.0,877.0,101.0,1233.0,9431.0,9007.0,-1632.0,29.0,16611.0,19088.0,-586.0,16940.0,350.0,1.0,28328.0,49.0,Pass
l3338.txm,27.0937,752.0,753.0,134.0,0.0,875.0,99.0,1228.0,9397.0,8949.0,-331.0,29.0,16460.0,19076.0,-538.0,16732.0,344.0,0.0,28388.0,49.0,Pass
l3338.txm,28.1094,751.0,754.0,134.0,0.0,876.0,100.0,1226.0,9414.0,8979.0,-687.0,29.0,16945.0,19114.0,45.0,16400.0,344.0,0.0,28382.0,49.0,Pass
l3338.txm,29.125,752.0,754.0,131.0,0.0,874.0,100.0,1229.0,9416.0,8989.0,-2235.0,29.0,16504.0,19166.0,38.0,16980.0,343.0,1.0,28374.0,49.0,Pass
l3338.txm,30.1719,752.0,755.0,135.0,0.0,873.0,100.0,1227.0,9426.0,8961.0,-984.0,29.0,16947.0,19078.0,-376.0,16662.0,346.0,0.0,28386.0,49.0,Pass
l3338.txm,31.1719,752.0,753.0,134.0,0.0,877.0,100.0,1228.0,9395.0,9016.0,-662.0,28.0,16575.0,19220.0,464.0,16614.0,352.0,0.0,28344.0,49.0,Pass
l3338.txm,32.2031,751.0,753.0,135.0,0.0,879.0,100.0,1227.0,9432.0,8971.0,-1352.0,28.0,16752.0,19072.0,-9.0,16386.0,342.0,0.0,28376.0,49.0,Pass
l3338.txm,33.2031,752.0,754.0,133.0,0.0,876.0,100.0,1229.0,9391.0,8998.0,-1237.0,29.0,16782.0,19074.0,274.0,16502.0,353.0,1.0,28350.0,49.0,Pass
l3338.txm,34.2344,751.0,752.0,133.0,0.0,879.0,100.0,1230.0,9482.0,8953.0,-849.0,28.0,16714.0,19106.0,832.0,16522.0,351.0,1.0,28392.0,49.0,Pass
l3338.txm,35.25,752.0,753.0,133.0,0.0,876.0,100.0,1228.0,9383.0,8985.0,-112.0,28.0,16613.0,19104.0,151.0,16168.0,354.0,0.0,28398.0,49.0,Pass
l3338.txm,36.2812,751.0,752.0,135.0,0.0,873.0,101.0,1227.0,9419.0,8997.0,-2117.0,28.0,16752.0,19074.0,-456.0,16494.0,355.0,0.0,28360.0,49.0,Pass
l3338.txm,37.3125,752.0,753.0,133.0,0.0,875.0,99.0,1227.0,9408.0,8984.0,-493.0,28.0,16727.0,19218.0,57.0,16710.0,345.0,1.0,28356.0,49.0,Pass
l3338.txm,38.3125,752.0,753.0,132.0,0.0,877.0,99.0,1228.0,9474.0,8969.0,-474.0,28.0,16948.0,19080.0,1186.0,16258.0,354.0,0.0,28360.0,49.0,Pass
l3338.txm,39.3281,752.0,753.0,130.0,0.0,875.0,100.0,1227.0,9411.0,9007.0,-926.0,27.0,16297.0,19202.0,296.0,16796.0,347.0,1.0,28362.0,49.0,Pass
l3338.txm,40.3594,752.0,753.0,133.0,0.0,879.0,100.0,1227.0,9411.0,8983.0,-172.0,28.0,16763.0,19210.0,68.0,16686.0,347.0,0.0,28330.0,49.0,Pass
l3338.txm,41.3594,752.0,754.0,134.0,0.0,875.0,101.0,1228.0,9395.0,9017.0,-1422.0,28.0,16878.0,19198.0,6.0,16274.0,348.0,1.0,28336.0,49.0,Pass
l3338.txm,42.3906,752.0,754.0,134.0,0.0,865.0,102.0,1229.0,9398.0,8992.0,-466.0,28.0,16677.0,19198.0,-50.0,15996.0,345.0,1.0,28360.0,49.0,Pass
l3338.txm,43.5469,752.0,753.0,133.0,0.0,870.0,102.0,1226.0,9384.0,9013.0,-1830.0,28.0,16516.0,19072.0,-40.0,16968.0,340.0,1.0,28376.0,49.0,Pass
l3338.txm,44.5469,752.0,754.0,133.0,0.0,872.0,100.0,1228.0,9395.0,8989.0,-604.0,28.0,16737.0,19230.0,77.0,16656.0,343.0,0.0,28374.0,49.0,Pass
l3338.txm,45.5781,752.0,752.0,131.0,0.0,868.0,101.0,1229.0,9389.0,9015.0,-2139.0,28.0,16586.0,19066.0,-43.0,16830.0,347.0,2.0,28378.0,49.0,Pass
l3338.txm,46.5937,751.0,752.0,134.0,0.0,870.0,100.0,1231.0,9394.0,8943.0,-126.0,28.0,16486.0,19200.0,159.0,16840.0,348.0,0.0,28388.0,49.0,Pass
l3338.txm,47.6094,752.0,752.0,134.0,0.0,860.0,100.0,1227.0,9450.0,8968.0,-259.0,28.0,16811.0,19090.0,478.0,16420.0,348.0,1.0,28352.0,49.0,Pass
l3338.txm,48.625,752.0,753.0,134.0,0.0,865.0,99.0,1227.0,9448.0,8949.0,-1240.0,28.0,16458.0,19212.0,88.0,16836.0,359.0,0.0,28360.0,49.0,Pass
l3338.txm,49.6875,752.0,755.0,136.0,0.0,861.0,100.0,1228.0,9430.0,9020.0,-618.0,27.0,16887.0,19074.0,-40.0,16482.0,343.0,1.0,28378.0,49.0,Pass
l3338.txm,50.7031,752.0,754.0,131.0,0.0,860.0,100.0,1232.0,9432.0,8970.0,-1936.0,28.0,16612.0,19160.0,143.0,16510.0,343.0,1.0,28396.0,49.0,Pass
l3338.txm,51.7187,752.0,753.0,136.0,0.0,847.0,99.0,1230.0,9450.0,8956.0,-675.0,28.0,16535.0,19160.0,-313.0,16210.0,357.0,0.0,28330.0,49.0,Pass
l3338.txm,52.7344,752.0,753.0,131.0,0.0,757.0,100.0,1240.0,9479.0,8935.0,-811.0,27.0,16611.0,19208.0,77.0,16524.0,351.0,0.0,28286.0,49.0,Pass
l3338.txm,53.7812,752.0,754.0,136.0,0.0,629.0,99.0,1240.0,9462.0,8958.0,967.0,28.0,16348.0,19344.0,113.0,16708.0,356.0,0.0,28092.0,50.0,Pass
l3338.txm,54.7812,751.0,752.0,131.0,0.0,506.0,101.0,1230.0,9452.0,8956.0,1026.0,29.0,16302.0,19526.0,-657.0,16986.0,357.0,0.0,28030.0,50.0,Pass
l3338.txm,55.8125,752.0,754.0,134.0,0.0,419.0,100.0,1234.0,9413.0,8939.0,-67.0,31.0,15847.0,19626.0,-549.0,16886.0,347.0,0.0,27870.0,50.0,Pass
l3338.txm,9.65625,751.0,753.0,133.0,0.0,344.0,100.0,1310.0,9402.0,9038.0,-651.0,31.0,16950.0,19796.0,-369.0,16682.0,358.0,0.0,27898.0,49.0,Pass
l3342.txm,9.65625,751.0,753.0,133.0,0.0,344.0,100.0,1310.0,9402.0,9038.0,-651.0,31.0,16950.0,19796.0,-369.0,16682.0,358.0,0.0,27898.0,49.0,Pass
l3342.txm,10.6875,751.0,753.0,135.0,0.0,325.0,101.0,1298.0,9441.0,8958.0,-2059.0,31.0,16822.0,19946.0,-706.0,16346.0,349.0,0.0,27760.0,49.0,Pass
l3342.txm,11.6875,751.0,753.0,135.0,0.0,316.0,99.0,1299.0,9416.0,9029.0,-1364.0,31.0,16329.0,20072.0,84.0,16410.0,343.0,0.0,27766.0,49.0,Pass
l3342.txm,12.7188,751.0,752.0,132.0,0.0,308.0,99.0,1281.0,9470.0,9024.0,-133.0,30.0,16482.0,19976.0,-358.0,16728.0,349.0,0.0,27774.0,50.0,Pass
l3342.txm,13.7344,751.0,753.0,134.0,0.0,309.0,101.0,1206.0,9431.0,9019.0,-4.0,31.0,16566.0,20030.0,51.0,16374.0,346.0,0.0,27630.0,51.0,Pass
l3342.txm,14.7656,751.0,753.0,135.0,0.0,700.0,102.0,1190.0,9433.0,9029.0,278.0,29.0,16910.0,19238.0,592.0,16536.0,353.0,0.0,28370.0,50.0,Pass
l3342.txm,15.7813,751.0,753.0,136.0,0.0,881.0,99.0,1218.0,9461.0,8967.0,-2003.0,28.0,17002.0,19220.0,142.0,16800.0,349.0,0.0,28284.0,49.0,Pass
l3342.txm,16.7969,751.0,753.0,135.0,0.0,876.0,101.0,1245.0,9413.0,8988.0,-687.0,29.0,16919.0,19254.0,138.0,16922.0,343.0,0.0,28300.0,49.0,Pass
l3342.txm,17.8125,751.0,753.0,134.0,0.0,725.0,102.0,1256.0,9407.0,9024.0,927.0,29.0,16532.0,19338.0,-823.0,16896.0,353.0,1.0,28266.0,49.0,Pass
l3342.txm,18.8437,752.0,754.0,133.0,0.0,776.0,100.0,1223.0,9410.0,8960.0,-945.0,31.0,16327.0,19390.0,964.0,16054.0,350.0,0.0,28286.0,50.0,Pass
l3342.txm,19.8594,752.0,753.0,132.0,0.0,807.0,100.0,1220.0,9391.0,8953.0,-1885.0,31.0,16379.0,19194.0,812.0,16834.0,351.0,0.0,28156.0,49.0,Pass
l3342.txm,20.875,752.0,753.0,135.0,0.0,811.0,99.0,1232.0,9373.0,8988.0,-1162.0,31.0,16477.0,19338.0,1034.0,16424.0,359.0,0.0,28304.0,49.0,Pass
l3342.txm,21.9375,752.0,752.0,134.0,0.0,817.0,100.0,1222.0,9435.0,8927.0,-1844.0,31.0,16233.0,19184.0,-347.0,16856.0,349.0,0.0,28156.0,49.0,Pass
l3342.txm,22.9219,752.0,753.0,135.0,0.0,832.0,100.0,1229.0,9435.0,8994.0,-1526.0,29.0,16634.0,19316.0,268.0,16354.0,346.0,1.0,28302.0,49.0,Pass
l3342.txm,23.9531,751.0,754.0,128.0,0.0,846.0,101.0,1227.0,9390.0,9000.0,-2190.0,29.0,16781.0,19266.0,106.0,16548.0,353.0,0.0,28304.0,49.0,Pass
l3342.txm,24.9531,752.0,752.0,134.0,0.0,861.0,101.0,1228.0,9477.0,8979.0,-1735.0,29.0,16668.0,19250.0,-25.0,16586.0,344.0,0.0,28346.0,49.0,Pass
l3342.txm,25.9844,751.0,753.0,132.0,0.0,858.0,102.0,1228.0,9436.0,8933.0,-1711.0,29.0,16733.0,19224.0,-505.0,16252.0,343.0,0.0,28284.0,49.0,Pass
l3342.txm,27.0,752.0,755.0,134.0,0.0,860.0,101.0,1227.0,9467.0,8955.0,-2013.0,29.0,16408.0,19238.0,-81.0,16560.0,348.0,0.0,28322.0,49.0,Pass
l3342.txm,28.0156,751.0,753.0,133.0,0.0,858.0,100.0,1228.0,9432.0,8993.0,-1413.0,29.0,16422.0,19246.0,148.0,15990.0,356.0,0.0,28344.0,49.0,Pass
l3342.txm,29.0313,752.0,754.0,134.0,0.0,863.0,100.0,1230.0,9455.0,8935.0,-1882.0,29.0,16649.0,19122.0,-385.0,16606.0,347.0,0.0,28312.0,49.0,Pass
l3342.txm,30.125,751.0,753.0,132.0,0.0,865.0,99.0,1229.0,9417.0,8969.0,-1723.0,28.0,16528.0,19194.0,-83.0,16176.0,351.0,0.0,28346.0,49.0,Pass
l3342.txm,31.1406,751.0,752.0,127.0,0.0,861.0,100.0,1230.0,9468.0,8960.0,-1806.0,29.0,16278.0,19076.0,344.0,16074.0,359.0,0.0,28284.0,49.0,Pass
l3342.txm,32.1563,752.0,754.0,136.0,0.0,868.0,101.0,1228.0,9433.0,8929.0,-1059.0,30.0,16126.0,19088.0,-499.0,16672.0,345.0,1.0,28350.0,49.0,Pass
l3342.txm,33.1719,752.0,753.0,132.0,0.0,866.0,100.0,1226.0,9380.0,9007.0,-975.0,29.0,16097.0,19244.0,920.0,16216.0,353.0,0.0,28330.0,49.0,Pass
l3342.txm,34.2031,752.0,753.0,134.0,0.0,867.0,101.0,1227.0,9442.0,8946.0,-1159.0,29.0,16267.0,19142.0,962.0,16114.0,350.0,1.0,28302.0,49.0,Pass
l3342.txm,35.2187,752.0,754.0,132.0,0.0,865.0,100.0,1226.0,9453.0,8975.0,-1541.0,29.0,16181.0,19246.0,-423.0,16630.0,349.0,1.0,28316.0,49.0,Pass
l3342.txm,36.2344,752.0,753.0,132.0,0.0,869.0,101.0,1229.0,9425.0,8950.0,-1281.0,29.0,16063.0,19168.0,126.0,16288.0,346.0,1.0,28296.0,49.0,Pass
l3342.txm,37.2656,752.0,754.0,132.0,0.0,871.0,100.0,1227.0,9418.0,8952.0,-979.0,29.0,16256.0,19092.0,-263.0,16378.0,352.0,0.0,28296.0,49.0,Pass
l3342.txm,38.2812,752.0,754.0,128.0,0.0,863.0,101.0,1230.0,9427.0,8973.0,-1668.0,29.0,15952.0,19136.0,-487.0,16698.0,352.0,0.0,28350.0,49.0,Pass
l3342.txm,39.3125,752.0,754.0,131.0,0.0,861.0,100.0,1227.0,9429.0,8969.0,-2001.0,29.0,15957.0,19098.0,1088.0,16044.0,355.0,0.0,28356.0,49.0,Pass
l3342.txm,40.3125,751.0,753.0,134.0,0.0,859.0,100.0,1227.0,9467.0,8964.0,-806.0,29.0,16059.0,19090.0,80.0,16278.0,352.0,0.0,28348.0,49.0,Pass
l3342.txm,41.375,752.0,754.0,130.0,0.0,860.0,99.0,1227.0,9432.0,8981.0,-1853.0,29.0,15821.0,19086.0,7.0,16524.0,358.0,1.0,28356.0,49.0,Pass
l3342.txm,42.3594,752.0,753.0,134.0,0.0,862.0,99.0,1225.0,9446.0,8972.0,-1767.0,29.0,15954.0,19240.0,-5.0,16146.0,354.0,0.0,28316.0,49.0,Pass
l3342.txm,43.375,752.0,753.0,133.0,0.0,858.0,99.0,1227.0,9438.0,8946.0,-1907.0,29.0,16108.0,19196.0,99.0,16576.0,341.0,0.0,28310.0,49.0,Pass
l3342.txm,44.3906,751.0,753.0,133.0,0.0,862.0,100.0,1227.0,9428.0,8917.0,-676.0,29.0,16255.0,19218.0,-23.0,16588.0,345.0,0.0,28312.0,49.0,Pass
l3342.txm,45.4687,752.0,753.0,131.0,0.0,860.0,102.0,1227.0,9409.0,8954.0,-1647.0,29.0,16120.0,19204.0,-597.0,16570.0,353.0,0.0,28322.0,49.0,Pass
l3342.txm,46.4687,752.0,754.0,132.0,0.0,854.0,101.0,1226.0,9429.0,8986.0,-2196.0,29.0,16138.0,19176.0,86.0,16342.0,346.0,0.0,28338.0,49.0,Pass
l3342.txm,47.5,752.0,754.0,136.0,0.0,858.0,100.0,1229.0,9402.0,9009.0,-1188.0,29.0,16112.0,19094.0,-341.0,16458.0,343.0,1.0,28318.0,49.0,Pass
l3342.txm,48.5312,751.0,752.0,130.0,0.0,857.0,100.0,1230.0,9438.0,8993.0,-1777.0,29.0,15942.0,19200.0,-286.0,16452.0,359.0,1.0,28330.0,49.0,Pass
l3342.txm,49.5312,751.0,754.0,132.0,0.0,848.0,100.0,1229.0,9492.0,8924.0,-2041.0,29.0,16056.0,19148.0,-564.0,16474.0,348.0,0.0,28300.0,49.0,Pass
l3342.txm,50.5469,751.0,754.0,130.0,0.0,849.0,101.0,1229.0,9414.0,8988.0,-1211.0,29.0,15983.0,19104.0,-24.0,16364.0,358.0,0.0,28326.0,49.0,Pass
l3342.txm,51.5625,752.0,753.0,135.0,0.0,830.0,100.0,1231.0,9478.0,8968.0,-903.0,28.0,16642.0,19126.0,14.0,16172.0,349.0,0.0,28310.0,49.0,Pass
l3342.txm,52.5937,751.0,752.0,130.0,0.0,685.0,99.0,1243.0,9516.0,8946.0,-306.0,26.0,17057.0,19208.0,-1238.0,16822.0,342.0,0.0,28084.0,49.0,Pass
l3342.txm,53.6094,752.0,754.0,135.0,0.0,575.0,100.0,1243.0,9434.0,9012.0,756.0,27.0,16866.0,19400.0,-763.0,17124.0,349.0,0.0,28126.0,50.0,Pass
l3342.txm,54.6406,752.0,753.0,133.0,0.0,461.0,101.0,1234.0,9463.0,8928.0,-176.0,29.0,16273.0,19626.0,-455.0,16754.0,344.0,0.0,27974.0,50.0,Pass
l3342.txm,10.7031,751.0,754.0,136.0,0.0,326.0,100.0,1303.0,9419.0,9036.0,-1165.0,31.0,16884.0,19858.0,-496.0,16664.0,357.0,0.0,27806.0,49.0,Pass
l3343.txm,10.7031,751.0,754.0,136.0,0.0,326.0,100.0,1303.0,9419.0,9036.0,-1165.0,31.0,16884.0,19858.0,-496.0,16664.0,357.0,0.0,27806.0,49.0,Pass
l3343.txm,11.7344,751.0,752.0,135.0,0.0,319.0,99.0,1303.0,9398.0,9047.0,-1143.0,31.0,16437.0,19860.0,-313.0,16856.0,345.0,0.0,27808.0,49.0,Pass
l3343.txm,12.7656,751.0,753.0,132.0,0.0,310.0,100.0,1291.0,9451.0,8997.0,-657.0,31.0,16793.0,20006.0,-434.0,16578.0,344.0,0.0,27750.0,50.0,Pass
l3343.txm,13.7656,751.0,752.0,135.0,0.0,306.0,101.0,1222.0,9414.0,9066.0,981.0,30.0,16843.0,20064.0,-12.0,17008.0,345.0,0.0,27748.0,51.0,Pass
l3343.txm,14.7812,752.0,753.0,135.0,1.0,486.0,99.0,1193.0,9443.0,8957.0,1166.0,33.0,16216.0,20032.0,1340.0,14914.0,351.0,0.0,27826.0,50.0,Pass
l3343.txm,15.8125,751.0,753.0,132.0,0.0,855.0,99.0,1198.0,9444.0,8970.0,-2135.0,29.0,16817.0,19032.0,-1257.0,17452.0,347.0,0.0,28104.0,49.0,Pass
l3343.txm,16.8438,751.0,753.0,136.0,0.0,882.0,99.0,1238.0,9385.0,9033.0,-1303.0,30.0,16601.0,19340.0,-612.0,16460.0,346.0,0.0,28118.0,48.0,Pass
l3343.txm,17.8594,751.0,752.0,134.0,0.0,788.0,99.0,1254.0,9417.0,9041.0,1633.0,29.0,16998.0,19388.0,-541.0,16814.0,348.0,0.0,28274.0,49.0,Pass
l3343.txm,18.875,751.0,753.0,134.0,0.0,710.0,101.0,1251.0,9405.0,9011.0,922.0,30.0,16705.0,19426.0,218.0,16504.0,347.0,0.0,28092.0,50.0,Pass
l3343.txm,19.9063,752.0,753.0,133.0,0.0,800.0,101.0,1205.0,9413.0,8960.0,-1365.0,31.0,16322.0,19142.0,-285.0,16444.0,345.0,0.0,28348.0,49.0,Pass
l3343.txm,20.9219,751.0,752.0,135.0,0.0,815.0,99.0,1240.0,9433.0,8981.0,-839.0,30.0,16621.0,19250.0,-316.0,17030.0,348.0,0.0,28308.0,49.0,Pass
l3343.txm,21.9375,752.0,753.0,133.0,0.0,818.0,100.0,1226.0,9398.0,9003.0,-29.0,30.0,17151.0,19198.0,-277.0,16486.0,344.0,0.0,28154.0,49.0,Pass
l3343.txm,22.9531,751.0,753.0,131.0,0.0,832.0,100.0,1226.0,9375.0,8999.0,-1616.0,29.0,16832.0,19294.0,-363.0,16374.0,355.0,0.0,28292.0,49.0,Pass
l3343.txm,24.0156,751.0,753.0,134.0,0.0,846.0,100.0,1231.0,9458.0,8935.0,-181.0,30.0,16459.0,19216.0,906.0,16310.0,346.0,0.0,28140.0,49.0,Pass
l3343.txm,25.0156,752.0,753.0,136.0,0.0,857.0,101.0,1228.0,9399.0,8965.0,-183.0,29.0,17067.0,19238.0,-77.0,16650.0,349.0,0.0,28344.0,49.0,Pass
l3343.txm,26.0469,752.0,753.0,135.0,0.0,859.0,102.0,1225.0,9450.0,8967.0,-637.0,29.0,17011.0,19168.0,34.0,16520.0,349.0,0.0,28328.0,49.0,Pass
l3343.txm,27.0781,752.0,752.0,132.0,0.0,863.0,102.0,1227.0,9383.0,9030.0,-1652.0,29.0,16455.0,19158.0,-82.0,16612.0,349.0,0.0,28338.0,49.0,Pass
l3343.txm,28.0938,752.0,754.0,134.0,0.0,862.0,102.0,1229.0,9407.0,8986.0,-845.0,29.0,16633.0,19222.0,14.0,16506.0,344.0,0.0,28338.0,49.0,Pass
l3343.txm,29.125,752.0,753.0,133.0,0.0,867.0,100.0,1228.0,9395.0,9023.0,-1658.0,29.0,16688.0,19126.0,20.0,16466.0,344.0,0.0,28336.0,49.0,Pass
l3343.txm,30.125,751.0,753.0,134.0,0.0,858.0,99.0,1227.0,9380.0,9000.0,-675.0,29.0,16598.0,19226.0,-349.0,16554.0,351.0,0.0,28386.0,49.0,Pass
l3343.txm,31.1562,752.0,754.0,133.0,0.0,861.0,100.0,1230.0,9417.0,8960.0,-756.0,29.0,16531.0,19230.0,103.0,16540.0,347.0,0.0,28328.0,49.0,Pass
l3343.txm,32.1875,752.0,754.0,134.0,0.0,865.0,100.0,1229.0,9419.0,9002.0,-2069.0,29.0,16968.0,19220.0,20.0,16610.0,351.0,0.0,28360.0,49.0,Pass
l3343.txm,33.1875,752.0,754.0,134.0,0.0,865.0,99.0,1229.0,9425.0,8939.0,-1668.0,29.0,16504.0,19198.0,-33.0,16806.0,355.0,1.0,28324.0,49.0,Pass
l3343.txm,34.2031,752.0,753.0,138.0,0.0,867.0,100.0,1231.0,9431.0,8959.0,-2524.0,29.0,16622.0,19136.0,3.0,16710.0,348.0,0.0,28382.0,49.0,Pass
l3343.txm,35.2344,751.0,752.0,136.0,0.0,864.0,101.0,1229.0,9390.0,9023.0,-1369.0,29.0,16988.0,19066.0,350.0,16270.0,354.0,1.0,28382.0,49.0,Pass
l3343.txm,36.25,752.0,754.0,134.0,0.0,867.0,99.0,1231.0,9432.0,8937.0,-905.0,29.0,16435.0,19222.0,122.0,16214.0,342.0,0.0,28400.0,49.0,Pass
l3343.txm,37.2813,751.0,753.0,135.0,0.0,863.0,99.0,1229.0,9423.0,8982.0,-1041.0,29.0,16820.0,19092.0,127.0,16654.0,353.0,0.0,28360.0,49.0,Pass
l3343.txm,38.2812,752.0,754.0,131.0,0.0,861.0,102.0,1228.0,9393.0,8974.0,-2651.0,30.0,16333.0,19168.0,154.0,16164.0,348.0,1.0,28390.0,49.0,Pass
l3343.txm,39.3125,752.0,754.0,132.0,0.0,859.0,99.0,1228.0,9464.0,8924.0,-1052.0,29.0,16698.0,19136.0,140.0,16838.0,353.0,1.0,28388.0,49.0,Pass
l3343.txm,40.3281,752.0,754.0,134.0,0.0,860.0,100.0,1229.0,9402.0,9005.0,-1357.0,29.0,16714.0,19078.0,966.0,16334.0,359.0,0.0,28332.0,49.0,Pass
l3343.txm,41.3594,751.0,753.0,135.0,0.0,858.0,100.0,1229.0,9419.0,9016.0,-620.0,29.0,16436.0,19222.0,138.0,16734.0,343.0,1.0,28364.0,49.0,Pass
l3343.txm,42.3594,752.0,755.0,133.0,0.0,859.0,100.0,1227.0,9427.0,8961.0,-1902.0,29.0,16318.0,19066.0,630.0,16578.0,355.0,0.0,28344.0,49.0,Pass
l3343.txm,43.3906,752.0,754.0,133.0,0.0,856.0,100.0,1228.0,9463.0,8951.0,-2345.0,29.0,16614.0,19182.0,230.0,16230.0,348.0,0.0,28374.0,49.0,Pass
l3343.txm,44.4375,752.0,753.0,132.0,0.0,858.0,102.0,1229.0,9399.0,8978.0,-480.0,29.0,16503.0,19106.0,127.0,16676.0,354.0,0.0,28392.0,49.0,Pass
l3343.txm,45.4531,752.0,753.0,134.0,0.0,861.0,102.0,1229.0,9422.0,8996.0,-1340.0,29.0,16447.0,19220.0,41.0,16432.0,357.0,0.0,28350.0,49.0,Pass
l3343.txm,46.4844,751.0,752.0,131.0,0.0,856.0,100.0,1226.0,9425.0,8960.0,-2065.0,29.0,16454.0,19204.0,109.0,16416.0,349.0,0.0,28336.0,49.0,Pass
l3343.txm,47.5,752.0,753.0,133.0,0.0,856.0,102.0,1227.0,9419.0,8942.0,-807.0,29.0,16718.0,19224.0,694.0,16298.0,353.0,1.0,28370.0,49.0,Pass
l3343.txm,48.5312,751.0,752.0,134.0,0.0,851.0,101.0,1230.0,9473.0,8922.0,-515.0,30.0,16278.0,19208.0,91.0,16290.0,350.0,0.0,28356.0,49.0,Pass
l3343.txm,49.5312,752.0,753.0,136.0,0.0,850.0,102.0,1228.0,9429.0,8954.0,-1971.0,29.0,16618.0,19072.0,39.0,16710.0,344.0,1.0,28382.0,49.0,Pass
l3343.txm,50.5625,752.0,754.0,130.0,0.0,847.0,102.0,1229.0,9458.0,8940.0,-1612.0,29.0,16329.0,19094.0,103.0,16770.0,338.0,0.0,28378.0,49.0,Pass
l3343.txm,51.6094,752.0,753.0,135.0,0.0,839.0,100.0,1229.0,9415.0,8962.0,-2106.0,29.0,16508.0,19150.0,242.0,16446.0,348.0,1.0,28390.0,49.0,Pass
l3343.txm,52.6094,752.0,753.0,130.0,0.0,832.0,101.0,1233.0,9448.0,8960.0,-1165.0,29.0,16650.0,19082.0,54.0,16934.0,351.0,0.0,28372.0,49.0,Pass
l3343.txm,53.6094,751.0,751.0,134.0,0.0,713.0,102.0,1239.0,9420.0,8998.0,352.0,29.0,16768.0,19158.0,-715.0,16666.0,357.0,0.0,28236.0,49.0,Pass
l3343.txm,54.6406,752.0,754.0,133.0,1.0,566.0,100.0,1236.0,9412.0,8949.0,1016.0,29.0,16682.0,19436.0,-424.0,16508.0,350.0,0.0,28098.0,50.0,Pass
l3343.txm,55.6562,752.0,753.0,132.0,0.0,478.0,100.0,1229.0,9441.0,8914.0,92.0,31.0,16370.0,19624.0,-574.0,16430.0,355.0,0.0,27846.0,50.0,Pass
l2915.txm,9.17822,751.0,753.0,133.0,0.0,864.0,101.0,1225.0,9467.0,8961.0,-147.0,25.0,16678.0,19590.0,-651.0,16298.0,350.8627450980395,0.0,27758.0,49.0,Fail
l2915.txm,10.1982,751.0,753.0,134.0,0.0,833.0,100.0,1223.0,9425.0,8927.0,-1392.0,25.0,16454.0,19592.0,-23.0,16442.0,342.8627450980395,0.0,27632.0,49.0,Fail
l2915.txm,11.2183,751.0,755.0,134.0,0.0,828.0,99.0,1222.0,9475.0,8881.0,-1599.0,26.0,16376.0,19592.0,-35.0,16612.0,354.8627450980395,0.0,27622.0,49.0,Fail
l2915.txm,12.2383,751.0,752.0,132.0,0.0,800.0,101.0,1212.0,9493.0,8879.0,57.0,25.0,16342.0,19644.0,-762.0,16752.0,352.8627450980395,0.0,27528.0,49.0,Fail
l2915.txm,13.2583,751.0,755.0,132.0,0.0,780.0,100.0,1188.0,9428.0,8981.0,104.0,25.0,16467.0,19622.0,159.0,16888.0,352.8627450980395,0.0,27550.0,50.0,Fail
l2915.txm,14.2793,752.0,753.0,135.0,0.0,1378.0,102.0,1150.0,9417.0,8893.0,-832.0,27.0,15829.0,19502.0,2752.0,15262.0,345.8627450980395,3.0,28142.0,49.0,Fail
l2915.txm,15.2983,751.0,753.0,130.0,0.0,2323.0,100.0,1164.0,9407.0,8961.0,-1393.0,24.0,16312.0,19200.0,-30.0,16132.0,350.8627450980395,0.0,27864.0,48.0,Fail
l2915.txm,16.3184,752.0,753.0,132.0,0.0,2320.0,100.0,1203.0,9409.0,8969.0,-1732.0,23.0,16567.0,19188.0,260.0,16396.0,354.8627450980395,0.0,28072.0,48.0,Fail
l2915.txm,17.3384,751.0,752.0,132.0,0.0,2021.0,99.0,1205.0,9478.0,8999.0,1407.0,22.0,16896.0,19254.0,-263.0,16608.0,356.8627450980395,0.0,28140.0,48.0,Fail
l2915.txm,18.3594,751.0,754.0,132.0,0.0,2089.0,102.0,1176.0,9425.0,8992.0,1036.0,24.0,16637.0,19054.0,-10.0,16754.0,349.8627450980395,0.0,28068.0,49.0,Fail
l2915.txm,19.3794,751.0,753.0,133.0,0.0,2113.0,101.0,1183.0,9471.0,8908.0,-1200.0,24.0,16706.0,19170.0,11.0,16170.0,355.8627450980395,1.0,28060.0,48.0,Fail
l2915.txm,20.4243,751.0,754.0,132.0,0.0,2158.0,102.0,1196.0,9422.0,8930.0,-983.0,24.0,16643.0,19034.0,-297.0,16706.0,354.8627450980395,0.0,28098.0,49.0,Fail
l2915.txm,21.418,752.0,753.0,132.0,0.0,2160.0,101.0,1179.0,9491.0,8932.0,-1482.0,24.0,16290.0,19212.0,56.0,16564.0,352.8627450980395,0.0,28030.0,49.0,Fail
l2915.txm,22.438,752.0,753.0,135.0,0.0,2171.0,101.0,1187.0,9432.0,8962.0,-830.0,23.0,16583.0,19072.0,-77.0,16484.0,345.8627450980395,1.0,28070.0,49.0,Fail
l2915.txm,23.478,751.0,753.0,133.0,0.0,2190.0,100.0,1184.0,9482.0,8901.0,-1003.0,23.0,16610.0,19072.0,-37.0,16394.0,343.8627450980395,1.0,28054.0,49.0,Fail
l2915.txm,24.499,751.0,753.0,133.0,0.0,2230.0,100.0,1184.0,9484.0,8907.0,-932.0,23.0,16386.0,18906.0,149.0,16262.0,356.8627450980395,0.0,28072.0,49.0,Fail
l2915.txm,25.5181,751.0,753.0,133.0,0.0,2250.0,100.0,1190.0,9429.0,8942.0,-211.0,23.0,16797.0,18992.0,32.0,16668.0,347.8627450980395,0.0,28052.0,49.0,Fail
l2915.txm,26.5381,752.0,753.0,135.0,0.0,2262.0,102.0,1187.0,9483.0,8921.0,-1199.0,23.0,16515.0,19134.0,-317.0,16664.0,345.8627450980395,1.0,28026.0,49.0,Fail
l2915.txm,27.5581,752.0,753.0,133.0,0.0,2268.0,100.0,1185.0,9448.0,8950.0,-676.0,23.0,16500.0,19158.0,158.0,16198.0,344.8627450980395,0.0,28078.0,49.0,Fail
l2915.txm,28.5791,752.0,753.0,133.0,0.0,2267.0,101.0,1186.0,9431.0,8914.0,-527.0,23.0,16982.0,18916.0,72.0,16438.0,341.8627450980395,0.0,28100.0,49.0,Fail
l2915.txm,29.5981,751.0,753.0,132.0,0.0,2265.0,101.0,1187.0,9459.0,8893.0,-747.0,23.0,16584.0,19078.0,602.0,16278.0,357.8627450980395,1.0,28050.0,49.0,Fail
l2915.txm,30.6191,751.0,752.0,133.0,0.0,2260.0,102.0,1184.0,9452.0,8932.0,-817.0,23.0,16566.0,18950.0,66.0,16326.0,349.8627450980395,0.0,28094.0,49.0,Fail
l2915.txm,31.6382,752.0,753.0,133.0,0.0,2266.0,102.0,1188.0,9426.0,8954.0,-1192.0,23.0,16243.0,19124.0,136.0,16214.0,354.8627450980395,0.0,28042.0,49.0,Fail
l2915.txm,32.6831,752.0,753.0,133.0,0.0,2266.0,100.0,1186.0,9435.0,8934.0,-522.0,23.0,16693.0,19012.0,-24.0,16548.0,348.8627450980395,1.0,28108.0,49.0,Fail
l2915.txm,33.6782,751.0,754.0,134.0,0.0,2262.0,101.0,1184.0,9449.0,8930.0,-351.0,23.0,16536.0,18852.0,111.0,16200.0,349.8627450980395,1.0,28070.0,49.0,Fail
l2915.txm,34.6982,752.0,754.0,130.0,0.0,2267.0,102.0,1184.0,9419.0,8917.0,-2314.0,23.0,16207.0,19126.0,-332.0,16522.0,347.8627450980395,1.0,28126.0,49.0,Fail
l2915.txm,35.7183,751.0,754.0,132.0,0.0,2268.0,100.0,1184.0,9433.0,8909.0,-574.0,22.0,16611.0,18996.0,65.0,16438.0,348.8627450980395,0.0,28126.0,49.0,Fail
l2915.txm,36.7383,752.0,753.0,133.0,0.0,2261.0,100.0,1184.0,9456.0,8939.0,-299.0,23.0,16412.0,18898.0,-25.0,16886.0,349.8627450980395,0.0,28082.0,49.0,Fail
l2915.txm,37.7583,751.0,753.0,129.0,0.0,2268.0,101.0,1184.0,9429.0,8944.0,-1936.0,23.0,16248.0,18908.0,46.0,16564.0,355.8627450980395,1.0,28126.0,49.0,Fail
l2915.txm,38.7783,751.0,753.0,134.0,0.0,2263.0,100.0,1184.0,9468.0,8914.0,-1141.0,23.0,16310.0,18950.0,-28.0,16566.0,348.8627450980395,1.0,28088.0,49.0,Fail
l2915.txm,39.7983,752.0,754.0,133.0,0.0,2269.0,100.0,1186.0,9412.0,8931.0,-928.0,23.0,16573.0,19120.0,-23.0,16646.0,349.8627450980395,0.0,28056.0,49.0,Fail
l2915.txm,40.8184,752.0,755.0,132.0,0.0,2263.0,100.0,1185.0,9483.0,8941.0,-1026.0,23.0,16415.0,18852.0,33.0,16214.0,348.8627450980395,1.0,28126.0,49.0,Fail
l2915.txm,41.8384,752.0,753.0,133.0,0.0,2263.0,101.0,1184.0,9443.0,8949.0,-1444.0,23.0,16441.0,18816.0,-519.0,16528.0,343.8627450980395,1.0,28152.0,49.0,Fail
l2915.txm,42.8584,752.0,753.0,134.0,0.0,2267.0,101.0,1185.0,9499.0,8900.0,-654.0,23.0,16430.0,18956.0,55.0,16268.0,360.8627450980395,1.0,28102.0,49.0,Fail
l2915.txm,43.8784,752.0,753.0,134.0,0.0,2259.0,101.0,1184.0,9456.0,8930.0,-449.0,23.0,16030.0,19138.0,119.0,16294.0,357.8627450980395,0.0,28148.0,49.0,Fail
l2915.txm,44.9853,752.0,753.0,133.0,0.0,2255.0,100.0,1184.0,9410.0,8928.0,-917.0,23.0,16496.0,18858.0,16.0,16314.0,349.8627450980395,1.0,28136.0,49.0,Fail
l2915.txm,45.958,752.0,753.0,131.0,0.0,2262.0,101.0,1184.0,9427.0,8971.0,-1177.0,23.0,16532.0,19120.0,520.0,16526.0,348.8627450980395,1.0,28142.0,49.0,Fail
l2915.txm,46.978,751.0,753.0,133.0,0.0,2253.0,101.0,1184.0,9458.0,8919.0,-384.0,23.0,16386.0,19076.0,54.0,16456.0,348.8627450980395,0.0,28058.0,49.0,Fail
l2915.txm,47.998,751.0,754.0,134.0,0.0,2258.0,101.0,1185.0,9406.0,8963.0,-2155.0,23.0,16214.0,19070.0,290.0,16230.0,351.8627450980395,1.0,28124.0,49.0,Fail
l2915.txm,49.0181,751.0,753.0,132.0,0.0,2246.0,102.0,1186.0,9420.0,8972.0,-558.0,23.0,16157.0,18812.0,362.0,16570.0,353.8627450980395,0.0,28052.0,49.0,Fail
l2915.txm,50.0371,751.0,753.0,130.0,0.0,2242.0,101.0,1185.0,9467.0,8942.0,-2124.0,22.0,16540.0,19044.0,776.0,16674.0,347.8627450980395,0.0,28054.0,49.0,Fail
l2915.txm,51.0581,752.0,753.0,136.0,0.0,2233.0,101.0,1184.0,9493.0,8893.0,-708.0,22.0,16562.0,19022.0,-38.0,16884.0,355.8627450980395,1.0,28062.0,49.0,Fail
l2915.txm,52.103,751.0,752.0,133.0,0.0,2223.0,102.0,1186.0,9438.0,8918.0,-1068.0,23.0,16238.0,19112.0,-432.0,16578.0,343.8627450980395,1.0,28130.0,49.0,Fail
l2915.txm,53.0972,752.0,754.0,132.0,0.0,2194.0,102.0,1184.0,9408.0,8950.0,-2031.0,23.0,16043.0,19064.0,148.0,15956.0,354.8627450980395,0.0,28104.0,49.0,Fail
l2915.txm,54.1182,752.0,751.0,133.0,0.0,1992.0,100.0,1192.0,9409.0,8971.0,101.0,22.0,16678.0,18966.0,81.0,16946.0,348.8627450980395,0.0,28094.0,49.0,Fail
l2915.txm,55.1382,752.0,753.0,135.0,0.0,1575.0,101.0,1193.0,9470.0,8898.0,683.0,23.0,16094.0,19164.0,-378.0,16482.0,354.8627450980395,0.0,27856.0,49.0,Fail
l2915.txm,56.1582,752.0,753.0,132.0,0.0,1319.0,101.0,1186.0,9434.0,8924.0,806.0,23.0,16164.0,19308.0,6.0,16722.0,354.8627450980395,0.0,27778.0,49.0,Fail
l2915.txm,57.1782,751.0,753.0,131.0,0.0,1105.0,101.0,1188.0,9445.0,8950.0,744.0,23.0,16188.0,19412.0,-321.0,16708.0,351.8627450980395,0.0,27572.0,49.0,Fail
l2915.txm,10.71,751.0,752.0,132.16778711484596,0.0,642.0,101.0,1210.0,9464.0,8953.0,-366.0,24.0,16637.0,19980.0,-467.0,16592.0,350.0,0.0,27526.0,49.0,Fail
l2916.txm,10.71,751.0,752.0,132.16778711484596,0.0,642.0,101.0,1210.0,9464.0,8953.0,-366.0,24.0,16637.0,19980.0,-467.0,16592.0,350.0,0.0,27526.0,49.0,Fail
l2916.txm,11.73,751.0,753.0,132.16778711484596,0.0,636.0,99.0,1209.0,9469.0,8957.0,-1054.0,24.0,16386.0,20050.0,-431.0,16386.0,342.0,0.0,27294.0,49.0,Fail
l2916.txm,12.749,751.0,753.0,132.16778711484596,0.0,621.0,101.0,1204.0,9395.0,9035.0,-1437.0,24.0,16571.0,20032.0,24.0,16538.0,357.0,0.0,27382.0,49.0,Fail
l2916.txm,13.769,751.0,753.0,135.16778711484596,0.0,599.0,100.0,1191.0,9425.0,9050.0,-520.0,24.0,16802.0,20194.0,-447.0,16814.0,353.0,0.0,27294.0,49.0,Fail
l2916.txm,14.7891,751.0,754.0,131.16778711484596,0.0,591.0,102.0,1175.0,9406.0,9035.0,-1021.0,24.0,16516.0,20074.0,12.0,16316.0,351.0,0.0,27254.0,49.0,Fail
l2916.txm,15.8091,751.0,753.0,133.16778711484596,0.0,1381.0,101.0,1152.0,9410.0,9032.0,-370.0,24.0,16427.0,19436.0,1310.0,16790.0,345.0,0.0,28122.0,49.0,Fail
l2916.txm,16.8291,751.0,753.0,135.16778711484596,0.0,1768.0,101.0,1167.0,9448.0,9011.0,-1734.0,24.0,16156.0,19532.0,-913.0,16110.0,348.0,0.0,27622.0,48.0,Fail
l2916.txm,17.8501,752.0,754.0,132.16778711484596,0.0,1780.0,101.0,1198.0,9487.0,9017.0,-1085.0,24.0,16275.0,19450.0,3.0,16404.0,346.0,1.0,27864.0,48.0,Fail
l2916.txm,18.8701,751.0,754.0,132.16778711484596,0.0,1598.0,100.0,1203.0,9479.0,9034.0,1417.0,24.0,16549.0,19462.0,-461.0,16418.0,342.0,0.0,27838.0,48.0,Fail
l2916.txm,19.9189,752.0,752.0,132.16778711484596,0.0,1456.0,100.0,1188.0,9422.0,9048.0,520.0,24.0,16747.0,19350.0,608.0,16388.0,361.0,0.0,27898.0,49.0,Fail
l2916.txm,20.9399,752.0,753.0,133.16778711484596,0.0,1618.0,101.0,1169.0,9437.0,8987.0,-2156.0,24.0,16408.0,19306.0,52.0,16828.0,359.0,0.0,27876.0,48.0,Fail
l2916.txm,21.96,751.0,753.0,135.16778711484596,0.0,1645.0,100.0,1197.0,9453.0,9002.0,-1991.0,24.0,16199.0,19366.0,456.0,16710.0,351.0,0.0,27900.0,48.0,Fail
l2916.txm,22.98,752.0,754.0,131.16778711484596,0.0,1645.0,100.0,1184.0,9453.0,9022.0,-1079.0,24.0,16122.0,19504.0,-6.0,16632.0,346.0,0.0,27828.0,49.0,Fail
l2916.txm,24.0,752.0,754.0,132.16778711484596,0.0,1655.0,101.0,1184.0,9413.0,9031.0,-979.0,24.0,16501.0,19344.0,-354.0,16722.0,342.0,0.0,27862.0,48.0,Fail
l2916.txm,25.02,752.0,752.0,131.16778711484596,0.0,1661.0,101.0,1189.0,9434.0,9064.0,-972.0,24.0,16610.0,19336.0,6.0,16370.0,358.0,1.0,27830.0,48.0,Fail
l2916.txm,26.04,751.0,753.0,132.16778711484596,0.0,1679.0,102.0,1182.0,9426.0,9039.0,-1252.0,24.0,16648.0,19510.0,-389.0,16498.0,344.0,0.0,27800.0,49.0,Fail
l2916.txm,27.0859,752.0,754.0,132.16778711484596,0.0,1700.0,100.0,1184.0,9478.0,8992.0,-358.0,24.0,16436.0,19430.0,-344.0,16640.0,340.0,1.0,27852.0,49.0,Fail
l2916.txm,28.0791,751.0,752.0,133.16778711484596,0.0,1701.0,100.0,1184.0,9428.0,9057.0,-1506.0,23.0,16278.0,19232.0,-345.0,15984.0,351.0,0.0,27892.0,49.0,Fail
l2916.txm,29.1001,751.0,753.0,126.16778711484596,0.0,1720.0,102.0,1185.0,9405.0,9044.0,-1384.0,23.0,16169.0,19440.0,8.0,16556.0,347.0,1.0,28002.0,49.0,Fail
l2916.txm,30.1201,752.0,753.0,134.16778711484596,0.0,1726.0,100.0,1182.0,9408.0,9050.0,-1501.0,24.0,16255.0,19264.0,68.0,16866.0,342.0,1.0,27838.0,48.0,Fail
l2916.txm,31.1401,751.0,753.0,134.16778711484596,0.0,1719.0,100.0,1186.0,9412.0,9044.0,-359.0,23.0,16310.0,19264.0,38.0,16526.0,360.0,0.0,27908.0,48.0,Fail
l2916.txm,32.1602,752.0,753.0,132.16778711484596,0.0,1726.0,102.0,1186.0,9418.0,9019.0,-1607.0,23.0,15977.0,19174.0,85.0,16380.0,348.0,0.0,27748.0,48.0,Fail
l2916.txm,33.1802,751.0,753.0,133.16778711484596,0.0,1723.0,100.0,1186.0,9433.0,9010.0,-1572.0,23.0,16047.0,19280.0,145.0,16552.0,348.0,0.0,27830.0,48.0,Fail
l2916.txm,34.2002,752.0,754.0,133.16778711484596,0.0,1717.0,101.0,1185.0,9435.0,9019.0,-2058.0,23.0,16215.0,19382.0,21.0,16628.0,340.0,1.0,27942.0,48.0,Fail
l2916.txm,35.2202,752.0,753.0,136.16778711484596,0.0,1725.0,102.0,1185.0,9462.0,9039.0,-2444.0,23.0,16638.0,19422.0,53.0,16834.0,349.0,0.0,27726.0,48.0,Fail
l2916.txm,36.2397,752.0,753.0,133.16778711484596,0.0,1728.0,100.0,1187.0,9422.0,9026.0,-1646.0,23.0,15970.0,19424.0,95.0,16860.0,346.0,0.0,28022.0,48.0,Fail
l2916.txm,37.269,751.0,754.0,135.16778711484596,0.0,1727.0,100.0,1184.0,9470.0,8974.0,-684.0,23.0,16231.0,19330.0,316.0,16610.0,349.0,0.0,27862.0,48.0,Fail
l2916.txm,38.2798,751.0,753.0,132.16778711484596,0.0,1726.0,100.0,1185.0,9459.0,8992.0,-1915.0,23.0,16180.0,19130.0,58.0,16314.0,349.0,0.0,27794.0,48.0,Fail
l2916.txm,39.3262,753.0,754.0,132.16778711484596,0.0,1726.0,101.0,1184.0,9493.0,8984.0,519.0,23.0,16577.0,19200.0,-26.0,16434.0,344.0,0.0,27754.0,48.0,Fail
l2916.txm,40.3188,751.0,753.0,131.16778711484596,0.0,1728.0,102.0,1183.0,9457.0,8997.0,-493.0,23.0,16155.0,19282.0,320.0,16400.0,348.0,0.0,27886.0,48.0,Fail
l2916.txm,41.3398,752.0,753.0,133.16778711484596,0.0,1733.0,99.0,1184.0,9432.0,9056.0,-394.0,23.0,16689.0,19326.0,151.0,16612.0,346.0,1.0,27954.0,48.0,Fail
l2916.txm,42.3599,752.0,752.0,131.16778711484596,0.0,1730.0,100.0,1186.0,9457.0,9045.0,-839.0,23.0,16036.0,19170.0,63.0,15938.0,357.0,1.0,27742.0,48.0,Fail
l2916.txm,43.3799,751.0,752.0,134.16778711484596,0.0,1735.0,101.0,1186.0,9407.0,9061.0,25.0,23.0,16535.0,19338.0,-487.0,16740.0,346.0,0.0,28020.0,48.0,Fail
l2916.txm,44.3999,752.0,753.0,132.16778711484596,0.0,1730.0,101.0,1184.0,9417.0,9004.0,-2079.0,23.0,15712.0,19364.0,256.0,16620.0,346.0,1.0,27902.0,48.0,Fail
l2916.txm,45.4199,752.0,753.0,133.16778711484596,0.0,1740.0,101.0,1186.0,9441.0,9045.0,-1428.0,22.0,16049.0,19354.0,66.0,16134.0,351.0,1.0,27892.0,49.0,Fail
l2916.txm,46.4687,752.0,753.0,136.16778711484596,0.0,1729.0,100.0,1183.0,9442.0,9027.0,-1161.0,23.0,16676.0,19430.0,124.0,16290.0,354.0,0.0,27982.0,49.0,Fail
l2916.txm,47.5688,752.0,754.0,135.16778711484596,0.0,1732.0,100.0,1185.0,9506.0,8958.0,-1070.0,23.0,16403.0,19352.0,270.0,16360.0,351.0,1.0,28024.0,49.0,Fail
l2916.txm,48.5391,751.0,753.0,134.16778711484596,0.0,1732.0,100.0,1185.0,9426.0,9015.0,-1447.0,22.0,16344.0,19328.0,-305.0,16640.0,346.0,0.0,27884.0,49.0,Fail
l2916.txm,49.5591,752.0,755.0,132.16778711484596,0.0,1729.0,101.0,1185.0,9408.0,9047.0,-1601.0,23.0,15897.0,19220.0,-521.0,16884.0,352.0,0.0,27864.0,49.0,Fail
l2916.txm,50.5791,752.0,753.0,137.16778711484596,0.0,1731.0,101.0,1186.0,9427.0,9026.0,-1946.0,22.0,16544.0,19398.0,946.0,15868.0,352.0,0.0,27834.0,49.0,Fail
l2916.txm,51.6001,752.0,754.0,134.16778711484596,0.0,1731.0,101.0,1184.0,9431.0,9077.0,-692.0,23.0,16437.0,19142.0,-85.0,16404.0,345.0,0.0,27798.0,49.0,Fail
l2916.txm,52.6191,752.0,753.0,133.16778711484596,0.0,1725.0,101.0,1184.0,9407.0,9061.0,-1757.0,23.0,16430.0,19134.0,-85.0,16504.0,347.0,1.0,27954.0,49.0,Fail
l2916.txm,53.6392,752.0,752.0,134.16778711484596,0.0,1719.0,100.0,1182.0,9472.0,8979.0,-1713.0,23.0,16622.0,19258.0,115.0,16470.0,348.0,0.0,27838.0,48.0,Fail
l2916.txm,54.6831,752.0,755.0,134.16778711484596,0.0,1711.0,101.0,1185.0,9397.0,9066.0,-39.0,22.0,15759.0,19268.0,34.0,16092.0,350.0,0.0,27866.0,48.0,Fail
l2916.txm,55.6792,752.0,754.0,133.16778711484596,0.0,1688.0,100.0,1184.0,9421.0,9051.0,586.0,23.0,16286.0,19262.0,-277.0,16752.0,355.0,0.0,27800.0,49.0,Fail
l2916.txm,56.6992,752.0,753.0,134.16778711484596,0.0,1517.0,101.0,1191.0,9491.0,8992.0,5.0,23.0,16479.0,19264.0,-549.0,17112.0,346.0,0.0,27848.0,49.0,Fail
l2916.txm,57.7187,752.0,755.0,133.16778711484596,0.0,1293.0,102.0,1192.0,9438.0,9029.0,399.0,23.0,15952.0,19582.0,-564.0,16350.0,345.0,0.0,27638.0,49.0,Fail
l2916.txm,58.7388,752.0,753.0,134.16778711484596,0.0,1073.0,102.0,1188.0,9464.0,9014.0,616.0,23.0,16276.0,19582.0,-636.0,17100.0,352.0,0.0,27600.0,49.0,Fail
l2916.txm,59.7598,752.0,753.0,135.16778711484596,0.0,893.0,101.0,1190.0,9459.0,8926.0,352.0,24.0,16517.0,19746.0,-418.0,16876.0,351.0,0.0,27568.0,49.0,Fail
l2916.txm,11.228,751.0,754.0,131.78013977868378,0.0,625.0,100.0,1240.0,9506.0,9026.0,98.0,27.0,16776.0,20038.0,-50.0,16602.0,356.0,0.0,27632.0,49.0,Fail
l2917.txm,11.228,751.0,754.0,131.78013977868378,0.0,625.0,100.0,1240.0,9506.0,9026.0,98.0,27.0,16776.0,20038.0,-50.0,16602.0,356.0,0.0,27632.0,49.0,Fail
l2917.txm,12.248,751.0,752.0,135.78013977868378,0.0,620.0,100.0,1240.0,9427.0,9111.0,-1099.0,27.0,16723.0,20040.0,588.0,16648.0,351.0,0.0,27614.0,49.0,Fail
l2917.txm,13.2681,752.0,754.0,134.78013977868378,0.0,608.0,101.0,1240.0,9430.0,9117.0,-669.0,27.0,16460.0,20056.0,-72.0,16584.0,353.0,0.0,27522.0,49.0,Fail
l2917.txm,14.2881,752.0,754.0,132.78013977868378,0.0,585.0,100.0,1210.0,9498.0,9050.0,-890.0,27.0,16801.0,20310.0,-59.0,16688.0,346.0,0.0,27388.0,50.0,Fail
l2917.txm,15.3091,751.0,755.0,130.78013977868378,0.0,676.0,101.0,1176.0,9444.0,9183.0,1797.0,23.0,16795.0,20174.0,62.0,15654.0,357.0,1.0,27310.0,50.0,Fail
l2917.txm,16.353,751.0,753.0,132.78013977868378,0.0,1708.0,100.0,1147.0,9469.0,9045.0,-1588.0,25.0,16869.0,19312.0,-419.0,16994.0,350.0,1.0,27978.0,49.0,Fail
l2917.txm,17.3477,751.0,753.0,133.78013977868378,0.0,1838.0,100.0,1185.0,9459.0,9089.0,-1138.0,25.0,16493.0,19634.0,88.0,16510.0,345.0,0.0,27862.0,48.0,Fail
l2917.txm,18.3677,751.0,753.0,129.78013977868378,0.0,1762.0,100.0,1203.0,9497.0,9110.0,-4.0,23.0,16574.0,19514.0,-419.0,16338.0,346.0,0.0,27820.0,48.0,Fail
l2917.txm,19.3877,752.0,753.0,134.78013977868378,0.0,1391.0,100.0,1208.0,9488.0,9002.0,-881.0,26.0,16268.0,19614.0,-261.0,16416.0,344.0,0.0,27808.0,49.0,Fail
l2917.txm,20.4077,751.0,754.0,134.78013977868378,0.0,1688.0,101.0,1158.0,9438.0,9059.0,-1151.0,24.0,16838.0,19348.0,380.0,16928.0,345.0,0.0,28038.0,49.0,Fail
l2917.txm,21.4277,751.0,752.0,132.78013977868378,0.0,1692.0,101.0,1192.0,9429.0,9109.0,-961.0,25.0,16506.0,19366.0,-289.0,16320.0,352.0,0.0,27764.0,49.0,Fail
l2917.txm,22.4478,751.0,754.0,134.78013977868378,0.0,1696.0,101.0,1190.0,9500.0,9022.0,-1142.0,26.0,16481.0,19414.0,-399.0,16448.0,347.0,0.0,27880.0,49.0,Fail
l2917.txm,23.4687,751.0,753.0,128.78013977868378,0.0,1702.0,100.0,1180.0,9484.0,9055.0,-437.0,25.0,16823.0,19534.0,-266.0,16566.0,343.0,0.0,27844.0,49.0,Fail
l2917.txm,24.4878,751.0,754.0,128.78013977868378,0.0,1713.0,100.0,1187.0,9444.0,9082.0,-887.0,25.0,16655.0,19362.0,-789.0,16612.0,351.0,1.0,27886.0,49.0,Fail
l2917.txm,25.5088,751.0,753.0,133.78013977868378,0.0,1728.0,101.0,1180.0,9452.0,9083.0,-309.0,26.0,16507.0,19634.0,168.0,16044.0,349.0,0.0,27866.0,49.0,Fail
l2917.txm,26.5288,751.0,753.0,132.78013977868378,0.0,1757.0,100.0,1188.0,9428.0,9067.0,-1642.0,25.0,16681.0,19158.0,141.0,16844.0,356.0,0.0,27886.0,49.0,Fail
l2917.txm,27.5479,751.0,752.0,135.78013977868378,0.0,1764.0,101.0,1181.0,9491.0,9065.0,-548.0,25.0,16650.0,19236.0,1004.0,16884.0,357.0,0.0,28006.0,49.0,Fail
l2917.txm,28.5918,752.0,754.0,133.78013977868378,0.0,1786.0,101.0,1187.0,9455.0,9049.0,-2415.0,25.0,16253.0,19260.0,83.0,16392.0,353.0,0.0,27892.0,49.0,Fail
l2917.txm,29.6177,751.0,753.0,135.78013977868378,0.0,1786.0,101.0,1186.0,9476.0,9105.0,-881.0,25.0,16321.0,19422.0,-477.0,16728.0,356.0,1.0,27884.0,49.0,Fail
l2917.txm,30.6387,752.0,754.0,135.78013977868378,0.0,1780.0,100.0,1186.0,9476.0,9049.0,-1059.0,25.0,16233.0,19428.0,37.0,16398.0,349.0,1.0,28006.0,49.0,Fail
l2917.txm,31.6577,752.0,753.0,132.78013977868378,0.0,1779.0,100.0,1185.0,9409.0,9088.0,-1442.0,25.0,16680.0,19286.0,-18.0,16654.0,352.0,1.0,27880.0,49.0,Fail
l2917.txm,32.6777,751.0,752.0,134.78013977868378,0.0,1781.0,102.0,1187.0,9413.0,9063.0,-793.0,25.0,16187.0,19152.0,-91.0,16804.0,354.0,1.0,27878.0,49.0,Fail
l2917.txm,33.6987,752.0,753.0,134.78013977868378,0.0,1783.0,102.0,1186.0,9424.0,9138.0,-940.0,24.0,16227.0,19382.0,646.0,16640.0,356.0,0.0,27884.0,49.0,Fail
l2917.txm,34.7178,752.0,754.0,136.78013977868378,0.0,1788.0,100.0,1186.0,9477.0,9070.0,-930.0,24.0,16658.0,19376.0,97.0,16380.0,349.0,1.0,28006.0,49.0,Fail
l2917.txm,35.7627,752.0,754.0,132.78013977868378,0.0,1784.0,101.0,1187.0,9492.0,9071.0,-1376.0,24.0,16419.0,19234.0,-62.0,16980.0,348.0,1.0,28012.0,49.0,Fail
l2917.txm,36.7578,752.0,754.0,131.78013977868378,0.0,1792.0,101.0,1187.0,9433.0,9115.0,-580.0,24.0,16402.0,19248.0,-12.0,16512.0,348.0,1.0,28016.0,49.0,Fail
l2917.txm,37.7798,752.0,754.0,133.78013977868378,0.0,1782.0,100.0,1184.0,9432.0,9117.0,-1920.0,24.0,16294.0,19136.0,1064.0,15754.0,361.0,0.0,27976.0,49.0,Fail
l2917.txm,38.7979,752.0,754.0,134.78013977868378,0.0,1789.0,100.0,1185.0,9430.0,9152.0,-1026.0,24.0,16180.0,19170.0,576.0,16562.0,347.0,0.0,28012.0,49.0,Fail
l2917.txm,39.8179,751.0,753.0,135.78013977868378,0.0,1785.0,101.0,1184.0,9469.0,9062.0,-2288.0,24.0,16139.0,19146.0,746.0,16692.0,345.0,0.0,27866.0,49.0,Fail
l2917.txm,40.8667,752.0,754.0,133.78013977868378,0.0,1792.0,101.0,1187.0,9511.0,9064.0,-2230.0,23.0,16365.0,19288.0,131.0,16052.0,352.0,1.0,27880.0,49.0,Fail
l2917.txm,41.8877,751.0,753.0,136.78013977868378,0.0,1793.0,102.0,1186.0,9406.0,9136.0,-1367.0,24.0,16170.0,19146.0,-39.0,16714.0,350.0,0.0,28016.0,49.0,Fail
l2917.txm,42.9087,751.0,753.0,131.78013977868378,0.0,1794.0,100.0,1186.0,9432.0,9102.0,-1095.0,24.0,16504.0,19372.0,590.0,16646.0,355.0,0.0,28018.0,49.0,Fail
l2917.txm,43.9287,752.0,754.0,134.78013977868378,0.0,1786.0,101.0,1185.0,9480.0,9043.0,-505.0,24.0,16728.0,19386.0,590.0,16910.0,349.0,0.0,27880.0,49.0,Fail
l2917.txm,44.9478,752.0,753.0,132.78013977868378,0.0,1785.0,100.0,1185.0,9462.0,9098.0,-2061.0,24.0,16047.0,19190.0,310.0,16970.0,350.0,0.0,27854.0,49.0,Fail
l2917.txm,45.9678,752.0,753.0,131.78013977868378,0.0,1783.0,100.0,1184.0,9455.0,9105.0,-1912.0,24.0,16288.0,19346.0,115.0,16690.0,351.0,0.0,28002.0,49.0,Fail
l2917.txm,46.9878,752.0,753.0,133.78013977868378,0.0,1784.0,101.0,1187.0,9426.0,9085.0,-517.0,24.0,16415.0,19294.0,4.0,16176.0,351.0,0.0,28018.0,49.0,Fail
l2917.txm,48.0337,752.0,753.0,136.78013977868378,0.0,1788.0,101.0,1186.0,9493.0,9051.0,-386.0,24.0,16616.0,19298.0,402.0,16278.0,354.0,0.0,27850.0,49.0,Fail
l2917.txm,49.1079,752.0,754.0,130.78013977868378,0.0,1785.0,102.0,1187.0,9417.0,9101.0,-657.0,24.0,16279.0,19226.0,458.0,16596.0,352.0,0.0,27888.0,49.0,Fail
l2917.txm,50.0776,752.0,752.0,131.78013977868378,0.0,1779.0,102.0,1186.0,9438.0,9082.0,-1568.0,24.0,16407.0,19332.0,47.0,16432.0,359.0,0.0,28014.0,49.0,Fail
l2917.txm,51.0977,752.0,754.0,130.78013977868378,0.0,1777.0,100.0,1184.0,9449.0,9075.0,-1126.0,24.0,16250.0,19128.0,360.0,16252.0,345.0,1.0,27898.0,49.0,Fail
l2917.txm,52.1177,752.0,754.0,135.78013977868378,0.0,1773.0,101.0,1185.0,9492.0,9051.0,-2034.0,24.0,16504.0,19180.0,-465.0,16502.0,350.0,0.0,28004.0,49.0,Fail
l2917.txm,53.1377,752.0,753.0,131.78013977868378,0.0,1766.0,100.0,1187.0,9412.0,9139.0,-792.0,24.0,16665.0,19122.0,976.0,16842.0,348.0,0.0,27978.0,49.0,Fail
l2917.txm,54.1577,751.0,752.0,133.78013977868378,0.0,1756.0,100.0,1184.0,9454.0,9051.0,-1053.0,24.0,16128.0,19246.0,-407.0,16778.0,344.0,0.0,27974.0,49.0,Fail
l2917.txm,55.1777,752.0,754.0,135.78013977868378,0.0,1718.0,100.0,1183.0,9485.0,9051.0,-429.0,24.0,16625.0,19246.0,-610.0,17022.0,346.0,0.0,27886.0,49.0,Fail
l2917.txm,56.2217,752.0,754.0,135.78013977868378,0.0,1465.0,100.0,1197.0,9477.0,9076.0,-556.0,23.0,16662.0,19428.0,-896.0,16690.0,347.0,0.0,27806.0,49.0,Fail
l2917.txm,57.248,751.0,754.0,134.78013977868378,1.0,1194.0,100.0,1189.0,9470.0,9070.0,-69.0,24.0,16660.0,19582.0,-862.0,16528.0,350.0,0.0,27628.0,50.0,Fail
l2917.txm,58.2681,753.0,754.0,132.78013977868378,1.0,1022.0,101.0,1189.0,9505.0,9056.0,463.0,25.0,15980.0,19636.0,-552.0,16568.0,351.0,0.0,27576.0,50.0,Fail
l2917.txm,10.71,751.0,753.0,132.0,0.0,640.0,102.0,943.05179028133,9425.0,9073.0,-1019.0,26.0,16490.0,19986.0,-410.0,16766.0,350.0,0.0,27472.0,49.0,Fail
l2918.txm,10.71,751.0,753.0,132.0,0.0,640.0,102.0,943.05179028133,9425.0,9073.0,-1019.0,26.0,16490.0,19986.0,-410.0,16766.0,350.0,0.0,27472.0,49.0,Fail
l2918.txm,11.73,751.0,753.0,135.0,0.0,627.0,101.0,943.05179028133,9418.0,9076.0,-1412.0,26.0,16666.0,19990.0,-71.0,16790.0,353.0,0.0,27614.0,49.0,Fail
l2918.txm,12.75,751.0,754.0,134.0,0.0,616.0,100.0,942.05179028133,9503.0,9004.0,-1095.0,26.0,16652.0,20010.0,-578.0,16732.0,347.0,0.0,27484.0,49.0,Fail
l2918.txm,13.7896,751.0,755.0,136.0,0.0,550.0,101.0,1042.05179028133,9416.0,9213.0,-1473.0,28.0,15922.0,20250.0,-963.0,16260.0,347.0,0.0,27332.0,47.0,Fail
l2918.txm,14.7886,751.0,754.0,133.0,0.0,531.0,100.0,1117.05179028133,9459.0,9224.0,-615.0,27.0,16114.0,20422.0,-604.0,16032.0,356.0,0.0,27290.0,46.0,Fail
l2918.txm,15.8096,751.0,754.0,140.0,0.0,1509.0,101.0,1172.05179028133,9604.0,9171.0,-2226.0,29.0,15584.0,19592.0,41.0,16892.0,360.0,1.0,28358.0,45.0,Fail
l2918.txm,16.8589,751.0,753.0,136.0,0.0,1840.0,100.0,1196.05179028133,9656.0,9272.0,-1821.0,26.0,16333.0,19438.0,-10.0,16532.0,354.0,0.0,28210.0,44.0,Fail
l2918.txm,17.8799,751.0,753.0,135.0,0.0,1781.0,102.0,1215.05179028133,9660.0,9316.0,-1056.0,25.0,16404.0,19414.0,78.0,16500.0,349.0,0.0,28168.0,44.0,Fail
l2918.txm,18.9009,751.0,753.0,133.0,1.0,1367.0,101.0,1231.05179028133,9805.0,9164.0,776.0,22.0,16638.0,19678.0,-73.0,16436.0,351.0,0.0,28164.0,45.0,Fail
l2918.txm,19.9199,751.0,753.0,134.0,0.0,1668.0,101.0,1178.05179028133,9693.0,9206.0,-913.0,25.0,16417.0,19642.0,-19.0,16354.0,356.0,0.0,28048.0,45.0,Fail
l2918.txm,20.939,752.0,752.0,136.0,0.0,1676.0,102.0,1201.05179028133,9768.0,9211.0,-1285.0,26.0,16127.0,19530.0,90.0,16202.0,354.0,1.0,28132.0,45.0,Fail
l2918.txm,21.9609,752.0,753.0,135.0,0.0,1688.0,100.0,1207.05179028133,9644.0,9269.0,-1598.0,26.0,16383.0,19476.0,9.0,16294.0,342.0,0.0,28118.0,45.0,Fail
l2918.txm,22.98,752.0,755.0,132.0,0.0,1684.0,101.0,1200.05179028133,9680.0,9188.0,-1158.0,26.0,16042.0,19592.0,-61.0,16486.0,359.0,0.0,28090.0,45.0,Fail
l2918.txm,24.0249,752.0,753.0,136.0,0.0,1699.0,102.0,1205.05179028133,9679.0,9229.0,-1308.0,26.0,16316.0,19628.0,284.0,16596.0,346.0,0.0,28176.0,45.0,Fail
l2918.txm,25.0186,752.0,753.0,131.0,0.0,1713.0,100.0,1203.05179028133,9732.0,9204.0,-1808.0,26.0,16047.0,19486.0,982.0,16582.0,345.0,1.0,28276.0,45.0,Fail
l2918.txm,26.0396,752.0,754.0,139.0,1.0,1734.0,101.0,1207.05179028133,9715.0,9213.0,-799.0,25.0,16327.0,19298.0,7.0,16474.0,347.0,0.0,28100.0,45.0,Fail
l2918.txm,27.0596,751.0,754.0,138.0,0.0,1736.0,100.0,1199.05179028133,9640.0,9264.0,-1081.0,25.0,16231.0,19538.0,-382.0,16684.0,345.0,0.0,28102.0,45.0,Fail
l2918.txm,28.1196,751.0,753.0,132.0,0.0,1750.0,100.0,1203.05179028133,9730.0,9256.0,-1603.0,25.0,16397.0,19518.0,72.0,16452.0,353.0,1.0,28078.0,45.0,Fail
l2918.txm,29.0996,751.0,753.0,132.0,0.0,1753.0,101.0,1202.05179028133,9683.0,9291.0,-933.0,24.0,16436.0,19320.0,-77.0,16518.0,342.0,0.0,28284.0,45.0,Fail
l2918.txm,30.1187,752.0,753.0,135.0,0.0,1753.0,102.0,1202.05179028133,9648.0,9237.0,-1488.0,24.0,16441.0,19510.0,-472.0,16540.0,348.0,0.0,28302.0,45.0,Fail
l2918.txm,31.1387,752.0,754.0,132.0,0.0,1750.0,101.0,1202.05179028133,9658.0,9288.0,-1200.0,24.0,16410.0,19410.0,61.0,16424.0,348.0,0.0,28244.0,45.0,Fail
l2918.txm,32.1597,752.0,753.0,135.0,0.0,1750.0,100.0,1201.05179028133,9686.0,9171.0,-1314.0,24.0,16535.0,19454.0,-261.0,16262.0,359.0,0.0,28104.0,45.0,Fail
l2918.txm,33.1797,751.0,753.0,135.0,0.0,1751.0,101.0,1203.05179028133,9702.0,9253.0,-408.0,24.0,16431.0,19406.0,54.0,16388.0,355.0,1.0,28136.0,45.0,Fail
l2918.txm,34.1997,751.0,753.0,127.0,0.0,1748.0,100.0,1201.05179028133,9664.0,9218.0,-957.0,24.0,16247.0,19364.0,-343.0,16352.0,344.0,0.0,28154.0,45.0,Fail
l2918.txm,35.2197,751.0,753.0,132.0,0.0,1754.0,100.0,1203.05179028133,9662.0,9230.0,-800.0,24.0,16177.0,19324.0,-80.0,16520.0,343.0,0.0,28114.0,45.0,Fail
l2918.txm,36.2759,751.0,754.0,133.0,0.0,1755.0,101.0,1204.05179028133,9728.0,9176.0,-675.0,24.0,16332.0,19258.0,376.0,16366.0,346.0,1.0,28094.0,45.0,Fail
l2918.txm,37.3506,752.0,755.0,135.0,0.0,1751.0,101.0,1201.05179028133,9652.0,9292.0,-838.0,23.0,16065.0,19264.0,49.0,16572.0,356.0,0.0,28292.0,45.0,Fail
l2918.txm,38.2886,752.0,754.0,134.0,0.0,1754.0,102.0,1201.05179028133,9754.0,9220.0,-1637.0,23.0,16485.0,19426.0,105.0,16024.0,343.0,1.0,28146.0,45.0,Fail
l2918.txm,39.3086,751.0,754.0,134.0,0.0,1756.0,100.0,1201.05179028133,9732.0,9199.0,-1150.0,23.0,16099.0,19426.0,426.0,16422.0,344.0,0.0,28106.0,45.0,Fail
l2918.txm,40.3286,752.0,754.0,128.0,0.0,1755.0,101.0,1200.05179028133,9753.0,9190.0,-859.0,23.0,16260.0,19322.0,-440.0,16568.0,350.0,1.0,28258.0,45.0,Fail
l2918.txm,41.3486,752.0,753.0,135.0,0.0,1752.0,101.0,1201.05179028133,9664.0,9269.0,-1210.0,23.0,16127.0,19468.0,-399.0,16544.0,342.0,0.0,28290.0,45.0,Fail
l2918.txm,42.3686,752.0,753.0,132.0,0.0,1753.0,101.0,1201.05179028133,9655.0,9265.0,-954.0,24.0,16444.0,19322.0,916.0,16394.0,348.0,0.0,28116.0,45.0,Fail
l2918.txm,43.3887,751.0,754.0,131.0,0.0,1751.0,100.0,1200.05179028133,9642.0,9321.0,-1481.0,23.0,16208.0,19246.0,654.0,16212.0,350.0,0.0,28094.0,45.0,Fail
l2918.txm,44.4087,752.0,754.0,131.0,0.0,1752.0,100.0,1203.05179028133,9661.0,9236.0,-842.0,23.0,16415.0,19440.0,111.0,16290.0,344.0,1.0,28124.0,45.0,Fail
l2918.txm,45.4297,751.0,753.0,132.0,0.0,1749.0,100.0,1200.05179028133,9709.0,9206.0,-1660.0,23.0,16318.0,19256.0,132.0,16172.0,349.0,0.0,28094.0,45.0,Fail
l2918.txm,46.5356,751.0,754.0,137.0,0.0,1750.0,100.0,1204.05179028133,9671.0,9255.0,-950.0,23.0,16250.0,19232.0,119.0,16098.0,352.0,0.0,28292.0,45.0,Fail
l2918.txm,47.5098,752.0,753.0,127.0,0.0,1738.0,101.0,1202.05179028133,9727.0,9210.0,-1041.0,23.0,16122.0,19236.0,-94.0,16726.0,346.0,1.0,28294.0,45.0,Fail
l2918.txm,48.5298,752.0,753.0,133.0,0.0,1737.0,100.0,1200.05179028133,9705.0,9219.0,-864.0,23.0,16235.0,19278.0,-505.0,16194.0,350.0,0.0,28278.0,45.0,Fail
l2918.txm,49.5498,751.0,754.0,136.0,0.0,1725.0,101.0,1204.05179028133,9691.0,9195.0,-522.0,23.0,16288.0,19478.0,107.0,16028.0,356.0,1.0,28100.0,45.0,Fail
l2918.txm,50.5688,752.0,754.0,137.0,0.0,1705.0,102.0,1202.05179028133,9656.0,9244.0,-310.0,23.0,16353.0,19398.0,94.0,16780.0,339.0,0.0,28134.0,45.0,Fail
l2918.txm,51.5898,752.0,753.0,132.0,0.0,1545.0,101.0,1211.05179028133,9640.0,9275.0,205.0,22.0,16598.0,19330.0,484.0,16732.0,354.0,0.0,28120.0,45.0,Fail
l2918.txm,52.6089,752.0,753.0,135.0,1.0,1243.0,100.0,1214.05179028133,9652.0,9238.0,1030.0,20.0,16607.0,19434.0,-767.0,17004.0,358.0,0.0,28032.0,45.0,Fail
l2918.txm,53.6548,751.0,751.0,132.0,0.0,1035.0,100.0,1203.05179028133,9658.0,9305.0,1969.0,19.0,16689.0,19628.0,-735.0,16574.0,348.0,0.0,27990.0,45.0,Fail
l2918.txm,9.71875,751.0,754.0,133.0,0.0,664.0,101.0,1220.0,9420.0,9041.0,-1455.0,26.0,16676.0,19862.0,33.0,16798.0,346.6720618556701,0.0,27644.0,49.0,Fail
l2936.txm,9.71875,751.0,754.0,133.0,0.0,664.0,101.0,1220.0,9420.0,9041.0,-1455.0,26.0,16676.0,19862.0,33.0,16798.0,346.6720618556701,0.0,27644.0,49.0,Fail
l2936.txm,10.7393,751.0,754.0,135.0,0.0,648.0,101.0,1220.0,9418.0,9018.0,-1390.0,26.0,16754.0,19910.0,-694.0,16860.0,350.6720618556701,0.0,27556.0,49.0,Fail
l2936.txm,11.7598,751.0,753.0,134.0,0.0,630.0,100.0,1217.0,9447.0,8985.0,-1696.0,26.0,16568.0,19958.0,63.0,16770.0,345.6720618556701,0.0,27518.0,49.0,Fail
l2936.txm,12.7793,751.0,753.0,133.0,0.0,598.0,100.0,1197.0,9445.0,9011.0,-1092.0,27.0,16571.0,20068.0,-695.0,16782.0,357.6720618556701,0.0,27348.0,49.0,Fail
l2936.txm,13.7998,751.0,754.0,131.0,0.0,818.0,101.0,1171.0,9441.0,9033.0,958.0,25.0,16377.0,20056.0,458.0,15376.0,346.6720618556701,0.0,27338.0,49.0,Fail
l2936.txm,14.8193,751.0,754.0,133.0,0.0,1844.0,101.0,1148.0,9468.0,9038.0,-2154.0,24.0,16435.0,19218.0,-1104.0,17268.0,351.6720618556701,0.0,27626.0,49.0,Fail
l2936.txm,15.8398,752.0,755.0,133.0,0.0,1903.0,101.0,1198.0,9469.0,9051.0,-1040.0,25.0,16605.0,19414.0,-9.0,16398.0,342.6720618556701,0.0,27864.0,48.0,Fail
l2936.txm,16.8857,751.0,752.0,133.0,0.0,1769.0,101.0,1205.0,9444.0,9116.0,1193.0,24.0,16560.0,19058.0,65.0,16954.0,350.6720618556701,0.0,28052.0,48.0,Fail
l2936.txm,17.8789,751.0,754.0,133.0,0.0,1527.0,101.0,1199.0,9425.0,9061.0,-509.0,25.0,16697.0,19264.0,-346.0,16284.0,348.6720618556701,0.0,27792.0,49.0,Fail
l2936.txm,18.8994,752.0,753.0,135.0,0.0,1730.0,101.0,1167.0,9449.0,8998.0,-1319.0,25.0,16749.0,19290.0,-52.0,15928.0,353.6720618556701,0.0,27806.0,49.0,Fail
l2936.txm,19.9199,752.0,753.0,132.0,0.0,1753.0,101.0,1193.0,9493.0,9011.0,-1431.0,25.0,16478.0,19316.0,-65.0,16202.0,344.6720618556701,1.0,27838.0,48.0,Fail
l2936.txm,20.9395,751.0,752.0,132.0,0.0,1759.0,101.0,1184.0,9482.0,8986.0,-385.0,25.0,16544.0,19278.0,1176.0,16258.0,343.6720618556701,0.0,27810.0,49.0,Fail
l2936.txm,21.96,751.0,752.0,135.0,0.0,1765.0,101.0,1183.0,9456.0,9006.0,-1500.0,26.0,16214.0,19278.0,-271.0,16472.0,344.6720618556701,0.0,27822.0,49.0,Fail
l2936.txm,22.9795,751.0,753.0,133.0,0.0,1767.0,100.0,1185.0,9437.0,9073.0,-767.0,25.0,16300.0,19400.0,-334.0,16590.0,342.6720618556701,1.0,27978.0,49.0,Fail
l2936.txm,24.0,751.0,753.0,134.0,0.0,1801.0,100.0,1187.0,9424.0,9070.0,-1213.0,25.0,16414.0,19248.0,-274.0,16392.0,354.6720618556701,1.0,28026.0,49.0,Fail
l2936.txm,25.0195,751.0,753.0,132.0,0.0,1844.0,100.0,1186.0,9447.0,8987.0,-2249.0,25.0,16266.0,19106.0,48.0,16652.0,339.6720618556701,0.0,27894.0,49.0,Fail
l2936.txm,26.04,751.0,752.0,136.0,0.0,1857.0,100.0,1185.0,9442.0,9021.0,-673.0,25.0,16598.0,19144.0,946.0,16140.0,345.6720618556701,0.0,28030.0,49.0,Fail
l2936.txm,27.0596,752.0,754.0,132.0,0.0,1865.0,100.0,1183.0,9444.0,9023.0,-827.0,24.0,16591.0,19144.0,56.0,16478.0,346.6720618556701,0.0,27884.0,49.0,Fail
l2936.txm,28.0801,751.0,753.0,134.0,0.0,1872.0,101.0,1186.0,9420.0,9052.0,-736.0,24.0,16679.0,19158.0,308.0,16552.0,354.6720618556701,0.0,27870.0,49.0,Fail
l2936.txm,29.125,752.0,754.0,136.0,0.0,1864.0,100.0,1185.0,9481.0,9009.0,-1085.0,24.0,16726.0,19372.0,-91.0,16844.0,346.6720618556701,1.0,28016.0,49.0,Fail
l2936.txm,30.1191,752.0,754.0,133.0,0.0,1868.0,100.0,1185.0,9427.0,9085.0,-802.0,24.0,16709.0,19356.0,70.0,16416.0,360.6720618556701,0.0,28010.0,49.0,Fail
l2936.txm,31.1396,751.0,754.0,132.0,0.0,1871.0,101.0,1185.0,9500.0,8996.0,-1271.0,24.0,16820.0,19180.0,12.0,16616.0,349.6720618556701,1.0,28026.0,49.0,Fail
l2936.txm,32.1602,752.0,754.0,134.0,0.0,1868.0,101.0,1184.0,9480.0,9072.0,-701.0,23.0,16670.0,19228.0,452.0,16552.0,350.6720618556701,1.0,28014.0,49.0,Fail
l2936.txm,33.1797,752.0,752.0,135.0,0.0,1877.0,100.0,1184.0,9472.0,9014.0,-1695.0,23.0,16597.0,19226.0,488.0,16566.0,360.6720618556701,0.0,28026.0,49.0,Fail
l2936.txm,34.2002,752.0,752.0,135.0,0.0,1874.0,100.0,1184.0,9450.0,9037.0,-1274.0,24.0,16429.0,19044.0,952.0,16120.0,342.6720618556701,1.0,28020.0,49.0,Fail
l2936.txm,35.2197,752.0,754.0,135.0,0.0,1876.0,100.0,1181.0,9436.0,9040.0,-923.0,23.0,16836.0,19334.0,764.0,16622.0,346.6720618556701,1.0,28030.0,49.0,Fail
l2936.txm,36.2393,751.0,754.0,134.0,0.0,1883.0,100.0,1187.0,9476.0,9035.0,-353.0,24.0,16464.0,19018.0,17.0,16848.0,352.6720618556701,1.0,28022.0,49.0,Fail
l2936.txm,37.2598,752.0,754.0,134.0,0.0,1878.0,100.0,1185.0,9426.0,9018.0,-378.0,23.0,16667.0,19250.0,117.0,16876.0,350.6720618556701,0.0,27892.0,49.0,Fail
l2936.txm,38.2793,751.0,754.0,131.0,0.0,1869.0,100.0,1184.0,9509.0,8993.0,116.0,23.0,16352.0,19166.0,147.0,16442.0,344.6720618556701,0.0,28040.0,49.0,Fail
l2936.txm,39.2998,752.0,754.0,132.0,0.0,1865.0,101.0,1183.0,9503.0,8990.0,-1901.0,23.0,16382.0,19000.0,140.0,16706.0,351.6720618556701,0.0,28008.0,49.0,Fail
l2936.txm,40.3193,751.0,754.0,135.0,0.0,1874.0,100.0,1184.0,9447.0,9047.0,-52.0,24.0,16664.0,19348.0,-52.0,16182.0,341.6720618556701,1.0,27898.0,49.0,Fail
l2936.txm,41.3633,752.0,754.0,131.0,0.0,1873.0,100.0,1186.0,9465.0,9025.0,-693.0,23.0,16485.0,19348.0,62.0,16610.0,349.6720618556701,0.0,28016.0,49.0,Fail
l2936.txm,42.3584,752.0,754.0,136.0,0.0,1867.0,101.0,1183.0,9427.0,9014.0,-1555.0,23.0,16975.0,19196.0,456.0,16500.0,353.6720618556701,0.0,27888.0,49.0,Fail
l2936.txm,43.3799,752.0,754.0,134.0,0.0,1863.0,101.0,1185.0,9436.0,9081.0,-536.0,23.0,16217.0,19066.0,-371.0,16854.0,344.6720618556701,1.0,27876.0,49.0,Fail
l2936.txm,44.3994,752.0,753.0,131.0,0.0,1865.0,100.0,1184.0,9491.0,9002.0,-1433.0,23.0,16295.0,19308.0,134.0,16724.0,356.6720618556701,1.0,27890.0,49.0,Fail
l2936.txm,45.4199,752.0,753.0,133.0,0.0,1857.0,101.0,1182.0,9401.0,9086.0,-2355.0,23.0,16269.0,19090.0,120.0,16588.0,343.6720618556701,0.0,27886.0,49.0,Fail
l2936.txm,46.4424,751.0,754.0,135.0,0.0,1854.0,100.0,1183.0,9505.0,9002.0,-851.0,24.0,16699.0,19188.0,-535.0,16674.0,348.6720618556701,0.0,28040.0,49.0,Fail
l2936.txm,47.46,752.0,753.0,136.0,0.0,1856.0,101.0,1183.0,9408.0,9050.0,-1289.0,24.0,16835.0,19330.0,-74.0,16376.0,348.6720618556701,1.0,27894.0,49.0,Fail
l2936.txm,48.5059,752.0,755.0,134.0,0.0,1846.0,101.0,1185.0,9430.0,9020.0,-1657.0,24.0,16184.0,19022.0,156.0,16136.0,354.6720618556701,0.0,27880.0,49.0,Fail
l2936.txm,49.499,751.0,751.0,133.0,0.0,1840.0,100.0,1183.0,9449.0,9001.0,269.0,24.0,16424.0,19258.0,620.0,16520.0,345.6720618556701,0.0,28022.0,49.0,Fail
l2936.txm,50.5195,752.0,754.0,135.0,0.0,1834.0,101.0,1183.0,9472.0,9025.0,-1841.0,24.0,16209.0,19134.0,-281.0,16922.0,339.6720618556701,0.0,27894.0,49.0,Fail
l2936.txm,51.54,752.0,753.0,132.0,0.0,1819.0,101.0,1184.0,9426.0,9040.0,-941.0,23.0,16516.0,19000.0,-56.0,16694.0,347.6720618556701,0.0,27868.0,49.0,Fail
l2936.txm,52.5596,751.0,751.0,132.0,0.0,1637.0,100.0,1191.0,9415.0,9048.0,186.0,23.0,16235.0,19304.0,-516.0,16688.0,353.6720618556701,0.0,27912.0,49.0,Fail
l2936.txm,53.5811,751.0,752.0,134.0,0.0,1312.0,100.0,1191.0,9423.0,9025.0,729.0,24.0,16267.0,19450.0,-875.0,16888.0,351.6720618556701,0.0,27822.0,49.0,Fail
l2936.txm,54.6133,752.0,755.0,134.0,0.0,1103.0,100.0,1185.0,9511.0,8956.0,415.0,25.0,16144.0,19534.0,-567.0,16860.0,347.6720618556701,0.0,27706.0,49.0,Fail
l2936.txm,11.2168,751.1061386138614,753.0,136.0,0.0,627.0,101.0,1261.0,9413.0,9091.0,-1600.0,26.0,16607.0,19962.0,920.0,16790.0,348.0,0.0,27586.0,49.0,Fail
l2937.txm,11.2168,751.1061386138614,753.0,136.0,0.0,627.0,101.0,1261.0,9413.0,9091.0,-1600.0,26.0,16607.0,19962.0,920.0,16790.0,348.0,0.0,27586.0,49.0,Fail
l2937.txm,12.2373,751.1061386138614,754.0,132.0,0.0,617.0,101.0,1261.0,9396.0,9086.0,-1561.0,26.0,16476.0,19968.0,-12.0,16806.0,352.0,0.0,27616.0,49.0,Fail
l2937.txm,13.2559,751.1061386138614,751.0,134.0,0.0,596.0,102.0,1256.0,9465.0,9036.0,-765.0,26.0,16632.0,20052.0,-320.0,16398.0,345.0,0.0,27422.0,49.0,Fail
l2937.txm,14.2764,751.1061386138614,754.0,133.0,0.0,579.0,100.0,1220.0,9428.0,9113.0,99.0,25.0,16914.0,20112.0,-641.0,16624.0,348.0,0.0,27390.0,50.0,Fail
l2937.txm,15.3232,751.1061386138614,753.0,131.0,0.0,796.0,100.0,1180.0,9416.0,9074.0,610.0,26.0,16395.0,20162.0,95.0,15542.0,348.0,1.0,27538.0,50.0,Fail
l2937.txm,16.3154,751.1061386138614,753.0,135.0,0.0,1696.0,100.0,1151.0,9412.0,9078.0,-1014.0,25.0,16613.0,19304.0,-1482.0,17404.0,346.0,0.0,27760.0,49.0,Fail
l2937.txm,17.3359,752.1061386138614,752.0,134.0,0.0,1744.0,101.0,1192.0,9415.0,9127.0,-1298.0,26.0,16340.0,19522.0,694.0,16158.0,349.0,0.0,27918.0,49.0,Fail
l2937.txm,18.3564,751.1061386138614,753.0,131.0,0.0,1664.0,100.0,1200.0,9478.0,9118.0,894.0,24.0,16746.0,19136.0,85.0,16856.0,353.0,0.0,27850.0,49.0,Fail
l2937.txm,19.377,751.1061386138614,754.0,135.0,1.0,1346.0,100.0,1203.0,9457.0,9027.0,515.0,24.0,16959.0,19646.0,-48.0,16408.0,349.0,0.0,27764.0,50.0,Fail
l2937.txm,20.3955,752.1061386138614,754.0,132.0,0.0,1606.0,101.0,1155.0,9467.0,9018.0,-1023.0,25.0,16970.0,19700.0,-296.0,16186.0,342.0,0.0,27788.0,50.0,Fail
l2937.txm,21.417,751.1061386138614,754.0,134.0,0.0,1617.0,100.0,1194.0,9395.0,9098.0,-1025.0,25.0,16849.0,19240.0,470.0,16462.0,349.0,1.0,27824.0,49.0,Fail
l2937.txm,22.4355,751.1061386138614,753.0,131.0,0.0,1623.0,101.0,1188.0,9441.0,9092.0,-371.0,25.0,16771.0,19242.0,326.0,16766.0,351.0,0.0,27908.0,49.0,Fail
l2937.txm,23.458,752.1061386138614,754.0,131.0,0.0,1634.0,101.0,1184.0,9426.0,9061.0,-911.0,25.0,16345.0,19408.0,-79.0,16696.0,354.0,0.0,28012.0,49.0,Fail
l2937.txm,24.4756,751.1061386138614,753.0,134.0,0.0,1639.0,100.0,1187.0,9442.0,9074.0,-1793.0,25.0,16423.0,19402.0,72.0,16356.0,349.0,0.0,27840.0,49.0,Fail
l2937.txm,25.4961,751.1061386138614,753.0,132.0,0.0,1664.0,101.0,1187.0,9392.0,9093.0,-1447.0,25.0,16679.0,19538.0,436.0,16456.0,350.0,0.0,27782.0,49.0,Fail
l2937.txm,26.6387,752.1061386138614,753.0,134.0,0.0,1691.0,100.0,1188.0,9431.0,9059.0,-562.0,25.0,16522.0,19210.0,-91.0,16582.0,354.0,0.0,27794.0,49.0,Fail
l2937.txm,27.6816,751.1061386138614,753.0,133.0,0.0,1702.0,100.0,1185.0,9467.0,9013.0,-673.0,25.0,16478.0,19348.0,704.0,16558.0,357.0,0.0,27988.0,49.0,Fail
l2937.txm,28.6758,752.1061386138614,753.0,133.0,0.0,1715.0,101.0,1185.0,9404.0,9093.0,-864.0,25.0,16749.0,19390.0,158.0,16442.0,358.0,0.0,27832.0,49.0,Fail
l2937.txm,29.6973,752.1061386138614,754.0,134.0,0.0,1718.0,101.0,1185.0,9426.0,9013.0,-1537.0,25.0,16328.0,19368.0,147.0,16784.0,341.0,1.0,27988.0,49.0,Fail
l2937.txm,30.7158,752.1061386138614,753.0,134.0,0.0,1722.0,100.0,1184.0,9422.0,9033.0,-797.0,24.0,16245.0,19452.0,-88.0,16490.0,357.0,1.0,27870.0,49.0,Fail
l2937.txm,31.7373,751.1061386138614,753.0,135.0,0.0,1719.0,102.0,1185.0,9438.0,9012.0,-1141.0,24.0,16413.0,19306.0,108.0,16494.0,351.0,1.0,27982.0,49.0,Fail
l2937.txm,32.7568,752.1061386138614,754.0,136.0,0.0,1717.0,100.0,1184.0,9450.0,9013.0,-424.0,24.0,16529.0,19414.0,-47.0,16556.0,356.0,0.0,27838.0,49.0,Fail
l2937.txm,33.7764,751.1061386138614,753.0,138.0,0.0,1723.0,100.0,1185.0,9413.0,9029.0,-1501.0,24.0,16086.0,19124.0,21.0,16332.0,351.0,0.0,27932.0,49.0,Fail
l2937.txm,34.7959,752.1061386138614,754.0,132.0,0.0,1727.0,100.0,1185.0,9449.0,9026.0,-2022.0,24.0,16595.0,19124.0,-369.0,16588.0,346.0,0.0,27888.0,49.0,Fail
l2937.txm,35.8174,752.1061386138614,753.0,136.0,0.0,1724.0,102.0,1184.0,9470.0,9040.0,-1413.0,24.0,16606.0,19384.0,676.0,15916.0,351.0,1.0,27892.0,49.0,Fail
l2937.txm,36.8369,752.1061386138614,754.0,133.0,0.0,1717.0,101.0,1183.0,9445.0,9061.0,-1546.0,24.0,16222.0,19314.0,2.0,16820.0,346.0,0.0,27830.0,49.0,Fail
l2937.txm,37.8555,752.1061386138614,752.0,132.0,0.0,1723.0,101.0,1187.0,9404.0,9079.0,-1301.0,24.0,16600.0,19310.0,-78.0,16284.0,349.0,0.0,28000.0,49.0,Fail
l2937.txm,38.876,752.1061386138614,753.0,132.0,0.0,1727.0,101.0,1184.0,9410.0,9095.0,-826.0,24.0,16325.0,19198.0,1232.0,16806.0,353.0,1.0,27812.0,49.0,Fail
l2937.txm,39.9209,751.1061386138614,753.0,135.0,0.0,1713.0,101.0,1186.0,9450.0,9027.0,-1841.0,24.0,16404.0,19078.0,130.0,16634.0,344.0,0.0,27854.0,49.0,Fail
l2937.txm,40.916,752.1061386138614,753.0,134.0,0.0,1722.0,101.0,1185.0,9434.0,9036.0,-1103.0,24.0,16772.0,19416.0,150.0,15874.0,346.0,0.0,27866.0,49.0,Fail
l2937.txm,41.9355,752.1061386138614,754.0,130.0,0.0,1715.0,100.0,1182.0,9466.0,9053.0,-971.0,24.0,16201.0,19394.0,-89.0,16448.0,361.0,0.0,27880.0,49.0,Fail
l2937.txm,42.9561,752.1061386138614,754.0,133.0,0.0,1716.0,100.0,1183.0,9479.0,9024.0,-1014.0,24.0,16514.0,19218.0,-21.0,16686.0,351.0,0.0,28004.0,49.0,Fail
l2937.txm,43.9766,751.1061386138614,753.0,133.0,0.0,1716.0,101.0,1183.0,9414.0,9069.0,-1260.0,24.0,16354.0,19176.0,270.0,16760.0,349.0,0.0,27826.0,49.0,Fail
l2937.txm,44.9971,752.1061386138614,754.0,134.0,0.0,1710.0,101.0,1184.0,9460.0,9054.0,-720.0,24.0,16315.0,19144.0,196.0,16306.0,353.0,1.0,27826.0,49.0,Fail
l2937.txm,46.0166,751.1061386138614,754.0,134.0,0.0,1714.0,100.0,1184.0,9416.0,9086.0,-457.0,24.0,16691.0,19120.0,123.0,16530.0,348.0,0.0,27930.0,49.0,Fail
l2937.txm,47.0615,752.1061386138614,754.0,133.0,0.0,1718.0,100.0,1182.0,9452.0,9047.0,-1163.0,24.0,16082.0,19144.0,13.0,16422.0,353.0,0.0,28014.0,49.0,Fail
l2937.txm,48.0557,751.1061386138614,755.0,136.0,0.0,1715.0,101.0,1185.0,9418.0,9083.0,-1627.0,24.0,16379.0,19214.0,64.0,16636.0,355.0,1.0,27790.0,49.0,Fail
l2937.txm,49.0762,751.1061386138614,753.0,132.0,0.0,1705.0,100.0,1183.0,9426.0,9079.0,-1539.0,24.0,16351.0,19088.0,460.0,16902.0,354.0,0.0,27844.0,49.0,Fail
l2937.txm,50.0957,752.1061386138614,753.0,136.0,0.0,1706.0,101.0,1184.0,9385.0,9120.0,-1316.0,24.0,16525.0,19200.0,702.0,16258.0,354.0,0.0,28020.0,49.0,Fail
l2937.txm,51.1162,752.1061386138614,754.0,134.0,0.0,1697.0,100.0,1184.0,9433.0,9035.0,-278.0,24.0,16454.0,19386.0,104.0,16610.0,360.0,0.0,27868.0,49.0,Fail
l2937.txm,52.1357,752.1061386138614,753.0,133.0,0.0,1693.0,101.0,1183.0,9498.0,9041.0,-1356.0,24.0,16115.0,19384.0,-11.0,16564.0,342.0,1.0,28008.0,49.0,Fail
l2937.txm,53.1562,752.1061386138614,753.0,134.0,0.0,1685.0,100.0,1184.0,9400.0,9125.0,-628.0,24.0,16362.0,19094.0,102.0,16134.0,339.0,0.0,27992.0,49.0,Fail
l2937.txm,54.1758,751.1061386138614,752.0,133.0,0.0,1630.0,101.0,1184.0,9417.0,9071.0,-784.0,24.0,16148.0,19230.0,-657.0,17040.0,346.0,0.0,27920.0,49.0,Fail
l2937.txm,55.1963,752.1061386138614,754.0,131.0,0.0,1457.0,100.0,1194.0,9412.0,9086.0,547.0,24.0,16425.0,19244.0,-542.0,16952.0,358.0,0.0,27870.0,49.0,Fail
l2937.txm,56.2168,752.1061386138614,754.0,133.0,0.0,1168.0,100.0,1191.0,9417.0,9045.0,236.0,24.0,16519.0,19526.0,-444.0,16964.0,344.0,0.0,27758.0,50.0,Fail
l2937.txm,57.2383,752.1061386138614,754.0,134.0,0.0,992.0,100.0,1185.0,9456.0,8958.0,-1139.0,25.0,16114.0,19634.0,-444.0,16920.0,345.0,0.0,27644.0,50.0,Fail
l2937.txm,58.2559,751.1061386138614,752.0,132.0,0.0,825.0,101.0,1192.0,9506.0,8965.0,-266.0,25.0,16133.0,19744.0,-86.0,16732.0,354.0,0.0,27598.0,50.0,Fail
l2937.txm,9.70898,751.0,753.0,135.0,0.0,632.0,100.0,1410.3295238095238,9441.0,9059.0,-1429.0,25.0,17039.0,19998.0,604.0,16520.0,344.0,0.0,27568.0,49.0,Fail
l2938.txm,9.70898,751.0,753.0,135.0,0.0,632.0,100.0,1410.3295238095238,9441.0,9059.0,-1429.0,25.0,17039.0,19998.0,604.0,16520.0,344.0,0.0,27568.0,49.0,Fail
l2938.txm,10.7285,751.0,753.0,135.0,0.0,614.0,100.0,1408.3295238095238,9426.0,9068.0,-1106.0,26.0,16839.0,19984.0,410.0,16814.0,356.0,0.0,27544.0,49.0,Fail
l2938.txm,11.749,751.0,753.0,134.0,0.0,602.0,101.0,1406.3295238095238,9423.0,9057.0,-1414.0,27.0,16243.0,20054.0,-539.0,16618.0,345.0,0.0,27386.0,49.0,Fail
l2938.txm,12.7988,751.0,752.0,134.0,0.0,588.0,99.0,1363.3295238095238,9452.0,9111.0,1278.0,23.0,16716.0,20126.0,-5.0,16832.0,352.0,0.0,27318.0,51.0,Fail
l2938.txm,13.8203,751.0,755.0,133.0,0.0,641.0,101.0,1239.3295238095238,9514.0,8949.0,1486.0,23.0,16786.0,20280.0,-407.0,16002.0,342.0,0.0,27128.0,53.0,Fail
l2938.txm,14.8398,751.0,753.0,134.0,0.0,1627.0,101.0,1135.3295238095238,9444.0,8960.0,372.0,22.0,16834.0,19014.0,-780.0,17234.0,355.0,0.0,28054.0,54.0,Fail
l2938.txm,15.8584,751.0,753.0,137.0,0.0,1791.0,101.0,1152.3295238095238,9434.0,8975.0,-1427.0,22.0,16789.0,19642.0,-1131.0,16352.0,342.0,0.0,27554.0,52.0,Fail
l2938.txm,16.8789,752.0,752.0,133.0,0.0,1768.0,101.0,1193.3295238095238,9466.0,8986.0,-784.0,22.0,16896.0,19292.0,476.0,16496.0,350.0,0.0,27884.0,52.0,Fail
l2938.txm,17.9238,751.0,753.0,129.0,0.0,1565.0,101.0,1182.3295238095238,9415.0,9010.0,1227.0,24.0,16364.0,19348.0,-598.0,16706.0,355.0,1.0,27822.0,53.0,Fail
l2938.txm,18.9189,751.0,753.0,134.0,0.0,1573.0,101.0,1178.3295238095238,9487.0,8890.0,-767.0,23.0,16808.0,19366.0,266.0,16606.0,343.0,0.0,27866.0,54.0,Fail
l2938.txm,19.9385,751.0,753.0,130.0,0.0,1698.0,101.0,1168.3295238095238,9455.0,8877.0,422.0,25.0,16000.0,19188.0,1226.0,16718.0,350.0,0.0,27832.0,53.0,Fail
l2938.txm,20.96,751.0,753.0,124.0,0.0,1697.0,101.0,1182.3295238095238,9443.0,8935.0,-935.0,22.0,16891.0,19116.0,-681.0,16500.0,353.0,0.0,27638.0,53.0,Fail
l2938.txm,21.9795,751.0,753.0,134.0,1.0,1716.0,100.0,1167.3295238095238,9494.0,8875.0,-907.0,25.0,16083.0,19412.0,-877.0,17012.0,350.0,1.0,27754.0,53.0,Fail
l2938.txm,23.001,752.0,753.0,135.0,0.0,1703.0,102.0,1183.3295238095238,9469.0,8945.0,-828.0,22.0,16863.0,19582.0,1682.0,16210.0,352.0,0.0,27742.0,53.0,Fail
l2938.txm,24.0195,752.0,753.0,133.0,0.0,1726.0,101.0,1173.3295238095238,9510.0,8943.0,-1697.0,22.0,16696.0,19318.0,30.0,15962.0,355.0,0.0,27774.0,53.0,Fail
l2938.txm,25.0391,751.0,754.0,134.0,0.0,1763.0,100.0,1173.3295238095238,9428.0,8952.0,-407.0,22.0,16668.0,19168.0,1984.0,17256.0,345.0,0.0,27948.0,53.0,Fail
l2938.txm,26.0596,751.0,754.0,134.0,0.0,1794.0,101.0,1172.3295238095238,9476.0,8916.0,-728.0,22.0,17039.0,19116.0,1226.0,16948.0,353.0,0.0,27730.0,53.0,Fail
l2938.txm,27.1816,751.0,754.0,133.0,0.0,1817.0,101.0,1174.3295238095238,9428.0,8960.0,-788.0,23.0,16974.0,19094.0,536.0,16928.0,343.0,0.0,27836.0,53.0,Fail
l2938.txm,28.1084,751.0,752.0,134.0,0.0,1815.0,101.0,1173.3295238095238,9438.0,8952.0,-1676.0,22.0,16409.0,19244.0,-271.0,17168.0,348.0,1.0,27834.0,53.0,Fail
l2938.txm,29.1289,752.0,754.0,131.0,0.0,1824.0,101.0,1173.3295238095238,9407.0,8965.0,-1104.0,22.0,16945.0,19072.0,-74.0,16698.0,360.0,1.0,27824.0,53.0,Fail
l2938.txm,30.1738,752.0,754.0,135.0,0.0,1816.0,101.0,1174.3295238095238,9433.0,8977.0,-736.0,22.0,16552.0,19268.0,-874.0,17092.0,336.0,1.0,27840.0,53.0,Fail
l2938.txm,31.1689,752.0,754.0,135.0,0.0,1817.0,101.0,1172.3295238095238,9433.0,8989.0,-1103.0,22.0,16967.0,19134.0,1526.0,16734.0,360.0,0.0,27864.0,53.0,Fail
l2938.txm,32.1885,752.0,753.0,137.0,0.0,1824.0,102.0,1173.3295238095238,9496.0,8943.0,-143.0,22.0,16947.0,19262.0,1392.0,16752.0,348.0,0.0,27834.0,53.0,Fail
l2938.txm,33.209,752.0,755.0,135.0,0.0,1825.0,100.0,1172.3295238095238,9420.0,9003.0,-1008.0,22.0,16825.0,18982.0,354.0,17068.0,350.0,0.0,27850.0,53.0,Fail
l2938.txm,34.2285,752.0,754.0,134.0,0.0,1830.0,100.0,1175.3295238095238,9444.0,8990.0,-2356.0,22.0,17013.0,19272.0,1474.0,16540.0,339.0,1.0,27836.0,53.0,Fail
l2938.txm,35.249,751.0,752.0,135.0,0.0,1827.0,101.0,1174.3295238095238,9430.0,9003.0,-423.0,22.0,16520.0,19166.0,-337.0,16780.0,336.0,1.0,27838.0,53.0,Fail
l2938.txm,36.2686,752.0,753.0,133.0,0.0,1830.0,101.0,1175.3295238095238,9427.0,8979.0,-961.0,22.0,16637.0,19144.0,1084.0,16316.0,349.0,1.0,27828.0,53.0,Fail
l2938.txm,37.3018,752.0,754.0,133.0,0.0,1834.0,101.0,1177.3295238095238,9442.0,8956.0,-778.0,22.0,16573.0,19118.0,-429.0,17278.0,346.0,0.0,27870.0,53.0,Fail
l2938.txm,38.3086,752.0,754.0,132.0,0.0,1830.0,101.0,1174.3295238095238,9488.0,8951.0,-1167.0,22.0,16686.0,19114.0,136.0,16926.0,357.0,0.0,27840.0,53.0,Fail
l2938.txm,39.3301,751.0,753.0,131.0,0.0,1829.0,102.0,1174.3295238095238,9444.0,8944.0,-1314.0,22.0,16428.0,19206.0,-309.0,15904.0,342.0,1.0,27840.0,53.0,Fail
l2938.txm,40.3486,751.0,752.0,134.0,0.0,1826.0,101.0,1174.3295238095238,9449.0,8994.0,-1292.0,22.0,16978.0,18976.0,60.0,15688.0,355.0,0.0,27820.0,53.0,Fail
l2938.txm,41.3701,752.0,754.0,132.0,0.0,1836.0,102.0,1175.3295238095238,9458.0,8960.0,-534.0,22.0,16545.0,19220.0,654.0,15924.0,353.0,0.0,27840.0,53.0,Fail
l2938.txm,42.4189,752.0,753.0,134.0,0.0,1825.0,101.0,1176.3295238095238,9430.0,8984.0,-1005.0,22.0,16400.0,18984.0,-259.0,16818.0,354.0,0.0,27816.0,53.0,Fail
l2938.txm,43.4395,752.0,754.0,135.0,0.0,1818.0,100.0,1173.3295238095238,9429.0,8998.0,-1205.0,22.0,16573.0,19138.0,57.0,16640.0,352.0,0.0,27862.0,53.0,Fail
l2938.txm,44.459,752.0,753.0,133.0,0.0,1822.0,100.0,1172.3295238095238,9436.0,8934.0,-556.0,22.0,16884.0,18948.0,-78.0,15826.0,352.0,1.0,27830.0,53.0,Fail
l2938.txm,45.4795,752.0,753.0,137.0,0.0,1821.0,101.0,1175.3295238095238,9441.0,8977.0,-1047.0,22.0,16666.0,19086.0,-277.0,16858.0,351.0,0.0,27848.0,53.0,Fail
l2938.txm,46.499,751.0,753.0,134.0,0.0,1820.0,101.0,1176.3295238095238,9478.0,8931.0,-630.0,22.0,16763.0,19158.0,108.0,16332.0,343.0,1.0,27842.0,53.0,Fail
l2938.txm,47.5186,752.0,754.0,131.0,0.0,1816.0,100.0,1174.3295238095238,9377.0,9001.0,-567.0,22.0,16397.0,18958.0,-373.0,16946.0,346.0,0.0,27832.0,53.0,Fail
l2938.txm,48.5391,752.0,753.0,137.0,0.0,1819.0,102.0,1174.3295238095238,9445.0,9011.0,-1817.0,22.0,16716.0,19104.0,126.0,15740.0,358.0,1.0,27884.0,53.0,Fail
l2938.txm,49.585,752.0,753.0,134.0,0.0,1816.0,101.0,1175.3295238095238,9436.0,8936.0,-454.0,22.0,16591.0,19272.0,-372.0,16770.0,342.0,1.0,27806.0,53.0,Fail
l2938.txm,50.5791,752.0,753.0,136.0,0.0,1805.0,100.0,1175.3295238095238,9399.0,8973.0,-1334.0,22.0,16327.0,19166.0,-576.0,16910.0,347.0,0.0,27868.0,53.0,Fail
l2938.txm,51.5986,752.0,755.0,135.0,0.0,1808.0,101.0,1174.3295238095238,9448.0,8963.0,-981.0,22.0,16523.0,19178.0,-94.0,17096.0,351.0,0.0,27754.0,53.0,Fail
l2938.txm,52.6201,752.0,753.0,134.0,0.0,1803.0,101.0,1176.3295238095238,9415.0,8957.0,-1138.0,22.0,16409.0,19298.0,-769.0,16766.0,347.0,1.0,27752.0,53.0,Fail
l2938.txm,53.6396,751.0,753.0,131.0,0.0,1792.0,100.0,1174.3295238095238,9456.0,9001.0,-613.0,22.0,16226.0,19038.0,-953.0,16408.0,355.0,1.0,27800.0,53.0,Fail
l2938.txm,54.6592,751.0,751.0,131.0,0.0,1772.0,101.0,1173.3295238095238,9415.0,8976.0,-1545.0,22.0,16386.0,19224.0,-781.0,17050.0,348.0,1.0,27774.0,53.0,Fail
l2938.txm,55.6797,751.0,753.0,134.0,0.0,1740.0,100.0,1176.3295238095238,9396.0,8976.0,-462.0,22.0,16484.0,19246.0,-686.0,16758.0,346.0,1.0,27766.0,53.0,Fail
l2938.txm,56.6992,752.0,753.0,137.0,1.0,1504.0,101.0,1186.3295238095238,9423.0,9001.0,1230.0,21.0,16949.0,19394.0,-629.0,16848.0,353.0,0.0,27754.0,53.0,Fail
l2938.txm,57.7412,752.0,754.0,132.0,0.0,1206.0,101.0,1180.3295238095238,9466.0,8946.0,770.0,22.0,16685.0,19578.0,-345.0,16966.0,344.0,0.0,27578.0,54.0,Fail
l2938.txm,58.7588,752.0,754.0,132.0,0.0,981.0,101.0,1180.3295238095238,9463.0,8888.0,1230.0,23.0,16703.0,19766.0,-595.0,16548.0,353.0,0.0,27520.0,55.0,Fail
l2938.txm,11.7285,751.0,753.0855339805825,133.0,0.0,635.0,100.0,1187.0,9501.0,9017.0,-723.0,26.0,16898.0,20020.0,-355.0,16870.0,354.0,0.0,27590.0,49.0,Fail
l2939.txm,11.7285,751.0,753.0855339805825,133.0,0.0,635.0,100.0,1187.0,9501.0,9017.0,-723.0,26.0,16898.0,20020.0,-355.0,16870.0,354.0,0.0,27590.0,49.0,Fail
l2939.txm,12.749,751.0,754.0855339805825,135.0,0.0,627.0,100.0,1186.0,9426.0,9048.0,-792.0,26.0,16856.0,20026.0,-817.0,16794.0,344.0,0.0,27462.0,49.0,Fail
l2939.txm,13.7939,752.0,753.0855339805825,136.0,0.0,599.0,100.0,1185.0,9449.0,9030.0,-1319.0,26.0,16802.0,20114.0,70.0,16640.0,344.0,0.0,27362.0,49.0,Fail
l2939.txm,14.8193,751.0,754.0855339805825,133.0,0.0,574.0,100.0,1182.0,9460.0,9013.0,-1617.0,26.0,16263.0,20206.0,-317.0,16570.0,354.0,0.0,27254.0,49.0,Fail
l2939.txm,15.8389,751.0,753.0855339805825,134.0,0.0,669.0,100.0,1170.0,9458.0,9057.0,659.0,25.0,16822.0,20274.0,-362.0,15852.0,342.0,0.0,27286.0,49.0,Fail
l2939.txm,16.8594,751.0,753.0855339805825,132.0,0.0,1635.0,101.0,1151.0,9471.0,9050.0,-616.0,26.0,16265.0,19242.0,-831.0,17304.0,351.0,0.0,27774.0,48.0,Fail
l2939.txm,17.8789,751.0,754.0855339805825,132.0,0.0,1753.0,100.0,1191.0,9523.0,9072.0,-1786.0,25.0,16534.0,19610.0,-58.0,15994.0,351.0,0.0,27762.0,47.0,Fail
l2939.txm,18.8994,752.0,753.0855339805825,131.0,0.0,1709.0,100.0,1197.0,9530.0,9092.0,180.0,25.0,16962.0,19410.0,-285.0,16514.0,351.0,0.0,27850.0,48.0,Fail
l2939.txm,19.9189,751.0,753.0855339805825,134.0,0.0,1355.0,100.0,1208.0,9497.0,9065.0,205.0,24.0,16880.0,19380.0,43.0,16830.0,351.0,0.0,27852.0,48.0,Fail
l2939.txm,20.9639,751.0,753.0855339805825,132.0,0.0,1613.0,100.0,1156.0,9518.0,9032.0,17.0,25.0,17020.0,19400.0,45.0,16572.0,345.0,0.0,27876.0,48.0,Fail
l2939.txm,21.959,751.0,754.0855339805825,136.0,0.0,1606.0,100.0,1187.0,9476.0,9044.0,-1760.0,25.0,16284.0,19428.0,-73.0,16622.0,342.0,1.0,27884.0,48.0,Fail
l2939.txm,22.9805,752.0,753.0855339805825,133.0,0.0,1630.0,101.0,1191.0,9472.0,9078.0,-1378.0,25.0,16446.0,19312.0,-61.0,16386.0,355.0,0.0,27856.0,48.0,Fail
l2939.txm,24.0,751.0,753.0855339805825,132.0,0.0,1635.0,101.0,1184.0,9508.0,9034.0,-919.0,25.0,16668.0,19464.0,13.0,16846.0,343.0,0.0,27886.0,48.0,Fail
l2939.txm,25.0195,751.0,752.0855339805825,131.0,0.0,1636.0,100.0,1187.0,9491.0,9030.0,-1595.0,25.0,16568.0,19534.0,-15.0,16300.0,346.0,0.0,27840.0,48.0,Fail
l2939.txm,26.0391,751.0,753.0855339805825,132.0,0.0,1651.0,100.0,1185.0,9449.0,9054.0,-422.0,26.0,16551.0,19562.0,478.0,16620.0,352.0,0.0,27856.0,48.0,Fail
l2939.txm,27.0586,752.0,753.0855339805825,134.0,0.0,1670.0,102.0,1185.0,9487.0,9113.0,-1181.0,25.0,16665.0,19506.0,326.0,16434.0,342.0,1.0,27832.0,48.0,Fail
l2939.txm,28.1904,752.0,753.0855339805825,133.0,0.0,1701.0,101.0,1184.0,9507.0,9044.0,-594.0,25.0,16397.0,19254.0,134.0,16810.0,343.0,0.0,27876.0,48.0,Fail
l2939.txm,29.209,752.0,754.0855339805825,133.0,0.0,1716.0,100.0,1184.0,9509.0,9044.0,-820.0,25.0,16595.0,19278.0,560.0,16534.0,348.0,0.0,27862.0,48.0,Fail
l2939.txm,30.2285,751.0,751.0855339805825,132.0,0.0,1722.0,101.0,1183.0,9490.0,9043.0,-1891.0,25.0,16661.0,19330.0,119.0,16110.0,354.0,0.0,27978.0,48.0,Fail
l2939.txm,31.249,752.0,753.0855339805825,136.0,0.0,1727.0,100.0,1187.0,9432.0,9060.0,-1020.0,25.0,16589.0,19240.0,170.0,16466.0,344.0,0.0,27994.0,48.0,Fail
l2939.txm,32.2686,752.0,753.0855339805825,134.0,0.0,1732.0,101.0,1187.0,9514.0,9065.0,-979.0,24.0,16493.0,19196.0,100.0,16134.0,348.0,0.0,28012.0,48.0,Fail
l2939.txm,33.3154,752.0,752.0855339805825,135.0,0.0,1733.0,100.0,1186.0,9442.0,9094.0,-191.0,24.0,16498.0,19320.0,58.0,16472.0,344.0,0.0,27910.0,48.0,Fail
l2939.txm,34.3076,752.0,755.0855339805825,132.0,0.0,1727.0,100.0,1184.0,9509.0,9010.0,-649.0,24.0,16455.0,19132.0,786.0,16386.0,347.0,0.0,27784.0,48.0,Fail
l2939.txm,35.3486,752.0,754.0855339805825,132.0,0.0,1733.0,100.0,1185.0,9423.0,9094.0,-1287.0,24.0,16192.0,19242.0,-370.0,16282.0,336.0,0.0,27826.0,48.0,Fail
l2939.txm,36.3691,752.0,752.0855339805825,135.0,0.0,1733.0,101.0,1184.0,9474.0,9055.0,-556.0,24.0,16458.0,19226.0,-50.0,16756.0,345.0,1.0,27876.0,48.0,Fail
l2939.txm,37.3887,751.0,754.0855339805825,134.0,0.0,1732.0,100.0,1183.0,9516.0,9058.0,-909.0,24.0,16246.0,19252.0,-37.0,16632.0,349.0,0.0,27940.0,48.0,Fail
l2939.txm,38.4092,751.0,753.0855339805825,131.0,0.0,1738.0,100.0,1185.0,9490.0,9094.0,-1194.0,24.0,16173.0,19302.0,134.0,16216.0,348.0,0.0,27926.0,48.0,Fail
l2939.txm,39.4287,752.0,753.0855339805825,136.0,0.0,1736.0,100.0,1185.0,9426.0,9094.0,-875.0,24.0,16703.0,19096.0,950.0,16250.0,346.0,0.0,27814.0,48.0,Fail
l2939.txm,40.4492,752.0,753.0855339805825,133.0,0.0,1737.0,102.0,1185.0,9465.0,9074.0,-1114.0,24.0,16637.0,19308.0,-22.0,16846.0,348.0,1.0,27890.0,48.0,Fail
l2939.txm,41.4736,752.0,753.0855339805825,134.0,0.0,1742.0,101.0,1185.0,9492.0,9069.0,-640.0,24.0,16810.0,19184.0,54.0,16410.0,348.0,0.0,27960.0,48.0,Fail
l2939.txm,42.4893,752.0,754.0855339805825,131.0,0.0,1741.0,100.0,1184.0,9459.0,9103.0,-160.0,24.0,16635.0,19152.0,-68.0,16380.0,346.0,1.0,28026.0,48.0,Fail
l2939.txm,43.5088,752.0,753.0855339805825,135.0,0.0,1737.0,100.0,1184.0,9517.0,9015.0,-1136.0,24.0,16190.0,19094.0,-617.0,16328.0,349.0,1.0,27990.0,48.0,Fail
l2939.txm,44.5303,751.0,752.0855339805825,135.0,0.0,1738.0,100.0,1183.0,9477.0,9089.0,-1060.0,24.0,16289.0,19312.0,29.0,16848.0,356.0,0.0,27866.0,48.0,Fail
l2939.txm,45.5752,752.0,755.0855339805825,131.0,0.0,1733.0,100.0,1183.0,9442.0,9115.0,-572.0,24.0,16062.0,19388.0,228.0,16704.0,348.0,0.0,27774.0,48.0,Fail
l2939.txm,46.5684,752.0,754.0855339805825,129.0,0.0,1730.0,101.0,1188.0,9457.0,9085.0,-1711.0,24.0,16227.0,19256.0,-62.0,16180.0,351.0,0.0,27866.0,48.0,Fail
l2939.txm,47.5889,753.0,753.0855339805825,131.0,0.0,1732.0,100.0,1185.0,9452.0,9084.0,-341.0,24.0,16078.0,19394.0,1182.0,16892.0,349.0,0.0,27956.0,48.0,Fail
l2939.txm,48.6104,752.0,753.0855339805825,136.0,0.0,1729.0,100.0,1181.0,9499.0,9080.0,-333.0,24.0,16427.0,19128.0,-47.0,16542.0,345.0,0.0,27768.0,48.0,Fail
l2939.txm,49.6289,752.0,754.0855339805825,134.0,0.0,1735.0,101.0,1184.0,9450.0,9049.0,-730.0,24.0,16368.0,19210.0,694.0,16386.0,351.0,0.0,27790.0,48.0,Fail
l2939.txm,50.6494,752.0,753.0855339805825,133.0,0.0,1721.0,100.0,1184.0,9470.0,9100.0,-1043.0,24.0,16424.0,19414.0,-72.0,16612.0,348.0,0.0,27760.0,48.0,Fail
l2939.txm,51.6689,752.0,752.0855339805825,136.0,0.0,1723.0,100.0,1185.0,9446.0,9086.0,-651.0,24.0,16434.0,19204.0,-301.0,16094.0,357.0,1.0,27886.0,48.0,Fail
l2939.txm,52.6894,752.0,754.0855339805825,133.0,0.0,1718.0,100.0,1183.0,9424.0,9116.0,-41.0,24.0,16283.0,19158.0,-258.0,16736.0,343.0,0.0,27794.0,48.0,Fail
l2939.txm,53.709,752.0,753.0855339805825,136.0,0.0,1711.0,101.0,1184.0,9435.0,9066.0,-920.0,24.0,16560.0,19334.0,-19.0,16256.0,358.0,1.0,27892.0,48.0,Fail
l2939.txm,54.7285,752.0,752.0855339805825,134.0,0.0,1708.0,100.0,1184.0,9509.0,9045.0,-65.0,24.0,16255.0,19280.0,129.0,16520.0,346.0,0.0,27884.0,48.0,Fail
l2939.txm,55.749,752.0,754.0855339805825,133.0,0.0,1697.0,100.0,1186.0,9426.0,9125.0,-474.0,24.0,16360.0,19280.0,4.0,16684.0,349.0,0.0,27826.0,48.0,Fail
l2939.txm,56.7686,752.0,753.0855339805825,134.0,0.0,1618.0,100.0,1189.0,9509.0,9051.0,423.0,24.0,16191.0,19278.0,-91.0,16788.0,345.0,0.0,27888.0,48.0,Fail
l2939.txm,57.7891,751.0,752.0855339805825,133.0,0.0,1366.0,100.0,1194.0,9491.0,9025.0,255.0,23.0,16366.0,19412.0,-697.0,16398.0,357.0,0.0,27744.0,48.0,Fail
l2939.txm,58.8086,752.0,753.0855339805825,132.0,0.0,1113.0,101.0,1188.0,9470.0,9080.0,791.0,24.0,16168.0,19594.0,-366.0,17082.0,343.0,0.0,27622.0,49.0,Fail
l2939.txm,59.8291,751.0,754.0855339805825,132.0,0.0,906.0,100.0,1192.0,9482.0,9051.0,1307.0,24.0,16087.0,19726.0,-296.0,16660.0,356.0,0.0,27592.0,49.0,Fail
l2939.txm,11.7676,751.0,753.0,135.0,0.0,611.0,102.12061224489796,1229.0,9504.0,9006.0,-1206.0,26.0,16732.0,20012.0,73.0,16860.0,358.0,0.0,27592.0,49.0,Fail
l2940.txm,11.7676,751.0,753.0,135.0,0.0,611.0,102.12061224489796,1229.0,9504.0,9006.0,-1206.0,26.0,16732.0,20012.0,73.0,16860.0,358.0,0.0,27592.0,49.0,Fail
l2940.txm,12.7607,751.0,753.0,132.0,0.0,603.0,100.12061224489796,1230.0,9475.0,8987.0,-1374.0,26.0,16680.0,20060.0,-391.0,16406.0,347.0,0.0,27464.0,49.0,Fail
l2940.txm,13.7812,752.0,754.0,133.0,0.0,579.0,100.12061224489796,1226.0,9517.0,8984.0,-1310.0,27.0,16637.0,20122.0,-422.0,16796.0,342.0,0.0,27416.0,49.0,Fail
l2940.txm,14.8018,750.0,752.0,131.0,0.0,558.0,102.12061224489796,1201.0,9440.0,9119.0,405.0,25.0,16507.0,20138.0,-498.0,16518.0,358.0,0.0,27250.0,50.0,Fail
l2940.txm,15.8213,751.0,752.0,133.0,0.0,953.0,101.12061224489796,1164.0,9503.0,8998.0,-332.0,28.0,16206.0,20072.0,2760.0,15096.0,346.0,1.0,27890.0,50.0,Fail
l2940.txm,16.8418,751.0,753.0,132.0,0.0,1750.0,100.12061224489796,1155.0,9471.0,9051.0,-813.0,26.0,16195.0,19482.0,-1045.0,16678.0,345.0,0.0,27750.0,48.0,Fail
l2940.txm,17.8613,751.0,753.0,135.0,0.0,1776.0,101.12061224489796,1201.0,9487.0,9062.0,-1432.0,25.0,16464.0,19676.0,-55.0,16466.0,350.0,0.0,27866.0,48.0,Fail
l2940.txm,18.8809,751.0,754.0,134.0,0.0,1619.0,98.12061224489796,1202.0,9467.0,9169.0,837.0,24.0,16842.0,19568.0,-49.0,16282.0,349.0,0.0,27958.0,49.0,Fail
l2940.txm,19.9014,751.0,753.0,136.0,0.0,1463.0,103.12061224489796,1193.0,9459.0,9002.0,-994.0,25.0,16728.0,19338.0,-587.0,17060.0,347.0,0.0,27892.0,49.0,Fail
l2940.txm,20.9209,751.0,753.0,133.0,0.0,1625.0,100.12061224489796,1168.0,9494.0,9014.0,-1540.0,25.0,16364.0,19244.0,-339.0,16456.0,349.0,0.0,27830.0,49.0,Fail
l2940.txm,21.9414,752.0,753.0,133.0,0.0,1648.0,98.12061224489796,1194.0,9523.0,9034.0,-417.0,25.0,16585.0,19542.0,102.0,16858.0,343.0,0.0,27830.0,49.0,Fail
l2940.txm,22.9609,752.0,753.0,133.0,0.0,1653.0,99.12061224489796,1185.0,9502.0,9018.0,-826.0,25.0,16566.0,19550.0,95.0,16660.0,349.0,0.0,27824.0,49.0,Fail
l2940.txm,24.0059,752.0,754.0,131.0,0.0,1659.0,100.12061224489796,1184.0,9466.0,9058.0,-584.0,25.0,16569.0,19398.0,-473.0,16572.0,349.0,0.0,27858.0,49.0,Fail
l2940.txm,25.0,752.0,753.0,133.0,0.0,1667.0,99.12061224489796,1184.0,9445.0,9088.0,-806.0,25.0,16365.0,19224.0,38.0,16272.0,348.0,0.0,27824.0,49.0,Fail
l2940.txm,26.0215,752.0,753.0,135.0,0.0,1688.0,101.12061224489796,1186.0,9432.0,9095.0,-1157.0,25.0,16586.0,19232.0,654.0,16630.0,353.0,1.0,27828.0,49.0,Fail
l2940.txm,27.041,752.0,753.0,134.0,0.0,1715.0,98.12061224489796,1189.0,9504.0,8997.0,-1272.0,25.0,16450.0,19534.0,1034.0,16524.0,351.0,0.0,27892.0,49.0,Fail
l2940.txm,28.0615,752.0,753.0,135.0,0.0,1730.0,101.12061224489796,1187.0,9510.0,9031.0,-1256.0,24.0,16573.0,19222.0,-310.0,16846.0,346.0,0.0,27992.0,49.0,Fail
l2940.txm,29.0811,752.0,754.0,134.0,0.0,1753.0,102.12061224489796,1190.0,9477.0,9042.0,-1214.0,24.0,16819.0,19264.0,135.0,16736.0,344.0,1.0,28016.0,49.0,Fail
l2940.txm,30.1016,752.0,754.0,132.0,0.0,1749.0,100.12061224489796,1185.0,9488.0,9039.0,-1368.0,24.0,16557.0,19442.0,-261.0,16090.0,349.0,1.0,27998.0,49.0,Fail
l2940.txm,31.1211,752.0,753.0,135.0,0.0,1757.0,98.12061224489796,1186.0,9477.0,9045.0,-1203.0,24.0,16914.0,19250.0,129.0,16686.0,360.0,0.0,27870.0,49.0,Fail
l2940.txm,32.1416,751.0,753.0,132.0,0.0,1754.0,100.12061224489796,1184.0,9487.0,9079.0,-861.0,24.0,16570.0,19182.0,480.0,16682.0,348.0,0.0,28004.0,49.0,Fail
l2940.txm,33.1611,752.0,753.0,132.0,0.0,1756.0,100.12061224489796,1183.0,9498.0,9077.0,-484.0,24.0,16864.0,19190.0,346.0,16320.0,344.0,0.0,27990.0,49.0,Fail
l2940.txm,34.1816,752.0,753.0,133.0,0.0,1756.0,101.12061224489796,1186.0,9439.0,9112.0,-518.0,24.0,16408.0,19340.0,-75.0,16420.0,345.0,0.0,27984.0,49.0,Fail
l2940.txm,35.2012,752.0,754.0,130.0,0.0,1753.0,99.12061224489796,1185.0,9513.0,9056.0,-1691.0,23.0,16331.0,19342.0,386.0,16778.0,360.0,0.0,27852.0,49.0,Fail
l2940.txm,36.3125,752.0,754.0,135.0,0.0,1755.0,98.12061224489796,1184.0,9468.0,9019.0,-1562.0,24.0,16605.0,19152.0,-42.0,15992.0,357.0,0.0,28024.0,49.0,Fail
l2940.txm,37.7607,751.0,753.0,133.0,0.0,1755.0,103.12061224489796,1184.0,9442.0,9030.0,-2870.0,24.0,16249.0,19378.0,828.0,16222.0,350.0,1.0,28010.0,49.0,Fail
l2940.txm,38.7812,752.0,755.0,130.0,0.0,1759.0,100.12061224489796,1187.0,9467.0,9039.0,-1245.0,24.0,16248.0,19064.0,762.0,16308.0,351.0,1.0,27954.0,49.0,Fail
l2940.txm,39.8018,752.0,754.0,135.0,0.0,1755.0,102.12061224489796,1184.0,9455.0,9048.0,-234.0,24.0,16602.0,19272.0,276.0,16782.0,351.0,0.0,27834.0,49.0,Fail
l2940.txm,40.8213,752.0,754.0,133.0,0.0,1760.0,101.12061224489796,1184.0,9451.0,9088.0,-494.0,24.0,16429.0,19438.0,-91.0,16726.0,345.0,0.0,27968.0,49.0,Fail
l2940.txm,41.8418,751.0,752.0,133.0,0.0,1754.0,99.12061224489796,1184.0,9477.0,9010.0,-186.0,24.0,16490.0,19440.0,-493.0,16414.0,350.0,1.0,27846.0,49.0,Fail
l2940.txm,42.8613,751.0,753.0,134.0,0.0,1761.0,103.12061224489796,1186.0,9456.0,9046.0,-1276.0,24.0,16461.0,19308.0,440.0,16268.0,351.0,0.0,27802.0,49.0,Fail
l2940.txm,43.9072,752.0,753.0,135.0,0.0,1753.0,100.12061224489796,1186.0,9472.0,9020.0,-52.0,24.0,16591.0,19382.0,1020.0,16430.0,351.0,0.0,27838.0,49.0,Fail
l2940.txm,44.9004,752.0,754.0,134.0,0.0,1749.0,101.12061224489796,1183.0,9484.0,9017.0,-440.0,24.0,16647.0,19168.0,-60.0,15972.0,343.0,1.0,27806.0,49.0,Fail
l2940.txm,45.9209,752.0,753.0,140.0,0.0,1755.0,98.12061224489796,1185.0,9518.0,9039.0,-2457.0,24.0,16347.0,19184.0,-66.0,16890.0,344.0,1.0,28038.0,49.0,Fail
l2940.txm,46.9414,752.0,754.0,131.0,0.0,1750.0,102.12061224489796,1184.0,9470.0,9028.0,-1123.0,23.0,16388.0,19054.0,104.0,16624.0,354.0,0.0,27984.0,49.0,Fail
l2940.txm,47.9609,752.0,754.0,134.0,0.0,1753.0,102.12061224489796,1184.0,9430.0,9034.0,-1777.0,24.0,16363.0,19256.0,268.0,16540.0,351.0,0.0,27814.0,49.0,Fail
l2940.txm,48.9814,752.0,752.0,132.0,0.0,1740.0,99.12061224489796,1183.0,9473.0,9014.0,-842.0,24.0,16415.0,19218.0,-87.0,16706.0,346.0,0.0,27826.0,49.0,Fail
l2940.txm,50.001,752.0,754.0,133.0,0.0,1743.0,103.12061224489796,1183.0,9472.0,9043.0,-263.0,24.0,16491.0,19048.0,138.0,16600.0,358.0,0.0,27954.0,49.0,Fail
l2940.txm,51.0215,752.0,753.0,133.0,0.0,1730.0,101.12061224489796,1183.0,9435.0,9019.0,-2057.0,23.0,16214.0,19302.0,268.0,17002.0,341.0,1.0,27820.0,49.0,Fail
l2940.txm,52.041,752.0,754.0,136.0,0.0,1732.0,100.12061224489796,1184.0,9519.0,9026.0,-624.0,24.0,16838.0,19092.0,128.0,16756.0,352.0,0.0,27822.0,49.0,Fail
l2940.txm,53.0615,751.0,753.0,133.0,0.0,1724.0,103.12061224489796,1185.0,9471.0,9057.0,83.0,24.0,16374.0,19144.0,42.0,16494.0,359.0,0.0,27892.0,49.0,Fail
l2940.txm,54.0811,752.0,752.0,131.0,0.0,1670.0,101.12061224489796,1186.0,9466.0,9107.0,-1475.0,23.0,16338.0,19272.0,34.0,16446.0,350.0,0.0,27932.0,49.0,Fail
l2940.txm,55.1016,751.0,752.0,134.0,0.0,1482.0,101.12061224489796,1195.0,9472.0,9027.0,-843.0,23.0,16410.0,19254.0,-707.0,16744.0,343.0,0.0,27820.0,49.0,Fail
l2940.txm,56.1475,752.0,754.0,132.0,0.0,1193.0,102.12061224489796,1194.0,9491.0,9014.0,-196.0,24.0,16126.0,19536.0,-343.0,16800.0,345.0,0.0,27762.0,49.0,Fail
l2940.txm,57.1406,751.0,753.0,131.0,0.0,961.0,100.12061224489796,1186.0,9507.0,8973.0,1014.0,24.0,16005.0,19832.0,434.0,16434.0,351.0,0.0,27614.0,50.0,Fail
l2940.txm,10.7109,751.0,753.0,133.0,0.0,1185.0,100.0,1258.0,9405.0,8975.0,-1535.0,30.0,16453.0,19820.0,31.0,16456.0,355.2766276627663,0.0,27556.0,49.0,Fail
l3120.txm,10.7109,751.0,753.0,133.0,0.0,1185.0,100.0,1258.0,9405.0,8975.0,-1535.0,30.0,16453.0,19820.0,31.0,16456.0,355.2766276627663,0.0,27556.0,49.0,Fail
l3120.txm,11.7305,751.0,754.0,136.0,0.0,1159.0,99.0,1257.0,9432.0,8952.0,-1392.0,29.0,16459.0,19830.0,-414.0,16714.0,346.2766276627663,0.0,27546.0,49.0,Fail
l3120.txm,12.75,751.0,753.0,134.0,0.0,1124.0,100.0,1247.0,9396.0,8995.0,-630.0,29.0,16707.0,19818.0,-607.0,17022.0,355.2766276627663,0.0,27544.0,49.0,Fail
l3120.txm,13.7695,751.0,753.0,135.0,0.0,1107.0,100.0,1211.0,9432.0,8947.0,213.0,29.0,16260.0,19954.0,-483.0,16312.0,345.2766276627663,0.0,27390.0,50.0,Fail
l3120.txm,14.7891,751.0,752.0,136.0,0.0,2638.0,100.0,1146.0,9416.0,8887.0,-1772.0,29.0,16058.0,19188.0,994.0,17070.0,347.2766276627663,0.0,28334.0,50.0,Fail
l3120.txm,15.8125,751.0,754.0,133.0,0.0,3464.0,100.0,1174.0,9444.0,8927.0,-1865.0,29.0,16133.0,19276.0,17.0,16334.0,358.2766276627663,1.0,27760.0,49.0,Fail
l3120.txm,16.8301,751.0,752.0,133.0,0.0,3451.0,101.0,1202.0,9437.0,9003.0,-883.0,29.0,16122.0,19282.0,408.0,16134.0,353.2766276627663,0.0,27888.0,49.0,Fail
l3120.txm,17.8496,751.0,753.0,134.0,1.0,2787.0,100.0,1214.0,9433.0,8964.0,1592.0,28.0,16252.0,19224.0,-8.0,16758.0,356.2766276627663,0.0,27958.0,49.0,Fail
l3120.txm,18.9004,751.0,753.0,133.0,0.0,3168.0,101.0,1155.0,9414.0,8954.0,-1099.0,28.0,16100.0,19110.0,-45.0,16380.0,351.2766276627663,0.0,27946.0,50.0,Fail
l3120.txm,19.9199,752.0,753.0,131.0,0.0,3161.0,101.0,1192.0,9385.0,8963.0,-2550.0,28.0,16656.0,19268.0,59.0,16500.0,343.2766276627663,0.0,27888.0,49.0,Fail
l3120.txm,20.9414,752.0,752.0,134.0,0.0,3193.0,101.0,1191.0,9445.0,8950.0,-982.0,28.0,16788.0,19268.0,129.0,16528.0,344.2766276627663,0.0,27936.0,49.0,Fail
l3120.txm,21.9609,751.0,753.0,135.0,0.0,3256.0,101.0,1180.0,9480.0,8926.0,-254.0,28.0,16677.0,19224.0,870.0,15778.0,359.2766276627663,1.0,27948.0,49.0,Fail
l3120.txm,22.9824,751.0,752.0,131.0,0.0,3287.0,101.0,1191.0,9438.0,8961.0,-2475.0,27.0,16244.0,19170.0,338.0,16070.0,350.2766276627663,1.0,28064.0,49.0,Fail
l3120.txm,24.0,752.0,753.0,135.0,0.0,3352.0,101.0,1180.0,9424.0,8958.0,284.0,29.0,16332.0,19066.0,-428.0,17012.0,350.2766276627663,1.0,28072.0,49.0,Fail
l3120.txm,25.0195,751.0,753.0,133.0,0.0,3351.0,100.0,1190.0,9430.0,8998.0,-964.0,27.0,16840.0,19260.0,23.0,16798.0,353.2766276627663,0.0,27882.0,49.0,Fail
l3120.txm,26.0664,752.0,753.0,133.0,0.0,3390.0,100.0,1179.0,9426.0,8913.0,-729.0,28.0,16331.0,19044.0,-429.0,16998.0,350.2766276627663,1.0,28046.0,49.0,Fail
l3120.txm,27.0605,752.0,753.0,132.0,0.0,3367.0,100.0,1186.0,9440.0,8918.0,-1884.0,28.0,16414.0,19058.0,-511.0,16466.0,359.2766276627663,0.0,28046.0,49.0,Fail
l3120.txm,28.0801,751.0,753.0,133.0,0.0,3367.0,101.0,1182.0,9461.0,8943.0,-1432.0,28.0,16538.0,19014.0,352.0,17030.0,345.2766276627663,0.0,28014.0,49.0,Fail
l3120.txm,29.0996,752.0,753.0,133.0,0.0,3360.0,101.0,1182.0,9405.0,8942.0,-1882.0,28.0,16638.0,19076.0,-282.0,16986.0,338.2766276627663,1.0,28080.0,49.0,Fail
l3120.txm,30.1211,752.0,753.0,132.0,0.0,3365.0,101.0,1186.0,9399.0,8912.0,-1811.0,27.0,16477.0,19220.0,-79.0,16706.0,351.2766276627663,0.0,28058.0,49.0,Fail
l3120.txm,31.1426,751.0,754.0,135.0,0.0,3365.0,100.0,1184.0,9395.0,8931.0,-2292.0,27.0,16415.0,18972.0,19.0,16718.0,349.2766276627663,1.0,28036.0,49.0,Fail
l3120.txm,32.1621,752.0,753.0,131.0,0.0,3363.0,102.0,1186.0,9424.0,8948.0,-2114.0,27.0,16195.0,18952.0,-395.0,16590.0,342.2766276627663,1.0,28008.0,49.0,Fail
l3120.txm,33.1777,752.0,754.0,133.0,0.0,3358.0,101.0,1185.0,9441.0,8904.0,-2828.0,26.0,16146.0,19254.0,30.0,16872.0,349.2766276627663,0.0,28074.0,49.0,Fail
l3120.txm,34.1992,752.0,754.0,131.0,0.0,3369.0,102.0,1185.0,9416.0,8941.0,-2370.0,27.0,16342.0,19124.0,104.0,17050.0,342.2766276627663,0.0,28030.0,49.0,Fail
l3120.txm,35.2187,751.0,753.0,132.0,0.0,3358.0,101.0,1184.0,9384.0,8982.0,-2017.0,26.0,16184.0,19118.0,-399.0,16516.0,350.2766276627663,1.0,28006.0,49.0,Fail
l3120.txm,36.2383,752.0,753.0,133.0,0.0,3361.0,101.0,1183.0,9422.0,8968.0,-772.0,27.0,16751.0,19188.0,-70.0,16940.0,348.2766276627663,1.0,28062.0,49.0,Fail
l3120.txm,37.2578,752.0,753.0,134.0,0.0,3369.0,100.0,1184.0,9438.0,8928.0,-2479.0,27.0,16332.0,19174.0,724.0,16142.0,358.2766276627663,0.0,28008.0,49.0,Fail
l3120.txm,38.3066,752.0,753.0,133.0,0.0,3364.0,100.0,1182.0,9423.0,8950.0,-378.0,27.0,16295.0,19116.0,31.0,16594.0,360.2766276627663,1.0,28042.0,49.0,Fail
l3120.txm,39.2988,751.0,754.0,134.0,0.0,3361.0,100.0,1183.0,9396.0,8973.0,-2655.0,26.0,16713.0,19044.0,54.0,15932.0,359.2766276627663,0.0,28066.0,49.0,Fail
l3120.txm,40.3184,752.0,753.0,136.0,0.0,3367.0,101.0,1186.0,9432.0,8958.0,-3556.0,27.0,16397.0,19186.0,298.0,16416.0,346.2766276627663,1.0,27898.0,49.0,Fail
l3120.txm,41.3379,751.0,753.0,131.0,0.0,3358.0,101.0,1182.0,9418.0,8972.0,-2402.0,27.0,16097.0,19084.0,530.0,16640.0,348.2766276627663,0.0,28056.0,49.0,Fail
l3120.txm,42.3594,752.0,755.0,133.0,0.0,3355.0,100.0,1183.0,9431.0,8929.0,-1342.0,27.0,16378.0,19190.0,-335.0,16424.0,358.2766276627663,1.0,28058.0,49.0,Fail
l3120.txm,43.3789,752.0,754.0,134.0,0.0,3359.0,100.0,1182.0,9402.0,8949.0,-1025.0,27.0,16363.0,19144.0,10.0,16466.0,353.2766276627663,0.0,28054.0,49.0,Fail
l3120.txm,44.4004,751.0,752.0,128.0,0.0,3346.0,101.0,1183.0,9441.0,8924.0,-2311.0,27.0,16121.0,18992.0,770.0,16466.0,346.2766276627663,0.0,28008.0,49.0,Fail
l3120.txm,45.4199,752.0,753.0,132.0,0.0,3351.0,100.0,1183.0,9443.0,8973.0,-617.0,27.0,16481.0,19108.0,1542.0,16818.0,348.2766276627663,0.0,28012.0,49.0,Fail
l3120.txm,46.4394,752.0,753.0,132.0,0.0,3347.0,102.0,1184.0,9427.0,8993.0,-866.0,26.0,16280.0,19160.0,1366.0,16712.0,352.2766276627663,0.0,28050.0,49.0,Fail
l3120.txm,47.4609,752.0,753.0,134.0,0.0,3348.0,101.0,1186.0,9406.0,8988.0,-719.0,27.0,16412.0,19138.0,125.0,16456.0,349.2766276627663,0.0,27896.0,49.0,Fail
l3120.txm,48.4805,752.0,754.0,133.0,0.0,3345.0,101.0,1184.0,9421.0,8927.0,-1698.0,27.0,16181.0,18964.0,126.0,16918.0,341.2766276627663,0.0,28050.0,49.0,Fail
l3120.txm,49.502,751.0,753.0,133.0,0.0,3335.0,100.0,1183.0,9427.0,8908.0,-1433.0,27.0,16137.0,19080.0,-275.0,16526.0,349.2766276627663,0.0,28054.0,49.0,Fail
l3120.txm,50.5469,752.0,753.0,133.0,0.0,3333.0,101.0,1184.0,9375.0,8994.0,-2130.0,27.0,16220.0,19076.0,-27.0,16506.0,352.2766276627663,0.0,28050.0,49.0,Fail
l3120.txm,51.5391,752.0,753.0,134.0,0.0,3310.0,100.0,1186.0,9446.0,8919.0,-1552.0,27.0,16395.0,18962.0,-35.0,17062.0,348.2766276627663,0.0,28056.0,49.0,Fail
l3120.txm,52.5605,752.0,754.0,132.0,0.0,3277.0,101.0,1184.0,9449.0,8944.0,-1310.0,27.0,16193.0,18998.0,-488.0,16792.0,344.2766276627663,0.0,28080.0,49.0,Fail
l3120.txm,53.5801,752.0,751.0,134.0,0.0,2988.0,100.0,1189.0,9406.0,8988.0,-1711.0,27.0,16139.0,19092.0,97.0,17010.0,349.2766276627663,0.0,27876.0,49.0,Fail
l3120.txm,54.6016,752.0,755.0,133.0,0.0,2368.0,101.0,1197.0,9417.0,8983.0,1513.0,26.0,16213.0,19308.0,-672.0,16944.0,354.2766276627663,0.0,27800.0,50.0,Fail
l3120.txm,55.6211,752.0,753.0,135.0,0.0,1958.0,101.0,1185.0,9398.0,8929.0,-1549.0,29.0,15957.0,19406.0,-289.0,16746.0,352.2766276627663,0.0,27754.0,50.0,Fail
l3120.txm,56.6406,752.0,753.0,135.0,0.0,1606.0,100.0,1193.0,9484.0,8902.0,646.0,27.0,16502.0,19624.0,-503.0,16388.0,352.2766276627663,1.0,27564.0,50.0,Fail
l3120.txm,9.6875,751.0,752.9467031809564,134.0,0.0,974.0,101.0,1289.0,9437.0,9080.0,-1828.0,30.0,16845.0,20122.0,-70.0,16216.0,354.0,0.0,27530.0,49.0,Fail
l3121.txm,9.6875,751.0,752.9467031809564,134.0,0.0,974.0,101.0,1289.0,9437.0,9080.0,-1828.0,30.0,16845.0,20122.0,-70.0,16216.0,354.0,0.0,27530.0,49.0,Fail
l3121.txm,10.707,751.0,752.9467031809564,135.0,0.0,945.0,101.0,1289.0,9504.0,8999.0,-2399.0,30.0,16419.0,20106.0,65.0,16560.0,347.0,0.0,27530.0,49.0,Fail
l3121.txm,11.7266,751.0,751.9467031809564,135.0,0.0,923.0,101.0,1288.0,9495.0,9013.0,-1664.0,30.0,16577.0,20108.0,756.0,16886.0,343.0,0.0,27534.0,49.0,Fail
l3121.txm,12.7461,751.0,752.9467031809564,132.0,0.0,902.0,101.0,1248.0,9554.0,9011.0,370.0,29.0,16942.0,20110.0,-540.0,17002.0,354.0,0.0,27256.0,50.0,Fail
l3121.txm,13.7695,751.0,753.9467031809564,133.0,0.0,1172.0,100.0,1189.0,9527.0,8993.0,1071.0,28.0,16840.0,20206.0,-76.0,15460.0,352.0,1.0,27358.0,51.0,Fail
l3121.txm,14.7871,751.0,752.9467031809564,134.0,0.0,2854.0,100.0,1141.0,9468.0,8998.0,-2081.0,28.0,16259.0,19338.0,-744.0,17040.0,346.0,0.0,27878.0,50.0,Fail
l3121.txm,15.8066,751.0,752.9467031809564,135.0,0.0,2941.0,100.0,1195.0,9427.0,9072.0,-1921.0,29.0,16563.0,19534.0,-83.0,15774.0,350.0,1.0,27860.0,49.0,Fail
l3121.txm,16.8262,751.0,753.9467031809564,132.0,0.0,2727.0,102.0,1209.0,9516.0,9019.0,-546.0,28.0,16490.0,19320.0,46.0,16910.0,350.0,0.0,28004.0,49.0,Fail
l3121.txm,17.8672,751.0,752.9467031809564,136.0,0.0,2388.0,101.0,1195.0,9500.0,9019.0,450.0,29.0,16637.0,19658.0,-408.0,16318.0,343.0,1.0,27758.0,51.0,Fail
l3121.txm,18.8867,751.0,752.9467031809564,133.0,0.0,2664.0,100.0,1172.0,9466.0,8990.0,-2451.0,28.0,16270.0,19340.0,-559.0,17060.0,351.0,0.0,27874.0,50.0,Fail
l3121.txm,19.9336,751.0,752.9467031809564,136.0,0.0,2735.0,100.0,1194.0,9438.0,9036.0,-1130.0,29.0,16413.0,19256.0,410.0,16710.0,352.0,0.0,27810.0,50.0,Fail
l3121.txm,20.9277,752.0,752.9467031809564,134.0,0.0,2744.0,100.0,1188.0,9472.0,9035.0,-1700.0,27.0,16881.0,19508.0,-278.0,16666.0,348.0,0.0,27752.0,50.0,Fail
l3121.txm,21.9473,751.0,751.9467031809564,134.0,0.0,2783.0,100.0,1184.0,9470.0,9025.0,-2221.0,27.0,16718.0,19336.0,-55.0,16486.0,347.0,0.0,27834.0,50.0,Fail
l3121.txm,22.9668,752.0,752.9467031809564,135.0,0.0,2805.0,100.0,1186.0,9469.0,9027.0,-2712.0,27.0,16675.0,19578.0,1850.0,16074.0,346.0,1.0,27936.0,50.0,Fail
l3121.txm,23.9863,752.0,752.9467031809564,136.0,0.0,2853.0,100.0,1186.0,9443.0,9018.0,-1325.0,26.0,16928.0,19402.0,-301.0,16640.0,350.0,0.0,27886.0,50.0,Fail
l3121.txm,25.0078,752.0,753.9467031809564,131.0,0.0,2851.0,100.0,1183.0,9472.0,9007.0,-1296.0,27.0,16901.0,19282.0,76.0,16758.0,343.0,0.0,27834.0,50.0,Fail
l3121.txm,26.0273,751.0,752.9467031809564,132.0,0.0,2859.0,100.0,1187.0,9467.0,9014.0,-1686.0,27.0,16974.0,19144.0,280.0,17026.0,350.0,1.0,27934.0,50.0,Fail
l3121.txm,27.0469,752.0,754.9467031809564,130.0,0.0,2856.0,101.0,1184.0,9458.0,9037.0,-1388.0,27.0,16741.0,19298.0,-77.0,16668.0,357.0,0.0,27936.0,50.0,Fail
l3121.txm,28.0664,751.0,752.9467031809564,134.0,0.0,2856.0,100.0,1183.0,9430.0,9043.0,-1857.0,27.0,16601.0,19318.0,-292.0,16428.0,348.0,1.0,27922.0,50.0,Fail
l3121.txm,29.0879,752.0,753.9467031809564,132.0,0.0,2861.0,100.0,1184.0,9522.0,8970.0,-1334.0,27.0,16755.0,19346.0,100.0,16878.0,346.0,1.0,27926.0,50.0,Fail
l3121.txm,30.1074,752.0,751.9467031809564,132.0,0.0,2857.0,100.0,1186.0,9436.0,9032.0,-1250.0,27.0,17130.0,19310.0,-90.0,16888.0,350.0,1.0,27942.0,50.0,Fail
l3121.txm,31.127,751.0,752.9467031809564,132.0,0.0,2863.0,100.0,1183.0,9480.0,9006.0,-2270.0,26.0,16659.0,19300.0,77.0,16572.0,345.0,0.0,27934.0,50.0,Fail
l3121.txm,32.1719,751.0,753.9467031809564,133.0,0.0,2875.0,100.0,1186.0,9429.0,9053.0,-1397.0,26.0,16818.0,19346.0,-373.0,17036.0,351.0,1.0,27820.0,50.0,Fail
l3121.txm,33.168,752.0,752.9467031809564,133.0,0.0,2893.0,100.0,1180.0,9484.0,9003.0,-940.0,27.0,16181.0,19252.0,-483.0,16840.0,347.0,1.0,27902.0,50.0,Fail
l3121.txm,34.1875,752.0,753.9467031809564,132.0,0.0,2898.0,100.0,1183.0,9453.0,9043.0,-819.0,28.0,16465.0,19452.0,708.0,16348.0,347.0,0.0,27856.0,50.0,Fail
l3121.txm,35.207,752.0,753.9467031809564,133.0,0.0,2899.0,101.0,1187.0,9420.0,9038.0,-592.0,28.0,16458.0,19134.0,-96.0,17082.0,350.0,1.0,28018.0,50.0,Fail
l3121.txm,36.2266,752.0,752.9467031809564,136.0,0.0,2894.0,101.0,1186.0,9526.0,8960.0,-876.0,28.0,16089.0,19384.0,-612.0,16720.0,345.0,0.0,27830.0,50.0,Fail
l3121.txm,37.2461,751.0,752.9467031809564,133.0,0.0,2899.0,100.0,1187.0,9451.0,9071.0,677.0,28.0,16224.0,19202.0,65.0,16356.0,349.0,0.0,27864.0,50.0,Fail
l3121.txm,38.2676,752.0,753.9467031809564,130.0,0.0,2886.0,101.0,1189.0,9452.0,9056.0,-2074.0,27.0,16510.0,19144.0,1160.0,16366.0,357.0,0.0,27886.0,50.0,Fail
l3121.txm,39.2871,752.0,752.9467031809564,130.0,0.0,2887.0,101.0,1187.0,9488.0,9008.0,-1809.0,26.0,16487.0,19162.0,25.0,16778.0,345.0,0.0,27954.0,50.0,Fail
l3121.txm,40.3066,752.0,752.9467031809564,132.0,0.0,2880.0,100.0,1185.0,9515.0,9083.0,-1092.0,26.0,16725.0,19390.0,-87.0,16956.0,350.0,0.0,27856.0,50.0,Fail
l3121.txm,41.3262,751.0,753.9467031809564,132.0,0.0,2886.0,102.0,1185.0,9466.0,9024.0,-2045.0,26.0,16442.0,19224.0,244.0,16410.0,343.0,1.0,27902.0,50.0,Fail
l3121.txm,42.3477,752.0,754.9467031809564,134.0,0.0,2881.0,101.0,1183.0,9507.0,8985.0,-841.0,26.0,16866.0,19412.0,-384.0,16848.0,350.0,1.0,27822.0,50.0,Fail
l3121.txm,43.3672,751.0,753.9467031809564,131.0,0.0,2882.0,101.0,1184.0,9472.0,9010.0,-1855.0,27.0,16589.0,19438.0,-408.0,16940.0,349.0,0.0,27876.0,50.0,Fail
l3121.txm,44.4102,752.0,753.9467031809564,134.0,0.0,2875.0,100.0,1183.0,9433.0,9063.0,-411.0,27.0,16722.0,19178.0,1340.0,16952.0,356.0,1.0,27774.0,50.0,Fail
l3121.txm,45.4062,752.0,752.9467031809564,135.0,0.0,2873.0,100.0,1186.0,9462.0,9060.0,-1476.0,26.0,16320.0,19330.0,-46.0,16858.0,345.0,1.0,27910.0,50.0,Fail
l3121.txm,46.4277,752.0,753.9467031809564,133.0,0.0,2879.0,102.0,1184.0,9453.0,9081.0,-569.0,26.0,16832.0,19428.0,22.0,16766.0,352.0,0.0,27892.0,50.0,Fail
l3121.txm,47.4473,752.0,752.9467031809564,135.0,0.0,2871.0,100.0,1184.0,9477.0,8975.0,-2368.0,26.0,16643.0,19368.0,504.0,16670.0,353.0,1.0,27834.0,50.0,Fail
l3121.txm,48.4668,752.0,753.9467031809564,133.0,0.0,2862.0,101.0,1183.0,9535.0,8997.0,-1860.0,26.0,16507.0,19106.0,142.0,16562.0,351.0,0.0,27866.0,50.0,Fail
l3121.txm,49.4863,752.0,753.9467031809564,132.0,0.0,2848.0,100.0,1184.0,9453.0,9060.0,-791.0,26.0,16339.0,19232.0,146.0,16602.0,347.0,0.0,27836.0,50.0,Fail
l3121.txm,50.5078,752.0,753.9467031809564,134.0,0.0,2816.0,101.0,1187.0,9477.0,9041.0,-2555.0,26.0,16439.0,19072.0,-397.0,17002.0,342.0,0.0,27846.0,50.0,Fail
l3121.txm,51.5273,752.0,752.9467031809564,136.0,0.0,2626.0,100.0,1189.0,9545.0,8980.0,-43.0,26.0,16627.0,19406.0,-439.0,16790.0,349.0,0.0,27870.0,50.0,Fail
l3121.txm,52.5469,752.0,752.9467031809564,133.0,0.0,2124.0,100.0,1197.0,9551.0,8942.0,1147.0,26.0,16630.0,19404.0,-370.0,16770.0,354.0,1.0,27614.0,50.0,Fail
l3121.txm,53.5664,751.0,751.9467031809564,132.0,0.0,1697.0,101.0,1185.0,9521.0,8941.0,1449.0,26.0,16442.0,19680.0,-466.0,16412.0,347.0,0.0,27634.0,51.0,Fail
l3121.txm,10.1973,751.0,753.0,141.76813681368137,0.0,1033.0,101.0,1269.0,9478.0,9020.0,-838.0,31.0,16633.0,20136.0,-703.0,15944.0,343.0,0.0,27366.0,49.0,Fail
l3122.txm,10.1973,751.0,753.0,141.76813681368137,0.0,1033.0,101.0,1269.0,9478.0,9020.0,-838.0,31.0,16633.0,20136.0,-703.0,15944.0,343.0,0.0,27366.0,49.0,Fail
l3122.txm,11.2168,751.0,752.0,139.76813681368137,0.0,982.0,101.0,1267.0,9420.0,9102.0,-1128.0,31.0,16357.0,20130.0,127.0,16258.0,351.0,0.0,27492.0,49.0,Fail
l3122.txm,10.707,724.4693877551019,754.0,133.0,0.0,1038.0,101.0,1229.0,9445.0,9043.0,-185.0,30.0,16591.0,19960.0,-1624.0,16372.0,345.0,0.0,27242.0,49.0,Fail
l3141.txm,10.707,724.4693877551019,754.0,133.0,0.0,1038.0,101.0,1229.0,9445.0,9043.0,-185.0,30.0,16591.0,19960.0,-1624.0,16372.0,345.0,0.0,27242.0,49.0,Fail
l3141.txm,11.7266,724.4693877551019,752.0,132.0,0.0,947.0,100.0,1218.0,9465.0,8990.0,-1253.0,30.0,16440.0,20126.0,145.0,16436.0,351.0,0.0,27336.0,49.0,Fail
l3141.txm,12.7461,724.4693877551019,752.0,133.0,0.0,918.0,101.0,1217.0,9412.0,9031.0,-1430.0,30.0,16521.0,20118.0,458.0,16664.0,355.0,0.0,27372.0,49.0,Fail
l3141.txm,13.7891,724.4693877551019,755.0,132.0,0.0,890.0,99.0,1213.0,9411.0,9047.0,-1800.0,30.0,16453.0,20166.0,-722.0,16892.0,350.0,0.0,27250.0,49.0,Fail
l3141.txm,14.7852,725.4693877551019,752.0,135.0,0.0,911.0,100.0,1190.0,9445.0,9031.0,-264.0,30.0,16693.0,20244.0,-486.0,16150.0,344.0,0.0,27160.0,49.0,Fail
l3141.txm,15.8086,724.4693877551019,752.0,133.0,0.0,2671.0,100.0,1138.0,9446.0,9001.0,-142.0,30.0,16050.0,19346.0,378.0,17706.0,349.0,0.0,28188.0,49.0,Fail
l3141.txm,16.8281,725.4693877551019,753.0,135.0,0.0,3015.0,102.0,1172.0,9439.0,9030.0,-2088.0,30.0,16291.0,19618.0,-465.0,16512.0,347.0,1.0,27788.0,48.0,Fail
l3141.txm,17.8477,724.4693877551019,753.0,131.0,0.0,2960.0,100.0,1207.0,9520.0,9078.0,791.0,29.0,16631.0,19296.0,-258.0,16594.0,355.0,1.0,27768.0,48.0,Fail
l3141.txm,18.8672,724.4693877551019,753.0,132.0,0.0,2262.0,100.0,1208.0,9468.0,8966.0,-903.0,30.0,16415.0,19586.0,-286.0,16240.0,350.0,0.0,27826.0,49.0,Fail
l3141.txm,19.8867,724.4693877551019,753.0,133.0,0.0,2769.0,101.0,1157.0,9480.0,9014.0,-828.0,29.0,16165.0,19426.0,816.0,16528.0,349.0,0.0,27932.0,49.0,Fail
l3141.txm,20.9063,724.4693877551019,753.0,133.0,0.0,2777.0,100.0,1189.0,9419.0,9020.0,-1367.0,30.0,16067.0,19240.0,-640.0,16542.0,351.0,0.0,27760.0,49.0,Fail
l3141.txm,21.9258,724.4693877551019,754.0,134.0,0.0,2776.0,100.0,1187.0,9436.0,9051.0,-1328.0,30.0,16526.0,19508.0,-413.0,16394.0,349.0,0.0,27752.0,49.0,Fail
l3141.txm,22.9453,725.4693877551019,753.0,134.0,0.0,2818.0,100.0,1184.0,9484.0,9015.0,-697.0,30.0,16315.0,19636.0,73.0,16602.0,344.0,1.0,27796.0,49.0,Fail
l3141.txm,23.9687,724.4693877551019,752.0,133.0,0.0,2849.0,100.0,1189.0,9476.0,8995.0,-1550.0,28.0,16455.0,19540.0,118.0,16044.0,344.0,1.0,27836.0,49.0,Fail
l3141.txm,24.9883,724.4693877551019,754.0,133.0,0.0,2908.0,100.0,1184.0,9513.0,9008.0,-552.0,29.0,16225.0,19212.0,-296.0,16698.0,350.0,0.0,27916.0,49.0,Fail
l3141.txm,26.0078,724.4693877551019,752.0,133.0,0.0,2935.0,100.0,1185.0,9427.0,9023.0,-1309.0,28.0,16902.0,19174.0,242.0,16516.0,352.0,1.0,27810.0,49.0,Fail
l3141.txm,27.0273,725.4693877551019,754.0,132.0,0.0,2933.0,100.0,1190.0,9482.0,9005.0,-2252.0,28.0,16422.0,19338.0,35.0,16862.0,342.0,0.0,27800.0,49.0,Fail
l3141.txm,28.0469,724.4693877551019,753.0,134.0,0.0,2945.0,100.0,1186.0,9435.0,9009.0,-1359.0,28.0,16316.0,19132.0,-288.0,17082.0,348.0,0.0,27880.0,49.0,Fail
l3141.txm,29.0664,725.4693877551019,754.0,136.0,0.0,2937.0,100.0,1184.0,9403.0,9001.0,-1579.0,28.0,16574.0,19414.0,135.0,16860.0,351.0,0.0,27946.0,49.0,Fail
l3141.txm,30.0859,725.4693877551019,754.0,133.0,0.0,2950.0,101.0,1183.0,9499.0,8994.0,-1435.0,28.0,16645.0,19158.0,-94.0,17022.0,345.0,0.0,27916.0,49.0,Fail
l3141.txm,31.1055,724.4693877551019,752.0,134.0,0.0,2947.0,100.0,1183.0,9507.0,9018.0,-1596.0,28.0,16616.0,19072.0,626.0,17060.0,346.0,0.0,28006.0,49.0,Fail
l3141.txm,32.125,725.4693877551019,753.0,134.0,0.0,2948.0,100.0,1186.0,9429.0,9077.0,-2028.0,28.0,16131.0,19292.0,-398.0,16830.0,343.0,0.0,27916.0,49.0,Fail
l3141.txm,33.1758,725.4693877551019,753.0,134.0,0.0,2952.0,100.0,1185.0,9445.0,8978.0,-1776.0,28.0,16466.0,19234.0,1162.0,16884.0,345.0,0.0,27914.0,49.0,Fail
l3141.txm,34.168,725.4693877551019,753.0,131.0,0.0,2950.0,100.0,1183.0,9487.0,9011.0,-1284.0,27.0,16751.0,19186.0,-333.0,16590.0,347.0,0.0,27856.0,49.0,Fail
l3141.txm,35.1875,725.4693877551019,753.0,132.0,0.0,2946.0,100.0,1184.0,9485.0,8986.0,-1931.0,27.0,16186.0,19368.0,-514.0,16340.0,354.0,0.0,27874.0,49.0,Fail
l3141.txm,36.207,725.4693877551019,752.0,133.0,0.0,2954.0,101.0,1185.0,9473.0,9006.0,-1273.0,27.0,16460.0,19142.0,-418.0,16846.0,350.0,1.0,27836.0,49.0,Fail
l3141.txm,37.2305,725.4693877551019,753.0,134.0,0.0,2939.0,100.0,1181.0,9465.0,9026.0,-1763.0,27.0,16357.0,19096.0,-759.0,16552.0,354.0,0.0,27866.0,49.0,Fail
l3141.txm,38.2852,724.4693877551019,753.0,133.0,0.0,2950.0,101.0,1185.0,9450.0,9033.0,-576.0,27.0,16420.0,19134.0,-75.0,16684.0,352.0,0.0,27800.0,49.0,Fail
l3141.txm,39.3086,724.4693877551019,753.0,132.0,0.0,2948.0,101.0,1185.0,9485.0,8986.0,-1652.0,28.0,16400.0,19178.0,90.0,16760.0,353.0,0.0,27856.0,49.0,Fail
l3141.txm,40.3281,725.4693877551019,755.0,135.0,0.0,2942.0,101.0,1185.0,9456.0,9007.0,-1009.0,27.0,16889.0,19348.0,156.0,16922.0,338.0,0.0,27998.0,49.0,Fail
l3141.txm,41.3477,725.4693877551019,754.0,135.0,0.0,2949.0,102.0,1187.0,9498.0,8993.0,-1546.0,27.0,16233.0,19182.0,145.0,17006.0,346.0,1.0,27890.0,49.0,Fail
l3141.txm,42.3672,725.4693877551019,753.0,133.0,0.0,2947.0,102.0,1184.0,9447.0,9036.0,-1265.0,27.0,16604.0,19168.0,-278.0,16458.0,348.0,0.0,27916.0,49.0,Fail
l3141.txm,43.3867,725.4693877551019,754.0,136.0,0.0,2943.0,101.0,1182.0,9480.0,9034.0,-1537.0,27.0,16370.0,19278.0,532.0,15936.0,350.0,0.0,27856.0,49.0,Fail
l3141.txm,44.4062,724.4693877551019,754.0,133.0,0.0,2944.0,101.0,1183.0,9527.0,8984.0,-1482.0,27.0,16224.0,19406.0,-716.0,16006.0,359.0,1.0,27882.0,49.0,Fail
l3141.txm,45.4492,725.4693877551019,754.0,132.0,0.0,2944.0,100.0,1184.0,9497.0,9018.0,-1236.0,27.0,16107.0,19148.0,156.0,16834.0,359.0,1.0,27916.0,49.0,Fail
l3141.txm,46.4453,724.4693877551019,753.0,132.0,0.0,2942.0,100.0,1183.0,9450.0,9030.0,-1706.0,27.0,16508.0,19316.0,-47.0,16364.0,360.0,0.0,27938.0,49.0,Fail
l3141.txm,47.4687,725.4693877551019,753.0,134.0,0.0,2938.0,102.0,1188.0,9436.0,9009.0,-564.0,27.0,16460.0,19406.0,79.0,16898.0,348.0,0.0,27860.0,49.0,Fail
l3141.txm,48.4883,725.4693877551019,754.0,134.0,0.0,2931.0,101.0,1187.0,9404.0,9045.0,-1590.0,27.0,16172.0,19074.0,-16.0,16720.0,345.0,0.0,27860.0,49.0,Fail
l3141.txm,49.5078,725.4693877551019,753.0,132.0,0.0,2924.0,100.0,1186.0,9514.0,8989.0,-1767.0,27.0,16295.0,19146.0,-449.0,16926.0,343.0,1.0,27812.0,49.0,Fail
l3141.txm,50.5273,724.4693877551019,753.0,140.0,0.0,2915.0,101.0,1187.0,9482.0,9021.0,-849.0,27.0,16769.0,19192.0,436.0,16968.0,361.0,0.0,27892.0,49.0,Fail
l3141.txm,51.5469,725.4693877551019,753.0,129.0,0.0,2906.0,101.0,1188.0,9438.0,9056.0,-1999.0,27.0,16340.0,19198.0,14.0,16440.0,357.0,0.0,27862.0,49.0,Fail
l3141.txm,52.5664,725.4693877551019,753.0,132.0,0.0,2886.0,102.0,1186.0,9417.0,9073.0,-1714.0,28.0,16142.0,19406.0,154.0,16710.0,347.0,0.0,27862.0,49.0,Fail
l3141.txm,53.5859,724.4693877551019,753.0,135.0,0.0,2740.0,101.0,1190.0,9489.0,9055.0,-1702.0,27.0,16341.0,19304.0,58.0,16936.0,346.0,0.0,27870.0,49.0,Fail
l3141.txm,54.6055,724.4693877551019,752.0,133.0,0.0,2288.0,100.0,1195.0,9527.0,8992.0,345.0,28.0,16254.0,19412.0,-509.0,16688.0,349.0,0.0,27758.0,49.0,Fail
l3141.txm,55.625,725.4693877551019,753.0,134.0,0.0,1795.0,100.0,1188.0,9471.0,8974.0,570.0,28.0,16161.0,19684.0,-406.0,16662.0,343.0,1.0,27624.0,49.0,Fail
l3141.txm,56.6484,725.4693877551019,753.0,133.0,0.0,1416.0,101.0,1188.0,9435.0,8981.0,-141.0,30.0,15879.0,19796.0,-920.0,16866.0,348.0,0.0,27554.0,49.0,Fail
l3141.txm,10.7148,751.0,752.0,133.0,0.0,973.0,100.0,1074.4678178963893,9482.0,9016.0,-1752.0,29.0,16586.0,20164.0,145.0,15910.0,347.0,0.0,27476.0,49.0,Fail
l3142.txm,10.7148,751.0,752.0,133.0,0.0,973.0,100.0,1074.4678178963893,9482.0,9016.0,-1752.0,29.0,16586.0,20164.0,145.0,15910.0,347.0,0.0,27476.0,49.0,Fail
l3142.txm,11.7305,751.0,753.0,131.0,0.0,948.0,101.0,1072.4678178963893,9484.0,9006.0,-801.0,30.0,16469.0,19938.0,61.0,17134.0,355.0,0.0,27598.0,49.0,Fail
l3142.txm,12.7539,751.0,754.0,134.0,1.0,902.0,101.0,1072.4678178963893,9431.0,9155.0,341.0,29.0,16463.0,20110.0,-420.0,16364.0,360.0,1.0,27258.0,49.0,Fail
l3142.txm,13.7695,751.0,753.0,136.0,0.0,844.0,100.0,1118.4678178963893,9410.0,9125.0,-1338.0,32.0,15904.0,20300.0,-279.0,16212.0,347.0,0.0,27372.0,48.0,Fail
l3142.txm,14.7891,751.0,752.0,134.0,1.0,2005.0,100.0,1135.4678178963893,9436.0,9138.0,1156.0,31.0,16213.0,19536.0,1222.0,16620.0,345.0,0.0,28104.0,47.0,Fail
l3142.txm,15.8086,751.0,754.0,132.0,0.0,2894.0,100.0,1176.4678178963893,9509.0,9238.0,-646.0,31.0,15713.0,19424.0,624.0,16660.0,351.0,0.0,27982.0,46.0,Fail
l3142.txm,16.8633,751.0,753.0,133.0,0.0,2927.0,100.0,1212.4678178963893,9546.0,9252.0,-39.0,31.0,16322.0,19362.0,-57.0,16584.0,350.0,0.0,28124.0,46.0,Fail
l3142.txm,17.8828,751.0,753.0,134.0,0.0,2288.0,100.0,1227.4678178963893,9648.0,9086.0,386.0,29.0,16783.0,19220.0,-649.0,16642.0,343.0,0.0,28050.0,46.0,Fail
l3142.txm,18.9023,751.0,752.0,132.0,0.0,2679.0,100.0,1175.4678178963893,9560.0,9159.0,-1005.0,30.0,16370.0,19360.0,134.0,16738.0,350.0,0.0,27996.0,47.0,Fail
l3142.txm,19.9219,752.0,753.0,132.0,0.0,2661.0,100.0,1196.4678178963893,9550.0,9160.0,-506.0,31.0,16287.0,19252.0,141.0,16646.0,352.0,0.0,27890.0,46.0,Fail
l3142.txm,20.9414,752.0,754.0,132.0,0.0,2705.0,100.0,1200.4678178963893,9537.0,9117.0,-602.0,31.0,16261.0,19456.0,-380.0,16842.0,342.0,1.0,27894.0,46.0,Fail
l3142.txm,21.9609,751.0,753.0,134.0,0.0,2718.0,101.0,1194.4678178963893,9545.0,9171.0,-1281.0,30.0,16303.0,19568.0,-20.0,16724.0,348.0,0.0,28026.0,46.0,Fail
l3142.txm,22.9805,752.0,752.0,136.0,0.0,2775.0,100.0,1196.4678178963893,9586.0,9130.0,174.0,30.0,16601.0,19486.0,-387.0,16586.0,343.0,0.0,28028.0,46.0,Fail
l3142.txm,24.0273,751.0,753.0,133.0,0.0,2803.0,102.0,1196.4678178963893,9517.0,9191.0,-583.0,30.0,16424.0,19416.0,-390.0,16386.0,344.0,0.0,27886.0,46.0,Fail
l3142.txm,25.0195,752.0,753.0,134.0,0.0,2815.0,102.0,1198.4678178963893,9582.0,9134.0,-1379.0,30.0,16449.0,19512.0,434.0,16350.0,350.0,1.0,28062.0,46.0,Fail
l3142.txm,26.043,751.0,753.0,136.0,0.0,2835.0,101.0,1198.4678178963893,9556.0,9126.0,-308.0,29.0,16072.0,19254.0,51.0,16348.0,345.0,0.0,28158.0,46.0,Fail
l3142.txm,27.0625,751.0,754.0,138.0,0.0,2837.0,100.0,1195.4678178963893,9571.0,9157.0,-1892.0,30.0,16230.0,19422.0,-406.0,16602.0,350.0,1.0,28148.0,46.0,Fail
l3142.txm,28.082,752.0,755.0,135.0,0.0,2836.0,100.0,1197.4678178963893,9525.0,9192.0,-729.0,29.0,16187.0,19478.0,72.0,16422.0,344.0,0.0,28156.0,46.0,Fail
l3142.txm,29.1016,752.0,754.0,136.0,0.0,2836.0,102.0,1197.4678178963893,9609.0,9109.0,-560.0,29.0,16185.0,19404.0,-265.0,16462.0,348.0,0.0,28118.0,46.0,Fail
l3142.txm,30.1211,752.0,754.0,135.0,0.0,2839.0,102.0,1197.4678178963893,9543.0,9186.0,-1371.0,29.0,16189.0,19318.0,-282.0,16778.0,361.0,0.0,27998.0,46.0,Fail
l3142.txm,31.1367,751.0,753.0,134.0,0.0,2843.0,100.0,1196.4678178963893,9564.0,9188.0,-1087.0,29.0,16217.0,19236.0,-291.0,16964.0,350.0,1.0,28024.0,46.0,Fail
l3142.txm,32.1602,752.0,753.0,133.0,0.0,2839.0,100.0,1195.4678178963893,9530.0,9183.0,-732.0,29.0,16145.0,19234.0,-466.0,17034.0,344.0,0.0,28034.0,46.0,Fail
l3142.txm,33.1758,752.0,753.0,133.0,0.0,2842.0,100.0,1197.4678178963893,9527.0,9225.0,-803.0,29.0,16291.0,19390.0,-297.0,16866.0,343.0,0.0,28020.0,46.0,Fail
l3142.txm,34.2031,751.0,754.0,132.0,0.0,2844.0,100.0,1195.4678178963893,9584.0,9126.0,-1001.0,28.0,16073.0,19414.0,137.0,15962.0,356.0,1.0,28110.0,46.0,Fail
l3142.txm,35.2187,752.0,753.0,135.0,0.0,2840.0,101.0,1195.4678178963893,9634.0,9114.0,-975.0,28.0,16487.0,19302.0,15.0,16332.0,349.0,0.0,28006.0,46.0,Fail
l3142.txm,36.2969,752.0,753.0,133.0,0.0,2837.0,102.0,1195.4678178963893,9584.0,9140.0,-895.0,28.0,16366.0,19430.0,118.0,16008.0,354.0,1.0,28128.0,46.0,Fail
l3142.txm,37.2891,752.0,753.0,140.0,0.0,2840.0,101.0,1193.4678178963893,9493.0,9182.0,-1735.0,29.0,16342.0,19390.0,1104.0,16676.0,345.0,0.0,28092.0,46.0,Fail
l3142.txm,38.3086,751.0,753.0,133.0,0.0,2843.0,102.0,1193.4678178963893,9548.0,9218.0,-943.0,29.0,16290.0,19422.0,137.0,16844.0,358.0,0.0,28012.0,46.0,Fail
l3142.txm,39.3281,752.0,753.0,130.0,0.0,2840.0,101.0,1193.4678178963893,9543.0,9140.0,-1543.0,29.0,16236.0,19462.0,3.0,16732.0,349.0,1.0,28152.0,46.0,Fail
l3142.txm,40.3516,752.0,753.0,130.0,0.0,2841.0,100.0,1194.4678178963893,9608.0,9136.0,-1345.0,29.0,16211.0,19412.0,-25.0,16714.0,345.0,0.0,28002.0,46.0,Fail
l3142.txm,41.3711,752.0,753.0,132.0,0.0,2845.0,101.0,1198.4678178963893,9516.0,9190.0,-353.0,29.0,16091.0,19208.0,-38.0,16212.0,355.0,0.0,28066.0,46.0,Fail
l3142.txm,42.3906,752.0,752.0,133.0,0.0,2836.0,100.0,1196.4678178963893,9557.0,9129.0,-1542.0,28.0,16338.0,19384.0,154.0,16560.0,347.0,1.0,27978.0,46.0,Fail
l3142.txm,43.4102,751.0,753.0,132.0,0.0,2836.0,101.0,1197.4678178963893,9612.0,9128.0,-932.0,28.0,16262.0,19218.0,410.0,16628.0,361.0,0.0,28116.0,46.0,Fail
l3142.txm,44.4297,752.0,753.0,139.0,0.0,2836.0,101.0,1196.4678178963893,9579.0,9129.0,-1198.0,29.0,16524.0,19414.0,-267.0,16466.0,351.0,0.0,28138.0,46.0,Fail
l3142.txm,45.4492,751.0,754.0,133.0,0.0,2838.0,101.0,1195.4678178963893,9502.0,9175.0,-817.0,29.0,16462.0,19410.0,26.0,16756.0,338.0,0.0,28028.0,46.0,Fail
l3142.txm,46.4687,751.0,753.0,133.0,0.0,2835.0,101.0,1199.4678178963893,9569.0,9172.0,-1155.0,29.0,16467.0,19344.0,56.0,16684.0,355.0,0.0,28104.0,46.0,Fail
l3142.txm,47.4883,752.0,753.0,136.0,0.0,2822.0,101.0,1196.4678178963893,9529.0,9213.0,-1044.0,29.0,16203.0,19398.0,-16.0,16632.0,353.0,1.0,28134.0,46.0,Fail
l3142.txm,48.543,752.0,754.0,133.0,0.0,2809.0,101.0,1194.4678178963893,9556.0,9194.0,-1388.0,29.0,16213.0,19188.0,-637.0,16890.0,344.0,0.0,28098.0,46.0,Fail
l3142.txm,49.5312,752.0,753.0,136.0,0.0,2791.0,100.0,1197.4678178963893,9582.0,9132.0,-466.0,29.0,16084.0,19244.0,140.0,16948.0,353.0,0.0,28144.0,46.0,Fail
l3142.txm,50.5547,752.0,754.0,136.0,0.0,2730.0,100.0,1197.4678178963893,9547.0,9111.0,-1117.0,28.0,16050.0,19234.0,-306.0,16448.0,348.0,0.0,28094.0,46.0,Fail
l3142.txm,51.5703,751.0,753.0,133.0,0.0,2298.0,102.0,1211.4678178963893,9544.0,9198.0,1329.0,27.0,16178.0,19334.0,-413.0,16992.0,355.0,0.0,28052.0,46.0,Fail
l3142.txm,52.5898,752.0,754.0,132.0,0.0,1871.0,101.0,1200.4678178963893,9569.0,9120.0,1326.0,27.0,15798.0,19554.0,-356.0,16650.0,350.0,0.0,27828.0,47.0,Fail
l3142.txm,53.6094,751.0,753.0,134.0,0.0,1460.0,100.0,1204.4678178963893,9627.0,9082.0,1431.0,25.0,16450.0,19694.0,-596.0,16676.0,360.0,0.0,27806.0,47.0,Fail
l3142.txm,9.71875,750.0,753.0,133.0,0.0,897.0,100.0,1261.0,9516.0,9045.0,-681.0,31.0,16544.0,20360.0,-528.0,16110.0,349.4576376004947,0.0,27120.0,49.0,Fail
l3143.txm,9.71875,750.0,753.0,133.0,0.0,897.0,100.0,1261.0,9516.0,9045.0,-681.0,31.0,16544.0,20360.0,-528.0,16110.0,349.4576376004947,0.0,27120.0,49.0,Fail
l3143.txm,10.7422,751.0,754.0,134.0,0.0,856.0,101.0,1261.0,9512.0,9044.0,-179.0,31.0,16362.0,20266.0,-577.0,16250.0,348.4576376004947,0.0,27310.0,49.0,Fail
l3143.txm,11.7617,751.0,752.0,132.0,0.0,825.0,100.0,1259.0,9491.0,9071.0,-459.0,31.0,16358.0,20264.0,-542.0,16788.0,343.4576376004947,0.0,27294.0,49.0,Fail
l3143.txm,12.7813,751.0,752.0,135.0,0.0,805.0,100.0,1237.0,9498.0,9089.0,-263.0,30.0,16434.0,20286.0,-335.0,16754.0,353.4576376004947,0.0,27258.0,50.0,Fail
l3143.txm,13.8008,751.0,754.0,133.0,0.0,905.0,102.0,1193.0,9542.0,9037.0,956.0,29.0,16855.0,20242.0,-87.0,15858.0,347.4576376004947,0.0,27250.0,50.0,Fail
l3143.txm,14.8203,751.0,753.0,132.0,0.0,2442.0,101.0,1143.0,9483.0,8981.0,-712.0,29.0,16553.0,19308.0,44.0,17026.0,345.4576376004947,1.0,27850.0,50.0,Fail
l3143.txm,15.8633,752.0,753.0,136.0,0.0,2661.0,100.0,1179.0,9408.0,9093.0,-1364.0,30.0,16598.0,19378.0,88.0,16412.0,346.4576376004947,0.0,27838.0,49.0,Fail
l3143.txm,16.8594,751.0,752.0,133.0,0.0,2586.0,101.0,1207.0,9477.0,9212.0,353.0,28.0,17327.0,19288.0,-342.0,16666.0,347.4576376004947,0.0,27812.0,49.0,Fail
l3143.txm,17.8789,751.0,752.0,130.0,0.0,2076.0,101.0,1205.0,9446.0,9152.0,1009.0,28.0,16615.0,19658.0,-811.0,16326.0,351.4576376004947,0.0,27682.0,50.0,Fail
l3143.txm,18.9023,752.0,752.0,132.0,0.0,2424.0,101.0,1165.0,9456.0,9073.0,-1526.0,28.0,16913.0,19870.0,95.0,15920.0,346.4576376004947,1.0,27732.0,50.0,Fail
l3143.txm,19.9219,751.0,753.0,131.0,0.0,2429.0,102.0,1186.0,9423.0,9070.0,-1782.0,30.0,16190.0,19526.0,-416.0,16458.0,349.4576376004947,1.0,27780.0,49.0,Fail
l3143.txm,20.9414,751.0,754.0,133.0,0.0,2429.0,102.0,1191.0,9485.0,9017.0,-1139.0,28.0,17202.0,19790.0,168.0,16338.0,349.4576376004947,0.0,27774.0,50.0,Fail
l3143.txm,21.9609,751.0,752.0,132.0,0.0,2477.0,102.0,1180.0,9426.0,9095.0,-1822.0,30.0,16085.0,19468.0,98.0,16590.0,358.4576376004947,0.0,27846.0,50.0,Fail
l3143.txm,22.9805,751.0,752.0,132.0,0.0,2531.0,102.0,1184.0,9528.0,9041.0,-1472.0,28.0,16839.0,19428.0,424.0,16250.0,345.4576376004947,0.0,27850.0,50.0,Fail
l3143.txm,24.0,751.0,753.0,132.0,0.0,2566.0,100.0,1182.0,9468.0,9136.0,629.0,29.0,16475.0,19470.0,34.0,16736.0,347.4576376004947,1.0,27894.0,50.0,Fail
l3143.txm,25.0195,752.0,753.0,129.0,0.0,2570.0,101.0,1185.0,9459.0,9168.0,-1111.0,27.0,16945.0,19604.0,812.0,16066.0,356.4576376004947,1.0,27814.0,50.0,Fail
l3143.txm,26.0391,752.0,753.0,131.0,0.0,2592.0,100.0,1184.0,9517.0,9101.0,-240.0,29.0,16647.0,19352.0,-71.0,16622.0,345.4576376004947,0.0,27822.0,50.0,Fail
l3143.txm,27.0625,751.0,754.0,132.0,0.0,2594.0,100.0,1189.0,9540.0,9064.0,-1451.0,28.0,17009.0,19590.0,152.0,16422.0,358.4576376004947,0.0,27806.0,50.0,Fail
l3143.txm,28.1055,751.0,753.0,133.0,0.0,2594.0,100.0,1186.0,9542.0,9040.0,582.0,29.0,16190.0,19402.0,-379.0,16698.0,345.4576376004947,1.0,27846.0,50.0,Fail
l3143.txm,29.1016,752.0,754.0,135.0,0.0,2598.0,101.0,1191.0,9500.0,9086.0,-161.0,27.0,17476.0,19382.0,66.0,17014.0,346.4576376004947,0.0,27814.0,50.0,Fail
l3143.txm,30.1211,751.0,753.0,130.0,0.0,2578.0,100.0,1186.0,9534.0,9101.0,-1545.0,27.0,16803.0,19354.0,1.0,16900.0,352.4576376004947,0.0,27800.0,50.0,Fail
l3143.txm,31.1406,751.0,753.0,136.0,0.0,2587.0,102.0,1178.0,9530.0,9064.0,-338.0,27.0,16979.0,19296.0,-493.0,17006.0,346.4576376004947,0.0,27810.0,50.0,Fail
l3143.txm,32.1563,752.0,754.0,132.0,0.0,2590.0,100.0,1187.0,9489.0,9151.0,758.0,27.0,16976.0,19562.0,888.0,16598.0,353.4576376004947,0.0,27796.0,50.0,Fail
l3143.txm,33.1797,752.0,754.0,134.0,0.0,2594.0,100.0,1185.0,9412.0,9150.0,1253.0,28.0,17013.0,19580.0,127.0,16192.0,352.4576376004947,0.0,27878.0,50.0,Fail
l3143.txm,34.1953,752.0,753.0,133.0,0.0,2584.0,100.0,1185.0,9487.0,9074.0,-799.0,28.0,16816.0,19538.0,-275.0,16490.0,342.4576376004947,0.0,27816.0,50.0,Fail
l3143.txm,35.2227,752.0,753.0,135.0,0.0,2582.0,101.0,1185.0,9510.0,9085.0,-1193.0,28.0,16668.0,19474.0,-28.0,16762.0,350.4576376004947,0.0,27888.0,50.0,Fail
l3143.txm,36.2539,752.0,754.0,134.0,0.0,2589.0,101.0,1187.0,9482.0,9124.0,289.0,28.0,17023.0,19286.0,-473.0,16632.0,350.4576376004947,0.0,27798.0,50.0,Fail
l3143.txm,37.2695,751.0,753.0,131.0,0.0,2585.0,100.0,1183.0,9421.0,9135.0,-974.0,28.0,16657.0,19202.0,-351.0,16784.0,350.4576376004947,0.0,27892.0,50.0,Fail
l3143.txm,38.2891,751.0,753.0,133.0,0.0,2582.0,101.0,1184.0,9434.0,9106.0,1002.0,28.0,17065.0,19386.0,131.0,16626.0,342.4576376004947,0.0,27824.0,50.0,Fail
l3143.txm,39.3086,752.0,753.0,134.0,0.0,2579.0,101.0,1185.0,9481.0,9067.0,-127.0,28.0,16864.0,19550.0,-369.0,16996.0,350.4576376004947,0.0,27812.0,50.0,Fail
l3143.txm,40.3516,751.0,753.0,129.0,0.0,2582.0,101.0,1185.0,9402.0,9156.0,154.0,28.0,16760.0,19372.0,148.0,16550.0,354.4576376004947,1.0,27864.0,50.0,Fail
l3143.txm,41.3477,752.0,753.0,136.0,0.0,2575.0,100.0,1184.0,9486.0,9137.0,-1797.0,28.0,16801.0,19286.0,78.0,16522.0,350.4576376004947,0.0,27820.0,50.0,Fail
l3143.txm,42.3672,751.0,753.0,132.0,0.0,2580.0,101.0,1185.0,9422.0,9131.0,398.0,28.0,16855.0,19372.0,21.0,16428.0,350.4576376004947,0.0,27842.0,50.0,Fail
l3143.txm,43.3906,752.0,753.0,135.0,0.0,2575.0,100.0,1184.0,9521.0,9055.0,-1964.0,28.0,16911.0,19294.0,-49.0,16760.0,343.4576376004947,0.0,27830.0,50.0,Fail
l3143.txm,44.4102,752.0,754.0,135.0,0.0,2580.0,100.0,1187.0,9499.0,9052.0,-1147.0,28.0,16843.0,19302.0,382.0,16838.0,349.4576376004947,0.0,27864.0,50.0,Fail
l3143.txm,45.4297,752.0,754.0,132.0,0.0,2577.0,100.0,1187.0,9468.0,9126.0,95.0,28.0,16602.0,19360.0,83.0,16586.0,355.4576376004947,0.0,27816.0,50.0,Fail
l3143.txm,46.4492,752.0,753.0,134.0,0.0,2572.0,101.0,1185.0,9481.0,9068.0,-500.0,28.0,16804.0,19396.0,-484.0,16504.0,355.4576376004947,1.0,27838.0,50.0,Fail
l3143.txm,47.4687,751.0,753.0,133.0,0.0,2572.0,102.0,1186.0,9404.0,9193.0,923.0,28.0,16820.0,19494.0,516.0,16416.0,344.4576376004947,0.0,27806.0,50.0,Fail
l3143.txm,48.4883,752.0,753.0,131.0,0.0,2567.0,100.0,1185.0,9446.0,9114.0,-567.0,28.0,16455.0,19292.0,118.0,16926.0,344.4576376004947,0.0,27816.0,50.0,Fail
l3143.txm,49.5078,752.0,753.0,132.0,0.0,2558.0,101.0,1185.0,9426.0,9074.0,371.0,28.0,16535.0,19390.0,-578.0,16572.0,348.4576376004947,0.0,27804.0,50.0,Fail
l3143.txm,50.5273,752.0,753.0,129.0,0.0,2555.0,100.0,1185.0,9405.0,9137.0,-936.0,28.0,16472.0,19390.0,-397.0,16746.0,350.4576376004947,0.0,27818.0,50.0,Fail
l3143.txm,51.5508,752.0,754.0,133.0,0.0,2534.0,101.0,1187.0,9446.0,9126.0,-2149.0,28.0,16367.0,19246.0,140.0,17104.0,347.4576376004947,1.0,27870.0,50.0,Fail
l3143.txm,52.5703,752.0,754.0,133.0,0.0,2508.0,101.0,1184.0,9439.0,9121.0,-433.0,28.0,16301.0,19224.0,356.0,16452.0,347.4576376004947,0.0,27784.0,50.0,Fail
l3143.txm,53.5898,752.0,748.0,133.0,0.0,2378.0,100.0,1191.0,9525.0,9047.0,-339.0,28.0,16313.0,19464.0,-1037.0,17234.0,349.4576376004947,0.0,27760.0,50.0,Fail
l3143.txm,54.6094,752.0,752.0,135.0,1.0,1915.0,101.0,1191.0,9455.0,9073.0,1364.0,28.0,16831.0,19646.0,-559.0,16202.0,349.4576376004947,1.0,27614.0,50.0,Fail
l3143.txm,55.6289,752.0,753.0,133.0,0.0,1534.0,101.0,1191.0,9457.0,9043.0,-1130.0,30.0,16272.0,19762.0,-348.0,16952.0,349.4576376004947,0.0,27536.0,50.0,Fail
l3143.txm,9.75,751.0,752.0,133.0,0.0,312.0,101.0,1296.0,9512.0,9027.0,-712.0,30.0,16942.0,20086.0,-775.0,16376.0,344.16161616161617,0.0,27622.0,49.0,Fail
l3318.txm,9.75,751.0,752.0,133.0,0.0,312.0,101.0,1296.0,9512.0,9027.0,-712.0,30.0,16942.0,20086.0,-775.0,16376.0,344.16161616161617,0.0,27622.0,49.0,Fail
l3318.txm,10.7656,751.0,753.0,135.0,0.0,304.0,100.0,1294.0,9486.0,9035.0,-1661.0,30.0,17280.0,20054.0,-772.0,16264.0,350.16161616161617,0.0,27620.0,49.0,Fail
l3318.txm,11.7813,751.0,753.0,132.0,0.0,297.0,100.0,1294.0,9463.0,9050.0,-975.0,30.0,16784.0,20062.0,-574.0,16486.0,340.16161616161617,0.0,27626.0,49.0,Fail
l3318.txm,12.8125,751.0,754.0,131.0,0.0,296.0,100.0,1250.0,9541.0,9070.0,1632.0,28.0,16601.0,20098.0,-20.0,16622.0,357.16161616161617,0.0,27558.0,50.0,Fail
l3318.txm,13.8281,751.0,753.0,133.0,1.0,334.0,101.0,1204.0,9517.0,9085.0,1118.0,29.0,17111.0,20234.0,-83.0,16112.0,355.16161616161617,0.0,27494.0,50.0,Fail
l3318.txm,14.8438,750.0,753.0,134.0,0.0,802.0,100.0,1191.0,9450.0,9049.0,-1243.0,29.0,17311.0,19188.0,-268.0,17254.0,345.16161616161617,0.0,28226.0,49.0,Fail
l3318.txm,15.8594,751.0,754.0,133.0,0.0,851.0,101.0,1220.0,9424.0,9085.0,-495.0,31.0,16289.0,19560.0,658.0,16310.0,357.16161616161617,0.0,28110.0,48.0,Fail
l3318.txm,16.8906,751.0,753.0,134.0,0.0,824.0,101.0,1244.0,9462.0,9108.0,-297.0,29.0,17189.0,19448.0,-93.0,16450.0,355.16161616161617,1.0,28084.0,48.0,Fail
l3318.txm,17.9062,751.0,754.0,135.0,0.0,645.0,99.0,1263.0,9455.0,9079.0,601.0,29.0,16807.0,19608.0,-549.0,16538.0,351.16161616161617,0.0,28150.0,49.0,Fail
l3318.txm,18.9531,751.0,753.0,132.0,0.0,782.0,101.0,1198.0,9472.0,9131.0,544.0,28.0,17108.0,19460.0,-377.0,17064.0,352.16161616161617,0.0,28154.0,50.0,Fail
l3318.txm,19.9375,751.0,752.0,131.0,0.0,782.0,101.0,1235.0,9517.0,9042.0,-1399.0,29.0,17068.0,19334.0,-498.0,16860.0,349.16161616161617,0.0,28186.0,49.0,Fail
l3318.txm,20.9687,751.0,753.0,132.0,0.0,790.0,100.0,1231.0,9481.0,9023.0,-1026.0,28.0,17234.0,19492.0,-52.0,16672.0,342.16161616161617,1.0,28150.0,49.0,Fail
l3318.txm,21.9844,752.0,753.0,132.0,0.0,789.0,101.0,1226.0,9487.0,9035.0,-709.0,28.0,17012.0,19326.0,30.0,16672.0,356.16161616161617,1.0,28144.0,49.0,Fail
l3318.txm,23.0,752.0,753.0,131.0,0.0,798.0,101.0,1231.0,9457.0,9067.0,-682.0,28.0,16942.0,19382.0,104.0,16948.0,355.16161616161617,0.0,28170.0,49.0,Fail
l3318.txm,24.0156,751.0,753.0,126.0,0.0,804.0,102.0,1226.0,9466.0,9048.0,-990.0,28.0,16899.0,19404.0,458.0,16286.0,355.16161616161617,0.0,28176.0,49.0,Fail
l3318.txm,25.0469,751.0,753.0,134.0,0.0,810.0,101.0,1227.0,9525.0,9035.0,-1141.0,28.0,16701.0,19322.0,73.0,16252.0,355.16161616161617,0.0,28140.0,49.0,Fail
l3318.txm,26.0781,752.0,753.0,133.0,0.0,818.0,102.0,1225.0,9501.0,8995.0,-200.0,28.0,17382.0,19314.0,1022.0,16470.0,347.16161616161617,0.0,28084.0,49.0,Fail
l3318.txm,27.0781,752.0,754.0,133.0,0.0,826.0,100.0,1225.0,9520.0,9026.0,-691.0,28.0,16471.0,19390.0,-554.0,16974.0,357.16161616161617,0.0,28142.0,49.0,Fail
l3318.txm,28.1094,751.0,754.0,135.0,0.0,821.0,100.0,1230.0,9468.0,9024.0,-1457.0,28.0,16985.0,19308.0,1000.0,16406.0,349.16161616161617,1.0,28140.0,49.0,Fail
l3318.txm,29.125,752.0,753.0,132.0,0.0,829.0,101.0,1227.0,9468.0,9040.0,-1047.0,27.0,16864.0,19290.0,22.0,16700.0,342.16161616161617,0.0,28266.0,49.0,Fail
l3318.txm,30.1563,751.0,752.0,134.0,0.0,826.0,100.0,1229.0,9537.0,9013.0,-550.0,27.0,17046.0,19350.0,80.0,16148.0,352.16161616161617,1.0,28260.0,49.0,Fail
l3318.txm,31.1562,752.0,754.0,134.0,0.0,827.0,101.0,1226.0,9520.0,9036.0,-843.0,27.0,17083.0,19238.0,428.0,16852.0,356.16161616161617,0.0,28130.0,49.0,Fail
l3318.txm,32.1875,751.0,754.0,134.0,0.0,828.0,100.0,1226.0,9434.0,9020.0,-1090.0,27.0,17081.0,19386.0,612.0,16598.0,348.16161616161617,1.0,28282.0,49.0,Fail
l3318.txm,33.2031,752.0,754.0,136.0,0.0,834.0,100.0,1228.0,9508.0,9059.0,-565.0,27.0,17142.0,19256.0,152.0,16706.0,348.16161616161617,1.0,28122.0,49.0,Fail
l3318.txm,34.2344,752.0,752.0,132.0,0.0,835.0,100.0,1231.0,9469.0,9071.0,-1320.0,27.0,16867.0,19252.0,-52.0,16240.0,353.16161616161617,0.0,28142.0,49.0,Fail
l3318.txm,35.2344,752.0,754.0,132.0,0.0,830.0,100.0,1226.0,9521.0,8989.0,-971.0,27.0,17209.0,19228.0,110.0,16548.0,355.16161616161617,0.0,28130.0,49.0,Fail
l3318.txm,36.2656,752.0,753.0,135.0,0.0,832.0,100.0,1231.0,9482.0,9005.0,-1151.0,27.0,17266.0,19228.0,-13.0,16744.0,356.16161616161617,0.0,28290.0,49.0,Fail
l3318.txm,37.2813,751.0,753.0,132.0,0.0,828.0,101.0,1226.0,9483.0,9005.0,-1088.0,26.0,16632.0,19342.0,618.0,16870.0,343.16161616161617,1.0,28148.0,49.0,Fail
l3318.txm,38.3281,752.0,755.0,133.0,0.0,827.0,101.0,1227.0,9467.0,9033.0,-1169.0,27.0,16861.0,19362.0,1492.0,16754.0,354.16161616161617,0.0,28140.0,49.0,Fail
l3318.txm,39.3125,751.0,753.0,136.0,0.0,830.0,100.0,1228.0,9476.0,9020.0,-1664.0,27.0,17255.0,19280.0,95.0,16532.0,345.16161616161617,0.0,28148.0,49.0,Fail
l3318.txm,40.3437,752.0,754.0,134.0,0.0,829.0,101.0,1229.0,9411.0,9090.0,-1703.0,27.0,17001.0,19320.0,111.0,16464.0,339.16161616161617,1.0,28136.0,49.0,Fail
l3318.txm,41.3594,752.0,753.0,136.0,0.0,828.0,100.0,1226.0,9523.0,9034.0,-1458.0,27.0,16751.0,19350.0,79.0,16708.0,339.16161616161617,0.0,28280.0,49.0,Fail
l3318.txm,42.3906,751.0,753.0,132.0,0.0,823.0,101.0,1227.0,9511.0,8991.0,-872.0,26.0,16755.0,19254.0,304.0,16554.0,350.16161616161617,0.0,28142.0,49.0,Fail
l3318.txm,43.3906,752.0,754.0,136.0,0.0,824.0,101.0,1227.0,9515.0,9068.0,-452.0,27.0,16785.0,19330.0,59.0,16196.0,358.16161616161617,0.0,28134.0,49.0,Fail
l3318.txm,44.4219,751.0,753.0,134.0,0.0,823.0,100.0,1228.0,9524.0,9031.0,-637.0,27.0,16856.0,19392.0,74.0,16174.0,352.16161616161617,0.0,28284.0,49.0,Fail
l3318.txm,45.5,751.0,754.0,133.0,0.0,827.0,101.0,1228.0,9469.0,9015.0,-761.0,26.0,16702.0,19370.0,74.0,16504.0,351.16161616161617,1.0,28140.0,49.0,Fail
l3318.txm,46.4844,752.0,754.0,135.0,0.0,821.0,101.0,1225.0,9460.0,9069.0,-1251.0,27.0,16874.0,19304.0,424.0,16466.0,357.16161616161617,0.0,28146.0,49.0,Fail
l3318.txm,47.5156,752.0,753.0,136.0,0.0,821.0,100.0,1225.0,9471.0,9053.0,-2036.0,26.0,17042.0,19382.0,1498.0,16396.0,354.16161616161617,0.0,28136.0,49.0,Fail
l3318.txm,48.5156,752.0,753.0,135.0,0.0,821.0,100.0,1226.0,9476.0,9068.0,-1278.0,27.0,17205.0,19250.0,109.0,16582.0,348.16161616161617,0.0,28286.0,49.0,Fail
l3318.txm,49.5469,752.0,754.0,132.0,0.0,822.0,100.0,1228.0,9487.0,9025.0,-2556.0,27.0,16614.0,19320.0,114.0,16666.0,349.16161616161617,0.0,28148.0,49.0,Fail
l3318.txm,50.5625,751.0,753.0,135.0,0.0,815.0,100.0,1230.0,9516.0,9019.0,-1192.0,27.0,17041.0,19220.0,410.0,15978.0,355.16161616161617,1.0,28300.0,49.0,Fail
l3318.txm,51.5937,752.0,752.0,130.0,0.0,811.0,100.0,1227.0,9461.0,9075.0,-2111.0,27.0,16683.0,19264.0,856.0,16216.0,349.16161616161617,0.0,28126.0,49.0,Fail
l3318.txm,52.5937,751.0,752.0,134.0,0.0,788.0,101.0,1227.0,9460.0,9019.0,-1573.0,26.0,16645.0,19318.0,-387.0,16924.0,346.16161616161617,1.0,28150.0,49.0,Fail
l3318.txm,53.625,752.0,755.0,133.0,0.0,684.0,101.0,1240.0,9475.0,9057.0,-277.0,27.0,16838.0,19326.0,-722.0,16786.0,350.16161616161617,0.0,28124.0,49.0,Fail
l3318.txm,54.6406,752.0,754.0,134.0,0.0,573.0,99.0,1238.0,9503.0,9024.0,-14.0,27.0,16792.0,19542.0,-918.0,16684.0,352.16161616161617,0.0,28040.0,50.0,Fail
l3318.txm,55.6719,752.0,755.0,135.0,0.0,463.0,101.0,1238.0,9439.0,9015.0,293.0,27.0,16686.0,19684.0,648.0,16788.0,349.16161616161617,0.0,27954.0,50.0,Fail
l3318.txm,10.7031,751.0,752.8431039365619,133.0,0.0,363.0,100.0,1223.0,9459.0,8922.0,-634.0,30.0,17030.0,19898.0,-699.0,16408.0,346.0,0.0,27692.0,49.0,Fail
l3319.txm,10.7031,751.0,752.8431039365619,133.0,0.0,363.0,100.0,1223.0,9459.0,8922.0,-634.0,30.0,17030.0,19898.0,-699.0,16408.0,346.0,0.0,27692.0,49.0,Fail
l3319.txm,11.7344,751.0,751.8431039365619,134.0,0.0,356.0,101.0,1224.0,9395.0,8991.0,-1879.0,30.0,16665.0,19972.0,-276.0,16406.0,343.0,0.0,27758.0,49.0,Fail
l3319.txm,12.7344,752.0,752.8431039365619,136.0,0.0,350.0,101.0,1225.0,9435.0,8943.0,-1810.0,30.0,16593.0,19966.0,-277.0,16544.0,355.0,0.0,27758.0,49.0,Fail
l3319.txm,13.7656,751.0,753.8431039365619,134.0,0.0,340.0,100.0,1227.0,9432.0,8981.0,-1997.0,30.0,16278.0,20026.0,-40.0,16930.0,347.0,0.0,27592.0,49.0,Fail
l3319.txm,14.7812,751.0,752.8431039365619,133.0,0.0,346.0,99.0,1226.0,9399.0,9033.0,-779.0,31.0,16763.0,20140.0,115.0,16160.0,343.0,0.0,27588.0,49.0,Fail
l3319.txm,15.8125,752.0,751.8431039365619,132.0,0.0,801.0,101.0,1191.0,9411.0,9013.0,-720.0,28.0,16978.0,19314.0,374.0,17400.0,346.0,0.0,28318.0,48.0,Fail
l3319.txm,16.8125,752.0,753.8431039365619,134.0,0.0,925.0,101.0,1212.0,9433.0,9001.0,-1405.0,29.0,16593.0,19124.0,-723.0,16388.0,358.0,0.0,28106.0,48.0,Fail
l3319.txm,17.8437,751.0,752.8431039365619,133.0,0.0,921.0,101.0,1243.0,9408.0,9067.0,-2251.0,29.0,16777.0,19370.0,314.0,16262.0,355.0,0.0,28170.0,48.0,Fail
l3319.txm,18.8594,751.0,752.8431039365619,132.0,0.0,791.0,100.0,1247.0,9451.0,9084.0,1041.0,28.0,17081.0,19414.0,-501.0,16500.0,353.0,0.0,28136.0,48.0,Fail
l3319.txm,19.8906,751.0,752.8431039365619,132.0,0.0,792.0,100.0,1240.0,9408.0,9015.0,-975.0,28.0,16862.0,19446.0,-466.0,16750.0,346.0,0.0,28130.0,49.0,Fail
l3319.txm,20.9063,752.0,752.8431039365619,132.0,0.0,845.0,101.0,1211.0,9419.0,9012.0,-1739.0,29.0,16895.0,19304.0,-311.0,16340.0,349.0,0.0,28118.0,48.0,Fail
l3319.txm,21.9219,752.0,751.8431039365619,134.0,0.0,858.0,101.0,1238.0,9402.0,9027.0,-1892.0,29.0,17186.0,19452.0,66.0,16558.0,350.0,0.0,28152.0,48.0,Fail
l3319.txm,22.9531,751.0,752.8431039365619,134.0,0.0,867.0,102.0,1232.0,9455.0,9000.0,-876.0,29.0,17024.0,19386.0,-387.0,16410.0,350.0,0.0,28076.0,48.0,Fail
l3319.txm,23.9687,752.0,753.8431039365619,132.0,0.0,861.0,100.0,1227.0,9457.0,9000.0,-1027.0,28.0,16685.0,19382.0,-440.0,16444.0,342.0,0.0,28120.0,48.0,Fail
l3319.txm,25.0,752.0,752.8431039365619,134.0,0.0,868.0,100.0,1228.0,9404.0,9014.0,-1260.0,29.0,16798.0,19344.0,-60.0,15810.0,357.0,0.0,28098.0,48.0,Fail
l3319.txm,26.0,752.0,753.8431039365619,136.0,0.0,873.0,101.0,1228.0,9409.0,9020.0,-612.0,29.0,16830.0,19282.0,774.0,16586.0,349.0,0.0,28302.0,48.0,Fail
l3319.txm,27.0313,752.0,752.8431039365619,134.0,0.0,891.0,101.0,1227.0,9492.0,9006.0,-882.0,28.0,16996.0,19144.0,1234.0,16446.0,349.0,1.0,28332.0,48.0,Fail
l3319.txm,28.0469,751.0,752.8431039365619,134.0,0.0,899.0,101.0,1228.0,9428.0,8981.0,-1855.0,28.0,16845.0,19258.0,126.0,16242.0,352.0,1.0,28154.0,48.0,Fail
l3319.txm,29.0625,752.0,752.8431039365619,136.0,0.0,896.0,100.0,1227.0,9442.0,8974.0,-1102.0,28.0,16915.0,19154.0,454.0,16606.0,354.0,1.0,28318.0,48.0,Fail
l3319.txm,30.1094,752.0,753.8431039365619,136.0,0.0,898.0,102.0,1229.0,9468.0,9030.0,-1476.0,28.0,16959.0,19100.0,-530.0,16524.0,342.0,0.0,28330.0,48.0,Fail
l3319.txm,31.1094,752.0,752.8431039365619,134.0,0.0,901.0,100.0,1228.0,9481.0,8965.0,-1466.0,28.0,16875.0,19112.0,-73.0,16068.0,344.0,0.0,28152.0,48.0,Fail
l3319.txm,32.125,752.0,752.8431039365619,131.0,0.0,893.0,102.0,1227.0,9448.0,8960.0,-1399.0,27.0,16795.0,19216.0,78.0,16284.0,347.0,0.0,28296.0,48.0,Fail
l3319.txm,33.1406,752.0,752.8431039365619,133.0,0.0,898.0,100.0,1225.0,9476.0,8961.0,-2062.0,28.0,16346.0,19250.0,138.0,16836.0,349.0,1.0,28288.0,48.0,Fail
l3319.txm,34.1563,752.0,753.8431039365619,133.0,0.0,900.0,101.0,1227.0,9442.0,8964.0,-1287.0,28.0,16855.0,19160.0,126.0,16816.0,347.0,0.0,28148.0,48.0,Fail
l3319.txm,35.1875,752.0,751.8431039365619,137.0,0.0,900.0,101.0,1227.0,9413.0,9015.0,-1581.0,27.0,16838.0,19164.0,1668.0,16674.0,348.0,0.0,28318.0,48.0,Fail
l3319.txm,36.2188,751.0,754.8431039365619,133.0,0.0,902.0,100.0,1227.0,9430.0,8954.0,-1794.0,27.0,16782.0,19236.0,-356.0,16242.0,343.0,0.0,28284.0,48.0,Fail
l3319.txm,37.2187,752.0,752.8431039365619,130.0,0.0,903.0,101.0,1227.0,9477.0,9055.0,-1342.0,28.0,16442.0,19214.0,-47.0,16496.0,347.0,1.0,28318.0,48.0,Fail
l3319.txm,38.25,752.0,753.8431039365619,134.0,0.0,902.0,100.0,1228.0,9451.0,8948.0,-1359.0,27.0,16761.0,19194.0,149.0,16758.0,347.0,1.0,28152.0,48.0,Fail
l3319.txm,39.2656,752.0,752.8431039365619,132.0,0.0,902.0,101.0,1232.0,9423.0,9004.0,-1915.0,28.0,16768.0,19100.0,36.0,15962.0,359.0,0.0,28316.0,48.0,Fail
l3319.txm,40.2969,752.0,752.8431039365619,135.0,0.0,898.0,101.0,1227.0,9487.0,8974.0,-1369.0,27.0,16551.0,19236.0,488.0,16690.0,353.0,0.0,28154.0,48.0,Fail
l3319.txm,41.2969,752.0,753.8431039365619,131.0,0.0,905.0,101.0,1228.0,9410.0,9045.0,-1683.0,27.0,16665.0,19188.0,-83.0,16024.0,344.0,1.0,28276.0,48.0,Fail
l3319.txm,42.3281,752.0,753.8431039365619,136.0,0.0,893.0,100.0,1226.0,9376.0,9012.0,-1213.0,28.0,16610.0,19268.0,2.0,16676.0,344.0,0.0,28318.0,48.0,Fail
l3319.txm,43.3437,751.0,752.8431039365619,134.0,0.0,901.0,101.0,1228.0,9387.0,9042.0,-943.0,27.0,16597.0,19246.0,1064.0,16712.0,351.0,1.0,28152.0,48.0,Fail
l3319.txm,44.375,752.0,751.8431039365619,131.0,0.0,903.0,101.0,1227.0,9472.0,9002.0,-1158.0,27.0,16430.0,19250.0,284.0,16266.0,353.0,1.0,28290.0,48.0,Fail
l3319.txm,45.375,752.0,753.8431039365619,135.0,0.0,899.0,100.0,1225.0,9442.0,8992.0,-1521.0,27.0,16548.0,19260.0,44.0,16438.0,343.0,0.0,28136.0,48.0,Fail
l3319.txm,46.4062,752.0,753.8431039365619,131.0,0.0,895.0,100.0,1229.0,9472.0,8993.0,-1553.0,28.0,16608.0,19204.0,1076.0,15998.0,351.0,1.0,28278.0,48.0,Fail
l3319.txm,47.4219,752.0,752.8431039365619,140.0,0.0,895.0,102.0,1227.0,9400.0,9062.0,-2199.0,27.0,17018.0,19258.0,-53.0,15880.0,352.0,0.0,28328.0,48.0,Fail
l3319.txm,48.4531,752.0,752.8431039365619,134.0,0.0,897.0,100.0,1230.0,9442.0,9009.0,-870.0,27.0,16288.0,19146.0,-27.0,16236.0,356.0,0.0,28148.0,48.0,Fail
l3319.txm,49.4844,752.0,751.8431039365619,129.0,0.0,895.0,100.0,1227.0,9427.0,9050.0,-2226.0,27.0,16915.0,19160.0,-27.0,16380.0,350.0,0.0,28290.0,48.0,Fail
l3319.txm,50.5,752.0,753.8431039365619,132.0,0.0,898.0,100.0,1227.0,9439.0,8999.0,-1526.0,28.0,16884.0,19124.0,698.0,16758.0,350.0,1.0,28322.0,48.0,Fail
l3319.txm,51.5156,752.0,752.8431039365619,133.0,0.0,893.0,100.0,1226.0,9431.0,9004.0,-812.0,27.0,16449.0,19184.0,-16.0,16432.0,345.0,0.0,28282.0,48.0,Fail
l3319.txm,52.5469,752.0,753.8431039365619,132.0,0.0,886.0,101.0,1231.0,9443.0,9018.0,-1934.0,27.0,16689.0,19118.0,134.0,16562.0,345.0,1.0,28314.0,48.0,Fail
l3319.txm,53.5781,752.0,753.8431039365619,136.0,0.0,889.0,99.0,1228.0,9468.0,8981.0,-1156.0,28.0,16579.0,19206.0,-20.0,16712.0,349.0,1.0,28312.0,48.0,Fail
l3319.txm,54.5781,752.0,752.8431039365619,131.0,0.0,888.0,100.0,1228.0,9440.0,8966.0,-1719.0,28.0,16533.0,19172.0,-91.0,16638.0,351.0,0.0,28282.0,48.0,Fail
l3319.txm,55.6094,752.0,752.8431039365619,135.0,0.0,883.0,100.0,1231.0,9441.0,8988.0,-1723.0,27.0,16416.0,19174.0,268.0,16694.0,352.0,0.0,28292.0,48.0,Fail
l3319.txm,56.6562,752.0,754.8431039365619,133.0,0.0,879.0,100.0,1228.0,9420.0,9026.0,-832.0,28.0,16821.0,19170.0,758.0,16230.0,360.0,1.0,28294.0,48.0,Fail
l3319.txm,57.6562,752.0,753.8431039365619,135.0,0.0,814.0,101.0,1235.0,9396.0,9053.0,-942.0,27.0,16517.0,19182.0,-30.0,17048.0,341.0,0.0,28294.0,48.0,Fail
l3319.txm,58.6562,752.0,753.8431039365619,135.0,0.0,676.0,100.0,1239.0,9457.0,8987.0,401.0,27.0,16791.0,19358.0,-297.0,16412.0,343.0,0.0,28120.0,48.0,Fail
l3319.txm,59.6875,752.0,753.8431039365619,135.0,0.0,568.0,100.0,1232.0,9441.0,8995.0,815.0,28.0,16466.0,19560.0,-305.0,16386.0,350.0,0.0,27898.0,49.0,Fail
l3319.txm,60.7031,752.0,752.8431039365619,134.0,0.0,465.0,101.0,1229.0,9435.0,8986.0,-109.0,30.0,15978.0,19628.0,-733.0,16894.0,342.0,0.0,27838.0,49.0,Fail
l3319.txm,10.7031,751.0,754.0,134.005400540054,0.0,348.0,100.0,1270.0,9411.0,8971.0,-860.0,28.0,16500.0,19844.0,-906.0,16486.0,354.0,0.0,27618.0,49.0,Fail
l3320.txm,10.7031,751.0,754.0,134.005400540054,0.0,348.0,100.0,1270.0,9411.0,8971.0,-860.0,28.0,16500.0,19844.0,-906.0,16486.0,354.0,0.0,27618.0,49.0,Fail
l3320.txm,11.7188,751.0,752.0,132.005400540054,0.0,337.0,101.0,1266.0,9467.0,8912.0,-865.0,28.0,16016.0,19968.0,51.0,16274.0,349.0,0.0,27850.0,49.0,Fail
l3320.txm,12.75,751.0,754.0,134.005400540054,0.0,333.0,101.0,1266.0,9468.0,8920.0,-879.0,27.0,15964.0,19884.0,-74.0,16694.0,348.0,0.0,27818.0,49.0,Fail
l3320.txm,13.75,751.0,753.0,133.005400540054,0.0,326.0,101.0,1239.0,9480.0,8909.0,-315.0,28.0,16105.0,19910.0,-758.0,16850.0,352.0,0.0,27548.0,50.0,Fail
l3320.txm,14.7812,751.0,752.0,135.005400540054,0.0,354.0,101.0,1210.0,9411.0,9007.0,787.0,29.0,16713.0,20162.0,-340.0,15806.0,344.0,1.0,27564.0,50.0,Fail
l3320.txm,15.8125,751.0,753.0,130.005400540054,0.0,851.0,100.0,1194.0,9406.0,8957.0,-1752.0,26.0,16718.0,19302.0,-336.0,17216.0,350.0,1.0,28434.0,49.0,Fail
l3320.txm,16.8281,752.0,754.0,133.005400540054,0.0,917.0,99.0,1222.0,9417.0,8973.0,-1905.0,27.0,16144.0,19356.0,35.0,16458.0,344.0,0.0,28126.0,48.0,Fail
l3320.txm,17.8437,751.0,752.0,133.005400540054,0.0,886.0,101.0,1244.0,9440.0,8953.0,-748.0,28.0,16461.0,19390.0,-656.0,16366.0,343.0,0.0,28108.0,48.0,Fail
l3320.txm,18.8906,751.0,752.0,134.005400540054,0.0,690.0,100.0,1263.0,9488.0,8948.0,917.0,27.0,17132.0,19358.0,105.0,16170.0,348.0,0.0,28086.0,49.0,Fail
l3320.txm,19.9219,751.0,753.0,134.005400540054,0.0,828.0,101.0,1200.0,9480.0,8933.0,-1.0,28.0,16693.0,19366.0,330.0,16030.0,350.0,0.0,28236.0,49.0,Fail
l3320.txm,20.9375,752.0,752.0,133.005400540054,0.0,830.0,100.0,1234.0,9416.0,8958.0,-2100.0,26.0,16539.0,19466.0,-315.0,16350.0,355.0,0.0,28208.0,49.0,Fail
l3320.txm,21.9531,751.0,754.0,135.005400540054,0.0,839.0,100.0,1233.0,9400.0,8947.0,-791.0,28.0,16637.0,19366.0,86.0,16542.0,358.0,0.0,28080.0,49.0,Fail
l3320.txm,22.9688,751.0,753.0,135.005400540054,0.0,840.0,100.0,1221.0,9432.0,8959.0,-1869.0,27.0,16784.0,19342.0,134.0,16522.0,356.0,0.0,28108.0,49.0,Fail
l3320.txm,24.0,751.0,753.0,133.005400540054,0.0,849.0,101.0,1234.0,9434.0,8968.0,-1296.0,26.0,16778.0,19216.0,121.0,16566.0,350.0,0.0,28196.0,49.0,Fail
l3320.txm,25.0156,751.0,753.0,132.005400540054,0.0,861.0,100.0,1226.0,9476.0,8970.0,-1444.0,27.0,16769.0,19208.0,82.0,16464.0,342.0,0.0,28184.0,49.0,Fail
l3320.txm,26.0625,752.0,753.0,135.005400540054,0.0,865.0,102.0,1234.0,9451.0,8903.0,-1038.0,26.0,17144.0,19326.0,184.0,16192.0,346.0,0.0,28230.0,49.0,Fail
l3320.txm,27.0469,752.0,753.0,136.005400540054,0.0,877.0,100.0,1226.0,9443.0,8920.0,-1989.0,26.0,16658.0,19322.0,-260.0,16616.0,357.0,0.0,28308.0,49.0,Fail
l3320.txm,28.0781,752.0,754.0,135.005400540054,0.0,884.0,101.0,1230.0,9469.0,8918.0,174.0,26.0,16659.0,19280.0,366.0,16546.0,353.0,0.0,28150.0,49.0,Fail
l3320.txm,29.0781,752.0,753.0,129.005400540054,0.0,882.0,100.0,1227.0,9385.0,8964.0,-2616.0,25.0,16379.0,19126.0,-343.0,16912.0,346.0,1.0,28310.0,49.0,Fail
l3320.txm,30.1094,752.0,754.0,134.005400540054,0.0,876.0,101.0,1228.0,9487.0,8945.0,-824.0,26.0,17083.0,19130.0,-525.0,16870.0,344.0,1.0,28290.0,49.0,Fail
l3320.txm,31.1406,751.0,753.0,135.005400540054,0.0,879.0,100.0,1227.0,9454.0,8907.0,-902.0,25.0,16395.0,19270.0,-57.0,16870.0,348.0,0.0,28304.0,49.0,Fail
l3320.txm,32.1563,751.0,754.0,132.005400540054,0.0,884.0,102.0,1230.0,9473.0,8963.0,-1659.0,25.0,16930.0,19114.0,304.0,16556.0,351.0,0.0,28312.0,49.0,Fail
l3320.txm,33.1875,751.0,753.0,134.005400540054,0.0,878.0,100.0,1230.0,9461.0,8922.0,495.0,26.0,17132.0,19138.0,1144.0,16828.0,352.0,0.0,28282.0,49.0,Fail
l3320.txm,34.1875,752.0,754.0,135.005400540054,0.0,883.0,101.0,1228.0,9411.0,8983.0,-2254.0,26.0,16791.0,19266.0,-264.0,16802.0,345.0,1.0,28306.0,49.0,Fail
l3320.txm,35.2187,752.0,753.0,134.005400540054,0.0,881.0,101.0,1231.0,9410.0,8979.0,-1315.0,25.0,16799.0,19122.0,-486.0,16770.0,350.0,1.0,28310.0,49.0,Fail
l3320.txm,36.2344,753.0,754.0,131.005400540054,0.0,882.0,100.0,1227.0,9401.0,8943.0,-1314.0,25.0,15813.0,19254.0,-94.0,16248.0,356.0,1.0,28298.0,49.0,Fail
l3320.txm,37.25,752.0,753.0,134.005400540054,0.0,883.0,100.0,1232.0,9448.0,9015.0,-286.0,26.0,16826.0,19266.0,155.0,16688.0,345.0,0.0,28316.0,49.0,Fail
l3320.txm,38.2969,751.0,753.0,132.005400540054,0.0,881.0,101.0,1225.0,9411.0,8971.0,-1256.0,26.0,16056.0,19248.0,384.0,16410.0,360.0,0.0,28294.0,49.0,Fail
l3320.txm,39.3281,752.0,754.0,135.005400540054,0.0,882.0,100.0,1232.0,9445.0,9007.0,-1024.0,25.0,16830.0,19268.0,124.0,16130.0,355.0,0.0,28152.0,49.0,Fail
l3320.txm,40.3437,751.0,753.0,134.005400540054,0.0,886.0,100.0,1226.0,9411.0,8954.0,-945.0,25.0,15969.0,19222.0,290.0,16162.0,348.0,0.0,28148.0,49.0,Fail
l3320.txm,41.3594,752.0,754.0,133.005400540054,0.0,890.0,100.0,1232.0,9405.0,9006.0,44.0,24.0,16652.0,19108.0,40.0,16534.0,347.0,1.0,28154.0,49.0,Fail
l3320.txm,42.375,752.0,753.0,133.005400540054,0.0,878.0,100.0,1225.0,9489.0,8919.0,-1576.0,25.0,16040.0,19154.0,-604.0,16184.0,349.0,0.0,28146.0,49.0,Fail
l3320.txm,43.4062,751.0,753.0,131.005400540054,0.0,889.0,101.0,1230.0,9458.0,8950.0,-2902.0,25.0,16699.0,19100.0,570.0,16842.0,348.0,0.0,28326.0,49.0,Fail
l3320.txm,44.4219,751.0,752.0,136.005400540054,0.0,882.0,101.0,1230.0,9448.0,8950.0,-1089.0,25.0,17090.0,19208.0,176.0,16460.0,350.0,0.0,28144.0,49.0,Fail
l3320.txm,45.4687,751.0,754.0,131.005400540054,0.0,882.0,101.0,1229.0,9398.0,9001.0,-605.0,25.0,16379.0,19128.0,340.0,16658.0,358.0,0.0,28302.0,49.0,Fail
l3320.txm,46.4687,751.0,753.0,132.005400540054,0.0,873.0,101.0,1227.0,9473.0,8981.0,-1836.0,26.0,16476.0,19202.0,92.0,16602.0,357.0,1.0,28312.0,49.0,Fail
l3320.txm,47.4844,751.0,753.0,132.005400540054,0.0,876.0,100.0,1227.0,9490.0,8916.0,-363.0,25.0,16801.0,19248.0,59.0,16714.0,344.0,1.0,28284.0,49.0,Fail
l3320.txm,48.5156,752.0,754.0,132.005400540054,0.0,879.0,101.0,1228.0,9464.0,8994.0,-451.0,25.0,16999.0,19256.0,-435.0,15722.0,343.0,0.0,28156.0,49.0,Fail
l3320.txm,49.5156,752.0,754.0,135.005400540054,0.0,874.0,100.0,1230.0,9435.0,8939.0,-388.0,26.0,16812.0,19110.0,93.0,15540.0,351.0,1.0,28288.0,49.0,Fail
l3320.txm,50.5469,752.0,754.0,133.005400540054,0.0,876.0,100.0,1229.0,9423.0,8987.0,-433.0,25.0,16664.0,19220.0,-53.0,16474.0,348.0,1.0,28324.0,49.0,Fail
l3320.txm,51.5625,752.0,752.0,136.005400540054,0.0,872.0,100.0,1227.0,9417.0,8954.0,-1009.0,25.0,16963.0,19214.0,956.0,16792.0,356.0,1.0,28300.0,49.0,Fail
l3320.txm,52.6094,752.0,752.0,134.005400540054,0.0,878.0,100.0,1228.0,9441.0,8938.0,-2413.0,26.0,16287.0,19140.0,85.0,16724.0,356.0,1.0,28286.0,49.0,Fail
l3320.txm,53.5937,752.0,754.0,134.005400540054,0.0,870.0,100.0,1228.0,9420.0,8949.0,-2167.0,26.0,16439.0,19180.0,157.0,16262.0,349.0,0.0,28294.0,49.0,Fail
l3320.txm,54.6719,752.0,754.0,134.005400540054,0.0,849.0,100.0,1232.0,9403.0,8966.0,112.0,25.0,16480.0,19172.0,140.0,16568.0,347.0,0.0,28302.0,49.0,Fail
l3320.txm,55.6875,752.0,754.0,133.005400540054,0.0,727.0,100.0,1235.0,9394.0,8984.0,63.0,27.0,16531.0,19192.0,500.0,16216.0,358.0,1.0,28246.0,49.0,Fail
l3320.txm,56.7187,752.0,754.0,132.005400540054,0.0,596.0,101.0,1237.0,9460.0,8923.0,1168.0,27.0,16603.0,19370.0,-771.0,16826.0,354.0,0.0,28090.0,49.0,Fail
l3320.txm,57.7187,752.0,754.0,133.005400540054,0.0,484.0,100.0,1235.0,9445.0,8926.0,1261.0,28.0,16417.0,19534.0,-624.0,16812.0,343.0,0.0,27902.0,50.0,Fail
l3320.txm,9.75,750.1589262018986,752.0,136.0,0.0,343.0,101.0,1390.0,9374.0,9085.0,-1060.0,31.0,16757.0,19740.0,-75.0,16904.0,342.0,0.0,28106.0,49.0,Fail
l3339.txm,9.75,750.1589262018986,752.0,136.0,0.0,343.0,101.0,1390.0,9374.0,9085.0,-1060.0,31.0,16757.0,19740.0,-75.0,16904.0,342.0,0.0,28106.0,49.0,Fail
l3339.txm,10.7344,751.1589262018986,752.0,134.0,0.0,336.0,101.0,1386.0,9414.0,9032.0,-993.0,31.0,16689.0,19768.0,-1007.0,16610.0,347.0,0.0,27972.0,49.0,Fail
l3339.txm,11.7656,750.1589262018986,753.0,131.0,0.0,330.0,99.0,1385.0,9390.0,9086.0,-974.0,31.0,16272.0,19912.0,47.0,16622.0,349.0,0.0,27804.0,49.0,Fail
l3339.txm,12.7813,751.1589262018986,753.0,131.0,0.0,341.0,100.0,1284.0,9444.0,9024.0,1738.0,27.0,17039.0,19866.0,-318.0,16942.0,343.0,0.0,27810.0,52.0,Fail
l3339.txm,13.7969,751.1589262018986,752.0,132.0,0.0,339.0,101.0,1189.0,9356.0,9018.0,-603.0,30.0,16519.0,20118.0,131.0,16080.0,345.0,0.0,27584.0,53.0,Fail
l3339.txm,14.8125,751.1589262018986,752.0,134.0,0.0,691.0,101.0,1194.0,9457.0,8933.0,-198.0,29.0,17226.0,19450.0,616.0,16596.0,343.0,0.0,28364.0,52.0,Fail
l3339.txm,15.8438,751.1589262018986,752.0,133.0,0.0,830.0,101.0,1179.0,9311.0,9023.0,-1382.0,31.0,15888.0,19262.0,456.0,16566.0,352.0,1.0,28348.0,51.0,Fail
l3339.txm,16.875,751.1589262018986,753.0,135.0,0.0,837.0,100.0,1223.0,9408.0,8995.0,-323.0,32.0,15862.0,19278.0,-322.0,16592.0,350.0,0.0,28286.0,50.0,Fail
l3339.txm,17.8906,751.1589262018986,752.0,133.0,0.0,742.0,100.0,1261.0,9429.0,9001.0,621.0,28.0,17080.0,19394.0,-55.0,16582.0,354.0,0.0,28156.0,50.0,Fail
l3339.txm,18.8906,752.1589262018986,753.0,133.0,0.0,715.0,100.0,1238.0,9453.0,8938.0,-249.0,29.0,16846.0,19422.0,1082.0,16562.0,359.0,1.0,28290.0,51.0,Fail
l3339.txm,19.9219,752.1589262018986,753.0,134.0,0.0,780.0,100.0,1208.0,9411.0,8926.0,-2026.0,30.0,16107.0,19150.0,40.0,16436.0,358.0,1.0,28280.0,51.0,Fail
l3339.txm,20.9375,751.1589262018986,753.0,134.0,0.0,790.0,101.0,1241.0,9453.0,8932.0,-1020.0,29.0,16913.0,19240.0,534.0,16592.0,348.0,0.0,28324.0,51.0,Fail
l3339.txm,21.9531,752.1589262018986,753.0,135.0,0.0,790.0,101.0,1223.0,9423.0,8954.0,-996.0,31.0,15938.0,19222.0,-332.0,16558.0,355.0,1.0,28152.0,51.0,Fail
l3339.txm,22.9688,751.1589262018986,754.0,134.0,0.0,798.0,101.0,1231.0,9407.0,8997.0,-1482.0,30.0,16019.0,19198.0,2.0,16436.0,349.0,0.0,28150.0,51.0,Fail
l3339.txm,24.0,751.1589262018986,753.0,132.0,0.0,808.0,102.0,1226.0,9440.0,8974.0,-1743.0,31.0,16061.0,19182.0,734.0,16106.0,356.0,0.0,28322.0,51.0,Fail
l3339.txm,25.0156,752.1589262018986,753.0,126.0,0.0,817.0,100.0,1226.0,9394.0,9018.0,-1386.0,30.0,15916.0,19168.0,-395.0,16408.0,350.0,0.0,28396.0,51.0,Fail
l3339.txm,26.0469,751.1589262018986,753.0,136.0,0.0,830.0,99.0,1229.0,9463.0,8969.0,-1785.0,30.0,16282.0,19224.0,-431.0,16236.0,350.0,0.0,28354.0,51.0,Fail
l3339.txm,27.0625,752.1589262018986,753.0,136.0,0.0,829.0,99.0,1227.0,9461.0,8966.0,-1667.0,30.0,16013.0,19212.0,-22.0,16310.0,353.0,0.0,28370.0,51.0,Fail
l3339.txm,28.0781,752.1589262018986,754.0,133.0,0.0,827.0,100.0,1229.0,9425.0,8998.0,-1344.0,29.0,16130.0,19178.0,5.0,16428.0,343.0,0.0,28346.0,51.0,Fail
l3339.txm,29.1406,752.1589262018986,753.0,134.0,0.0,825.0,99.0,1226.0,9431.0,8948.0,-1572.0,30.0,16398.0,19060.0,-423.0,15932.0,351.0,0.0,28388.0,51.0,Fail
l3339.txm,30.1406,751.1589262018986,753.0,133.0,0.0,834.0,101.0,1227.0,9405.0,9008.0,-1919.0,29.0,16200.0,19074.0,103.0,16620.0,347.0,0.0,28358.0,51.0,Fail
l3339.txm,31.1719,751.1589262018986,753.0,131.0,0.0,826.0,100.0,1224.0,9456.0,8959.0,-1238.0,29.0,16094.0,19202.0,-5.0,16266.0,354.0,2.0,28356.0,51.0,Fail
l3339.txm,32.1875,752.1589262018986,753.0,133.0,0.0,827.0,100.0,1226.0,9384.0,9018.0,-2148.0,29.0,16228.0,19124.0,664.0,16312.0,346.0,0.0,28394.0,51.0,Fail
l3339.txm,33.2188,752.1589262018986,753.0,136.0,0.0,826.0,101.0,1227.0,9405.0,8990.0,-1532.0,28.0,15885.0,19234.0,-39.0,16926.0,353.0,0.0,28372.0,51.0,Fail
l3339.txm,34.2188,751.1589262018986,754.0,133.0,0.0,826.0,100.0,1228.0,9439.0,9021.0,-1718.0,29.0,16243.0,19084.0,16.0,16570.0,351.0,0.0,28362.0,51.0,Fail
l3339.txm,35.25,752.1589262018986,753.0,132.0,0.0,827.0,101.0,1228.0,9396.0,8982.0,-1318.0,29.0,15922.0,19198.0,-89.0,16706.0,353.0,1.0,28370.0,51.0,Fail
l3339.txm,36.2969,751.1589262018986,754.0,133.0,0.0,826.0,102.0,1227.0,9434.0,9022.0,-995.0,29.0,16095.0,19228.0,-95.0,16766.0,352.0,0.0,28332.0,51.0,Fail
l3339.txm,37.2969,751.1589262018986,753.0,131.0,0.0,823.0,101.0,1228.0,9481.0,8981.0,-1284.0,29.0,16098.0,19238.0,75.0,16318.0,355.0,0.0,28340.0,51.0,Fail
l3339.txm,38.2969,752.1589262018986,754.0,136.0,0.0,831.0,101.0,1230.0,9445.0,8971.0,-555.0,28.0,16246.0,19064.0,-64.0,16598.0,351.0,0.0,28390.0,51.0,Fail
l3339.txm,39.3281,752.1589262018986,752.0,134.0,0.0,827.0,102.0,1228.0,9474.0,8960.0,-417.0,28.0,16096.0,19170.0,-315.0,16558.0,355.0,0.0,28390.0,51.0,Fail
l3339.txm,40.3437,752.1589262018986,753.0,132.0,0.0,828.0,102.0,1225.0,9422.0,9017.0,-981.0,28.0,16255.0,19178.0,-372.0,16568.0,346.0,0.0,28398.0,51.0,Fail
l3339.txm,41.375,752.1589262018986,753.0,135.0,0.0,828.0,102.0,1227.0,9421.0,8986.0,-749.0,28.0,16591.0,19086.0,-353.0,16616.0,351.0,0.0,28368.0,51.0,Fail
l3339.txm,42.375,751.1589262018986,754.0,139.0,0.0,828.0,102.0,1225.0,9417.0,8987.0,-882.0,29.0,16503.0,19092.0,-286.0,16530.0,350.0,1.0,28372.0,51.0,Fail
l3339.txm,43.4062,752.1589262018986,755.0,136.0,0.0,825.0,101.0,1227.0,9438.0,8987.0,-680.0,28.0,16089.0,19210.0,-7.0,16206.0,344.0,1.0,28386.0,51.0,Fail
l3339.txm,44.4375,752.1589262018986,753.0,133.0,0.0,819.0,101.0,1229.0,9451.0,8988.0,-2403.0,29.0,16150.0,19098.0,146.0,15978.0,355.0,0.0,28366.0,51.0,Fail
l3339.txm,45.4531,752.1589262018986,754.0,132.0,0.0,820.0,99.0,1232.0,9421.0,8999.0,-1896.0,28.0,16085.0,19096.0,-94.0,16598.0,348.0,1.0,28402.0,51.0,Fail
l3339.txm,46.4687,750.1589262018986,752.0,136.0,0.0,818.0,101.0,1229.0,9414.0,8981.0,-1606.0,29.0,16257.0,19098.0,-700.0,16732.0,349.0,0.0,28406.0,51.0,Fail
l3339.txm,47.4844,752.1589262018986,754.0,133.0,0.0,821.0,101.0,1230.0,9452.0,9003.0,-1394.0,29.0,16050.0,19084.0,-423.0,16806.0,342.0,1.0,28368.0,51.0,Fail
l3339.txm,48.5312,751.1589262018986,753.0,136.0,0.0,814.0,101.0,1230.0,9425.0,9015.0,-2273.0,28.0,16254.0,19200.0,-334.0,16894.0,345.0,0.0,28376.0,51.0,Fail
l3339.txm,49.5625,752.1589262018986,753.0,134.0,0.0,818.0,100.0,1231.0,9424.0,9075.0,-1218.0,29.0,16226.0,19072.0,-336.0,16570.0,350.0,0.0,28354.0,51.0,Fail
l3339.txm,50.5781,752.1589262018986,753.0,134.0,0.0,824.0,99.0,1233.0,9496.0,8950.0,-504.0,28.0,16424.0,19124.0,516.0,16732.0,343.0,1.0,28394.0,51.0,Fail
l3339.txm,51.5937,751.1589262018986,753.0,133.0,0.0,813.0,100.0,1226.0,9440.0,8947.0,-1386.0,28.0,16077.0,19160.0,-708.0,16158.0,354.0,0.0,28354.0,51.0,Fail
l3339.txm,52.625,752.1589262018986,753.0,133.0,0.0,808.0,99.0,1227.0,9450.0,8964.0,-611.0,29.0,15991.0,19134.0,-368.0,17094.0,342.0,1.0,28350.0,51.0,Fail
l3339.txm,53.6406,752.1589262018986,754.0,132.0,0.0,746.0,100.0,1234.0,9475.0,8994.0,-494.0,28.0,16239.0,19140.0,131.0,17150.0,347.0,0.0,28356.0,51.0,Fail
l3339.txm,54.6562,751.1589262018986,754.0,134.0,1.0,610.0,101.0,1245.0,9488.0,8987.0,1639.0,25.0,17090.0,19346.0,-690.0,16476.0,348.0,0.0,28106.0,51.0,Fail
l3339.txm,55.7031,752.1589262018986,754.0,135.0,1.0,503.0,102.0,1234.0,9478.0,8947.0,1049.0,27.0,17009.0,19604.0,-307.0,16638.0,351.0,0.0,28022.0,52.0,Fail
l3339.txm,56.7031,752.1589262018986,753.0,135.0,0.0,444.0,99.0,1234.0,9397.0,8984.0,329.0,28.0,16531.0,19618.0,150.0,16490.0,349.0,0.0,28014.0,52.0,Fail
l3339.txm,10.7344,751.0,753.0,134.0,0.0,344.0,101.0,1215.1357753893396,9381.0,9036.0,-702.0,31.0,16994.0,19788.0,-93.0,16852.0,346.0,0.0,27838.0,49.0,Fail
l3340.txm,10.7344,751.0,753.0,134.0,0.0,344.0,101.0,1215.1357753893396,9381.0,9036.0,-702.0,31.0,16994.0,19788.0,-93.0,16852.0,346.0,0.0,27838.0,49.0,Fail
l3340.txm,11.7656,751.0,754.0,133.0,0.0,326.0,100.0,1210.1357753893396,9444.0,8968.0,-1939.0,31.0,16471.0,19852.0,-948.0,16700.0,352.0,0.0,27820.0,49.0,Fail
l3340.txm,12.8125,751.0,753.0,135.0,0.0,318.0,100.0,1210.1357753893396,9432.0,9033.0,-1617.0,31.0,16685.0,19986.0,1002.0,16076.0,349.0,0.0,27768.0,49.0,Fail
l3340.txm,13.8125,750.0,754.0,132.0,0.0,306.0,102.0,1213.1357753893396,9429.0,9011.0,-1092.0,32.0,15754.0,19946.0,-303.0,16730.0,349.0,0.0,27836.0,49.0,Fail
l3340.txm,14.8438,751.0,753.0,134.0,0.0,300.0,99.0,1230.1357753893396,9425.0,9021.0,-611.0,32.0,15806.0,19984.0,-536.0,16760.0,350.0,0.0,27700.0,48.0,Fail
l3340.txm,15.8594,751.0,754.0,134.0,0.0,743.0,101.0,1196.1357753893396,9400.0,9060.0,-371.0,32.0,16473.0,19414.0,732.0,16746.0,352.0,0.0,28518.0,48.0,Fail
l3340.txm,16.875,751.0,753.0,133.0,0.0,888.0,102.0,1219.1357753893396,9449.0,9057.0,-1314.0,30.0,16387.0,19246.0,-577.0,16788.0,357.0,0.0,28144.0,47.0,Fail
l3340.txm,17.8906,752.0,753.0,135.0,0.0,879.0,99.0,1243.1357753893396,9394.0,9120.0,-583.0,32.0,15794.0,19240.0,-64.0,16286.0,353.0,0.0,28294.0,47.0,Fail
l3340.txm,18.9062,751.0,754.0,134.0,0.0,664.0,100.0,1274.1357753893396,9502.0,9010.0,596.0,30.0,16783.0,19444.0,-355.0,16078.0,351.0,0.0,28326.0,48.0,Fail
l3340.txm,20.0156,752.0,753.0,136.0,0.0,806.0,100.0,1197.1357753893396,9499.0,9007.0,-302.0,29.0,16998.0,19456.0,95.0,16384.0,342.0,0.0,28368.0,48.0,Fail
l3340.txm,20.9531,751.0,753.0,134.0,0.0,823.0,101.0,1239.1357753893396,9459.0,9072.0,1023.0,31.0,16191.0,19206.0,-542.0,16658.0,349.0,0.0,28414.0,48.0,Fail
l3340.txm,21.9688,752.0,752.0,135.0,0.0,817.0,102.0,1236.1357753893396,9413.0,9118.0,-249.0,31.0,16457.0,19326.0,60.0,16400.0,344.0,0.0,28270.0,48.0,Fail
l3340.txm,22.9844,751.0,754.0,132.0,0.0,830.0,101.0,1232.1357753893396,9466.0,9028.0,221.0,31.0,16703.0,19234.0,74.0,16536.0,342.0,0.0,28392.0,48.0,Fail
l3340.txm,24.0156,751.0,754.0,134.0,0.0,844.0,102.0,1236.1357753893396,9479.0,9036.0,-1478.0,31.0,16065.0,19196.0,192.0,16480.0,343.0,0.0,28384.0,48.0,Fail
l3340.txm,25.0312,751.0,754.0,129.0,0.0,853.0,101.0,1231.1357753893396,9433.0,9053.0,-180.0,31.0,16269.0,19194.0,50.0,16192.0,347.0,0.0,28440.0,48.0,Fail
l3340.txm,26.0469,752.0,753.0,135.0,0.0,865.0,102.0,1233.1357753893396,9453.0,9024.0,-60.0,31.0,16683.0,19266.0,63.0,16828.0,344.0,0.0,28534.0,48.0,Fail
l3340.txm,27.0781,752.0,753.0,136.0,0.0,862.0,101.0,1232.1357753893396,9407.0,9116.0,157.0,31.0,16380.0,19282.0,122.0,16890.0,347.0,1.0,28476.0,48.0,Fail
l3340.txm,28.0938,751.0,751.0,134.0,0.0,859.0,99.0,1230.1357753893396,9433.0,9078.0,-665.0,31.0,16519.0,19120.0,-390.0,15938.0,359.0,0.0,28292.0,48.0,Fail
l3340.txm,29.125,752.0,753.0,136.0,1.0,860.0,100.0,1233.1357753893396,9417.0,9057.0,-776.0,29.0,16601.0,19114.0,342.0,16274.0,357.0,0.0,28524.0,48.0,Fail
l3340.txm,30.125,752.0,753.0,132.0,0.0,866.0,100.0,1235.1357753893396,9447.0,9110.0,847.0,29.0,16571.0,19108.0,-263.0,16578.0,346.0,0.0,28486.0,48.0,Fail
l3340.txm,31.1562,752.0,754.0,132.0,0.0,863.0,101.0,1233.1357753893396,9414.0,9098.0,148.0,29.0,16897.0,19148.0,-48.0,16692.0,343.0,0.0,28464.0,48.0,Fail
l3340.txm,32.1719,752.0,754.0,137.0,0.0,865.0,102.0,1232.1357753893396,9467.0,9020.0,-160.0,29.0,16788.0,19108.0,130.0,16354.0,346.0,0.0,28534.0,48.0,Fail
l3340.txm,33.2031,751.0,754.0,133.0,0.0,865.0,101.0,1234.1357753893396,9503.0,9045.0,576.0,29.0,16553.0,19266.0,84.0,16654.0,351.0,1.0,28490.0,48.0,Fail
l3340.txm,34.2031,751.0,753.0,134.0,0.0,860.0,102.0,1231.1357753893396,9420.0,9048.0,844.0,28.0,16727.0,19146.0,-290.0,16472.0,343.0,0.0,28322.0,48.0,Fail
l3340.txm,35.2344,752.0,753.0,133.0,0.0,859.0,100.0,1232.1357753893396,9442.0,9058.0,-1263.0,28.0,16497.0,19252.0,-284.0,16588.0,346.0,1.0,28540.0,48.0,Fail
l3340.txm,36.25,752.0,752.0,133.0,0.0,866.0,99.0,1232.1357753893396,9429.0,9068.0,-408.0,28.0,16104.0,19110.0,-279.0,16666.0,343.0,0.0,28480.0,48.0,Fail
l3340.txm,37.2813,752.0,754.0,133.0,0.0,863.0,100.0,1233.1357753893396,9428.0,9076.0,555.0,29.0,16482.0,19162.0,-391.0,16012.0,348.0,0.0,28326.0,48.0,Fail
l3340.txm,38.2812,752.0,753.0,133.0,0.0,856.0,101.0,1233.1357753893396,9452.0,9104.0,185.0,29.0,16784.0,19250.0,50.0,16586.0,342.0,0.0,28274.0,48.0,Fail
l3340.txm,39.3438,751.0,753.0,134.0,0.0,863.0,100.0,1232.1357753893396,9485.0,9083.0,-132.0,29.0,16579.0,19260.0,4.0,16634.0,345.0,1.0,28324.0,48.0,Fail
l3340.txm,40.3281,752.0,754.0,134.0,0.0,858.0,100.0,1232.1357753893396,9431.0,9065.0,-599.0,28.0,16239.0,19210.0,722.0,16000.0,356.0,1.0,28482.0,48.0,Fail
l3340.txm,41.3594,752.0,753.0,135.0,0.0,863.0,100.0,1233.1357753893396,9502.0,9045.0,-11.0,28.0,16430.0,19220.0,822.0,16666.0,347.0,1.0,28254.0,48.0,Fail
l3340.txm,42.3594,751.0,752.0,135.0,0.0,861.0,99.0,1233.1357753893396,9512.0,9036.0,430.0,29.0,16796.0,19142.0,120.0,16396.0,351.0,0.0,28310.0,48.0,Fail
l3340.txm,43.3906,751.0,754.0,132.0,0.0,863.0,101.0,1235.1357753893396,9405.0,9128.0,-1117.0,28.0,16628.0,19148.0,-5.0,16474.0,345.0,1.0,28306.0,48.0,Fail
l3340.txm,44.4219,751.0,751.0,131.0,0.0,864.0,100.0,1232.1357753893396,9427.0,9111.0,-466.0,28.0,16205.0,19150.0,-365.0,15880.0,359.0,0.0,28528.0,48.0,Fail
l3340.txm,45.5156,752.0,753.0,134.0,0.0,858.0,101.0,1231.1357753893396,9453.0,9036.0,295.0,29.0,16697.0,19198.0,1.0,16162.0,347.0,0.0,28476.0,48.0,Fail
l3340.txm,46.5625,752.0,753.0,133.0,0.0,855.0,101.0,1232.1357753893396,9455.0,9070.0,667.0,28.0,16416.0,19192.0,93.0,16230.0,350.0,0.0,28268.0,48.0,Fail
l3340.txm,47.5469,751.0,753.0,135.0,0.0,853.0,100.0,1233.1357753893396,9430.0,9085.0,655.0,28.0,16377.0,19110.0,-458.0,16054.0,350.0,1.0,28490.0,48.0,Fail
l3340.txm,48.5781,752.0,754.0,132.0,0.0,853.0,102.0,1232.1357753893396,9440.0,9096.0,-1218.0,28.0,16179.0,19282.0,-14.0,16634.0,344.0,0.0,28522.0,48.0,Fail
l3340.txm,49.5937,752.0,753.0,133.0,0.0,855.0,100.0,1231.1357753893396,9419.0,9131.0,-832.0,29.0,16452.0,19178.0,54.0,16496.0,348.0,0.0,28532.0,48.0,Fail
l3340.txm,50.6094,751.0,754.0,132.0,0.0,847.0,101.0,1231.1357753893396,9444.0,9077.0,1143.0,28.0,16257.0,19170.0,-259.0,16516.0,361.0,1.0,28474.0,48.0,Fail
l3340.txm,51.625,752.0,754.0,132.0,0.0,833.0,101.0,1233.1357753893396,9486.0,9039.0,860.0,29.0,16965.0,19260.0,126.0,16248.0,350.0,0.0,28274.0,48.0,Fail
l3340.txm,52.6562,752.0,753.0,133.0,0.0,727.0,101.0,1245.1357753893396,9454.0,9042.0,584.0,28.0,16400.0,19126.0,-591.0,16824.0,343.0,0.0,28462.0,48.0,Fail
l3340.txm,53.6719,752.0,754.0,133.0,0.0,583.0,99.0,1244.1357753893396,9439.0,9001.0,417.0,28.0,16462.0,19430.0,-558.0,16710.0,345.0,0.0,28232.0,48.0,Fail
l3340.txm,54.6875,752.0,753.0,133.0,0.0,484.0,102.0,1232.1357753893396,9419.0,9037.0,258.0,29.0,16499.0,19556.0,90.0,16334.0,352.0,0.0,28070.0,48.0,Fail
l3340.txm,10.75,751.0,753.0,131.0,0.0,385.0,101.0,1308.0,9464.0,8941.0,-870.0,30.0,17268.0,19578.0,-755.0,16464.0,354.5360824742268,0.0,28058.0,49.0,Fail
l3341.txm,10.75,751.0,753.0,131.0,0.0,385.0,101.0,1308.0,9464.0,8941.0,-870.0,30.0,17268.0,19578.0,-755.0,16464.0,354.5360824742268,0.0,28058.0,49.0,Fail
l3341.txm,11.7969,751.0,754.0,135.0,0.0,368.0,100.0,1303.0,9450.0,8921.0,-1470.0,30.0,16795.0,19636.0,-600.0,16830.0,341.5360824742268,0.0,27980.0,49.0,Fail
l3341.txm,12.8281,752.0,752.0,135.0,0.0,361.0,100.0,1304.0,9460.0,8931.0,-2494.0,30.0,16644.0,19830.0,-352.0,16476.0,345.5360824742268,0.0,28014.0,49.0,Fail
l3341.txm,13.8281,751.0,753.0,134.0,0.0,352.0,100.0,1263.0,9455.0,8981.0,-609.0,30.0,17026.0,19700.0,130.0,17004.0,344.5360824742268,0.0,27888.0,50.0,Fail
l3341.txm,14.8594,750.0,752.0,132.0,0.0,395.0,100.0,1201.0,9459.0,8943.0,1069.0,29.0,16901.0,20080.0,-59.0,15662.0,348.5360824742268,0.0,27790.0,50.0,Fail
l3341.txm,15.875,751.0,753.0,132.0,0.0,894.0,100.0,1189.0,9441.0,8885.0,-349.0,31.0,16226.0,19054.0,74.0,16644.0,357.5360824742268,0.0,28610.0,50.0,Fail
l3341.txm,16.9062,751.0,753.0,132.0,0.0,989.0,101.0,1219.0,9433.0,8945.0,-1789.0,28.0,16813.0,19002.0,-508.0,16292.0,349.5360824742268,0.0,28246.0,49.0,Fail
l3341.txm,17.9062,751.0,753.0,134.0,0.0,967.0,101.0,1242.0,9398.0,8968.0,-1191.0,29.0,16732.0,19160.0,-279.0,16448.0,352.5360824742268,0.0,28286.0,49.0,Fail
l3341.txm,18.9688,751.0,754.0,133.0,0.0,747.0,102.0,1270.0,9438.0,8907.0,1346.0,29.0,16474.0,19130.0,108.0,16448.0,348.5360824742268,0.0,28314.0,49.0,Fail
l3341.txm,19.9531,751.0,752.0,130.0,0.0,904.0,100.0,1194.0,9472.0,8915.0,768.0,28.0,16744.0,19146.0,4.0,16564.0,346.5360824742268,1.0,28316.0,50.0,Fail
l3341.txm,20.9844,751.0,753.0,135.0,0.0,907.0,99.0,1236.0,9439.0,8941.0,-1294.0,28.0,16597.0,19274.0,-31.0,16358.0,344.5360824742268,0.0,28358.0,49.0,Fail
l3341.txm,21.9844,751.0,753.0,136.0,0.0,922.0,100.0,1230.0,9415.0,8930.0,-1114.0,30.0,16216.0,19138.0,25.0,16602.0,345.5360824742268,0.0,28330.0,49.0,Fail
l3341.txm,23.0156,752.0,752.0,135.0,0.0,921.0,100.0,1226.0,9428.0,8914.0,-712.0,29.0,16947.0,19094.0,172.0,16314.0,354.5360824742268,0.0,28374.0,49.0,Fail
l3341.txm,24.0313,752.0,753.0,133.0,0.0,940.0,99.0,1231.0,9446.0,8895.0,-1099.0,29.0,16917.0,19124.0,-11.0,16534.0,344.5360824742268,0.0,28494.0,49.0,Fail
l3341.txm,25.0625,752.0,754.0,133.0,0.0,955.0,99.0,1226.0,9420.0,8924.0,-730.0,28.0,16562.0,19110.0,-54.0,16784.0,344.5360824742268,0.0,28304.0,49.0,Fail
l3341.txm,26.0781,751.0,754.0,131.0,0.0,966.0,100.0,1228.0,9465.0,8885.0,-1557.0,28.0,16605.0,19044.0,252.0,16428.0,341.5360824742268,0.0,28298.0,49.0,Fail
l3341.txm,27.0937,751.0,753.0,131.0,0.0,968.0,99.0,1231.0,9394.0,8951.0,-1622.0,28.0,16388.0,18990.0,17.0,16464.0,351.5360824742268,1.0,28510.0,49.0,Fail
l3341.txm,28.125,751.0,753.0,134.0,0.0,961.0,100.0,1228.0,9456.0,8905.0,-1284.0,28.0,16789.0,19052.0,-15.0,16680.0,347.5360824742268,1.0,28488.0,49.0,Fail
l3341.txm,29.1406,752.0,753.0,136.0,0.0,970.0,100.0,1226.0,9409.0,8898.0,-1832.0,28.0,16733.0,18960.0,115.0,16314.0,347.5360824742268,1.0,28458.0,49.0,Fail
l3341.txm,30.1563,752.0,754.0,132.0,0.0,969.0,100.0,1229.0,9418.0,8937.0,-2129.0,28.0,16561.0,19038.0,-69.0,16644.0,348.5360824742268,0.0,28246.0,49.0,Fail
l3341.txm,31.2031,752.0,753.0,135.0,0.0,974.0,100.0,1228.0,9408.0,8887.0,-791.0,27.0,17128.0,18958.0,159.0,16428.0,352.5360824742268,0.0,28504.0,49.0,Fail
l3341.txm,32.2344,752.0,753.0,133.0,0.0,969.0,100.0,1226.0,9460.0,8893.0,-1121.0,28.0,16772.0,18902.0,37.0,16544.0,356.5360824742268,0.0,28300.0,49.0,Fail
l3341.txm,33.2344,752.0,753.0,132.0,0.0,972.0,101.0,1229.0,9389.0,8923.0,-1117.0,27.0,16535.0,19028.0,520.0,16456.0,349.5360824742268,0.0,28508.0,49.0,Fail
l3341.txm,34.2656,752.0,755.0,135.0,0.0,968.0,100.0,1229.0,9395.0,8918.0,-873.0,27.0,16719.0,18982.0,828.0,16440.0,358.5360824742268,0.0,28248.0,49.0,Fail
l3341.txm,35.2813,752.0,754.0,137.0,0.0,970.0,100.0,1228.0,9465.0,8945.0,-1226.0,27.0,16751.0,19036.0,-352.0,17080.0,344.5360824742268,0.0,28442.0,49.0,Fail
l3341.txm,36.3125,752.0,754.0,131.0,0.0,968.0,100.0,1230.0,9428.0,8907.0,-1468.0,27.0,16364.0,18874.0,152.0,16670.0,346.5360824742268,0.0,28500.0,49.0,Fail
l3341.txm,37.3281,752.0,754.0,133.0,0.0,968.0,100.0,1230.0,9428.0,8915.0,-1564.0,26.0,16386.0,19018.0,76.0,16928.0,341.5360824742268,0.0,28244.0,49.0,Fail
l3341.txm,38.375,752.0,753.0,132.0,0.0,975.0,102.0,1230.0,9414.0,8958.0,-647.0,27.0,16642.0,19034.0,106.0,16888.0,349.5360824742268,1.0,28314.0,49.0,Fail
l3341.txm,39.3594,752.0,754.0,132.0,0.0,965.0,102.0,1229.0,9445.0,8934.0,-1665.0,27.0,16552.0,18874.0,278.0,16776.0,347.5360824742268,1.0,28260.0,49.0,Fail
l3341.txm,40.3906,751.0,753.0,133.0,0.0,962.0,100.0,1227.0,9470.0,8923.0,-444.0,27.0,16540.0,18900.0,-467.0,16596.0,340.5360824742268,0.0,28248.0,49.0,Fail
l3341.txm,41.4062,752.0,754.0,133.0,0.0,968.0,102.0,1230.0,9397.0,8937.0,-2995.0,27.0,16694.0,18880.0,-85.0,16066.0,353.5360824742268,0.0,28310.0,49.0,Fail
l3341.txm,42.4219,751.0,754.0,132.0,0.0,963.0,100.0,1228.0,9453.0,8879.0,-1008.0,27.0,16746.0,18880.0,-271.0,16988.0,343.5360824742268,1.0,28498.0,49.0,Fail
l3341.txm,43.4531,752.0,753.0,135.0,0.0,962.0,100.0,1227.0,9430.0,8907.0,-1388.0,27.0,16912.0,18998.0,-541.0,16798.0,348.5360824742268,1.0,28510.0,49.0,Fail
l3341.txm,44.4687,752.0,753.0,132.0,0.0,958.0,100.0,1229.0,9452.0,8905.0,-1362.0,27.0,16638.0,18894.0,-487.0,16894.0,344.5360824742268,0.0,28440.0,49.0,Fail
l3341.txm,45.5156,752.0,754.0,132.0,0.0,956.0,99.0,1231.0,9441.0,8926.0,-1241.0,27.0,16366.0,19058.0,40.0,16852.0,353.5360824742268,1.0,28490.0,49.0,Fail
l3341.txm,46.5,752.0,753.0,132.0,0.0,959.0,100.0,1227.0,9461.0,8892.0,-2144.0,27.0,16657.0,19012.0,-511.0,16816.0,346.5360824742268,0.0,28508.0,49.0,Fail
l3341.txm,47.5312,751.0,752.0,131.0,0.0,955.0,101.0,1228.0,9420.0,8983.0,-1667.0,27.0,16353.0,19024.0,-301.0,17040.0,341.5360824742268,1.0,28434.0,49.0,Fail
l3341.txm,48.5469,752.0,753.0,134.0,0.0,950.0,102.0,1228.0,9411.0,8923.0,-1439.0,27.0,16437.0,19010.0,32.0,16658.0,345.5360824742268,0.0,28454.0,49.0,Fail
l3341.txm,49.5781,752.0,753.0,133.0,0.0,952.0,101.0,1230.0,9400.0,8929.0,-2244.0,27.0,16287.0,18950.0,160.0,16420.0,340.5360824742268,0.0,28236.0,49.0,Fail
l3341.txm,50.5781,752.0,753.0,132.0,0.0,941.0,100.0,1227.0,9423.0,8958.0,-1242.0,27.0,16484.0,18962.0,-292.0,16772.0,343.5360824742268,0.0,28282.0,49.0,Fail
l3341.txm,51.6094,751.0,753.0,134.0,0.0,940.0,101.0,1229.0,9470.0,8917.0,-1607.0,27.0,16667.0,18978.0,-54.0,16752.0,348.5360824742268,0.0,28430.0,49.0,Fail
l3341.txm,52.625,752.0,754.0,135.0,0.0,925.0,101.0,1232.0,9486.0,8877.0,-354.0,27.0,16520.0,18954.0,-15.0,16346.0,342.5360824742268,0.0,28230.0,49.0,Fail
l3341.txm,53.6562,751.0,751.0,134.0,0.0,803.0,101.0,1242.0,9458.0,8877.0,897.0,28.0,16228.0,19084.0,42.0,16948.0,345.5360824742268,0.0,28324.0,49.0,Fail
l3341.txm,54.6562,752.0,754.0,133.0,0.0,658.0,100.0,1243.0,9395.0,8967.0,515.0,28.0,16060.0,19222.0,104.0,16910.0,345.5360824742268,0.0,28244.0,50.0,Fail
l3341.txm,55.6875,752.0,754.0,133.0,0.0,527.0,102.0,1237.0,9454.0,8892.0,116.0,29.0,16508.0,19366.0,63.0,16848.0,356.5360824742268,0.0,28066.0,50.0,Fail
l3341.txm,56.7031,753.0,754.0,134.0,0.0,454.0,101.0,1235.0,9413.0,8934.0,-232.0,29.0,16347.0,19488.0,66.0,16610.0,357.5360824742268,0.0,27958.0,50.0,Fail
