wafer_id,Time,BCl3 Flow,Cl2 Flow,RF Btm Pwr,RF Btm Rfl Pwr,Endpt A,He Press,Pressure,RF Tuner,RF Load,RF Phase Err,RF Pwr,RF Impedance,TCP Tuner,TCP Phase Err,TCP Impedance,TCP Top Pwr,TCP Rfl Pwr,TCP Load,Vat Valve,result
l2901.txm,66.5289,752.0,754.0,134.0,0.0,702.0,101.0,1222.0,9494.0,9001.0,-1005.0,24.0,16483.0,19944.0,-8.0,16442.0,351.0,0.0,27510.0,49.0,Pass
l2901.txm,67.548,751.0,753.0,131.0,0.0,691.0,101.0,1205.0,9429.0,9076.0,-93.0,23.0,16632.0,20030.0,-318.0,16518.0,343.0,0.0,27518.0,50.0,Pass
l2901.txm,68.568,752.0,753.0,131.0,0.0,685.0,102.0,1182.0,9450.0,9104.0,1013.0,22.0,16677.0,19942.0,-506.0,16700.0,347.0,0.0,27484.0,50.0,Pass
l2901.txm,69.599,752.0,754.0,133.0,0.0,678.0,100.0,1182.0,9515.0,9037.0,577.0,22.0,16600.0,19962.0,-446.0,16836.0,344.0,0.0,27498.0,50.0,Pass
l2901.txm,70.6279,751.0,753.0,133.0,0.0,668.0,100.0,1187.0,9490.0,9031.0,50.0,22.0,16703.0,20014.0,-629.0,16612.0,347.0,0.0,27500.0,50.0,Pass
l2901.txm,71.6489,752.0,753.0,134.0,0.0,663.0,101.0,1184.0,9454.0,9020.0,670.0,22.0,16827.0,20002.0,-289.0,16740.0,360.0,0.0,27490.0,50.0,Pass
l2901.txm,72.67,751.0,753.0,132.0,0.0,658.0,101.0,1184.0,9429.0,9083.0,-474.0,22.0,16698.0,19968.0,-322.0,16720.0,349.0,0.0,27490.0,50.0,Pass
l2901.txm,73.689,752.0,754.0,135.0,0.0,651.0,100.0,1183.0,9453.0,9062.0,-88.0,23.0,16461.0,20016.0,-268.0,16260.0,347.0,0.0,27356.0,50.0,Pass
l2901.txm,74.709,752.0,754.0,132.0,0.0,644.0,100.0,1184.0,9478.0,8997.0,-597.0,23.0,16821.0,20026.0,-436.0,16636.0,342.0,0.0,27372.0,50.0,Pass
l2901.txm,75.738,752.0,753.0,133.0,0.0,635.0,102.0,1183.0,9489.0,9015.0,-630.0,23.0,16475.0,20054.0,-80.0,16652.0,342.0,0.0,27266.0,50.0,Pass
l2901.txm,76.795,751.0,754.0,132.0,0.0,622.0,100.0,1183.0,9488.0,9025.0,-1318.0,23.0,16533.0,20056.0,-37.0,16782.0,353.0,0.0,27512.0,50.0,Pass
l2901.txm,77.778,752.0,753.0,132.0,0.0,612.0,100.0,1182.0,9471.0,9016.0,-1538.0,24.0,16226.0,20078.0,-83.0,16766.0,351.0,0.0,27298.0,50.0,Pass
l2901.txm,78.798,752.0,751.0,135.0,0.0,582.0,101.0,1178.0,9456.0,9022.0,-1503.0,25.0,16115.0,20126.0,-324.0,16858.0,349.0,0.0,27244.0,50.0,Pass
l2901.txm,79.83,752.0,753.0,135.0,0.0,555.0,102.0,1179.0,9486.0,9010.0,-1481.0,25.0,16238.0,20250.0,11.0,16788.0,348.0,0.0,27208.0,49.0,Pass
l2901.txm,80.849,752.0,753.0,133.0,0.0,547.0,100.0,1180.0,9443.0,9133.0,-1194.0,25.0,16205.0,20300.0,-444.0,16698.0,347.0,0.0,27080.0,49.0,Pass
l2901.txm,81.869,751.0,753.0,131.0,0.0,541.0,100.0,1180.0,9436.0,9094.0,-1411.0,25.0,15997.0,20318.0,65.0,16568.0,359.0,0.0,27092.0,49.0,Pass
l2901.txm,82.9039,752.0,754.0,135.0,1.0,588.0,101.0,1195.0,9517.0,9131.0,184.0,21.0,16920.0,20342.0,-3.0,16120.0,350.0,1.0,27320.0,49.0,Pass
l2901.txm,83.9189,752.0,752.0,132.0,0.0,632.0,101.0,1191.0,9519.0,9100.0,971.0,20.0,16944.0,20102.0,70.0,16926.0,359.0,0.0,27540.0,50.0,Pass
l2901.txm,84.939,752.0,753.0,135.0,0.0,697.0,100.0,1190.0,9462.0,9122.0,406.0,20.0,17383.0,20084.0,334.0,16350.0,360.0,0.0,27524.0,50.0,Pass
l2901.txm,85.959,752.0,754.0,135.0,0.0,774.0,101.0,1187.0,9426.0,9087.0,453.0,21.0,16778.0,19958.0,-40.0,16310.0,348.0,0.0,27646.0,50.0,Pass
l2901.txm,86.979,752.0,754.0,133.0,0.0,853.0,102.0,1186.0,9477.0,8984.0,955.0,20.0,17172.0,19764.0,340.0,16212.0,351.0,0.0,27826.0,50.0,Pass
l2901.txm,88.005,752.0,753.0,132.0,0.0,945.0,100.0,1190.0,9398.0,9105.0,695.0,20.0,16621.0,19462.0,93.0,16294.0,349.0,1.0,27898.0,50.0,Pass
l2901.txm,89.019,751.0,752.0,134.0,0.0,981.0,100.0,1184.0,9493.0,8984.0,572.0,20.0,16790.0,19330.0,72.0,16504.0,345.0,0.0,28014.0,50.0,Pass
l2901.txm,90.0389,752.0,754.0,133.0,0.0,983.0,101.0,1182.0,9463.0,9002.0,650.0,20.0,16728.0,19310.0,500.0,16568.0,358.0,0.0,27882.0,50.0,Pass
l2901.txm,91.63,752.0,753.0,133.0,0.0,988.0,101.0,1185.0,9441.0,9065.0,555.0,20.0,16752.0,19300.0,-356.0,16464.0,352.0,0.0,27930.0,50.0,Pass
l2901.txm,92.66,751.0,752.0,134.0,0.0,997.0,100.0,1186.0,9396.0,9094.0,1028.0,20.0,16917.0,19310.0,127.0,16324.0,360.0,0.0,27788.0,50.0,Pass
l2901.txm,93.6899,751.0,753.0,134.0,0.0,996.0,102.0,1186.0,9453.0,9012.0,675.0,20.0,16985.0,19314.0,666.0,16460.0,353.0,0.0,27940.0,50.0,Pass
l2901.txm,94.709,752.0,753.0,132.0,0.0,997.0,99.0,1185.0,9465.0,9020.0,847.0,20.0,16951.0,19328.0,119.0,16502.0,355.0,0.0,27942.0,50.0,Pass
l2901.txm,95.729,752.0,752.0,133.0,0.0,996.0,100.0,1186.0,9422.0,9020.0,225.0,21.0,16803.0,19328.0,39.0,16484.0,358.0,0.0,27978.0,50.0,Pass
l2901.txm,96.749,752.0,754.0,132.0,0.0,1000.0,101.0,1186.0,9479.0,9010.0,69.0,21.0,16634.0,19302.0,30.0,16500.0,349.0,0.0,27884.0,50.0,Pass
l2901.txm,97.769,752.0,753.0,132.0,0.0,1004.0,100.0,1186.0,9483.0,8991.0,841.0,20.0,16673.0,19320.0,28.0,16386.0,342.0,0.0,27922.0,50.0,Pass
l2901.txm,98.7889,752.0,753.0,133.0,0.0,1003.0,101.0,1185.0,9467.0,9001.0,1062.0,20.0,16725.0,19340.0,-289.0,16386.0,351.0,0.0,27792.0,50.0,Pass
l2901.txm,99.809,752.0,753.0,135.0,0.0,1003.0,102.0,1185.0,9383.0,9058.0,85.0,20.0,16814.0,19298.0,-92.0,16578.0,355.0,0.0,27888.0,50.0,Pass
l2901.txm,100.846,752.0,753.0,131.0,0.0,1007.0,102.0,1185.0,9469.0,8996.0,892.0,20.0,16851.0,19346.0,122.0,16458.0,346.0,0.0,27922.0,50.0,Pass
l2901.txm,101.869,752.0,752.0,135.0,0.0,1004.0,101.0,1183.0,9431.0,9037.0,254.0,21.0,16725.0,19298.0,680.0,16374.0,354.0,0.0,27918.0,50.0,Pass
l2901.txm,102.889,752.0,754.0,131.0,0.0,1014.0,100.0,1185.0,9463.0,8989.0,1158.0,21.0,16801.0,19310.0,-366.0,16578.0,352.0,0.0,27880.0,50.0,Pass
l2901.txm,103.909,751.0,754.0,132.0,0.0,1014.0,101.0,1186.0,9448.0,9017.0,696.0,21.0,16511.0,19318.0,-375.0,16502.0,360.0,0.0,27896.0,50.0,Pass
l2901.txm,104.929,750.0,751.0,135.0,0.0,1012.0,101.0,1183.0,9429.0,9020.0,410.0,20.0,16919.0,19306.0,-317.0,16574.0,350.0,0.0,27840.0,50.0,Pass
l2901.txm,105.959,751.0,752.0,131.0,0.0,1012.0,101.0,1185.0,9491.0,8972.0,420.0,21.0,16784.0,19320.0,-88.0,16558.0,350.0,0.0,27858.0,50.0,Pass
l2901.txm,107.044,752.0,753.0,136.0,0.0,1015.0,101.0,1186.0,9395.0,9047.0,333.0,20.0,17008.0,19318.0,406.0,16328.0,350.0,0.0,27870.0,50.0,Pass
l2901.txm,108.069,752.0,755.0,133.0,0.0,1016.0,102.0,1185.0,9475.0,8987.0,327.0,21.0,16881.0,19310.0,42.0,16528.0,352.0,0.0,27850.0,50.0,Pass
l2901.txm,109.089,752.0,753.0,136.0,0.0,1015.0,102.0,1183.0,9439.0,9022.0,215.0,21.0,16904.0,19302.0,-298.0,16396.0,343.0,0.0,27838.0,50.0,Pass
l2901.txm,110.359,751.0,753.0,134.0,0.0,1020.0,100.0,1185.0,9465.0,8988.0,372.0,21.0,16937.0,19290.0,-333.0,16396.0,353.0,0.0,27806.0,50.0,Pass
l2901.txm,111.385,752.0,754.0,132.0,0.0,1018.0,100.0,1184.0,9388.0,9073.0,612.0,20.0,16867.0,19340.0,114.0,16448.0,344.0,0.0,27788.0,50.0,Pass
l2901.txm,112.409,752.0,753.0,133.0,0.0,1022.0,100.0,1187.0,9457.0,9022.0,876.0,21.0,16564.0,19288.0,-9.0,16528.0,346.0,0.0,27850.0,50.0,Pass
l2901.txm,113.429,752.0,753.0,135.0,0.0,1018.0,99.0,1184.0,9472.0,9013.0,0.0,21.0,16856.0,19300.0,702.0,16486.0,360.0,0.0,27922.0,50.0,Pass
l2901.txm,114.449,752.0,753.0,134.0,0.0,1020.0,100.0,1184.0,9400.0,9026.0,126.0,21.0,16786.0,19314.0,752.0,16568.0,344.0,0.0,27874.0,50.0,Pass
l2901.txm,115.474,752.0,754.0,135.0,0.0,1021.0,100.0,1184.0,9461.0,8987.0,613.0,21.0,16893.0,19298.0,-308.0,16516.0,344.0,0.0,27906.0,50.0,Pass
l2901.txm,117.052,752.0,754.0,132.0,0.0,1019.0,101.0,1185.0,9382.0,9042.0,518.0,21.0,16628.0,19290.0,139.0,16406.0,356.0,0.0,27876.0,50.0,Pass
l2901.txm,118.039,752.0,754.0,136.0,0.0,1023.0,100.0,1186.0,9391.0,9054.0,38.0,21.0,17028.0,19310.0,3.0,16470.0,343.0,0.0,27856.0,50.0,Pass
l2901.txm,119.059,752.0,752.0,131.0,0.0,1019.0,101.0,1184.0,9403.0,8994.0,910.0,21.0,16714.0,19300.0,110.0,16492.0,345.0,0.0,27850.0,50.0,Pass
l2901.txm,120.079,752.0,753.0,136.0,0.0,1021.0,102.0,1185.0,9384.0,9078.0,435.0,21.0,16691.0,19332.0,120.0,16368.0,341.0,0.0,27880.0,50.0,Pass
l2901.txm,121.103,751.0,753.0,133.0,0.0,1021.0,100.0,1184.0,9397.0,9027.0,222.0,21.0,16857.0,19294.0,101.0,16502.0,348.0,0.0,27892.0,50.0,Pass
l2901.txm,122.119,752.0,754.0,133.0,0.0,1028.0,100.0,1184.0,9448.0,8999.0,587.0,21.0,16646.0,19292.0,148.0,16310.0,348.0,0.0,27804.0,50.0,Pass
l2901.txm,123.15,752.0,754.0,132.0,0.0,1023.0,101.0,1185.0,9412.0,9058.0,538.0,21.0,16753.0,19304.0,-273.0,16424.0,346.0,0.0,28012.0,50.0,Pass
l2901.txm,124.169,752.0,754.0,132.0,0.0,1023.0,101.0,1184.0,9436.0,9061.0,539.0,21.0,16876.0,19292.0,414.0,16386.0,351.0,0.0,27970.0,50.0,Pass
l2901.txm,125.207,752.0,754.0,133.0,0.0,1024.0,100.0,1185.0,9438.0,8978.0,303.0,21.0,17014.0,19304.0,678.0,16390.0,350.0,0.0,27848.0,50.0,Pass
l2901.txm,126.229,752.0,753.0,135.0,0.0,1021.0,100.0,1185.0,9446.0,9002.0,-163.0,21.0,16918.0,19312.0,-18.0,16400.0,345.0,0.0,27918.0,50.0,Pass
l2901.txm,127.259,751.0,753.0,134.0,0.0,1020.0,100.0,1184.0,9460.0,9003.0,1312.0,20.0,16461.0,19314.0,-9.0,16400.0,356.0,0.0,27930.0,50.0,Pass
l2902.txm,62.8989,752.0,752.0,135.0,0.0,757.0,101.0,1220.0,9412.0,9031.0,-1271.0,25.0,16372.0,19856.0,-504.0,16784.0,346.0,0.0,27526.0,49.0,Pass
l2902.txm,63.9199,752.0,753.0,134.0,0.0,700.0,101.0,1219.0,9388.0,9065.0,-673.0,24.0,16618.0,19916.0,-364.0,16648.0,352.0,0.0,27528.0,49.0,Pass
l2902.txm,64.939,751.0,753.0,132.0,0.0,691.0,100.0,1195.0,9447.0,9047.0,-224.0,23.0,16426.0,19934.0,-668.0,16416.0,346.0,0.0,27452.0,50.0,Pass
l2902.txm,65.959,751.0,754.0,135.0,0.0,688.0,101.0,1183.0,9477.0,9012.0,-23.0,23.0,16744.0,19964.0,-369.0,16710.0,345.0,0.0,27388.0,50.0,Pass
l2902.txm,66.989,752.0,753.0,134.0,0.0,675.0,101.0,1182.0,9483.0,9043.0,-107.0,22.0,16882.0,19942.0,96.0,16556.0,354.0,0.0,27332.0,50.0,Pass
l2902.txm,68.0189,752.0,754.0,132.0,0.0,669.0,100.0,1186.0,9445.0,9088.0,0.0,22.0,16595.0,19954.0,-322.0,16702.0,354.0,0.0,27382.0,50.0,Pass
l2902.txm,69.0389,752.0,754.0,135.0,0.0,671.0,102.0,1189.0,9461.0,9026.0,-91.0,23.0,16435.0,19948.0,-518.0,16726.0,344.0,0.0,27452.0,50.0,Pass
l2902.txm,70.059,752.0,752.0,132.0,0.0,657.0,101.0,1183.0,9440.0,9082.0,-121.0,23.0,16390.0,19968.0,14.0,16846.0,354.0,0.0,27426.0,50.0,Pass
l2902.txm,71.095,752.0,754.0,133.0,0.0,650.0,100.0,1182.0,9395.0,9069.0,-756.0,23.0,16697.0,20032.0,-286.0,16478.0,359.0,0.0,27322.0,50.0,Pass
l2902.txm,72.1179,752.0,754.0,134.0,0.0,644.0,100.0,1183.0,9396.0,9054.0,-959.0,23.0,16733.0,20018.0,-86.0,16542.0,355.0,0.0,27298.0,50.0,Pass
l2902.txm,73.1479,752.0,753.0,132.0,0.0,638.0,101.0,1183.0,9418.0,9070.0,-862.0,23.0,16304.0,20026.0,11.0,16396.0,349.0,0.0,27338.0,50.0,Pass
l2902.txm,74.2279,752.0,753.0,134.0,0.0,626.0,102.0,1182.0,9401.0,9067.0,-1666.0,24.0,16538.0,20048.0,3.0,16638.0,350.0,0.0,27352.0,50.0,Pass
l2902.txm,75.2579,752.0,753.0,136.0,0.0,603.0,102.0,1181.0,9437.0,9083.0,-2383.0,24.0,16160.0,20102.0,-425.0,16666.0,358.0,0.0,27290.0,50.0,Pass
l2902.txm,76.2789,752.0,755.0,132.0,0.0,572.0,102.0,1179.0,9403.0,9084.0,-1198.0,25.0,16076.0,20152.0,-656.0,16718.0,349.0,0.0,27118.0,50.0,Pass
l2902.txm,77.3259,752.0,752.0,132.0,0.0,558.0,101.0,1182.0,9484.0,9032.0,-1823.0,25.0,16004.0,20210.0,-406.0,16770.0,357.0,0.0,27226.0,49.0,Pass
l2902.txm,78.3579,751.0,753.0,135.0,0.0,551.0,101.0,1185.0,9511.0,9074.0,-1596.0,25.0,15907.0,20286.0,-305.0,16622.0,342.0,0.0,27126.0,49.0,Pass
l2902.txm,79.3789,752.0,752.0,134.0,0.0,559.0,101.0,1190.0,9518.0,9113.0,-1049.0,24.0,16234.0,20334.0,-695.0,16340.0,351.0,1.0,27126.0,49.0,Pass
l2902.txm,80.3989,752.0,753.0,134.0,0.0,613.0,101.0,1194.0,9563.0,9038.0,561.0,21.0,16725.0,20314.0,330.0,16038.0,348.0,0.0,27506.0,49.0,Pass
l2902.txm,81.4199,750.0,752.0,134.0,0.0,673.0,101.0,1187.0,9484.0,9115.0,942.0,20.0,17116.0,20080.0,726.0,16694.0,358.0,0.0,27546.0,50.0,Pass
l2902.txm,82.4449,752.0,753.0,133.0,0.0,746.0,101.0,1189.0,9503.0,9023.0,868.0,21.0,16790.0,20004.0,22.0,16050.0,350.0,0.0,27614.0,50.0,Pass
l2902.txm,83.507,752.0,753.0,132.0,0.0,821.0,102.0,1189.0,9486.0,9040.0,413.0,20.0,16955.0,19820.0,830.0,16214.0,347.0,0.0,27784.0,50.0,Pass
l2902.txm,84.991,752.0,753.0,133.0,0.0,921.0,100.0,1187.0,9443.0,9010.0,86.0,20.0,17283.0,19540.0,434.0,16364.0,350.0,0.0,27900.0,50.0,Pass
l2902.txm,85.97,752.0,754.0,134.0,0.0,997.0,101.0,1187.0,9474.0,9011.0,299.0,20.0,16856.0,19290.0,-353.0,16508.0,342.0,0.0,27994.0,50.0,Pass
l2902.txm,86.9989,752.0,753.0,133.0,0.0,998.0,101.0,1185.0,9384.0,9073.0,380.0,20.0,16847.0,19336.0,24.0,16590.0,343.0,0.0,27994.0,50.0,Pass
l2902.txm,88.0289,751.0,752.0,131.0,0.0,1001.0,100.0,1186.0,9464.0,8992.0,1510.0,20.0,16816.0,19298.0,-415.0,16606.0,354.0,0.0,27888.0,50.0,Pass
l2902.txm,89.0659,752.0,752.0,132.0,0.0,1006.0,102.0,1184.0,9387.0,9056.0,593.0,21.0,16823.0,19308.0,-366.0,16666.0,351.0,0.0,27892.0,50.0,Pass
l2902.txm,90.069,751.0,753.0,134.0,0.0,1004.0,101.0,1184.0,9459.0,8982.0,707.0,21.0,16972.0,19270.0,146.0,16476.0,343.0,0.0,27878.0,50.0,Pass
l2902.txm,91.089,752.0,754.0,132.0,0.0,1009.0,100.0,1184.0,9463.0,9008.0,586.0,21.0,16849.0,19274.0,62.0,16614.0,352.0,0.0,27952.0,50.0,Pass
l2902.txm,92.119,751.0,753.0,134.0,0.0,1009.0,102.0,1183.0,9397.0,9057.0,56.0,20.0,16891.0,19296.0,330.0,16436.0,344.0,0.0,27986.0,50.0,Pass
l2902.txm,93.1389,751.0,753.0,134.0,0.0,1013.0,102.0,1185.0,9430.0,9049.0,382.0,21.0,16840.0,19292.0,134.0,16598.0,357.0,0.0,27916.0,50.0,Pass
l2902.txm,94.163,752.0,753.0,134.0,0.0,1013.0,101.0,1184.0,9479.0,8966.0,759.0,21.0,16696.0,19346.0,103.0,16450.0,347.0,0.0,27948.0,50.0,Pass
l2902.txm,95.179,752.0,753.0,134.0,0.0,1017.0,100.0,1185.0,9377.0,9057.0,-88.0,21.0,16828.0,19270.0,590.0,16482.0,350.0,0.0,27914.0,50.0,Pass
l2902.txm,96.199,752.0,753.0,135.0,0.0,1012.0,101.0,1184.0,9422.0,9017.0,371.0,21.0,16763.0,19284.0,-348.0,16310.0,342.0,0.0,27950.0,50.0,Pass
l2902.txm,97.219,751.0,753.0,134.0,0.0,1019.0,102.0,1185.0,9416.0,9008.0,426.0,20.0,16851.0,19358.0,141.0,16598.0,359.0,0.0,27964.0,50.0,Pass
l2902.txm,98.239,752.0,753.0,133.0,0.0,1023.0,101.0,1187.0,9390.0,9062.0,650.0,21.0,16434.0,19260.0,904.0,16516.0,348.0,0.0,27996.0,50.0,Pass
l2902.txm,99.266,751.0,753.0,133.0,0.0,1017.0,102.0,1185.0,9415.0,9020.0,729.0,21.0,16896.0,19328.0,-29.0,16526.0,343.0,0.0,28028.0,50.0,Pass
l2902.txm,100.299,752.0,754.0,132.0,0.0,1021.0,101.0,1184.0,9469.0,8967.0,254.0,21.0,16723.0,19316.0,-21.0,16310.0,349.0,0.0,27858.0,50.0,Pass
l2902.txm,101.319,752.0,754.0,134.0,0.0,1020.0,100.0,1185.0,9398.0,9043.0,957.0,21.0,16705.0,19338.0,474.0,16582.0,351.0,0.0,27938.0,50.0,Pass
l2902.txm,102.459,751.0,753.0,134.0,0.0,1029.0,100.0,1185.0,9479.0,8984.0,-177.0,21.0,17085.0,19342.0,32.0,16478.0,347.0,0.0,27892.0,50.0,Pass
l2902.txm,103.489,752.0,754.0,133.0,0.0,1025.0,100.0,1184.0,9465.0,9018.0,572.0,21.0,16447.0,19240.0,106.0,16376.0,354.0,0.0,27934.0,50.0,Pass
l2902.txm,104.604,752.0,753.0,135.0,0.0,1025.0,100.0,1182.0,9422.0,9022.0,205.0,21.0,16901.0,19300.0,-9.0,16568.0,351.0,0.0,27958.0,50.0,Pass
l2902.txm,105.629,751.0,752.0,132.0,0.0,1025.0,100.0,1185.0,9401.0,9028.0,971.0,20.0,16467.0,19276.0,-91.0,16556.0,349.0,0.0,27934.0,50.0,Pass
l2902.txm,106.649,752.0,753.0,133.0,0.0,1030.0,100.0,1185.0,9423.0,9008.0,621.0,21.0,16629.0,19256.0,-293.0,16426.0,342.0,0.0,28006.0,50.0,Pass
l2902.txm,108.542,752.0,754.0,135.0,0.0,1031.0,101.0,1184.0,9423.0,9061.0,587.0,21.0,16935.0,19330.0,146.0,16574.0,346.0,0.0,27892.0,50.0,Pass
l2902.txm,109.539,752.0,754.0,133.0,0.0,1027.0,100.0,1183.0,9421.0,9069.0,485.0,21.0,17062.0,19258.0,2.0,16578.0,353.0,0.0,27812.0,50.0,Pass
l2902.txm,110.563,752.0,752.0,134.0,0.0,1026.0,100.0,1184.0,9431.0,8988.0,998.0,21.0,16836.0,19328.0,-264.0,16588.0,351.0,0.0,27894.0,50.0,Pass
l2902.txm,111.579,752.0,754.0,133.0,0.0,1034.0,101.0,1185.0,9467.0,8989.0,677.0,21.0,16521.0,19296.0,260.0,16388.0,353.0,0.0,27894.0,50.0,Pass
l2902.txm,112.599,752.0,753.0,132.0,0.0,1031.0,100.0,1183.0,9420.0,8989.0,345.0,21.0,16509.0,19302.0,-75.0,16396.0,350.0,0.0,27940.0,50.0,Pass
l2902.txm,113.619,752.0,753.0,134.0,0.0,1028.0,101.0,1185.0,9391.0,9050.0,953.0,21.0,16896.0,19330.0,-282.0,16526.0,347.0,0.0,27838.0,50.0,Pass
l2902.txm,114.649,752.0,754.0,133.0,0.0,1028.0,101.0,1183.0,9465.0,8987.0,1125.0,21.0,16582.0,19254.0,110.0,16484.0,353.0,0.0,27978.0,50.0,Pass
l2902.txm,115.669,752.0,753.0,134.0,0.0,1032.0,101.0,1185.0,9384.0,9043.0,542.0,21.0,16989.0,19324.0,-305.0,16568.0,349.0,0.0,27854.0,50.0,Pass
l2902.txm,116.689,752.0,753.0,131.0,0.0,1032.0,102.0,1185.0,9458.0,8976.0,418.0,21.0,16519.0,19286.0,-391.0,16600.0,353.0,0.0,27882.0,50.0,Pass
l2902.txm,117.709,752.0,754.0,133.0,0.0,1032.0,102.0,1183.0,9431.0,8978.0,563.0,20.0,17064.0,19328.0,588.0,16646.0,350.0,0.0,27822.0,50.0,Pass
l2902.txm,118.729,752.0,752.0,132.0,0.0,1031.0,102.0,1184.0,9465.0,8983.0,947.0,20.0,16837.0,19320.0,137.0,16546.0,350.0,0.0,27886.0,50.0,Pass
l2902.txm,119.755,752.0,754.0,133.0,0.0,1031.0,101.0,1184.0,9371.0,9028.0,436.0,21.0,16644.0,19246.0,52.0,16626.0,359.0,0.0,27890.0,50.0,Pass
l2902.txm,120.779,751.0,754.0,135.0,0.0,1031.0,101.0,1184.0,9398.0,9032.0,380.0,20.0,16757.0,19322.0,59.0,16504.0,349.0,0.0,27938.0,50.0,Pass
l2903.txm,63.282,752.0,753.0,133.0,0.0,833.0,101.0,1204.0,9405.0,9073.0,-531.0,25.0,16093.0,19810.0,-518.0,16772.0,349.0,0.0,27598.0,49.0,Pass
l2903.txm,64.298,752.0,753.0,135.0,0.0,743.0,100.0,1221.0,9443.0,9033.0,-633.0,24.0,16106.0,19868.0,-767.0,16580.0,348.0,0.0,27506.0,49.0,Pass
l2903.txm,65.317,752.0,753.0,134.0,0.0,698.0,100.0,1201.0,9441.0,9051.0,-116.0,23.0,16738.0,19900.0,-59.0,16494.0,353.0,0.0,27512.0,50.0,Pass
l2903.txm,66.347,751.0,753.0,133.0,0.0,694.0,101.0,1178.0,9418.0,9077.0,-563.0,23.0,16670.0,19890.0,-587.0,16786.0,352.0,0.0,27416.0,50.0,Pass
l2903.txm,67.3669,751.0,752.0,133.0,0.0,685.0,100.0,1184.0,9412.0,9093.0,-246.0,23.0,16898.0,19988.0,-289.0,16480.0,353.0,0.0,27496.0,50.0,Pass
l2903.txm,68.397,752.0,754.0,132.0,0.0,677.0,100.0,1188.0,9450.0,9028.0,-36.0,24.0,16159.0,19984.0,-435.0,16500.0,356.0,0.0,27354.0,50.0,Pass
l2903.txm,69.434,752.0,753.0,133.0,0.0,671.0,100.0,1183.0,9498.0,9024.0,259.0,23.0,16902.0,19958.0,-413.0,16794.0,348.0,0.0,27354.0,50.0,Pass
l2903.txm,70.457,751.0,754.0,134.0,0.0,668.0,100.0,1187.0,9408.0,9087.0,-787.0,24.0,16283.0,19976.0,-624.0,16700.0,349.0,0.0,27348.0,50.0,Pass
l2903.txm,71.477,752.0,754.0,133.0,0.0,654.0,101.0,1185.0,9481.0,9000.0,-101.0,23.0,16437.0,19984.0,-651.0,16756.0,350.0,0.0,27352.0,50.0,Pass
l2903.txm,72.4969,752.0,754.0,134.0,0.0,651.0,100.0,1183.0,9430.0,9043.0,-1370.0,24.0,16070.0,20040.0,-75.0,16548.0,346.0,0.0,27310.0,50.0,Pass
l2903.txm,73.517,752.0,753.0,132.0,0.0,642.0,101.0,1185.0,9463.0,9005.0,-1125.0,24.0,16258.0,20008.0,-47.0,16578.0,354.0,0.0,27254.0,50.0,Pass
l2903.txm,74.538,752.0,753.0,134.0,0.0,635.0,102.0,1182.0,9418.0,9063.0,-1473.0,25.0,16352.0,20014.0,17.0,16758.0,345.0,0.0,27320.0,50.0,Pass
l2903.txm,75.585,751.0,753.0,134.0,0.0,618.0,100.0,1185.0,9447.0,9018.0,-1717.0,24.0,16256.0,20056.0,-282.0,16832.0,358.0,0.0,27346.0,50.0,Pass
l2903.txm,76.6071,752.0,753.0,135.0,0.0,586.0,100.0,1180.0,9402.0,9086.0,-1762.0,25.0,16487.0,20142.0,-64.0,16754.0,352.0,0.0,27278.0,50.0,Pass
l2903.txm,77.627,752.0,754.0,131.0,0.0,565.0,100.0,1180.0,9477.0,9038.0,-1248.0,25.0,15952.0,20126.0,-4.0,16528.0,352.0,0.0,27142.0,49.0,Pass
l2903.txm,78.657,751.0,752.0,132.0,0.0,548.0,100.0,1182.0,9525.0,9036.0,-1302.0,25.0,15932.0,20268.0,20.0,16636.0,359.0,0.0,27044.0,49.0,Pass
l2903.txm,79.687,752.0,753.0,134.0,0.0,550.0,101.0,1185.0,9447.0,9100.0,-1674.0,25.0,15988.0,20296.0,38.0,16388.0,358.0,0.0,27080.0,49.0,Pass
l2903.txm,80.707,752.0,753.0,134.0,0.0,583.0,100.0,1191.0,9458.0,9129.0,-803.0,23.0,16460.0,20308.0,-276.0,16136.0,349.0,0.0,27246.0,49.0,Pass
l2903.txm,81.734,752.0,752.0,132.0,0.0,648.0,100.0,1191.0,9558.0,9036.0,1073.0,20.0,16707.0,20086.0,95.0,16994.0,354.0,0.0,27554.0,49.0,Pass
l2903.txm,83.401,752.0,753.0,133.0,0.0,717.0,100.0,1186.0,9510.0,9055.0,929.0,20.0,17213.0,20052.0,24.0,16102.0,346.0,0.0,27558.0,50.0,Pass
l2903.txm,84.3669,751.0,753.0,132.0,0.0,860.0,101.0,1183.0,9474.0,9017.0,907.0,20.0,16859.0,19928.0,300.0,16316.0,343.0,0.0,27806.0,50.0,Pass
l2903.txm,85.401,753.0,754.0,133.0,0.0,940.0,102.0,1187.0,9490.0,9031.0,261.0,19.0,17243.0,19482.0,872.0,16348.0,360.0,0.0,27864.0,50.0,Pass
l2903.txm,86.417,752.0,752.0,134.0,0.0,998.0,100.0,1184.0,9417.0,9067.0,377.0,20.0,16925.0,19272.0,742.0,16600.0,350.0,0.0,27896.0,50.0,Pass
l2903.txm,87.437,752.0,754.0,133.0,0.0,1005.0,100.0,1184.0,9464.0,8983.0,543.0,21.0,16773.0,19296.0,132.0,16624.0,346.0,0.0,27918.0,50.0,Pass
l2903.txm,88.473,752.0,752.0,132.0,0.0,1004.0,101.0,1185.0,9513.0,8989.0,213.0,20.0,16605.0,19264.0,196.0,16436.0,341.0,0.0,27864.0,50.0,Pass
l2903.txm,89.476,752.0,754.0,134.0,0.0,1007.0,102.0,1185.0,9427.0,9043.0,341.0,20.0,17083.0,19304.0,-26.0,16572.0,342.0,0.0,28034.0,50.0,Pass
l2903.txm,90.4969,751.0,754.0,132.0,0.0,1009.0,102.0,1185.0,9469.0,9019.0,9.0,21.0,16772.0,19266.0,-28.0,16426.0,346.0,0.0,27866.0,50.0,Pass
l2903.txm,91.527,751.0,752.0,131.0,0.0,1014.0,100.0,1184.0,9469.0,9011.0,562.0,20.0,16593.0,19278.0,726.0,16354.0,349.0,0.0,27964.0,50.0,Pass
l2903.txm,92.548,752.0,754.0,134.0,0.0,1013.0,100.0,1185.0,9506.0,8990.0,-142.0,21.0,16810.0,19264.0,-42.0,16574.0,349.0,0.0,27878.0,50.0,Pass
l2903.txm,93.583,751.0,754.0,131.0,0.0,1018.0,101.0,1186.0,9431.0,8996.0,589.0,21.0,16807.0,19280.0,79.0,16656.0,349.0,0.0,27966.0,50.0,Pass
l2903.txm,94.837,752.0,752.0,135.0,0.0,1015.0,100.0,1185.0,9417.0,9038.0,15.0,21.0,16857.0,19258.0,-70.0,16644.0,348.0,0.0,27822.0,50.0,Pass
l2903.txm,95.8669,752.0,753.0,134.0,0.0,1022.0,102.0,1186.0,9495.0,8998.0,164.0,21.0,16628.0,19264.0,56.0,16566.0,350.0,0.0,27910.0,50.0,Pass
l2903.txm,96.887,752.0,753.0,132.0,0.0,1021.0,101.0,1184.0,9464.0,8993.0,-33.0,21.0,16955.0,19292.0,-319.0,16416.0,346.0,0.0,27832.0,50.0,Pass
l2903.txm,97.917,752.0,753.0,133.0,0.0,1026.0,101.0,1185.0,9505.0,8998.0,714.0,21.0,16886.0,19270.0,127.0,16632.0,347.0,1.0,27944.0,50.0,Pass
l2903.txm,98.942,751.0,753.0,134.0,0.0,1025.0,102.0,1184.0,9412.0,9041.0,428.0,21.0,16666.0,19264.0,584.0,16622.0,342.0,0.0,27894.0,50.0,Pass
l2903.txm,99.957,752.0,753.0,134.0,0.0,1026.0,101.0,1185.0,9452.0,9019.0,-333.0,21.0,16823.0,19274.0,-28.0,16634.0,352.0,0.0,27994.0,50.0,Pass
l2903.txm,100.977,752.0,753.0,133.0,0.0,1026.0,100.0,1185.0,9418.0,9036.0,812.0,21.0,16743.0,19274.0,115.0,16622.0,349.0,0.0,28018.0,50.0,Pass
l2903.txm,102.007,752.0,753.0,133.0,0.0,1023.0,100.0,1182.0,9412.0,9048.0,453.0,21.0,16684.0,19236.0,700.0,16368.0,344.0,0.0,27918.0,50.0,Pass
l2903.txm,103.027,751.0,752.0,135.0,0.0,1036.0,100.0,1184.0,9494.0,8986.0,8.0,20.0,16852.0,19290.0,117.0,16368.0,348.0,0.0,27956.0,50.0,Pass
l2903.txm,104.062,752.0,753.0,132.0,0.0,1030.0,101.0,1184.0,9497.0,8986.0,165.0,20.0,16673.0,19274.0,92.0,16548.0,351.0,0.0,28022.0,50.0,Pass
l2903.txm,105.077,751.0,754.0,133.0,0.0,1037.0,100.0,1185.0,9488.0,8990.0,91.0,21.0,17059.0,19270.0,-30.0,16590.0,358.0,0.0,28016.0,50.0,Pass
l2903.txm,106.097,752.0,753.0,134.0,0.0,1035.0,100.0,1186.0,9506.0,8949.0,132.0,21.0,16676.0,19274.0,-315.0,16720.0,348.0,0.0,27852.0,50.0,Pass
l2903.txm,107.851,751.0,753.0,135.0,0.0,1031.0,102.0,1185.0,9426.0,9058.0,503.0,21.0,16795.0,19272.0,98.0,16476.0,343.0,0.0,27958.0,50.0,Pass
l2903.txm,108.838,752.0,754.0,132.0,0.0,1034.0,100.0,1184.0,9480.0,8974.0,333.0,20.0,16688.0,19278.0,124.0,16572.0,346.0,0.0,27994.0,50.0,Pass
l2903.txm,109.857,751.0,753.0,134.0,0.0,1039.0,101.0,1184.0,9420.0,9039.0,437.0,21.0,17010.0,19282.0,-357.0,16548.0,350.0,0.0,27930.0,50.0,Pass
l2903.txm,110.877,752.0,753.0,133.0,0.0,1036.0,102.0,1184.0,9462.0,8974.0,282.0,21.0,16512.0,19248.0,127.0,16630.0,350.0,0.0,28014.0,50.0,Pass
l2903.txm,111.897,752.0,753.0,131.0,0.0,1036.0,101.0,1185.0,9472.0,9003.0,315.0,21.0,16951.0,19242.0,62.0,16572.0,345.0,0.0,28000.0,50.0,Pass
l2903.txm,112.937,752.0,752.0,133.0,0.0,1036.0,101.0,1184.0,9424.0,9032.0,480.0,21.0,16481.0,19232.0,694.0,16622.0,351.0,0.0,27928.0,50.0,Pass
l2903.txm,113.957,752.0,754.0,133.0,0.0,1037.0,100.0,1186.0,9440.0,9059.0,474.0,21.0,17008.0,19254.0,121.0,16388.0,343.0,0.0,27940.0,50.0,Pass
l2903.txm,114.992,752.0,753.0,131.0,0.0,1038.0,101.0,1186.0,9450.0,9010.0,177.0,21.0,16592.0,19258.0,146.0,16464.0,343.0,0.0,27986.0,50.0,Pass
l2903.txm,116.027,751.0,754.0,135.0,0.0,1040.0,100.0,1185.0,9420.0,9075.0,472.0,20.0,16942.0,19244.0,119.0,16514.0,351.0,0.0,27842.0,50.0,Pass
l2903.txm,117.047,752.0,752.0,134.0,0.0,1040.0,101.0,1184.0,9450.0,9011.0,287.0,21.0,16931.0,19254.0,127.0,16724.0,351.0,0.0,27890.0,50.0,Pass
l2903.txm,118.067,752.0,754.0,133.0,0.0,1037.0,101.0,1184.0,9486.0,8980.0,890.0,20.0,16434.0,19264.0,-345.0,16478.0,350.0,0.0,27962.0,50.0,Pass
l2903.txm,119.087,752.0,753.0,132.0,0.0,1039.0,102.0,1184.0,9504.0,8977.0,793.0,20.0,16725.0,19260.0,136.0,16544.0,349.0,0.0,27976.0,50.0,Pass
l2903.txm,120.107,751.0,753.0,131.0,0.0,1037.0,100.0,1184.0,9474.0,9064.0,642.0,21.0,16631.0,19276.0,43.0,16420.0,344.0,0.0,27932.0,50.0,Pass
l2903.txm,121.145,752.0,754.0,132.0,0.0,1041.0,100.0,1185.0,9494.0,8988.0,-79.0,20.0,16738.0,19282.0,-29.0,16400.0,351.0,0.0,27810.0,50.0,Pass
l2904.txm,60.98,751.0,753.0,135.0,0.0,747.0,101.0,1203.0,9424.0,9055.0,-1138.0,25.0,16356.0,19902.0,-834.0,16634.0,348.0,0.0,27508.0,49.0,Pass
l2904.txm,61.999,752.0,754.0,135.0,0.0,703.0,101.0,1222.0,9396.0,9061.0,-747.0,24.0,16413.0,19906.0,-515.0,16592.0,349.0,0.0,27508.0,49.0,Pass
l2904.txm,63.02,752.0,753.0,132.0,0.0,699.0,101.0,1198.0,9405.0,9068.0,136.0,23.0,16395.0,19930.0,11.0,16486.0,349.0,0.0,27502.0,50.0,Pass
l2904.txm,64.0391,752.0,753.0,132.0,0.0,691.0,100.0,1178.0,9498.0,9004.0,897.0,23.0,16682.0,19942.0,-264.0,16552.0,346.0,0.0,27494.0,50.0,Pass
l2904.txm,65.0601,752.0,754.0,134.0,0.0,683.0,100.0,1189.0,9497.0,8997.0,-442.0,23.0,16324.0,19954.0,-267.0,16406.0,349.0,0.0,27460.0,50.0,Pass
l2904.txm,66.0891,752.0,753.0,132.0,0.0,681.0,101.0,1189.0,9439.0,9004.0,-789.0,24.0,16172.0,19998.0,-287.0,16444.0,351.0,0.0,27368.0,50.0,Pass
l2904.txm,67.1191,752.0,754.0,134.0,0.0,670.0,102.0,1184.0,9482.0,9026.0,-554.0,23.0,16518.0,20002.0,151.0,16472.0,352.0,0.0,27372.0,50.0,Pass
l2904.txm,68.2781,751.0,753.0,133.0,0.0,662.0,102.0,1184.0,9491.0,9006.0,-1137.0,24.0,16291.0,20000.0,-279.0,16734.0,344.0,0.0,27496.0,50.0,Pass
l2904.txm,69.269,752.0,753.0,134.0,0.0,655.0,100.0,1183.0,9493.0,9017.0,-864.0,24.0,16686.0,20058.0,-509.0,16268.0,352.0,0.0,27362.0,50.0,Pass
l2904.txm,70.3,752.0,753.0,134.0,0.0,649.0,100.0,1186.0,9449.0,9053.0,-1174.0,24.0,16312.0,20006.0,95.0,16550.0,354.0,0.0,27476.0,50.0,Pass
l2904.txm,71.3301,752.0,753.0,132.0,0.0,636.0,101.0,1182.0,9418.0,9050.0,-1355.0,24.0,16171.0,20002.0,111.0,16616.0,348.0,0.0,27366.0,50.0,Pass
l2904.txm,72.3591,752.0,753.0,131.0,0.0,615.0,100.0,1184.0,9402.0,9072.0,-1357.0,24.0,16639.0,19996.0,-332.0,16938.0,353.0,0.0,27328.0,50.0,Pass
l2904.txm,73.3801,751.0,752.0,132.0,0.0,598.0,102.0,1180.0,9471.0,9008.0,-1924.0,25.0,16079.0,20094.0,-529.0,16882.0,344.0,0.0,27306.0,50.0,Pass
l2904.txm,74.4089,752.0,753.0,134.0,0.0,570.0,101.0,1179.0,9420.0,9093.0,-755.0,25.0,16100.0,20190.0,-350.0,16774.0,348.0,0.0,27250.0,49.0,Pass
l2904.txm,75.4299,752.0,754.0,131.0,0.0,559.0,101.0,1181.0,9480.0,9073.0,-1413.0,25.0,16084.0,20262.0,-712.0,16508.0,359.0,0.0,26986.0,49.0,Pass
l2904.txm,76.449,752.0,753.0,135.0,0.0,545.0,100.0,1182.0,9489.0,9067.0,-1672.0,25.0,16284.0,20322.0,-618.0,16452.0,348.0,0.0,27120.0,49.0,Pass
l2904.txm,77.47,752.0,753.0,134.0,0.0,580.0,101.0,1191.0,9528.0,9088.0,-423.0,23.0,16462.0,20306.0,-325.0,16220.0,353.0,0.0,27108.0,49.0,Pass
l2904.txm,78.499,751.0,753.0,134.0,0.0,640.0,101.0,1190.0,9527.0,9072.0,592.0,20.0,16802.0,20084.0,392.0,16866.0,359.0,0.0,27590.0,49.0,Pass
l2904.txm,79.52,751.0,753.0,134.0,0.0,714.0,100.0,1189.0,9522.0,9089.0,443.0,19.0,17301.0,20032.0,129.0,16290.0,351.0,1.0,27582.0,50.0,Pass
l2904.txm,80.54,752.0,753.0,132.0,0.0,810.0,102.0,1186.0,9399.0,9079.0,612.0,22.0,16906.0,19840.0,141.0,16430.0,356.0,0.0,27642.0,50.0,Pass
l2904.txm,81.5691,752.0,754.0,131.0,0.0,888.0,100.0,1185.0,9411.0,8988.0,571.0,21.0,16959.0,19676.0,94.0,16132.0,345.0,1.0,27838.0,50.0,Pass
l2904.txm,82.5991,752.0,754.0,131.0,0.0,990.0,102.0,1186.0,9468.0,8980.0,499.0,21.0,16972.0,19316.0,25.0,16514.0,356.0,0.0,27820.0,50.0,Pass
l2904.txm,84.2551,752.0,754.0,134.0,0.0,1012.0,101.0,1186.0,9507.0,8985.0,726.0,20.0,16745.0,19266.0,148.0,16564.0,342.0,0.0,27912.0,50.0,Pass
l2904.txm,85.241,752.0,753.0,135.0,0.0,1018.0,101.0,1185.0,9444.0,9078.0,474.0,20.0,17288.0,19280.0,374.0,16314.0,349.0,0.0,27954.0,50.0,Pass
l2904.txm,86.2651,751.0,753.0,132.0,0.0,1015.0,102.0,1184.0,9460.0,9039.0,312.0,20.0,16659.0,19280.0,624.0,16464.0,349.0,0.0,27874.0,50.0,Pass
l2904.txm,87.8101,752.0,754.0,131.0,0.0,1021.0,100.0,1185.0,9413.0,9025.0,82.0,20.0,16940.0,19288.0,49.0,16450.0,354.0,0.0,27964.0,50.0,Pass
l2904.txm,88.8301,752.0,752.0,132.0,0.0,1028.0,100.0,1182.0,9390.0,9004.0,978.0,20.0,16598.0,19290.0,-34.0,16268.0,355.0,0.0,27802.0,50.0,Pass
l2904.txm,89.8501,752.0,753.0,131.0,0.0,1027.0,100.0,1184.0,9412.0,8972.0,1092.0,20.0,16855.0,19248.0,-400.0,16506.0,343.0,0.0,27910.0,50.0,Pass
l2904.txm,90.8879,752.0,754.0,132.0,0.0,1029.0,100.0,1187.0,9404.0,9053.0,1132.0,20.0,16656.0,19286.0,116.0,16316.0,352.0,0.0,27930.0,50.0,Pass
l2904.txm,91.9102,752.0,754.0,131.0,0.0,1030.0,100.0,1184.0,9407.0,9022.0,1305.0,20.0,16795.0,19238.0,-277.0,16450.0,344.0,0.0,27870.0,50.0,Pass
l2904.txm,92.9299,752.0,753.0,132.0,0.0,1029.0,101.0,1183.0,9442.0,9025.0,414.0,20.0,16626.0,19258.0,127.0,16348.0,348.0,1.0,27848.0,50.0,Pass
l2904.txm,93.9499,752.0,754.0,131.0,0.0,1035.0,100.0,1185.0,9409.0,9063.0,518.0,20.0,16770.0,19238.0,854.0,16412.0,355.0,0.0,27806.0,50.0,Pass
l2904.txm,94.98,752.0,754.0,135.0,0.0,1035.0,101.0,1184.0,9391.0,9056.0,-193.0,21.0,17122.0,19236.0,-277.0,16320.0,351.0,0.0,27888.0,50.0,Pass
l2904.txm,96.0,752.0,753.0,131.0,0.0,1036.0,102.0,1184.0,9457.0,8972.0,786.0,20.0,16687.0,19282.0,304.0,16278.0,350.0,0.0,27862.0,50.0,Pass
l2904.txm,97.03,752.0,753.0,134.0,0.0,1041.0,102.0,1183.0,9404.0,9068.0,140.0,21.0,16974.0,19242.0,-373.0,16542.0,349.0,0.0,27858.0,50.0,Pass
l2904.txm,98.051,752.0,753.0,133.0,0.0,1042.0,101.0,1186.0,9393.0,9029.0,602.0,21.0,16541.0,19276.0,-345.0,16534.0,352.0,0.0,27996.0,50.0,Pass
l2904.txm,99.1001,752.0,753.0,131.0,0.0,1039.0,100.0,1184.0,9456.0,9002.0,851.0,20.0,16946.0,19286.0,85.0,16490.0,355.0,0.0,27910.0,50.0,Pass
l2904.txm,100.13,752.0,753.0,132.0,0.0,1043.0,101.0,1185.0,9466.0,8992.0,100.0,20.0,16979.0,19250.0,-388.0,16562.0,351.0,0.0,27990.0,50.0,Pass
l2904.txm,101.15,752.0,753.0,134.0,0.0,1048.0,102.0,1185.0,9491.0,8968.0,294.0,20.0,16724.0,19262.0,134.0,16520.0,351.0,0.0,27906.0,50.0,Pass
l2904.txm,102.17,752.0,752.0,135.0,0.0,1042.0,102.0,1187.0,9431.0,9003.0,-229.0,20.0,16997.0,19210.0,442.0,16498.0,349.0,0.0,27978.0,50.0,Pass
l2904.txm,103.2,752.0,754.0,133.0,0.0,1047.0,101.0,1188.0,9474.0,8980.0,686.0,20.0,16982.0,19228.0,70.0,16534.0,350.0,0.0,27906.0,50.0,Pass
l2904.txm,104.23,751.0,753.0,135.0,0.0,1043.0,100.0,1186.0,9470.0,8980.0,225.0,20.0,16982.0,19246.0,-40.0,16390.0,348.0,0.0,27928.0,50.0,Pass
l2904.txm,105.261,751.0,753.0,134.0,0.0,1044.0,100.0,1187.0,9425.0,8985.0,471.0,20.0,16997.0,19262.0,-368.0,16292.0,355.0,0.0,27924.0,50.0,Pass
l2904.txm,106.287,752.0,754.0,132.0,0.0,1045.0,100.0,1188.0,9400.0,9013.0,445.0,20.0,16925.0,19274.0,39.0,16292.0,348.0,0.0,27898.0,50.0,Pass
l2904.txm,108.263,752.0,754.0,134.0,0.0,1045.0,100.0,1185.0,9456.0,8987.0,-4.0,20.0,16764.0,19226.0,-37.0,16470.0,352.0,0.0,27882.0,50.0,Pass
l2904.txm,109.251,752.0,754.0,132.0,0.0,1043.0,100.0,1186.0,9494.0,8979.0,1128.0,20.0,16505.0,19234.0,18.0,16418.0,348.0,0.0,27914.0,50.0,Pass
l2904.txm,110.27,751.0,753.0,133.0,0.0,1044.0,100.0,1185.0,9470.0,8976.0,1212.0,20.0,16950.0,19268.0,-297.0,16286.0,353.0,0.0,27930.0,50.0,Pass
l2904.txm,111.29,752.0,753.0,133.0,0.0,1041.0,100.0,1186.0,9490.0,8990.0,1105.0,20.0,16867.0,19274.0,602.0,16400.0,356.0,0.0,27938.0,50.0,Pass
l2904.txm,112.316,751.0,752.0,135.0,0.0,1043.0,100.0,1185.0,9451.0,8984.0,-120.0,20.0,16970.0,19262.0,-273.0,16546.0,354.0,0.0,27892.0,50.0,Pass
l2904.txm,113.33,751.0,753.0,133.0,0.0,1049.0,101.0,1186.0,9399.0,9060.0,628.0,20.0,16691.0,19230.0,59.0,16382.0,349.0,0.0,27976.0,50.0,Pass
l2904.txm,114.35,751.0,754.0,133.0,0.0,1043.0,100.0,1184.0,9408.0,9058.0,929.0,20.0,16835.0,19262.0,123.0,16280.0,341.0,0.0,27878.0,50.0,Pass
l2904.txm,115.37,752.0,753.0,133.0,0.0,1048.0,101.0,1185.0,9399.0,9065.0,282.0,20.0,16639.0,19278.0,-59.0,16388.0,355.0,0.0,27944.0,50.0,Pass
l2904.txm,116.4,752.0,753.0,134.0,0.0,1045.0,101.0,1185.0,9466.0,8960.0,440.0,20.0,16964.0,19238.0,136.0,16548.0,360.0,0.0,27936.0,50.0,Pass
l2904.txm,117.42,752.0,753.0,133.0,0.0,1045.0,101.0,1184.0,9397.0,9054.0,906.0,20.0,16963.0,19224.0,-54.0,16570.0,361.0,0.0,27894.0,50.0,Pass
l2904.txm,118.46,752.0,754.0,132.0,0.0,1045.0,101.0,1184.0,9491.0,8986.0,853.0,20.0,16569.0,19290.0,127.0,16314.0,342.0,0.0,27888.0,50.0,Pass
l2905.txm,62.4502,752.0,752.0,134.0,0.0,715.0,100.0,1234.0,9414.0,9005.0,-953.0,25.0,16578.0,19914.0,-508.0,16586.0,351.0,0.0,27540.0,49.0,Pass
l2905.txm,63.48,752.0,753.0,134.0,0.0,701.0,100.0,1208.0,9418.0,9057.0,-323.0,23.0,16484.0,19908.0,-69.0,16678.0,355.0,0.0,27522.0,50.0,Pass
l2905.txm,64.5,752.0,754.0,134.0,0.0,698.0,101.0,1193.0,9490.0,9017.0,395.0,23.0,16329.0,19900.0,-521.0,16646.0,345.0,0.0,27510.0,50.0,Pass
l2905.txm,65.593,752.0,754.0,134.0,0.0,693.0,100.0,1182.0,9504.0,9020.0,795.0,22.0,16877.0,19996.0,-296.0,16570.0,341.0,0.0,27352.0,50.0,Pass
l2905.txm,66.675,751.0,753.0,135.0,0.0,683.0,100.0,1186.0,9449.0,9026.0,719.0,22.0,16346.0,19954.0,-409.0,16702.0,342.0,0.0,27366.0,50.0,Pass
l2905.txm,67.6902,751.0,752.0,132.0,0.0,676.0,101.0,1185.0,9425.0,9106.0,-541.0,22.0,16667.0,19920.0,0.0,16680.0,345.0,0.0,27450.0,50.0,Pass
l2905.txm,68.7102,752.0,751.0,133.0,0.0,668.0,102.0,1183.0,9473.0,9019.0,-421.0,23.0,16348.0,19996.0,-389.0,16442.0,348.0,0.0,27452.0,50.0,Pass
l2905.txm,69.73,752.0,753.0,133.0,0.0,663.0,100.0,1184.0,9416.0,9076.0,-644.0,23.0,16868.0,19994.0,-268.0,16686.0,354.0,0.0,27472.0,50.0,Pass
l2905.txm,70.76,751.0,753.0,134.0,0.0,654.0,100.0,1184.0,9459.0,9065.0,-1232.0,23.0,16813.0,20062.0,65.0,16276.0,346.0,0.0,27344.0,50.0,Pass
l2905.txm,71.78,752.0,754.0,132.0,0.0,646.0,101.0,1184.0,9416.0,9026.0,-298.0,24.0,16546.0,20040.0,130.0,16456.0,354.0,0.0,27380.0,50.0,Pass
l2905.txm,72.8101,752.0,753.0,134.0,0.0,627.0,100.0,1181.0,9447.0,9028.0,-1209.0,24.0,16310.0,19988.0,-282.0,16776.0,357.0,0.0,27388.0,50.0,Pass
l2905.txm,73.8401,751.0,752.0,131.0,0.0,613.0,102.0,1182.0,9398.0,9054.0,-1359.0,24.0,16133.0,20058.0,-37.0,16702.0,354.0,0.0,27290.0,50.0,Pass
l2905.txm,74.8701,752.0,753.0,132.0,0.0,587.0,102.0,1179.0,9396.0,9076.0,-804.0,25.0,15853.0,20116.0,-64.0,16732.0,358.0,0.0,27220.0,50.0,Pass
l2905.txm,75.8901,751.0,753.0,131.0,0.0,569.0,100.0,1185.0,9444.0,9051.0,-1311.0,25.0,16244.0,20214.0,111.0,16710.0,348.0,0.0,27148.0,49.0,Pass
l2905.txm,76.917,751.0,753.0,132.0,0.0,549.0,100.0,1181.0,9468.0,9118.0,-1089.0,25.0,15872.0,20320.0,-298.0,16324.0,342.0,1.0,27094.0,49.0,Pass
l2905.txm,77.9302,752.0,753.0,135.0,0.0,565.0,101.0,1186.0,9483.0,9134.0,-893.0,24.0,16319.0,20312.0,-302.0,16262.0,356.0,0.0,27114.0,49.0,Pass
l2905.txm,78.9602,752.0,754.0,134.0,0.0,611.0,101.0,1193.0,9474.0,9087.0,1188.0,21.0,17018.0,20350.0,612.0,15942.0,350.0,1.0,27522.0,49.0,Pass
l2905.txm,80.1501,751.0,752.0,131.0,0.0,684.0,101.0,1191.0,9489.0,9079.0,1095.0,20.0,17161.0,20076.0,144.0,16470.0,344.0,0.0,27564.0,50.0,Pass
l2905.txm,81.6311,752.0,753.0,132.0,0.0,772.0,102.0,1191.0,9426.0,9031.0,722.0,20.0,16698.0,19830.0,-44.0,16344.0,349.0,0.0,27590.0,50.0,Pass
l2905.txm,82.6902,752.0,754.0,133.0,0.0,936.0,100.0,1189.0,9453.0,9034.0,747.0,20.0,17086.0,19530.0,44.0,16380.0,348.0,0.0,27898.0,50.0,Pass
l2905.txm,83.7102,751.0,752.0,131.0,0.0,1009.0,100.0,1189.0,9441.0,9029.0,1026.0,20.0,16758.0,19276.0,22.0,16382.0,352.0,0.0,27940.0,50.0,Pass
l2905.txm,84.73,752.0,753.0,133.0,0.0,1020.0,101.0,1184.0,9439.0,9035.0,638.0,20.0,16783.0,19284.0,-339.0,16406.0,343.0,0.0,27932.0,50.0,Pass
l2905.txm,85.75,752.0,752.0,133.0,0.0,1024.0,101.0,1184.0,9487.0,8968.0,1152.0,20.0,17066.0,19252.0,-309.0,16442.0,354.0,0.0,27900.0,50.0,Pass
l2905.txm,86.77,752.0,754.0,132.0,0.0,1029.0,100.0,1183.0,9391.0,9034.0,967.0,20.0,16791.0,19290.0,157.0,16482.0,350.0,0.0,27960.0,50.0,Pass
l2905.txm,87.8,752.0,753.0,134.0,0.0,1031.0,100.0,1183.0,9397.0,9074.0,573.0,20.0,17037.0,19226.0,85.0,16526.0,342.0,0.0,28006.0,50.0,Pass
l2905.txm,88.8201,752.0,753.0,132.0,0.0,1031.0,100.0,1183.0,9415.0,9008.0,1028.0,20.0,17073.0,19296.0,-22.0,16540.0,348.0,0.0,27844.0,50.0,Pass
l2905.txm,89.8472,752.0,754.0,134.0,0.0,1036.0,100.0,1186.0,9385.0,9046.0,65.0,21.0,16545.0,19284.0,-362.0,16474.0,347.0,0.0,27838.0,50.0,Pass
l2905.txm,90.8601,752.0,753.0,134.0,0.0,1034.0,102.0,1184.0,9391.0,9040.0,854.0,20.0,16643.0,19256.0,-270.0,16302.0,348.0,0.0,28016.0,50.0,Pass
l2905.txm,91.8801,752.0,753.0,132.0,0.0,1032.0,101.0,1183.0,9412.0,9035.0,193.0,20.0,16872.0,19296.0,103.0,16342.0,343.0,1.0,28026.0,50.0,Pass
l2905.txm,92.9102,752.0,754.0,134.0,0.0,1041.0,100.0,1183.0,9445.0,8988.0,734.0,20.0,16816.0,19290.0,434.0,16502.0,349.0,0.0,28034.0,50.0,Pass
l2905.txm,93.9302,752.0,754.0,135.0,0.0,1036.0,101.0,1185.0,9415.0,9029.0,432.0,20.0,16816.0,19254.0,53.0,16392.0,344.0,0.0,28014.0,50.0,Pass
l2905.txm,94.957,752.0,753.0,133.0,0.0,1042.0,101.0,1183.0,9485.0,8981.0,528.0,21.0,16747.0,19254.0,-70.0,16558.0,354.0,0.0,27934.0,50.0,Pass
l2905.txm,95.9932,752.0,753.0,133.0,0.0,1037.0,101.0,1183.0,9461.0,8980.0,606.0,21.0,16648.0,19282.0,686.0,16386.0,361.0,0.0,27810.0,50.0,Pass
l2905.txm,97.021,752.0,754.0,133.0,0.0,1045.0,102.0,1187.0,9428.0,9087.0,312.0,21.0,16708.0,19224.0,90.0,16592.0,354.0,0.0,27930.0,50.0,Pass
l2905.txm,98.04,752.0,753.0,132.0,0.0,1040.0,100.0,1184.0,9400.0,9012.0,293.0,21.0,16898.0,19296.0,143.0,16364.0,358.0,0.0,28016.0,50.0,Pass
l2905.txm,99.0601,752.0,753.0,133.0,0.0,1050.0,101.0,1186.0,9459.0,8968.0,707.0,21.0,17082.0,19234.0,-6.0,16532.0,350.0,0.0,27986.0,50.0,Pass
l2905.txm,100.094,752.0,753.0,132.0,0.0,1044.0,100.0,1185.0,9480.0,8977.0,577.0,21.0,16742.0,19254.0,95.0,16488.0,354.0,0.0,27822.0,50.0,Pass
l2905.txm,101.11,752.0,754.0,132.0,0.0,1047.0,100.0,1187.0,9403.0,9064.0,512.0,21.0,16624.0,19252.0,-365.0,16266.0,342.0,0.0,28010.0,50.0,Pass
l2905.txm,102.14,752.0,753.0,134.0,0.0,1047.0,100.0,1184.0,9477.0,8981.0,140.0,21.0,16892.0,19234.0,-267.0,16446.0,347.0,0.0,27998.0,50.0,Pass
l2905.txm,103.732,751.0,754.0,131.0,0.0,1048.0,100.0,1184.0,9412.0,9007.0,605.0,21.0,16502.0,19238.0,600.0,16422.0,356.0,0.0,27838.0,50.0,Pass
l2905.txm,104.72,752.0,752.0,133.0,0.0,1049.0,101.0,1187.0,9453.0,8959.0,384.0,21.0,16646.0,19226.0,-345.0,16266.0,350.0,1.0,27894.0,50.0,Pass
l2905.txm,105.74,751.0,754.0,132.0,0.0,1050.0,100.0,1185.0,9468.0,8965.0,291.0,21.0,16505.0,19274.0,228.0,16354.0,350.0,0.0,28028.0,50.0,Pass
l2905.txm,106.77,752.0,753.0,132.0,0.0,1047.0,101.0,1183.0,9472.0,8970.0,295.0,21.0,16648.0,19228.0,170.0,16468.0,359.0,1.0,27892.0,50.0,Pass
l2905.txm,107.797,752.0,753.0,135.0,0.0,1048.0,101.0,1186.0,9456.0,9005.0,441.0,21.0,16897.0,19300.0,46.0,16300.0,348.0,0.0,27882.0,50.0,Pass
l2905.txm,108.82,752.0,754.0,135.0,0.0,1051.0,101.0,1184.0,9403.0,9034.0,265.0,21.0,16968.0,19232.0,65.0,16420.0,358.0,0.0,27948.0,50.0,Pass
l2905.txm,109.84,752.0,753.0,133.0,0.0,1050.0,100.0,1185.0,9484.0,8971.0,466.0,21.0,16966.0,19248.0,146.0,16436.0,348.0,0.0,27898.0,50.0,Pass
l2905.txm,110.86,752.0,754.0,133.0,0.0,1052.0,100.0,1186.0,9386.0,9067.0,198.0,21.0,16645.0,19266.0,-339.0,16536.0,349.0,0.0,27882.0,50.0,Pass
l2905.txm,111.89,752.0,753.0,135.0,0.0,1049.0,100.0,1184.0,9402.0,9021.0,225.0,20.0,16656.0,19234.0,-263.0,16254.0,354.0,0.0,27956.0,50.0,Pass
l2905.txm,112.916,752.0,752.0,134.0,0.0,1052.0,100.0,1186.0,9469.0,8959.0,159.0,21.0,16940.0,19292.0,-314.0,16284.0,350.0,0.0,27944.0,50.0,Pass
l2905.txm,113.93,751.0,753.0,135.0,0.0,1048.0,100.0,1185.0,9421.0,8997.0,714.0,21.0,16938.0,19268.0,342.0,16530.0,346.0,0.0,27882.0,50.0,Pass
l2905.txm,114.95,752.0,754.0,132.0,0.0,1058.0,102.0,1186.0,9388.0,9048.0,869.0,21.0,16529.0,19290.0,-61.0,16538.0,351.0,0.0,27878.0,50.0,Pass
l2905.txm,115.98,752.0,752.0,133.0,0.0,1051.0,101.0,1186.0,9501.0,8974.0,774.0,20.0,17066.0,19218.0,138.0,16594.0,344.0,0.0,27942.0,50.0,Pass
l2905.txm,117.0,752.0,754.0,134.0,0.0,1047.0,102.0,1186.0,9433.0,9007.0,180.0,20.0,16980.0,19234.0,752.0,16564.0,348.0,0.0,27876.0,50.0,Pass
l2905.txm,118.02,751.0,752.0,134.0,0.0,1050.0,100.0,1187.0,9488.0,9012.0,737.0,21.0,16441.0,19220.0,-454.0,16538.0,352.0,0.0,27870.0,50.0,Pass
l2905.txm,119.04,753.0,753.0,135.0,0.0,1048.0,101.0,1184.0,9408.0,9064.0,190.0,21.0,16767.0,19244.0,-16.0,16494.0,344.0,0.0,27962.0,50.0,Pass
l2906.txm,61.3899,752.0,753.0,135.0,0.0,803.0,101.0,1201.0,9417.0,9021.0,-1100.0,25.0,16440.0,19842.0,-21.0,16406.0,356.0,0.0,27516.0,49.0,Pass
l2906.txm,62.4099,752.0,753.0,135.0,0.0,717.0,101.0,1223.0,9474.0,9022.0,-796.0,24.0,16629.0,19884.0,-497.0,16562.0,342.0,0.0,27534.0,49.0,Pass
l2906.txm,63.4299,752.0,753.0,135.0,0.0,705.0,101.0,1195.0,9499.0,9011.0,-46.0,23.0,16755.0,19902.0,-94.0,16798.0,351.0,0.0,27518.0,50.0,Pass
l2906.txm,64.4509,752.0,753.0,134.0,0.0,700.0,102.0,1183.0,9434.0,9094.0,-179.0,23.0,16526.0,19898.0,-293.0,16810.0,344.0,0.0,27498.0,50.0,Pass
l2906.txm,65.78,752.0,753.0,134.0,0.0,689.0,102.0,1189.0,9435.0,9058.0,-163.0,23.0,16618.0,19906.0,-16.0,16324.0,350.0,0.0,27386.0,50.0,Pass
l2906.txm,66.8059,752.0,753.0,134.0,0.0,680.0,101.0,1177.0,9455.0,9066.0,-311.0,23.0,16353.0,19952.0,39.0,16682.0,348.0,0.0,27364.0,50.0,Pass
l2906.txm,67.8201,752.0,753.0,134.0,0.0,676.0,100.0,1190.0,9421.0,9064.0,-134.0,23.0,16479.0,19990.0,-656.0,16700.0,351.0,0.0,27468.0,50.0,Pass
l2906.txm,68.8398,751.0,753.0,133.0,0.0,666.0,102.0,1182.0,9435.0,9045.0,-714.0,25.0,16337.0,19906.0,-301.0,16842.0,357.0,0.0,27426.0,50.0,Pass
l2906.txm,69.8599,752.0,753.0,132.0,0.0,661.0,101.0,1189.0,9493.0,9014.0,-696.0,24.0,16662.0,19934.0,-577.0,16772.0,356.0,0.0,27338.0,50.0,Pass
l2906.txm,70.8899,752.0,754.0,133.0,0.0,655.0,100.0,1185.0,9437.0,9076.0,-835.0,24.0,16231.0,19970.0,-317.0,16606.0,346.0,0.0,27312.0,50.0,Pass
l2906.txm,71.9199,751.0,753.0,133.0,0.0,644.0,100.0,1185.0,9424.0,9050.0,-1135.0,24.0,16258.0,19982.0,-397.0,16814.0,345.0,0.0,27308.0,50.0,Pass
l2906.txm,72.95,752.0,753.0,132.0,0.0,630.0,101.0,1183.0,9496.0,9016.0,-1483.0,24.0,16611.0,19968.0,-606.0,16842.0,350.0,0.0,27388.0,50.0,Pass
l2906.txm,73.9929,751.0,753.0,134.0,0.0,607.0,101.0,1179.0,9415.0,9067.0,-1511.0,25.0,16374.0,20056.0,12.0,16386.0,347.0,0.0,27290.0,50.0,Pass
l2906.txm,75.0159,752.0,753.0,133.0,0.0,574.0,100.0,1177.0,9466.0,9070.0,-683.0,25.0,16249.0,20146.0,-529.0,16704.0,348.0,0.0,27120.0,49.0,Pass
l2906.txm,76.032,752.0,753.0,133.0,0.0,563.0,100.0,1186.0,9472.0,9048.0,-1081.0,25.0,16027.0,20286.0,-490.0,16788.0,354.0,0.0,27086.0,49.0,Pass
l2906.txm,77.0569,752.0,754.0,133.0,0.0,551.0,101.0,1183.0,9506.0,9085.0,-1085.0,25.0,16155.0,20274.0,-298.0,16498.0,345.0,0.0,27066.0,49.0,Pass
l2906.txm,78.071,752.0,753.0,132.0,0.0,584.0,100.0,1191.0,9465.0,9108.0,-130.0,23.0,16324.0,20348.0,-453.0,16174.0,357.0,0.0,27180.0,49.0,Pass
l2906.txm,79.0898,752.0,754.0,132.0,0.0,633.0,100.0,1195.0,9493.0,9147.0,512.0,21.0,17006.0,20058.0,67.0,16810.0,346.0,0.0,27564.0,49.0,Pass
l2906.txm,80.1099,752.0,752.0,135.0,0.0,710.0,101.0,1185.0,9491.0,9052.0,438.0,21.0,17037.0,20054.0,149.0,16276.0,354.0,1.0,27566.0,50.0,Pass
l2906.txm,81.1299,752.0,753.0,134.0,0.0,797.0,101.0,1191.0,9493.0,9017.0,954.0,20.0,16645.0,19852.0,134.0,16318.0,350.0,0.0,27746.0,50.0,Pass
l2906.txm,82.1499,752.0,753.0,132.0,0.0,887.0,100.0,1194.0,9473.0,8983.0,617.0,21.0,16679.0,19746.0,290.0,16306.0,350.0,0.0,27828.0,50.0,Pass
l2906.txm,83.197,751.0,753.0,131.0,0.0,993.0,100.0,1184.0,9488.0,8979.0,905.0,20.0,16697.0,19328.0,794.0,16514.0,352.0,0.0,27934.0,50.0,Pass
l2906.txm,84.189,752.0,753.0,133.0,0.0,1016.0,100.0,1184.0,9413.0,9041.0,346.0,21.0,17147.0,19300.0,127.0,16420.0,350.0,0.0,27798.0,50.0,Pass
l2906.txm,85.21,752.0,753.0,131.0,0.0,1022.0,100.0,1183.0,9475.0,8988.0,598.0,21.0,16686.0,19324.0,126.0,16532.0,356.0,0.0,27844.0,50.0,Pass
l2906.txm,86.229,752.0,753.0,132.0,0.0,1026.0,100.0,1184.0,9444.0,9030.0,770.0,20.0,16614.0,19330.0,146.0,16264.0,355.0,0.0,27938.0,50.0,Pass
l2906.txm,87.25,752.0,753.0,133.0,0.0,1032.0,102.0,1184.0,9402.0,9060.0,-357.0,21.0,16734.0,19302.0,-309.0,16336.0,353.0,0.0,27892.0,50.0,Pass
l2906.txm,88.27,752.0,753.0,134.0,0.0,1028.0,100.0,1182.0,9395.0,9022.0,-47.0,21.0,17146.0,19252.0,-325.0,16376.0,349.0,0.0,27976.0,50.0,Pass
l2906.txm,89.29,752.0,753.0,133.0,0.0,1031.0,101.0,1185.0,9395.0,9060.0,67.0,21.0,16749.0,19228.0,-29.0,16578.0,347.0,0.0,27886.0,50.0,Pass
l2906.txm,90.3101,752.0,754.0,134.0,0.0,1038.0,100.0,1185.0,9459.0,8995.0,230.0,21.0,17077.0,19212.0,-56.0,16416.0,349.0,0.0,27838.0,50.0,Pass
l2906.txm,91.3301,751.0,752.0,133.0,0.0,1036.0,100.0,1184.0,9425.0,9028.0,951.0,21.0,16623.0,19300.0,622.0,16398.0,342.0,0.0,27976.0,50.0,Pass
l2906.txm,92.3499,752.0,752.0,135.0,0.0,1041.0,100.0,1182.0,9489.0,9011.0,141.0,21.0,16839.0,19272.0,234.0,16386.0,351.0,0.0,27856.0,50.0,Pass
l2906.txm,93.3699,752.0,754.0,133.0,0.0,1042.0,101.0,1186.0,9394.0,9016.0,456.0,21.0,16745.0,19198.0,51.0,16394.0,350.0,0.0,27888.0,50.0,Pass
l2906.txm,94.4661,752.0,753.0,131.0,0.0,1037.0,101.0,1184.0,9464.0,8979.0,786.0,21.0,16666.0,19206.0,121.0,16434.0,351.0,0.0,27920.0,50.0,Pass
l2906.txm,95.5149,752.0,754.0,131.0,0.0,1038.0,101.0,1185.0,9429.0,8963.0,934.0,21.0,16624.0,19304.0,90.0,16368.0,344.0,0.0,28034.0,50.0,Pass
l2906.txm,96.509,752.0,752.0,132.0,0.0,1049.0,100.0,1186.0,9489.0,8967.0,466.0,21.0,16578.0,19178.0,153.0,16540.0,349.0,0.0,27928.0,50.0,Pass
l2906.txm,97.53,752.0,752.0,135.0,0.0,1046.0,101.0,1186.0,9418.0,9037.0,628.0,21.0,16926.0,19274.0,57.0,16334.0,354.0,0.0,27828.0,50.0,Pass
l2906.txm,98.5501,752.0,753.0,134.0,0.0,1042.0,100.0,1186.0,9476.0,8984.0,150.0,21.0,16733.0,19194.0,246.0,16356.0,345.0,0.0,27862.0,50.0,Pass
l2906.txm,99.5701,752.0,753.0,134.0,0.0,1043.0,100.0,1184.0,9385.0,9042.0,441.0,21.0,17043.0,19202.0,662.0,16490.0,346.0,0.0,27976.0,50.0,Pass
l2906.txm,100.59,752.0,754.0,133.0,0.0,1047.0,101.0,1185.0,9470.0,8970.0,653.0,21.0,16604.0,19252.0,12.0,16368.0,348.0,0.0,27828.0,50.0,Pass
l2906.txm,101.61,752.0,753.0,132.0,0.0,1050.0,102.0,1185.0,9460.0,8984.0,985.0,20.0,16637.0,19204.0,-286.0,16300.0,343.0,0.0,27988.0,50.0,Pass
l2906.txm,102.63,751.0,753.0,132.0,0.0,1047.0,100.0,1184.0,9421.0,9064.0,303.0,21.0,16671.0,19194.0,726.0,16412.0,350.0,0.0,27814.0,50.0,Pass
l2906.txm,103.65,752.0,753.0,136.0,0.0,1055.0,100.0,1186.0,9502.0,8994.0,494.0,20.0,16838.0,19238.0,93.0,16522.0,349.0,0.0,27966.0,50.0,Pass
l2906.txm,104.67,752.0,753.0,132.0,0.0,1051.0,100.0,1186.0,9402.0,9027.0,390.0,21.0,17045.0,19230.0,90.0,16326.0,351.0,0.0,27868.0,50.0,Pass
l2906.txm,105.69,752.0,753.0,134.0,0.0,1049.0,100.0,1186.0,9406.0,9006.0,-39.0,21.0,16791.0,19230.0,13.0,16378.0,354.0,0.0,27880.0,50.0,Pass
l2906.txm,106.71,752.0,754.0,135.0,0.0,1050.0,101.0,1187.0,9488.0,8975.0,435.0,20.0,16816.0,19262.0,224.0,16518.0,342.0,0.0,27992.0,50.0,Pass
l2906.txm,107.756,752.0,754.0,132.0,0.0,1053.0,102.0,1187.0,9469.0,8982.0,185.0,21.0,16756.0,19190.0,4.0,16336.0,350.0,0.0,27826.0,50.0,Pass
l2906.txm,108.749,752.0,754.0,132.0,0.0,1053.0,100.0,1186.0,9445.0,9013.0,284.0,21.0,16982.0,19286.0,46.0,16508.0,356.0,0.0,27890.0,50.0,Pass
l2906.txm,109.77,752.0,754.0,135.0,0.0,1051.0,100.0,1185.0,9429.0,9027.0,158.0,21.0,16972.0,19306.0,12.0,16552.0,347.0,0.0,27932.0,50.0,Pass
l2906.txm,110.79,752.0,753.0,131.0,0.0,1056.0,101.0,1186.0,9400.0,9040.0,-101.0,20.0,16949.0,19230.0,67.0,16402.0,346.0,0.0,27958.0,50.0,Pass
l2906.txm,111.81,752.0,753.0,133.0,0.0,1051.0,102.0,1185.0,9424.0,8974.0,407.0,21.0,16561.0,19184.0,32.0,16592.0,351.0,0.0,27996.0,50.0,Pass
l2906.txm,112.83,752.0,754.0,133.0,0.0,1054.0,100.0,1186.0,9386.0,9059.0,672.0,21.0,16884.0,19298.0,83.0,16574.0,348.0,0.0,27942.0,50.0,Pass
l2906.txm,113.85,752.0,754.0,132.0,0.0,1051.0,101.0,1186.0,9426.0,9012.0,634.0,21.0,16805.0,19204.0,64.0,16412.0,357.0,0.0,27954.0,50.0,Pass
l2906.txm,114.87,751.0,752.0,132.0,0.0,1049.0,102.0,1184.0,9390.0,9047.0,174.0,21.0,17017.0,19260.0,77.0,16296.0,351.0,0.0,28014.0,50.0,Pass
l2906.txm,115.89,752.0,753.0,135.0,0.0,1054.0,101.0,1184.0,9404.0,8999.0,257.0,21.0,17090.0,19290.0,107.0,16466.0,345.0,0.0,27866.0,50.0,Pass
l2906.txm,116.91,752.0,753.0,133.0,0.0,1051.0,101.0,1184.0,9422.0,9013.0,976.0,21.0,17085.0,19298.0,538.0,16448.0,345.0,0.0,27870.0,50.0,Pass
l2906.txm,118.011,751.0,752.0,135.0,0.0,1051.0,102.0,1186.0,9404.0,9044.0,898.0,21.0,17016.0,19278.0,114.0,16638.0,342.0,0.0,28010.0,50.0,Pass
l2906.txm,118.979,751.0,752.0,133.0,0.0,1054.0,100.0,1186.0,9412.0,9065.0,-37.0,21.0,16808.0,19198.0,268.0,16454.0,357.0,0.0,27888.0,50.0,Pass
l2907.txm,59.7852,752.0,754.0,132.0,0.0,849.0,100.0,1191.0,9412.0,9059.0,11.0,25.0,15960.0,19808.0,-780.0,16896.0,347.0,0.0,27542.0,50.0,Pass
l2907.txm,60.78,751.0,753.0,135.0,0.0,732.0,100.0,1231.0,9470.0,8998.0,-1483.0,25.0,16332.0,19886.0,-40.0,16604.0,355.0,0.0,27522.0,49.0,Pass
l2907.txm,61.8,752.0,754.0,134.0,0.0,706.0,101.0,1202.0,9489.0,9003.0,-859.0,24.0,16578.0,19876.0,-263.0,16820.0,353.0,0.0,27536.0,50.0,Pass
l2907.txm,62.8201,752.0,754.0,135.0,0.0,703.0,101.0,1190.0,9417.0,9076.0,-477.0,23.0,16570.0,19904.0,-415.0,16458.0,356.0,0.0,27378.0,50.0,Pass
l2907.txm,63.8401,752.0,753.0,134.0,0.0,694.0,100.0,1184.0,9507.0,9008.0,103.0,23.0,16538.0,19934.0,282.0,16432.0,348.0,0.0,27378.0,50.0,Pass
l2907.txm,64.8611,752.0,754.0,134.0,0.0,687.0,100.0,1186.0,9480.0,8998.0,-630.0,23.0,16290.0,19898.0,-50.0,16608.0,356.0,0.0,27518.0,50.0,Pass
l2907.txm,65.8811,752.0,754.0,134.0,0.0,679.0,100.0,1187.0,9503.0,8991.0,-19.0,23.0,16578.0,19918.0,153.0,16502.0,351.0,0.0,27518.0,50.0,Pass
l2907.txm,66.926,752.0,754.0,131.0,0.0,675.0,101.0,1185.0,9433.0,9014.0,-43.0,23.0,16514.0,20042.0,-33.0,16774.0,345.0,0.0,27442.0,50.0,Pass
l2907.txm,67.9202,751.0,752.0,132.0,0.0,667.0,101.0,1185.0,9491.0,8989.0,-548.0,23.0,16613.0,19872.0,-96.0,16686.0,348.0,0.0,27418.0,50.0,Pass
l2907.txm,68.9399,751.0,753.0,131.0,0.0,663.0,100.0,1185.0,9450.0,9056.0,-1036.0,24.0,16355.0,19992.0,-284.0,16326.0,351.0,0.0,27376.0,50.0,Pass
l2907.txm,69.96,752.0,753.0,131.0,0.0,650.0,100.0,1184.0,9482.0,9017.0,-530.0,24.0,16630.0,20108.0,-341.0,16312.0,348.0,0.0,27398.0,50.0,Pass
l2907.txm,70.98,752.0,754.0,135.0,0.0,639.0,101.0,1183.0,9484.0,9006.0,-1733.0,24.0,16349.0,20100.0,-295.0,16790.0,346.0,0.0,27330.0,50.0,Pass
l2907.txm,72.0,752.0,754.0,132.0,0.0,620.0,101.0,1181.0,9415.0,9075.0,-1166.0,25.0,16190.0,19958.0,-306.0,17072.0,356.0,0.0,27352.0,50.0,Pass
l2907.txm,73.02,751.0,752.0,135.0,0.0,588.0,101.0,1178.0,9470.0,9050.0,-724.0,25.0,16460.0,20210.0,-438.0,16712.0,343.0,0.0,27312.0,50.0,Pass
l2907.txm,74.041,752.0,753.0,132.0,0.0,568.0,100.0,1178.0,9470.0,9108.0,-1229.0,25.0,16339.0,20264.0,-571.0,16800.0,351.0,0.0,27236.0,49.0,Pass
l2907.txm,75.0601,752.0,754.0,131.0,0.0,565.0,100.0,1184.0,9464.0,9105.0,-817.0,25.0,15861.0,20170.0,-507.0,16420.0,342.0,0.0,27108.0,49.0,Pass
l2907.txm,76.0811,752.0,753.0,135.0,0.0,562.0,101.0,1186.0,9482.0,9085.0,-1167.0,24.0,16369.0,20314.0,145.0,16492.0,344.0,0.0,27128.0,49.0,Pass
l2907.txm,77.1411,752.0,753.0,134.0,0.0,601.0,102.0,1194.0,9504.0,9062.0,109.0,22.0,16804.0,20438.0,1016.0,16116.0,357.0,1.0,27376.0,49.0,Pass
l2907.txm,78.1201,752.0,753.0,132.0,0.0,675.0,101.0,1193.0,9539.0,9065.0,1254.0,20.0,16884.0,20076.0,124.0,16738.0,343.0,0.0,27560.0,50.0,Pass
l2907.txm,79.166,752.0,754.0,132.0,0.0,749.0,102.0,1190.0,9486.0,9021.0,404.0,23.0,16445.0,20084.0,-6.0,15906.0,347.0,1.0,27530.0,50.0,Pass
l2907.txm,80.1602,752.0,754.0,134.0,0.0,834.0,100.0,1183.0,9517.0,9041.0,385.0,21.0,16571.0,19846.0,115.0,16244.0,346.0,0.0,27820.0,50.0,Pass
l2907.txm,81.1799,752.0,753.0,132.0,0.0,945.0,100.0,1189.0,9440.0,9045.0,852.0,21.0,16847.0,19510.0,524.0,16388.0,350.0,0.0,27992.0,50.0,Pass
l2907.txm,82.2,752.0,753.0,134.0,0.0,1019.0,100.0,1190.0,9424.0,9095.0,128.0,21.0,16998.0,19320.0,-17.0,16358.0,347.0,0.0,28012.0,50.0,Pass
l2907.txm,83.22,751.0,753.0,135.0,0.0,1029.0,101.0,1182.0,9424.0,9017.0,546.0,20.0,17189.0,19336.0,-352.0,16392.0,346.0,0.0,27814.0,50.0,Pass
l2907.txm,84.24,752.0,754.0,134.0,0.0,1030.0,101.0,1187.0,9397.0,9016.0,596.0,21.0,16947.0,19254.0,146.0,16370.0,349.0,1.0,27880.0,50.0,Pass
l2907.txm,85.26,752.0,753.0,131.0,0.0,1034.0,101.0,1186.0,9399.0,9070.0,310.0,20.0,17066.0,19338.0,49.0,16280.0,351.0,1.0,27990.0,50.0,Pass
l2907.txm,86.281,752.0,754.0,133.0,0.0,1034.0,102.0,1185.0,9409.0,9076.0,463.0,20.0,16824.0,19200.0,738.0,16442.0,345.0,0.0,27942.0,50.0,Pass
l2907.txm,87.301,752.0,753.0,132.0,0.0,1039.0,100.0,1187.0,9390.0,9059.0,776.0,21.0,16746.0,19182.0,-6.0,16302.0,350.0,0.0,28046.0,50.0,Pass
l2907.txm,88.3201,752.0,753.0,134.0,0.0,1039.0,101.0,1186.0,9467.0,8972.0,194.0,21.0,17001.0,19320.0,-19.0,16494.0,348.0,0.0,27990.0,50.0,Pass
l2907.txm,89.3401,752.0,753.0,133.0,0.0,1041.0,101.0,1184.0,9431.0,9033.0,131.0,21.0,16906.0,19258.0,11.0,16420.0,345.0,0.0,28006.0,50.0,Pass
l2907.txm,90.3601,752.0,754.0,134.0,0.0,1039.0,100.0,1187.0,9479.0,8968.0,496.0,21.0,16922.0,19164.0,76.0,16400.0,347.0,0.0,27828.0,50.0,Pass
l2907.txm,91.405,752.0,753.0,133.0,0.0,1041.0,101.0,1184.0,9471.0,8986.0,294.0,21.0,16664.0,19318.0,57.0,16322.0,356.0,1.0,27966.0,50.0,Pass
l2907.txm,92.4312,752.0,751.0,132.0,0.0,1043.0,102.0,1184.0,9433.0,9014.0,558.0,21.0,16720.0,19264.0,158.0,16302.0,355.0,0.0,27898.0,50.0,Pass
l2907.txm,93.533,752.0,753.0,134.0,0.0,1041.0,101.0,1184.0,9432.0,9000.0,237.0,21.0,17068.0,19142.0,2.0,16566.0,361.0,0.0,27798.0,50.0,Pass
l2907.txm,94.48,752.0,754.0,132.0,0.0,1046.0,100.0,1185.0,9417.0,9039.0,475.0,21.0,16622.0,19326.0,-332.0,16434.0,343.0,0.0,27856.0,50.0,Pass
l2907.txm,95.5,752.0,754.0,131.0,0.0,1049.0,100.0,1185.0,9481.0,8974.0,484.0,21.0,16754.0,19236.0,554.0,16482.0,343.0,0.0,27898.0,50.0,Pass
l2907.txm,96.52,752.0,753.0,135.0,0.0,1053.0,100.0,1185.0,9477.0,8970.0,245.0,21.0,16822.0,19338.0,74.0,16492.0,359.0,0.0,27824.0,50.0,Pass
l2907.txm,97.54,752.0,753.0,133.0,0.0,1050.0,100.0,1184.0,9407.0,9020.0,497.0,21.0,16807.0,19144.0,34.0,16426.0,347.0,0.0,27990.0,50.0,Pass
l2907.txm,98.5601,752.0,754.0,133.0,0.0,1053.0,100.0,1187.0,9390.0,9033.0,73.0,21.0,16521.0,19212.0,-18.0,16294.0,354.0,0.0,27940.0,50.0,Pass
l2907.txm,99.5801,752.0,753.0,134.0,0.0,1058.0,102.0,1184.0,9386.0,9048.0,505.0,21.0,16931.0,19266.0,-391.0,16332.0,347.0,0.0,27818.0,50.0,Pass
l2907.txm,100.6,751.0,752.0,134.0,0.0,1051.0,102.0,1184.0,9459.0,8990.0,449.0,21.0,16924.0,19326.0,622.0,16208.0,350.0,0.0,27816.0,50.0,Pass
l2907.txm,101.621,752.0,753.0,134.0,0.0,1054.0,100.0,1186.0,9412.0,9023.0,327.0,21.0,16772.0,19156.0,23.0,16390.0,352.0,0.0,27838.0,50.0,Pass
l2907.txm,102.641,752.0,754.0,135.0,0.0,1054.0,100.0,1185.0,9460.0,8988.0,174.0,21.0,17015.0,19294.0,105.0,16414.0,344.0,0.0,27876.0,50.0,Pass
l2907.txm,103.685,752.0,754.0,134.0,0.0,1057.0,100.0,1184.0,9438.0,9012.0,756.0,21.0,16905.0,19234.0,108.0,16334.0,351.0,0.0,27938.0,50.0,Pass
l2907.txm,104.71,752.0,753.0,135.0,0.0,1053.0,101.0,1182.0,9402.0,9066.0,26.0,21.0,16937.0,19188.0,-307.0,16604.0,348.0,0.0,27912.0,50.0,Pass
l2907.txm,105.73,752.0,753.0,132.0,0.0,1057.0,100.0,1184.0,9447.0,9027.0,786.0,21.0,16836.0,19142.0,94.0,16464.0,357.0,0.0,28020.0,50.0,Pass
l2907.txm,106.751,752.0,753.0,134.0,0.0,1054.0,101.0,1186.0,9385.0,9052.0,176.0,21.0,16630.0,19144.0,-260.0,16510.0,346.0,0.0,27850.0,50.0,Pass
l2907.txm,107.77,751.0,754.0,134.0,0.0,1057.0,101.0,1187.0,9435.0,9008.0,1109.0,21.0,16686.0,19308.0,668.0,16402.0,349.0,0.0,27958.0,50.0,Pass
l2907.txm,108.79,752.0,752.0,133.0,0.0,1057.0,101.0,1185.0,9403.0,8978.0,469.0,21.0,16602.0,19198.0,10.0,16424.0,345.0,0.0,27870.0,50.0,Pass
l2907.txm,109.81,751.0,754.0,135.0,0.0,1053.0,100.0,1184.0,9389.0,9060.0,655.0,21.0,16840.0,19218.0,-349.0,16516.0,357.0,0.0,27858.0,50.0,Pass
l2907.txm,110.839,752.0,754.0,135.0,0.0,1052.0,100.0,1183.0,9427.0,9004.0,196.0,21.0,16905.0,19254.0,512.0,16298.0,351.0,0.0,27890.0,50.0,Pass
l2907.txm,111.85,752.0,753.0,133.0,0.0,1055.0,100.0,1184.0,9448.0,8981.0,831.0,21.0,16441.0,19234.0,104.0,16338.0,345.0,0.0,27920.0,50.0,Pass
l2907.txm,112.871,752.0,753.0,135.0,0.0,1057.0,100.0,1184.0,9387.0,9052.0,554.0,20.0,16922.0,19216.0,124.0,16274.0,355.0,0.0,27900.0,50.0,Pass
l2907.txm,113.895,752.0,752.0,133.0,0.0,1055.0,100.0,1184.0,9389.0,9038.0,399.0,21.0,16948.0,19194.0,178.0,16264.0,346.0,0.0,28038.0,50.0,Pass
l2907.txm,114.911,752.0,753.0,132.0,0.0,1055.0,100.0,1183.0,9426.0,8996.0,473.0,21.0,16626.0,19312.0,-309.0,16572.0,342.0,0.0,27826.0,50.0,Pass
l2907.txm,115.96,752.0,753.0,134.0,0.0,1056.0,100.0,1183.0,9432.0,8979.0,611.0,21.0,16757.0,19338.0,-312.0,16384.0,347.0,0.0,27800.0,50.0,Pass
l2908.txm,59.8411,752.0,753.0,132.0,0.0,896.0,99.0,1190.0,9413.0,9005.0,-167.0,25.0,15993.0,19756.0,-471.0,16712.0,344.0,0.0,27620.0,50.0,Pass
l2908.txm,60.8601,752.0,754.0,135.0,0.0,750.0,100.0,1222.0,9483.0,9042.0,-1468.0,25.0,16629.0,19834.0,138.0,16710.0,349.0,0.0,27564.0,49.0,Pass
l2908.txm,61.917,752.0,753.0,135.0,0.0,719.0,101.0,1208.0,9469.0,9028.0,-555.0,24.0,16601.0,19908.0,-287.0,16470.0,346.0,0.0,27522.0,50.0,Pass
l2908.txm,62.9199,752.0,753.0,134.0,0.0,714.0,101.0,1185.0,9509.0,8998.0,179.0,23.0,16568.0,19902.0,21.0,16610.0,354.0,0.0,27518.0,50.0,Pass
l2908.txm,63.9399,751.0,752.0,135.0,0.0,700.0,101.0,1184.0,9426.0,9065.0,-244.0,23.0,16691.0,19912.0,-293.0,16444.0,356.0,0.0,27368.0,50.0,Pass
l2908.txm,64.96,752.0,753.0,131.0,0.0,688.0,100.0,1187.0,9514.0,8986.0,-318.0,23.0,16712.0,19948.0,-488.0,16432.0,347.0,0.0,27468.0,50.0,Pass
l2908.txm,65.98,752.0,753.0,134.0,0.0,682.0,101.0,1185.0,9433.0,9085.0,-76.0,23.0,16462.0,19794.0,17.0,16480.0,349.0,0.0,27446.0,50.0,Pass
l2908.txm,67.0,752.0,753.0,135.0,0.0,680.0,102.0,1184.0,9492.0,9057.0,-719.0,23.0,16458.0,20000.0,-479.0,16416.0,351.0,0.0,27500.0,50.0,Pass
l2908.txm,68.53,752.0,754.0,132.0,0.0,676.0,101.0,1187.0,9449.0,9020.0,-245.0,24.0,16553.0,19914.0,125.0,16862.0,343.0,0.0,27434.0,50.0,Pass
l2908.txm,69.55,751.0,753.0,132.0,0.0,662.0,101.0,1185.0,9445.0,9034.0,-443.0,24.0,16251.0,20166.0,-417.0,16392.0,345.0,0.0,27396.0,50.0,Pass
l2908.txm,70.5701,752.0,753.0,131.0,0.0,650.0,100.0,1187.0,9438.0,9063.0,-1026.0,24.0,16237.0,20166.0,98.0,16706.0,352.0,0.0,27480.0,50.0,Pass
l2908.txm,71.5901,752.0,752.0,133.0,0.0,633.0,100.0,1183.0,9426.0,9063.0,-1446.0,24.0,16235.0,19898.0,-442.0,16650.0,352.0,0.0,27366.0,50.0,Pass
l2908.txm,72.6111,752.0,754.0,132.0,0.0,625.0,100.0,1184.0,9459.0,9045.0,-1178.0,25.0,16164.0,20190.0,-367.0,16772.0,342.0,1.0,27366.0,50.0,Pass
l2908.txm,73.6301,752.0,753.0,133.0,0.0,589.0,102.0,1176.0,9449.0,9080.0,-1047.0,26.0,16395.0,20026.0,-672.0,16856.0,349.0,0.0,27214.0,50.0,Pass
l2908.txm,74.6499,751.0,753.0,134.0,0.0,572.0,102.0,1181.0,9495.0,9048.0,-1030.0,25.0,16324.0,20106.0,-311.0,16734.0,347.0,0.0,27150.0,49.0,Pass
l2908.txm,75.6699,752.0,754.0,132.0,0.0,554.0,101.0,1179.0,9464.0,9112.0,-1139.0,25.0,16152.0,20438.0,-423.0,16458.0,355.0,0.0,27102.0,49.0,Pass
l2908.txm,76.6899,752.0,753.0,131.0,0.0,557.0,100.0,1186.0,9560.0,9045.0,-419.0,24.0,15997.0,20280.0,-298.0,16170.0,353.0,0.0,27124.0,49.0,Pass
l2908.txm,77.7351,752.0,753.0,133.0,0.0,618.0,101.0,1197.0,9501.0,9144.0,600.0,21.0,17031.0,20410.0,276.0,16112.0,350.0,1.0,27512.0,49.0,Pass
l2908.txm,78.73,752.0,754.0,133.0,0.0,690.0,101.0,1189.0,9567.0,9067.0,141.0,21.0,17351.0,20154.0,738.0,16394.0,346.0,1.0,27602.0,50.0,Pass
l2908.txm,79.75,752.0,753.0,132.0,0.0,760.0,100.0,1188.0,9426.0,9098.0,253.0,21.0,17195.0,19872.0,147.0,16134.0,345.0,0.0,27604.0,50.0,Pass
l2908.txm,80.77,752.0,752.0,131.0,0.0,864.0,99.0,1189.0,9442.0,9081.0,929.0,20.0,17040.0,19860.0,224.0,16328.0,354.0,1.0,27882.0,50.0,Pass
l2908.txm,81.79,751.0,753.0,132.0,0.0,958.0,101.0,1188.0,9451.0,8981.0,573.0,21.0,16831.0,19446.0,-18.0,16266.0,354.0,0.0,27892.0,50.0,Pass
l2908.txm,82.811,752.0,753.0,133.0,0.0,1020.0,100.0,1184.0,9473.0,8961.0,504.0,21.0,17103.0,19380.0,344.0,16496.0,351.0,0.0,27892.0,50.0,Pass
l2908.txm,83.8301,752.0,752.0,134.0,0.0,1028.0,101.0,1185.0,9468.0,8984.0,1080.0,21.0,16768.0,19070.0,-262.0,16482.0,347.0,0.0,27994.0,50.0,Pass
l2908.txm,84.8501,753.0,754.0,132.0,0.0,1032.0,101.0,1188.0,9417.0,9027.0,1225.0,21.0,16646.0,19376.0,854.0,16514.0,346.0,0.0,27890.0,50.0,Pass
l2908.txm,85.8701,752.0,754.0,136.0,0.0,1033.0,101.0,1186.0,9393.0,9038.0,368.0,20.0,16947.0,19374.0,-292.0,16614.0,344.0,0.0,27862.0,50.0,Pass
l2908.txm,86.8901,752.0,753.0,135.0,0.0,1039.0,100.0,1187.0,9393.0,9056.0,-54.0,22.0,16798.0,19274.0,88.0,16702.0,352.0,0.0,27874.0,50.0,Pass
l2908.txm,87.9111,751.0,753.0,135.0,0.0,1036.0,101.0,1183.0,9432.0,9030.0,283.0,21.0,16878.0,19104.0,332.0,16368.0,351.0,0.0,27982.0,50.0,Pass
l2908.txm,88.9299,752.0,753.0,132.0,0.0,1042.0,100.0,1188.0,9459.0,8985.0,793.0,21.0,16512.0,19226.0,-400.0,16568.0,343.0,0.0,28028.0,50.0,Pass
l2908.txm,89.9751,751.0,753.0,135.0,0.0,1038.0,100.0,1183.0,9405.0,9046.0,426.0,21.0,16749.0,19134.0,149.0,16604.0,349.0,0.0,27868.0,50.0,Pass
l2908.txm,90.97,752.0,753.0,133.0,0.0,1043.0,100.0,1188.0,9472.0,8983.0,504.0,21.0,16876.0,19170.0,150.0,16408.0,351.0,1.0,27838.0,50.0,Pass
l2908.txm,91.99,751.0,753.0,133.0,0.0,1045.0,100.0,1182.0,9491.0,8998.0,472.0,21.0,16989.0,19382.0,-53.0,16626.0,347.0,0.0,27984.0,50.0,Pass
l2908.txm,93.011,752.0,754.0,134.0,0.0,1048.0,100.0,1190.0,9471.0,8983.0,95.0,21.0,16995.0,19368.0,5.0,16690.0,345.0,0.0,27896.0,50.0,Pass
l2908.txm,94.03,751.0,752.0,132.0,0.0,1049.0,100.0,1182.0,9411.0,9029.0,46.0,22.0,16352.0,19358.0,97.0,16402.0,344.0,0.0,27874.0,50.0,Pass
l2908.txm,95.0781,751.0,754.0,134.0,0.0,1050.0,101.0,1187.0,9472.0,8997.0,452.0,21.0,16588.0,19178.0,-43.0,16628.0,358.0,0.0,27972.0,50.0,Pass
l2908.txm,96.0901,752.0,754.0,133.0,0.0,1051.0,100.0,1184.0,9421.0,8976.0,197.0,21.0,16964.0,19218.0,61.0,16538.0,352.0,0.0,27858.0,50.0,Pass
l2908.txm,97.1101,752.0,753.0,134.0,0.0,1051.0,100.0,1186.0,9428.0,9012.0,973.0,21.0,16581.0,19058.0,149.0,16328.0,354.0,0.0,27878.0,50.0,Pass
l2908.txm,98.1301,752.0,754.0,134.0,0.0,1054.0,101.0,1188.0,9407.0,8999.0,671.0,21.0,16746.0,19278.0,712.0,16392.0,348.0,0.0,27844.0,50.0,Pass
l2908.txm,99.155,752.0,753.0,132.0,0.0,1055.0,101.0,1180.0,9404.0,9029.0,-453.0,22.0,16156.0,19322.0,-284.0,16450.0,351.0,0.0,27880.0,50.0,Pass
l2908.txm,100.171,752.0,754.0,133.0,0.0,1056.0,100.0,1191.0,9472.0,8961.0,125.0,21.0,17067.0,19380.0,129.0,16296.0,348.0,0.0,27886.0,50.0,Pass
l2908.txm,101.19,752.0,752.0,134.0,0.0,1056.0,101.0,1179.0,9409.0,8997.0,-142.0,22.0,16394.0,19308.0,228.0,16396.0,353.0,1.0,27986.0,50.0,Pass
l2908.txm,102.236,752.0,753.0,135.0,0.0,1054.0,102.0,1189.0,9457.0,9050.0,85.0,20.0,17110.0,19324.0,138.0,16566.0,346.0,0.0,27992.0,50.0,Pass
l2908.txm,103.23,751.0,753.0,133.0,0.0,1055.0,100.0,1186.0,9416.0,9026.0,429.0,21.0,16624.0,19376.0,55.0,16590.0,347.0,1.0,27978.0,50.0,Pass
l2908.txm,104.25,752.0,753.0,131.0,0.0,1056.0,100.0,1184.0,9429.0,8999.0,839.0,20.0,16612.0,19168.0,131.0,16474.0,343.0,1.0,27838.0,50.0,Pass
l2908.txm,105.27,752.0,754.0,134.0,0.0,1059.0,101.0,1186.0,9443.0,8988.0,528.0,22.0,16764.0,19050.0,31.0,16472.0,347.0,0.0,27992.0,50.0,Pass
l2908.txm,106.29,752.0,753.0,133.0,0.0,1055.0,102.0,1182.0,9458.0,9002.0,590.0,21.0,16885.0,19050.0,-398.0,16606.0,353.0,0.0,27994.0,50.0,Pass
l2908.txm,107.31,752.0,753.0,134.0,0.0,1061.0,100.0,1190.0,9437.0,9040.0,70.0,22.0,16757.0,19176.0,-445.0,16552.0,361.0,1.0,27868.0,50.0,Pass
l2908.txm,108.33,752.0,754.0,134.0,0.0,1057.0,100.0,1184.0,9474.0,8969.0,-74.0,21.0,16974.0,19058.0,152.0,16618.0,360.0,0.0,27858.0,50.0,Pass
l2908.txm,109.35,752.0,753.0,134.0,0.0,1055.0,102.0,1189.0,9477.0,8971.0,545.0,21.0,17032.0,19090.0,85.0,16680.0,360.0,0.0,27888.0,50.0,Pass
l2908.txm,110.37,752.0,752.0,131.0,0.0,1056.0,100.0,1182.0,9452.0,9016.0,1144.0,21.0,16522.0,19066.0,-335.0,16552.0,349.0,0.0,28004.0,50.0,Pass
l2908.txm,111.39,752.0,753.0,132.0,0.0,1055.0,100.0,1185.0,9458.0,8993.0,59.0,21.0,16461.0,19224.0,26.0,16412.0,350.0,0.0,27882.0,50.0,Pass
l2908.txm,112.411,752.0,753.0,132.0,0.0,1060.0,101.0,1184.0,9425.0,9030.0,1143.0,20.0,17019.0,19162.0,-21.0,16602.0,351.0,0.0,27972.0,50.0,Pass
l2908.txm,113.431,752.0,753.0,132.0,0.0,1059.0,102.0,1184.0,9470.0,8985.0,740.0,21.0,16620.0,19114.0,-259.0,16726.0,343.0,0.0,27888.0,50.0,Pass
l2908.txm,114.475,752.0,753.0,132.0,0.0,1057.0,102.0,1184.0,9481.0,8974.0,836.0,20.0,16767.0,19052.0,129.0,16524.0,354.0,1.0,27974.0,50.0,Pass
l2908.txm,115.5,752.0,753.0,133.0,0.0,1062.0,102.0,1186.0,9411.0,9058.0,329.0,20.0,16972.0,19394.0,-75.0,16428.0,343.0,0.0,27886.0,50.0,Pass
l2908.txm,116.521,751.0,752.0,134.0,0.0,1058.0,102.0,1186.0,9417.0,8974.0,1150.0,21.0,16777.0,19088.0,710.0,16588.0,349.0,0.0,27950.0,50.0,Pass
l2909.txm,60.251,752.0,754.0,133.0,0.0,806.0,99.0,1186.0,9404.0,9027.0,-523.0,25.0,16299.0,19876.0,-487.0,16432.0,343.0,0.0,27498.0,50.0,Pass
l2909.txm,61.2729,752.0,753.0,133.0,0.0,720.0,101.0,1235.0,9495.0,8993.0,-1375.0,25.0,16153.0,19918.0,82.0,16186.0,347.0,0.0,27490.0,49.0,Pass
l2909.txm,62.3149,752.0,754.0,133.0,0.0,708.0,101.0,1206.0,9466.0,9010.0,-565.0,24.0,16761.0,19914.0,56.0,16752.0,343.0,0.0,27506.0,50.0,Pass
l2909.txm,63.3101,752.0,755.0,133.0,0.0,701.0,101.0,1183.0,9466.0,8994.0,-148.0,25.0,16417.0,19930.0,-569.0,16720.0,349.0,0.0,27506.0,50.0,Pass
l2909.txm,64.3296,752.0,752.0,133.0,0.0,692.0,101.0,1181.0,9468.0,8997.0,-354.0,25.0,16231.0,19946.0,-282.0,16554.0,347.0,0.0,27504.0,50.0,Pass
l2909.txm,65.3496,752.0,755.0,131.0,0.0,684.0,100.0,1187.0,9499.0,8976.0,-877.0,25.0,16318.0,19950.0,-504.0,16504.0,357.0,0.0,27484.0,50.0,Pass
l2909.txm,66.3896,752.0,753.0,135.0,0.0,678.0,100.0,1184.0,9495.0,8994.0,-580.0,24.0,16491.0,19848.0,-461.0,16616.0,350.0,0.0,27482.0,50.0,Pass
l2909.txm,67.415,752.0,753.0,132.0,0.0,674.0,100.0,1185.0,9473.0,9043.0,-1173.0,25.0,16678.0,19916.0,156.0,16594.0,350.0,0.0,27484.0,50.0,Pass
l2909.txm,68.4351,752.0,752.0,133.0,0.0,663.0,100.0,1185.0,9449.0,9018.0,-1118.0,24.0,16607.0,20102.0,-537.0,16866.0,347.0,0.0,27500.0,50.0,Pass
l2909.txm,69.4648,752.0,754.0,131.0,0.0,651.0,101.0,1183.0,9427.0,9054.0,-1026.0,24.0,16466.0,20156.0,129.0,16436.0,348.0,0.0,27364.0,50.0,Pass
l2909.txm,70.4858,752.0,754.0,135.0,0.0,652.0,102.0,1186.0,9439.0,9038.0,-1970.0,24.0,16393.0,19826.0,-568.0,16374.0,353.0,0.0,27358.0,50.0,Pass
l2909.txm,71.5049,752.0,754.0,131.0,0.0,633.0,100.0,1185.0,9459.0,9056.0,-557.0,25.0,16291.0,20032.0,-747.0,16642.0,342.0,0.0,27468.0,50.0,Pass
l2909.txm,72.5308,752.0,753.0,132.0,0.0,611.0,100.0,1180.0,9487.0,9002.0,-1319.0,25.0,15978.0,19988.0,-671.0,16724.0,344.0,1.0,27216.0,50.0,Pass
l2909.txm,73.5498,751.0,752.0,136.0,0.0,587.0,100.0,1179.0,9468.0,9057.0,-1284.0,25.0,16249.0,20168.0,-531.0,16880.0,354.0,0.0,27212.0,50.0,Pass
l2909.txm,74.5947,752.0,754.0,135.0,0.0,565.0,101.0,1179.0,9509.0,9059.0,-1082.0,25.0,16148.0,20400.0,-28.0,16570.0,356.0,0.0,27090.0,49.0,Pass
l2909.txm,75.5908,752.0,754.0,133.0,0.0,554.0,101.0,1180.0,9557.0,9034.0,-951.0,25.0,16030.0,20268.0,-95.0,16600.0,358.0,0.0,27106.0,49.0,Pass
l2909.txm,76.6108,751.0,753.0,135.0,0.0,574.0,102.0,1190.0,9479.0,9120.0,-987.0,24.0,16656.0,20438.0,-403.0,16368.0,355.0,1.0,26988.0,49.0,Pass
l2909.txm,77.6299,752.0,753.0,134.0,0.0,617.0,100.0,1195.0,9515.0,9133.0,1118.0,21.0,16925.0,20462.0,1008.0,16180.0,354.0,1.0,27536.0,49.0,Pass
l2909.txm,78.6499,752.0,753.0,132.0,0.0,699.0,100.0,1190.0,9567.0,9004.0,347.0,21.0,16764.0,20104.0,374.0,16152.0,345.0,0.0,27616.0,50.0,Pass
l2909.txm,79.6699,751.0,752.0,134.0,0.0,787.0,100.0,1186.0,9495.0,9039.0,954.0,21.0,17226.0,20002.0,450.0,16196.0,357.0,0.0,27748.0,50.0,Pass
l2909.txm,80.6948,752.0,753.0,132.0,0.0,871.0,102.0,1189.0,9409.0,9098.0,501.0,21.0,16843.0,19792.0,-80.0,16464.0,349.0,0.0,27798.0,50.0,Pass
l2909.txm,81.71,751.0,755.0,134.0,0.0,997.0,102.0,1185.0,9437.0,9031.0,248.0,21.0,16658.0,19460.0,876.0,16360.0,344.0,0.0,27866.0,50.0,Pass
l2909.txm,82.731,752.0,754.0,133.0,0.0,1029.0,102.0,1186.0,9457.0,9025.0,472.0,21.0,16627.0,19148.0,78.0,16312.0,348.0,0.0,27880.0,50.0,Pass
l2909.txm,83.751,752.0,754.0,132.0,0.0,1026.0,101.0,1183.0,9439.0,9053.0,683.0,21.0,16535.0,19282.0,750.0,16520.0,352.0,0.0,27990.0,50.0,Pass
l2909.txm,84.77,751.0,752.0,135.0,0.0,1030.0,100.0,1183.0,9468.0,9052.0,-14.0,21.0,16806.0,19412.0,29.0,16456.0,345.0,0.0,27966.0,50.0,Pass
l2909.txm,85.79,752.0,753.0,134.0,0.0,1041.0,100.0,1184.0,9422.0,9084.0,981.0,21.0,16564.0,19162.0,746.0,16562.0,347.0,0.0,27966.0,50.0,Pass
l2909.txm,86.811,752.0,752.0,131.0,0.0,1038.0,100.0,1184.0,9466.0,8978.0,532.0,21.0,16658.0,19232.0,7.0,16502.0,352.0,0.0,27974.0,50.0,Pass
l2909.txm,87.8311,751.0,754.0,134.0,0.0,1044.0,101.0,1184.0,9449.0,9021.0,318.0,21.0,16598.0,19034.0,212.0,16404.0,360.0,1.0,27956.0,50.0,Pass
l2909.txm,88.8579,752.0,754.0,133.0,0.0,1045.0,101.0,1186.0,9457.0,8978.0,334.0,21.0,16722.0,19288.0,760.0,16354.0,354.0,0.0,27860.0,50.0,Pass
l2909.txm,89.8706,753.0,752.0,134.0,0.0,1045.0,100.0,1184.0,9488.0,8993.0,212.0,21.0,16638.0,19168.0,-42.0,16456.0,347.0,1.0,27870.0,50.0,Pass
l2909.txm,90.8916,752.0,752.0,131.0,0.0,1049.0,102.0,1186.0,9412.0,9070.0,609.0,21.0,16819.0,19426.0,442.0,16428.0,350.0,1.0,27972.0,50.0,Pass
l2909.txm,91.9097,751.0,753.0,131.0,0.0,1046.0,100.0,1186.0,9418.0,8991.0,906.0,21.0,16406.0,19128.0,-471.0,16534.0,345.0,0.0,27818.0,50.0,Pass
l2909.txm,92.936,751.0,752.0,132.0,0.0,1044.0,100.0,1184.0,9419.0,9050.0,411.0,21.0,17016.0,19414.0,158.0,16414.0,347.0,0.0,27964.0,50.0,Pass
l2909.txm,93.9849,752.0,753.0,135.0,0.0,1049.0,100.0,1183.0,9499.0,8990.0,426.0,22.0,16952.0,19324.0,-18.0,16214.0,341.0,1.0,27962.0,50.0,Pass
l2909.txm,94.98,751.0,753.0,133.0,0.0,1056.0,100.0,1186.0,9438.0,9060.0,211.0,21.0,16658.0,19244.0,110.0,16384.0,354.0,0.0,27880.0,50.0,Pass
l2909.txm,96.04,751.0,752.0,133.0,0.0,1051.0,100.0,1184.0,9478.0,9004.0,472.0,21.0,16901.0,19430.0,47.0,16582.0,345.0,0.0,27870.0,50.0,Pass
l2909.txm,97.061,752.0,754.0,132.0,0.0,1050.0,101.0,1184.0,9523.0,8984.0,119.0,21.0,16494.0,19194.0,-371.0,16388.0,351.0,0.0,27960.0,50.0,Pass
l2909.txm,98.0796,752.0,755.0,133.0,0.0,1054.0,101.0,1183.0,9421.0,9075.0,553.0,21.0,16898.0,19170.0,-31.0,16540.0,352.0,0.0,27976.0,50.0,Pass
l2909.txm,99.0996,752.0,752.0,133.0,0.0,1059.0,100.0,1185.0,9445.0,9004.0,529.0,21.0,16645.0,19192.0,598.0,16416.0,352.0,0.0,27960.0,50.0,Pass
l2909.txm,100.121,752.0,753.0,135.0,0.0,1051.0,101.0,1184.0,9432.0,8995.0,833.0,21.0,16854.0,19136.0,-72.0,16456.0,346.0,0.0,27868.0,50.0,Pass
l2909.txm,101.14,752.0,753.0,131.0,0.0,1057.0,102.0,1185.0,9453.0,8977.0,581.0,21.0,16581.0,19288.0,86.0,16488.0,347.0,0.0,27864.0,50.0,Pass
l2909.txm,102.16,752.0,753.0,132.0,0.0,1056.0,101.0,1185.0,9417.0,9035.0,835.0,22.0,16498.0,19302.0,-89.0,16488.0,345.0,0.0,27870.0,50.0,Pass
l2909.txm,103.181,752.0,753.0,134.0,0.0,1062.0,100.0,1187.0,9419.0,9036.0,186.0,21.0,16531.0,19210.0,6.0,16396.0,348.0,0.0,27996.0,50.0,Pass
l2909.txm,104.201,752.0,753.0,134.0,0.0,1054.0,100.0,1184.0,9466.0,9022.0,457.0,21.0,16940.0,19430.0,838.0,16490.0,355.0,1.0,27956.0,50.0,Pass
l2909.txm,105.221,752.0,753.0,134.0,0.0,1057.0,101.0,1184.0,9472.0,8999.0,316.0,21.0,17031.0,19358.0,-337.0,16590.0,345.0,0.0,27888.0,50.0,Pass
l2909.txm,106.269,751.0,751.0,132.0,0.0,1060.0,100.0,1185.0,9425.0,9066.0,555.0,21.0,16829.0,19018.0,-68.0,16246.0,348.0,0.0,27946.0,50.0,Pass
l2909.txm,107.26,751.0,753.0,134.0,0.0,1060.0,100.0,1185.0,9451.0,9013.0,531.0,21.0,16464.0,19428.0,-289.0,16390.0,347.0,1.0,27978.0,50.0,Pass
l2909.txm,108.28,752.0,753.0,135.0,0.0,1057.0,100.0,1185.0,9427.0,9048.0,378.0,21.0,16894.0,19100.0,135.0,16346.0,351.0,0.0,28036.0,50.0,Pass
l2909.txm,109.3,752.0,753.0,132.0,0.0,1057.0,102.0,1186.0,9438.0,9050.0,630.0,21.0,16445.0,19272.0,-87.0,16446.0,349.0,0.0,27972.0,50.0,Pass
l2909.txm,110.321,752.0,753.0,134.0,0.0,1054.0,101.0,1183.0,9456.0,9025.0,185.0,21.0,16626.0,19308.0,414.0,16524.0,342.0,0.0,27826.0,50.0,Pass
l2909.txm,111.37,752.0,753.0,135.0,0.0,1057.0,101.0,1184.0,9499.0,8970.0,372.0,21.0,16641.0,19420.0,472.0,16250.0,350.0,0.0,27956.0,50.0,Pass
l2909.txm,112.39,751.0,753.0,135.0,0.0,1055.0,101.0,1185.0,9487.0,8988.0,209.0,21.0,16566.0,19128.0,750.0,16498.0,343.0,0.0,27970.0,50.0,Pass
l2909.txm,113.41,751.0,753.0,135.0,0.0,1057.0,101.0,1184.0,9422.0,9042.0,178.0,22.0,16937.0,19238.0,466.0,16410.0,353.0,0.0,27986.0,50.0,Pass
l2909.txm,114.43,752.0,753.0,134.0,0.0,1061.0,101.0,1184.0,9456.0,9036.0,466.0,21.0,16668.0,19358.0,68.0,16478.0,357.0,0.0,27952.0,50.0,Pass
l2909.txm,115.45,752.0,754.0,132.0,0.0,1054.0,100.0,1184.0,9488.0,8962.0,555.0,21.0,16543.0,19148.0,33.0,16416.0,352.0,0.0,27972.0,50.0,Pass
l2909.txm,116.471,751.0,753.0,133.0,0.0,1061.0,100.0,1186.0,9399.0,9048.0,40.0,21.0,16623.0,19318.0,24.0,16416.0,356.0,1.0,27938.0,50.0,Pass
l2910.txm,59.77,752.0,754.0,136.0,0.0,931.0,101.0,1190.0,9489.0,9002.0,370.0,24.0,16384.0,19742.0,-301.0,16662.0,356.0,0.0,27602.0,50.0,Pass
l2910.txm,60.791,752.0,754.0,135.0,0.0,771.0,101.0,1231.0,9445.0,9069.0,-887.0,24.0,16414.0,19832.0,-403.0,16714.0,353.0,0.0,27544.0,49.0,Pass
l2910.txm,61.8096,752.0,753.0,133.0,0.0,724.0,101.0,1218.0,9457.0,9068.0,-314.0,23.0,16501.0,19880.0,-623.0,16618.0,356.0,0.0,27516.0,50.0,Pass
l2910.txm,62.8296,752.0,753.0,132.0,0.0,709.0,101.0,1189.0,9460.0,9055.0,-352.0,24.0,16151.0,19916.0,-284.0,16766.0,350.0,0.0,27518.0,50.0,Pass
l2910.txm,63.8496,752.0,753.0,134.0,0.0,696.0,100.0,1180.0,9445.0,9052.0,-782.0,24.0,16438.0,19910.0,3.0,16818.0,349.0,0.0,27512.0,50.0,Pass
l2910.txm,64.8848,752.0,755.0,134.0,0.0,691.0,100.0,1188.0,9469.0,9076.0,-683.0,24.0,16340.0,19964.0,-685.0,16872.0,342.0,0.0,27480.0,50.0,Pass
l2910.txm,65.8896,752.0,753.0,132.0,0.0,687.0,101.0,1183.0,9434.0,9051.0,-377.0,24.0,16212.0,20184.0,390.0,16584.0,344.0,0.0,27380.0,50.0,Pass
l2910.txm,66.9097,751.0,754.0,132.0,0.0,679.0,101.0,1188.0,9438.0,9060.0,-740.0,24.0,16848.0,20070.0,374.0,16870.0,348.0,0.0,27358.0,50.0,Pass
l2910.txm,67.9297,752.0,754.0,132.0,0.0,668.0,100.0,1182.0,9431.0,9059.0,-1289.0,24.0,16208.0,20080.0,-363.0,16824.0,358.0,0.0,27442.0,50.0,Pass
l2910.txm,68.9497,751.0,754.0,133.0,0.0,665.0,101.0,1189.0,9479.0,9035.0,-1119.0,24.0,16873.0,20006.0,-321.0,16226.0,343.0,1.0,27490.0,50.0,Pass
l2910.txm,69.9697,752.0,753.0,133.0,0.0,650.0,101.0,1183.0,9502.0,9024.0,-1258.0,24.0,16425.0,20152.0,-461.0,16482.0,352.0,0.0,27286.0,50.0,Pass
l2910.txm,70.9897,752.0,753.0,135.0,0.0,641.0,100.0,1186.0,9468.0,9023.0,-2049.0,24.0,16493.0,19832.0,-377.0,16728.0,351.0,1.0,27452.0,50.0,Pass
l2910.txm,72.0098,752.0,753.0,132.0,0.0,633.0,100.0,1185.0,9432.0,9074.0,-1116.0,24.0,16476.0,20080.0,-66.0,16644.0,352.0,0.0,27310.0,50.0,Pass
l2910.txm,73.0298,752.0,754.0,133.0,0.0,615.0,100.0,1180.0,9466.0,9040.0,-1075.0,25.0,15883.0,19956.0,76.0,16856.0,354.0,0.0,27376.0,50.0,Pass
l2910.txm,74.0498,752.0,754.0,133.0,0.0,584.0,100.0,1180.0,9431.0,9078.0,-1503.0,25.0,16440.0,20090.0,-342.0,17052.0,345.0,0.0,27210.0,50.0,Pass
l2910.txm,75.0698,751.0,754.0,133.0,0.0,563.0,101.0,1183.0,9524.0,9048.0,-947.0,25.0,16146.0,20412.0,-628.0,16854.0,343.0,0.0,27198.0,49.0,Pass
l2910.txm,76.0898,751.0,752.0,133.0,0.0,554.0,102.0,1184.0,9483.0,9108.0,-739.0,25.0,16203.0,20282.0,-277.0,16534.0,348.0,0.0,27070.0,49.0,Pass
l2910.txm,77.1357,752.0,754.0,135.0,0.0,580.0,100.0,1192.0,9502.0,9027.0,14.0,24.0,16610.0,20394.0,-541.0,16142.0,346.0,0.0,27118.0,49.0,Pass
l2910.txm,78.1299,752.0,752.0,135.0,0.0,646.0,100.0,1193.0,9559.0,9081.0,156.0,22.0,16980.0,20032.0,-47.0,16730.0,340.0,0.0,27530.0,49.0,Pass
l2910.txm,79.1499,751.0,753.0,134.0,0.0,720.0,102.0,1186.0,9472.0,9058.0,342.0,21.0,16733.0,19810.0,538.0,16026.0,345.0,0.0,27506.0,50.0,Pass
l2910.txm,80.1709,752.0,753.0,136.0,0.0,807.0,100.0,1190.0,9512.0,9053.0,321.0,22.0,17075.0,19856.0,25.0,16370.0,351.0,1.0,27630.0,50.0,Pass
l2910.txm,81.1919,752.0,754.0,135.0,0.0,919.0,100.0,1183.0,9401.0,9005.0,478.0,22.0,16525.0,19594.0,-339.0,16404.0,343.0,0.0,27884.0,50.0,Pass
l2910.txm,82.2109,752.0,753.0,134.0,0.0,1011.0,101.0,1185.0,9445.0,9054.0,-618.0,21.0,17097.0,19104.0,-29.0,16494.0,347.0,0.0,27886.0,50.0,Pass
l2910.txm,83.231,751.0,754.0,132.0,0.0,1030.0,102.0,1184.0,9488.0,9020.0,-410.0,22.0,16890.0,19250.0,157.0,16662.0,353.0,0.0,27888.0,50.0,Pass
l2910.txm,84.251,752.0,751.0,132.0,0.0,1034.0,101.0,1183.0,9451.0,9036.0,-738.0,22.0,16644.0,19092.0,416.0,16596.0,348.0,0.0,27982.0,50.0,Pass
l2910.txm,85.271,752.0,752.0,134.0,0.0,1041.0,101.0,1188.0,9451.0,8974.0,-1029.0,22.0,16452.0,19208.0,-371.0,16698.0,351.0,0.0,28026.0,50.0,Pass
l2910.txm,86.29,753.0,754.0,133.0,0.0,1040.0,101.0,1184.0,9465.0,8984.0,-507.0,22.0,16704.0,19064.0,73.0,16562.0,348.0,0.0,27896.0,50.0,Pass
l2910.txm,87.3096,752.0,753.0,135.0,0.0,1043.0,102.0,1185.0,9434.0,9018.0,-1088.0,22.0,16875.0,19208.0,-308.0,16802.0,348.0,0.0,28004.0,50.0,Pass
l2910.txm,88.3467,752.0,753.0,134.0,0.0,1040.0,100.0,1183.0,9432.0,9022.0,-859.0,22.0,16467.0,19408.0,143.0,16498.0,354.0,0.0,27900.0,50.0,Pass
l2910.txm,89.395,752.0,753.0,134.0,0.0,1045.0,101.0,1183.0,9497.0,8948.0,-950.0,22.0,16720.0,19214.0,143.0,16796.0,354.0,0.0,27876.0,50.0,Pass
l2910.txm,90.4199,752.0,754.0,132.0,0.0,1044.0,100.0,1187.0,9448.0,9003.0,-391.0,22.0,16705.0,19402.0,-52.0,16454.0,353.0,1.0,28016.0,50.0,Pass
l2910.txm,91.4399,752.0,753.0,132.0,0.0,1044.0,100.0,1185.0,9418.0,9053.0,-283.0,22.0,16868.0,19270.0,47.0,16528.0,341.0,0.0,28028.0,50.0,Pass
l2910.txm,92.46,751.0,753.0,133.0,0.0,1052.0,102.0,1185.0,9483.0,9017.0,-533.0,22.0,16432.0,19080.0,147.0,16526.0,351.0,0.0,27890.0,50.0,Pass
l2910.txm,93.48,752.0,754.0,135.0,0.0,1049.0,101.0,1185.0,9434.0,9012.0,-1044.0,22.0,16774.0,19376.0,-57.0,16534.0,354.0,0.0,27884.0,50.0,Pass
l2910.txm,94.501,752.0,754.0,134.0,0.0,1049.0,100.0,1184.0,9473.0,8987.0,-924.0,22.0,16803.0,19450.0,-257.0,16634.0,346.0,0.0,28012.0,50.0,Pass
l2910.txm,95.5308,751.0,752.0,132.0,0.0,1058.0,100.0,1187.0,9467.0,8961.0,-871.0,22.0,16386.0,19058.0,-48.0,16548.0,348.0,1.0,28020.0,50.0,Pass
l2910.txm,96.5498,752.0,753.0,135.0,0.0,1052.0,101.0,1184.0,9499.0,8975.0,-530.0,22.0,16373.0,19110.0,120.0,16626.0,346.0,0.0,27886.0,50.0,Pass
l2910.txm,97.5698,751.0,753.0,135.0,0.0,1055.0,101.0,1186.0,9446.0,8983.0,-921.0,22.0,16712.0,19260.0,860.0,16662.0,356.0,1.0,27890.0,50.0,Pass
l2910.txm,98.5898,751.0,753.0,135.0,0.0,1056.0,100.0,1185.0,9503.0,8975.0,-832.0,22.0,16840.0,19320.0,-39.0,16580.0,355.0,0.0,27994.0,50.0,Pass
l2910.txm,99.6108,752.0,753.0,131.0,0.0,1055.0,100.0,1184.0,9410.0,9012.0,-662.0,22.0,16824.0,19082.0,22.0,16586.0,351.0,0.0,28018.0,50.0,Pass
l2910.txm,100.63,751.0,754.0,133.0,0.0,1058.0,100.0,1183.0,9482.0,8955.0,-926.0,22.0,16475.0,19104.0,-280.0,16862.0,342.0,0.0,28036.0,50.0,Pass
l2910.txm,101.675,751.0,753.0,133.0,0.0,1059.0,101.0,1185.0,9454.0,8985.0,-392.0,22.0,16350.0,19276.0,1.0,16606.0,346.0,0.0,27890.0,50.0,Pass
l2910.txm,102.7,752.0,752.0,133.0,0.0,1058.0,101.0,1184.0,9428.0,8992.0,-1194.0,22.0,16658.0,18970.0,-376.0,16612.0,348.0,0.0,28024.0,50.0,Pass
l2910.txm,103.72,751.0,753.0,133.0,0.0,1056.0,102.0,1184.0,9487.0,8960.0,-716.0,22.0,16398.0,19294.0,76.0,16828.0,349.0,0.0,27892.0,50.0,Pass
l2910.txm,104.74,752.0,753.0,134.0,0.0,1055.0,100.0,1186.0,9437.0,8964.0,-1029.0,22.0,16842.0,19008.0,522.0,16770.0,348.0,0.0,27868.0,50.0,Pass
l2910.txm,105.76,752.0,754.0,134.0,0.0,1055.0,100.0,1183.0,9506.0,8951.0,-854.0,22.0,16347.0,18990.0,-95.0,16804.0,356.0,0.0,27880.0,50.0,Pass
l2910.txm,106.78,752.0,754.0,133.0,0.0,1058.0,100.0,1182.0,9445.0,9002.0,-799.0,22.0,16627.0,19426.0,504.0,16432.0,355.0,1.0,28020.0,50.0,Pass
l2910.txm,107.801,752.0,753.0,131.0,0.0,1055.0,100.0,1184.0,9424.0,9024.0,-705.0,22.0,16606.0,19358.0,-50.0,16568.0,349.0,0.0,27878.0,50.0,Pass
l2910.txm,108.82,752.0,753.0,131.0,0.0,1061.0,100.0,1186.0,9478.0,8974.0,28.0,22.0,16400.0,19414.0,-32.0,16480.0,355.0,0.0,27870.0,50.0,Pass
l2910.txm,109.84,752.0,754.0,131.0,0.0,1059.0,100.0,1186.0,9495.0,8950.0,-614.0,22.0,16465.0,19008.0,-68.0,16440.0,346.0,1.0,28024.0,50.0,Pass
l2910.txm,110.86,752.0,753.0,133.0,0.0,1059.0,101.0,1184.0,9438.0,9015.0,225.0,22.0,16606.0,19030.0,83.0,16746.0,351.0,0.0,27868.0,50.0,Pass
l2910.txm,111.88,752.0,754.0,131.0,0.0,1056.0,101.0,1183.0,9491.0,8962.0,-452.0,22.0,16186.0,18980.0,-418.0,16856.0,351.0,0.0,27878.0,50.0,Pass
l2910.txm,112.9,753.0,753.0,135.0,0.0,1059.0,101.0,1184.0,9449.0,8987.0,-1050.0,23.0,16557.0,19026.0,146.0,16694.0,346.0,0.0,27882.0,50.0,Pass
l2910.txm,113.945,752.0,754.0,133.0,0.0,1061.0,101.0,1185.0,9483.0,8957.0,-294.0,22.0,16614.0,19308.0,718.0,16820.0,352.0,0.0,27866.0,50.0,Pass
l2910.txm,114.97,752.0,753.0,134.0,0.0,1059.0,100.0,1184.0,9491.0,8966.0,-762.0,22.0,16749.0,19306.0,706.0,16876.0,351.0,0.0,27996.0,50.0,Pass
l2911.txm,58.71,752.0,754.0,132.0,0.0,790.0,100.0,1211.0,9441.0,8989.0,-497.0,26.0,16303.0,19834.0,-410.0,16298.0,361.0,0.0,27508.0,49.0,Pass
l2911.txm,59.73,752.0,753.0,134.0,0.0,725.0,100.0,1219.0,9476.0,9039.0,-797.0,24.0,16566.0,19886.0,-285.0,16460.0,348.0,0.0,27532.0,49.0,Pass
l2911.txm,60.75,751.0,752.0,133.0,0.0,708.0,101.0,1197.0,9446.0,9087.0,-199.0,24.0,16345.0,19884.0,3.0,16678.0,348.0,0.0,27522.0,50.0,Pass
l2911.txm,61.77,752.0,753.0,132.0,0.0,702.0,102.0,1181.0,9458.0,9076.0,-187.0,23.0,16550.0,19896.0,-659.0,16802.0,351.0,0.0,27516.0,50.0,Pass
l2911.txm,62.7895,752.0,753.0,132.0,0.0,694.0,99.0,1183.0,9459.0,9053.0,-138.0,23.0,16651.0,19932.0,-557.0,16480.0,345.0,0.0,27510.0,50.0,Pass
l2911.txm,63.8096,751.0,753.0,134.0,0.0,687.0,100.0,1187.0,9463.0,8999.0,-378.0,23.0,16440.0,19934.0,-662.0,16732.0,351.0,0.0,27452.0,50.0,Pass
l2911.txm,64.8296,752.0,754.0,133.0,0.0,674.0,100.0,1184.0,9512.0,9015.0,-211.0,23.0,16884.0,19942.0,-16.0,16656.0,352.0,0.0,27490.0,50.0,Pass
l2911.txm,65.8496,751.0,754.0,132.0,0.0,670.0,101.0,1185.0,9544.0,8997.0,-296.0,24.0,16432.0,20098.0,-696.0,16830.0,349.0,0.0,27518.0,50.0,Pass
l2911.txm,66.8696,752.0,754.0,131.0,0.0,662.0,102.0,1185.0,9499.0,9008.0,-919.0,24.0,16534.0,19812.0,24.0,16526.0,342.0,0.0,27298.0,50.0,Pass
l2911.txm,67.8896,752.0,754.0,135.0,0.0,651.0,101.0,1183.0,9508.0,9005.0,-1187.0,24.0,16736.0,19862.0,-541.0,16694.0,347.0,0.0,27366.0,50.0,Pass
l2911.txm,68.9097,751.0,754.0,131.0,0.0,650.0,101.0,1186.0,9472.0,9055.0,-730.0,24.0,16130.0,20202.0,-368.0,16670.0,349.0,0.0,27450.0,50.0,Pass
l2911.txm,69.9468,752.0,753.0,133.0,0.0,630.0,101.0,1183.0,9465.0,9028.0,-1426.0,24.0,16213.0,20194.0,-361.0,16810.0,356.0,0.0,27334.0,50.0,Pass
l2911.txm,70.96,752.0,752.0,133.0,0.0,618.0,100.0,1184.0,9427.0,9082.0,-2042.0,25.0,16019.0,20054.0,-441.0,16620.0,354.0,0.0,27316.0,50.0,Pass
l2911.txm,71.98,752.0,754.0,136.0,0.0,584.0,102.0,1179.0,9453.0,9065.0,-1779.0,26.0,16296.0,19984.0,-508.0,16582.0,346.0,0.0,27238.0,49.0,Pass
l2911.txm,73.0,752.0,754.0,131.0,0.0,565.0,100.0,1180.0,9529.0,9043.0,-39.0,24.0,15924.0,20330.0,-734.0,16662.0,347.0,0.0,27100.0,49.0,Pass
l2911.txm,74.02,752.0,753.0,132.0,0.0,552.0,100.0,1183.0,9489.0,9104.0,-815.0,24.0,15872.0,20468.0,-646.0,16706.0,346.0,0.0,27036.0,49.0,Pass
l2911.txm,75.041,752.0,753.0,132.0,0.0,570.0,102.0,1188.0,9487.0,9104.0,-324.0,23.0,16310.0,20350.0,-324.0,16172.0,348.0,0.0,27098.0,49.0,Pass
l2911.txm,76.0596,751.0,754.0,133.0,0.0,627.0,101.0,1193.0,9584.0,9028.0,-165.0,22.0,16421.0,20214.0,1450.0,16302.0,345.0,0.0,27522.0,49.0,Pass
l2911.txm,77.106,752.0,752.0,135.0,0.0,708.0,100.0,1190.0,9547.0,9045.0,656.0,21.0,17041.0,19804.0,106.0,16498.0,351.0,0.0,27550.0,50.0,Pass
l2911.txm,78.0996,752.0,753.0,133.0,0.0,791.0,101.0,1188.0,9518.0,8997.0,826.0,21.0,16915.0,19972.0,150.0,16322.0,347.0,0.0,27746.0,50.0,Pass
l2911.txm,79.1206,752.0,754.0,134.0,0.0,904.0,100.0,1185.0,9461.0,9069.0,457.0,20.0,17266.0,19644.0,920.0,16184.0,346.0,1.0,27880.0,50.0,Pass
l2911.txm,80.1396,752.0,753.0,134.0,0.0,1012.0,100.0,1187.0,9499.0,8981.0,453.0,20.0,17034.0,19372.0,-35.0,16212.0,354.0,1.0,27882.0,50.0,Pass
l2911.txm,81.1597,751.0,753.0,135.0,0.0,1032.0,101.0,1182.0,9457.0,8966.0,182.0,21.0,16890.0,19248.0,43.0,16606.0,349.0,0.0,27980.0,50.0,Pass
l2911.txm,82.1816,751.0,753.0,135.0,0.0,1041.0,102.0,1187.0,9462.0,9029.0,458.0,20.0,17128.0,19330.0,508.0,16404.0,346.0,0.0,27988.0,50.0,Pass
l2911.txm,83.1997,752.0,755.0,134.0,0.0,1042.0,100.0,1188.0,9479.0,9004.0,484.0,20.0,17285.0,19402.0,76.0,16182.0,355.0,0.0,28022.0,50.0,Pass
l2911.txm,84.2197,751.0,754.0,133.0,0.0,1040.0,101.0,1185.0,9433.0,9054.0,421.0,21.0,16824.0,19090.0,57.0,16540.0,358.0,0.0,27854.0,50.0,Pass
l2911.txm,85.2397,751.0,753.0,133.0,0.0,1041.0,102.0,1184.0,9479.0,8991.0,599.0,21.0,17028.0,19152.0,750.0,16370.0,353.0,0.0,27870.0,50.0,Pass
l2911.txm,86.2598,752.0,753.0,133.0,0.0,1044.0,100.0,1186.0,9421.0,9061.0,477.0,21.0,17027.0,19254.0,66.0,16300.0,354.0,0.0,28006.0,50.0,Pass
l2911.txm,87.2798,752.0,755.0,133.0,0.0,1040.0,100.0,1183.0,9500.0,8971.0,657.0,21.0,16687.0,19042.0,131.0,16572.0,356.0,0.0,27886.0,50.0,Pass
l2911.txm,88.3008,751.0,752.0,133.0,0.0,1046.0,100.0,1183.0,9490.0,8973.0,771.0,20.0,16752.0,19040.0,384.0,16492.0,347.0,0.0,27952.0,50.0,Pass
l2911.txm,89.3457,752.0,753.0,135.0,1.0,1050.0,101.0,1185.0,9477.0,8978.0,329.0,21.0,16935.0,19412.0,560.0,16322.0,357.0,0.0,27880.0,50.0,Pass
l2911.txm,90.3398,752.0,753.0,133.0,0.0,1048.0,101.0,1183.0,9423.0,9062.0,857.0,21.0,16859.0,19212.0,153.0,16438.0,342.0,0.0,27882.0,50.0,Pass
l2911.txm,91.3608,751.0,753.0,132.0,0.0,1051.0,101.0,1184.0,9491.0,8961.0,158.0,21.0,16732.0,19314.0,298.0,16406.0,347.0,0.0,27954.0,50.0,Pass
l2911.txm,92.3799,752.0,753.0,132.0,0.0,1051.0,101.0,1183.0,9454.0,9041.0,335.0,21.0,16753.0,19048.0,124.0,16516.0,349.0,0.0,27946.0,50.0,Pass
l2911.txm,93.3999,752.0,752.0,132.0,0.0,1053.0,100.0,1184.0,9420.0,9034.0,958.0,21.0,16527.0,19326.0,200.0,16302.0,343.0,0.0,27972.0,50.0,Pass
l2911.txm,94.4199,752.0,753.0,133.0,0.0,1058.0,101.0,1184.0,9420.0,9054.0,157.0,21.0,16988.0,19256.0,764.0,16478.0,357.0,0.0,27960.0,50.0,Pass
l2911.txm,95.4399,751.0,753.0,131.0,0.0,1056.0,102.0,1186.0,9425.0,9040.0,716.0,21.0,16654.0,19062.0,-477.0,16340.0,342.0,1.0,27948.0,50.0,Pass
l2911.txm,96.46,752.0,752.0,133.0,0.0,1058.0,100.0,1184.0,9483.0,9002.0,177.0,21.0,17044.0,19058.0,124.0,16428.0,347.0,0.0,27950.0,50.0,Pass
l2911.txm,97.48,752.0,754.0,131.0,0.0,1060.0,102.0,1184.0,9397.0,9058.0,840.0,21.0,16844.0,19050.0,-19.0,16470.0,346.0,0.0,27858.0,50.0,Pass
l2911.txm,98.5,751.0,753.0,132.0,0.0,1058.0,101.0,1185.0,9498.0,8977.0,285.0,21.0,16896.0,19058.0,622.0,16510.0,345.0,0.0,27874.0,50.0,Pass
l2911.txm,99.52,752.0,754.0,133.0,0.0,1059.0,102.0,1185.0,9444.0,8978.0,681.0,21.0,16492.0,19048.0,554.0,16498.0,344.0,0.0,27968.0,50.0,Pass
l2911.txm,100.54,751.0,752.0,131.0,0.0,1064.0,102.0,1185.0,9460.0,8974.0,967.0,21.0,16741.0,19400.0,74.0,16284.0,356.0,1.0,27976.0,50.0,Pass
l2911.txm,101.586,751.0,753.0,135.0,0.0,1060.0,100.0,1184.0,9451.0,9007.0,364.0,21.0,16874.0,19246.0,-330.0,16488.0,343.0,0.0,27890.0,50.0,Pass
l2911.txm,102.58,752.0,752.0,135.0,0.0,1061.0,100.0,1185.0,9425.0,9071.0,131.0,21.0,16821.0,19164.0,-354.0,16374.0,351.0,0.0,27978.0,50.0,Pass
l2911.txm,103.601,752.0,754.0,135.0,0.0,1061.0,101.0,1185.0,9417.0,9079.0,118.0,21.0,16847.0,19124.0,644.0,16410.0,357.0,0.0,27868.0,50.0,Pass
l2911.txm,104.62,752.0,753.0,134.0,0.0,1060.0,102.0,1184.0,9414.0,9028.0,339.0,21.0,17033.0,19158.0,29.0,16564.0,342.0,0.0,27958.0,50.0,Pass
l2911.txm,105.671,752.0,753.0,132.0,0.0,1066.0,102.0,1187.0,9443.0,9001.0,544.0,21.0,16493.0,19192.0,2.0,16618.0,350.0,0.0,27862.0,50.0,Pass
l2911.txm,106.66,752.0,754.0,135.0,0.0,1058.0,100.0,1184.0,9429.0,9037.0,552.0,21.0,17017.0,19226.0,366.0,16346.0,348.0,0.0,27858.0,50.0,Pass
l2911.txm,107.68,752.0,753.0,135.0,0.0,1057.0,100.0,1185.0,9443.0,9039.0,51.0,20.0,16888.0,19118.0,-64.0,16244.0,359.0,0.0,27962.0,50.0,Pass
l2911.txm,108.7,752.0,754.0,132.0,0.0,1058.0,101.0,1187.0,9454.0,9030.0,294.0,21.0,16897.0,19174.0,-355.0,16494.0,346.0,0.0,27960.0,50.0,Pass
l2911.txm,109.72,752.0,753.0,135.0,0.0,1065.0,102.0,1187.0,9431.0,9039.0,412.0,20.0,17120.0,19234.0,334.0,16298.0,355.0,0.0,27968.0,50.0,Pass
l2911.txm,110.74,752.0,752.0,136.0,0.0,1059.0,100.0,1188.0,9497.0,8961.0,406.0,21.0,16914.0,19358.0,564.0,16606.0,360.0,0.0,28016.0,50.0,Pass
l2911.txm,111.781,752.0,754.0,136.0,0.0,1062.0,101.0,1184.0,9490.0,8972.0,325.0,20.0,17108.0,19192.0,276.0,16264.0,356.0,0.0,27988.0,50.0,Pass
l2911.txm,112.8,751.0,752.0,132.0,0.0,1061.0,102.0,1184.0,9496.0,8996.0,600.0,21.0,16589.0,19288.0,300.0,16306.0,354.0,0.0,27862.0,50.0,Pass
l2911.txm,113.845,752.0,753.0,132.0,0.0,1062.0,102.0,1186.0,9412.0,9051.0,1123.0,21.0,16569.0,19270.0,-303.0,16476.0,345.0,0.0,27870.0,50.0,Pass
l2912.txm,59.7402,752.0,754.0,132.0,0.0,784.0,101.0,1223.0,9433.0,9040.0,-1210.0,26.0,16082.0,19844.0,-302.0,16614.0,352.0,0.0,27524.0,49.0,Pass
l2912.txm,60.7603,752.0,754.0,132.0,0.0,722.0,100.0,1213.0,9447.0,9045.0,-680.0,24.0,16718.0,19880.0,-378.0,16686.0,354.0,0.0,27518.0,49.0,Pass
l2912.txm,61.7803,752.0,752.0,135.0,0.0,714.0,100.0,1195.0,9500.0,9062.0,-596.0,24.0,16671.0,19892.0,-428.0,16844.0,345.0,0.0,27520.0,50.0,Pass
l2912.txm,62.7998,752.0,753.0,136.0,0.0,701.0,101.0,1176.0,9469.0,9030.0,-1513.0,24.0,16378.0,19952.0,135.0,16506.0,352.0,0.0,27356.0,50.0,Pass
l2912.txm,63.8198,751.0,753.0,135.0,0.0,690.0,101.0,1187.0,9484.0,9015.0,-647.0,24.0,16176.0,19944.0,-467.0,16550.0,343.0,0.0,27508.0,50.0,Pass
l2912.txm,64.8389,752.0,754.0,135.0,0.0,684.0,101.0,1186.0,9453.0,9028.0,-1416.0,24.0,16423.0,19942.0,-8.0,16526.0,343.0,0.0,27514.0,50.0,Pass
l2912.txm,65.8599,752.0,752.0,131.0,0.0,681.0,100.0,1183.0,9469.0,9020.0,-1235.0,24.0,16547.0,20142.0,-8.0,16448.0,349.0,0.0,27384.0,50.0,Pass
l2912.txm,66.8901,751.0,753.0,133.0,0.0,674.0,100.0,1187.0,9465.0,9015.0,-1666.0,23.0,16513.0,19794.0,-371.0,16718.0,350.0,0.0,27436.0,50.0,Pass
l2912.txm,67.9102,752.0,754.0,131.0,0.0,662.0,100.0,1184.0,9501.0,8993.0,-1273.0,24.0,16559.0,20056.0,-57.0,16822.0,347.0,0.0,27364.0,50.0,Pass
l2912.txm,68.9311,752.0,753.0,134.0,0.0,658.0,101.0,1184.0,9507.0,8996.0,-1254.0,24.0,16500.0,19848.0,-331.0,16622.0,346.0,0.0,27486.0,50.0,Pass
l2912.txm,69.9512,752.0,753.0,132.0,0.0,644.0,101.0,1182.0,9447.0,9062.0,-1287.0,24.0,16241.0,19930.0,129.0,16604.0,349.0,0.0,27274.0,50.0,Pass
l2912.txm,70.9702,752.0,754.0,132.0,0.0,624.0,102.0,1181.0,9511.0,8995.0,-1605.0,24.0,16603.0,19858.0,-432.0,16632.0,343.0,0.0,27330.0,50.0,Pass
l2912.txm,71.9902,752.0,753.0,135.0,0.0,612.0,100.0,1181.0,9477.0,9029.0,-2058.0,25.0,16244.0,20184.0,-416.0,16578.0,349.0,0.0,27268.0,50.0,Pass
l2912.txm,73.0103,751.0,753.0,130.0,0.0,584.0,100.0,1176.0,9468.0,9054.0,-1014.0,26.0,16268.0,20186.0,-843.0,16744.0,348.0,0.0,27276.0,49.0,Pass
l2912.txm,74.0303,752.0,753.0,135.0,0.0,559.0,100.0,1180.0,9464.0,9066.0,-1561.0,26.0,16294.0,20078.0,-327.0,16970.0,358.0,0.0,27170.0,49.0,Pass
l2912.txm,75.0752,752.0,753.0,132.0,0.0,560.0,100.0,1183.0,9553.0,9033.0,-1123.0,25.0,16104.0,20266.0,-679.0,16352.0,345.0,0.0,27066.0,49.0,Pass
l2912.txm,76.0698,752.0,754.0,135.0,0.0,582.0,100.0,1190.0,9548.0,9050.0,-967.0,24.0,16635.0,20446.0,-351.0,16162.0,355.0,0.0,27110.0,49.0,Pass
l2912.txm,77.0908,752.0,753.0,133.0,0.0,651.0,101.0,1191.0,9556.0,9038.0,377.0,21.0,17007.0,20038.0,-73.0,16846.0,362.0,0.0,27580.0,49.0,Pass
l2912.txm,78.1099,752.0,753.0,135.0,0.0,716.0,102.0,1190.0,9553.0,9057.0,290.0,21.0,17060.0,20044.0,454.0,16134.0,351.0,1.0,27592.0,50.0,Pass
l2912.txm,79.1299,752.0,753.0,132.0,0.0,810.0,102.0,1190.0,9481.0,9018.0,871.0,21.0,16889.0,19804.0,98.0,16386.0,346.0,0.0,27742.0,50.0,Pass
l2912.txm,80.1509,752.0,753.0,135.0,0.0,901.0,100.0,1185.0,9417.0,9070.0,769.0,21.0,16775.0,19464.0,818.0,16182.0,352.0,0.0,27832.0,50.0,Pass
l2912.txm,81.1699,751.0,753.0,133.0,0.0,1016.0,100.0,1188.0,9478.0,9030.0,771.0,21.0,16780.0,19356.0,-78.0,16472.0,344.0,0.0,27864.0,50.0,Pass
l2912.txm,82.1909,752.0,753.0,134.0,0.0,1033.0,100.0,1185.0,9427.0,9052.0,730.0,21.0,17030.0,19100.0,-403.0,16470.0,353.0,0.0,28010.0,50.0,Pass
l2912.txm,83.21,752.0,753.0,132.0,0.0,1040.0,101.0,1186.0,9458.0,8967.0,534.0,21.0,16525.0,19112.0,14.0,16340.0,355.0,1.0,27974.0,50.0,Pass
l2912.txm,84.23,752.0,754.0,133.0,0.0,1040.0,102.0,1186.0,9501.0,9001.0,423.0,21.0,16615.0,19054.0,79.0,16618.0,358.0,0.0,27884.0,50.0,Pass
l2912.txm,85.25,752.0,753.0,132.0,0.0,1038.0,100.0,1185.0,9443.0,9003.0,392.0,22.0,16569.0,19284.0,84.0,16250.0,353.0,0.0,28004.0,50.0,Pass
l2912.txm,86.27,752.0,754.0,134.0,0.0,1046.0,101.0,1186.0,9497.0,8978.0,1070.0,21.0,16680.0,19330.0,39.0,16492.0,351.0,1.0,27988.0,50.0,Pass
l2912.txm,87.314,752.0,753.0,133.0,0.0,1038.0,102.0,1186.0,9492.0,8983.0,1302.0,21.0,16465.0,19276.0,-18.0,16584.0,344.0,0.0,27858.0,50.0,Pass
l2912.txm,88.3398,752.0,752.0,133.0,0.0,1045.0,100.0,1183.0,9447.0,8994.0,572.0,21.0,16876.0,19054.0,64.0,16604.0,345.0,0.0,27974.0,50.0,Pass
l2912.txm,89.3599,752.0,754.0,132.0,0.0,1046.0,100.0,1186.0,9491.0,8989.0,296.0,21.0,16814.0,19094.0,83.0,16408.0,353.0,0.0,27854.0,50.0,Pass
l2912.txm,90.3799,752.0,753.0,133.0,0.0,1046.0,101.0,1186.0,9503.0,8990.0,264.0,21.0,17153.0,19056.0,142.0,16580.0,344.0,0.0,27976.0,50.0,Pass
l2912.txm,91.3999,752.0,754.0,131.0,0.0,1052.0,102.0,1184.0,9437.0,8999.0,1081.0,21.0,16683.0,19274.0,41.0,16480.0,351.0,0.0,27842.0,50.0,Pass
l2912.txm,92.4219,752.0,753.0,132.0,0.0,1052.0,100.0,1185.0,9433.0,9059.0,721.0,21.0,16619.0,19140.0,153.0,16546.0,345.0,0.0,28002.0,50.0,Pass
l2912.txm,93.4399,752.0,753.0,133.0,0.0,1054.0,100.0,1185.0,9474.0,8989.0,506.0,21.0,16786.0,19184.0,4.0,16396.0,351.0,0.0,27990.0,50.0,Pass
l2912.txm,94.46,752.0,753.0,134.0,0.0,1054.0,102.0,1185.0,9490.0,8986.0,-175.0,21.0,16804.0,19320.0,-9.0,16402.0,357.0,0.0,28008.0,50.0,Pass
l2912.txm,95.48,751.0,754.0,133.0,0.0,1056.0,100.0,1183.0,9472.0,9002.0,756.0,21.0,16545.0,19072.0,100.0,16586.0,350.0,0.0,27956.0,50.0,Pass
l2912.txm,96.5,752.0,754.0,132.0,0.0,1056.0,101.0,1186.0,9427.0,9051.0,794.0,21.0,16573.0,19326.0,103.0,16240.0,347.0,0.0,27846.0,50.0,Pass
l2912.txm,97.5552,751.0,752.0,132.0,0.0,1060.0,100.0,1184.0,9439.0,9048.0,757.0,21.0,16466.0,19378.0,422.0,16632.0,351.0,1.0,27970.0,50.0,Pass
l2912.txm,98.5801,752.0,752.0,133.0,0.0,1056.0,100.0,1184.0,9428.0,9021.0,634.0,21.0,16715.0,19382.0,-12.0,16250.0,341.0,0.0,27994.0,50.0,Pass
l2912.txm,99.625,752.0,753.0,134.0,0.0,1058.0,102.0,1184.0,9517.0,8959.0,683.0,21.0,16537.0,19382.0,454.0,16248.0,355.0,0.0,27890.0,50.0,Pass
l2912.txm,100.65,752.0,753.0,132.0,0.0,1062.0,101.0,1184.0,9435.0,9057.0,314.0,21.0,16730.0,19384.0,54.0,16572.0,347.0,0.0,27986.0,50.0,Pass
l2912.txm,101.67,752.0,754.0,134.0,0.0,1059.0,100.0,1182.0,9430.0,9049.0,816.0,21.0,16825.0,19160.0,-50.0,16588.0,343.0,0.0,27856.0,50.0,Pass
l2912.txm,102.69,752.0,752.0,136.0,0.0,1064.0,100.0,1186.0,9435.0,9040.0,267.0,21.0,16864.0,19164.0,129.0,16300.0,353.0,0.0,27984.0,50.0,Pass
l2912.txm,103.71,752.0,755.0,131.0,0.0,1059.0,101.0,1181.0,9439.0,9055.0,978.0,21.0,16767.0,19298.0,572.0,16424.0,356.0,0.0,27854.0,50.0,Pass
l2912.txm,104.731,751.0,752.0,131.0,0.0,1058.0,100.0,1184.0,9440.0,9055.0,512.0,21.0,16812.0,19262.0,-33.0,16576.0,349.0,0.0,27882.0,50.0,Pass
l2912.txm,105.77,752.0,753.0,132.0,0.0,1064.0,101.0,1185.0,9432.0,9041.0,281.0,21.0,16569.0,19124.0,-6.0,16552.0,342.0,0.0,27838.0,50.0,Pass
l2912.txm,106.79,751.0,753.0,134.0,0.0,1059.0,101.0,1184.0,9435.0,9018.0,328.0,21.0,16824.0,19168.0,-89.0,16280.0,348.0,0.0,28016.0,50.0,Pass
l2912.txm,107.81,752.0,754.0,132.0,0.0,1059.0,101.0,1183.0,9437.0,9025.0,934.0,21.0,16535.0,19218.0,350.0,16560.0,344.0,0.0,27860.0,50.0,Pass
l2912.txm,108.83,752.0,752.0,132.0,0.0,1063.0,102.0,1184.0,9441.0,9029.0,552.0,21.0,16775.0,19252.0,-301.0,16582.0,348.0,0.0,27846.0,50.0,Pass
l2912.txm,109.85,752.0,753.0,135.0,0.0,1059.0,101.0,1184.0,9501.0,8986.0,287.0,22.0,16686.0,19102.0,90.0,16442.0,342.0,0.0,27982.0,50.0,Pass
l2912.txm,110.87,752.0,754.0,133.0,0.0,1057.0,100.0,1184.0,9426.0,9069.0,810.0,22.0,16692.0,19116.0,298.0,16606.0,349.0,0.0,27992.0,50.0,Pass
l2912.txm,111.938,752.0,753.0,131.0,0.0,1061.0,100.0,1183.0,9439.0,9018.0,409.0,21.0,16654.0,19350.0,334.0,16426.0,345.0,0.0,27960.0,50.0,Pass
l2912.txm,112.91,751.0,753.0,134.0,0.0,1060.0,100.0,1184.0,9495.0,8961.0,871.0,21.0,16549.0,19376.0,-13.0,16498.0,350.0,0.0,27964.0,50.0,Pass
l2912.txm,113.93,752.0,752.0,133.0,0.0,1061.0,100.0,1184.0,9456.0,9029.0,596.0,21.0,16929.0,19078.0,114.0,16482.0,350.0,0.0,27966.0,50.0,Pass
l2912.txm,114.95,752.0,753.0,135.0,0.0,1059.0,101.0,1182.0,9435.0,9050.0,474.0,21.0,16804.0,19074.0,712.0,16566.0,351.0,0.0,27856.0,50.0,Pass
l2913.txm,59.2856,752.0,754.0,136.0,0.0,783.0,100.0,1216.0,9413.0,9045.0,-1815.0,26.0,16195.0,19862.0,33.0,16362.0,343.0,0.0,27492.0,49.0,Pass
l2913.txm,60.3057,752.0,753.0,134.0,0.0,718.0,101.0,1218.0,9449.0,9072.0,-221.0,24.0,16751.0,19896.0,-454.0,16408.0,351.0,0.0,27504.0,49.0,Pass
l2913.txm,61.3257,752.0,753.0,134.0,0.0,709.0,101.0,1200.0,9457.0,9068.0,465.0,23.0,16904.0,19906.0,-611.0,16320.0,359.0,0.0,27494.0,50.0,Pass
l2913.txm,62.3457,752.0,753.0,132.0,0.0,698.0,100.0,1173.0,9502.0,8975.0,-626.0,24.0,16658.0,19918.0,-75.0,16710.0,347.0,0.0,27492.0,50.0,Pass
l2913.txm,63.3647,752.0,753.0,131.0,0.0,696.0,100.0,1184.0,9443.0,9025.0,-1390.0,25.0,16070.0,19924.0,-709.0,16642.0,347.0,0.0,27502.0,50.0,Pass
l2913.txm,64.3857,752.0,753.0,133.0,0.0,683.0,101.0,1188.0,9473.0,9014.0,-687.0,23.0,16552.0,19942.0,-309.0,16418.0,338.0,0.0,27498.0,50.0,Pass
l2913.txm,65.4058,752.0,753.0,135.0,0.0,683.0,102.0,1186.0,9458.0,9055.0,-749.0,24.0,16613.0,19808.0,72.0,16486.0,352.0,0.0,27486.0,50.0,Pass
l2913.txm,66.4399,752.0,753.0,135.0,0.0,672.0,101.0,1186.0,9517.0,8990.0,-960.0,24.0,16751.0,19980.0,-326.0,16856.0,349.0,0.0,27484.0,50.0,Pass
l2913.txm,67.4658,751.0,753.0,133.0,0.0,662.0,102.0,1184.0,9515.0,9000.0,-1128.0,24.0,16551.0,19916.0,-397.0,16780.0,352.0,1.0,27480.0,50.0,Pass
l2913.txm,68.4858,751.0,754.0,135.0,0.0,653.0,100.0,1184.0,9446.0,9050.0,-1046.0,24.0,16741.0,20094.0,-438.0,16496.0,349.0,0.0,27398.0,50.0,Pass
l2913.txm,69.5059,752.0,754.0,134.0,0.0,642.0,101.0,1184.0,9476.0,9027.0,-1549.0,24.0,16660.0,19924.0,-19.0,16590.0,346.0,0.0,27304.0,50.0,Pass
l2913.txm,70.5259,752.0,753.0,133.0,0.0,631.0,102.0,1183.0,9504.0,8983.0,-1488.0,25.0,16525.0,20106.0,21.0,16744.0,361.0,0.0,27372.0,50.0,Pass
l2913.txm,71.5469,752.0,753.0,134.0,0.0,603.0,100.0,1181.0,9484.0,9044.0,-1805.0,25.0,16359.0,20110.0,-436.0,16634.0,347.0,0.0,27260.0,50.0,Pass
l2913.txm,72.5659,752.0,753.0,132.0,0.0,575.0,101.0,1180.0,9435.0,9032.0,-1346.0,26.0,16002.0,20176.0,-628.0,16746.0,353.0,1.0,27188.0,49.0,Pass
l2913.txm,73.6118,752.0,754.0,134.0,0.0,561.0,100.0,1180.0,9462.0,9121.0,-918.0,25.0,16290.0,20378.0,-412.0,16668.0,352.0,1.0,27090.0,49.0,Pass
l2913.txm,74.606,752.0,753.0,132.0,0.0,560.0,101.0,1185.0,9548.0,9022.0,-255.0,25.0,16008.0,20420.0,-484.0,16278.0,344.0,0.0,27046.0,49.0,Pass
l2913.txm,75.6279,752.0,753.0,131.0,0.0,596.0,101.0,1193.0,9494.0,9079.0,246.0,23.0,16228.0,20312.0,-305.0,16182.0,351.0,0.0,27246.0,49.0,Pass
l2913.txm,76.646,752.0,753.0,133.0,0.0,655.0,100.0,1192.0,9534.0,9060.0,1476.0,20.0,16845.0,20150.0,0.0,16722.0,348.0,0.0,27598.0,49.0,Pass
l2913.txm,77.6655,752.0,753.0,132.0,0.0,738.0,100.0,1191.0,9528.0,9055.0,1063.0,22.0,16763.0,20138.0,304.0,16238.0,358.0,0.0,27632.0,50.0,Pass
l2913.txm,78.6855,751.0,753.0,131.0,0.0,838.0,101.0,1187.0,9516.0,8976.0,1023.0,21.0,16923.0,19722.0,98.0,16232.0,342.0,0.0,27792.0,50.0,Pass
l2913.txm,79.7056,752.0,753.0,133.0,0.0,930.0,100.0,1185.0,9430.0,8999.0,106.0,21.0,17139.0,19614.0,-34.0,16172.0,347.0,0.0,27772.0,50.0,Pass
l2913.txm,80.7256,752.0,754.0,133.0,0.0,1027.0,100.0,1185.0,9412.0,9063.0,-365.0,21.0,17128.0,19326.0,-75.0,16586.0,356.0,0.0,28002.0,50.0,Pass
l2913.txm,81.7456,752.0,754.0,132.0,0.0,1034.0,100.0,1184.0,9500.0,8956.0,226.0,21.0,16949.0,19326.0,890.0,16426.0,354.0,1.0,27988.0,50.0,Pass
l2913.txm,82.7656,751.0,753.0,134.0,0.0,1042.0,101.0,1188.0,9438.0,9032.0,85.0,21.0,16717.0,19314.0,596.0,16482.0,356.0,0.0,27930.0,50.0,Pass
l2913.txm,83.7856,751.0,753.0,134.0,0.0,1041.0,101.0,1181.0,9525.0,8979.0,9.0,21.0,16946.0,19172.0,-438.0,16574.0,345.0,0.0,27842.0,50.0,Pass
l2913.txm,84.8057,751.0,751.0,135.0,0.0,1044.0,102.0,1186.0,9438.0,9030.0,614.0,21.0,16670.0,19250.0,412.0,16326.0,349.0,0.0,28010.0,50.0,Pass
l2913.txm,85.8857,752.0,753.0,133.0,0.0,1042.0,100.0,1181.0,9457.0,9010.0,615.0,21.0,16732.0,19332.0,101.0,16374.0,347.0,0.0,27888.0,50.0,Pass
l2913.txm,86.876,752.0,753.0,134.0,0.0,1045.0,100.0,1187.0,9436.0,9044.0,-22.0,21.0,17093.0,19140.0,-66.0,16314.0,349.0,0.0,27830.0,50.0,Pass
l2913.txm,87.896,752.0,753.0,134.0,0.0,1049.0,100.0,1186.0,9434.0,9040.0,22.0,20.0,17141.0,19192.0,148.0,16404.0,347.0,0.0,27830.0,50.0,Pass
l2913.txm,88.9155,752.0,753.0,133.0,0.0,1049.0,100.0,1187.0,9453.0,8996.0,211.0,21.0,17116.0,19328.0,570.0,16188.0,349.0,0.0,27956.0,50.0,Pass
l2913.txm,89.9355,752.0,753.0,134.0,0.0,1048.0,100.0,1186.0,9415.0,9035.0,553.0,20.0,16879.0,19252.0,-48.0,16320.0,343.0,0.0,27842.0,50.0,Pass
l2913.txm,90.9565,752.0,753.0,134.0,0.0,1047.0,100.0,1184.0,9494.0,8971.0,121.0,21.0,16981.0,19286.0,-3.0,16522.0,351.0,1.0,28006.0,50.0,Pass
l2913.txm,91.9756,752.0,754.0,132.0,0.0,1052.0,100.0,1186.0,9414.0,9030.0,771.0,21.0,16727.0,19108.0,480.0,16354.0,351.0,0.0,27940.0,50.0,Pass
l2913.txm,93.0278,752.0,754.0,133.0,0.0,1054.0,100.0,1185.0,9500.0,8974.0,450.0,21.0,17071.0,19206.0,-79.0,16522.0,350.0,0.0,28042.0,50.0,Pass
l2913.txm,94.0146,752.0,753.0,133.0,0.0,1058.0,102.0,1184.0,9435.0,9035.0,683.0,21.0,16759.0,19278.0,47.0,16456.0,354.0,0.0,27850.0,50.0,Pass
l2913.txm,95.0356,751.0,754.0,135.0,0.0,1061.0,100.0,1185.0,9492.0,8962.0,147.0,21.0,16834.0,19098.0,99.0,16588.0,353.0,0.0,27834.0,50.0,Pass
l2913.txm,96.0557,752.0,754.0,132.0,0.0,1059.0,101.0,1185.0,9436.0,9003.0,922.0,21.0,16713.0,19204.0,176.0,16430.0,343.0,0.0,27848.0,50.0,Pass
l2913.txm,97.084,752.0,753.0,134.0,0.0,1054.0,100.0,1184.0,9451.0,9027.0,371.0,21.0,16581.0,19146.0,-362.0,16364.0,343.0,0.0,27834.0,50.0,Pass
l2913.txm,98.1357,752.0,753.0,132.0,0.0,1058.0,102.0,1186.0,9431.0,9049.0,599.0,20.0,16851.0,19092.0,147.0,16270.0,352.0,1.0,27978.0,50.0,Pass
l2913.txm,99.1558,752.0,754.0,134.0,0.0,1059.0,100.0,1185.0,9489.0,8988.0,654.0,21.0,16500.0,19334.0,700.0,16234.0,350.0,0.0,27946.0,50.0,Pass
l2913.txm,100.176,751.0,752.0,135.0,0.0,1064.0,102.0,1186.0,9414.0,9070.0,451.0,21.0,17130.0,19094.0,564.0,16464.0,345.0,0.0,27832.0,50.0,Pass
l2913.txm,101.197,751.0,754.0,133.0,0.0,1061.0,100.0,1184.0,9418.0,9046.0,604.0,21.0,16545.0,19340.0,-306.0,16362.0,352.0,0.0,27960.0,50.0,Pass
l2913.txm,102.216,752.0,753.0,135.0,0.0,1060.0,101.0,1186.0,9509.0,8971.0,85.0,21.0,16966.0,19208.0,121.0,16348.0,353.0,1.0,28014.0,50.0,Pass
l2913.txm,103.237,751.0,753.0,133.0,0.0,1059.0,100.0,1183.0,9468.0,9028.0,168.0,21.0,16873.0,19098.0,-315.0,16254.0,345.0,0.0,27974.0,50.0,Pass
l2913.txm,104.256,752.0,754.0,134.0,0.0,1063.0,101.0,1186.0,9439.0,9020.0,257.0,21.0,16905.0,19268.0,516.0,16454.0,351.0,0.0,28014.0,50.0,Pass
l2913.txm,105.301,752.0,753.0,132.0,0.0,1061.0,101.0,1186.0,9431.0,9079.0,693.0,21.0,16835.0,19118.0,-47.0,16424.0,345.0,0.0,27846.0,50.0,Pass
l2913.txm,106.296,752.0,754.0,135.0,0.0,1058.0,102.0,1183.0,9508.0,8973.0,-17.0,21.0,16877.0,19346.0,154.0,16454.0,342.0,0.0,27884.0,50.0,Pass
l2913.txm,107.316,752.0,753.0,133.0,0.0,1059.0,101.0,1184.0,9502.0,8999.0,918.0,21.0,16703.0,19110.0,226.0,16300.0,356.0,0.0,27830.0,50.0,Pass
l2913.txm,108.336,752.0,752.0,132.0,0.0,1062.0,102.0,1184.0,9497.0,8967.0,109.0,21.0,16853.0,19342.0,-359.0,16586.0,344.0,0.0,27898.0,50.0,Pass
l2913.txm,109.356,751.0,754.0,135.0,0.0,1062.0,100.0,1184.0,9518.0,8954.0,-14.0,21.0,16834.0,19258.0,416.0,16512.0,352.0,0.0,27836.0,50.0,Pass
l2913.txm,110.4,752.0,754.0,136.0,0.0,1062.0,101.0,1187.0,9420.0,9045.0,127.0,21.0,16919.0,19182.0,176.0,16600.0,356.0,0.0,28022.0,50.0,Pass
l2913.txm,111.426,752.0,753.0,133.0,0.0,1064.0,101.0,1185.0,9486.0,8974.0,847.0,21.0,16910.0,19108.0,126.0,16572.0,353.0,0.0,27986.0,50.0,Pass
l2913.txm,112.446,751.0,754.0,133.0,0.0,1059.0,100.0,1186.0,9426.0,9039.0,399.0,21.0,16582.0,19312.0,40.0,16554.0,357.0,0.0,27958.0,50.0,Pass
l2913.txm,113.466,751.0,753.0,132.0,0.0,1061.0,102.0,1184.0,9499.0,8969.0,61.0,21.0,16734.0,19176.0,168.0,16266.0,351.0,0.0,27818.0,50.0,Pass
l2913.txm,114.486,751.0,753.0,135.0,0.0,1065.0,100.0,1186.0,9445.0,9054.0,66.0,21.0,17067.0,19188.0,75.0,16634.0,343.0,0.0,27830.0,50.0,Pass
l2914.txm,60.2832,752.0,753.0,134.0,0.0,818.0,101.0,1194.0,9513.0,8984.0,-36.0,25.0,16010.0,19842.0,-593.0,16164.0,354.0,0.0,27508.0,50.0,Pass
l2914.txm,61.3091,752.0,753.0,135.0,0.0,724.0,100.0,1223.0,9455.0,9068.0,-839.0,25.0,16204.0,19888.0,-617.0,16510.0,354.0,0.0,27510.0,49.0,Pass
l2914.txm,62.3291,752.0,754.0,134.0,0.0,708.0,100.0,1203.0,9522.0,8997.0,-573.0,24.0,16707.0,19886.0,-305.0,16622.0,346.0,0.0,27514.0,50.0,Pass
l2914.txm,63.3491,751.0,753.0,135.0,0.0,701.0,100.0,1185.0,9511.0,8993.0,-133.0,24.0,16570.0,19890.0,31.0,16746.0,355.0,0.0,27506.0,50.0,Pass
l2914.txm,64.3691,752.0,753.0,131.0,0.0,699.0,100.0,1185.0,9509.0,9002.0,214.0,23.0,16626.0,19906.0,75.0,16570.0,350.0,0.0,27516.0,50.0,Pass
l2914.txm,65.3892,752.0,753.0,131.0,0.0,685.0,101.0,1185.0,9450.0,9070.0,-320.0,23.0,16838.0,19914.0,9.0,16632.0,351.0,0.0,27486.0,50.0,Pass
l2914.txm,66.4102,752.0,752.0,135.0,0.0,683.0,100.0,1185.0,9448.0,9071.0,-769.0,23.0,16670.0,19970.0,-426.0,16728.0,349.0,0.0,27490.0,50.0,Pass
l2914.txm,67.4541,751.0,753.0,135.0,0.0,672.0,101.0,1188.0,9527.0,8984.0,-650.0,24.0,16414.0,20062.0,-581.0,16820.0,354.0,0.0,27386.0,50.0,Pass
l2914.txm,68.4492,752.0,752.0,134.0,0.0,664.0,101.0,1187.0,9484.0,9038.0,-453.0,24.0,16383.0,20016.0,-606.0,16718.0,348.0,1.0,27370.0,50.0,Pass
l2914.txm,69.4702,752.0,754.0,132.0,0.0,656.0,102.0,1184.0,9496.0,9018.0,-980.0,24.0,16483.0,20120.0,-24.0,16578.0,347.0,0.0,27358.0,50.0,Pass
l2914.txm,70.4893,752.0,753.0,133.0,0.0,646.0,100.0,1185.0,9460.0,9010.0,-1017.0,24.0,16347.0,20092.0,-521.0,16590.0,352.0,0.0,27310.0,50.0,Pass
l2914.txm,71.5093,752.0,753.0,136.0,0.0,638.0,101.0,1187.0,9435.0,9079.0,-1182.0,24.0,16579.0,19882.0,-613.0,16662.0,355.0,0.0,27312.0,50.0,Pass
l2914.txm,72.5293,752.0,753.0,135.0,0.0,609.0,102.0,1178.0,9507.0,8987.0,-1745.0,25.0,16538.0,20050.0,-361.0,16824.0,349.0,0.0,27340.0,50.0,Pass
l2914.txm,73.5493,751.0,754.0,132.0,0.0,580.0,100.0,1178.0,9514.0,9019.0,-1469.0,26.0,15848.0,20300.0,-450.0,16642.0,349.0,0.0,27248.0,49.0,Pass
l2914.txm,74.5713,752.0,754.0,131.0,0.0,568.0,101.0,1179.0,9504.0,9048.0,-959.0,25.0,16399.0,20348.0,-300.0,16472.0,342.0,0.0,27184.0,49.0,Pass
l2914.txm,75.5894,752.0,753.0,131.0,0.0,551.0,101.0,1181.0,9499.0,9134.0,-361.0,25.0,16213.0,20154.0,-421.0,16606.0,344.0,0.0,27222.0,49.0,Pass
l2914.txm,76.6103,752.0,753.0,135.0,0.0,572.0,100.0,1188.0,9572.0,9083.0,-569.0,24.0,16539.0,20286.0,-335.0,16464.0,358.0,0.0,27118.0,49.0,Pass
l2914.txm,77.6294,752.0,753.0,134.0,0.0,620.0,101.0,1194.0,9578.0,9080.0,530.0,22.0,16674.0,20238.0,43.0,16246.0,357.0,0.0,27234.0,49.0,Pass
l2914.txm,78.6494,751.0,752.0,134.0,0.0,703.0,101.0,1192.0,9503.0,9038.0,66.0,21.0,16761.0,19934.0,760.0,16468.0,343.0,1.0,27630.0,49.0,Pass
l2914.txm,79.6953,751.0,752.0,133.0,0.0,797.0,101.0,1187.0,9493.0,8995.0,474.0,21.0,16772.0,20012.0,304.0,16198.0,354.0,0.0,27794.0,50.0,Pass
l2914.txm,80.6934,751.0,753.0,134.0,0.0,907.0,100.0,1182.0,9442.0,9031.0,346.0,21.0,17176.0,19546.0,842.0,16438.0,351.0,0.0,27706.0,50.0,Pass
l2914.txm,81.709,752.0,755.0,133.0,0.0,1009.0,101.0,1189.0,9477.0,9025.0,891.0,22.0,16703.0,19318.0,830.0,16600.0,347.0,1.0,27898.0,50.0,Pass
l2914.txm,82.729,751.0,752.0,132.0,0.0,1033.0,101.0,1185.0,9430.0,9035.0,669.0,21.0,16660.0,19140.0,-378.0,16698.0,350.0,0.0,27968.0,50.0,Pass
l2914.txm,83.749,752.0,754.0,134.0,0.0,1037.0,102.0,1182.0,9502.0,8998.0,136.0,21.0,16696.0,19118.0,474.0,16420.0,351.0,0.0,28016.0,50.0,Pass
l2914.txm,84.77,752.0,753.0,133.0,0.0,1043.0,101.0,1185.0,9502.0,8982.0,848.0,21.0,16560.0,19364.0,27.0,16468.0,346.0,0.0,27876.0,50.0,Pass
l2914.txm,85.7891,751.0,753.0,132.0,0.0,1042.0,101.0,1186.0,9450.0,9028.0,595.0,21.0,16425.0,19248.0,-92.0,16462.0,359.0,0.0,28022.0,50.0,Pass
l2914.txm,86.8101,751.0,754.0,134.0,0.0,1046.0,101.0,1185.0,9455.0,8995.0,365.0,21.0,16883.0,19300.0,-39.0,16444.0,353.0,0.0,28008.0,50.0,Pass
l2914.txm,87.8301,752.0,753.0,133.0,0.0,1041.0,100.0,1184.0,9495.0,8984.0,-183.0,21.0,16641.0,19316.0,-62.0,16650.0,345.0,0.0,27874.0,50.0,Pass
l2914.txm,88.8491,751.0,753.0,132.0,0.0,1045.0,101.0,1182.0,9515.0,8982.0,692.0,21.0,16746.0,19164.0,332.0,16462.0,354.0,0.0,27888.0,50.0,Pass
l2914.txm,89.8691,751.0,753.0,134.0,0.0,1048.0,100.0,1185.0,9426.0,9053.0,379.0,21.0,16874.0,19334.0,-36.0,16538.0,355.0,0.0,28026.0,50.0,Pass
l2914.txm,90.8892,752.0,753.0,134.0,0.0,1052.0,99.0,1185.0,9526.0,8972.0,405.0,21.0,16897.0,19138.0,151.0,16578.0,350.0,0.0,27878.0,50.0,Pass
l2914.txm,91.9341,752.0,753.0,131.0,0.0,1049.0,100.0,1184.0,9476.0,9010.0,481.0,22.0,16677.0,19138.0,-63.0,16550.0,357.0,0.0,27900.0,50.0,Pass
l2914.txm,92.9292,751.0,753.0,133.0,0.0,1051.0,100.0,1185.0,9447.0,9031.0,503.0,22.0,16482.0,19352.0,156.0,16392.0,352.0,0.0,27894.0,50.0,Pass
l2914.txm,93.9492,752.0,754.0,133.0,0.0,1057.0,101.0,1185.0,9474.0,8993.0,33.0,21.0,16658.0,19258.0,59.0,16310.0,342.0,0.0,27894.0,50.0,Pass
l2914.txm,94.9692,751.0,752.0,133.0,0.0,1054.0,100.0,1184.0,9500.0,8957.0,187.0,21.0,16727.0,19316.0,48.0,16396.0,356.0,0.0,27900.0,50.0,Pass
l2914.txm,95.999,751.0,753.0,134.0,0.0,1057.0,100.0,1185.0,9433.0,9044.0,443.0,21.0,16699.0,19116.0,402.0,16430.0,351.0,0.0,27978.0,50.0,Pass
l2914.txm,97.019,752.0,753.0,132.0,0.0,1055.0,100.0,1184.0,9524.0,8962.0,403.0,21.0,16816.0,19138.0,77.0,16448.0,358.0,0.0,27998.0,50.0,Pass
l2914.txm,98.0391,752.0,753.0,135.0,0.0,1054.0,102.0,1184.0,9445.0,9004.0,-56.0,21.0,17083.0,19282.0,99.0,16408.0,354.0,0.0,27880.0,50.0,Pass
l2914.txm,99.0591,752.0,753.0,133.0,0.0,1058.0,100.0,1185.0,9437.0,9026.0,613.0,21.0,16681.0,19130.0,306.0,16390.0,348.0,0.0,27868.0,50.0,Pass
l2914.txm,100.079,752.0,753.0,133.0,0.0,1058.0,100.0,1185.0,9427.0,9035.0,685.0,21.0,16492.0,19330.0,63.0,16464.0,343.0,0.0,27880.0,50.0,Pass
l2914.txm,101.1,751.0,752.0,135.0,0.0,1057.0,100.0,1186.0,9471.0,9044.0,354.0,21.0,16679.0,19102.0,93.0,16606.0,351.0,0.0,27992.0,50.0,Pass
l2914.txm,102.12,752.0,754.0,135.0,0.0,1059.0,102.0,1185.0,9506.0,8989.0,70.0,21.0,16731.0,19224.0,420.0,16522.0,342.0,0.0,28012.0,50.0,Pass
l2914.txm,103.139,751.0,753.0,135.0,0.0,1059.0,101.0,1185.0,9508.0,8970.0,116.0,22.0,17057.0,19104.0,64.0,16412.0,343.0,0.0,27898.0,50.0,Pass
l2914.txm,104.184,752.0,753.0,131.0,0.0,1060.0,100.0,1183.0,9502.0,8987.0,902.0,21.0,16523.0,19108.0,19.0,16428.0,353.0,0.0,27888.0,50.0,Pass
l2914.txm,105.209,752.0,754.0,132.0,0.0,1062.0,100.0,1187.0,9480.0,9009.0,633.0,21.0,16999.0,19322.0,-339.0,16592.0,348.0,0.0,28006.0,50.0,Pass
l2914.txm,106.229,751.0,751.0,135.0,0.0,1063.0,101.0,1187.0,9470.0,9003.0,96.0,21.0,16870.0,19228.0,133.0,16594.0,343.0,0.0,27990.0,50.0,Pass
l2914.txm,107.249,752.0,753.0,135.0,0.0,1059.0,101.0,1185.0,9450.0,9029.0,-1.0,21.0,16772.0,19214.0,-324.0,16692.0,347.0,0.0,27876.0,50.0,Pass
l2914.txm,108.269,752.0,755.0,133.0,0.0,1060.0,100.0,1183.0,9477.0,9009.0,525.0,21.0,16702.0,19126.0,534.0,16608.0,343.0,0.0,27964.0,50.0,Pass
l2914.txm,109.289,752.0,754.0,132.0,0.0,1061.0,101.0,1187.0,9431.0,9044.0,660.0,21.0,16694.0,19138.0,-295.0,16562.0,349.0,0.0,27962.0,50.0,Pass
l2914.txm,110.309,752.0,754.0,132.0,0.0,1060.0,100.0,1186.0,9441.0,9038.0,302.0,21.0,16928.0,19094.0,-70.0,16468.0,353.0,0.0,27884.0,50.0,Pass
l2914.txm,111.329,752.0,753.0,132.0,0.0,1059.0,100.0,1184.0,9435.0,9003.0,332.0,21.0,16913.0,19146.0,-29.0,16616.0,353.0,0.0,28010.0,50.0,Pass
l2914.txm,112.35,752.0,755.0,132.0,0.0,1056.0,100.0,1183.0,9495.0,8978.0,466.0,21.0,16872.0,19320.0,-59.0,16552.0,343.0,1.0,27874.0,50.0,Pass
l2914.txm,113.369,751.0,753.0,131.0,0.0,1058.0,100.0,1185.0,9521.0,9009.0,730.0,21.0,16632.0,19194.0,-18.0,16394.0,344.0,0.0,27886.0,50.0,Pass
l2914.txm,114.389,751.0,754.0,134.0,0.0,1061.0,100.0,1187.0,9428.0,9052.0,373.0,21.0,16596.0,19292.0,-18.0,16416.0,357.0,0.0,27998.0,50.0,Pass
l2914.txm,115.41,752.0,753.0,131.0,0.0,1059.0,101.0,1185.0,9457.0,9029.0,363.0,21.0,16905.0,19256.0,378.0,16638.0,351.0,0.0,27844.0,50.0,Pass
l2919.txm,59.1987,751.0,753.0,133.0,0.0,724.0,100.0,1230.0,9504.0,8981.0,-1540.0,26.0,15991.0,19862.0,-477.0,16330.0,351.0,1.0,27526.0,49.0,Pass
l2919.txm,60.2197,751.0,753.0,133.0,0.0,712.0,100.0,1203.0,9474.0,9048.0,116.0,23.0,16418.0,19880.0,-418.0,16748.0,348.0,0.0,27536.0,50.0,Pass
l2919.txm,61.2388,752.0,753.0,132.0,0.0,701.0,101.0,1186.0,9480.0,9043.0,236.0,24.0,16468.0,19884.0,-713.0,16742.0,350.0,0.0,27520.0,50.0,Pass
l2919.txm,62.2598,752.0,753.0,133.0,0.0,695.0,100.0,1182.0,9440.0,9072.0,-7.0,23.0,16717.0,19888.0,-309.0,16776.0,354.0,0.0,27500.0,50.0,Pass
l2919.txm,63.3047,752.0,753.0,135.0,0.0,687.0,100.0,1187.0,9437.0,9076.0,-872.0,24.0,16704.0,19908.0,-653.0,16564.0,348.0,0.0,27518.0,50.0,Pass
l2919.txm,64.2988,752.0,755.0,134.0,0.0,681.0,100.0,1180.0,9446.0,9046.0,-229.0,24.0,16426.0,19918.0,-477.0,16708.0,344.0,0.0,27480.0,50.0,Pass
l2919.txm,65.3198,751.0,754.0,133.0,0.0,677.0,101.0,1191.0,9481.0,9043.0,-407.0,24.0,16594.0,19894.0,-8.0,16704.0,344.0,0.0,27474.0,50.0,Pass
l2919.txm,66.3398,752.0,754.0,134.0,0.0,665.0,100.0,1185.0,9449.0,9059.0,-1272.0,24.0,16518.0,20042.0,-337.0,16666.0,347.0,0.0,27512.0,50.0,Pass
l2919.txm,67.3589,752.0,754.0,133.0,0.0,656.0,100.0,1185.0,9482.0,8990.0,-896.0,25.0,16569.0,19912.0,89.0,16644.0,340.0,0.0,27518.0,50.0,Pass
l2919.txm,68.3936,752.0,752.0,133.0,0.0,645.0,101.0,1182.0,9434.0,9057.0,-1184.0,25.0,16432.0,19940.0,-279.0,16594.0,348.0,0.0,27364.0,50.0,Pass
l2919.txm,69.4097,752.0,753.0,132.0,0.0,627.0,100.0,1181.0,9469.0,9061.0,-1775.0,25.0,16322.0,20002.0,28.0,16588.0,346.0,0.0,27370.0,50.0,Pass
l2919.txm,70.4287,752.0,754.0,131.0,0.0,607.0,101.0,1181.0,9486.0,9002.0,-1083.0,25.0,16131.0,20154.0,-652.0,16662.0,349.0,0.0,27216.0,50.0,Pass
l2919.txm,71.4487,752.0,753.0,135.0,0.0,580.0,100.0,1175.0,9454.0,9060.0,-709.0,25.0,16246.0,20022.0,-325.0,16846.0,345.0,0.0,27210.0,49.0,Pass
l2919.txm,72.4687,752.0,755.0,135.0,0.0,561.0,100.0,1181.0,9482.0,9107.0,-1600.0,25.0,16067.0,20182.0,-510.0,16390.0,359.0,0.0,27132.0,49.0,Pass
l2919.txm,73.4888,752.0,754.0,134.0,0.0,561.0,100.0,1182.0,9492.0,9117.0,-694.0,25.0,16112.0,20274.0,-310.0,16646.0,353.0,0.0,27208.0,49.0,Pass
l2919.txm,74.5088,752.0,754.0,132.0,0.0,574.0,101.0,1190.0,9589.0,9040.0,-338.0,23.0,16285.0,20396.0,76.0,16390.0,349.0,0.0,27168.0,49.0,Pass
l2919.txm,75.5537,752.0,754.0,134.0,1.0,631.0,101.0,1192.0,9610.0,9154.0,1055.0,21.0,16828.0,20392.0,800.0,15884.0,345.0,1.0,27420.0,49.0,Pass
l2919.txm,76.5786,751.0,753.0,133.0,0.0,724.0,100.0,1194.0,9553.0,9035.0,724.0,21.0,16686.0,20044.0,158.0,16578.0,340.0,0.0,27650.0,50.0,Pass
l2919.txm,77.5986,752.0,753.0,132.0,0.0,824.0,102.0,1190.0,9457.0,9081.0,1148.0,21.0,16885.0,19852.0,922.0,16162.0,360.0,0.0,27764.0,50.0,Pass
l2919.txm,78.6196,752.0,754.0,132.0,0.0,925.0,100.0,1183.0,9457.0,9070.0,249.0,21.0,16808.0,19440.0,-57.0,16508.0,342.0,1.0,27836.0,50.0,Pass
l2919.txm,79.6387,752.0,753.0,132.0,0.0,1032.0,100.0,1191.0,9453.0,9040.0,562.0,21.0,16609.0,19356.0,134.0,16682.0,355.0,0.0,28026.0,50.0,Pass
l2919.txm,80.6587,752.0,753.0,134.0,0.0,1040.0,100.0,1185.0,9514.0,8983.0,15.0,21.0,16586.0,19314.0,5.0,16566.0,346.0,0.0,28026.0,50.0,Pass
l2919.txm,81.6787,752.0,753.0,133.0,0.0,1046.0,102.0,1187.0,9507.0,8982.0,484.0,21.0,16824.0,19196.0,56.0,16448.0,345.0,0.0,27894.0,50.0,Pass
l2919.txm,82.7246,751.0,753.0,132.0,0.0,1045.0,102.0,1184.0,9420.0,9055.0,568.0,21.0,16654.0,19182.0,-33.0,16572.0,358.0,0.0,28040.0,50.0,Pass
l2919.txm,83.7397,752.0,752.0,134.0,0.0,1052.0,102.0,1184.0,9472.0,8970.0,452.0,21.0,16879.0,19154.0,-457.0,16390.0,349.0,0.0,28036.0,50.0,Pass
l2919.txm,84.7588,752.0,753.0,134.0,0.0,1056.0,100.0,1184.0,9524.0,8976.0,473.0,20.0,16880.0,19072.0,-429.0,16702.0,343.0,0.0,28012.0,50.0,Pass
l2919.txm,85.7788,752.0,753.0,132.0,0.0,1052.0,100.0,1183.0,9453.0,9051.0,600.0,20.0,16573.0,19074.0,-286.0,16738.0,347.0,0.0,28034.0,50.0,Pass
l2919.txm,86.7988,752.0,753.0,133.0,0.0,1055.0,100.0,1185.0,9443.0,9075.0,341.0,20.0,16936.0,19090.0,53.0,16654.0,346.0,0.0,28030.0,50.0,Pass
l2919.txm,87.8188,752.0,753.0,133.0,0.0,1058.0,101.0,1184.0,9513.0,8982.0,406.0,21.0,16895.0,19196.0,238.0,16546.0,351.0,0.0,28046.0,50.0,Pass
l2919.txm,88.8389,752.0,753.0,132.0,0.0,1062.0,102.0,1184.0,9537.0,8986.0,700.0,21.0,16758.0,19166.0,332.0,16546.0,350.0,0.0,28040.0,50.0,Pass
l2919.txm,89.8589,752.0,753.0,134.0,0.0,1060.0,102.0,1183.0,9520.0,8962.0,-129.0,21.0,16713.0,19250.0,49.0,16678.0,357.0,0.0,28028.0,50.0,Pass
l2919.txm,90.8799,752.0,755.0,134.0,0.0,1058.0,101.0,1185.0,9470.0,9013.0,254.0,20.0,16775.0,19284.0,95.0,16622.0,344.0,0.0,27898.0,50.0,Pass
l2919.txm,91.8999,751.0,754.0,133.0,0.0,1062.0,101.0,1184.0,9457.0,8970.0,887.0,20.0,16981.0,19286.0,120.0,16508.0,346.0,0.0,28008.0,50.0,Pass
l2919.txm,92.9199,751.0,753.0,132.0,0.0,1062.0,100.0,1184.0,9467.0,9019.0,433.0,20.0,16986.0,19194.0,71.0,16480.0,351.0,0.0,27888.0,50.0,Pass
l2919.txm,93.9399,751.0,753.0,132.0,0.0,1062.0,101.0,1186.0,9497.0,9031.0,851.0,20.0,16810.0,19300.0,86.0,16486.0,353.0,0.0,27892.0,50.0,Pass
l2919.txm,94.9858,752.0,753.0,133.0,0.0,1070.0,100.0,1185.0,9455.0,9032.0,858.0,21.0,16644.0,19072.0,458.0,16438.0,351.0,0.0,28022.0,50.0,Pass
l2919.txm,95.981,752.0,753.0,131.0,0.0,1065.0,100.0,1186.0,9451.0,9080.0,311.0,21.0,16789.0,19098.0,-3.0,16514.0,356.0,0.0,27892.0,50.0,Pass
l2919.txm,96.999,751.0,752.0,132.0,0.0,1065.0,101.0,1186.0,9444.0,9030.0,962.0,20.0,16655.0,19252.0,36.0,16610.0,350.0,0.0,27882.0,50.0,Pass
l2919.txm,98.0185,752.0,754.0,135.0,0.0,1065.0,100.0,1187.0,9521.0,9002.0,366.0,20.0,17103.0,19074.0,143.0,16648.0,352.0,0.0,27886.0,50.0,Pass
l2919.txm,99.0396,752.0,752.0,133.0,0.0,1069.0,102.0,1185.0,9435.0,9064.0,624.0,21.0,16496.0,19268.0,274.0,16586.0,344.0,0.0,28026.0,50.0,Pass
l2919.txm,100.059,751.0,754.0,134.0,0.0,1066.0,101.0,1186.0,9470.0,9033.0,713.0,20.0,16947.0,19190.0,116.0,16552.0,359.0,0.0,28030.0,50.0,Pass
l2919.txm,101.079,752.0,754.0,133.0,0.0,1068.0,101.0,1187.0,9437.0,9039.0,271.0,20.0,16854.0,19250.0,112.0,16488.0,355.0,1.0,28044.0,50.0,Pass
l2919.txm,102.099,752.0,754.0,131.0,0.0,1062.0,100.0,1185.0,9522.0,8982.0,311.0,20.0,16833.0,19076.0,148.0,16540.0,348.0,0.0,28014.0,50.0,Pass
l2919.txm,103.119,752.0,753.0,132.0,0.0,1068.0,102.0,1184.0,9512.0,8963.0,348.0,21.0,16818.0,19210.0,616.0,16518.0,353.0,0.0,27888.0,50.0,Pass
l2919.txm,104.14,752.0,754.0,133.0,0.0,1066.0,102.0,1186.0,9488.0,8998.0,635.0,21.0,16851.0,19136.0,33.0,16468.0,345.0,0.0,28022.0,50.0,Pass
l2919.txm,105.159,752.0,752.0,134.0,0.0,1064.0,101.0,1184.0,9528.0,8952.0,561.0,21.0,16860.0,19090.0,-2.0,16608.0,357.0,0.0,28022.0,50.0,Pass
l2919.txm,106.179,752.0,753.0,132.0,0.0,1072.0,101.0,1189.0,9479.0,8999.0,121.0,21.0,16462.0,19196.0,94.0,16600.0,351.0,0.0,28046.0,50.0,Pass
l2919.txm,107.225,752.0,753.0,133.0,0.0,1063.0,101.0,1183.0,9466.0,8987.0,630.0,21.0,16873.0,19286.0,-64.0,16550.0,347.0,0.0,28036.0,50.0,Pass
l2919.txm,108.219,752.0,754.0,135.0,0.0,1069.0,102.0,1183.0,9447.0,9043.0,134.0,21.0,16820.0,19112.0,-270.0,16522.0,346.0,0.0,28014.0,50.0,Pass
l2919.txm,109.239,752.0,753.0,134.0,0.0,1062.0,101.0,1184.0,9479.0,8988.0,81.0,20.0,17069.0,19198.0,-363.0,16596.0,346.0,0.0,27896.0,50.0,Pass
l2919.txm,110.259,752.0,753.0,132.0,0.0,1066.0,102.0,1185.0,9459.0,9009.0,1008.0,21.0,16535.0,19088.0,-319.0,16422.0,351.0,0.0,28026.0,50.0,Pass
l2919.txm,111.279,752.0,753.0,131.0,0.0,1065.0,102.0,1184.0,9478.0,9033.0,360.0,20.0,16614.0,19178.0,-323.0,16694.0,344.0,0.0,28026.0,50.0,Pass
l2919.txm,112.3,752.0,753.0,132.0,0.0,1069.0,101.0,1183.0,9504.0,8979.0,144.0,21.0,16682.0,19082.0,222.0,16578.0,353.0,0.0,28006.0,50.0,Pass
l2919.txm,113.319,752.0,753.0,132.0,0.0,1066.0,101.0,1183.0,9497.0,8978.0,499.0,21.0,16516.0,19270.0,750.0,16538.0,352.0,0.0,27898.0,50.0,Pass
l2920.txm,58.2368,752.0,754.0,132.0,0.0,851.0,101.0,1193.0,9455.0,8979.0,-1995.0,26.0,15914.0,19742.0,-787.0,16834.0,351.0,0.0,27590.0,49.0,Pass
l2920.txm,59.2573,752.0,754.0,136.0,0.0,742.0,100.0,1224.0,9475.0,9030.0,-1327.0,25.0,16449.0,19830.0,-678.0,16654.0,345.0,0.0,27548.0,49.0,Pass
l2920.txm,60.2769,752.0,755.0,135.0,0.0,713.0,100.0,1202.0,9493.0,8970.0,-1154.0,24.0,16676.0,19862.0,-654.0,16730.0,344.0,0.0,27542.0,50.0,Pass
l2920.txm,61.3276,752.0,753.0,132.0,0.0,705.0,100.0,1184.0,9501.0,8989.0,-960.0,24.0,16477.0,19912.0,-650.0,16514.0,343.0,0.0,27510.0,50.0,Pass
l2920.txm,62.3169,752.0,754.0,135.0,0.0,690.0,101.0,1182.0,9454.0,9052.0,-430.0,23.0,16500.0,19920.0,-550.0,16674.0,342.0,0.0,27454.0,50.0,Pass
l2920.txm,63.3374,752.0,754.0,132.0,0.0,687.0,99.0,1187.0,9499.0,9032.0,-930.0,24.0,16458.0,19926.0,-306.0,16458.0,348.0,0.0,27510.0,50.0,Pass
l2920.txm,64.3579,751.0,753.0,135.0,0.0,679.0,101.0,1189.0,9497.0,8998.0,-640.0,23.0,16785.0,19908.0,-277.0,16670.0,352.0,0.0,27452.0,50.0,Pass
l2920.txm,65.3774,752.0,753.0,133.0,0.0,672.0,101.0,1185.0,9521.0,8975.0,-1332.0,24.0,16460.0,20006.0,53.0,16602.0,355.0,0.0,27380.0,50.0,Pass
l2920.txm,66.4145,752.0,754.0,133.0,0.0,662.0,100.0,1182.0,9516.0,9001.0,-661.0,23.0,16459.0,19854.0,-302.0,16656.0,345.0,0.0,27334.0,50.0,Pass
l2920.txm,67.4175,752.0,754.0,134.0,0.0,651.0,101.0,1189.0,9478.0,9019.0,-887.0,23.0,16425.0,19978.0,-425.0,16736.0,353.0,0.0,27404.0,50.0,Pass
l2920.txm,68.437,751.0,753.0,134.0,0.0,645.0,101.0,1180.0,9474.0,9073.0,-1110.0,24.0,16680.0,19990.0,-665.0,16800.0,347.0,0.0,27400.0,50.0,Pass
l2920.txm,69.4575,752.0,753.0,132.0,0.0,632.0,101.0,1186.0,9516.0,8987.0,-1290.0,24.0,16358.0,20030.0,-344.0,16774.0,348.0,0.0,27376.0,50.0,Pass
l2920.txm,70.564,752.0,753.0,135.0,0.0,616.0,100.0,1181.0,9447.0,9061.0,-2042.0,24.0,16539.0,20184.0,-648.0,16660.0,348.0,0.0,27242.0,50.0,Pass
l2920.txm,71.4976,752.0,753.0,134.0,0.0,584.0,102.0,1177.0,9521.0,8993.0,-948.0,26.0,16024.0,20188.0,-482.0,16874.0,352.0,0.0,27250.0,49.0,Pass
l2920.txm,72.5171,752.0,754.0,131.0,0.0,560.0,100.0,1180.0,9478.0,9049.0,-1109.0,25.0,15795.0,20112.0,116.0,16676.0,356.0,0.0,27082.0,49.0,Pass
l2920.txm,73.562,752.0,752.0,134.0,0.0,558.0,100.0,1184.0,9567.0,9014.0,-1156.0,25.0,16114.0,20142.0,16.0,16700.0,350.0,0.0,27114.0,49.0,Pass
l2920.txm,74.5571,752.0,753.0,131.0,0.0,571.0,100.0,1188.0,9587.0,9030.0,-398.0,24.0,16092.0,20220.0,-313.0,16266.0,345.0,0.0,27242.0,49.0,Pass
l2920.txm,75.5776,752.0,755.0,132.0,0.0,629.0,101.0,1189.0,9582.0,9054.0,1091.0,21.0,16618.0,20336.0,127.0,15958.0,357.0,0.0,27540.0,49.0,Pass
l2920.txm,76.5972,752.0,754.0,134.0,0.0,700.0,100.0,1190.0,9586.0,9005.0,433.0,21.0,17135.0,20094.0,-467.0,16788.0,350.0,0.0,27582.0,49.0,Pass
l2920.txm,77.6167,751.0,753.0,132.0,0.0,796.0,101.0,1188.0,9524.0,9005.0,122.0,21.0,16875.0,19804.0,83.0,16058.0,350.0,0.0,27614.0,50.0,Pass
l2920.txm,78.6372,752.0,755.0,134.0,0.0,907.0,100.0,1186.0,9531.0,8979.0,207.0,21.0,16968.0,19510.0,120.0,16298.0,344.0,0.0,27900.0,50.0,Pass
l2920.txm,79.6567,751.0,753.0,132.0,0.0,1010.0,100.0,1186.0,9445.0,9035.0,29.0,21.0,16678.0,19152.0,382.0,16408.0,343.0,0.0,27876.0,50.0,Pass
l2920.txm,80.6782,752.0,753.0,133.0,0.0,1036.0,101.0,1185.0,9491.0,8989.0,124.0,21.0,16969.0,19310.0,-8.0,16574.0,356.0,0.0,27974.0,50.0,Pass
l2920.txm,81.6977,752.0,753.0,132.0,0.0,1041.0,101.0,1184.0,9491.0,8973.0,558.0,21.0,16655.0,19122.0,-11.0,16352.0,353.0,0.0,27894.0,50.0,Pass
l2920.txm,82.7173,751.0,754.0,133.0,0.0,1043.0,100.0,1185.0,9455.0,9029.0,74.0,22.0,16920.0,19212.0,-90.0,16498.0,350.0,1.0,28010.0,50.0,Pass
l2920.txm,83.7378,751.0,753.0,135.0,0.0,1046.0,101.0,1184.0,9508.0,9035.0,246.0,21.0,16908.0,19240.0,178.0,16494.0,355.0,1.0,27998.0,50.0,Pass
l2920.txm,84.7583,752.0,754.0,132.0,0.0,1046.0,100.0,1184.0,9452.0,9034.0,111.0,21.0,16785.0,19100.0,132.0,16480.0,344.0,0.0,27990.0,50.0,Pass
l2920.txm,85.8022,751.0,753.0,134.0,0.0,1052.0,102.0,1187.0,9444.0,9048.0,-258.0,22.0,16826.0,19320.0,848.0,16592.0,360.0,0.0,27992.0,50.0,Pass
l2920.txm,86.8169,751.0,753.0,132.0,0.0,1048.0,101.0,1189.0,9481.0,9014.0,-125.0,21.0,16472.0,19318.0,-61.0,16424.0,355.0,1.0,27984.0,50.0,Pass
l2920.txm,87.8374,752.0,752.0,134.0,0.0,1051.0,101.0,1184.0,9511.0,8942.0,-634.0,22.0,16539.0,19230.0,346.0,16542.0,351.0,0.0,27992.0,50.0,Pass
l2920.txm,88.8579,752.0,752.0,134.0,0.0,1050.0,102.0,1186.0,9437.0,9014.0,-474.0,21.0,16913.0,19242.0,36.0,16378.0,351.0,0.0,27998.0,50.0,Pass
l2920.txm,89.8774,751.0,753.0,133.0,0.0,1055.0,100.0,1185.0,9468.0,8977.0,-476.0,22.0,16619.0,19266.0,-73.0,16348.0,354.0,0.0,28012.0,50.0,Pass
l2920.txm,90.897,752.0,752.0,135.0,0.0,1052.0,102.0,1184.0,9454.0,8979.0,-542.0,21.0,17072.0,19306.0,15.0,16494.0,351.0,0.0,27898.0,50.0,Pass
l2920.txm,91.9175,752.0,753.0,134.0,0.0,1055.0,100.0,1182.0,9500.0,8983.0,126.0,21.0,16460.0,19280.0,340.0,16404.0,351.0,0.0,28010.0,50.0,Pass
l2920.txm,92.938,752.0,753.0,135.0,0.0,1051.0,100.0,1185.0,9432.0,9034.0,-640.0,21.0,17109.0,19254.0,194.0,16394.0,350.0,0.0,27870.0,50.0,Pass
l2920.txm,93.9575,751.0,753.0,134.0,0.0,1055.0,102.0,1184.0,9481.0,8970.0,-259.0,22.0,16655.0,19284.0,-1.0,16540.0,348.0,0.0,27864.0,50.0,Pass
l2920.txm,94.978,752.0,753.0,133.0,0.0,1062.0,101.0,1187.0,9465.0,8983.0,-496.0,21.0,16892.0,19092.0,-10.0,16452.0,347.0,0.0,27988.0,50.0,Pass
l2920.txm,95.9976,752.0,752.0,135.0,0.0,1058.0,101.0,1184.0,9515.0,9005.0,-30.0,22.0,16689.0,19152.0,84.0,16412.0,345.0,0.0,28036.0,50.0,Pass
l2920.txm,97.0171,752.0,754.0,131.0,0.0,1064.0,101.0,1186.0,9453.0,9043.0,-104.0,21.0,16749.0,19202.0,-76.0,16440.0,352.0,0.0,27850.0,50.0,Pass
l2920.txm,98.063,752.0,754.0,135.0,1.0,1066.0,102.0,1180.0,9428.0,8988.0,523.0,24.0,16358.0,19256.0,-516.0,16482.0,351.0,0.0,27854.0,50.0,Pass
l2920.txm,99.0679,752.0,752.0,135.0,0.0,1062.0,101.0,1191.0,9426.0,9010.0,-724.0,22.0,16660.0,19098.0,70.0,16464.0,353.0,1.0,27994.0,50.0,Pass
l2920.txm,100.079,752.0,754.0,134.0,0.0,1064.0,100.0,1182.0,9489.0,8984.0,-825.0,22.0,16536.0,19228.0,-64.0,16482.0,351.0,0.0,27846.0,50.0,Pass
l2920.txm,101.097,751.0,754.0,131.0,0.0,1058.0,100.0,1187.0,9486.0,8954.0,-840.0,21.0,17066.0,19274.0,-301.0,16402.0,350.0,0.0,27876.0,50.0,Pass
l2920.txm,102.117,752.0,755.0,132.0,0.0,1061.0,101.0,1184.0,9430.0,9008.0,-910.0,22.0,16734.0,19088.0,280.0,16462.0,347.0,0.0,27882.0,50.0,Pass
l2920.txm,103.138,752.0,754.0,132.0,0.0,1062.0,100.0,1184.0,9435.0,9032.0,-500.0,22.0,16426.0,19188.0,204.0,16550.0,345.0,0.0,28050.0,50.0,Pass
l2920.txm,104.157,752.0,753.0,134.0,0.0,1063.0,100.0,1187.0,9491.0,8937.0,-999.0,22.0,16727.0,19332.0,68.0,16342.0,350.0,0.0,27870.0,50.0,Pass
l2920.txm,105.177,752.0,752.0,133.0,0.0,1064.0,102.0,1185.0,9490.0,8944.0,-458.0,22.0,16335.0,19278.0,-454.0,16436.0,348.0,0.0,28030.0,50.0,Pass
l2920.txm,106.197,752.0,753.0,131.0,0.0,1062.0,100.0,1184.0,9501.0,8935.0,-766.0,22.0,16618.0,19142.0,566.0,16450.0,357.0,0.0,27854.0,50.0,Pass
l2920.txm,107.218,751.0,752.0,135.0,0.0,1067.0,101.0,1185.0,9480.0,8976.0,-623.0,22.0,16484.0,19322.0,45.0,16444.0,349.0,0.0,27896.0,50.0,Pass
l2920.txm,108.257,751.0,753.0,135.0,0.0,1060.0,100.0,1185.0,9454.0,9013.0,-1189.0,22.0,16396.0,19192.0,-9.0,16542.0,350.0,0.0,27824.0,50.0,Pass
l2920.txm,109.277,751.0,754.0,135.0,0.0,1065.0,101.0,1183.0,9440.0,8969.0,-872.0,22.0,16550.0,19082.0,-353.0,16586.0,358.0,0.0,27876.0,50.0,Pass
l2920.txm,110.323,752.0,752.0,133.0,0.0,1062.0,102.0,1185.0,9453.0,8998.0,-384.0,22.0,16249.0,19144.0,118.0,16694.0,348.0,0.0,27860.0,50.0,Pass
l2920.txm,111.317,752.0,754.0,132.0,0.0,1060.0,100.0,1184.0,9433.0,9004.0,-776.0,22.0,16564.0,19232.0,466.0,16684.0,347.0,0.0,27864.0,50.0,Pass
l2920.txm,112.337,752.0,753.0,135.0,0.0,1062.0,100.0,1183.0,9489.0,8923.0,-688.0,22.0,16196.0,19298.0,63.0,16604.0,348.0,0.0,27890.0,50.0,Pass
l2921.txm,60.2578,751.0,753.0,133.0,0.0,843.0,101.0,1189.0,9453.0,9059.0,-218.0,26.0,16028.0,19752.0,-717.0,16980.0,347.0,0.0,27546.0,50.0,Pass
l2921.txm,61.2773,752.0,754.0,132.0,0.0,734.0,100.0,1225.0,9474.0,8986.0,-1224.0,26.0,16455.0,19840.0,-276.0,16526.0,344.0,0.0,27526.0,49.0,Pass
l2921.txm,62.3145,752.0,753.0,135.0,0.0,711.0,100.0,1203.0,9476.0,9044.0,75.0,24.0,16557.0,19870.0,-307.0,16692.0,347.0,0.0,27530.0,50.0,Pass
l2921.txm,63.3174,752.0,754.0,133.0,0.0,699.0,100.0,1182.0,9530.0,8986.0,3.0,24.0,16252.0,19884.0,-629.0,16578.0,346.0,0.0,27524.0,50.0,Pass
l2921.txm,64.3398,752.0,751.0,133.0,0.0,691.0,99.0,1181.0,9459.0,9059.0,41.0,24.0,16289.0,19894.0,-340.0,16722.0,345.0,0.0,27526.0,50.0,Pass
l2921.txm,65.3574,752.0,753.0,134.0,0.0,687.0,100.0,1187.0,9455.0,9070.0,-22.0,24.0,16449.0,19888.0,-293.0,16734.0,344.0,0.0,27518.0,50.0,Pass
l2921.txm,66.3789,752.0,752.0,133.0,0.0,681.0,101.0,1185.0,9463.0,9015.0,-240.0,24.0,16480.0,19890.0,-564.0,16708.0,354.0,0.0,27384.0,50.0,Pass
l2921.txm,67.3975,752.0,754.0,135.0,0.0,670.0,102.0,1182.0,9494.0,9019.0,-457.0,25.0,16382.0,20068.0,67.0,16642.0,347.0,0.0,27442.0,50.0,Pass
l2921.txm,68.418,751.0,753.0,131.0,0.0,657.0,102.0,1186.0,9481.0,9022.0,-863.0,25.0,16175.0,19852.0,3.0,16578.0,344.0,0.0,27372.0,50.0,Pass
l2921.txm,69.4375,751.0,752.0,135.0,0.0,654.0,100.0,1183.0,9516.0,8988.0,-1116.0,25.0,16287.0,19870.0,-319.0,16888.0,344.0,0.0,27472.0,50.0,Pass
l2921.txm,70.457,752.0,753.0,135.0,0.0,643.0,100.0,1184.0,9425.0,9049.0,-1335.0,25.0,16593.0,20080.0,-34.0,16536.0,344.0,0.0,27460.0,50.0,Pass
l2921.txm,71.5029,752.0,752.0,135.0,0.0,632.0,102.0,1185.0,9485.0,9063.0,-1812.0,25.0,16313.0,19944.0,94.0,16492.0,354.0,0.0,27454.0,50.0,Pass
l2921.txm,72.4961,752.0,752.0,133.0,0.0,611.0,102.0,1181.0,9509.0,8975.0,-1285.0,26.0,16372.0,20158.0,-512.0,16756.0,351.0,0.0,27132.0,50.0,Pass
l2921.txm,73.5176,751.0,754.0,131.0,0.0,586.0,101.0,1180.0,9466.0,9050.0,-828.0,26.0,16227.0,20032.0,-375.0,16582.0,354.0,0.0,27248.0,49.0,Pass
l2921.txm,74.5371,752.0,754.0,132.0,0.0,562.0,102.0,1180.0,9519.0,9086.0,-1207.0,26.0,15869.0,20308.0,-354.0,16600.0,353.0,0.0,27178.0,49.0,Pass
l2921.txm,75.5576,752.0,754.0,135.0,0.0,553.0,101.0,1185.0,9532.0,9068.0,-1327.0,25.0,16007.0,20196.0,-696.0,16776.0,353.0,1.0,27228.0,49.0,Pass
l2921.txm,76.5771,751.0,754.0,134.0,0.0,575.0,101.0,1189.0,9593.0,9039.0,-794.0,24.0,16295.0,20380.0,-302.0,16584.0,355.0,1.0,27158.0,49.0,Pass
l2921.txm,77.5977,751.0,753.0,131.0,0.0,631.0,100.0,1188.0,9559.0,9054.0,1247.0,21.0,16839.0,20164.0,101.0,16190.0,343.0,0.0,27452.0,49.0,Pass
l2921.txm,78.6182,752.0,753.0,136.0,0.0,694.0,101.0,1193.0,9505.0,9077.0,-657.0,22.0,17051.0,20106.0,242.0,16626.0,358.0,0.0,27634.0,49.0,Pass
l2921.txm,79.6377,752.0,752.0,133.0,0.0,792.0,100.0,1186.0,9545.0,9010.0,294.0,22.0,16595.0,19822.0,-78.0,16240.0,347.0,0.0,27786.0,50.0,Pass
l2921.txm,80.6572,752.0,753.0,132.0,0.0,908.0,100.0,1190.0,9468.0,9069.0,956.0,21.0,16677.0,19520.0,884.0,16370.0,346.0,1.0,27774.0,50.0,Pass
l2921.txm,81.6777,752.0,753.0,134.0,0.0,1007.0,100.0,1189.0,9550.0,8999.0,360.0,21.0,16859.0,19340.0,153.0,16348.0,353.0,0.0,27888.0,50.0,Pass
l2921.txm,82.6973,752.0,752.0,133.0,0.0,1028.0,100.0,1183.0,9433.0,8981.0,427.0,21.0,16741.0,19106.0,110.0,16484.0,346.0,0.0,27892.0,50.0,Pass
l2921.txm,83.7471,752.0,753.0,135.0,0.0,1039.0,100.0,1185.0,9518.0,9018.0,-5.0,21.0,17050.0,19106.0,121.0,16516.0,345.0,0.0,27892.0,50.0,Pass
l2921.txm,84.7676,751.0,753.0,133.0,0.0,1041.0,100.0,1184.0,9442.0,8969.0,523.0,21.0,16631.0,19122.0,6.0,16422.0,350.0,0.0,28026.0,50.0,Pass
l2921.txm,85.7871,752.0,753.0,135.0,0.0,1043.0,100.0,1184.0,9450.0,9030.0,1128.0,21.0,16603.0,19138.0,-50.0,16398.0,352.0,0.0,27890.0,50.0,Pass
l2921.txm,86.8076,751.0,753.0,134.0,0.0,1043.0,100.0,1183.0,9519.0,8973.0,691.0,21.0,16580.0,19230.0,618.0,16416.0,345.0,0.0,28010.0,50.0,Pass
l2921.txm,87.8271,751.0,753.0,135.0,0.0,1041.0,100.0,1185.0,9435.0,9030.0,417.0,21.0,16957.0,19300.0,-71.0,16482.0,353.0,0.0,27868.0,50.0,Pass
l2921.txm,88.8486,752.0,752.0,134.0,0.0,1048.0,101.0,1184.0,9430.0,9051.0,503.0,21.0,16839.0,19324.0,-12.0,16538.0,345.0,0.0,28030.0,50.0,Pass
l2921.txm,89.8682,752.0,753.0,133.0,0.0,1049.0,101.0,1185.0,9506.0,8982.0,485.0,21.0,16814.0,19324.0,46.0,16524.0,356.0,0.0,27892.0,50.0,Pass
l2921.txm,90.9131,752.0,752.0,133.0,0.0,1048.0,101.0,1183.0,9429.0,9055.0,593.0,21.0,16640.0,19238.0,-48.0,16684.0,344.0,0.0,27898.0,50.0,Pass
l2921.txm,91.9062,751.0,753.0,134.0,0.0,1050.0,102.0,1184.0,9443.0,9037.0,367.0,21.0,16994.0,19198.0,150.0,16622.0,347.0,0.0,27896.0,50.0,Pass
l2921.txm,92.9277,752.0,753.0,132.0,0.0,1049.0,101.0,1183.0,9500.0,8984.0,671.0,20.0,16554.0,19148.0,-413.0,16610.0,342.0,0.0,28020.0,50.0,Pass
l2921.txm,93.9473,751.0,753.0,131.0,0.0,1051.0,101.0,1187.0,9494.0,8962.0,977.0,21.0,16761.0,19100.0,12.0,16606.0,351.0,0.0,27894.0,50.0,Pass
l2921.txm,94.9678,751.0,755.0,133.0,0.0,1052.0,101.0,1185.0,9490.0,8991.0,606.0,21.0,16654.0,19126.0,82.0,16636.0,347.0,0.0,28022.0,50.0,Pass
l2921.txm,96.0127,752.0,753.0,134.0,0.0,1057.0,100.0,1186.0,9446.0,8999.0,-75.0,21.0,16897.0,19190.0,150.0,16648.0,348.0,0.0,28028.0,50.0,Pass
l2921.txm,97.0371,752.0,754.0,135.0,0.0,1055.0,102.0,1186.0,9441.0,9049.0,56.0,20.0,16854.0,19232.0,148.0,16530.0,349.0,0.0,27860.0,50.0,Pass
l2921.txm,98.0576,752.0,753.0,132.0,0.0,1057.0,101.0,1184.0,9498.0,8985.0,391.0,21.0,16471.0,19320.0,-446.0,16554.0,353.0,0.0,27892.0,50.0,Pass
l2921.txm,99.0771,752.0,754.0,134.0,0.0,1058.0,101.0,1184.0,9490.0,9029.0,-352.0,21.0,16891.0,19138.0,-3.0,16436.0,354.0,0.0,27868.0,50.0,Pass
l2921.txm,100.098,752.0,754.0,133.0,0.0,1058.0,102.0,1184.0,9414.0,9048.0,755.0,21.0,16639.0,19214.0,47.0,16592.0,351.0,0.0,27868.0,50.0,Pass
l2921.txm,101.118,752.0,753.0,133.0,0.0,1061.0,101.0,1184.0,9435.0,9060.0,188.0,21.0,16573.0,19096.0,760.0,16504.0,347.0,0.0,27892.0,50.0,Pass
l2921.txm,102.138,752.0,753.0,134.0,0.0,1060.0,101.0,1185.0,9442.0,8980.0,427.0,21.0,16832.0,19156.0,508.0,16394.0,347.0,0.0,28038.0,50.0,Pass
l2921.txm,103.196,752.0,752.0,133.0,0.0,1056.0,101.0,1184.0,9432.0,9046.0,682.0,21.0,16685.0,19310.0,137.0,16574.0,348.0,1.0,28030.0,50.0,Pass
l2921.txm,104.218,751.0,753.0,134.0,0.0,1058.0,101.0,1184.0,9458.0,9023.0,486.0,21.0,16619.0,19322.0,133.0,16346.0,353.0,0.0,27894.0,50.0,Pass
l2921.txm,105.237,752.0,752.0,132.0,0.0,1063.0,101.0,1184.0,9428.0,9051.0,480.0,21.0,17104.0,19222.0,-53.0,16500.0,345.0,1.0,28012.0,50.0,Pass
l2921.txm,106.258,752.0,752.0,132.0,0.0,1060.0,102.0,1185.0,9473.0,8974.0,668.0,21.0,16727.0,19094.0,-281.0,16536.0,348.0,0.0,28012.0,50.0,Pass
l2921.txm,107.277,752.0,753.0,132.0,0.0,1060.0,100.0,1184.0,9431.0,9046.0,-57.0,21.0,16682.0,19170.0,926.0,16654.0,352.0,0.0,28018.0,50.0,Pass
l2921.txm,108.322,752.0,755.0,134.0,0.0,1056.0,100.0,1184.0,9476.0,9023.0,734.0,21.0,16962.0,19260.0,102.0,16554.0,352.0,0.0,28034.0,50.0,Pass
l2921.txm,109.349,751.0,753.0,133.0,0.0,1058.0,101.0,1184.0,9503.0,8975.0,408.0,21.0,16550.0,19102.0,282.0,16484.0,348.0,0.0,27996.0,50.0,Pass
l2921.txm,110.368,752.0,753.0,133.0,0.0,1060.0,100.0,1186.0,9478.0,8984.0,334.0,21.0,16735.0,19186.0,85.0,16594.0,346.0,0.0,27892.0,50.0,Pass
l2921.txm,111.389,752.0,754.0,135.0,0.0,1059.0,100.0,1184.0,9440.0,9050.0,128.0,21.0,16412.0,19106.0,674.0,16566.0,356.0,0.0,27874.0,50.0,Pass
l2921.txm,112.407,752.0,754.0,133.0,0.0,1057.0,100.0,1184.0,9510.0,8974.0,329.0,21.0,16762.0,19190.0,668.0,16590.0,358.0,0.0,27880.0,50.0,Pass
l2921.txm,113.429,752.0,753.0,135.0,0.0,1058.0,101.0,1185.0,9429.0,9048.0,484.0,21.0,16473.0,19100.0,94.0,16762.0,345.0,0.0,28026.0,50.0,Pass
l2921.txm,114.447,751.0,753.0,134.0,0.0,1057.0,100.0,1185.0,9497.0,8961.0,456.0,21.0,16954.0,19114.0,-454.0,16734.0,342.0,0.0,27996.0,50.0,Pass
l2921.txm,115.468,752.0,754.0,132.0,0.0,1059.0,102.0,1184.0,9430.0,9028.0,322.0,21.0,16538.0,19164.0,153.0,16530.0,348.0,0.0,27876.0,50.0,Pass
l2922.txm,57.6797,752.0,753.0,135.0,0.0,813.0,100.0,1194.0,9502.0,8979.0,-411.0,26.0,16286.0,19826.0,55.0,16452.0,356.0,0.0,27498.0,49.0,Pass
l2922.txm,58.6992,752.0,754.0,134.0,0.0,716.0,101.0,1219.0,9517.0,9001.0,-420.0,25.0,16291.0,19886.0,412.0,16502.0,350.0,0.0,27504.0,49.0,Pass
l2922.txm,59.7207,751.0,753.0,132.0,0.0,697.0,101.0,1198.0,9519.0,9008.0,-147.0,24.0,16661.0,19902.0,37.0,16572.0,355.0,0.0,27502.0,49.0,Pass
l2922.txm,60.7393,752.0,753.0,134.0,0.0,686.0,101.0,1183.0,9475.0,9002.0,259.0,24.0,16217.0,19900.0,-41.0,16664.0,356.0,0.0,27498.0,50.0,Pass
l2922.txm,61.7598,751.0,754.0,133.0,0.0,678.0,101.0,1184.0,9523.0,8988.0,-396.0,24.0,16325.0,19922.0,-593.0,16748.0,344.0,0.0,27480.0,50.0,Pass
l2922.txm,62.7803,751.0,752.0,133.0,0.0,671.0,100.0,1187.0,9499.0,9014.0,-207.0,24.0,16130.0,19944.0,-321.0,16696.0,343.0,0.0,27514.0,50.0,Pass
l2922.txm,63.8008,752.0,755.0,132.0,0.0,660.0,101.0,1186.0,9477.0,9038.0,-762.0,24.0,16313.0,19950.0,157.0,16654.0,352.0,0.0,27358.0,50.0,Pass
l2922.txm,64.8203,752.0,753.0,132.0,0.0,650.0,101.0,1188.0,9470.0,9040.0,-957.0,25.0,16447.0,20062.0,-281.0,16652.0,351.0,0.0,27484.0,50.0,Pass
l2922.txm,65.8398,751.0,753.0,134.0,0.0,636.0,101.0,1186.0,9449.0,9054.0,-1325.0,25.0,16505.0,20136.0,-35.0,16542.0,348.0,0.0,27364.0,50.0,Pass
l2922.txm,66.8603,751.0,753.0,132.0,0.0,626.0,101.0,1186.0,9472.0,8989.0,-1435.0,25.0,15973.0,19956.0,-324.0,16612.0,349.0,0.0,27348.0,50.0,Pass
l2922.txm,67.8799,752.0,752.0,133.0,0.0,615.0,100.0,1184.0,9452.0,9088.0,-1119.0,25.0,16173.0,20038.0,-354.0,16880.0,354.0,0.0,27336.0,50.0,Pass
l2922.txm,68.9004,752.0,752.0,135.0,0.0,598.0,101.0,1180.0,9456.0,9047.0,-1598.0,26.0,16492.0,20278.0,-315.0,16712.0,345.0,0.0,27246.0,50.0,Pass
l2922.txm,69.9199,751.0,753.0,133.0,0.0,574.0,102.0,1178.0,9465.0,9077.0,-1513.0,26.0,15964.0,20044.0,-618.0,16832.0,350.0,0.0,27288.0,49.0,Pass
l2922.txm,70.9404,752.0,754.0,133.0,0.0,553.0,101.0,1177.0,9524.0,9068.0,-2089.0,25.0,16212.0,20368.0,137.0,16420.0,338.0,0.0,27114.0,49.0,Pass
l2922.txm,71.9863,751.0,751.0,134.0,0.0,545.0,101.0,1181.0,9519.0,9119.0,-989.0,25.0,16083.0,20192.0,12.0,16532.0,352.0,0.0,27070.0,49.0,Pass
l2922.txm,72.9795,752.0,754.0,134.0,0.0,547.0,101.0,1186.0,9514.0,9124.0,-1329.0,25.0,16392.0,20218.0,11.0,16212.0,348.0,0.0,27086.0,49.0,Pass
l2922.txm,74.0,752.0,752.0,135.0,0.0,578.0,100.0,1193.0,9516.0,9098.0,-485.0,23.0,16555.0,20288.0,-315.0,15940.0,345.0,1.0,27264.0,49.0,Pass
l2922.txm,75.0205,752.0,753.0,132.0,0.0,656.0,101.0,1197.0,9570.0,8975.0,-1260.0,23.0,16648.0,20086.0,470.0,16738.0,349.0,0.0,27604.0,49.0,Pass
l2922.txm,76.04,752.0,753.0,132.0,0.0,747.0,101.0,1193.0,9571.0,8988.0,190.0,21.0,17023.0,19862.0,548.0,15958.0,356.0,0.0,27614.0,50.0,Pass
l2922.txm,77.0605,752.0,753.0,132.0,0.0,835.0,101.0,1183.0,9472.0,9026.0,147.0,21.0,16610.0,19822.0,26.0,16424.0,350.0,1.0,27806.0,50.0,Pass
l2922.txm,78.0898,751.0,754.0,131.0,0.0,965.0,100.0,1188.0,9544.0,8993.0,966.0,21.0,16648.0,19320.0,-79.0,16328.0,352.0,0.0,27922.0,50.0,Pass
l2922.txm,79.1016,752.0,752.0,134.0,0.0,1020.0,101.0,1184.0,9466.0,8968.0,270.0,21.0,16755.0,19156.0,-57.0,16378.0,355.0,0.0,27922.0,50.0,Pass
l2922.txm,80.1211,751.0,752.0,132.0,0.0,1027.0,100.0,1184.0,9476.0,8979.0,894.0,21.0,16535.0,19244.0,139.0,16472.0,356.0,0.0,27826.0,50.0,Pass
l2922.txm,81.1406,751.0,753.0,134.0,0.0,1033.0,100.0,1188.0,9470.0,9057.0,583.0,21.0,16816.0,19220.0,252.0,16358.0,355.0,0.0,27796.0,50.0,Pass
l2922.txm,82.1602,751.0,752.0,134.0,0.0,1033.0,101.0,1187.0,9431.0,9040.0,127.0,21.0,16771.0,19214.0,622.0,16252.0,351.0,0.0,27816.0,50.0,Pass
l2922.txm,83.1807,751.0,754.0,132.0,0.0,1036.0,101.0,1185.0,9474.0,8996.0,358.0,22.0,16566.0,19298.0,141.0,16412.0,350.0,0.0,27828.0,50.0,Pass
l2922.txm,84.2266,751.0,753.0,132.0,0.0,1037.0,100.0,1185.0,9438.0,9041.0,489.0,21.0,16440.0,19136.0,-50.0,16352.0,349.0,0.0,27834.0,50.0,Pass
l2922.txm,85.25,752.0,754.0,134.0,0.0,1040.0,101.0,1185.0,9485.0,9029.0,581.0,21.0,16801.0,19138.0,82.0,16380.0,347.0,0.0,28006.0,50.0,Pass
l2922.txm,86.2705,752.0,752.0,133.0,0.0,1041.0,101.0,1184.0,9452.0,9029.0,666.0,21.0,16428.0,19110.0,16.0,16354.0,353.0,0.0,27856.0,50.0,Pass
l2922.txm,87.291,752.0,754.0,134.0,0.0,1042.0,100.0,1185.0,9439.0,9028.0,129.0,21.0,16818.0,19104.0,-38.0,16388.0,344.0,0.0,27858.0,50.0,Pass
l2922.txm,88.3105,751.0,752.0,133.0,0.0,1041.0,101.0,1182.0,9506.0,8962.0,701.0,22.0,16890.0,19108.0,-43.0,16400.0,350.0,1.0,27958.0,50.0,Pass
l2922.txm,89.3311,751.0,752.0,134.0,0.0,1049.0,101.0,1186.0,9510.0,8989.0,496.0,21.0,16725.0,19188.0,66.0,16388.0,357.0,0.0,27818.0,50.0,Pass
l2922.txm,90.3506,752.0,753.0,132.0,0.0,1044.0,102.0,1185.0,9437.0,9092.0,314.0,21.0,16685.0,19212.0,630.0,16574.0,347.0,0.0,28010.0,50.0,Pass
l2922.txm,91.3701,752.0,752.0,134.0,0.0,1045.0,100.0,1183.0,9485.0,8976.0,-1.0,21.0,16491.0,19166.0,60.0,16268.0,348.0,0.0,27830.0,50.0,Pass
l2922.txm,92.3896,752.0,754.0,131.0,0.0,1052.0,100.0,1186.0,9495.0,9039.0,880.0,22.0,16903.0,19342.0,-434.0,16382.0,351.0,0.0,27870.0,50.0,Pass
l2922.txm,93.4102,752.0,752.0,135.0,0.0,1053.0,100.0,1183.0,9509.0,8966.0,189.0,21.0,16675.0,19108.0,26.0,16468.0,349.0,0.0,27860.0,50.0,Pass
l2922.txm,94.4307,751.0,753.0,133.0,0.0,1053.0,100.0,1187.0,9464.0,9056.0,1082.0,21.0,16711.0,19230.0,-486.0,16418.0,348.0,0.0,27822.0,50.0,Pass
l2922.txm,95.4502,752.0,753.0,134.0,0.0,1057.0,100.0,1185.0,9486.0,8956.0,154.0,21.0,16894.0,19164.0,105.0,16292.0,351.0,0.0,27820.0,50.0,Pass
l2922.txm,96.4951,751.0,754.0,134.0,0.0,1054.0,101.0,1184.0,9513.0,8980.0,394.0,21.0,16716.0,19138.0,-70.0,16392.0,356.0,1.0,28004.0,50.0,Pass
l2922.txm,97.5205,751.0,753.0,132.0,0.0,1056.0,101.0,1185.0,9467.0,8971.0,471.0,21.0,16455.0,19114.0,-57.0,16338.0,359.0,0.0,27954.0,50.0,Pass
l2922.txm,98.541,752.0,754.0,134.0,0.0,1054.0,102.0,1184.0,9429.0,9052.0,-80.0,21.0,16934.0,19284.0,544.0,16296.0,345.0,0.0,28010.0,50.0,Pass
l2922.txm,99.5605,752.0,754.0,135.0,0.0,1061.0,100.0,1185.0,9494.0,9008.0,106.0,21.0,16844.0,19206.0,-441.0,16284.0,347.0,0.0,27818.0,50.0,Pass
l2922.txm,100.58,751.0,753.0,135.0,0.0,1057.0,101.0,1184.0,9450.0,9041.0,207.0,21.0,16849.0,19336.0,-441.0,16438.0,345.0,0.0,27858.0,50.0,Pass
l2922.txm,101.602,752.0,754.0,134.0,0.0,1056.0,100.0,1184.0,9458.0,9048.0,872.0,21.0,16530.0,19310.0,470.0,16274.0,351.0,0.0,27876.0,50.0,Pass
l2922.txm,102.699,752.0,753.0,134.0,0.0,1059.0,101.0,1183.0,9454.0,9002.0,492.0,21.0,16869.0,19268.0,-56.0,16192.0,347.0,0.0,27940.0,50.0,Pass
l2922.txm,103.721,753.0,752.0,132.0,0.0,1059.0,101.0,1183.0,9500.0,8967.0,668.0,21.0,16531.0,19198.0,360.0,16284.0,351.0,0.0,27822.0,50.0,Pass
l2922.txm,104.74,751.0,753.0,131.0,0.0,1055.0,100.0,1182.0,9450.0,9053.0,1169.0,21.0,16740.0,19098.0,344.0,16424.0,350.0,0.0,27842.0,50.0,Pass
l2922.txm,105.761,751.0,752.0,134.0,0.0,1060.0,101.0,1185.0,9444.0,9045.0,56.0,22.0,16784.0,19118.0,12.0,16456.0,351.0,0.0,27946.0,50.0,Pass
l2922.txm,106.78,751.0,753.0,133.0,0.0,1057.0,100.0,1183.0,9443.0,9033.0,223.0,21.0,16672.0,19252.0,37.0,16518.0,347.0,0.0,28014.0,50.0,Pass
l2922.txm,107.801,752.0,754.0,131.0,0.0,1059.0,101.0,1185.0,9517.0,8970.0,311.0,22.0,16555.0,19100.0,59.0,16522.0,349.0,0.0,27980.0,50.0,Pass
l2922.txm,108.846,752.0,752.0,133.0,0.0,1059.0,100.0,1188.0,9471.0,9000.0,958.0,22.0,16420.0,19126.0,39.0,16472.0,354.0,0.0,27880.0,50.0,Pass
l2922.txm,109.87,751.0,753.0,135.0,1.0,1053.0,101.0,1184.0,9449.0,9043.0,461.0,22.0,16826.0,19294.0,-39.0,16392.0,345.0,0.0,27998.0,50.0,Pass
l2922.txm,110.891,752.0,752.0,131.0,0.0,1058.0,100.0,1184.0,9512.0,8970.0,1291.0,21.0,16282.0,19336.0,-317.0,16366.0,343.0,0.0,27994.0,50.0,Pass
l2923.txm,57.7793,751.0,753.0,132.0,0.0,763.0,102.0,1215.0,9512.0,9007.0,-220.0,25.0,16120.0,19838.0,-438.0,16690.0,342.0,0.0,27526.0,49.0,Pass
l2923.txm,58.8008,752.0,753.0,132.0,0.0,702.0,100.0,1201.0,9435.0,9070.0,-435.0,25.0,16419.0,19898.0,-258.0,16664.0,351.0,0.0,27516.0,49.0,Pass
l2923.txm,59.8203,752.0,753.0,135.0,0.0,697.0,101.0,1187.0,9483.0,9041.0,-5.0,24.0,16253.0,19890.0,-487.0,16768.0,350.0,0.0,27496.0,50.0,Pass
l2923.txm,60.8408,752.0,753.0,133.0,0.0,684.0,101.0,1184.0,9536.0,8992.0,-505.0,24.0,16331.0,19928.0,-479.0,16720.0,350.0,0.0,27430.0,50.0,Pass
l2923.txm,61.8603,752.0,754.0,133.0,0.0,678.0,100.0,1186.0,9465.0,9092.0,153.0,24.0,16456.0,19938.0,-643.0,16604.0,353.0,0.0,27434.0,50.0,Pass
l2923.txm,62.8789,752.0,754.0,135.0,0.0,668.0,101.0,1185.0,9443.0,9054.0,-276.0,24.0,16444.0,19950.0,-447.0,16542.0,349.0,0.0,27440.0,50.0,Pass
l2923.txm,63.9004,752.0,753.0,134.0,0.0,661.0,101.0,1187.0,9481.0,9033.0,-410.0,24.0,16454.0,19942.0,-327.0,16794.0,347.0,0.0,27500.0,50.0,Pass
l2923.txm,64.9219,752.0,757.0,134.0,0.0,644.0,100.0,1184.0,9511.0,9007.0,-709.0,24.0,16129.0,20080.0,12.0,16496.0,347.0,0.0,27480.0,50.0,Pass
l2923.txm,65.9404,752.0,753.0,135.0,0.0,636.0,100.0,1184.0,9528.0,8997.0,-1207.0,25.0,16560.0,20132.0,-272.0,16694.0,355.0,0.0,27496.0,50.0,Pass
l2923.txm,66.96,752.0,754.0,131.0,0.0,625.0,100.0,1184.0,9450.0,9069.0,-952.0,25.0,16302.0,19996.0,-459.0,16504.0,353.0,0.0,27384.0,50.0,Pass
l2923.txm,68.0049,752.0,754.0,133.0,0.0,613.0,101.0,1183.0,9430.0,9064.0,-1683.0,25.0,16364.0,20134.0,-546.0,16824.0,350.0,0.0,27370.0,50.0,Pass
l2923.txm,68.999,752.0,754.0,134.0,0.0,596.0,101.0,1183.0,9446.0,9077.0,-1121.0,26.0,16207.0,20268.0,-316.0,16392.0,351.0,0.0,27346.0,49.0,Pass
l2923.txm,70.0205,752.0,754.0,132.0,0.0,569.0,101.0,1179.0,9533.0,9061.0,-1494.0,26.0,16100.0,20338.0,-47.0,16572.0,354.0,0.0,27138.0,49.0,Pass
l2923.txm,71.04,752.0,754.0,133.0,0.0,554.0,100.0,1182.0,9503.0,9058.0,-1259.0,25.0,16114.0,20360.0,19.0,16562.0,352.0,0.0,27212.0,49.0,Pass
l2923.txm,72.0635,752.0,754.0,136.0,0.0,540.0,100.0,1185.0,9561.0,9019.0,-1351.0,25.0,16376.0,20454.0,-347.0,16402.0,342.0,0.0,27032.0,49.0,Pass
l2923.txm,73.0801,752.0,754.0,131.0,0.0,551.0,101.0,1189.0,9600.0,9033.0,-309.0,25.0,16138.0,20472.0,-302.0,16168.0,342.0,1.0,27132.0,49.0,Pass
l2923.txm,74.1006,752.0,754.0,134.0,0.0,604.0,100.0,1194.0,9513.0,9153.0,-246.0,22.0,16876.0,20472.0,110.0,15994.0,347.0,0.0,27286.0,49.0,Pass
l2923.txm,75.1201,752.0,753.0,134.0,0.0,677.0,100.0,1191.0,9564.0,9126.0,269.0,20.0,17304.0,19852.0,-447.0,16828.0,338.0,0.0,27638.0,49.0,Pass
l2923.txm,76.1406,752.0,752.0,133.0,0.0,769.0,101.0,1193.0,9527.0,9049.0,534.0,21.0,16950.0,20028.0,32.0,16296.0,345.0,0.0,27722.0,49.0,Pass
l2923.txm,77.1602,752.0,753.0,132.0,0.0,884.0,100.0,1191.0,9480.0,9032.0,590.0,21.0,16680.0,19758.0,142.0,16350.0,351.0,0.0,27830.0,50.0,Pass
l2923.txm,78.1807,752.0,753.0,132.0,0.0,987.0,101.0,1185.0,9550.0,9003.0,1188.0,21.0,16836.0,19438.0,83.0,16246.0,347.0,0.0,27936.0,50.0,Pass
l2923.txm,79.2002,751.0,753.0,131.0,0.0,1022.0,101.0,1188.0,9512.0,8957.0,698.0,21.0,16418.0,19104.0,76.0,16338.0,351.0,0.0,27964.0,50.0,Pass
l2923.txm,80.2441,751.0,754.0,132.0,0.0,1026.0,100.0,1186.0,9517.0,9049.0,911.0,21.0,16820.0,19346.0,59.0,16340.0,342.0,0.0,27868.0,50.0,Pass
l2923.txm,81.2695,751.0,753.0,133.0,0.0,1026.0,100.0,1185.0,9475.0,9025.0,277.0,21.0,16603.0,19152.0,486.0,16392.0,349.0,0.0,27918.0,50.0,Pass
l2923.txm,82.29,751.0,754.0,133.0,0.0,1035.0,101.0,1187.0,9432.0,9055.0,546.0,21.0,16475.0,19288.0,40.0,16400.0,343.0,0.0,28024.0,50.0,Pass
l2923.txm,83.3105,751.0,752.0,131.0,0.0,1037.0,102.0,1184.0,9515.0,9002.0,208.0,22.0,16734.0,19172.0,-38.0,16348.0,346.0,0.0,27900.0,50.0,Pass
l2923.txm,84.3301,752.0,753.0,134.0,0.0,1037.0,101.0,1185.0,9527.0,8976.0,6.0,21.0,16520.0,19184.0,-81.0,16436.0,348.0,0.0,27794.0,50.0,Pass
l2923.txm,85.3506,752.0,753.0,132.0,0.0,1037.0,100.0,1185.0,9494.0,8995.0,350.0,21.0,16617.0,19182.0,-347.0,16422.0,351.0,0.0,27802.0,50.0,Pass
l2923.txm,86.3691,752.0,753.0,133.0,0.0,1042.0,101.0,1188.0,9488.0,9002.0,1212.0,21.0,16802.0,19188.0,133.0,16430.0,349.0,0.0,28012.0,50.0,Pass
l2923.txm,87.415,752.0,753.0,131.0,0.0,1040.0,101.0,1187.0,9528.0,8980.0,718.0,21.0,16794.0,19108.0,60.0,16374.0,351.0,0.0,27982.0,50.0,Pass
l2923.txm,88.4092,751.0,753.0,135.0,0.0,1043.0,100.0,1185.0,9497.0,8981.0,444.0,21.0,16918.0,19106.0,146.0,16350.0,346.0,0.0,27980.0,50.0,Pass
l2923.txm,89.4307,752.0,753.0,133.0,0.0,1044.0,101.0,1184.0,9432.0,9077.0,895.0,21.0,16465.0,19108.0,106.0,16462.0,351.0,0.0,27980.0,50.0,Pass
l2923.txm,90.4502,751.0,753.0,134.0,0.0,1048.0,101.0,1184.0,9484.0,9017.0,568.0,21.0,16905.0,19340.0,-28.0,16438.0,350.0,0.0,27966.0,50.0,Pass
l2923.txm,91.4697,751.0,752.0,132.0,0.0,1046.0,100.0,1183.0,9434.0,9029.0,629.0,21.0,16920.0,19126.0,698.0,16338.0,355.0,0.0,27866.0,50.0,Pass
l2923.txm,92.4902,752.0,754.0,133.0,0.0,1046.0,101.0,1185.0,9521.0,8985.0,825.0,21.0,16799.0,19290.0,508.0,16348.0,352.0,0.0,27924.0,50.0,Pass
l2923.txm,93.5107,752.0,753.0,134.0,0.0,1048.0,100.0,1187.0,9506.0,8956.0,555.0,21.0,16930.0,19272.0,-64.0,16350.0,351.0,0.0,27924.0,50.0,Pass
l2923.txm,94.5293,751.0,753.0,133.0,0.0,1048.0,100.0,1184.0,9496.0,8981.0,522.0,21.0,16560.0,19284.0,153.0,16424.0,352.0,0.0,27818.0,50.0,Pass
l2923.txm,95.5508,752.0,753.0,134.0,0.0,1059.0,101.0,1187.0,9502.0,8996.0,253.0,21.0,16574.0,19124.0,134.0,16418.0,357.0,0.0,27822.0,50.0,Pass
l2923.txm,96.5693,752.0,753.0,134.0,0.0,1052.0,100.0,1186.0,9516.0,8966.0,741.0,21.0,16821.0,19116.0,874.0,16350.0,348.0,0.0,27984.0,50.0,Pass
l2923.txm,97.5908,752.0,754.0,134.0,0.0,1056.0,101.0,1185.0,9433.0,9016.0,316.0,21.0,16712.0,19128.0,740.0,16448.0,344.0,0.0,28008.0,50.0,Pass
l2923.txm,98.6104,752.0,752.0,132.0,0.0,1059.0,100.0,1187.0,9460.0,9038.0,942.0,21.0,16526.0,19118.0,58.0,16544.0,357.0,0.0,27892.0,50.0,Pass
l2923.txm,99.6553,752.0,754.0,132.0,0.0,1063.0,101.0,1187.0,9447.0,9041.0,542.0,21.0,16693.0,19168.0,97.0,16584.0,351.0,0.0,27886.0,50.0,Pass
l2923.txm,100.649,752.0,753.0,133.0,0.0,1059.0,100.0,1187.0,9534.0,8960.0,489.0,21.0,16860.0,19276.0,76.0,16718.0,349.0,0.0,27898.0,50.0,Pass
l2923.txm,101.67,751.0,753.0,134.0,0.0,1053.0,101.0,1184.0,9531.0,9008.0,492.0,21.0,16781.0,19058.0,-269.0,16674.0,356.0,0.0,28000.0,50.0,Pass
l2923.txm,102.69,752.0,753.0,133.0,0.0,1064.0,100.0,1186.0,9430.0,9042.0,120.0,21.0,16757.0,19192.0,77.0,16680.0,343.0,0.0,27894.0,50.0,Pass
l2923.txm,103.71,752.0,754.0,134.0,0.0,1053.0,101.0,1185.0,9460.0,9016.0,351.0,22.0,16695.0,19230.0,912.0,16690.0,349.0,0.0,27870.0,50.0,Pass
l2923.txm,104.73,751.0,753.0,132.0,0.0,1057.0,101.0,1186.0,9474.0,9005.0,671.0,21.0,16925.0,19270.0,656.0,16690.0,344.0,0.0,27888.0,50.0,Pass
l2923.txm,105.749,752.0,754.0,133.0,0.0,1056.0,100.0,1187.0,9427.0,9036.0,382.0,21.0,16393.0,19116.0,-314.0,16756.0,348.0,0.0,28010.0,50.0,Pass
l2923.txm,106.771,752.0,753.0,134.0,0.0,1058.0,100.0,1187.0,9488.0,8976.0,99.0,21.0,16981.0,19136.0,-65.0,16532.0,349.0,0.0,27894.0,50.0,Pass
l2923.txm,107.79,752.0,753.0,131.0,0.0,1058.0,102.0,1187.0,9466.0,9014.0,1027.0,21.0,16907.0,19082.0,-396.0,16620.0,342.0,0.0,27898.0,50.0,Pass
l2923.txm,108.811,751.0,754.0,134.0,0.0,1059.0,102.0,1185.0,9493.0,9002.0,236.0,21.0,16924.0,19082.0,67.0,16582.0,351.0,0.0,27880.0,50.0,Pass
l2923.txm,109.83,752.0,753.0,134.0,0.0,1054.0,100.0,1186.0,9441.0,9060.0,623.0,21.0,16718.0,19164.0,334.0,16630.0,359.0,0.0,27876.0,50.0,Pass
l2923.txm,110.851,751.0,753.0,135.0,0.0,1055.0,101.0,1186.0,9455.0,8989.0,377.0,21.0,16741.0,19266.0,-347.0,16596.0,344.0,0.0,28046.0,50.0,Pass
l2924.txm,57.7305,752.0,753.0,133.0,0.0,839.0,101.0,1191.0,9456.0,9047.0,444.0,25.0,16120.0,19780.0,-931.0,16476.0,352.0,0.0,27510.0,49.0,Pass
l2924.txm,58.7803,752.0,753.0,132.0,0.0,716.0,100.0,1217.0,9443.0,9068.0,-581.0,25.0,16167.0,19898.0,-390.0,16470.0,351.0,0.0,27500.0,49.0,Pass
l2924.txm,59.7705,752.0,754.0,132.0,0.0,699.0,101.0,1196.0,9512.0,8998.0,-165.0,24.0,16451.0,19906.0,-483.0,16656.0,351.0,0.0,27498.0,49.0,Pass
l2924.txm,60.791,752.0,753.0,134.0,0.0,695.0,100.0,1186.0,9496.0,9050.0,363.0,24.0,16145.0,19942.0,-428.0,16624.0,352.0,0.0,27508.0,50.0,Pass
l2924.txm,61.8105,752.0,753.0,134.0,0.0,675.0,102.0,1184.0,9445.0,9066.0,-949.0,25.0,16188.0,19944.0,-332.0,16544.0,351.0,0.0,27512.0,50.0,Pass
l2924.txm,62.8311,752.0,753.0,134.0,0.0,671.0,101.0,1187.0,9492.0,9064.0,-880.0,24.0,16533.0,19956.0,-463.0,16420.0,347.0,0.0,27504.0,50.0,Pass
l2924.txm,63.8516,752.0,755.0,135.0,0.0,663.0,101.0,1183.0,9524.0,8979.0,-731.0,24.0,16551.0,19942.0,-344.0,16568.0,348.0,0.0,27498.0,50.0,Pass
l2924.txm,64.8711,752.0,752.0,134.0,0.0,648.0,101.0,1184.0,9507.0,8987.0,-1089.0,24.0,16755.0,20032.0,-349.0,16686.0,340.0,0.0,27356.0,50.0,Pass
l2924.txm,65.8916,752.0,754.0,133.0,0.0,639.0,100.0,1187.0,9454.0,9026.0,-1355.0,25.0,16436.0,20024.0,380.0,16574.0,346.0,0.0,27276.0,50.0,Pass
l2924.txm,66.9111,752.0,753.0,133.0,0.0,630.0,100.0,1186.0,9486.0,9029.0,-1138.0,25.0,16233.0,19936.0,139.0,16556.0,343.0,0.0,27506.0,50.0,Pass
l2924.txm,67.9307,752.0,753.0,135.0,0.0,619.0,100.0,1183.0,9445.0,9066.0,-1399.0,25.0,16204.0,19930.0,-437.0,16744.0,347.0,0.0,27412.0,50.0,Pass
l2924.txm,68.9512,751.0,752.0,132.0,0.0,597.0,101.0,1181.0,9526.0,9044.0,-1320.0,26.0,16261.0,20160.0,-634.0,16540.0,354.0,0.0,27276.0,50.0,Pass
l2924.txm,69.9707,751.0,752.0,134.0,0.0,585.0,101.0,1180.0,9520.0,8986.0,-1476.0,26.0,16150.0,20168.0,-715.0,16818.0,350.0,0.0,27258.0,49.0,Pass
l2924.txm,71.0156,752.0,754.0,135.0,0.0,551.0,100.0,1178.0,9489.0,9083.0,-1813.0,26.0,16144.0,20216.0,-389.0,16622.0,352.0,0.0,27114.0,49.0,Pass
l2924.txm,72.0107,751.0,754.0,136.0,0.0,543.0,102.0,1184.0,9554.0,9043.0,-822.0,25.0,16375.0,20382.0,-456.0,16530.0,345.0,0.0,27114.0,49.0,Pass
l2924.txm,73.0957,752.0,753.0,133.0,0.0,544.0,101.0,1184.0,9585.0,9032.0,-375.0,25.0,15947.0,20300.0,-287.0,16444.0,349.0,0.0,27042.0,49.0,Pass
l2924.txm,74.5605,752.0,752.0,135.0,0.0,591.0,102.0,1195.0,9625.0,9049.0,7.0,22.0,16868.0,20278.0,51.0,16082.0,359.0,1.0,27284.0,49.0,Pass
l2924.txm,75.5811,752.0,753.0,131.0,0.0,683.0,100.0,1192.0,9579.0,9033.0,791.0,21.0,16990.0,19906.0,136.0,16606.0,348.0,0.0,27554.0,49.0,Pass
l2924.txm,76.6016,751.0,753.0,134.0,0.0,792.0,100.0,1194.0,9478.0,9057.0,239.0,21.0,17017.0,19938.0,854.0,16224.0,356.0,0.0,27638.0,50.0,Pass
l2924.txm,77.6211,752.0,753.0,135.0,0.0,889.0,102.0,1182.0,9490.0,9007.0,594.0,22.0,16887.0,19752.0,-38.0,16254.0,358.0,1.0,27832.0,50.0,Pass
l2924.txm,78.6416,751.0,754.0,135.0,0.0,998.0,100.0,1188.0,9449.0,9047.0,211.0,21.0,17000.0,19302.0,114.0,16434.0,359.0,1.0,27848.0,50.0,Pass
l2924.txm,79.6611,752.0,753.0,134.0,0.0,1025.0,101.0,1185.0,9504.0,9009.0,478.0,21.0,16843.0,19084.0,-60.0,16456.0,349.0,0.0,27994.0,50.0,Pass
l2924.txm,80.6807,752.0,754.0,132.0,0.0,1034.0,101.0,1183.0,9450.0,9022.0,574.0,21.0,16875.0,19134.0,-32.0,16306.0,349.0,0.0,28040.0,50.0,Pass
l2924.txm,81.7012,751.0,753.0,132.0,0.0,1035.0,101.0,1185.0,9500.0,8969.0,-86.0,21.0,16720.0,19124.0,364.0,16536.0,349.0,0.0,27864.0,50.0,Pass
l2924.txm,82.7207,752.0,753.0,132.0,0.0,1036.0,100.0,1182.0,9456.0,8983.0,331.0,21.0,16724.0,19288.0,-319.0,16558.0,350.0,0.0,28016.0,50.0,Pass
l2924.txm,83.7705,752.0,753.0,134.0,0.0,1041.0,100.0,1184.0,9518.0,9040.0,162.0,21.0,16588.0,19264.0,-88.0,16564.0,347.0,0.0,28028.0,50.0,Pass
l2924.txm,84.791,752.0,753.0,134.0,0.0,1039.0,100.0,1184.0,9429.0,9027.0,-143.0,21.0,16661.0,19150.0,141.0,16488.0,346.0,0.0,27894.0,50.0,Pass
l2924.txm,85.8105,752.0,754.0,133.0,0.0,1042.0,101.0,1184.0,9462.0,8995.0,209.0,21.0,16770.0,19286.0,114.0,16492.0,343.0,1.0,28018.0,50.0,Pass
l2924.txm,86.832,752.0,753.0,132.0,0.0,1046.0,100.0,1184.0,9430.0,9029.0,370.0,21.0,16542.0,19170.0,206.0,16478.0,351.0,0.0,28010.0,50.0,Pass
l2924.txm,87.8506,751.0,752.0,134.0,0.0,1046.0,101.0,1188.0,9435.0,9029.0,253.0,21.0,17060.0,19326.0,456.0,16570.0,351.0,1.0,27998.0,50.0,Pass
l2924.txm,88.8711,752.0,753.0,134.0,0.0,1041.0,100.0,1187.0,9479.0,9022.0,221.0,20.0,16810.0,19088.0,-17.0,16448.0,357.0,0.0,27882.0,50.0,Pass
l2924.txm,89.8916,752.0,753.0,135.0,0.0,1045.0,101.0,1184.0,9432.0,9045.0,124.0,21.0,16991.0,19174.0,-93.0,16514.0,347.0,1.0,27888.0,50.0,Pass
l2924.txm,90.9365,752.0,753.0,134.0,0.0,1046.0,100.0,1187.0,9472.0,8994.0,928.0,21.0,16748.0,19178.0,114.0,16584.0,347.0,0.0,27980.0,50.0,Pass
l2924.txm,91.9307,751.0,753.0,133.0,0.0,1051.0,101.0,1187.0,9505.0,8981.0,127.0,21.0,16884.0,19214.0,-74.0,16614.0,343.0,0.0,27982.0,50.0,Pass
l2924.txm,92.9512,752.0,755.0,133.0,0.0,1052.0,101.0,1184.0,9469.0,8976.0,166.0,20.0,17032.0,19292.0,626.0,16650.0,353.0,0.0,27870.0,50.0,Pass
l2924.txm,93.9707,751.0,753.0,136.0,0.0,1052.0,101.0,1185.0,9447.0,9046.0,471.0,21.0,16893.0,19330.0,-460.0,16602.0,344.0,0.0,28022.0,50.0,Pass
l2924.txm,94.9912,752.0,752.0,134.0,0.0,1052.0,101.0,1184.0,9509.0,8967.0,542.0,21.0,16851.0,19104.0,-390.0,16546.0,346.0,0.0,27994.0,50.0,Pass
l2924.txm,96.041,752.0,753.0,133.0,0.0,1054.0,100.0,1185.0,9506.0,8956.0,406.0,21.0,16724.0,19126.0,-349.0,16630.0,357.0,0.0,28002.0,50.0,Pass
l2924.txm,97.0605,751.0,753.0,133.0,0.0,1057.0,100.0,1186.0,9429.0,9037.0,817.0,21.0,17163.0,19138.0,-303.0,16582.0,352.0,0.0,28006.0,50.0,Pass
l2924.txm,98.0811,751.0,753.0,133.0,0.0,1058.0,101.0,1184.0,9489.0,8983.0,821.0,21.0,16793.0,19160.0,-76.0,16498.0,344.0,0.0,27884.0,50.0,Pass
l2924.txm,99.1006,752.0,754.0,134.0,0.0,1060.0,101.0,1185.0,9410.0,9018.0,421.0,21.0,16944.0,19178.0,270.0,16546.0,352.0,0.0,27870.0,50.0,Pass
l2924.txm,100.121,751.0,754.0,133.0,0.0,1058.0,100.0,1186.0,9424.0,9057.0,366.0,21.0,16878.0,19310.0,744.0,16428.0,353.0,0.0,27998.0,50.0,Pass
l2924.txm,101.141,752.0,753.0,132.0,0.0,1057.0,101.0,1185.0,9471.0,8989.0,568.0,21.0,16831.0,19314.0,894.0,16372.0,355.0,0.0,28002.0,50.0,Pass
l2924.txm,102.161,752.0,753.0,132.0,0.0,1055.0,101.0,1182.0,9425.0,9016.0,399.0,21.0,16790.0,19130.0,-20.0,16426.0,345.0,1.0,27858.0,50.0,Pass
l2924.txm,103.206,752.0,753.0,135.0,0.0,1057.0,100.0,1183.0,9495.0,8955.0,161.0,21.0,16565.0,19224.0,-75.0,16374.0,357.0,0.0,27880.0,50.0,Pass
l2924.txm,104.71,752.0,753.0,134.0,0.0,1062.0,101.0,1186.0,9481.0,9028.0,55.0,21.0,16691.0,19136.0,-352.0,16474.0,343.0,0.0,28010.0,50.0,Pass
l2924.txm,105.73,751.0,752.0,134.0,0.0,1053.0,100.0,1183.0,9462.0,9003.0,512.0,21.0,16830.0,19244.0,-6.0,16506.0,344.0,0.0,28030.0,50.0,Pass
l2924.txm,106.751,751.0,752.0,133.0,0.0,1059.0,101.0,1184.0,9511.0,8990.0,208.0,21.0,17093.0,19100.0,54.0,16408.0,348.0,0.0,28012.0,50.0,Pass
l2924.txm,107.771,752.0,753.0,134.0,0.0,1058.0,100.0,1183.0,9418.0,9029.0,409.0,21.0,16652.0,19294.0,72.0,16526.0,350.0,0.0,27878.0,50.0,Pass
l2924.txm,108.82,752.0,754.0,133.0,0.0,1059.0,101.0,1186.0,9507.0,8974.0,609.0,21.0,16759.0,19186.0,143.0,16618.0,344.0,0.0,28002.0,50.0,Pass
l2924.txm,109.842,751.0,753.0,133.0,0.0,1058.0,100.0,1185.0,9415.0,9035.0,571.0,20.0,16841.0,19312.0,-440.0,16586.0,347.0,0.0,27998.0,50.0,Pass
l2924.txm,110.861,752.0,753.0,134.0,0.0,1057.0,101.0,1184.0,9414.0,9046.0,484.0,21.0,16661.0,19318.0,130.0,16562.0,348.0,0.0,28012.0,50.0,Pass
l2925.txm,57.9482,751.0,754.0,136.0,0.0,796.0,100.0,1195.0,9429.0,9053.0,-181.0,26.0,16403.0,19852.0,27.0,16458.0,351.0,0.0,27484.0,49.0,Pass
l2925.txm,58.9697,751.0,752.0,134.0,0.0,710.0,101.0,1214.0,9520.0,8995.0,-520.0,24.0,16215.0,19912.0,-3.0,16630.0,352.0,0.0,27496.0,49.0,Pass
l2925.txm,60.0186,752.0,753.0,132.0,0.0,693.0,101.0,1193.0,9449.0,9064.0,-956.0,25.0,16471.0,19920.0,-589.0,16576.0,344.0,0.0,27510.0,49.0,Pass
l2925.txm,61.0098,752.0,754.0,132.0,0.0,687.0,100.0,1185.0,9511.0,9001.0,-207.0,24.0,16252.0,19926.0,-878.0,16608.0,344.0,0.0,27502.0,50.0,Pass
l2925.txm,62.0283,752.0,753.0,135.0,0.0,676.0,101.0,1182.0,9457.0,9042.0,-362.0,25.0,16283.0,19920.0,-435.0,16690.0,349.0,0.0,27486.0,50.0,Pass
l2925.txm,63.0488,752.0,753.0,135.0,0.0,663.0,100.0,1186.0,9521.0,8999.0,-324.0,25.0,16339.0,19940.0,-410.0,16748.0,345.0,0.0,27494.0,49.0,Pass
l2925.txm,64.0693,752.0,753.0,133.0,0.0,656.0,100.0,1184.0,9455.0,9051.0,-846.0,25.0,16354.0,19944.0,39.0,16746.0,355.0,0.0,27348.0,49.0,Pass
l2925.txm,65.0898,752.0,753.0,135.0,0.0,640.0,101.0,1184.0,9431.0,9062.0,-1290.0,25.0,16159.0,20012.0,97.0,16600.0,342.0,0.0,27430.0,49.0,Pass
l2925.txm,66.1084,752.0,752.0,132.0,0.0,630.0,101.0,1187.0,9474.0,8990.0,-1404.0,25.0,16502.0,20048.0,14.0,16632.0,347.0,0.0,27266.0,49.0,Pass
l2925.txm,67.1289,752.0,754.0,131.0,0.0,628.0,100.0,1184.0,9508.0,9046.0,-1597.0,26.0,16150.0,19972.0,-469.0,16714.0,352.0,0.0,27446.0,49.0,Pass
l2925.txm,68.1484,752.0,753.0,132.0,0.0,614.0,101.0,1185.0,9520.0,9000.0,-476.0,25.0,16258.0,20028.0,-361.0,16492.0,347.0,0.0,27322.0,49.0,Pass
l2925.txm,69.1699,752.0,753.0,136.0,0.0,595.0,101.0,1184.0,9506.0,9016.0,-1668.0,26.0,16487.0,20210.0,-561.0,16642.0,342.0,0.0,27272.0,49.0,Pass
l2925.txm,70.1885,752.0,754.0,134.0,0.0,564.0,100.0,1173.0,9461.0,9091.0,-1269.0,25.0,16204.0,20236.0,-519.0,16448.0,356.0,0.0,27038.0,49.0,Pass
l2925.txm,71.21,752.0,752.0,135.0,0.0,543.0,101.0,1180.0,9551.0,9055.0,-497.0,24.0,16401.0,20276.0,-395.0,16582.0,351.0,0.0,27132.0,49.0,Pass
l2925.txm,72.2539,752.0,753.0,135.0,0.0,534.0,100.0,1183.0,9578.0,9036.0,-545.0,25.0,15903.0,20246.0,-339.0,16790.0,354.0,0.0,27130.0,49.0,Pass
l2925.txm,73.2686,752.0,755.0,132.0,0.0,548.0,100.0,1187.0,9591.0,9055.0,59.0,24.0,16069.0,20388.0,-480.0,16316.0,350.0,0.0,27060.0,49.0,Pass
l2925.txm,74.29,752.0,753.0,135.0,0.0,586.0,101.0,1194.0,9580.0,9093.0,1119.0,22.0,16613.0,20458.0,156.0,15936.0,347.0,1.0,27386.0,49.0,Pass
l2925.txm,75.3096,752.0,754.0,133.0,0.0,679.0,101.0,1197.0,9563.0,9068.0,559.0,21.0,16973.0,19952.0,280.0,16508.0,352.0,0.0,27556.0,49.0,Pass
l2925.txm,76.3301,751.0,753.0,134.0,0.0,773.0,100.0,1188.0,9497.0,9122.0,327.0,21.0,16638.0,19916.0,120.0,16266.0,344.0,0.0,27760.0,50.0,Pass
l2925.txm,77.3496,752.0,754.0,134.0,0.0,876.0,101.0,1186.0,9528.0,8947.0,839.0,22.0,16472.0,19546.0,720.0,16316.0,342.0,0.0,27828.0,50.0,Pass
l2925.txm,78.3682,752.0,753.0,135.0,0.0,993.0,101.0,1186.0,9503.0,8949.0,-400.0,22.0,16682.0,19260.0,2.0,16682.0,351.0,0.0,27900.0,50.0,Pass
l2925.txm,79.3887,752.0,753.0,133.0,0.0,1027.0,100.0,1182.0,9451.0,8938.0,-159.0,22.0,16778.0,19126.0,-9.0,16564.0,356.0,0.0,28016.0,50.0,Pass
l2925.txm,80.4082,752.0,753.0,132.0,0.0,1032.0,101.0,1187.0,9512.0,8920.0,-357.0,22.0,16707.0,19310.0,40.0,16512.0,353.0,0.0,28026.0,50.0,Pass
l2925.txm,81.4287,752.0,754.0,132.0,0.0,1031.0,101.0,1187.0,9517.0,8998.0,-292.0,21.0,16811.0,19148.0,-340.0,16624.0,349.0,0.0,27898.0,50.0,Pass
l2925.txm,82.4482,752.0,754.0,134.0,0.0,1039.0,101.0,1184.0,9462.0,9008.0,-716.0,22.0,16741.0,19296.0,147.0,16628.0,345.0,0.0,28018.0,50.0,Pass
l2925.txm,83.4687,752.0,753.0,131.0,0.0,1038.0,100.0,1184.0,9448.0,8978.0,-691.0,22.0,16997.0,19210.0,108.0,16440.0,354.0,0.0,28020.0,50.0,Pass
l2925.txm,84.4893,752.0,753.0,135.0,0.0,1040.0,102.0,1189.0,9442.0,9032.0,-846.0,22.0,16690.0,19272.0,143.0,16408.0,354.0,0.0,28034.0,50.0,Pass
l2925.txm,85.5098,751.0,752.0,135.0,0.0,1041.0,101.0,1184.0,9462.0,9054.0,-29.0,22.0,16816.0,19312.0,254.0,16424.0,344.0,0.0,28028.0,50.0,Pass
l2925.txm,86.5283,752.0,754.0,132.0,0.0,1043.0,101.0,1185.0,9486.0,8952.0,-235.0,22.0,16485.0,19330.0,-10.0,16622.0,356.0,0.0,27898.0,50.0,Pass
l2925.txm,87.5498,751.0,754.0,132.0,0.0,1040.0,101.0,1185.0,9517.0,8960.0,-91.0,22.0,16568.0,19284.0,66.0,16468.0,350.0,0.0,28024.0,50.0,Pass
l2925.txm,88.5693,752.0,753.0,134.0,0.0,1044.0,100.0,1185.0,9451.0,9056.0,-467.0,21.0,16721.0,19310.0,-280.0,16490.0,350.0,0.0,28022.0,50.0,Pass
l2925.txm,89.5889,752.0,754.0,132.0,0.0,1046.0,101.0,1185.0,9517.0,8951.0,-871.0,22.0,16775.0,19094.0,-60.0,16514.0,353.0,0.0,28024.0,50.0,Pass
l2925.txm,90.6084,752.0,753.0,131.0,0.0,1049.0,101.0,1186.0,9497.0,8975.0,-466.0,22.0,16658.0,19176.0,155.0,16422.0,347.0,0.0,28044.0,50.0,Pass
l2925.txm,91.6543,752.0,752.0,135.0,0.0,1048.0,100.0,1185.0,9444.0,9044.0,-813.0,22.0,16859.0,19224.0,10.0,16512.0,351.0,0.0,28042.0,50.0,Pass
l2925.txm,92.6484,752.0,752.0,133.0,0.0,1048.0,101.0,1184.0,9464.0,8991.0,-382.0,22.0,16553.0,19130.0,796.0,16546.0,356.0,0.0,28044.0,50.0,Pass
l2925.txm,93.6699,752.0,752.0,133.0,0.0,1051.0,100.0,1184.0,9520.0,8945.0,-75.0,22.0,16449.0,19154.0,4.0,16674.0,352.0,0.0,28036.0,50.0,Pass
l2925.txm,94.6895,752.0,754.0,132.0,0.0,1052.0,101.0,1185.0,9486.0,8974.0,-410.0,22.0,16875.0,19130.0,95.0,16530.0,344.0,0.0,28044.0,50.0,Pass
l2925.txm,95.71,751.0,753.0,134.0,0.0,1055.0,100.0,1185.0,9496.0,8959.0,-109.0,22.0,16934.0,19078.0,63.0,16582.0,352.0,1.0,28036.0,50.0,Pass
l2925.txm,96.7285,751.0,752.0,133.0,0.0,1051.0,101.0,1185.0,9462.0,9010.0,-97.0,22.0,16746.0,19072.0,10.0,16616.0,347.0,0.0,28020.0,50.0,Pass
l2925.txm,97.75,751.0,753.0,133.0,0.0,1055.0,101.0,1185.0,9433.0,9014.0,-667.0,22.0,16787.0,19148.0,97.0,16656.0,354.0,0.0,28030.0,50.0,Pass
l2925.txm,98.7686,752.0,754.0,135.0,0.0,1053.0,101.0,1185.0,9439.0,9024.0,-559.0,22.0,17000.0,19198.0,72.0,16540.0,348.0,0.0,28054.0,50.0,Pass
l2925.txm,99.79,752.0,753.0,134.0,0.0,1054.0,101.0,1184.0,9494.0,8945.0,-551.0,22.0,16786.0,19190.0,174.0,16506.0,344.0,0.0,28050.0,50.0,Pass
l2925.txm,100.81,752.0,753.0,132.0,0.0,1057.0,101.0,1185.0,9456.0,8969.0,-407.0,22.0,16852.0,19298.0,156.0,16468.0,346.0,0.0,28044.0,50.0,Pass
l2925.txm,101.83,751.0,753.0,133.0,0.0,1053.0,100.0,1184.0,9496.0,8960.0,116.0,22.0,16766.0,19294.0,139.0,16466.0,345.0,1.0,28034.0,50.0,Pass
l2925.txm,102.85,752.0,752.0,131.0,0.0,1053.0,102.0,1183.0,9434.0,9020.0,-756.0,22.0,16627.0,19292.0,-76.0,16452.0,343.0,0.0,28022.0,50.0,Pass
l2925.txm,103.895,752.0,752.0,135.0,0.0,1055.0,101.0,1186.0,9444.0,8998.0,-720.0,22.0,16633.0,19110.0,338.0,16640.0,347.0,0.0,27890.0,50.0,Pass
l2925.txm,104.889,752.0,754.0,132.0,0.0,1056.0,101.0,1184.0,9474.0,9023.0,-192.0,22.0,16487.0,19208.0,324.0,16642.0,348.0,0.0,28030.0,50.0,Pass
l2925.txm,105.909,752.0,753.0,133.0,0.0,1057.0,101.0,1184.0,9480.0,8963.0,-514.0,22.0,16605.0,19090.0,762.0,16668.0,356.0,0.0,27878.0,50.0,Pass
l2925.txm,106.93,752.0,753.0,135.0,0.0,1057.0,100.0,1185.0,9429.0,9008.0,-405.0,22.0,16453.0,19080.0,272.0,16636.0,352.0,0.0,27880.0,50.0,Pass
l2925.txm,107.949,752.0,753.0,131.0,0.0,1054.0,101.0,1184.0,9487.0,8972.0,-176.0,22.0,16355.0,19068.0,410.0,16656.0,356.0,0.0,27894.0,50.0,Pass
l2925.txm,108.97,752.0,753.0,133.0,0.0,1053.0,100.0,1184.0,9516.0,8947.0,-325.0,22.0,16834.0,19286.0,462.0,16692.0,346.0,0.0,28034.0,50.0,Pass
l2925.txm,109.989,752.0,753.0,135.0,0.0,1057.0,100.0,1185.0,9501.0,8956.0,-639.0,22.0,16806.0,19268.0,-68.0,16688.0,354.0,0.0,28038.0,50.0,Pass
l2925.txm,111.01,752.0,753.0,135.0,0.0,1058.0,101.0,1184.0,9507.0,8955.0,-948.0,22.0,16740.0,19174.0,426.0,16576.0,346.0,0.0,28034.0,50.0,Pass
l2926.txm,57.3008,751.0,753.0,134.0,0.0,843.0,101.0,1188.0,9432.0,9083.0,703.0,24.0,16525.0,19758.0,-950.0,16678.0,349.0,0.0,27556.0,49.0,Pass
l2926.txm,58.3203,752.0,754.0,133.0,0.0,721.0,100.0,1219.0,9520.0,8981.0,-998.0,25.0,16155.0,19894.0,-563.0,16634.0,353.0,0.0,27522.0,49.0,Pass
l2926.txm,59.3701,752.0,753.0,134.0,0.0,696.0,100.0,1199.0,9446.0,9049.0,-213.0,23.0,16642.0,19898.0,-503.0,16742.0,344.0,0.0,27526.0,49.0,Pass
l2926.txm,60.3603,752.0,754.0,136.0,0.0,689.0,101.0,1184.0,9510.0,8993.0,-828.0,24.0,16551.0,19926.0,-330.0,16560.0,340.0,0.0,27516.0,50.0,Pass
l2926.txm,61.3809,752.0,753.0,132.0,0.0,679.0,101.0,1182.0,9484.0,9031.0,-701.0,24.0,16500.0,19928.0,-292.0,16770.0,352.0,0.0,27508.0,50.0,Pass
l2926.txm,62.4004,751.0,752.0,132.0,0.0,671.0,100.0,1185.0,9514.0,9031.0,-333.0,24.0,16420.0,19924.0,-426.0,16780.0,343.0,0.0,27504.0,50.0,Pass
l2926.txm,63.4219,752.0,754.0,134.0,0.0,663.0,101.0,1186.0,9437.0,9064.0,-1199.0,24.0,16387.0,19942.0,110.0,16594.0,346.0,0.0,27452.0,50.0,Pass
l2926.txm,64.4404,752.0,753.0,132.0,0.0,652.0,101.0,1183.0,9469.0,9057.0,-364.0,25.0,16246.0,19958.0,-660.0,16762.0,347.0,0.0,27502.0,50.0,Pass
l2926.txm,65.46,752.0,752.0,133.0,0.0,639.0,100.0,1190.0,9447.0,9040.0,-1757.0,25.0,16584.0,20100.0,-358.0,16552.0,344.0,0.0,27346.0,50.0,Pass
l2926.txm,66.4805,752.0,753.0,132.0,0.0,630.0,100.0,1187.0,9476.0,9009.0,-1124.0,25.0,16136.0,20180.0,-259.0,16496.0,342.0,0.0,27376.0,50.0,Pass
l2926.txm,67.5,752.0,753.0,136.0,0.0,613.0,101.0,1182.0,9497.0,9045.0,-1202.0,25.0,16160.0,19914.0,-293.0,16672.0,351.0,0.0,27394.0,50.0,Pass
l2926.txm,68.5205,752.0,753.0,135.0,0.0,602.0,100.0,1180.0,9465.0,9030.0,-1338.0,26.0,16067.0,20170.0,476.0,16458.0,357.0,0.0,27256.0,49.0,Pass
l2926.txm,69.54,752.0,754.0,133.0,0.0,582.0,101.0,1178.0,9425.0,9098.0,-1026.0,26.0,16196.0,20276.0,-741.0,16592.0,354.0,0.0,27338.0,49.0,Pass
l2926.txm,70.5605,752.0,753.0,132.0,0.0,558.0,101.0,1179.0,9473.0,9108.0,-1482.0,27.0,15706.0,20122.0,49.0,16778.0,347.0,0.0,27214.0,49.0,Pass
l2926.txm,71.6055,752.0,754.0,133.0,0.0,542.0,100.0,1182.0,9520.0,9095.0,-1210.0,25.0,16396.0,20322.0,-608.0,16568.0,347.0,0.0,27086.0,49.0,Pass
l2926.txm,72.5996,751.0,753.0,132.0,0.0,546.0,102.0,1190.0,9502.0,9117.0,-1154.0,24.0,16014.0,20402.0,-364.0,16386.0,359.0,0.0,27124.0,49.0,Pass
l2926.txm,73.6201,752.0,753.0,133.0,0.0,573.0,101.0,1188.0,9518.0,9110.0,-405.0,23.0,16187.0,20394.0,380.0,16148.0,356.0,0.0,27142.0,49.0,Pass
l2926.txm,74.6416,751.0,753.0,135.0,0.0,649.0,100.0,1193.0,9514.0,9121.0,512.0,21.0,16792.0,20084.0,-60.0,16854.0,356.0,0.0,27626.0,49.0,Pass
l2926.txm,75.6602,752.0,753.0,134.0,0.0,724.0,101.0,1194.0,9516.0,9060.0,1162.0,20.0,17003.0,19886.0,252.0,16290.0,352.0,0.0,27626.0,49.0,Pass
l2926.txm,76.6807,752.0,753.0,131.0,0.0,838.0,102.0,1188.0,9515.0,8986.0,439.0,21.0,16854.0,19566.0,-74.0,16448.0,341.0,0.0,27884.0,50.0,Pass
l2926.txm,77.7002,751.0,752.0,132.0,0.0,936.0,101.0,1184.0,9439.0,9032.0,772.0,22.0,16541.0,19296.0,-87.0,16284.0,357.0,0.0,27828.0,50.0,Pass
l2926.txm,78.7207,752.0,753.0,131.0,0.0,1019.0,100.0,1188.0,9444.0,9062.0,900.0,21.0,16866.0,19146.0,918.0,16328.0,345.0,0.0,27988.0,50.0,Pass
l2926.txm,79.7402,752.0,753.0,134.0,0.0,1027.0,102.0,1184.0,9444.0,9019.0,810.0,21.0,16570.0,19208.0,264.0,16514.0,350.0,0.0,27986.0,50.0,Pass
l2926.txm,80.7607,751.0,754.0,135.0,0.0,1024.0,101.0,1184.0,9516.0,9055.0,310.0,21.0,16891.0,19170.0,750.0,16330.0,351.0,0.0,28016.0,50.0,Pass
l2926.txm,81.7803,751.0,753.0,132.0,0.0,1029.0,102.0,1184.0,9499.0,8961.0,556.0,21.0,16474.0,19196.0,122.0,16510.0,351.0,1.0,28012.0,50.0,Pass
l2926.txm,82.8008,751.0,753.0,131.0,0.0,1036.0,101.0,1183.0,9532.0,9015.0,902.0,21.0,16645.0,19118.0,56.0,16524.0,355.0,0.0,27874.0,50.0,Pass
l2926.txm,83.8203,752.0,752.0,134.0,0.0,1042.0,101.0,1185.0,9492.0,9041.0,-44.0,21.0,16809.0,19308.0,124.0,16236.0,354.0,0.0,28020.0,50.0,Pass
l2926.txm,84.8408,752.0,753.0,134.0,0.0,1037.0,101.0,1186.0,9474.0,9048.0,-272.0,21.0,16913.0,19324.0,137.0,16412.0,350.0,0.0,27956.0,50.0,Pass
l2926.txm,85.8603,752.0,752.0,136.0,0.0,1039.0,100.0,1186.0,9459.0,9022.0,482.0,21.0,16975.0,19342.0,46.0,16376.0,345.0,0.0,27868.0,50.0,Pass
l2926.txm,86.8809,752.0,753.0,132.0,0.0,1041.0,100.0,1183.0,9472.0,9039.0,539.0,21.0,16766.0,19094.0,17.0,16238.0,356.0,0.0,27966.0,50.0,Pass
l2926.txm,87.9004,752.0,754.0,135.0,0.0,1042.0,100.0,1186.0,9435.0,9024.0,66.0,21.0,17014.0,19110.0,-74.0,16234.0,347.0,0.0,27982.0,50.0,Pass
l2926.txm,88.9209,752.0,752.0,135.0,0.0,1047.0,101.0,1186.0,9441.0,9036.0,351.0,22.0,16743.0,19286.0,82.0,16418.0,356.0,0.0,27814.0,50.0,Pass
l2926.txm,89.9404,751.0,753.0,134.0,0.0,1047.0,100.0,1186.0,9526.0,8986.0,355.0,21.0,17067.0,19330.0,6.0,16366.0,352.0,0.0,27844.0,50.0,Pass
l2926.txm,90.9863,752.0,754.0,131.0,0.0,1043.0,101.0,1184.0,9464.0,9037.0,797.0,21.0,16791.0,19160.0,46.0,16274.0,348.0,0.0,27828.0,50.0,Pass
l2926.txm,91.9795,752.0,753.0,132.0,0.0,1052.0,100.0,1184.0,9450.0,9039.0,1030.0,21.0,16724.0,19172.0,2.0,16278.0,343.0,0.0,27836.0,50.0,Pass
l2926.txm,93.0,752.0,752.0,132.0,0.0,1046.0,100.0,1183.0,9491.0,8957.0,449.0,21.0,16567.0,19240.0,132.0,16446.0,349.0,0.0,28008.0,50.0,Pass
l2926.txm,94.0205,751.0,754.0,131.0,0.0,1050.0,101.0,1184.0,9475.0,9012.0,721.0,21.0,16616.0,19180.0,142.0,16352.0,347.0,0.0,27924.0,50.0,Pass
l2926.txm,95.04,752.0,753.0,133.0,0.0,1055.0,100.0,1187.0,9482.0,8996.0,123.0,21.0,16917.0,19290.0,-302.0,16386.0,343.0,0.0,28030.0,50.0,Pass
l2926.txm,96.0693,752.0,753.0,132.0,0.0,1054.0,102.0,1185.0,9478.0,9006.0,645.0,22.0,16577.0,19214.0,-80.0,16394.0,345.0,0.0,28018.0,50.0,Pass
l2926.txm,97.0918,751.0,754.0,134.0,0.0,1049.0,100.0,1185.0,9426.0,9033.0,154.0,21.0,16660.0,19198.0,-287.0,16520.0,349.0,0.0,27830.0,50.0,Pass
l2926.txm,98.1103,752.0,753.0,134.0,0.0,1051.0,100.0,1183.0,9497.0,9003.0,359.0,21.0,16736.0,19258.0,129.0,16476.0,350.0,0.0,27992.0,50.0,Pass
l2926.txm,99.1348,752.0,753.0,133.0,0.0,1052.0,101.0,1183.0,9474.0,9014.0,495.0,21.0,16799.0,19214.0,56.0,16496.0,349.0,0.0,27998.0,50.0,Pass
l2926.txm,100.151,752.0,753.0,132.0,0.0,1053.0,100.0,1186.0,9486.0,8992.0,471.0,21.0,16908.0,19180.0,324.0,16406.0,346.0,1.0,27838.0,50.0,Pass
l2926.txm,101.172,751.0,754.0,131.0,0.0,1054.0,100.0,1184.0,9489.0,9004.0,906.0,22.0,16578.0,19286.0,782.0,16336.0,343.0,1.0,27836.0,50.0,Pass
l2926.txm,102.19,752.0,754.0,131.0,0.0,1059.0,100.0,1185.0,9429.0,9053.0,1238.0,21.0,16629.0,19322.0,-420.0,16306.0,344.0,0.0,27984.0,50.0,Pass
l2926.txm,103.235,752.0,754.0,134.0,0.0,1054.0,100.0,1182.0,9431.0,9065.0,334.0,21.0,17050.0,19120.0,-54.0,16388.0,349.0,0.0,27984.0,50.0,Pass
l2926.txm,104.229,752.0,754.0,132.0,0.0,1057.0,101.0,1185.0,9434.0,9047.0,509.0,21.0,16643.0,19318.0,-32.0,16202.0,343.0,1.0,27966.0,50.0,Pass
l2926.txm,105.295,752.0,754.0,132.0,0.0,1054.0,100.0,1184.0,9466.0,8990.0,673.0,21.0,16742.0,19342.0,120.0,16174.0,351.0,1.0,27884.0,50.0,Pass
l2926.txm,106.301,752.0,754.0,131.0,0.0,1060.0,100.0,1185.0,9547.0,8962.0,308.0,21.0,16788.0,19108.0,122.0,16404.0,344.0,0.0,27954.0,50.0,Pass
l2926.txm,107.32,752.0,752.0,133.0,0.0,1053.0,100.0,1184.0,9510.0,8963.0,509.0,21.0,16815.0,19234.0,6.0,16336.0,344.0,0.0,28046.0,50.0,Pass
l2926.txm,108.341,752.0,755.0,135.0,0.0,1055.0,100.0,1184.0,9476.0,8999.0,803.0,22.0,16748.0,19200.0,188.0,16366.0,359.0,0.0,27804.0,50.0,Pass
l2926.txm,109.36,752.0,753.0,131.0,0.0,1054.0,101.0,1185.0,9509.0,8964.0,403.0,21.0,16496.0,19344.0,28.0,16328.0,344.0,0.0,27992.0,50.0,Pass
l2926.txm,110.381,752.0,753.0,132.0,0.0,1051.0,100.0,1183.0,9480.0,8982.0,754.0,21.0,16543.0,19330.0,-265.0,16336.0,344.0,0.0,27850.0,50.0,Pass
l2926.txm,111.4,751.0,753.0,133.0,0.0,1055.0,101.0,1186.0,9534.0,8961.0,464.0,21.0,16756.0,19108.0,150.0,16354.0,344.0,0.0,27868.0,50.0,Pass
l2927.txm,57.7207,752.0,754.0,132.0,0.0,746.0,101.0,1211.0,9503.0,8979.0,-870.0,26.0,16015.0,19846.0,-747.0,16690.0,342.0,0.0,27528.0,49.0,Pass
l2927.txm,58.7393,752.0,753.0,132.0,0.0,703.0,100.0,1212.0,9517.0,8991.0,-583.0,25.0,16305.0,19890.0,-326.0,16784.0,348.0,0.0,27530.0,49.0,Pass
l2927.txm,59.7598,752.0,753.0,134.0,0.0,689.0,100.0,1195.0,9438.0,9051.0,-698.0,25.0,16224.0,19886.0,406.0,16702.0,347.0,0.0,27524.0,50.0,Pass
l2927.txm,60.7793,752.0,753.0,135.0,0.0,683.0,101.0,1180.0,9468.0,9066.0,48.0,24.0,16530.0,19952.0,-384.0,16358.0,356.0,0.0,27500.0,50.0,Pass
l2927.txm,61.7998,751.0,753.0,132.0,0.0,673.0,101.0,1190.0,9491.0,9051.0,-542.0,24.0,16705.0,19952.0,-389.0,16586.0,346.0,0.0,27382.0,50.0,Pass
l2927.txm,62.8193,752.0,753.0,132.0,0.0,666.0,101.0,1184.0,9440.0,9062.0,-903.0,25.0,16377.0,19960.0,478.0,16646.0,351.0,0.0,27506.0,50.0,Pass
l2927.txm,63.8633,752.0,753.0,132.0,0.0,655.0,101.0,1184.0,9508.0,8987.0,-795.0,25.0,16569.0,19974.0,-473.0,16688.0,351.0,0.0,27496.0,50.0,Pass
l2927.txm,64.8896,751.0,752.0,131.0,0.0,642.0,100.0,1184.0,9436.0,9060.0,-810.0,25.0,16176.0,19972.0,-358.0,16578.0,354.0,0.0,27390.0,50.0,Pass
l2927.txm,65.9111,752.0,753.0,134.0,0.0,629.0,101.0,1186.0,9494.0,9031.0,-1293.0,25.0,16234.0,19902.0,-393.0,16540.0,349.0,0.0,27382.0,50.0,Pass
l2927.txm,66.9297,752.0,753.0,132.0,0.0,622.0,102.0,1183.0,9439.0,9082.0,-1325.0,25.0,16399.0,19908.0,-669.0,16880.0,349.0,0.0,27470.0,50.0,Pass
l2927.txm,67.9502,752.0,753.0,135.0,0.0,602.0,100.0,1182.0,9409.0,9049.0,-1197.0,25.0,16085.0,19936.0,-424.0,16580.0,356.0,0.0,27270.0,50.0,Pass
l2927.txm,68.9697,752.0,753.0,132.0,0.0,587.0,100.0,1181.0,9456.0,9046.0,-1390.0,26.0,15834.0,20016.0,-32.0,16886.0,355.0,0.0,27262.0,49.0,Pass
l2927.txm,69.9893,751.0,753.0,134.0,0.0,565.0,100.0,1177.0,9505.0,9080.0,-1362.0,26.0,16009.0,20106.0,-562.0,16738.0,350.0,0.0,27110.0,49.0,Pass
l2927.txm,71.0352,752.0,753.0,135.0,0.0,547.0,101.0,1181.0,9486.0,9107.0,-1637.0,25.0,16420.0,20216.0,-93.0,16624.0,356.0,0.0,27068.0,49.0,Pass
l2927.txm,72.0293,752.0,752.0,131.0,0.0,530.0,100.0,1184.0,9515.0,9058.0,-495.0,25.0,15929.0,20244.0,63.0,16640.0,353.0,0.0,27110.0,49.0,Pass
l2927.txm,73.0508,752.0,753.0,131.0,0.0,562.0,101.0,1190.0,9587.0,9022.0,-1005.0,24.0,15943.0,20372.0,-339.0,16430.0,349.0,0.0,27116.0,49.0,Pass
l2927.txm,74.0693,752.0,753.0,135.0,0.0,617.0,100.0,1196.0,9584.0,9052.0,66.0,22.0,16794.0,20244.0,1458.0,15944.0,357.0,0.0,27560.0,49.0,Pass
l2927.txm,75.0898,751.0,752.0,134.0,0.0,691.0,101.0,1191.0,9506.0,9100.0,201.0,21.0,17034.0,19912.0,278.0,16138.0,354.0,0.0,27598.0,49.0,Pass
l2927.txm,76.1094,752.0,755.0,133.0,0.0,795.0,101.0,1192.0,9468.0,9086.0,570.0,21.0,17090.0,19868.0,652.0,16428.0,354.0,0.0,27750.0,50.0,Pass
l2927.txm,77.1299,752.0,754.0,133.0,0.0,919.0,102.0,1180.0,9439.0,9029.0,665.0,22.0,16161.0,19600.0,-82.0,16512.0,346.0,0.0,27856.0,50.0,Pass
l2927.txm,78.1494,752.0,753.0,132.0,0.0,1002.0,100.0,1192.0,9496.0,8985.0,-289.0,21.0,16802.0,19164.0,18.0,16382.0,361.0,0.0,27980.0,50.0,Pass
l2927.txm,79.1699,752.0,755.0,133.0,0.0,1029.0,101.0,1180.0,9508.0,8922.0,515.0,23.0,16119.0,19164.0,-283.0,16614.0,347.0,0.0,27998.0,50.0,Pass
l2927.txm,80.1895,752.0,754.0,135.0,0.0,1022.0,100.0,1187.0,9539.0,8937.0,-520.0,21.0,16890.0,19126.0,123.0,16528.0,355.0,0.0,27864.0,50.0,Pass
l2927.txm,81.2109,752.0,753.0,131.0,0.0,1031.0,101.0,1183.0,9467.0,8979.0,-513.0,22.0,16683.0,19218.0,-278.0,16510.0,347.0,0.0,28028.0,50.0,Pass
l2927.txm,82.2295,751.0,753.0,132.0,0.0,1033.0,100.0,1185.0,9516.0,8983.0,12.0,22.0,16528.0,19304.0,73.0,16520.0,348.0,0.0,28018.0,50.0,Pass
l2927.txm,83.2754,751.0,753.0,131.0,0.0,1036.0,100.0,1186.0,9455.0,8981.0,-170.0,21.0,16727.0,19272.0,136.0,16374.0,357.0,0.0,27826.0,50.0,Pass
l2927.txm,84.2685,752.0,754.0,132.0,0.0,1037.0,100.0,1186.0,9458.0,8988.0,-526.0,21.0,16870.0,19308.0,-416.0,16276.0,344.0,0.0,27960.0,50.0,Pass
l2927.txm,85.29,752.0,754.0,132.0,0.0,1035.0,100.0,1186.0,9524.0,8999.0,-194.0,22.0,16544.0,19110.0,-351.0,16402.0,354.0,0.0,27884.0,50.0,Pass
l2927.txm,86.3096,752.0,754.0,133.0,0.0,1037.0,101.0,1186.0,9454.0,9039.0,-615.0,21.0,16781.0,19130.0,238.0,16428.0,342.0,0.0,27898.0,50.0,Pass
l2927.txm,87.3301,752.0,752.0,135.0,0.0,1043.0,100.0,1186.0,9535.0,8962.0,-740.0,21.0,16773.0,19104.0,-46.0,16458.0,355.0,0.0,27976.0,50.0,Pass
l2927.txm,88.3789,752.0,754.0,135.0,0.0,1041.0,101.0,1185.0,9488.0,8953.0,-664.0,21.0,16609.0,19110.0,-269.0,16520.0,344.0,0.0,27954.0,50.0,Pass
l2927.txm,89.3994,751.0,753.0,132.0,0.0,1042.0,100.0,1184.0,9520.0,8988.0,-835.0,22.0,16391.0,19106.0,-80.0,16564.0,354.0,0.0,27878.0,50.0,Pass
l2927.txm,90.4209,752.0,753.0,133.0,0.0,1048.0,102.0,1184.0,9525.0,8983.0,-646.0,22.0,16836.0,19352.0,153.0,16392.0,346.0,0.0,27862.0,50.0,Pass
l2927.txm,91.4395,751.0,753.0,135.0,0.0,1048.0,101.0,1183.0,9442.0,9001.0,-249.0,22.0,16801.0,19324.0,-352.0,16410.0,344.0,0.0,27958.0,50.0,Pass
l2927.txm,92.46,751.0,752.0,131.0,0.0,1049.0,100.0,1183.0,9491.0,9001.0,-120.0,22.0,16600.0,19342.0,-356.0,16418.0,349.0,0.0,27878.0,50.0,Pass
l2927.txm,93.4795,751.0,754.0,133.0,0.0,1052.0,101.0,1184.0,9530.0,8973.0,44.0,22.0,16734.0,19326.0,826.0,16418.0,344.0,0.0,27856.0,50.0,Pass
l2927.txm,94.5,752.0,753.0,132.0,0.0,1050.0,101.0,1184.0,9504.0,8968.0,-632.0,22.0,16840.0,19342.0,113.0,16290.0,358.0,0.0,27976.0,50.0,Pass
l2927.txm,95.5459,752.0,754.0,133.0,0.0,1051.0,102.0,1183.0,9478.0,8986.0,-495.0,22.0,16700.0,19088.0,-456.0,16534.0,350.0,0.0,27868.0,50.0,Pass
l2927.txm,96.5391,751.0,754.0,132.0,0.0,1052.0,100.0,1186.0,9439.0,9015.0,-662.0,22.0,16827.0,19110.0,23.0,16234.0,348.0,0.0,27998.0,50.0,Pass
l2927.txm,97.5596,752.0,754.0,134.0,0.0,1052.0,102.0,1185.0,9433.0,8982.0,-869.0,22.0,16697.0,19352.0,-41.0,16518.0,359.0,0.0,27876.0,50.0,Pass
l2927.txm,98.5801,752.0,753.0,133.0,0.0,1051.0,101.0,1185.0,9519.0,8957.0,-411.0,22.0,16614.0,19090.0,155.0,16398.0,344.0,0.0,27846.0,50.0,Pass
l2927.txm,99.5996,751.0,754.0,133.0,0.0,1050.0,100.0,1184.0,9486.0,9006.0,-597.0,22.0,16816.0,19100.0,31.0,16410.0,354.0,0.0,27868.0,50.0,Pass
l2927.txm,100.621,752.0,753.0,135.0,0.0,1058.0,100.0,1184.0,9458.0,9015.0,-695.0,21.0,16946.0,19346.0,-442.0,16340.0,348.0,0.0,27984.0,50.0,Pass
l2927.txm,101.64,752.0,753.0,132.0,0.0,1052.0,101.0,1184.0,9494.0,8955.0,-603.0,22.0,16703.0,19348.0,404.0,16356.0,349.0,0.0,27870.0,50.0,Pass
l2927.txm,102.66,752.0,752.0,135.0,0.0,1055.0,100.0,1184.0,9431.0,9014.0,-698.0,22.0,16839.0,19338.0,99.0,16378.0,347.0,0.0,27878.0,50.0,Pass
l2927.txm,103.68,751.0,754.0,136.0,0.0,1057.0,101.0,1184.0,9449.0,9005.0,-255.0,21.0,16844.0,19094.0,-358.0,16448.0,357.0,0.0,27880.0,50.0,Pass
l2927.txm,104.701,752.0,754.0,133.0,0.0,1054.0,101.0,1185.0,9438.0,9023.0,-671.0,21.0,16761.0,19310.0,808.0,16620.0,342.0,0.0,28014.0,50.0,Pass
l2927.txm,105.721,752.0,753.0,133.0,0.0,1053.0,100.0,1185.0,9497.0,8959.0,-320.0,22.0,16589.0,19310.0,760.0,16320.0,347.0,0.0,28010.0,50.0,Pass
l2927.txm,106.739,752.0,753.0,134.0,0.0,1050.0,101.0,1183.0,9497.0,9018.0,-609.0,22.0,16614.0,19326.0,456.0,16560.0,346.0,0.0,27888.0,50.0,Pass
l2927.txm,107.786,752.0,753.0,132.0,0.0,1058.0,101.0,1185.0,9442.0,9031.0,-752.0,22.0,16432.0,19222.0,-64.0,16250.0,352.0,0.0,27832.0,50.0,Pass
l2927.txm,108.779,752.0,753.0,132.0,0.0,1049.0,101.0,1181.0,9493.0,8967.0,-521.0,21.0,16838.0,19176.0,58.0,16204.0,351.0,0.0,27868.0,50.0,Pass
l2927.txm,109.8,752.0,754.0,131.0,0.0,1053.0,101.0,1184.0,9468.0,9019.0,-178.0,22.0,16811.0,19238.0,159.0,16304.0,346.0,0.0,27848.0,50.0,Pass
l2927.txm,110.819,752.0,754.0,133.0,0.0,1050.0,101.0,1185.0,9443.0,8987.0,-464.0,22.0,16394.0,19286.0,67.0,16432.0,350.0,0.0,27870.0,50.0,Pass
l2928.txm,57.8496,752.0,753.0,133.0,0.0,796.0,101.0,1201.0,9417.0,9054.0,-529.0,26.0,15999.0,19832.0,-46.0,16538.0,344.0,0.0,27532.0,49.0,Pass
l2928.txm,58.8701,752.0,753.0,134.0,0.0,716.0,100.0,1216.0,9436.0,9059.0,-825.0,26.0,15996.0,19866.0,-337.0,16520.0,352.0,0.0,27522.0,49.0,Pass
l2928.txm,59.8906,752.0,753.0,134.0,0.0,699.0,101.0,1196.0,9429.0,9063.0,-441.0,25.0,16170.0,19878.0,-90.0,16624.0,354.0,0.0,27534.0,49.0,Pass
l2928.txm,60.9111,752.0,753.0,132.0,0.0,683.0,101.0,1182.0,9451.0,9032.0,-620.0,25.0,16253.0,19920.0,-340.0,16742.0,342.0,0.0,27450.0,50.0,Pass
l2928.txm,61.96,752.0,755.0,131.0,0.0,676.0,101.0,1184.0,9490.0,9006.0,41.0,25.0,16485.0,19934.0,79.0,16572.0,352.0,0.0,27444.0,50.0,Pass
l2928.txm,62.9492,752.0,753.0,132.0,0.0,671.0,101.0,1187.0,9503.0,8995.0,-348.0,25.0,16157.0,19940.0,-440.0,16580.0,346.0,0.0,27514.0,50.0,Pass
l2928.txm,63.9697,752.0,753.0,133.0,0.0,659.0,101.0,1186.0,9501.0,8989.0,-688.0,25.0,16162.0,19954.0,-520.0,16730.0,348.0,0.0,27506.0,50.0,Pass
l2928.txm,64.9902,752.0,754.0,135.0,0.0,647.0,100.0,1186.0,9417.0,9056.0,-1404.0,26.0,16351.0,20062.0,-460.0,16830.0,344.0,0.0,27378.0,50.0,Pass
l2928.txm,66.0098,752.0,753.0,132.0,0.0,634.0,100.0,1185.0,9454.0,9066.0,-1069.0,26.0,16365.0,19894.0,-401.0,16570.0,353.0,0.0,27486.0,50.0,Pass
l2928.txm,67.0293,752.0,754.0,132.0,0.0,632.0,101.0,1185.0,9497.0,9001.0,-1590.0,26.0,15945.0,19916.0,-332.0,16830.0,358.0,0.0,27450.0,50.0,Pass
l2928.txm,68.0498,752.0,753.0,132.0,0.0,611.0,100.0,1183.0,9512.0,8981.0,-1082.0,26.0,16208.0,20168.0,-674.0,16840.0,348.0,0.0,27354.0,50.0,Pass
l2928.txm,69.0693,752.0,753.0,136.0,0.0,595.0,101.0,1183.0,9449.0,9057.0,-1303.0,26.0,16287.0,20164.0,-9.0,16542.0,355.0,0.0,27334.0,49.0,Pass
l2928.txm,70.0898,752.0,753.0,132.0,0.0,580.0,101.0,1184.0,9437.0,9047.0,-990.0,26.0,16109.0,20250.0,-296.0,16816.0,343.0,0.0,27132.0,49.0,Pass
l2928.txm,71.1094,751.0,753.0,136.0,0.0,554.0,100.0,1179.0,9499.0,9122.0,-744.0,25.0,16178.0,20252.0,-439.0,16752.0,358.0,0.0,27046.0,49.0,Pass
l2928.txm,72.1299,752.0,754.0,133.0,0.0,546.0,100.0,1182.0,9563.0,9027.0,-1008.0,26.0,15917.0,20266.0,-570.0,16754.0,350.0,0.0,27046.0,49.0,Pass
l2928.txm,73.1504,752.0,753.0,135.0,0.0,543.0,102.0,1183.0,9601.0,9024.0,-948.0,25.0,16042.0,20252.0,-397.0,16382.0,346.0,0.0,27102.0,49.0,Pass
l2928.txm,74.1943,751.0,753.0,136.0,1.0,585.0,100.0,1195.0,9582.0,9075.0,5.0,22.0,16853.0,20472.0,64.0,16348.0,345.0,0.0,27300.0,49.0,Pass
l2928.txm,75.1894,752.0,754.0,133.0,0.0,664.0,100.0,1192.0,9577.0,9025.0,524.0,21.0,16992.0,19938.0,-95.0,16886.0,346.0,0.0,27566.0,49.0,Pass
l2928.txm,76.2129,752.0,753.0,135.0,0.0,736.0,101.0,1190.0,9507.0,9073.0,5.0,21.0,16840.0,20004.0,-80.0,16004.0,349.0,0.0,27578.0,49.0,Pass
l2928.txm,77.2295,752.0,753.0,134.0,0.0,842.0,100.0,1188.0,9460.0,9046.0,341.0,22.0,16738.0,19796.0,796.0,16084.0,359.0,0.0,27826.0,50.0,Pass
l2928.txm,78.25,752.0,753.0,133.0,0.0,940.0,101.0,1184.0,9457.0,9003.0,510.0,21.0,17029.0,19460.0,444.0,16276.0,361.0,1.0,27806.0,50.0,Pass
l2928.txm,79.2695,752.0,753.0,133.0,0.0,1018.0,100.0,1185.0,9493.0,8957.0,898.0,21.0,16859.0,19358.0,504.0,16204.0,350.0,0.0,27874.0,50.0,Pass
l2928.txm,80.29,752.0,754.0,132.0,0.0,1030.0,101.0,1186.0,9473.0,9051.0,85.0,21.0,16732.0,19062.0,68.0,16686.0,351.0,0.0,27886.0,50.0,Pass
l2928.txm,81.3096,752.0,752.0,132.0,0.0,1030.0,100.0,1184.0,9465.0,8988.0,175.0,21.0,16961.0,19304.0,98.0,16728.0,357.0,0.0,27886.0,50.0,Pass
l2928.txm,82.3301,752.0,753.0,132.0,0.0,1032.0,101.0,1184.0,9481.0,9031.0,29.0,21.0,16740.0,19132.0,-71.0,16560.0,355.0,0.0,27890.0,50.0,Pass
l2928.txm,83.3496,752.0,754.0,132.0,0.0,1035.0,100.0,1184.0,9422.0,9055.0,242.0,21.0,17029.0,19244.0,-3.0,16434.0,351.0,0.0,28038.0,50.0,Pass
l2928.txm,84.3701,752.0,754.0,135.0,0.0,1035.0,101.0,1182.0,9428.0,9018.0,-392.0,22.0,16642.0,19208.0,54.0,16466.0,355.0,0.0,28036.0,50.0,Pass
l2928.txm,85.3906,752.0,754.0,133.0,0.0,1039.0,101.0,1184.0,9465.0,8972.0,479.0,22.0,16649.0,19082.0,730.0,16600.0,348.0,0.0,28014.0,50.0,Pass
l2928.txm,86.4346,752.0,753.0,131.0,0.0,1044.0,101.0,1185.0,9485.0,8959.0,548.0,21.0,16648.0,19060.0,-325.0,16518.0,351.0,0.0,28032.0,50.0,Pass
l2928.txm,87.46,752.0,752.0,133.0,0.0,1036.0,100.0,1183.0,9428.0,9025.0,159.0,21.0,16819.0,19066.0,-318.0,16578.0,353.0,0.0,28030.0,50.0,Pass
l2928.txm,88.4795,752.0,753.0,136.0,0.0,1039.0,101.0,1182.0,9516.0,8952.0,-80.0,21.0,16944.0,19068.0,133.0,16626.0,351.0,0.0,28014.0,50.0,Pass
l2928.txm,89.502,752.0,754.0,132.0,0.0,1038.0,101.0,1184.0,9421.0,9038.0,290.0,21.0,16648.0,19146.0,-593.0,16602.0,344.0,0.0,27894.0,50.0,Pass
l2928.txm,90.5195,752.0,752.0,135.0,0.0,1045.0,100.0,1184.0,9513.0,8957.0,-26.0,21.0,16877.0,19232.0,-38.0,16600.0,345.0,0.0,28048.0,50.0,Pass
l2928.txm,91.541,752.0,753.0,134.0,0.0,1054.0,101.0,1188.0,9448.0,9013.0,-109.0,21.0,16896.0,19176.0,95.0,16568.0,345.0,0.0,28058.0,50.0,Pass
l2928.txm,92.5596,752.0,753.0,135.0,0.0,1052.0,101.0,1185.0,9451.0,8999.0,-5.0,21.0,16642.0,19136.0,-285.0,16664.0,345.0,0.0,27890.0,50.0,Pass
l2928.txm,93.5801,752.0,753.0,133.0,0.0,1051.0,100.0,1182.0,9469.0,9023.0,757.0,21.0,16615.0,19194.0,-392.0,16660.0,346.0,0.0,28028.0,50.0,Pass
l2928.txm,94.5996,752.0,754.0,133.0,0.0,1049.0,101.0,1184.0,9512.0,8997.0,53.0,21.0,16705.0,19120.0,-474.0,16730.0,346.0,0.0,28026.0,50.0,Pass
l2928.txm,95.6201,751.0,752.0,133.0,0.0,1052.0,101.0,1184.0,9508.0,8956.0,11.0,21.0,17043.0,19072.0,21.0,16608.0,348.0,0.0,28028.0,50.0,Pass
l2928.txm,96.6797,752.0,753.0,135.0,0.0,1052.0,101.0,1184.0,9462.0,8990.0,350.0,21.0,16968.0,19218.0,-59.0,16542.0,349.0,0.0,28044.0,50.0,Pass
l2928.txm,97.6582,752.0,753.0,133.0,0.0,1063.0,100.0,1187.0,9527.0,8956.0,391.0,21.0,16823.0,19118.0,24.0,16596.0,354.0,0.0,27894.0,50.0,Pass
l2928.txm,98.7051,752.0,753.0,133.0,0.0,1049.0,100.0,1184.0,9427.0,9013.0,241.0,21.0,16690.0,19276.0,28.0,16392.0,351.0,0.0,28032.0,50.0,Pass
l2928.txm,99.6982,752.0,753.0,134.0,0.0,1053.0,100.0,1186.0,9475.0,8978.0,130.0,21.0,16562.0,19126.0,156.0,16418.0,345.0,0.0,28028.0,50.0,Pass
l2928.txm,100.72,751.0,754.0,136.0,0.0,1051.0,100.0,1183.0,9499.0,8952.0,205.0,21.0,17063.0,19266.0,62.0,16400.0,346.0,0.0,28028.0,50.0,Pass
l2928.txm,101.739,752.0,753.0,132.0,0.0,1057.0,101.0,1186.0,9436.0,9014.0,356.0,21.0,16826.0,19294.0,-259.0,16442.0,352.0,0.0,28028.0,50.0,Pass
l2928.txm,102.76,751.0,753.0,133.0,0.0,1054.0,101.0,1185.0,9538.0,8962.0,434.0,21.0,16877.0,19228.0,-79.0,16584.0,344.0,0.0,28050.0,50.0,Pass
l2928.txm,103.779,751.0,753.0,133.0,0.0,1056.0,102.0,1186.0,9499.0,8965.0,163.0,21.0,16564.0,19134.0,726.0,16602.0,350.0,0.0,28044.0,50.0,Pass
l2928.txm,104.8,751.0,754.0,134.0,0.0,1055.0,101.0,1186.0,9431.0,9053.0,32.0,21.0,16905.0,19120.0,32.0,16568.0,354.0,0.0,27886.0,50.0,Pass
l2928.txm,105.819,752.0,753.0,134.0,0.0,1054.0,100.0,1184.0,9443.0,9014.0,-186.0,21.0,16792.0,19162.0,109.0,16562.0,353.0,0.0,28046.0,50.0,Pass
l2928.txm,106.841,752.0,753.0,132.0,0.0,1054.0,101.0,1184.0,9451.0,9002.0,592.0,21.0,16646.0,19212.0,95.0,16568.0,354.0,0.0,28046.0,50.0,Pass
l2928.txm,107.859,752.0,753.0,132.0,0.0,1049.0,100.0,1184.0,9440.0,9035.0,142.0,21.0,16570.0,19182.0,90.0,16520.0,353.0,1.0,27882.0,50.0,Pass
l2928.txm,108.88,752.0,753.0,133.0,0.0,1054.0,101.0,1185.0,9482.0,8972.0,385.0,21.0,16773.0,19282.0,101.0,16438.0,351.0,1.0,28046.0,50.0,Pass
l2928.txm,109.899,752.0,753.0,132.0,0.0,1052.0,100.0,1183.0,9439.0,9025.0,402.0,21.0,16742.0,19270.0,85.0,16610.0,349.0,0.0,27888.0,50.0,Pass
l2928.txm,110.965,752.0,753.0,135.0,0.0,1056.0,101.0,1185.0,9489.0,8953.0,156.0,21.0,16968.0,19312.0,-303.0,16596.0,351.0,0.0,27900.0,50.0,Pass
l2928.txm,111.96,752.0,753.0,132.0,0.0,1054.0,100.0,1187.0,9489.0,8955.0,304.0,21.0,16907.0,19078.0,159.0,16554.0,346.0,0.0,28022.0,50.0,Pass
l2929.txm,58.3769,752.0,754.0,135.0,0.0,752.0,101.0,1211.0,9476.0,8985.0,-1358.0,26.0,16437.0,19838.0,-584.0,16546.0,348.0,0.0,27538.0,49.0,Pass
l2929.txm,59.3975,752.0,754.0,135.0,0.0,696.0,100.0,1208.0,9425.0,9051.0,-1118.0,25.0,16164.0,19880.0,-386.0,16662.0,352.0,0.0,27518.0,49.0,Pass
l2929.txm,60.417,752.0,754.0,135.0,0.0,691.0,100.0,1191.0,9487.0,9017.0,-555.0,25.0,16218.0,19884.0,147.0,16810.0,351.0,0.0,27534.0,50.0,Pass
l2929.txm,61.4658,752.0,755.0,135.0,0.0,683.0,101.0,1184.0,9476.0,9062.0,567.0,24.0,16510.0,19948.0,-586.0,16614.0,352.0,0.0,27438.0,50.0,Pass
l2929.txm,62.4873,752.0,755.0,133.0,0.0,671.0,101.0,1187.0,9497.0,8992.0,-486.0,24.0,16397.0,19956.0,-85.0,16546.0,348.0,0.0,27470.0,50.0,Pass
l2929.txm,63.5068,752.0,753.0,133.0,0.0,667.0,100.0,1184.0,9459.0,9031.0,-884.0,25.0,16297.0,19958.0,-340.0,16438.0,346.0,0.0,27516.0,50.0,Pass
l2929.txm,64.5273,751.0,752.0,135.0,0.0,650.0,101.0,1183.0,9452.0,9041.0,-1633.0,25.0,16179.0,19958.0,-446.0,16718.0,355.0,0.0,27440.0,50.0,Pass
l2929.txm,65.5605,752.0,754.0,134.0,0.0,644.0,100.0,1184.0,9483.0,9028.0,-804.0,26.0,16067.0,19956.0,-369.0,16786.0,350.0,0.0,27352.0,50.0,Pass
l2929.txm,66.5674,752.0,753.0,134.0,0.0,625.0,102.0,1187.0,9510.0,8997.0,-1451.0,26.0,16253.0,20134.0,-680.0,16606.0,343.0,0.0,27316.0,50.0,Pass
l2929.txm,67.5869,752.0,754.0,132.0,0.0,623.0,101.0,1183.0,9472.0,9005.0,-1365.0,26.0,16165.0,19974.0,120.0,16514.0,354.0,0.0,27226.0,50.0,Pass
l2929.txm,68.6318,752.0,753.0,133.0,0.0,605.0,102.0,1186.0,9511.0,8994.0,-1284.0,26.0,16351.0,19904.0,-636.0,16746.0,350.0,0.0,27276.0,50.0,Pass
l2929.txm,69.6269,751.0,752.0,132.0,0.0,584.0,100.0,1182.0,9503.0,8999.0,-1133.0,26.0,15955.0,20270.0,-592.0,16676.0,350.0,0.0,27326.0,49.0,Pass
l2929.txm,70.6475,752.0,754.0,136.0,0.0,562.0,101.0,1177.0,9502.0,9089.0,-1464.0,26.0,16032.0,20332.0,-410.0,16706.0,343.0,0.0,27172.0,49.0,Pass
l2929.txm,71.667,752.0,752.0,134.0,0.0,540.0,100.0,1181.0,9467.0,9102.0,-1882.0,26.0,15846.0,20226.0,-638.0,16662.0,357.0,0.0,27130.0,49.0,Pass
l2929.txm,72.6875,752.0,754.0,131.0,0.0,536.0,100.0,1184.0,9492.0,9115.0,-812.0,25.0,16215.0,20294.0,136.0,16466.0,353.0,0.0,27074.0,49.0,Pass
l2929.txm,73.707,752.0,753.0,133.0,0.0,554.0,101.0,1188.0,9608.0,9020.0,-1158.0,24.0,16376.0,20336.0,-314.0,16434.0,346.0,0.0,27120.0,49.0,Pass
l2929.txm,74.7275,752.0,754.0,135.0,0.0,602.0,101.0,1196.0,9617.0,9050.0,427.0,22.0,16759.0,20446.0,1194.0,16098.0,346.0,0.0,27402.0,49.0,Pass
l2929.txm,75.7471,752.0,753.0,131.0,0.0,694.0,100.0,1190.0,9552.0,9016.0,1214.0,21.0,17090.0,19896.0,964.0,16564.0,350.0,0.0,27558.0,49.0,Pass
l2929.txm,76.7676,752.0,754.0,132.0,0.0,795.0,101.0,1189.0,9558.0,8990.0,520.0,22.0,16803.0,19818.0,60.0,16486.0,356.0,0.0,27754.0,50.0,Pass
l2929.txm,77.8789,751.0,752.0,131.0,0.0,891.0,102.0,1187.0,9442.0,8991.0,461.0,22.0,16937.0,19570.0,638.0,16342.0,357.0,0.0,27842.0,50.0,Pass
l2929.txm,78.8975,752.0,754.0,134.0,0.0,999.0,100.0,1185.0,9535.0,8967.0,195.0,21.0,16970.0,19244.0,198.0,16398.0,353.0,0.0,27880.0,50.0,Pass
l2929.txm,79.917,752.0,754.0,135.0,0.0,1027.0,101.0,1185.0,9484.0,9027.0,364.0,22.0,16980.0,19110.0,604.0,16400.0,349.0,0.0,27838.0,50.0,Pass
l2929.txm,80.9619,751.0,753.0,132.0,0.0,1028.0,101.0,1187.0,9531.0,8972.0,85.0,22.0,16793.0,19238.0,-61.0,16290.0,347.0,0.0,27846.0,50.0,Pass
l2929.txm,81.957,752.0,752.0,133.0,0.0,1027.0,100.0,1184.0,9450.0,9015.0,319.0,22.0,16992.0,19358.0,133.0,16422.0,353.0,0.0,27878.0,50.0,Pass
l2929.txm,82.9775,751.0,753.0,134.0,0.0,1030.0,100.0,1184.0,9488.0,8969.0,546.0,21.0,16857.0,19346.0,4.0,16290.0,353.0,0.0,27890.0,50.0,Pass
l2929.txm,83.9971,752.0,753.0,134.0,0.0,1033.0,101.0,1185.0,9436.0,9058.0,503.0,22.0,16770.0,19104.0,43.0,16376.0,350.0,0.0,27852.0,50.0,Pass
l2929.txm,85.0176,752.0,754.0,134.0,0.0,1029.0,100.0,1184.0,9485.0,8984.0,484.0,21.0,16555.0,19322.0,75.0,16358.0,357.0,0.0,27854.0,50.0,Pass
l2929.txm,86.0371,751.0,753.0,134.0,0.0,1033.0,102.0,1184.0,9490.0,8988.0,886.0,22.0,16486.0,19192.0,-91.0,16466.0,345.0,0.0,27836.0,50.0,Pass
l2929.txm,87.0576,752.0,753.0,134.0,0.0,1043.0,102.0,1184.0,9437.0,9023.0,270.0,22.0,16457.0,19266.0,664.0,16306.0,355.0,0.0,27832.0,50.0,Pass
l2929.txm,88.0771,752.0,753.0,132.0,0.0,1044.0,101.0,1184.0,9469.0,9041.0,35.0,22.0,16598.0,19182.0,-394.0,16436.0,345.0,0.0,27816.0,50.0,Pass
l2929.txm,89.0967,752.0,753.0,135.0,0.0,1041.0,100.0,1183.0,9488.0,8992.0,236.0,22.0,16841.0,19098.0,75.0,16570.0,346.0,0.0,27962.0,50.0,Pass
l2929.txm,90.1172,752.0,754.0,132.0,0.0,1040.0,100.0,1185.0,9514.0,9019.0,853.0,22.0,16759.0,19350.0,-58.0,16226.0,344.0,0.0,28002.0,50.0,Pass
l2929.txm,91.1367,752.0,754.0,133.0,0.0,1038.0,102.0,1183.0,9445.0,9049.0,-171.0,21.0,16572.0,19104.0,41.0,16550.0,349.0,0.0,27838.0,50.0,Pass
l2929.txm,92.1924,752.0,754.0,133.0,0.0,1041.0,100.0,1183.0,9464.0,9014.0,595.0,22.0,16550.0,19272.0,508.0,16438.0,345.0,0.0,27998.0,50.0,Pass
l2929.txm,93.2021,752.0,753.0,132.0,0.0,1046.0,101.0,1184.0,9436.0,9066.0,799.0,22.0,16681.0,19252.0,-441.0,16216.0,342.0,0.0,27930.0,50.0,Pass
l2929.txm,94.1963,752.0,754.0,132.0,0.0,1045.0,101.0,1182.0,9502.0,8967.0,401.0,22.0,16922.0,19208.0,-73.0,16472.0,357.0,0.0,28010.0,50.0,Pass
l2929.txm,95.2168,752.0,754.0,133.0,0.0,1049.0,101.0,1184.0,9488.0,8987.0,729.0,21.0,16431.0,19116.0,738.0,16378.0,353.0,0.0,27878.0,50.0,Pass
l2929.txm,96.2393,751.0,752.0,133.0,0.0,1050.0,100.0,1182.0,9436.0,9041.0,583.0,22.0,16464.0,19086.0,-13.0,16340.0,354.0,0.0,27858.0,50.0,Pass
l2929.txm,97.2568,751.0,753.0,134.0,0.0,1049.0,100.0,1183.0,9415.0,9045.0,36.0,22.0,16873.0,19346.0,121.0,16350.0,346.0,0.0,27862.0,50.0,Pass
l2929.txm,98.2773,752.0,753.0,133.0,0.0,1050.0,101.0,1186.0,9496.0,8978.0,797.0,21.0,17024.0,19106.0,-26.0,16258.0,351.0,1.0,27980.0,50.0,Pass
l2929.txm,99.2969,752.0,754.0,132.0,0.0,1046.0,100.0,1183.0,9483.0,9017.0,673.0,22.0,16797.0,19098.0,-336.0,16424.0,343.0,0.0,27862.0,50.0,Pass
l2929.txm,100.317,751.0,753.0,133.0,0.0,1052.0,102.0,1185.0,9532.0,8981.0,728.0,22.0,16530.0,19116.0,76.0,16458.0,346.0,0.0,27826.0,50.0,Pass
l2929.txm,101.337,752.0,753.0,132.0,0.0,1051.0,100.0,1181.0,9450.0,9001.0,466.0,22.0,16296.0,19172.0,-86.0,16312.0,350.0,0.0,28012.0,50.0,Pass
l2929.txm,102.357,752.0,754.0,134.0,0.0,1053.0,101.0,1185.0,9434.0,9028.0,67.0,22.0,16884.0,19342.0,248.0,16390.0,346.0,0.0,27988.0,50.0,Pass
l2929.txm,103.378,752.0,753.0,131.0,0.0,1049.0,100.0,1184.0,9497.0,8995.0,-390.0,22.0,16690.0,19126.0,12.0,16256.0,348.0,0.0,28022.0,50.0,Pass
l2929.txm,104.397,751.0,753.0,132.0,0.0,1051.0,100.0,1183.0,9431.0,9012.0,763.0,22.0,16773.0,19294.0,-12.0,16260.0,356.0,1.0,27822.0,50.0,Pass
l2929.txm,105.442,752.0,752.0,131.0,0.0,1053.0,100.0,1185.0,9507.0,8979.0,924.0,21.0,16826.0,19350.0,-11.0,16256.0,346.0,0.0,28006.0,50.0,Pass
l2929.txm,106.437,752.0,753.0,131.0,0.0,1047.0,100.0,1184.0,9481.0,8994.0,1237.0,21.0,16758.0,19106.0,348.0,16348.0,347.0,0.0,27990.0,50.0,Pass
l2929.txm,107.457,752.0,753.0,134.0,0.0,1057.0,100.0,1187.0,9536.0,8969.0,112.0,22.0,16527.0,19140.0,159.0,16318.0,346.0,0.0,27824.0,50.0,Pass
l2929.txm,108.48,751.0,753.0,135.0,0.0,1046.0,101.0,1184.0,9492.0,9003.0,-5.0,22.0,16674.0,19090.0,-15.0,16238.0,348.0,0.0,27966.0,50.0,Pass
l2929.txm,109.497,752.0,754.0,132.0,0.0,1053.0,102.0,1184.0,9438.0,9006.0,169.0,21.0,16481.0,19356.0,129.0,16210.0,352.0,0.0,27864.0,50.0,Pass
l2929.txm,110.518,752.0,752.0,134.0,0.0,1050.0,100.0,1184.0,9520.0,8979.0,458.0,21.0,16860.0,19104.0,-374.0,16610.0,347.0,0.0,27964.0,50.0,Pass
l2929.txm,111.538,752.0,753.0,131.0,0.0,1055.0,100.0,1186.0,9435.0,9042.0,723.0,22.0,16699.0,19342.0,-285.0,16336.0,349.0,0.0,27970.0,50.0,Pass
l2930.txm,58.7002,752.0,753.0,134.0,0.0,743.0,100.0,1216.0,9431.0,9050.0,-598.0,25.0,16441.0,19862.0,-628.0,16400.0,345.0,0.0,27500.0,49.0,Pass
l2930.txm,59.7187,752.0,754.0,135.0,0.0,702.0,100.0,1213.0,9445.0,9069.0,-61.0,24.0,16779.0,19896.0,50.0,16402.0,356.0,0.0,27508.0,49.0,Pass
l2930.txm,60.7393,752.0,754.0,134.0,0.0,695.0,102.0,1192.0,9434.0,9069.0,-159.0,25.0,16165.0,19902.0,-335.0,16412.0,352.0,0.0,27504.0,50.0,Pass
l2930.txm,61.7588,752.0,753.0,134.0,0.0,683.0,101.0,1181.0,9512.0,8997.0,-487.0,24.0,16552.0,19922.0,137.0,16416.0,348.0,0.0,27502.0,50.0,Pass
l2930.txm,62.7783,752.0,753.0,135.0,0.0,666.0,100.0,1183.0,9441.0,9083.0,-412.0,25.0,16130.0,19924.0,-642.0,16614.0,349.0,0.0,27500.0,50.0,Pass
l2930.txm,63.7988,752.0,754.0,132.0,0.0,666.0,100.0,1188.0,9432.0,9038.0,-36.0,25.0,16482.0,19934.0,-11.0,16578.0,342.0,0.0,27498.0,50.0,Pass
l2930.txm,64.8184,752.0,753.0,135.0,0.0,654.0,100.0,1187.0,9469.0,8998.0,-854.0,25.0,16533.0,19934.0,20.0,16706.0,355.0,0.0,27486.0,50.0,Pass
l2930.txm,65.8389,752.0,753.0,132.0,0.0,636.0,101.0,1181.0,9428.0,9050.0,-1057.0,26.0,16482.0,20022.0,90.0,16460.0,356.0,0.0,27376.0,50.0,Pass
l2930.txm,66.8584,751.0,753.0,136.0,0.0,631.0,101.0,1186.0,9482.0,9004.0,-1546.0,26.0,16427.0,19918.0,-402.0,16596.0,351.0,0.0,27412.0,50.0,Pass
l2930.txm,67.8789,752.0,754.0,134.0,0.0,618.0,100.0,1185.0,9488.0,9062.0,-1426.0,25.0,16480.0,19904.0,42.0,16776.0,348.0,0.0,27332.0,50.0,Pass
l2930.txm,68.9248,752.0,754.0,136.0,0.0,601.0,100.0,1184.0,9471.0,9031.0,-1543.0,26.0,16239.0,20186.0,-609.0,16560.0,350.0,0.0,27262.0,50.0,Pass
l2930.txm,69.9189,752.0,753.0,134.0,0.0,581.0,100.0,1180.0,9446.0,9081.0,-1543.0,26.0,16205.0,20088.0,33.0,16854.0,345.0,0.0,27310.0,49.0,Pass
l2930.txm,70.9395,752.0,754.0,133.0,0.0,562.0,101.0,1181.0,9465.0,9041.0,-1616.0,26.0,16026.0,20152.0,-688.0,16724.0,344.0,0.0,27196.0,49.0,Pass
l2930.txm,71.96,752.0,755.0,133.0,0.0,550.0,101.0,1177.0,9546.0,9052.0,-1282.0,26.0,16115.0,20122.0,-72.0,17024.0,343.0,0.0,27218.0,49.0,Pass
l2930.txm,72.9795,752.0,753.0,131.0,0.0,540.0,100.0,1184.0,9562.0,9026.0,-225.0,25.0,16131.0,20334.0,-428.0,16616.0,354.0,0.0,27062.0,49.0,Pass
l2930.txm,74.0,752.0,753.0,133.0,0.0,551.0,100.0,1187.0,9488.0,9122.0,-541.0,24.0,16023.0,20340.0,-305.0,16294.0,350.0,0.0,27116.0,49.0,Pass
l2930.txm,75.0186,751.0,753.0,133.0,0.0,605.0,100.0,1194.0,9545.0,9086.0,1353.0,22.0,16666.0,20386.0,1244.0,16104.0,342.0,0.0,27510.0,49.0,Pass
l2930.txm,76.0391,752.0,753.0,134.0,0.0,685.0,101.0,1192.0,9572.0,9026.0,-285.0,22.0,16913.0,20094.0,-264.0,16360.0,348.0,0.0,27604.0,49.0,Pass
l2930.txm,77.0586,752.0,753.0,133.0,0.0,796.0,101.0,1188.0,9485.0,9002.0,381.0,22.0,16611.0,19692.0,127.0,16542.0,346.0,1.0,27824.0,50.0,Pass
l2930.txm,78.0791,752.0,753.0,135.0,0.0,888.0,100.0,1185.0,9517.0,8986.0,217.0,22.0,16864.0,19706.0,372.0,16198.0,357.0,0.0,27864.0,50.0,Pass
l2930.txm,79.1631,752.0,753.0,134.0,0.0,1003.0,100.0,1186.0,9457.0,8993.0,155.0,22.0,16804.0,19216.0,338.0,16486.0,351.0,1.0,27982.0,50.0,Pass
l2930.txm,80.1787,751.0,752.0,133.0,0.0,1017.0,101.0,1186.0,9430.0,9006.0,889.0,22.0,16545.0,19078.0,442.0,16446.0,352.0,0.0,27860.0,50.0,Pass
l2930.txm,81.2393,752.0,753.0,135.0,0.0,1018.0,100.0,1186.0,9428.0,9045.0,1351.0,22.0,16775.0,19346.0,880.0,16408.0,351.0,0.0,27972.0,50.0,Pass
l2930.txm,82.2588,751.0,755.0,132.0,0.0,1033.0,100.0,1186.0,9431.0,8951.0,813.0,24.0,15849.0,19190.0,-55.0,16494.0,348.0,0.0,27834.0,50.0,Pass
l2930.txm,83.2783,752.0,754.0,132.0,0.0,1031.0,100.0,1190.0,9467.0,9000.0,-570.0,22.0,16743.0,19092.0,226.0,16364.0,355.0,0.0,27948.0,50.0,Pass
l2930.txm,84.2988,752.0,753.0,134.0,0.0,1032.0,102.0,1187.0,9473.0,8981.0,-40.0,21.0,17022.0,19090.0,48.0,16462.0,352.0,0.0,27966.0,50.0,Pass
l2930.txm,85.3184,752.0,753.0,134.0,0.0,1039.0,100.0,1185.0,9467.0,9012.0,169.0,21.0,16824.0,19150.0,614.0,16398.0,351.0,0.0,27844.0,50.0,Pass
l2930.txm,86.3389,751.0,753.0,131.0,0.0,1036.0,100.0,1184.0,9511.0,9024.0,40.0,21.0,16847.0,19176.0,338.0,16290.0,353.0,0.0,27816.0,50.0,Pass
l2930.txm,87.3594,752.0,753.0,133.0,0.0,1041.0,100.0,1185.0,9425.0,9041.0,-173.0,21.0,17166.0,19346.0,99.0,16256.0,350.0,0.0,27954.0,50.0,Pass
l2930.txm,88.4053,752.0,753.0,132.0,0.0,1042.0,101.0,1184.0,9421.0,8964.0,220.0,21.0,16775.0,19326.0,-305.0,16452.0,345.0,0.0,28004.0,50.0,Pass
l2930.txm,89.3984,751.0,753.0,132.0,0.0,1045.0,100.0,1185.0,9518.0,8975.0,315.0,21.0,16698.0,19270.0,-443.0,16278.0,346.0,0.0,27838.0,50.0,Pass
l2930.txm,90.4189,752.0,753.0,133.0,0.0,1045.0,101.0,1185.0,9443.0,9059.0,-197.0,21.0,16700.0,19262.0,-295.0,16364.0,346.0,0.0,27936.0,50.0,Pass
l2930.txm,91.4385,752.0,753.0,133.0,0.0,1046.0,101.0,1183.0,9515.0,8954.0,-558.0,21.0,17088.0,19336.0,153.0,16364.0,354.0,0.0,27996.0,50.0,Pass
l2930.txm,92.459,752.0,754.0,136.0,0.0,1045.0,100.0,1184.0,9425.0,8986.0,82.0,21.0,16985.0,19088.0,47.0,16356.0,352.0,0.0,27978.0,50.0,Pass
l2930.txm,93.5088,752.0,753.0,133.0,0.0,1042.0,100.0,1184.0,9511.0,8965.0,194.0,21.0,16740.0,19220.0,-260.0,16354.0,356.0,0.0,28004.0,50.0,Pass
l2930.txm,94.5303,752.0,754.0,132.0,0.0,1049.0,101.0,1183.0,9452.0,8982.0,81.0,21.0,16813.0,19120.0,192.0,16328.0,349.0,0.0,28012.0,50.0,Pass
l2930.txm,95.5488,752.0,753.0,135.0,0.0,1047.0,100.0,1184.0,9442.0,9049.0,392.0,21.0,16832.0,19120.0,78.0,16224.0,355.0,0.0,27990.0,50.0,Pass
l2930.txm,96.5684,752.0,754.0,132.0,0.0,1051.0,100.0,1184.0,9519.0,8960.0,-37.0,21.0,16940.0,19306.0,120.0,16524.0,342.0,0.0,27836.0,50.0,Pass
l2930.txm,97.5889,752.0,753.0,135.0,0.0,1051.0,101.0,1184.0,9496.0,8958.0,252.0,21.0,16879.0,19238.0,-271.0,16382.0,352.0,0.0,27822.0,50.0,Pass
l2930.txm,98.6084,751.0,752.0,135.0,0.0,1053.0,100.0,1184.0,9452.0,9008.0,-51.0,21.0,16797.0,19342.0,406.0,16284.0,351.0,0.0,27972.0,50.0,Pass
l2930.txm,99.6289,752.0,753.0,134.0,0.0,1053.0,100.0,1186.0,9501.0,8953.0,-327.0,21.0,16845.0,19092.0,93.0,16170.0,346.0,0.0,27962.0,50.0,Pass
l2930.txm,100.675,752.0,753.0,134.0,0.0,1051.0,100.0,1187.0,9440.0,9009.0,-369.0,21.0,16982.0,19090.0,-42.0,16364.0,345.0,0.0,27878.0,50.0,Pass
l2930.txm,101.669,752.0,753.0,134.0,0.0,1056.0,100.0,1186.0,9439.0,9038.0,-289.0,21.0,17101.0,19274.0,294.0,16462.0,344.0,0.0,27852.0,50.0,Pass
l2930.txm,102.688,752.0,753.0,135.0,0.0,1052.0,101.0,1186.0,9522.0,8986.0,-42.0,21.0,16976.0,19300.0,350.0,16256.0,354.0,1.0,28008.0,50.0,Pass
l2930.txm,103.709,751.0,754.0,131.0,0.0,1055.0,100.0,1187.0,9425.0,9037.0,623.0,21.0,16648.0,19230.0,560.0,16332.0,355.0,0.0,27842.0,50.0,Pass
l2930.txm,104.729,752.0,753.0,133.0,0.0,1061.0,100.0,1183.0,9513.0,8950.0,2.0,21.0,17055.0,19210.0,-408.0,16414.0,349.0,0.0,27876.0,50.0,Pass
l2930.txm,105.778,751.0,754.0,133.0,0.0,1053.0,101.0,1185.0,9442.0,9028.0,219.0,21.0,16875.0,19150.0,54.0,16436.0,358.0,1.0,27998.0,50.0,Pass
l2930.txm,106.8,752.0,752.0,134.0,0.0,1053.0,101.0,1186.0,9462.0,9001.0,-339.0,21.0,17006.0,19094.0,154.0,16334.0,355.0,0.0,27974.0,50.0,Pass
l2930.txm,107.818,752.0,752.0,133.0,0.0,1054.0,100.0,1185.0,9520.0,8969.0,22.0,21.0,16578.0,19106.0,103.0,16508.0,348.0,0.0,28024.0,50.0,Pass
l2930.txm,108.84,752.0,753.0,132.0,0.0,1053.0,101.0,1186.0,9492.0,8962.0,664.0,21.0,16847.0,19352.0,-18.0,16284.0,352.0,0.0,27986.0,50.0,Pass
l2930.txm,109.946,752.0,755.0,135.0,0.0,1056.0,101.0,1186.0,9420.0,9010.0,-176.0,21.0,16905.0,19316.0,-439.0,16436.0,346.0,0.0,28022.0,50.0,Pass
l2930.txm,110.96,752.0,753.0,133.0,0.0,1056.0,101.0,1188.0,9432.0,8988.0,223.0,21.0,16795.0,19226.0,75.0,16590.0,345.0,0.0,27854.0,50.0,Pass
l2930.txm,111.979,752.0,753.0,134.0,0.0,1051.0,100.0,1185.0,9447.0,9007.0,-693.0,21.0,17029.0,19184.0,-19.0,16258.0,357.0,0.0,27988.0,50.0,Pass
l2930.txm,112.999,751.0,753.0,133.0,0.0,1053.0,101.0,1184.0,9510.0,8971.0,384.0,21.0,17107.0,19272.0,-1.0,16272.0,353.0,0.0,27992.0,50.0,Pass
l2931.txm,58.7998,752.0,754.0,132.0,0.0,730.0,102.0,1219.0,9498.0,8974.0,-1203.0,26.0,16156.0,19846.0,70.0,16570.0,349.0,0.0,27522.0,49.0,Pass
l2931.txm,59.7891,752.0,755.0,136.0,0.0,701.0,100.0,1205.0,9489.0,9033.0,-663.0,24.0,16412.0,19888.0,-412.0,16674.0,351.0,0.0,27530.0,49.0,Pass
l2931.txm,60.8086,752.0,753.0,134.0,0.0,689.0,101.0,1191.0,9499.0,9022.0,-538.0,24.0,16576.0,19894.0,27.0,16804.0,346.0,0.0,27530.0,50.0,Pass
l2931.txm,61.8291,752.0,754.0,132.0,0.0,679.0,100.0,1181.0,9448.0,9027.0,465.0,23.0,16828.0,19894.0,-470.0,16652.0,348.0,0.0,27510.0,50.0,Pass
l2931.txm,62.8496,752.0,753.0,132.0,0.0,672.0,101.0,1184.0,9467.0,9082.0,-178.0,24.0,16280.0,19946.0,-314.0,16436.0,343.0,0.0,27524.0,50.0,Pass
l2931.txm,63.8691,752.0,753.0,136.0,0.0,662.0,101.0,1187.0,9495.0,8987.0,-100.0,24.0,16743.0,19948.0,-408.0,16454.0,347.0,0.0,27378.0,50.0,Pass
l2931.txm,64.8896,752.0,753.0,132.0,0.0,654.0,100.0,1184.0,9446.0,9048.0,-907.0,24.0,16665.0,19948.0,-714.0,16616.0,355.0,0.0,27378.0,50.0,Pass
l2931.txm,65.9092,752.0,754.0,135.0,0.0,638.0,100.0,1184.0,9460.0,9017.0,-857.0,25.0,16514.0,20006.0,-16.0,16624.0,344.0,0.0,27306.0,50.0,Pass
l2931.txm,66.9297,752.0,753.0,133.0,0.0,627.0,100.0,1184.0,9453.0,9021.0,-426.0,25.0,16267.0,19910.0,-56.0,16602.0,344.0,0.0,27506.0,50.0,Pass
l2931.txm,67.9492,752.0,753.0,131.0,0.0,619.0,101.0,1184.0,9463.0,9066.0,-1200.0,25.0,16290.0,20152.0,-367.0,16546.0,350.0,0.0,27328.0,50.0,Pass
l2931.txm,68.9697,752.0,754.0,132.0,0.0,601.0,101.0,1181.0,9477.0,9069.0,-1826.0,25.0,16281.0,19998.0,-284.0,16520.0,350.0,0.0,27322.0,50.0,Pass
l2931.txm,69.9893,752.0,754.0,131.0,0.0,582.0,100.0,1183.0,9451.0,9085.0,-1074.0,26.0,15956.0,20032.0,-457.0,16726.0,353.0,0.0,27318.0,49.0,Pass
l2931.txm,71.0342,752.0,753.0,132.0,0.0,558.0,100.0,1178.0,9460.0,9083.0,-2306.0,26.0,15977.0,20320.0,-58.0,16480.0,349.0,0.0,27096.0,49.0,Pass
l2931.txm,72.0293,752.0,753.0,133.0,0.0,536.0,101.0,1178.0,9474.0,9070.0,-1818.0,26.0,16021.0,20386.0,16.0,16700.0,359.0,0.0,27116.0,49.0,Pass
l2931.txm,73.0547,752.0,754.0,133.0,0.0,532.0,100.0,1183.0,9605.0,9050.0,-130.0,25.0,16356.0,20470.0,-588.0,16606.0,346.0,1.0,27108.0,49.0,Pass
l2931.txm,74.0693,752.0,753.0,133.0,0.0,562.0,101.0,1191.0,9566.0,9073.0,-163.0,24.0,15943.0,20316.0,-419.0,16314.0,344.0,0.0,27128.0,49.0,Pass
l2931.txm,75.0908,752.0,753.0,133.0,0.0,608.0,101.0,1197.0,9615.0,9071.0,342.0,21.0,16597.0,20280.0,1016.0,15996.0,354.0,1.0,27492.0,49.0,Pass
l2931.txm,76.1104,752.0,754.0,135.0,0.0,699.0,101.0,1195.0,9518.0,9050.0,694.0,21.0,17283.0,20008.0,392.0,16134.0,346.0,1.0,27582.0,49.0,Pass
l2931.txm,77.1289,752.0,754.0,132.0,0.0,802.0,100.0,1187.0,9444.0,9079.0,394.0,22.0,17037.0,19938.0,154.0,16186.0,352.0,1.0,27802.0,50.0,Pass
l2931.txm,78.1494,752.0,753.0,133.0,0.0,924.0,101.0,1189.0,9450.0,8996.0,839.0,22.0,16510.0,19482.0,87.0,16294.0,348.0,0.0,28018.0,50.0,Pass
l2931.txm,79.1689,752.0,754.0,134.0,0.0,1006.0,100.0,1191.0,9457.0,8961.0,153.0,21.0,16751.0,19268.0,290.0,16474.0,348.0,0.0,28030.0,50.0,Pass
l2931.txm,80.207,752.0,754.0,133.0,0.0,1026.0,101.0,1183.0,9427.0,9057.0,782.0,21.0,16887.0,19270.0,140.0,16552.0,354.0,0.0,28044.0,50.0,Pass
l2931.txm,81.2197,752.0,754.0,134.0,0.0,1028.0,102.0,1184.0,9496.0,9001.0,616.0,21.0,16868.0,19108.0,-264.0,16578.0,347.0,0.0,27898.0,50.0,Pass
l2931.txm,82.2393,752.0,753.0,132.0,0.0,1033.0,101.0,1185.0,9517.0,8955.0,222.0,21.0,16811.0,19166.0,950.0,16652.0,342.0,0.0,27894.0,50.0,Pass
l2931.txm,83.2891,752.0,754.0,133.0,0.0,1034.0,100.0,1182.0,9493.0,8966.0,868.0,21.0,16768.0,19336.0,492.0,16584.0,351.0,1.0,28030.0,50.0,Pass
l2931.txm,84.3096,752.0,755.0,134.0,0.0,1037.0,101.0,1186.0,9524.0,8968.0,189.0,21.0,16892.0,19120.0,686.0,16582.0,355.0,1.0,28024.0,50.0,Pass
l2931.txm,85.3291,752.0,753.0,133.0,0.0,1036.0,100.0,1185.0,9443.0,9026.0,1177.0,21.0,16910.0,19084.0,-37.0,16594.0,350.0,0.0,28020.0,50.0,Pass
l2931.txm,86.3496,752.0,754.0,134.0,0.0,1040.0,101.0,1185.0,9491.0,8979.0,298.0,21.0,17208.0,19238.0,-6.0,16468.0,344.0,0.0,27882.0,50.0,Pass
l2931.txm,87.3691,752.0,752.0,133.0,0.0,1042.0,100.0,1184.0,9472.0,9010.0,261.0,21.0,16745.0,19164.0,352.0,16462.0,343.0,0.0,28046.0,50.0,Pass
l2931.txm,88.3896,752.0,753.0,135.0,0.0,1044.0,101.0,1186.0,9499.0,8987.0,254.0,21.0,16872.0,19114.0,151.0,16482.0,344.0,0.0,27898.0,50.0,Pass
l2931.txm,89.4092,751.0,753.0,135.0,0.0,1045.0,100.0,1184.0,9474.0,9004.0,209.0,21.0,16891.0,19100.0,111.0,16528.0,349.0,0.0,28038.0,50.0,Pass
l2931.txm,90.4551,752.0,753.0,136.0,0.0,1045.0,100.0,1185.0,9432.0,9030.0,763.0,21.0,16879.0,19330.0,370.0,16536.0,346.0,1.0,28026.0,50.0,Pass
l2931.txm,91.4492,752.0,754.0,132.0,0.0,1051.0,102.0,1184.0,9502.0,8956.0,223.0,22.0,16850.0,19222.0,27.0,16486.0,355.0,0.0,27880.0,50.0,Pass
l2931.txm,92.4707,751.0,753.0,131.0,0.0,1043.0,100.0,1184.0,9465.0,9001.0,516.0,22.0,16830.0,19342.0,118.0,16584.0,357.0,1.0,28046.0,50.0,Pass
l2931.txm,93.4893,752.0,753.0,133.0,0.0,1045.0,102.0,1184.0,9454.0,9045.0,783.0,21.0,16579.0,19076.0,-409.0,16602.0,348.0,0.0,28062.0,50.0,Pass
l2931.txm,94.5098,751.0,752.0,132.0,0.0,1053.0,100.0,1186.0,9499.0,8957.0,60.0,21.0,17060.0,19142.0,149.0,16656.0,342.0,0.0,28042.0,50.0,Pass
l2931.txm,95.5547,752.0,754.0,132.0,0.0,1052.0,102.0,1186.0,9490.0,9004.0,-58.0,21.0,16849.0,19334.0,69.0,16426.0,344.0,0.0,28044.0,50.0,Pass
l2931.txm,96.5498,752.0,754.0,135.0,0.0,1051.0,101.0,1186.0,9434.0,9057.0,700.0,21.0,17071.0,19114.0,131.0,16530.0,359.0,0.0,27882.0,50.0,Pass
l2931.txm,97.5703,752.0,754.0,132.0,0.0,1049.0,100.0,1184.0,9496.0,8964.0,665.0,22.0,16500.0,19322.0,-21.0,16396.0,344.0,0.0,28024.0,50.0,Pass
l2931.txm,98.5908,752.0,753.0,132.0,0.0,1051.0,101.0,1186.0,9430.0,9050.0,326.0,21.0,17112.0,19262.0,-2.0,16524.0,344.0,0.0,27886.0,50.0,Pass
l2931.txm,99.6103,752.0,753.0,135.0,0.0,1055.0,101.0,1185.0,9454.0,8983.0,491.0,21.0,16892.0,19198.0,113.0,16538.0,343.0,0.0,28042.0,50.0,Pass
l2931.txm,100.63,752.0,753.0,132.0,0.0,1057.0,100.0,1186.0,9418.0,9028.0,405.0,22.0,17023.0,19062.0,152.0,16660.0,348.0,0.0,28052.0,50.0,Pass
l2931.txm,101.649,752.0,753.0,135.0,0.0,1054.0,102.0,1184.0,9506.0,8953.0,236.0,21.0,16841.0,19192.0,-44.0,16534.0,354.0,0.0,27880.0,50.0,Pass
l2931.txm,102.669,751.0,753.0,134.0,0.0,1059.0,100.0,1187.0,9467.0,8981.0,389.0,21.0,17128.0,19182.0,77.0,16440.0,346.0,0.0,27894.0,50.0,Pass
l2931.txm,103.689,752.0,752.0,131.0,0.0,1052.0,101.0,1186.0,9424.0,9038.0,447.0,21.0,16899.0,19076.0,-77.0,16544.0,348.0,0.0,28028.0,50.0,Pass
l2931.txm,104.709,752.0,754.0,133.0,0.0,1056.0,100.0,1185.0,9436.0,9049.0,149.0,21.0,16776.0,19124.0,92.0,16530.0,356.0,0.0,28046.0,50.0,Pass
l2931.txm,105.729,752.0,752.0,134.0,0.0,1054.0,101.0,1184.0,9455.0,8997.0,742.0,21.0,16904.0,19150.0,50.0,16558.0,347.0,0.0,27890.0,50.0,Pass
l2931.txm,106.749,752.0,754.0,130.0,0.0,1056.0,101.0,1187.0,9428.0,9039.0,654.0,21.0,16927.0,19298.0,-73.0,16554.0,348.0,0.0,28036.0,50.0,Pass
l2931.txm,107.794,752.0,753.0,132.0,0.0,1054.0,101.0,1187.0,9439.0,8994.0,549.0,21.0,16943.0,19302.0,-41.0,16560.0,342.0,0.0,27896.0,50.0,Pass
l2931.txm,108.789,752.0,754.0,134.0,0.0,1050.0,100.0,1185.0,9488.0,8968.0,1031.0,21.0,16607.0,19104.0,110.0,16486.0,348.0,0.0,28052.0,50.0,Pass
l2931.txm,109.81,752.0,753.0,133.0,0.0,1055.0,100.0,1185.0,9433.0,9044.0,449.0,22.0,16578.0,19194.0,-1.0,16564.0,349.0,0.0,28010.0,50.0,Pass
l2931.txm,110.943,752.0,754.0,132.0,0.0,1053.0,101.0,1184.0,9491.0,8972.0,806.0,22.0,17022.0,19314.0,554.0,16748.0,347.0,0.0,28016.0,50.0,Pass
l2932.txm,57.6689,752.0,753.0,131.0,0.0,784.0,101.0,1193.0,9470.0,8947.0,-1508.0,25.0,16278.0,19840.0,-782.0,16346.0,342.0,0.0,27510.0,49.0,Pass
l2932.txm,58.6894,752.0,754.0,132.0,0.0,701.0,101.0,1214.0,9450.0,9052.0,-962.0,24.0,16739.0,19896.0,-355.0,16340.0,344.0,0.0,27522.0,49.0,Pass
l2932.txm,59.709,752.0,755.0,135.0,0.0,695.0,101.0,1198.0,9459.0,9062.0,-546.0,24.0,16731.0,19898.0,-316.0,16664.0,353.0,0.0,27510.0,49.0,Pass
l2932.txm,60.7295,751.0,753.0,131.0,0.0,679.0,100.0,1181.0,9438.0,9046.0,-483.0,25.0,16010.0,19906.0,58.0,16652.0,349.0,0.0,27508.0,50.0,Pass
l2932.txm,61.749,752.0,754.0,136.0,0.0,674.0,101.0,1185.0,9462.0,9046.0,-1840.0,25.0,16543.0,19914.0,-347.0,16726.0,353.0,0.0,27502.0,49.0,Pass
l2932.txm,62.7695,752.0,754.0,136.0,0.0,663.0,100.0,1186.0,9514.0,8980.0,-1866.0,25.0,16411.0,19942.0,-411.0,16532.0,342.0,0.0,27494.0,49.0,Pass
l2932.txm,63.79,751.0,753.0,134.0,0.0,651.0,101.0,1185.0,9493.0,8985.0,-1736.0,25.0,16390.0,19940.0,87.0,16766.0,353.0,0.0,27510.0,49.0,Pass
l2932.txm,64.8105,752.0,752.0,132.0,0.0,641.0,101.0,1188.0,9463.0,9058.0,-1426.0,25.0,16378.0,19916.0,-871.0,16618.0,352.0,0.0,27354.0,49.0,Pass
l2932.txm,65.8291,752.0,754.0,135.0,0.0,632.0,100.0,1185.0,9430.0,9010.0,-2095.0,25.0,16367.0,19946.0,-260.0,16426.0,349.0,1.0,27512.0,49.0,Pass
l2932.txm,66.8496,752.0,753.0,132.0,0.0,618.0,100.0,1184.0,9437.0,9055.0,-1561.0,26.0,16016.0,20066.0,18.0,16404.0,348.0,0.0,27302.0,49.0,Pass
l2932.txm,67.8945,752.0,753.0,132.0,0.0,604.0,100.0,1185.0,9472.0,9030.0,-1791.0,25.0,16300.0,19886.0,-639.0,16896.0,343.0,0.0,27328.0,49.0,Pass
l2932.txm,68.8887,752.0,754.0,135.0,0.0,593.0,100.0,1183.0,9437.0,9086.0,-1203.0,25.0,16464.0,20200.0,11.0,16618.0,345.0,0.0,27274.0,49.0,Pass
l2932.txm,69.9092,752.0,753.0,132.0,0.0,568.0,101.0,1177.0,9425.0,9100.0,-922.0,26.0,15964.0,20052.0,-562.0,16502.0,361.0,0.0,27170.0,49.0,Pass
l2932.txm,70.9287,752.0,754.0,133.0,0.0,548.0,100.0,1178.0,9462.0,9098.0,-732.0,26.0,16250.0,20096.0,-31.0,16640.0,350.0,0.0,27064.0,49.0,Pass
l2932.txm,71.9492,751.0,754.0,136.0,0.0,536.0,101.0,1180.0,9510.0,9095.0,-1010.0,25.0,16106.0,20440.0,52.0,16606.0,347.0,0.0,27102.0,49.0,Pass
l2932.txm,72.9687,752.0,754.0,133.0,0.0,544.0,100.0,1188.0,9560.0,9062.0,-996.0,25.0,16143.0,20402.0,-710.0,16454.0,352.0,0.0,27068.0,49.0,Pass
l2932.txm,73.9893,752.0,752.0,134.0,0.0,583.0,100.0,1195.0,9523.0,9093.0,-458.0,23.0,16578.0,20296.0,-285.0,16170.0,355.0,0.0,27326.0,49.0,Pass
l2932.txm,75.0098,752.0,753.0,132.0,0.0,665.0,101.0,1196.0,9534.0,9105.0,795.0,21.0,17317.0,19914.0,79.0,16546.0,348.0,0.0,27580.0,49.0,Pass
l2932.txm,76.0293,752.0,753.0,132.0,0.0,755.0,100.0,1191.0,9511.0,8977.0,88.0,23.0,16564.0,20074.0,1204.0,15930.0,355.0,1.0,27634.0,50.0,Pass
l2932.txm,77.0488,752.0,753.0,132.0,0.0,849.0,101.0,1183.0,9473.0,9076.0,521.0,22.0,16642.0,19684.0,51.0,16308.0,351.0,0.0,27886.0,50.0,Pass
l2932.txm,78.0693,752.0,753.0,135.0,0.0,973.0,100.0,1190.0,9520.0,9036.0,462.0,22.0,16887.0,19482.0,-47.0,16364.0,344.0,0.0,27858.0,50.0,Pass
l2932.txm,79.0889,751.0,753.0,133.0,0.0,1021.0,101.0,1180.0,9482.0,9030.0,928.0,24.0,15850.0,19350.0,-92.0,16326.0,349.0,0.0,28020.0,50.0,Pass
l2932.txm,80.1338,751.0,753.0,135.0,0.0,1023.0,102.0,1191.0,9500.0,8963.0,-802.0,22.0,16797.0,19308.0,-300.0,16702.0,343.0,0.0,28030.0,50.0,Pass
l2932.txm,81.1289,752.0,755.0,131.0,0.0,1027.0,100.0,1177.0,9432.0,8995.0,-437.0,22.0,16736.0,19062.0,-416.0,16856.0,345.0,0.0,28016.0,50.0,Pass
l2932.txm,82.1504,752.0,754.0,131.0,0.0,1030.0,101.0,1189.0,9490.0,8950.0,-495.0,23.0,16745.0,19268.0,114.0,16592.0,349.0,0.0,28048.0,50.0,Pass
l2932.txm,83.1699,752.0,753.0,135.0,0.0,1034.0,100.0,1177.0,9530.0,8993.0,-176.0,22.0,16769.0,19326.0,-262.0,16626.0,347.0,0.0,28010.0,50.0,Pass
l2932.txm,84.1895,751.0,755.0,131.0,0.0,1032.0,101.0,1193.0,9502.0,9032.0,-1219.0,22.0,16810.0,19316.0,67.0,16594.0,343.0,0.0,27900.0,50.0,Pass
l2932.txm,85.21,752.0,753.0,135.0,0.0,1045.0,101.0,1180.0,9519.0,8922.0,129.0,24.0,16271.0,19270.0,-358.0,16710.0,350.0,0.0,27900.0,50.0,Pass
l2932.txm,86.2295,752.0,754.0,133.0,0.0,1031.0,101.0,1188.0,9471.0,8990.0,-1040.0,22.0,16887.0,19058.0,121.0,16656.0,349.0,0.0,28022.0,50.0,Pass
l2932.txm,87.2754,751.0,753.0,132.0,0.0,1041.0,100.0,1181.0,9506.0,8940.0,471.0,24.0,16144.0,19242.0,-746.0,16686.0,345.0,0.0,28042.0,50.0,Pass
l2932.txm,88.2695,752.0,753.0,135.0,0.0,1040.0,101.0,1193.0,9496.0,8982.0,-563.0,21.0,17175.0,19334.0,374.0,16512.0,354.0,0.0,28030.0,50.0,Pass
l2932.txm,89.29,751.0,752.0,132.0,0.0,1041.0,101.0,1184.0,9494.0,8988.0,780.0,24.0,15888.0,19138.0,-685.0,16660.0,343.0,0.0,28006.0,50.0,Pass
l2932.txm,90.3105,752.0,754.0,132.0,0.0,1037.0,101.0,1188.0,9523.0,8960.0,133.0,21.0,16959.0,19312.0,-295.0,16440.0,344.0,0.0,28016.0,50.0,Pass
l2932.txm,91.3291,752.0,753.0,134.0,0.0,1046.0,101.0,1192.0,9447.0,9033.0,-497.0,22.0,16632.0,19326.0,63.0,16724.0,347.0,0.0,27900.0,50.0,Pass
l2932.txm,92.3496,751.0,752.0,135.0,0.0,1048.0,100.0,1184.0,9546.0,8947.0,-41.0,21.0,16963.0,19232.0,-394.0,16544.0,350.0,0.0,27888.0,50.0,Pass
l2932.txm,93.3691,752.0,754.0,132.0,0.0,1044.0,100.0,1184.0,9462.0,8955.0,-854.0,23.0,16486.0,19066.0,-467.0,16788.0,349.0,0.0,27890.0,50.0,Pass
l2932.txm,94.3887,752.0,753.0,135.0,0.0,1051.0,100.0,1183.0,9462.0,9017.0,-458.0,21.0,16949.0,19272.0,-93.0,16472.0,346.0,0.0,27886.0,50.0,Pass
l2932.txm,95.4102,752.0,753.0,133.0,0.0,1054.0,100.0,1187.0,9482.0,8941.0,65.0,22.0,16864.0,19312.0,510.0,16486.0,353.0,0.0,28018.0,50.0,Pass
l2932.txm,96.4287,752.0,753.0,134.0,0.0,1053.0,101.0,1187.0,9500.0,8951.0,-461.0,21.0,17122.0,19228.0,89.0,16522.0,349.0,1.0,27892.0,50.0,Pass
l2932.txm,97.4492,751.0,753.0,133.0,0.0,1051.0,100.0,1187.0,9433.0,9014.0,-197.0,23.0,16451.0,19180.0,42.0,16620.0,348.0,0.0,28028.0,50.0,Pass
l2932.txm,98.4687,752.0,753.0,133.0,0.0,1054.0,101.0,1186.0,9448.0,9043.0,-58.0,21.0,16798.0,19052.0,-400.0,16706.0,352.0,0.0,28042.0,50.0,Pass
l2932.txm,99.5156,752.0,754.0,131.0,0.0,1052.0,100.0,1187.0,9442.0,9006.0,-686.0,23.0,16546.0,19176.0,-477.0,16690.0,349.0,0.0,27898.0,50.0,Pass
l2932.txm,100.509,751.0,753.0,132.0,0.0,1060.0,101.0,1186.0,9435.0,9016.0,-101.0,21.0,16640.0,19126.0,97.0,16762.0,349.0,0.0,28026.0,50.0,Pass
l2932.txm,101.531,752.0,754.0,132.0,0.0,1053.0,101.0,1187.0,9441.0,9025.0,-661.0,23.0,16619.0,19332.0,-289.0,16636.0,342.0,0.0,28034.0,50.0,Pass
l2932.txm,102.55,752.0,753.0,135.0,0.0,1057.0,100.0,1187.0,9435.0,9032.0,-132.0,21.0,16927.0,19156.0,86.0,16770.0,356.0,0.0,28032.0,50.0,Pass
l2932.txm,103.569,752.0,753.0,132.0,0.0,1048.0,100.0,1185.0,9415.0,9035.0,-1010.0,22.0,16808.0,19290.0,-33.0,16744.0,348.0,1.0,28022.0,50.0,Pass
l2932.txm,104.614,752.0,753.0,131.0,0.0,1054.0,101.0,1187.0,9461.0,9009.0,370.0,21.0,16887.0,19316.0,-352.0,16558.0,351.0,0.0,28038.0,50.0,Pass
l2932.txm,105.639,752.0,752.0,132.0,0.0,1054.0,100.0,1184.0,9449.0,9036.0,-446.0,22.0,16585.0,19180.0,-39.0,16644.0,346.0,0.0,27882.0,50.0,Pass
l2932.txm,106.659,751.0,754.0,135.0,0.0,1051.0,101.0,1188.0,9460.0,9001.0,-70.0,21.0,17182.0,19180.0,-357.0,16598.0,356.0,0.0,27892.0,50.0,Pass
l2932.txm,107.679,751.0,752.0,132.0,0.0,1050.0,101.0,1181.0,9413.0,9006.0,-321.0,22.0,16518.0,19316.0,264.0,16526.0,349.0,0.0,28012.0,50.0,Pass
l2932.txm,108.699,752.0,753.0,132.0,0.0,1053.0,100.0,1187.0,9496.0,8982.0,240.0,21.0,16624.0,19258.0,85.0,16686.0,357.0,0.0,27880.0,50.0,Pass
l2932.txm,109.719,752.0,753.0,135.0,0.0,1051.0,100.0,1181.0,9465.0,8963.0,-399.0,23.0,16625.0,19242.0,99.0,16612.0,347.0,0.0,28038.0,50.0,Pass
l2932.txm,110.739,751.0,754.0,134.0,0.0,1052.0,101.0,1186.0,9511.0,8952.0,-41.0,21.0,16859.0,19098.0,-92.0,16788.0,350.0,0.0,28022.0,50.0,Pass
l2933.txm,57.7617,752.0,753.0,134.0,0.0,754.0,101.0,1207.0,9437.0,9060.0,-283.0,26.0,16012.0,19846.0,-287.0,16444.0,353.0,0.0,27526.0,49.0,Pass
l2933.txm,58.7803,752.0,754.0,134.0,0.0,697.0,100.0,1206.0,9451.0,9069.0,-518.0,25.0,16033.0,19886.0,-698.0,16582.0,353.0,0.0,27530.0,49.0,Pass
l2933.txm,59.833,752.0,754.0,132.0,0.0,685.0,102.0,1187.0,9450.0,9027.0,-218.0,24.0,16539.0,19884.0,-46.0,16814.0,345.0,0.0,27534.0,49.0,Pass
l2933.txm,60.8203,752.0,754.0,132.0,0.0,672.0,101.0,1182.0,9523.0,9011.0,-672.0,24.0,16342.0,19956.0,434.0,16516.0,348.0,0.0,27502.0,50.0,Pass
l2933.txm,61.8418,752.0,753.0,132.0,0.0,671.0,100.0,1190.0,9457.0,9058.0,-405.0,24.0,16591.0,19954.0,-45.0,16420.0,345.0,0.0,27372.0,50.0,Pass
l2933.txm,62.8603,752.0,753.0,135.0,0.0,662.0,101.0,1182.0,9437.0,9062.0,-438.0,24.0,16339.0,19956.0,98.0,16514.0,344.0,0.0,27508.0,50.0,Pass
l2933.txm,63.8809,751.0,754.0,136.0,0.0,651.0,100.0,1189.0,9509.0,9005.0,-884.0,25.0,16568.0,19950.0,-308.0,16756.0,344.0,0.0,27502.0,49.0,Pass
l2933.txm,64.9297,752.0,753.0,133.0,0.0,639.0,101.0,1182.0,9457.0,9041.0,-992.0,25.0,16403.0,19856.0,-456.0,16892.0,349.0,0.0,27438.0,50.0,Pass
l2933.txm,65.9521,752.0,753.0,133.0,0.0,626.0,101.0,1191.0,9453.0,9073.0,-1279.0,25.0,16499.0,20204.0,30.0,16450.0,344.0,0.0,27378.0,49.0,Pass
l2933.txm,67.002,752.0,755.0,132.0,0.0,616.0,100.0,1184.0,9432.0,9067.0,-1076.0,25.0,16171.0,20084.0,-409.0,16494.0,350.0,0.0,27376.0,50.0,Pass
l2933.txm,67.9902,752.0,754.0,136.0,0.0,596.0,101.0,1182.0,9437.0,9066.0,-1372.0,26.0,16186.0,20046.0,-730.0,16656.0,340.0,0.0,27362.0,49.0,Pass
l2933.txm,69.0107,752.0,755.0,132.0,0.0,583.0,100.0,1179.0,9503.0,9040.0,-1240.0,26.0,15855.0,20212.0,31.0,16802.0,355.0,0.0,27252.0,49.0,Pass
l2933.txm,70.0303,752.0,753.0,136.0,0.0,556.0,101.0,1181.0,9472.0,9086.0,-1598.0,26.0,15986.0,20380.0,-523.0,16454.0,350.0,0.0,27228.0,49.0,Pass
l2933.txm,71.0508,752.0,754.0,133.0,0.0,535.0,101.0,1179.0,9499.0,9081.0,-1454.0,26.0,16106.0,20194.0,-281.0,16696.0,349.0,0.0,27182.0,49.0,Pass
l2933.txm,72.0967,752.0,753.0,132.0,0.0,530.0,101.0,1180.0,9486.0,9133.0,-988.0,25.0,16309.0,20476.0,-56.0,16578.0,347.0,1.0,27070.0,49.0,Pass
l2933.txm,73.0908,752.0,754.0,134.0,0.0,551.0,101.0,1193.0,9558.0,9053.0,-472.0,24.0,16603.0,20398.0,-615.0,16120.0,346.0,0.0,27082.0,49.0,Pass
l2933.txm,74.1103,752.0,754.0,132.0,0.0,607.0,101.0,1193.0,9610.0,9048.0,741.0,21.0,16889.0,20242.0,602.0,16116.0,345.0,1.0,27632.0,49.0,Pass
l2933.txm,75.1309,752.0,753.0,131.0,0.0,698.0,101.0,1193.0,9582.0,9021.0,631.0,21.0,16531.0,20136.0,-21.0,16534.0,343.0,0.0,27640.0,49.0,Pass
l2933.txm,76.1709,752.0,754.0,133.0,0.0,790.0,100.0,1192.0,9479.0,9011.0,774.0,22.0,16772.0,19826.0,380.0,16536.0,346.0,0.0,27830.0,50.0,Pass
l2933.txm,77.1904,752.0,753.0,135.0,0.0,916.0,101.0,1187.0,9491.0,8976.0,-513.0,21.0,17195.0,19464.0,18.0,16624.0,347.0,0.0,27900.0,50.0,Pass
l2933.txm,78.2109,752.0,753.0,133.0,0.0,999.0,100.0,1191.0,9501.0,8981.0,319.0,22.0,16624.0,19276.0,-72.0,16482.0,356.0,0.0,27992.0,50.0,Pass
l2933.txm,79.2305,751.0,753.0,134.0,0.0,1019.0,101.0,1187.0,9467.0,9038.0,92.0,21.0,16608.0,19228.0,23.0,16548.0,349.0,0.0,27870.0,50.0,Pass
l2933.txm,80.251,752.0,753.0,132.0,0.0,1024.0,101.0,1186.0,9448.0,9019.0,-161.0,21.0,16709.0,19108.0,103.0,16400.0,349.0,0.0,28006.0,50.0,Pass
l2933.txm,81.2715,752.0,753.0,133.0,0.0,1031.0,101.0,1186.0,9435.0,8956.0,-89.0,21.0,16889.0,19198.0,648.0,16552.0,353.0,0.0,28030.0,50.0,Pass
l2933.txm,82.291,752.0,752.0,133.0,0.0,1032.0,100.0,1187.0,9502.0,8974.0,38.0,21.0,16727.0,19362.0,1.0,16412.0,345.0,0.0,27984.0,50.0,Pass
l2933.txm,83.3105,752.0,754.0,134.0,0.0,1033.0,102.0,1186.0,9477.0,8988.0,-99.0,21.0,17048.0,19296.0,-452.0,16438.0,344.0,0.0,27994.0,50.0,Pass
l2933.txm,84.3555,752.0,753.0,134.0,0.0,1035.0,100.0,1185.0,9467.0,9014.0,-1.0,21.0,16642.0,19078.0,143.0,16382.0,358.0,0.0,27988.0,50.0,Pass
l2933.txm,85.3506,752.0,754.0,134.0,0.0,1033.0,101.0,1185.0,9489.0,8986.0,-168.0,22.0,16981.0,19288.0,2.0,16248.0,356.0,0.0,28000.0,50.0,Pass
l2933.txm,86.3721,752.0,752.0,133.0,0.0,1039.0,101.0,1183.0,9512.0,8971.0,104.0,22.0,16913.0,19098.0,127.0,16488.0,355.0,0.0,27892.0,50.0,Pass
l2933.txm,87.3916,751.0,754.0,133.0,0.0,1036.0,100.0,1185.0,9421.0,8981.0,-156.0,21.0,16957.0,19238.0,152.0,16394.0,353.0,1.0,28010.0,50.0,Pass
l2933.txm,88.4121,752.0,753.0,134.0,0.0,1035.0,101.0,1186.0,9446.0,9026.0,-384.0,21.0,16880.0,19140.0,-65.0,16436.0,353.0,0.0,27990.0,50.0,Pass
l2933.txm,89.4307,751.0,753.0,133.0,0.0,1042.0,101.0,1186.0,9461.0,8995.0,260.0,22.0,16704.0,19146.0,146.0,16364.0,345.0,0.0,27894.0,50.0,Pass
l2933.txm,90.4521,752.0,753.0,131.0,0.0,1045.0,100.0,1184.0,9440.0,9043.0,588.0,22.0,16548.0,19358.0,-477.0,16372.0,345.0,0.0,28020.0,50.0,Pass
l2933.txm,91.4707,752.0,754.0,133.0,0.0,1045.0,102.0,1185.0,9476.0,8978.0,497.0,22.0,16728.0,19326.0,-455.0,16434.0,343.0,0.0,28008.0,50.0,Pass
l2933.txm,92.4902,752.0,754.0,132.0,0.0,1044.0,100.0,1184.0,9477.0,9009.0,-35.0,21.0,17144.0,19100.0,86.0,16336.0,349.0,0.0,27894.0,50.0,Pass
l2933.txm,93.5107,752.0,753.0,135.0,0.0,1045.0,101.0,1184.0,9437.0,8996.0,99.0,21.0,16643.0,19268.0,134.0,16402.0,347.0,0.0,27896.0,50.0,Pass
l2933.txm,94.5371,752.0,754.0,133.0,0.0,1044.0,100.0,1185.0,9524.0,8992.0,64.0,22.0,16707.0,19190.0,79.0,16460.0,354.0,1.0,27998.0,50.0,Pass
l2933.txm,95.5518,752.0,751.0,133.0,0.0,1052.0,101.0,1186.0,9518.0,8976.0,426.0,22.0,17170.0,19098.0,132.0,16380.0,349.0,0.0,27998.0,50.0,Pass
l2933.txm,96.5967,752.0,753.0,132.0,0.0,1052.0,101.0,1185.0,9491.0,8964.0,-59.0,21.0,17038.0,19122.0,120.0,16384.0,361.0,0.0,28020.0,50.0,Pass
l2933.txm,97.5908,752.0,754.0,134.0,0.0,1051.0,101.0,1184.0,9474.0,9023.0,122.0,22.0,16616.0,19132.0,73.0,16352.0,348.0,0.0,28036.0,50.0,Pass
l2933.txm,98.6113,752.0,754.0,133.0,0.0,1048.0,100.0,1186.0,9471.0,8967.0,34.0,21.0,16995.0,19218.0,184.0,16370.0,354.0,1.0,28038.0,50.0,Pass
l2933.txm,99.6309,751.0,752.0,132.0,0.0,1055.0,100.0,1183.0,9499.0,8973.0,532.0,21.0,16791.0,19072.0,152.0,16416.0,361.0,0.0,28036.0,50.0,Pass
l2933.txm,100.65,751.0,753.0,131.0,0.0,1051.0,101.0,1184.0,9519.0,8965.0,561.0,21.0,16812.0,19296.0,31.0,16518.0,342.0,0.0,28010.0,50.0,Pass
l2933.txm,101.672,752.0,753.0,133.0,0.0,1047.0,100.0,1183.0,9422.0,8998.0,100.0,21.0,17130.0,19296.0,149.0,16426.0,346.0,0.0,28042.0,50.0,Pass
l2933.txm,102.691,751.0,753.0,132.0,0.0,1050.0,101.0,1184.0,9445.0,9043.0,90.0,22.0,16741.0,19276.0,-258.0,16464.0,349.0,1.0,27898.0,50.0,Pass
l2933.txm,103.711,752.0,753.0,133.0,0.0,1053.0,101.0,1185.0,9510.0,8968.0,247.0,21.0,16694.0,19244.0,105.0,16422.0,351.0,0.0,28038.0,50.0,Pass
l2933.txm,104.73,752.0,753.0,132.0,0.0,1052.0,101.0,1185.0,9487.0,8966.0,73.0,21.0,16819.0,19074.0,-268.0,16480.0,350.0,0.0,28012.0,50.0,Pass
l2933.txm,105.751,752.0,754.0,132.0,0.0,1055.0,101.0,1185.0,9455.0,8987.0,747.0,21.0,16605.0,19170.0,27.0,16438.0,344.0,0.0,28046.0,50.0,Pass
l2933.txm,106.771,751.0,753.0,132.0,0.0,1054.0,100.0,1183.0,9437.0,8998.0,725.0,21.0,16843.0,19200.0,56.0,16630.0,351.0,1.0,28044.0,50.0,Pass
l2933.txm,107.791,752.0,753.0,132.0,0.0,1050.0,101.0,1183.0,9473.0,8986.0,119.0,21.0,17111.0,19076.0,-508.0,16594.0,353.0,0.0,28014.0,50.0,Pass
l2933.txm,108.837,752.0,754.0,132.0,0.0,1051.0,100.0,1184.0,9493.0,8968.0,653.0,21.0,16990.0,19150.0,129.0,16598.0,345.0,0.0,27892.0,50.0,Pass
l2933.txm,109.832,752.0,753.0,131.0,0.0,1052.0,100.0,1186.0,9494.0,8982.0,435.0,21.0,16988.0,19214.0,-91.0,16466.0,343.0,0.0,28052.0,50.0,Pass
l2933.txm,110.852,752.0,754.0,133.0,0.0,1051.0,101.0,1183.0,9440.0,9033.0,827.0,22.0,16761.0,19076.0,24.0,16556.0,349.0,0.0,27900.0,50.0,Pass
l2934.txm,58.2686,752.0,752.0,135.0,0.0,804.0,100.0,1192.0,9441.0,9047.0,138.0,25.0,16465.0,19792.0,-934.0,16750.0,358.0,0.0,27496.0,49.0,Pass
l2934.txm,59.2881,752.0,754.0,132.0,0.0,711.0,101.0,1216.0,9480.0,9051.0,7.0,25.0,16179.0,19912.0,-288.0,16278.0,348.0,0.0,27510.0,49.0,Pass
l2934.txm,60.3389,751.0,753.0,132.0,0.0,698.0,101.0,1200.0,9508.0,8998.0,-1078.0,25.0,16544.0,19908.0,-369.0,16752.0,351.0,0.0,27514.0,49.0,Pass
l2934.txm,61.3281,752.0,754.0,136.0,0.0,680.0,101.0,1183.0,9522.0,9004.0,768.0,24.0,16351.0,19922.0,-363.0,16494.0,348.0,0.0,27514.0,50.0,Pass
l2934.txm,62.3486,752.0,753.0,135.0,0.0,668.0,100.0,1184.0,9450.0,9010.0,-775.0,25.0,15985.0,19950.0,-65.0,16644.0,347.0,0.0,27514.0,50.0,Pass
l2934.txm,63.3691,752.0,754.0,133.0,0.0,664.0,100.0,1188.0,9500.0,8986.0,-1279.0,25.0,16087.0,19948.0,-452.0,16530.0,350.0,0.0,27512.0,49.0,Pass
l2934.txm,64.3896,752.0,753.0,134.0,0.0,654.0,101.0,1181.0,9470.0,9034.0,-1140.0,25.0,16420.0,19776.0,-85.0,16876.0,342.0,0.0,27484.0,50.0,Pass
l2934.txm,65.4082,752.0,753.0,131.0,0.0,645.0,101.0,1185.0,9459.0,8991.0,-956.0,25.0,16314.0,20066.0,-694.0,16892.0,351.0,0.0,27386.0,50.0,Pass
l2934.txm,66.4287,752.0,754.0,135.0,0.0,635.0,100.0,1186.0,9496.0,8998.0,-1970.0,26.0,16395.0,20032.0,-377.0,16588.0,353.0,0.0,27358.0,50.0,Pass
l2934.txm,67.4482,752.0,753.0,136.0,0.0,617.0,100.0,1181.0,9468.0,9028.0,-1736.0,25.0,16007.0,19906.0,61.0,16854.0,347.0,0.0,27454.0,50.0,Pass
l2934.txm,68.4795,752.0,754.0,135.0,0.0,611.0,100.0,1184.0,9434.0,9063.0,-1401.0,26.0,16134.0,20164.0,-268.0,16876.0,340.0,0.0,27384.0,49.0,Pass
l2934.txm,69.498,752.0,753.0,132.0,0.0,592.0,102.0,1182.0,9424.0,9075.0,-1178.0,26.0,16098.0,20064.0,-509.0,16602.0,342.0,0.0,27372.0,49.0,Pass
l2934.txm,70.5186,752.0,753.0,134.0,0.0,568.0,100.0,1178.0,9440.0,9095.0,-1784.0,26.0,16055.0,20308.0,-282.0,16936.0,360.0,0.0,27116.0,49.0,Pass
l2934.txm,71.5391,752.0,754.0,136.0,0.0,547.0,100.0,1181.0,9458.0,9094.0,-1748.0,26.0,16226.0,20358.0,-452.0,16502.0,350.0,1.0,27182.0,49.0,Pass
l2934.txm,72.585,752.0,753.0,131.0,0.0,533.0,101.0,1180.0,9477.0,9114.0,-826.0,25.0,15858.0,20148.0,-595.0,16680.0,343.0,0.0,27106.0,49.0,Pass
l2934.txm,73.5781,752.0,753.0,135.0,0.0,544.0,101.0,1184.0,9584.0,9044.0,-820.0,25.0,16025.0,20436.0,-324.0,16626.0,348.0,0.0,27110.0,49.0,Pass
l2934.txm,74.5986,752.0,753.0,135.0,0.0,579.0,100.0,1194.0,9512.0,9128.0,-217.0,23.0,16614.0,20248.0,68.0,16046.0,342.0,1.0,27330.0,49.0,Pass
l2934.txm,75.6191,752.0,753.0,131.0,0.0,656.0,101.0,1194.0,9600.0,9051.0,693.0,21.0,17055.0,19866.0,-41.0,16546.0,354.0,0.0,27610.0,49.0,Pass
l2934.txm,76.6387,751.0,753.0,133.0,0.0,752.0,100.0,1192.0,9521.0,9014.0,274.0,22.0,16584.0,19908.0,-42.0,16012.0,360.0,1.0,27566.0,50.0,Pass
l2934.txm,77.6592,752.0,753.0,134.0,0.0,835.0,101.0,1185.0,9513.0,9074.0,967.0,21.0,16994.0,19900.0,38.0,16156.0,349.0,0.0,27760.0,50.0,Pass
l2934.txm,78.6787,752.0,752.0,133.0,0.0,958.0,100.0,1188.0,9456.0,9029.0,274.0,22.0,16982.0,19238.0,150.0,16240.0,345.0,0.0,27954.0,50.0,Pass
l2934.txm,79.6982,751.0,754.0,133.0,0.0,1015.0,100.0,1186.0,9529.0,8976.0,178.0,22.0,16570.0,19226.0,72.0,16270.0,346.0,0.0,27996.0,50.0,Pass
l2934.txm,80.7187,752.0,753.0,134.0,0.0,1022.0,101.0,1188.0,9490.0,9020.0,-428.0,22.0,16664.0,19310.0,-4.0,16514.0,350.0,0.0,27838.0,50.0,Pass
l2934.txm,81.7393,751.0,753.0,133.0,0.0,1018.0,101.0,1184.0,9468.0,8983.0,213.0,22.0,17012.0,19188.0,156.0,16420.0,345.0,0.0,28036.0,50.0,Pass
l2934.txm,82.7793,752.0,753.0,132.0,0.0,1027.0,101.0,1186.0,9436.0,9037.0,520.0,22.0,16526.0,19164.0,103.0,16278.0,342.0,0.0,28012.0,50.0,Pass
l2934.txm,83.8086,752.0,753.0,133.0,0.0,1024.0,101.0,1185.0,9446.0,8989.0,562.0,22.0,16457.0,19372.0,69.0,16248.0,350.0,0.0,27858.0,50.0,Pass
l2934.txm,84.8535,752.0,754.0,131.0,0.0,1027.0,101.0,1184.0,9449.0,9043.0,372.0,22.0,16509.0,19162.0,20.0,16322.0,345.0,1.0,28002.0,50.0,Pass
l2934.txm,85.8486,752.0,753.0,132.0,0.0,1027.0,100.0,1184.0,9472.0,9016.0,368.0,22.0,16511.0,19076.0,148.0,16546.0,346.0,0.0,27984.0,50.0,Pass
l2934.txm,86.8682,752.0,754.0,135.0,0.0,1034.0,101.0,1185.0,9472.0,8984.0,484.0,22.0,16775.0,19146.0,-4.0,16420.0,349.0,0.0,28000.0,50.0,Pass
l2934.txm,87.8887,752.0,753.0,132.0,0.0,1034.0,102.0,1186.0,9421.0,9039.0,363.0,22.0,16893.0,19366.0,-67.0,16262.0,347.0,0.0,27974.0,50.0,Pass
l2934.txm,88.9082,751.0,754.0,134.0,0.0,1031.0,100.0,1186.0,9495.0,8987.0,588.0,22.0,16497.0,19292.0,111.0,16176.0,346.0,0.0,27936.0,50.0,Pass
l2934.txm,89.9287,752.0,754.0,135.0,0.0,1033.0,101.0,1188.0,9468.0,9029.0,379.0,22.0,16866.0,19370.0,-383.0,16324.0,345.0,0.0,27972.0,50.0,Pass
l2934.txm,90.9482,751.0,753.0,134.0,0.0,1034.0,102.0,1182.0,9464.0,9026.0,58.0,22.0,16807.0,19168.0,-7.0,16348.0,348.0,0.0,27854.0,50.0,Pass
l2934.txm,91.9687,752.0,753.0,133.0,0.0,1041.0,101.0,1185.0,9441.0,9043.0,274.0,22.0,16728.0,19140.0,52.0,16468.0,344.0,0.0,27996.0,50.0,Pass
l2934.txm,92.9893,751.0,751.0,135.0,0.0,1035.0,100.0,1185.0,9502.0,8994.0,89.0,22.0,16996.0,19244.0,-65.0,16178.0,344.0,0.0,27820.0,50.0,Pass
l2934.txm,94.0098,752.0,753.0,133.0,0.0,1039.0,100.0,1184.0,9504.0,8971.0,654.0,21.0,16704.0,19334.0,-72.0,16290.0,346.0,0.0,28004.0,50.0,Pass
l2934.txm,95.0283,752.0,753.0,134.0,0.0,1044.0,101.0,1188.0,9512.0,8954.0,132.0,22.0,16891.0,19082.0,310.0,16540.0,345.0,0.0,27862.0,50.0,Pass
l2934.txm,96.0488,752.0,754.0,135.0,0.0,1046.0,101.0,1187.0,9505.0,8965.0,432.0,22.0,16962.0,19358.0,156.0,16188.0,352.0,1.0,27990.0,50.0,Pass
l2934.txm,97.0938,752.0,754.0,132.0,0.0,1046.0,100.0,1187.0,9454.0,9043.0,513.0,22.0,16569.0,19294.0,-91.0,16164.0,356.0,0.0,28020.0,50.0,Pass
l2934.txm,98.0889,752.0,752.0,133.0,0.0,1042.0,100.0,1184.0,9517.0,8960.0,92.0,22.0,16764.0,19116.0,-14.0,16398.0,353.0,0.0,27882.0,50.0,Pass
l2934.txm,99.1084,752.0,753.0,134.0,0.0,1045.0,101.0,1184.0,9425.0,9041.0,280.0,22.0,16722.0,19188.0,127.0,16598.0,345.0,0.0,27882.0,50.0,Pass
l2934.txm,100.13,752.0,753.0,134.0,0.0,1040.0,100.0,1185.0,9444.0,9031.0,382.0,22.0,16937.0,19340.0,-475.0,16354.0,343.0,0.0,27892.0,50.0,Pass
l2934.txm,101.149,751.0,752.0,132.0,0.0,1047.0,100.0,1185.0,9471.0,8966.0,599.0,21.0,16723.0,19130.0,103.0,16342.0,346.0,0.0,28012.0,50.0,Pass
l2934.txm,102.17,752.0,754.0,133.0,0.0,1046.0,102.0,1186.0,9446.0,9037.0,494.0,21.0,16578.0,19076.0,133.0,16460.0,354.0,0.0,28026.0,50.0,Pass
l2934.txm,103.189,752.0,753.0,132.0,0.0,1047.0,101.0,1186.0,9512.0,8964.0,342.0,22.0,16575.0,19158.0,-10.0,16418.0,353.0,0.0,27890.0,50.0,Pass
l2934.txm,104.209,752.0,755.0,134.0,0.0,1049.0,101.0,1187.0,9436.0,9007.0,528.0,22.0,16380.0,19074.0,694.0,16338.0,347.0,0.0,27992.0,50.0,Pass
l2934.txm,105.229,751.0,754.0,133.0,0.0,1048.0,101.0,1187.0,9507.0,8977.0,862.0,22.0,17016.0,19330.0,678.0,16364.0,354.0,0.0,27896.0,50.0,Pass
l2934.txm,106.248,751.0,753.0,134.0,0.0,1044.0,100.0,1184.0,9424.0,9037.0,1156.0,21.0,16632.0,19184.0,96.0,16288.0,359.0,0.0,27878.0,50.0,Pass
l2934.txm,107.269,752.0,754.0,131.0,0.0,1046.0,100.0,1186.0,9461.0,9011.0,507.0,22.0,16541.0,19160.0,138.0,16564.0,352.0,0.0,27882.0,50.0,Pass
l2934.txm,108.288,751.0,753.0,132.0,0.0,1050.0,100.0,1186.0,9482.0,9002.0,723.0,21.0,16509.0,19336.0,388.0,16604.0,355.0,0.0,27890.0,50.0,Pass
l2934.txm,109.334,752.0,754.0,135.0,0.0,1045.0,101.0,1186.0,9521.0,8982.0,304.0,22.0,16755.0,19310.0,-319.0,16444.0,353.0,0.0,27880.0,50.0,Pass
l2934.txm,110.358,752.0,752.0,132.0,0.0,1054.0,102.0,1186.0,9435.0,9068.0,453.0,21.0,16703.0,19276.0,61.0,16622.0,349.0,0.0,28014.0,50.0,Pass
l2934.txm,111.38,752.0,753.0,132.0,0.0,1048.0,100.0,1187.0,9456.0,9000.0,50.0,22.0,16744.0,19334.0,115.0,16388.0,347.0,0.0,27894.0,50.0,Pass
l2934.txm,112.399,752.0,754.0,135.0,0.0,1050.0,100.0,1185.0,9460.0,9037.0,475.0,22.0,16751.0,19178.0,668.0,16532.0,356.0,0.0,28046.0,50.0,Pass
l2935.txm,58.2002,752.0,753.0,136.0,0.0,746.0,100.0,1218.0,9431.0,9058.0,-532.0,26.0,15967.0,19832.0,-77.0,16534.0,353.0,0.0,27522.0,49.0,Pass
l2935.txm,59.2217,752.0,753.0,134.0,0.0,703.0,102.0,1208.0,9478.0,9051.0,-390.0,24.0,16684.0,19878.0,-403.0,16574.0,347.0,0.0,27536.0,49.0,Pass
l2935.txm,60.2412,752.0,753.0,131.0,0.0,686.0,100.0,1189.0,9507.0,8995.0,-412.0,25.0,16291.0,19870.0,-438.0,16638.0,350.0,0.0,27536.0,50.0,Pass
l2935.txm,61.2861,752.0,754.0,132.0,0.0,672.0,100.0,1179.0,9458.0,9074.0,-112.0,25.0,16420.0,19922.0,-518.0,16688.0,350.0,0.0,27510.0,50.0,Pass
l2935.txm,62.2803,752.0,753.0,135.0,0.0,667.0,101.0,1185.0,9486.0,9017.0,-961.0,25.0,16412.0,19922.0,-76.0,16530.0,344.0,0.0,27496.0,50.0,Pass
l2935.txm,63.3008,752.0,753.0,132.0,0.0,664.0,101.0,1188.0,9440.0,9034.0,-973.0,25.0,16590.0,19942.0,-373.0,16642.0,351.0,0.0,27374.0,50.0,Pass
l2935.txm,64.3213,751.0,753.0,134.0,0.0,648.0,101.0,1183.0,9505.0,9003.0,-1320.0,25.0,16442.0,19934.0,-509.0,16848.0,349.0,0.0,27372.0,50.0,Pass
l2935.txm,65.3398,752.0,755.0,132.0,0.0,637.0,101.0,1185.0,9460.0,9049.0,-1127.0,25.0,16493.0,19880.0,-324.0,16682.0,342.0,0.0,27300.0,50.0,Pass
l2935.txm,66.3603,752.0,753.0,131.0,0.0,627.0,101.0,1183.0,9499.0,9023.0,-988.0,25.0,16295.0,19904.0,-74.0,16580.0,352.0,0.0,27474.0,50.0,Pass
l2935.txm,67.3809,752.0,753.0,136.0,0.0,615.0,100.0,1184.0,9454.0,9057.0,-1477.0,25.0,16403.0,20070.0,156.0,16572.0,360.0,0.0,27332.0,50.0,Pass
l2935.txm,68.4004,751.0,754.0,132.0,0.0,603.0,101.0,1182.0,9477.0,9060.0,-1059.0,25.0,16201.0,20168.0,-259.0,16866.0,352.0,0.0,27374.0,50.0,Pass
l2935.txm,69.4199,752.0,754.0,135.0,0.0,578.0,101.0,1179.0,9464.0,9068.0,-1910.0,26.0,16152.0,20274.0,-492.0,16730.0,344.0,0.0,27276.0,49.0,Pass
l2935.txm,70.4414,751.0,753.0,132.0,0.0,558.0,100.0,1177.0,9532.0,9024.0,-1175.0,26.0,16170.0,20070.0,-392.0,16814.0,358.0,0.0,27122.0,49.0,Pass
l2935.txm,71.4609,752.0,753.0,135.0,0.0,540.0,100.0,1183.0,9504.0,9085.0,-1518.0,25.0,16184.0,20164.0,-659.0,16894.0,350.0,0.0,27114.0,49.0,Pass
l2935.txm,72.4805,752.0,754.0,134.0,0.0,528.0,101.0,1185.0,9498.0,9115.0,-439.0,25.0,16005.0,20166.0,-346.0,16424.0,344.0,0.0,27026.0,49.0,Pass
l2935.txm,73.5,752.0,753.0,135.0,0.0,548.0,100.0,1187.0,9550.0,9143.0,-501.0,24.0,16070.0,20352.0,51.0,16312.0,358.0,0.0,27108.0,49.0,Pass
l2935.txm,74.5205,752.0,754.0,135.0,0.0,603.0,101.0,1192.0,9515.0,9158.0,573.0,22.0,16794.0,20428.0,1464.0,16094.0,352.0,0.0,27512.0,49.0,Pass
l2935.txm,75.541,752.0,753.0,133.0,0.0,684.0,101.0,1194.0,9544.0,9053.0,701.0,21.0,16993.0,20062.0,135.0,16270.0,349.0,0.0,27614.0,49.0,Pass
l2935.txm,76.5605,752.0,754.0,131.0,0.0,791.0,100.0,1189.0,9543.0,9006.0,709.0,22.0,16571.0,19722.0,374.0,16396.0,351.0,1.0,27804.0,50.0,Pass
l2935.txm,77.5801,752.0,754.0,135.0,0.0,880.0,100.0,1186.0,9478.0,8986.0,646.0,21.0,16837.0,19638.0,81.0,16166.0,343.0,0.0,27892.0,50.0,Pass
l2935.txm,78.6016,752.0,753.0,131.0,0.0,989.0,101.0,1184.0,9440.0,9031.0,304.0,21.0,16756.0,19410.0,114.0,16462.0,341.0,0.0,27830.0,50.0,Pass
l2935.txm,79.6201,751.0,753.0,132.0,0.0,1021.0,100.0,1186.0,9511.0,9042.0,705.0,21.0,16892.0,19062.0,-260.0,16528.0,345.0,0.0,28028.0,50.0,Pass
l2935.txm,80.666,752.0,754.0,132.0,0.0,1025.0,101.0,1185.0,9529.0,8983.0,467.0,22.0,16692.0,19266.0,127.0,16558.0,349.0,0.0,28016.0,50.0,Pass
l2935.txm,81.6602,752.0,753.0,133.0,0.0,1023.0,100.0,1184.0,9501.0,8974.0,644.0,22.0,16667.0,19058.0,118.0,16366.0,351.0,0.0,27882.0,50.0,Pass
l2935.txm,82.6816,752.0,754.0,134.0,0.0,1028.0,101.0,1185.0,9443.0,9073.0,278.0,22.0,17010.0,19104.0,-86.0,16458.0,354.0,0.0,28020.0,50.0,Pass
l2935.txm,83.7002,752.0,754.0,133.0,0.0,1028.0,100.0,1183.0,9506.0,8965.0,-313.0,21.0,17071.0,19344.0,350.0,16610.0,355.0,0.0,28032.0,50.0,Pass
l2935.txm,84.7246,752.0,753.0,133.0,0.0,1031.0,101.0,1183.0,9477.0,9026.0,220.0,21.0,16702.0,19280.0,-90.0,16404.0,351.0,0.0,28022.0,50.0,Pass
l2935.txm,85.7412,751.0,754.0,134.0,0.0,1034.0,100.0,1186.0,9496.0,8949.0,64.0,22.0,16896.0,19266.0,-40.0,16502.0,344.0,0.0,27870.0,50.0,Pass
l2935.txm,86.7598,752.0,753.0,134.0,0.0,1034.0,100.0,1184.0,9459.0,9008.0,587.0,21.0,16468.0,19154.0,-84.0,16646.0,347.0,0.0,28034.0,50.0,Pass
l2935.txm,87.7803,752.0,752.0,136.0,0.0,1036.0,101.0,1184.0,9510.0,9013.0,317.0,21.0,16939.0,19098.0,100.0,16584.0,353.0,0.0,27884.0,50.0,Pass
l2935.txm,88.7998,752.0,754.0,132.0,0.0,1033.0,100.0,1182.0,9463.0,9030.0,668.0,21.0,16626.0,19326.0,118.0,16420.0,344.0,0.0,28020.0,50.0,Pass
l2935.txm,89.8203,752.0,754.0,135.0,0.0,1037.0,100.0,1181.0,9496.0,8991.0,591.0,22.0,16667.0,19086.0,-90.0,16606.0,352.0,0.0,28038.0,50.0,Pass
l2935.txm,90.8398,752.0,753.0,133.0,0.0,1041.0,101.0,1184.0,9521.0,8975.0,495.0,22.0,16522.0,19094.0,-67.0,16664.0,344.0,0.0,27886.0,50.0,Pass
l2935.txm,91.8613,752.0,754.0,132.0,0.0,1032.0,101.0,1182.0,9454.0,9020.0,783.0,21.0,16644.0,19170.0,81.0,16600.0,348.0,1.0,28030.0,50.0,Pass
l2935.txm,92.9346,751.0,752.0,131.0,0.0,1038.0,101.0,1184.0,9491.0,8977.0,839.0,21.0,16502.0,19232.0,-340.0,16512.0,349.0,0.0,28032.0,50.0,Pass
l2935.txm,93.96,752.0,753.0,133.0,0.0,1041.0,100.0,1184.0,9508.0,8956.0,520.0,22.0,16554.0,19068.0,-7.0,16614.0,351.0,0.0,27884.0,50.0,Pass
l2935.txm,94.9805,752.0,753.0,134.0,0.0,1045.0,101.0,1184.0,9440.0,9034.0,653.0,22.0,16767.0,19266.0,452.0,16444.0,354.0,0.0,27896.0,50.0,Pass
l2935.txm,96.0,751.0,753.0,133.0,0.0,1044.0,100.0,1185.0,9521.0,8981.0,568.0,21.0,16604.0,19282.0,47.0,16314.0,344.0,0.0,28046.0,50.0,Pass
l2935.txm,97.0215,752.0,753.0,133.0,0.0,1047.0,100.0,1185.0,9462.0,9016.0,422.0,21.0,16883.0,19198.0,68.0,16534.0,346.0,0.0,28042.0,50.0,Pass
l2935.txm,98.041,752.0,754.0,134.0,0.0,1048.0,101.0,1184.0,9442.0,9037.0,822.0,21.0,16556.0,19068.0,-401.0,16512.0,346.0,0.0,27888.0,50.0,Pass
l2935.txm,99.0605,751.0,754.0,132.0,0.0,1048.0,101.0,1186.0,9439.0,9046.0,97.0,21.0,17004.0,19314.0,-44.0,16564.0,355.0,0.0,27894.0,50.0,Pass
l2935.txm,100.08,752.0,752.0,132.0,0.0,1050.0,100.0,1188.0,9511.0,8949.0,415.0,21.0,16612.0,19106.0,126.0,16438.0,352.0,0.0,27892.0,50.0,Pass
l2935.txm,101.101,751.0,754.0,131.0,0.0,1047.0,101.0,1184.0,9527.0,8973.0,727.0,21.0,16782.0,19112.0,-390.0,16258.0,347.0,1.0,28038.0,50.0,Pass
l2935.txm,102.12,752.0,753.0,132.0,0.0,1047.0,101.0,1186.0,9455.0,9043.0,1067.0,22.0,16701.0,19316.0,-393.0,16578.0,353.0,0.0,28034.0,50.0,Pass
l2935.txm,103.142,751.0,754.0,132.0,0.0,1046.0,100.0,1184.0,9430.0,9075.0,595.0,21.0,16734.0,19072.0,51.0,16598.0,357.0,0.0,28008.0,50.0,Pass
l2935.txm,104.16,752.0,754.0,132.0,0.0,1050.0,101.0,1186.0,9480.0,8998.0,585.0,22.0,16508.0,19134.0,722.0,16602.0,351.0,0.0,27876.0,50.0,Pass
l2935.txm,105.205,752.0,753.0,134.0,0.0,1047.0,100.0,1184.0,9479.0,8965.0,-24.0,22.0,16555.0,19304.0,94.0,16412.0,348.0,0.0,28014.0,50.0,Pass
l2935.txm,106.2,752.0,753.0,131.0,0.0,1047.0,102.0,1186.0,9456.0,9042.0,567.0,22.0,16588.0,19322.0,26.0,16620.0,350.0,0.0,28024.0,50.0,Pass
l2935.txm,107.222,752.0,754.0,134.0,0.0,1046.0,101.0,1185.0,9491.0,8964.0,-115.0,22.0,16814.0,19264.0,396.0,16486.0,347.0,0.0,28032.0,50.0,Pass
l2935.txm,108.24,752.0,752.0,135.0,0.0,1047.0,100.0,1186.0,9462.0,9009.0,380.0,21.0,17029.0,19082.0,-351.0,16632.0,349.0,0.0,28018.0,50.0,Pass
l2935.txm,109.26,752.0,753.0,135.0,0.0,1049.0,101.0,1185.0,9519.0,8977.0,948.0,22.0,16774.0,19322.0,54.0,16510.0,350.0,0.0,28020.0,50.0,Pass
l2935.txm,110.28,752.0,754.0,132.0,0.0,1047.0,100.0,1187.0,9470.0,9037.0,189.0,21.0,16748.0,19290.0,-57.0,16626.0,346.0,0.0,28026.0,50.0,Pass
l2935.txm,111.3,752.0,754.0,133.0,0.0,1053.0,101.0,1187.0,9460.0,8992.0,158.0,21.0,17012.0,19134.0,16.0,16488.0,351.0,0.0,28030.0,50.0,Pass
l2941.txm,57.7598,752.0,754.0,135.0,0.0,820.0,100.0,1203.0,9505.0,8990.0,-387.0,26.0,16095.0,19768.0,-548.0,16852.0,349.0,0.0,27544.0,49.0,Pass
l2941.txm,58.7803,752.0,753.0,133.0,0.0,712.0,100.0,1207.0,9487.0,9001.0,-52.0,25.0,16072.0,19852.0,-716.0,16754.0,350.0,0.0,27534.0,49.0,Pass
l2941.txm,59.8008,751.0,752.0,135.0,0.0,686.0,100.0,1192.0,9474.0,8969.0,353.0,24.0,16474.0,19922.0,-509.0,16538.0,348.0,0.0,27496.0,49.0,Pass
l2941.txm,60.8203,752.0,753.0,134.0,1.0,679.0,101.0,1182.0,9449.0,9045.0,-121.0,24.0,16681.0,19920.0,-360.0,16700.0,350.0,0.0,27496.0,50.0,Pass
l2941.txm,61.8398,752.0,754.0,135.0,0.0,660.0,101.0,1187.0,9471.0,9005.0,-1116.0,25.0,16269.0,19928.0,-506.0,16536.0,352.0,0.0,27498.0,50.0,Pass
l2941.txm,62.8603,752.0,753.0,132.0,0.0,657.0,100.0,1183.0,9520.0,8974.0,-1250.0,25.0,16442.0,19930.0,132.0,16618.0,358.0,0.0,27494.0,50.0,Pass
l2941.txm,63.9102,752.0,752.0,131.0,0.0,644.0,101.0,1187.0,9500.0,9038.0,-853.0,25.0,16408.0,19930.0,30.0,16644.0,351.0,0.0,27374.0,50.0,Pass
l2941.txm,64.9297,752.0,754.0,134.0,0.0,635.0,100.0,1186.0,9465.0,9027.0,-1398.0,25.0,16617.0,20018.0,-439.0,16420.0,345.0,0.0,27326.0,50.0,Pass
l2941.txm,65.9502,752.0,753.0,132.0,0.0,627.0,100.0,1189.0,9453.0,9045.0,-1020.0,25.0,16233.0,19862.0,-31.0,16294.0,347.0,0.0,27376.0,50.0,Pass
l2941.txm,66.9697,752.0,752.0,132.0,0.0,619.0,101.0,1187.0,9462.0,9063.0,-837.0,25.0,16569.0,20074.0,-820.0,16650.0,342.0,0.0,27258.0,50.0,Pass
l2941.txm,67.9902,752.0,753.0,134.0,0.0,608.0,101.0,1183.0,9503.0,9013.0,-1021.0,25.0,16495.0,20202.0,-475.0,16852.0,350.0,0.0,27398.0,49.0,Pass
l2941.txm,69.0107,753.0,754.0,132.0,0.0,586.0,101.0,1180.0,9521.0,8987.0,-1261.0,26.0,16039.0,20030.0,-625.0,16636.0,353.0,0.0,27358.0,49.0,Pass
l2941.txm,70.0312,752.0,754.0,131.0,0.0,565.0,101.0,1177.0,9470.0,9057.0,-1369.0,26.0,16160.0,20146.0,-760.0,16724.0,354.0,0.0,27106.0,49.0,Pass
l2941.txm,71.0762,752.0,753.0,135.0,0.0,549.0,101.0,1179.0,9543.0,9044.0,-1068.0,26.0,16103.0,20114.0,-645.0,16762.0,348.0,0.0,27216.0,49.0,Pass
l2941.txm,72.0713,752.0,753.0,132.0,0.0,529.0,101.0,1185.0,9489.0,9088.0,-1427.0,26.0,15914.0,20386.0,-449.0,16616.0,347.0,0.0,27092.0,49.0,Pass
l2941.txm,73.0898,752.0,753.0,133.0,0.0,537.0,101.0,1184.0,9560.0,9058.0,-88.0,24.0,16294.0,20256.0,59.0,16454.0,358.0,0.0,27102.0,49.0,Pass
l2941.txm,74.1113,751.0,752.0,133.0,0.0,566.0,101.0,1192.0,9520.0,9113.0,470.0,23.0,16430.0,20228.0,-267.0,16210.0,350.0,1.0,27090.0,49.0,Pass
l2941.txm,75.1299,752.0,753.0,133.0,0.0,642.0,101.0,1193.0,9578.0,9084.0,744.0,21.0,16966.0,20042.0,-51.0,16736.0,347.0,0.0,27584.0,49.0,Pass
l2941.txm,76.1504,752.0,753.0,133.0,0.0,735.0,101.0,1189.0,9552.0,9040.0,512.0,21.0,16979.0,19764.0,730.0,16060.0,347.0,0.0,27636.0,49.0,Pass
l2941.txm,77.1699,752.0,753.0,135.0,0.0,833.0,101.0,1187.0,9484.0,9039.0,882.0,23.0,16627.0,19898.0,11.0,16182.0,354.0,1.0,27828.0,50.0,Pass
l2941.txm,78.1904,752.0,753.0,134.0,0.0,961.0,100.0,1184.0,9446.0,8978.0,-29.0,23.0,16589.0,19210.0,3.0,16416.0,352.0,0.0,27890.0,50.0,Pass
l2941.txm,79.21,752.0,754.0,133.0,0.0,1005.0,100.0,1192.0,9528.0,8948.0,-542.0,22.0,16565.0,19164.0,137.0,16664.0,348.0,0.0,28036.0,50.0,Pass
l2941.txm,80.2295,752.0,753.0,133.0,0.0,1013.0,101.0,1183.0,9525.0,8964.0,299.0,22.0,16476.0,19164.0,108.0,16470.0,350.0,0.0,28034.0,50.0,Pass
l2941.txm,81.291,752.0,753.0,134.0,0.0,1014.0,101.0,1186.0,9477.0,9024.0,-669.0,22.0,16813.0,19048.0,924.0,16566.0,344.0,0.0,28018.0,50.0,Pass
l2941.txm,82.2695,752.0,754.0,133.0,0.0,1021.0,100.0,1185.0,9556.0,8967.0,-398.0,22.0,16902.0,19284.0,-377.0,16562.0,346.0,0.0,27888.0,50.0,Pass
l2941.txm,83.3154,752.0,754.0,134.0,0.0,1020.0,101.0,1186.0,9474.0,9033.0,-847.0,22.0,16615.0,19036.0,162.0,16444.0,357.0,0.0,28038.0,50.0,Pass
l2941.txm,84.3096,751.0,754.0,134.0,0.0,1019.0,101.0,1186.0,9504.0,8949.0,-351.0,22.0,17001.0,19182.0,-351.0,16588.0,350.0,0.0,27898.0,50.0,Pass
l2941.txm,85.3301,751.0,753.0,135.0,0.0,1021.0,100.0,1185.0,9438.0,9027.0,-544.0,22.0,16769.0,19268.0,72.0,16446.0,348.0,0.0,28048.0,50.0,Pass
l2941.txm,86.3496,752.0,753.0,132.0,0.0,1023.0,101.0,1185.0,9507.0,9002.0,65.0,22.0,17022.0,19314.0,922.0,16508.0,353.0,0.0,27896.0,50.0,Pass
l2941.txm,87.3701,752.0,753.0,134.0,0.0,1023.0,101.0,1183.0,9439.0,8991.0,-446.0,21.0,17102.0,19056.0,81.0,16686.0,349.0,0.0,27884.0,50.0,Pass
l2941.txm,88.3896,752.0,752.0,135.0,0.0,1028.0,100.0,1184.0,9478.0,9037.0,-957.0,22.0,16850.0,19362.0,40.0,16624.0,346.0,0.0,27898.0,50.0,Pass
l2941.txm,89.4102,752.0,752.0,132.0,0.0,1033.0,100.0,1187.0,9454.0,9047.0,-66.0,22.0,16648.0,19136.0,28.0,16582.0,346.0,0.0,28032.0,50.0,Pass
l2941.txm,90.4297,751.0,753.0,133.0,0.0,1030.0,101.0,1184.0,9452.0,9024.0,-516.0,22.0,16621.0,19054.0,762.0,16580.0,345.0,0.0,28022.0,50.0,Pass
l2941.txm,91.4502,752.0,753.0,135.0,0.0,1035.0,100.0,1184.0,9443.0,9032.0,-527.0,22.0,16998.0,19106.0,45.0,16620.0,349.0,0.0,27900.0,50.0,Pass
l2941.txm,92.4697,752.0,753.0,136.0,0.0,1033.0,101.0,1186.0,9543.0,8956.0,-939.0,22.0,16714.0,19364.0,-6.0,16562.0,356.0,0.0,27886.0,50.0,Pass
l2941.txm,93.4902,752.0,752.0,131.0,0.0,1034.0,100.0,1187.0,9499.0,8974.0,48.0,22.0,16558.0,19112.0,362.0,16578.0,351.0,0.0,28034.0,50.0,Pass
l2941.txm,94.5098,751.0,752.0,134.0,0.0,1038.0,101.0,1186.0,9457.0,9010.0,-135.0,22.0,16890.0,19336.0,-347.0,16496.0,349.0,0.0,27898.0,50.0,Pass
l2941.txm,95.5547,751.0,753.0,133.0,0.0,1034.0,101.0,1184.0,9452.0,9024.0,-591.0,22.0,16988.0,19236.0,366.0,16456.0,354.0,0.0,28044.0,50.0,Pass
l2941.txm,96.5498,752.0,754.0,135.0,0.0,1040.0,100.0,1187.0,9501.0,8961.0,-412.0,22.0,16738.0,19278.0,157.0,16618.0,353.0,1.0,27894.0,50.0,Pass
l2941.txm,97.5703,752.0,751.0,135.0,0.0,1039.0,101.0,1187.0,9511.0,8970.0,-492.0,22.0,16896.0,19192.0,-270.0,16682.0,358.0,0.0,27884.0,50.0,Pass
l2941.txm,98.5908,752.0,753.0,131.0,0.0,1041.0,100.0,1186.0,9476.0,8986.0,-112.0,22.0,16713.0,19034.0,-52.0,16510.0,346.0,0.0,28024.0,50.0,Pass
l2941.txm,99.6103,751.0,754.0,132.0,0.0,1043.0,101.0,1184.0,9443.0,9017.0,-212.0,21.0,16866.0,19346.0,-299.0,16630.0,348.0,0.0,28030.0,50.0,Pass
l2941.txm,100.63,752.0,753.0,133.0,0.0,1040.0,101.0,1183.0,9522.0,8970.0,-305.0,22.0,16785.0,19310.0,120.0,16496.0,344.0,0.0,28016.0,50.0,Pass
l2941.txm,101.651,752.0,753.0,133.0,0.0,1039.0,101.0,1184.0,9441.0,9002.0,27.0,22.0,16477.0,19008.0,418.0,16494.0,348.0,1.0,28024.0,50.0,Pass
l2941.txm,102.671,752.0,753.0,133.0,0.0,1039.0,101.0,1182.0,9521.0,8950.0,-433.0,21.0,16913.0,19324.0,73.0,16602.0,351.0,1.0,28046.0,50.0,Pass
l2941.txm,103.69,752.0,753.0,132.0,0.0,1045.0,101.0,1186.0,9430.0,9004.0,-746.0,22.0,16680.0,19326.0,-18.0,16568.0,350.0,0.0,28020.0,50.0,Pass
l2941.txm,104.71,751.0,752.0,135.0,0.0,1040.0,100.0,1185.0,9495.0,9026.0,-643.0,22.0,16910.0,19330.0,152.0,16552.0,348.0,0.0,28040.0,50.0,Pass
l2941.txm,105.729,751.0,753.0,134.0,0.0,1041.0,100.0,1182.0,9496.0,8971.0,-652.0,22.0,16805.0,19114.0,-41.0,16564.0,355.0,1.0,28042.0,50.0,Pass
l2941.txm,106.75,751.0,753.0,134.0,0.0,1040.0,101.0,1184.0,9461.0,9020.0,-413.0,22.0,16706.0,19330.0,55.0,16554.0,353.0,0.0,28020.0,50.0,Pass
l2941.txm,107.795,752.0,754.0,132.0,0.0,1038.0,100.0,1184.0,9455.0,9010.0,-238.0,22.0,16491.0,19084.0,-447.0,16610.0,348.0,0.0,27886.0,50.0,Pass
l2941.txm,108.79,752.0,753.0,131.0,0.0,1039.0,101.0,1184.0,9448.0,9062.0,-397.0,22.0,16484.0,19188.0,129.0,16482.0,353.0,0.0,27882.0,50.0,Pass
l2941.txm,109.81,752.0,754.0,134.0,0.0,1040.0,100.0,1184.0,9489.0,8977.0,-727.0,22.0,16542.0,19306.0,406.0,16434.0,350.0,0.0,27880.0,50.0,Pass
l2942.txm,57.6738,752.0,755.0,135.0,0.0,760.0,101.0,1217.0,9486.0,9006.0,-968.0,26.0,16096.0,19836.0,-682.0,16266.0,348.0,0.0,27526.0,49.0,Pass
l2942.txm,59.2031,752.0,754.0,134.0,0.0,697.0,100.0,1209.0,9496.0,8988.0,-404.0,24.0,16820.0,19850.0,-489.0,16560.0,355.0,0.0,27514.0,49.0,Pass
l2942.txm,60.7314,751.0,753.0,135.0,0.0,680.0,100.0,1184.0,9536.0,8967.0,196.0,24.0,16161.0,19916.0,-274.0,16584.0,342.0,0.0,27534.0,50.0,Pass
l2942.txm,61.751,751.0,752.0,133.0,0.0,665.0,101.0,1185.0,9494.0,8984.0,-1342.0,25.0,16077.0,19910.0,-268.0,16658.0,349.0,0.0,27526.0,50.0,Pass
l2942.txm,62.7715,752.0,753.0,134.0,0.0,655.0,100.0,1185.0,9444.0,9030.0,-678.0,25.0,16538.0,19924.0,-89.0,16584.0,343.0,0.0,27376.0,50.0,Pass
l2942.txm,63.79,752.0,752.0,135.0,0.0,648.0,101.0,1185.0,9515.0,8975.0,-1369.0,25.0,16096.0,19940.0,418.0,16578.0,350.0,0.0,27358.0,50.0,Pass
l2942.txm,64.8115,752.0,753.0,134.0,0.0,631.0,101.0,1184.0,9431.0,9044.0,-1272.0,25.0,16277.0,19956.0,-795.0,16636.0,358.0,0.0,27364.0,50.0,Pass
l2942.txm,65.8301,752.0,754.0,133.0,0.0,624.0,101.0,1184.0,9512.0,8990.0,-1362.0,25.0,16635.0,20028.0,-729.0,16332.0,351.0,0.0,27310.0,50.0,Pass
l2942.txm,66.8506,752.0,753.0,131.0,0.0,618.0,101.0,1185.0,9514.0,8991.0,-1061.0,25.0,16343.0,20036.0,85.0,16582.0,342.0,0.0,27466.0,50.0,Pass
l2942.txm,67.8711,751.0,752.0,134.0,0.0,598.0,100.0,1181.0,9504.0,9014.0,-998.0,26.0,16175.0,20068.0,-350.0,17076.0,345.0,0.0,27304.0,50.0,Pass
l2942.txm,68.8906,752.0,753.0,135.0,0.0,581.0,100.0,1180.0,9507.0,9002.0,-1520.0,26.0,16198.0,19974.0,47.0,16460.0,351.0,0.0,27240.0,49.0,Pass
l2942.txm,69.9102,752.0,754.0,134.0,0.0,552.0,100.0,1180.0,9479.0,9065.0,-1358.0,26.0,16085.0,20134.0,-687.0,16930.0,343.0,0.0,27290.0,49.0,Pass
l2942.txm,70.9307,752.0,754.0,136.0,0.0,539.0,101.0,1178.0,9505.0,9064.0,-1197.0,26.0,16040.0,20336.0,-67.0,16454.0,350.0,0.0,27092.0,49.0,Pass
l2942.txm,71.9502,752.0,754.0,135.0,0.0,526.0,101.0,1180.0,9502.0,9122.0,-1022.0,25.0,16103.0,20236.0,-811.0,16640.0,346.0,0.0,27066.0,49.0,Pass
l2942.txm,72.9707,752.0,755.0,131.0,0.0,540.0,101.0,1187.0,9543.0,9082.0,-881.0,25.0,16245.0,20414.0,-472.0,16454.0,353.0,0.0,27102.0,49.0,Pass
l2942.txm,74.0107,752.0,754.0,136.0,0.0,589.0,101.0,1196.0,9571.0,9081.0,-128.0,22.0,16755.0,20394.0,139.0,15988.0,347.0,0.0,27416.0,49.0,Pass
l2942.txm,75.0303,752.0,753.0,132.0,0.0,668.0,100.0,1194.0,9517.0,9108.0,349.0,21.0,17229.0,19872.0,135.0,16230.0,355.0,0.0,27590.0,49.0,Pass
l2942.txm,76.0518,751.0,754.0,135.0,0.0,751.0,101.0,1188.0,9524.0,8988.0,798.0,22.0,17047.0,19810.0,542.0,16114.0,347.0,0.0,27590.0,50.0,Pass
l2942.txm,77.0703,751.0,753.0,132.0,0.0,862.0,100.0,1186.0,9465.0,9080.0,361.0,21.0,16948.0,19758.0,98.0,16286.0,345.0,1.0,27900.0,50.0,Pass
l2942.txm,78.1152,752.0,753.0,135.0,0.0,987.0,100.0,1182.0,9475.0,8945.0,-263.0,24.0,16298.0,19306.0,144.0,16190.0,347.0,0.0,28026.0,50.0,Pass
l2942.txm,79.1103,752.0,755.0,133.0,0.0,1008.0,100.0,1191.0,9419.0,9002.0,-183.0,22.0,16753.0,19076.0,85.0,16782.0,343.0,0.0,28046.0,50.0,Pass
l2942.txm,80.1299,751.0,752.0,132.0,0.0,1018.0,100.0,1185.0,9511.0,8944.0,-933.0,23.0,16629.0,19340.0,-348.0,16520.0,345.0,0.0,27900.0,50.0,Pass
l2942.txm,81.1504,751.0,753.0,132.0,0.0,1023.0,100.0,1187.0,9429.0,9026.0,-38.0,22.0,16773.0,19338.0,124.0,16588.0,346.0,0.0,27900.0,50.0,Pass
l2942.txm,82.1699,752.0,754.0,135.0,0.0,1024.0,101.0,1186.0,9468.0,9031.0,-135.0,22.0,16592.0,19124.0,154.0,16578.0,347.0,0.0,28014.0,50.0,Pass
l2942.txm,83.1914,751.0,753.0,134.0,0.0,1022.0,100.0,1184.0,9426.0,9034.0,-813.0,22.0,16751.0,19242.0,-298.0,16594.0,348.0,0.0,28070.0,50.0,Pass
l2942.txm,84.21,752.0,752.0,134.0,0.0,1028.0,100.0,1184.0,9501.0,8954.0,-190.0,22.0,16728.0,19012.0,45.0,16780.0,355.0,0.0,27898.0,50.0,Pass
l2942.txm,85.2305,752.0,753.0,132.0,0.0,1027.0,101.0,1184.0,9431.0,9018.0,-427.0,22.0,16893.0,19242.0,232.0,16698.0,345.0,0.0,28068.0,50.0,Pass
l2942.txm,86.25,752.0,754.0,133.0,0.0,1027.0,100.0,1184.0,9458.0,9016.0,-260.0,22.0,16804.0,19266.0,-316.0,16568.0,353.0,0.0,27894.0,50.0,Pass
l2942.txm,87.2705,752.0,754.0,131.0,0.0,1027.0,100.0,1184.0,9454.0,9002.0,-610.0,22.0,16630.0,19048.0,676.0,16718.0,354.0,0.0,28030.0,50.0,Pass
l2942.txm,88.29,752.0,754.0,132.0,0.0,1029.0,101.0,1183.0,9429.0,9030.0,-468.0,22.0,16963.0,19282.0,128.0,16638.0,352.0,0.0,27894.0,50.0,Pass
l2942.txm,89.3105,752.0,754.0,134.0,0.0,1033.0,100.0,1185.0,9485.0,8988.0,-667.0,23.0,16905.0,19304.0,-87.0,16622.0,345.0,0.0,28018.0,50.0,Pass
l2942.txm,90.3555,752.0,753.0,134.0,0.0,1031.0,100.0,1182.0,9506.0,8969.0,-402.0,22.0,16619.0,19128.0,556.0,16654.0,355.0,0.0,28022.0,50.0,Pass
l2942.txm,91.456,752.0,754.0,135.0,0.0,1037.0,100.0,1184.0,9502.0,8951.0,-597.0,22.0,16774.0,18998.0,-29.0,16708.0,345.0,0.0,28072.0,50.0,Pass
l2942.txm,92.4004,752.0,753.0,135.0,0.0,1039.0,100.0,1189.0,9448.0,8984.0,-576.0,22.0,16903.0,19114.0,44.0,16572.0,351.0,0.0,27890.0,50.0,Pass
l2942.txm,93.4199,752.0,754.0,134.0,0.0,1039.0,101.0,1185.0,9490.0,8963.0,-751.0,22.0,16870.0,19078.0,74.0,16656.0,353.0,0.0,27888.0,50.0,Pass
l2942.txm,94.4404,751.0,753.0,134.0,0.0,1035.0,100.0,1186.0,9447.0,8996.0,-425.0,22.0,16593.0,19042.0,56.0,16624.0,352.0,0.0,28046.0,50.0,Pass
l2942.txm,95.46,752.0,753.0,131.0,0.0,1038.0,101.0,1184.0,9471.0,8995.0,-45.0,22.0,16653.0,19304.0,342.0,16626.0,353.0,0.0,27886.0,50.0,Pass
l2942.txm,96.4805,752.0,754.0,134.0,0.0,1042.0,100.0,1186.0,9447.0,9050.0,-660.0,22.0,16626.0,19004.0,326.0,16496.0,344.0,0.0,28058.0,50.0,Pass
l2942.txm,97.5,752.0,754.0,133.0,0.0,1039.0,100.0,1184.0,9490.0,8935.0,-338.0,23.0,16690.0,19114.0,252.0,16464.0,343.0,0.0,28014.0,50.0,Pass
l2942.txm,98.5215,752.0,754.0,132.0,0.0,1041.0,100.0,1186.0,9474.0,8974.0,-947.0,22.0,16822.0,19286.0,-291.0,16578.0,348.0,0.0,28052.0,50.0,Pass
l2942.txm,99.54,751.0,752.0,133.0,0.0,1042.0,100.0,1184.0,9481.0,9001.0,20.0,22.0,16673.0,19132.0,-19.0,16576.0,349.0,0.0,28052.0,50.0,Pass
l2942.txm,100.561,751.0,753.0,135.0,0.0,1041.0,101.0,1184.0,9432.0,9005.0,-899.0,22.0,16991.0,19322.0,656.0,16396.0,352.0,0.0,27900.0,50.0,Pass
l2942.txm,101.581,751.0,754.0,133.0,0.0,1044.0,100.0,1187.0,9453.0,9008.0,-235.0,22.0,16440.0,19276.0,970.0,16784.0,342.0,0.0,28032.0,50.0,Pass
l2942.txm,102.634,752.0,753.0,135.0,0.0,1046.0,100.0,1186.0,9489.0,8964.0,-474.0,22.0,16757.0,19324.0,-51.0,16452.0,350.0,0.0,28068.0,50.0,Pass
l2942.txm,103.62,751.0,753.0,134.0,0.0,1049.0,101.0,1184.0,9510.0,8959.0,-735.0,22.0,16562.0,19100.0,-71.0,16542.0,344.0,0.0,28070.0,50.0,Pass
l2942.txm,104.641,752.0,754.0,132.0,0.0,1037.0,101.0,1183.0,9430.0,9044.0,-449.0,22.0,16526.0,19294.0,68.0,16646.0,345.0,0.0,27892.0,50.0,Pass
l2942.txm,105.66,752.0,753.0,134.0,0.0,1047.0,100.0,1184.0,9445.0,9007.0,-58.0,23.0,16432.0,19142.0,-82.0,16588.0,352.0,0.0,28024.0,50.0,Pass
l2942.txm,106.681,751.0,753.0,132.0,0.0,1036.0,101.0,1184.0,9465.0,8965.0,-516.0,22.0,16709.0,19044.0,268.0,16628.0,352.0,0.0,28040.0,50.0,Pass
l2942.txm,107.7,752.0,754.0,131.0,0.0,1046.0,100.0,1185.0,9443.0,9056.0,144.0,22.0,16393.0,19166.0,150.0,16670.0,350.0,0.0,28018.0,50.0,Pass
l2942.txm,108.722,751.0,754.0,133.0,0.0,1044.0,100.0,1186.0,9431.0,9034.0,-538.0,23.0,16320.0,19286.0,242.0,16518.0,348.0,0.0,28054.0,50.0,Pass
l2942.txm,109.741,752.0,754.0,132.0,0.0,1045.0,101.0,1187.0,9450.0,9006.0,-53.0,22.0,16682.0,19312.0,-466.0,16576.0,347.0,0.0,28062.0,50.0,Pass
l2943.txm,57.2285,752.0,753.0,132.0,0.0,766.0,101.0,1212.0,9520.0,8967.0,-1330.0,27.0,15976.0,19832.0,-663.0,16476.0,360.0,0.0,27524.0,49.0,Pass
l2943.txm,58.248,752.0,753.0,132.0,0.0,698.0,100.0,1207.0,9485.0,9023.0,-1168.0,26.0,16468.0,19870.0,10.0,16572.0,349.0,0.0,27516.0,49.0,Pass
l2943.txm,59.2676,752.0,754.0,133.0,0.0,683.0,100.0,1189.0,9447.0,9068.0,249.0,25.0,16561.0,19908.0,59.0,16610.0,358.0,0.0,27518.0,50.0,Pass
l2943.txm,60.2871,752.0,753.0,135.0,0.0,674.0,101.0,1180.0,9516.0,9014.0,-312.0,25.0,16470.0,19916.0,-681.0,16712.0,350.0,0.0,27516.0,50.0,Pass
l2943.txm,61.3086,752.0,754.0,135.0,0.0,659.0,101.0,1186.0,9502.0,9043.0,-1668.0,26.0,16486.0,19928.0,-430.0,16582.0,353.0,0.0,27490.0,50.0,Pass
l2943.txm,62.3281,752.0,754.0,134.0,0.0,658.0,101.0,1187.0,9507.0,9000.0,-914.0,25.0,16661.0,19920.0,-545.0,16498.0,347.0,0.0,27492.0,50.0,Pass
l2943.txm,63.3477,752.0,754.0,132.0,0.0,641.0,100.0,1182.0,9506.0,8987.0,-771.0,26.0,16161.0,19946.0,76.0,16780.0,348.0,0.0,27374.0,50.0,Pass
l2943.txm,64.3926,751.0,753.0,133.0,0.0,630.0,101.0,1186.0,9481.0,9026.0,-1881.0,25.0,16564.0,20002.0,-83.0,16572.0,348.0,0.0,27368.0,50.0,Pass
l2943.txm,65.3867,752.0,754.0,131.0,0.0,619.0,101.0,1184.0,9525.0,8977.0,-1192.0,26.0,16370.0,19976.0,55.0,16370.0,345.0,0.0,27310.0,50.0,Pass
l2943.txm,66.4082,752.0,754.0,132.0,0.0,613.0,100.0,1186.0,9517.0,9031.0,-1858.0,26.0,16339.0,20114.0,79.0,16522.0,347.0,0.0,27308.0,50.0,Pass
l2943.txm,67.4277,752.0,754.0,131.0,0.0,603.0,100.0,1184.0,9454.0,9043.0,-849.0,26.0,16439.0,20100.0,-940.0,16758.0,343.0,0.0,27362.0,50.0,Pass
l2943.txm,68.4492,751.0,752.0,134.0,0.0,578.0,101.0,1179.0,9494.0,9030.0,-1874.0,27.0,16106.0,20190.0,-421.0,16582.0,356.0,0.0,27274.0,49.0,Pass
l2943.txm,69.4687,752.0,754.0,132.0,0.0,554.0,101.0,1179.0,9458.0,9079.0,-1117.0,27.0,16047.0,20388.0,-669.0,16656.0,345.0,0.0,27086.0,49.0,Pass
l2943.txm,70.5078,752.0,753.0,135.0,0.0,535.0,101.0,1180.0,9570.0,9030.0,-1308.0,26.0,16184.0,20260.0,-529.0,16716.0,353.0,0.0,27150.0,49.0,Pass
l2943.txm,71.5078,752.0,754.0,131.0,0.0,525.0,101.0,1181.0,9541.0,9068.0,-575.0,27.0,16158.0,20252.0,-397.0,16580.0,347.0,0.0,27050.0,49.0,Pass
l2943.txm,72.5273,752.0,753.0,136.0,0.0,544.0,100.0,1188.0,9577.0,9058.0,-1151.0,25.0,16391.0,20342.0,-587.0,16338.0,346.0,0.0,27102.0,49.0,Pass
l2943.txm,73.5488,752.0,753.0,133.0,0.0,600.0,101.0,1193.0,9540.0,9163.0,-132.0,23.0,17045.0,20384.0,486.0,15922.0,350.0,1.0,27512.0,49.0,Pass
l2943.txm,74.5684,752.0,753.0,133.0,0.0,678.0,100.0,1191.0,9519.0,9068.0,103.0,23.0,16803.0,19988.0,-54.0,16274.0,360.0,0.0,27578.0,49.0,Pass
l2943.txm,75.5879,752.0,753.0,133.0,0.0,774.0,100.0,1193.0,9491.0,9100.0,670.0,23.0,16820.0,19786.0,-16.0,16450.0,357.0,0.0,27762.0,50.0,Pass
l2943.txm,76.6328,752.0,753.0,134.0,0.0,900.0,101.0,1183.0,9528.0,8991.0,268.0,24.0,16725.0,19586.0,8.0,16172.0,349.0,0.0,27770.0,50.0,Pass
l2943.txm,77.6562,752.0,754.0,132.0,0.0,988.0,101.0,1185.0,9426.0,8991.0,902.0,25.0,16211.0,19262.0,-69.0,16592.0,346.0,0.0,28020.0,50.0,Pass
l2943.txm,78.6777,752.0,754.0,132.0,0.0,1007.0,100.0,1191.0,9507.0,8949.0,-908.0,23.0,16803.0,19026.0,124.0,16704.0,350.0,0.0,27878.0,50.0,Pass
l2943.txm,79.6973,751.0,753.0,133.0,0.0,1018.0,100.0,1183.0,9518.0,8969.0,-375.0,23.0,16899.0,19270.0,-267.0,16482.0,345.0,0.0,28022.0,50.0,Pass
l2943.txm,80.7187,752.0,753.0,133.0,0.0,1015.0,101.0,1183.0,9462.0,9021.0,-367.0,23.0,16514.0,19284.0,-14.0,16580.0,343.0,0.0,28036.0,50.0,Pass
l2943.txm,81.7383,752.0,753.0,135.0,0.0,1023.0,101.0,1187.0,9526.0,8958.0,-3.0,23.0,16542.0,19022.0,-498.0,16742.0,347.0,0.0,28044.0,50.0,Pass
l2943.txm,82.7578,752.0,753.0,132.0,0.0,1023.0,101.0,1183.0,9515.0,8955.0,-90.0,23.0,16753.0,19090.0,56.0,16512.0,350.0,0.0,27892.0,50.0,Pass
l2943.txm,83.8027,752.0,754.0,132.0,0.0,1025.0,101.0,1185.0,9509.0,8980.0,50.0,23.0,16433.0,19136.0,-334.0,16692.0,358.0,0.0,28040.0,50.0,Pass
l2943.txm,84.7969,752.0,754.0,132.0,0.0,1024.0,100.0,1183.0,9474.0,8965.0,-309.0,23.0,16965.0,19338.0,-28.0,16564.0,352.0,0.0,27892.0,50.0,Pass
l2943.txm,85.8184,752.0,754.0,134.0,0.0,1028.0,100.0,1185.0,9524.0,8957.0,-464.0,23.0,16903.0,18992.0,8.0,16570.0,357.0,0.0,28018.0,50.0,Pass
l2943.txm,86.8379,752.0,753.0,132.0,0.0,1023.0,100.0,1184.0,9468.0,8980.0,-189.0,23.0,16582.0,19132.0,-298.0,16672.0,347.0,0.0,28044.0,50.0,Pass
l2943.txm,87.8574,752.0,753.0,134.0,0.0,1029.0,100.0,1185.0,9449.0,9033.0,-887.0,23.0,16689.0,19014.0,-83.0,16766.0,348.0,0.0,28018.0,50.0,Pass
l2943.txm,88.8789,752.0,755.0,132.0,0.0,1031.0,100.0,1183.0,9461.0,9022.0,-178.0,23.0,16765.0,19032.0,748.0,16626.0,350.0,0.0,28022.0,50.0,Pass
l2943.txm,89.8965,751.0,753.0,135.0,0.0,1033.0,101.0,1183.0,9530.0,8947.0,-928.0,23.0,16797.0,19044.0,95.0,16586.0,345.0,0.0,27888.0,50.0,Pass
l2943.txm,90.918,752.0,754.0,135.0,0.0,1040.0,101.0,1185.0,9476.0,8989.0,-55.0,23.0,16651.0,19080.0,104.0,16596.0,353.0,0.0,28030.0,50.0,Pass
l2943.txm,91.9375,752.0,753.0,132.0,0.0,1032.0,101.0,1183.0,9442.0,9032.0,-397.0,23.0,16478.0,19096.0,34.0,16362.0,353.0,0.0,28040.0,50.0,Pass
l2943.txm,92.959,752.0,753.0,133.0,0.0,1039.0,101.0,1183.0,9474.0,9013.0,-158.0,23.0,16791.0,19012.0,-31.0,16680.0,342.0,0.0,27892.0,50.0,Pass
l2943.txm,93.9785,752.0,752.0,133.0,0.0,1037.0,101.0,1184.0,9485.0,8972.0,-28.0,23.0,16487.0,19178.0,444.0,16434.0,345.0,0.0,28062.0,50.0,Pass
l2943.txm,94.998,751.0,753.0,133.0,0.0,1045.0,100.0,1185.0,9457.0,9033.0,-143.0,23.0,16977.0,19110.0,138.0,16574.0,349.0,0.0,27878.0,50.0,Pass
l2943.txm,96.0625,752.0,754.0,133.0,0.0,1042.0,100.0,1184.0,9450.0,9018.0,-580.0,23.0,16989.0,19294.0,234.0,16394.0,347.0,0.0,28036.0,50.0,Pass
l2943.txm,97.0566,752.0,753.0,134.0,0.0,1041.0,100.0,1182.0,9504.0,8974.0,125.0,23.0,16953.0,19324.0,-95.0,16406.0,352.0,0.0,28048.0,50.0,Pass
l2943.txm,98.0781,751.0,753.0,133.0,0.0,1040.0,101.0,1186.0,9453.0,9009.0,-318.0,23.0,16672.0,19326.0,-281.0,16580.0,345.0,0.0,28016.0,50.0,Pass
l2943.txm,99.0977,752.0,754.0,132.0,0.0,1041.0,101.0,1183.0,9488.0,9004.0,-543.0,23.0,16400.0,19080.0,-43.0,16388.0,350.0,0.0,28046.0,50.0,Pass
l2943.txm,100.117,752.0,754.0,136.0,0.0,1043.0,101.0,1183.0,9446.0,9005.0,-525.0,23.0,17042.0,19326.0,56.0,16634.0,347.0,1.0,28056.0,50.0,Pass
l2943.txm,101.139,752.0,753.0,135.0,0.0,1038.0,100.0,1184.0,9463.0,9032.0,-569.0,23.0,16875.0,19172.0,572.0,16490.0,352.0,0.0,28016.0,50.0,Pass
l2943.txm,102.158,752.0,754.0,134.0,0.0,1048.0,101.0,1186.0,9518.0,8955.0,-85.0,23.0,16564.0,19318.0,-424.0,16414.0,343.0,0.0,28034.0,50.0,Pass
l2943.txm,103.178,751.0,753.0,133.0,0.0,1043.0,100.0,1187.0,9475.0,8977.0,-458.0,23.0,16806.0,19116.0,-80.0,16438.0,348.0,1.0,27898.0,50.0,Pass
l2943.txm,104.197,752.0,753.0,131.0,0.0,1046.0,100.0,1185.0,9495.0,8972.0,-45.0,23.0,16665.0,19008.0,-332.0,16754.0,344.0,0.0,28018.0,50.0,Pass
l2943.txm,105.219,752.0,753.0,132.0,0.0,1036.0,101.0,1183.0,9504.0,8970.0,-366.0,23.0,16763.0,19284.0,107.0,16502.0,347.0,0.0,28050.0,50.0,Pass
l2943.txm,106.238,752.0,754.0,134.0,0.0,1037.0,100.0,1183.0,9479.0,8981.0,94.0,23.0,16509.0,19330.0,-65.0,16614.0,345.0,0.0,27898.0,50.0,Pass
l2943.txm,107.258,752.0,754.0,135.0,0.0,1042.0,101.0,1185.0,9442.0,9022.0,-1087.0,23.0,16802.0,19060.0,145.0,16666.0,344.0,0.0,27892.0,50.0,Pass
l2943.txm,108.303,751.0,754.0,133.0,0.0,1043.0,100.0,1183.0,9444.0,9006.0,-3.0,23.0,16708.0,19154.0,43.0,16580.0,354.0,0.0,28044.0,50.0,Pass
l2943.txm,109.297,752.0,753.0,131.0,0.0,1043.0,101.0,1186.0,9453.0,9024.0,134.0,23.0,16649.0,19064.0,93.0,16588.0,354.0,0.0,27884.0,50.0,Pass
l3101.txm,61.7715,752.0,753.0,135.0,0.0,1208.0,100.0,1238.0,9478.0,8974.0,-2382.0,28.0,16193.0,19856.0,-700.0,16510.0,352.0,0.0,27432.0,49.0,Pass
l3101.txm,62.791,752.0,754.0,133.0,0.0,1149.0,101.0,1231.0,9523.0,9007.0,822.0,27.0,16619.0,19974.0,-399.0,16620.0,350.0,0.0,27428.0,50.0,Pass
l3101.txm,63.8105,751.0,752.0,133.0,0.0,1144.0,101.0,1204.0,9545.0,9015.0,562.0,26.0,16763.0,19978.0,142.0,16646.0,344.0,0.0,27492.0,50.0,Pass
l3101.txm,64.9219,752.0,753.0,134.0,0.0,1125.0,100.0,1179.0,9477.0,9009.0,-811.0,27.0,16402.0,20054.0,13.0,16272.0,347.0,0.0,27348.0,51.0,Pass
l3101.txm,65.8496,752.0,753.0,135.0,0.0,1114.0,101.0,1191.0,9448.0,9053.0,-1281.0,27.0,16757.0,20056.0,696.0,16398.0,353.0,0.0,27352.0,51.0,Pass
l3101.txm,66.8711,752.0,754.0,134.0,0.0,1099.0,100.0,1182.0,9446.0,9056.0,440.0,26.0,16533.0,20034.0,-416.0,16470.0,359.0,0.0,27344.0,51.0,Pass
l3101.txm,67.8906,752.0,753.0,135.0,0.0,1082.0,101.0,1186.0,9487.0,8987.0,-1032.0,27.0,16530.0,20012.0,-389.0,16578.0,351.0,0.0,27338.0,51.0,Pass
l3101.txm,68.9102,752.0,753.0,135.0,0.0,1068.0,101.0,1185.0,9490.0,8988.0,-1361.0,27.0,16389.0,20078.0,-734.0,16616.0,346.0,0.0,27370.0,51.0,Pass
l3101.txm,69.9297,752.0,753.0,132.0,0.0,1045.0,100.0,1182.0,9528.0,8990.0,-1896.0,27.0,16667.0,20062.0,-471.0,16726.0,356.0,1.0,27338.0,51.0,Pass
l3101.txm,70.9512,752.0,755.0,133.0,0.0,1017.0,101.0,1184.0,9459.0,8988.0,-1674.0,27.0,16631.0,20140.0,65.0,16624.0,354.0,0.0,27246.0,51.0,Pass
l3101.txm,71.9707,751.0,753.0,132.0,0.0,986.0,101.0,1181.0,9449.0,9076.0,-818.0,28.0,16049.0,20186.0,7.0,16892.0,358.0,0.0,27238.0,50.0,Pass
l3101.txm,72.9902,752.0,753.0,135.0,0.0,934.0,100.0,1182.0,9503.0,9060.0,-1993.0,28.0,15974.0,20270.0,82.0,16400.0,344.0,0.0,27038.0,50.0,Pass
l3101.txm,74.0098,752.0,753.0,133.0,0.0,908.0,102.0,1183.0,9445.0,9044.0,-1890.0,29.0,15914.0,20278.0,26.0,16764.0,351.0,0.0,27024.0,50.0,Pass
l3101.txm,75.0312,752.0,754.0,135.0,0.0,892.0,100.0,1179.0,9546.0,9027.0,-1410.0,28.0,16148.0,20522.0,-344.0,16272.0,350.0,0.0,26858.0,50.0,Pass
l3101.txm,76.0508,751.0,754.0,132.0,0.0,910.0,101.0,1187.0,9549.0,9061.0,698.0,26.0,16512.0,20480.0,734.0,16062.0,342.0,1.0,27104.0,50.0,Pass
l3101.txm,77.0957,752.0,753.0,131.0,0.0,999.0,101.0,1197.0,9521.0,9108.0,581.0,25.0,16571.0,20204.0,9.0,16610.0,345.0,0.0,27290.0,50.0,Pass
l3101.txm,78.0898,751.0,753.0,133.0,0.0,1113.0,100.0,1186.0,9499.0,9107.0,1018.0,25.0,16904.0,20186.0,109.0,16012.0,351.0,0.0,27494.0,50.0,Pass
l3101.txm,79.1113,752.0,752.0,135.0,0.0,1255.0,100.0,1189.0,9539.0,8960.0,740.0,24.0,16926.0,20048.0,416.0,16370.0,344.0,0.0,27602.0,50.0,Pass
l3101.txm,80.1309,752.0,753.0,135.0,0.0,1366.0,102.0,1191.0,9480.0,9004.0,-831.0,25.0,16711.0,19778.0,432.0,16324.0,359.0,0.0,27586.0,51.0,Pass
l3101.txm,81.1504,752.0,753.0,133.0,0.0,1521.0,102.0,1185.0,9536.0,8952.0,652.0,25.0,16701.0,19626.0,182.0,16128.0,345.0,0.0,27782.0,51.0,Pass
l3101.txm,82.1699,752.0,753.0,135.0,0.0,1621.0,102.0,1184.0,9436.0,9017.0,951.0,25.0,16657.0,19414.0,56.0,16580.0,347.0,0.0,27784.0,51.0,Pass
l3101.txm,83.1914,752.0,754.0,132.0,0.0,1652.0,101.0,1183.0,9546.0,8951.0,645.0,24.0,16462.0,19314.0,-306.0,16632.0,346.0,0.0,28000.0,51.0,Pass
l3101.txm,84.2344,752.0,754.0,131.0,0.0,1658.0,102.0,1185.0,9450.0,9007.0,959.0,25.0,16180.0,19378.0,-464.0,16494.0,352.0,0.0,27892.0,51.0,Pass
l3101.txm,85.2305,752.0,755.0,133.0,0.0,1652.0,101.0,1189.0,9468.0,9028.0,-273.0,24.0,16797.0,19344.0,96.0,16644.0,358.0,0.0,27814.0,51.0,Pass
l3101.txm,86.25,752.0,753.0,133.0,0.0,1664.0,101.0,1183.0,9443.0,9024.0,713.0,25.0,16358.0,19442.0,111.0,16596.0,353.0,0.0,27946.0,51.0,Pass
l3101.txm,87.2715,752.0,753.0,135.0,0.0,1660.0,102.0,1190.0,9496.0,8971.0,132.0,23.0,16914.0,19414.0,-36.0,16480.0,344.0,0.0,27862.0,51.0,Pass
l3101.txm,88.291,752.0,753.0,135.0,1.0,1672.0,101.0,1183.0,9450.0,8982.0,604.0,24.0,16298.0,19318.0,-375.0,16664.0,348.0,0.0,27828.0,51.0,Pass
l3101.txm,89.3105,751.0,753.0,134.0,0.0,1662.0,102.0,1187.0,9451.0,8999.0,-303.0,24.0,17069.0,19388.0,65.0,16690.0,351.0,1.0,27888.0,51.0,Pass
l3101.txm,90.3301,752.0,754.0,131.0,0.0,1667.0,101.0,1184.0,9529.0,8974.0,-86.0,24.0,17020.0,19300.0,962.0,16556.0,349.0,0.0,27876.0,51.0,Pass
l3101.txm,91.3496,752.0,753.0,134.0,0.0,1674.0,100.0,1185.0,9470.0,9016.0,37.0,23.0,17073.0,19394.0,137.0,16642.0,349.0,0.0,27942.0,51.0,Pass
l3101.txm,92.3711,751.0,753.0,133.0,0.0,1679.0,102.0,1188.0,9530.0,8934.0,-235.0,24.0,17101.0,19300.0,109.0,16418.0,349.0,0.0,27872.0,51.0,Pass
l3101.txm,93.3906,752.0,754.0,131.0,0.0,1672.0,101.0,1185.0,9526.0,8947.0,-526.0,25.0,16636.0,19412.0,109.0,16448.0,355.0,1.0,27748.0,51.0,Pass
l3101.txm,94.4102,752.0,754.0,132.0,0.0,1679.0,100.0,1184.0,9530.0,8933.0,-537.0,24.0,16598.0,19290.0,586.0,16468.0,351.0,0.0,27748.0,51.0,Pass
l3101.txm,95.4297,751.0,752.0,135.0,0.0,1686.0,101.0,1184.0,9446.0,9011.0,-394.0,24.0,17103.0,19272.0,-397.0,16682.0,348.0,0.0,27866.0,51.0,Pass
l3101.txm,96.4766,752.0,753.0,131.0,0.0,1685.0,100.0,1184.0,9461.0,9022.0,-94.0,24.0,16813.0,19332.0,-368.0,16512.0,342.0,0.0,27824.0,51.0,Pass
l3101.txm,97.4707,752.0,753.0,133.0,0.0,1695.0,101.0,1186.0,9517.0,8956.0,-55.0,24.0,16762.0,19350.0,600.0,16662.0,346.0,0.0,27994.0,51.0,Pass
l3101.txm,98.4902,751.0,753.0,136.0,0.0,1693.0,101.0,1188.0,9478.0,8960.0,-613.0,24.0,16937.0,19292.0,-53.0,16570.0,341.0,0.0,27878.0,51.0,Pass
l3101.txm,99.5137,752.0,753.0,134.0,0.0,1701.0,100.0,1185.0,9501.0,8947.0,-516.0,24.0,16913.0,19366.0,-383.0,16624.0,347.0,0.0,27882.0,51.0,Pass
l3101.txm,100.531,752.0,753.0,136.0,0.0,1694.0,101.0,1187.0,9492.0,8972.0,-770.0,24.0,16785.0,19242.0,-90.0,16500.0,355.0,0.0,27838.0,51.0,Pass
l3101.txm,101.58,752.0,754.0,133.0,0.0,1700.0,101.0,1186.0,9436.0,9015.0,-246.0,24.0,16659.0,19326.0,-290.0,16664.0,347.0,0.0,27824.0,51.0,Pass
l3101.txm,102.6,751.0,753.0,132.0,0.0,1701.0,102.0,1187.0,9462.0,8995.0,-328.0,24.0,16689.0,19274.0,98.0,16576.0,346.0,0.0,28004.0,51.0,Pass
l3101.txm,103.621,752.0,753.0,131.0,0.0,1698.0,101.0,1186.0,9528.0,8929.0,-279.0,24.0,16695.0,19250.0,610.0,16816.0,343.0,0.0,27894.0,51.0,Pass
l3101.txm,104.641,752.0,753.0,133.0,0.0,1702.0,100.0,1186.0,9438.0,9034.0,-197.0,24.0,16593.0,19354.0,156.0,16580.0,349.0,0.0,28016.0,51.0,Pass
l3101.txm,105.66,752.0,754.0,134.0,0.0,1705.0,102.0,1184.0,9446.0,9004.0,-341.0,24.0,16857.0,19386.0,38.0,16552.0,355.0,0.0,27910.0,51.0,Pass
l3101.txm,106.68,752.0,753.0,133.0,0.0,1710.0,100.0,1186.0,9492.0,8958.0,-329.0,24.0,16907.0,19296.0,-414.0,16712.0,344.0,0.0,27910.0,51.0,Pass
l3101.txm,107.721,752.0,752.0,133.0,0.0,1705.0,101.0,1185.0,9500.0,9007.0,407.0,24.0,16822.0,19394.0,117.0,16706.0,353.0,0.0,27888.0,51.0,Pass
l3101.txm,108.74,751.0,754.0,135.0,0.0,1709.0,100.0,1183.0,9433.0,9010.0,-189.0,24.0,16854.0,19374.0,-69.0,16538.0,352.0,0.0,27778.0,51.0,Pass
l3101.txm,109.76,752.0,753.0,134.0,0.0,1707.0,100.0,1185.0,9440.0,9019.0,-550.0,24.0,16865.0,19264.0,30.0,16536.0,354.0,0.0,27914.0,51.0,Pass
l3101.txm,110.781,752.0,753.0,133.0,0.0,1710.0,101.0,1186.0,9528.0,8974.0,-747.0,24.0,16701.0,19266.0,20.0,16636.0,351.0,0.0,27874.0,51.0,Pass
l3101.txm,111.801,752.0,754.0,133.0,0.0,1705.0,100.0,1183.0,9507.0,8958.0,-341.0,24.0,16557.0,19368.0,-388.0,16598.0,350.0,0.0,27894.0,51.0,Pass
l3101.txm,112.82,752.0,754.0,135.0,0.0,1709.0,101.0,1184.0,9475.0,8967.0,-983.0,24.0,17088.0,19330.0,133.0,16706.0,352.0,0.0,27888.0,51.0,Pass
l3101.txm,113.867,752.0,753.0,133.0,0.0,1710.0,100.0,1187.0,9515.0,8942.0,-91.0,24.0,16829.0,19340.0,-13.0,16722.0,348.0,0.0,27892.0,51.0,Pass
l3101.txm,114.881,752.0,754.0,135.0,0.0,1711.0,100.0,1184.0,9509.0,8960.0,-758.0,25.0,16603.0,19352.0,-78.0,16748.0,355.0,0.0,27898.0,51.0,Pass
l3101.txm,115.9,752.0,754.0,134.0,0.0,1713.0,101.0,1186.0,9513.0,8947.0,-942.0,25.0,16681.0,19232.0,674.0,16572.0,356.0,0.0,27832.0,51.0,Pass
l3101.txm,116.92,752.0,752.0,134.0,0.0,1712.0,100.0,1184.0,9514.0,8940.0,-728.0,24.0,16816.0,19264.0,-453.0,16716.0,357.0,0.0,27884.0,51.0,Pass
l3101.txm,117.941,752.0,754.0,134.0,0.0,1716.0,102.0,1183.0,9534.0,8960.0,-568.0,25.0,16797.0,19270.0,63.0,16642.0,348.0,0.0,27898.0,51.0,Pass
l3101.txm,118.961,752.0,754.0,133.0,0.0,1712.0,101.0,1184.0,9465.0,8974.0,-784.0,24.0,17033.0,19282.0,28.0,16626.0,350.0,0.0,27886.0,51.0,Pass
l3102.txm,60.4102,752.0,754.0,134.0,0.0,1422.0,100.0,1186.0,9505.0,8953.0,-743.0,28.0,16481.0,19822.0,-501.0,16874.0,344.0,0.0,27564.0,50.0,Pass
l3102.txm,61.4316,753.0,754.0,132.0,0.0,1203.0,100.0,1254.0,9434.0,9063.0,-624.0,28.0,16406.0,19954.0,-509.0,16436.0,343.0,0.0,27482.0,49.0,Pass
l3102.txm,62.4746,752.0,753.0,135.0,0.0,1152.0,100.0,1213.0,9461.0,9052.0,-550.0,27.0,16751.0,19952.0,-649.0,16622.0,350.0,0.0,27416.0,50.0,Pass
l3102.txm,63.4687,752.0,754.0,132.0,0.0,1150.0,101.0,1189.0,9443.0,9062.0,1311.0,26.0,16621.0,19948.0,-260.0,16894.0,346.0,0.0,27478.0,51.0,Pass
l3102.txm,64.4902,752.0,754.0,134.0,0.0,1123.0,101.0,1179.0,9527.0,8968.0,383.0,27.0,16405.0,20050.0,722.0,16306.0,353.0,1.0,27370.0,51.0,Pass
l3102.txm,65.5098,751.0,753.0,135.0,0.0,1108.0,101.0,1194.0,9546.0,8955.0,-498.0,27.0,16775.0,20068.0,114.0,16344.0,357.0,0.0,27350.0,51.0,Pass
l3102.txm,66.5312,752.0,754.0,134.0,0.0,1099.0,100.0,1181.0,9450.0,9032.0,-266.0,27.0,16634.0,20022.0,-263.0,16614.0,344.0,0.0,27378.0,51.0,Pass
l3102.txm,67.5488,752.0,753.0,133.0,0.0,1082.0,101.0,1184.0,9487.0,9058.0,-3.0,27.0,16286.0,20076.0,102.0,16730.0,342.0,0.0,27380.0,51.0,Pass
l3102.txm,68.5703,752.0,753.0,133.0,0.0,1075.0,101.0,1191.0,9505.0,8995.0,-306.0,27.0,16737.0,20066.0,-305.0,16560.0,339.0,0.0,27382.0,51.0,Pass
l3102.txm,69.5898,752.0,752.0,135.0,0.0,1047.0,100.0,1186.0,9481.0,9047.0,-701.0,27.0,16428.0,20080.0,-362.0,16794.0,357.0,0.0,27354.0,51.0,Pass
l3102.txm,70.6094,752.0,754.0,133.0,0.0,1016.0,101.0,1183.0,9465.0,9014.0,-1119.0,28.0,16630.0,20120.0,-418.0,16378.0,346.0,0.0,27258.0,51.0,Pass
l3102.txm,71.6289,752.0,754.0,131.0,0.0,971.0,100.0,1179.0,9484.0,8986.0,-1832.0,28.0,16252.0,20158.0,-502.0,17014.0,354.0,0.0,27260.0,50.0,Pass
l3102.txm,72.6504,752.0,753.0,133.0,0.0,930.0,101.0,1175.0,9495.0,8972.0,-1890.0,29.0,16295.0,20322.0,27.0,16382.0,351.0,0.0,27026.0,50.0,Pass
l3102.txm,73.6699,752.0,754.0,133.0,0.0,904.0,101.0,1184.0,9432.0,9092.0,-506.0,29.0,16297.0,20288.0,-93.0,16744.0,349.0,0.0,27028.0,50.0,Pass
l3102.txm,74.7148,752.0,754.0,135.0,0.0,897.0,100.0,1184.0,9507.0,9047.0,-1553.0,29.0,16239.0,20424.0,-578.0,16268.0,343.0,1.0,26934.0,50.0,Pass
l3102.txm,75.709,751.0,752.0,134.0,0.0,925.0,101.0,1189.0,9460.0,9068.0,-457.0,27.0,16526.0,20426.0,916.0,16056.0,351.0,1.0,27212.0,50.0,Pass
l3102.txm,76.7285,752.0,753.0,134.0,0.0,1046.0,100.0,1193.0,9534.0,9022.0,273.0,26.0,16870.0,20176.0,103.0,16244.0,348.0,0.0,27304.0,50.0,Pass
l3102.txm,77.75,752.0,754.0,131.0,0.0,1174.0,101.0,1188.0,9513.0,9054.0,823.0,25.0,16654.0,20088.0,-52.0,16574.0,352.0,0.0,27564.0,50.0,Pass
l3102.txm,78.7715,752.0,754.0,131.0,0.0,1285.0,100.0,1193.0,9482.0,8992.0,643.0,23.0,17084.0,20066.0,460.0,16614.0,361.0,0.0,27656.0,50.0,Pass
l3102.txm,79.7891,752.0,753.0,135.0,0.0,1455.0,102.0,1182.0,9492.0,8955.0,756.0,25.0,16762.0,19870.0,-48.0,16134.0,349.0,1.0,27800.0,51.0,Pass
l3102.txm,80.8125,752.0,753.0,132.0,0.0,1579.0,102.0,1189.0,9459.0,8978.0,-85.0,24.0,17143.0,19336.0,386.0,16750.0,345.0,0.0,27958.0,51.0,Pass
l3102.txm,81.8301,752.0,754.0,134.0,0.0,1658.0,100.0,1183.0,9421.0,8912.0,864.0,25.0,16701.0,19362.0,102.0,16580.0,359.0,1.0,27846.0,51.0,Pass
l3102.txm,82.8516,751.0,753.0,135.0,0.0,1663.0,100.0,1194.0,9483.0,8998.0,-864.0,23.0,17220.0,19328.0,-31.0,16786.0,344.0,0.0,27750.0,51.0,Pass
l3102.txm,83.8691,752.0,754.0,135.0,0.0,1673.0,102.0,1179.0,9400.0,9022.0,309.0,26.0,16360.0,19360.0,-629.0,16652.0,344.0,0.0,27886.0,51.0,Pass
l3102.txm,84.8887,752.0,754.0,132.0,0.0,1669.0,100.0,1192.0,9449.0,9040.0,-595.0,24.0,16620.0,19302.0,22.0,16520.0,356.0,0.0,27882.0,51.0,Pass
l3102.txm,85.9082,752.0,753.0,134.0,0.0,1672.0,100.0,1183.0,9466.0,8988.0,-651.0,25.0,16971.0,19348.0,83.0,16646.0,360.0,0.0,27822.0,51.0,Pass
l3102.txm,86.9551,752.0,753.0,132.0,0.0,1684.0,102.0,1186.0,9531.0,8942.0,433.0,23.0,16913.0,19338.0,-46.0,16708.0,350.0,0.0,27824.0,51.0,Pass
l3102.txm,87.9785,752.0,754.0,132.0,0.0,1686.0,100.0,1189.0,9408.0,8970.0,-586.0,25.0,16784.0,19312.0,76.0,16628.0,354.0,0.0,27828.0,51.0,Pass
l3102.txm,89.0,752.0,753.0,134.0,0.0,1688.0,100.0,1186.0,9460.0,9034.0,-264.0,24.0,17050.0,19342.0,101.0,16480.0,351.0,0.0,27846.0,51.0,Pass
l3102.txm,90.0195,752.0,753.0,134.0,0.0,1684.0,101.0,1180.0,9444.0,8958.0,-1071.0,26.0,16526.0,19278.0,-326.0,16626.0,344.0,0.0,27888.0,51.0,Pass
l3102.txm,91.0391,752.0,754.0,133.0,0.0,1690.0,101.0,1185.0,9496.0,8995.0,-35.0,24.0,16885.0,19292.0,135.0,16642.0,344.0,0.0,27836.0,51.0,Pass
l3102.txm,92.0586,751.0,752.0,134.0,0.0,1695.0,101.0,1183.0,9501.0,8933.0,-588.0,25.0,16423.0,19332.0,149.0,16506.0,342.0,0.0,27832.0,51.0,Pass
l3102.txm,93.0801,751.0,752.0,134.0,0.0,1696.0,100.0,1186.0,9518.0,8954.0,-530.0,24.0,16938.0,19280.0,702.0,16584.0,353.0,0.0,27864.0,51.0,Pass
l3102.txm,94.0996,752.0,753.0,135.0,0.0,1698.0,101.0,1181.0,9424.0,8984.0,-576.0,25.0,16855.0,19284.0,518.0,16664.0,349.0,0.0,27738.0,51.0,Pass
l3102.txm,95.1191,752.0,754.0,135.0,0.0,1698.0,100.0,1187.0,9473.0,9014.0,-296.0,24.0,17211.0,19346.0,-85.0,16614.0,348.0,0.0,27818.0,51.0,Pass
l3102.txm,96.1387,752.0,754.0,134.0,0.0,1699.0,100.0,1180.0,9507.0,8946.0,-251.0,25.0,16929.0,19306.0,-259.0,16576.0,344.0,0.0,27972.0,51.0,Pass
l3102.txm,97.1602,752.0,753.0,133.0,0.0,1705.0,100.0,1187.0,9462.0,9011.0,231.0,24.0,17015.0,19316.0,143.0,16480.0,347.0,0.0,27916.0,51.0,Pass
l3102.txm,98.1797,752.0,753.0,133.0,0.0,1705.0,102.0,1182.0,9522.0,8953.0,-356.0,24.0,17021.0,19328.0,168.0,16550.0,352.0,0.0,27730.0,51.0,Pass
l3102.txm,99.2246,752.0,754.0,133.0,0.0,1713.0,101.0,1185.0,9508.0,8938.0,-336.0,26.0,16575.0,19346.0,-62.0,16718.0,356.0,0.0,27854.0,51.0,Pass
l3102.txm,100.25,752.0,753.0,131.0,0.0,1711.0,101.0,1187.0,9517.0,8933.0,198.0,24.0,16609.0,19318.0,-366.0,16402.0,351.0,0.0,27850.0,51.0,Pass
l3102.txm,101.27,751.0,753.0,132.0,0.0,1714.0,100.0,1184.0,9441.0,8994.0,-1045.0,25.0,17032.0,19294.0,472.0,16382.0,351.0,0.0,27734.0,51.0,Pass
l3102.txm,102.289,752.0,753.0,132.0,0.0,1715.0,101.0,1187.0,9483.0,9009.0,-324.0,24.0,16855.0,19338.0,129.0,16410.0,346.0,0.0,27922.0,51.0,Pass
l3102.txm,103.309,752.0,753.0,133.0,0.0,1714.0,100.0,1183.0,9427.0,9006.0,-117.0,25.0,16631.0,19310.0,-12.0,16530.0,352.0,0.0,27830.0,51.0,Pass
l3102.txm,104.332,752.0,753.0,134.0,0.0,1713.0,102.0,1190.0,9504.0,8963.0,306.0,24.0,16857.0,19296.0,308.0,16616.0,349.0,0.0,27998.0,51.0,Pass
l3102.txm,105.35,752.0,754.0,134.0,0.0,1719.0,102.0,1181.0,9487.0,8979.0,-674.0,25.0,16852.0,19276.0,127.0,16634.0,356.0,0.0,27724.0,51.0,Pass
l3102.txm,106.369,752.0,753.0,133.0,0.0,1721.0,101.0,1189.0,9511.0,8965.0,291.0,24.0,16692.0,19290.0,406.0,16480.0,354.0,0.0,27742.0,51.0,Pass
l3102.txm,107.389,752.0,752.0,135.0,0.0,1725.0,101.0,1185.0,9444.0,9027.0,-295.0,24.0,16761.0,19302.0,40.0,16464.0,355.0,0.0,27840.0,51.0,Pass
l3102.txm,108.41,752.0,752.0,134.0,0.0,1717.0,100.0,1184.0,9491.0,8948.0,-364.0,25.0,16711.0,19296.0,-13.0,16618.0,349.0,0.0,27822.0,51.0,Pass
l3102.txm,109.43,751.0,753.0,133.0,0.0,1716.0,100.0,1182.0,9508.0,8960.0,97.0,24.0,17067.0,19330.0,-83.0,16606.0,342.0,0.0,27838.0,51.0,Pass
l3102.txm,110.449,752.0,753.0,133.0,0.0,1718.0,101.0,1187.0,9424.0,8997.0,-125.0,25.0,16760.0,19326.0,79.0,16464.0,347.0,0.0,27890.0,51.0,Pass
l3102.txm,111.496,752.0,753.0,131.0,0.0,1717.0,101.0,1186.0,9418.0,9034.0,20.0,24.0,17054.0,19338.0,104.0,16620.0,344.0,0.0,27874.0,51.0,Pass
l3102.txm,112.49,752.0,754.0,134.0,0.0,1723.0,101.0,1185.0,9432.0,9012.0,-456.0,25.0,16763.0,19330.0,-282.0,16494.0,340.0,0.0,27960.0,51.0,Pass
l3102.txm,113.51,752.0,753.0,134.0,0.0,1723.0,101.0,1187.0,9533.0,8966.0,114.0,24.0,16812.0,19278.0,688.0,16586.0,345.0,0.0,27890.0,51.0,Pass
l3102.txm,114.529,751.0,751.0,135.0,0.0,1721.0,101.0,1181.0,9444.0,9041.0,-805.0,25.0,16468.0,19282.0,105.0,16480.0,354.0,0.0,27876.0,51.0,Pass
l3102.txm,115.551,752.0,754.0,134.0,0.0,1723.0,100.0,1186.0,9454.0,8957.0,20.0,24.0,17046.0,19322.0,20.0,16448.0,346.0,0.0,27842.0,51.0,Pass
l3102.txm,116.57,752.0,754.0,133.0,0.0,1725.0,100.0,1184.0,9453.0,8979.0,-633.0,26.0,16509.0,19304.0,81.0,16658.0,350.0,0.0,27898.0,51.0,Pass
l3103.txm,60.8281,752.0,755.0,133.0,0.0,1176.0,100.0,1253.0,9429.0,9035.0,-1260.0,29.0,15942.0,19990.0,-393.0,16146.0,347.0,0.0,27310.0,49.0,Pass
l3103.txm,61.8516,752.0,754.0,133.0,0.0,1141.0,101.0,1229.0,9515.0,8983.0,-804.0,27.0,16590.0,19968.0,-371.0,16510.0,351.0,0.0,27290.0,50.0,Pass
l3103.txm,62.8691,752.0,754.0,133.0,0.0,1135.0,101.0,1194.0,9536.0,8983.0,154.0,26.0,16660.0,19974.0,-551.0,16734.0,352.0,0.0,27300.0,51.0,Pass
l3103.txm,63.8906,752.0,755.0,135.0,0.0,1131.0,101.0,1183.0,9514.0,8995.0,250.0,26.0,16813.0,19982.0,-348.0,16634.0,361.0,0.0,27396.0,51.0,Pass
l3103.txm,64.9082,752.0,753.0,132.0,0.0,1116.0,101.0,1184.0,9443.0,9071.0,-633.0,26.0,16762.0,19974.0,-405.0,16744.0,357.0,0.0,27480.0,51.0,Pass
l3103.txm,65.9277,752.0,754.0,134.0,0.0,1096.0,101.0,1185.0,9488.0,9012.0,-803.0,26.0,16881.0,20006.0,-645.0,16826.0,351.0,0.0,27356.0,51.0,Pass
l3103.txm,66.9512,751.0,753.0,133.0,0.0,1075.0,101.0,1181.0,9512.0,9004.0,-870.0,26.0,16999.0,20108.0,246.0,16276.0,346.0,0.0,27348.0,51.0,Pass
l3103.txm,67.9687,751.0,754.0,132.0,0.0,1058.0,102.0,1186.0,9514.0,9028.0,-778.0,26.0,16787.0,20108.0,4.0,16566.0,347.0,0.0,27338.0,51.0,Pass
l3103.txm,69.0156,752.0,753.0,132.0,0.0,1043.0,101.0,1184.0,9525.0,8988.0,-1174.0,27.0,16895.0,20036.0,-607.0,16684.0,344.0,0.0,27364.0,51.0,Pass
l3103.txm,70.0078,752.0,755.0,131.0,0.0,1017.0,101.0,1181.0,9515.0,8980.0,-1448.0,27.0,16862.0,20110.0,-600.0,17010.0,349.0,0.0,27240.0,51.0,Pass
l3103.txm,71.0312,752.0,753.0,134.0,0.0,971.0,100.0,1175.0,9416.0,9066.0,-1943.0,28.0,16137.0,20210.0,-448.0,16512.0,352.0,0.0,27106.0,50.0,Pass
l3103.txm,72.0488,751.0,754.0,133.0,0.0,923.0,101.0,1180.0,9466.0,9024.0,-1633.0,29.0,16073.0,20266.0,-461.0,16508.0,351.0,0.0,27082.0,50.0,Pass
l3103.txm,73.0684,752.0,754.0,131.0,0.0,900.0,101.0,1182.0,9494.0,9033.0,-1554.0,30.0,15907.0,20294.0,-292.0,16918.0,355.0,0.0,27086.0,50.0,Pass
l3103.txm,74.0879,752.0,753.0,133.0,0.0,888.0,100.0,1178.0,9522.0,9006.0,-1059.0,29.0,16118.0,20402.0,-298.0,16124.0,353.0,0.0,26812.0,50.0,Pass
l3103.txm,75.1113,752.0,754.0,135.0,0.0,939.0,100.0,1190.0,9545.0,9039.0,-92.0,27.0,16685.0,20378.0,484.0,16064.0,351.0,0.0,27310.0,50.0,Pass
l3103.txm,76.1309,752.0,753.0,134.0,0.0,1071.0,101.0,1193.0,9495.0,9063.0,553.0,26.0,16494.0,20202.0,39.0,16006.0,350.0,0.0,27334.0,50.0,Pass
l3103.txm,77.1484,752.0,754.0,132.0,0.0,1180.0,101.0,1182.0,9475.0,9048.0,953.0,25.0,16837.0,20112.0,-34.0,16340.0,348.0,0.0,27500.0,50.0,Pass
l3103.txm,78.168,752.0,753.0,132.0,0.0,1325.0,102.0,1184.0,9532.0,8938.0,1161.0,25.0,16752.0,19856.0,-26.0,16156.0,342.0,0.0,27562.0,50.0,Pass
l3103.txm,79.1895,752.0,753.0,134.0,0.0,1492.0,101.0,1189.0,9512.0,8983.0,-158.0,24.0,17129.0,19580.0,654.0,16152.0,343.0,0.0,27804.0,51.0,Pass
l3103.txm,80.209,752.0,754.0,131.0,0.0,1626.0,101.0,1179.0,9531.0,8991.0,-204.0,24.0,16891.0,19396.0,482.0,16632.0,349.0,0.0,27920.0,51.0,Pass
l3103.txm,81.2539,752.0,754.0,134.0,0.0,1667.0,100.0,1187.0,9434.0,8999.0,-45.0,25.0,16826.0,19348.0,96.0,16570.0,352.0,0.0,27880.0,51.0,Pass
l3103.txm,82.248,752.0,754.0,135.0,0.0,1672.0,101.0,1186.0,9523.0,8969.0,231.0,24.0,17322.0,19264.0,-68.0,16712.0,351.0,0.0,27846.0,51.0,Pass
l3103.txm,83.2676,751.0,753.0,132.0,1.0,1686.0,100.0,1184.0,9470.0,8940.0,898.0,26.0,15727.0,19328.0,-70.0,16746.0,348.0,0.0,27934.0,51.0,Pass
l3103.txm,84.2891,752.0,752.0,131.0,0.0,1681.0,100.0,1188.0,9440.0,8995.0,153.0,24.0,16941.0,19328.0,110.0,16548.0,338.0,0.0,27938.0,51.0,Pass
l3103.txm,85.3086,752.0,753.0,134.0,1.0,1691.0,101.0,1185.0,9532.0,8907.0,9.0,26.0,15889.0,19296.0,-332.0,16742.0,344.0,0.0,27942.0,51.0,Pass
l3103.txm,86.3281,752.0,752.0,135.0,0.0,1689.0,100.0,1186.0,9507.0,8972.0,-45.0,24.0,17368.0,19338.0,109.0,16578.0,349.0,0.0,27914.0,51.0,Pass
l3103.txm,87.3477,752.0,753.0,134.0,0.0,1699.0,100.0,1189.0,9510.0,8963.0,-69.0,25.0,17156.0,19290.0,78.0,16602.0,344.0,0.0,27908.0,51.0,Pass
l3103.txm,88.3691,752.0,754.0,133.0,0.0,1700.0,101.0,1185.0,9530.0,8957.0,190.0,24.0,17130.0,19280.0,104.0,16564.0,344.0,0.0,27882.0,51.0,Pass
l3103.txm,89.3906,752.0,752.0,132.0,0.0,1700.0,101.0,1187.0,9421.0,9001.0,132.0,25.0,16767.0,19338.0,758.0,16678.0,344.0,0.0,27876.0,51.0,Pass
l3103.txm,90.4082,752.0,753.0,132.0,0.0,1703.0,101.0,1184.0,9489.0,8962.0,316.0,25.0,16721.0,19354.0,29.0,16456.0,354.0,0.0,27848.0,51.0,Pass
l3103.txm,91.4297,752.0,754.0,135.0,0.0,1703.0,100.0,1187.0,9440.0,9044.0,-476.0,25.0,16996.0,19266.0,-354.0,16658.0,347.0,0.0,27980.0,51.0,Pass
l3103.txm,92.4707,751.0,753.0,132.0,0.0,1711.0,100.0,1184.0,9464.0,8969.0,-168.0,24.0,16993.0,19282.0,17.0,16556.0,350.0,0.0,27906.0,51.0,Pass
l3103.txm,93.5039,752.0,753.0,134.0,0.0,1712.0,101.0,1186.0,9480.0,8961.0,375.0,25.0,16654.0,19298.0,494.0,16690.0,349.0,1.0,27768.0,51.0,Pass
l3103.txm,94.502,751.0,753.0,134.0,0.0,1708.0,101.0,1187.0,9429.0,9036.0,168.0,25.0,17001.0,19292.0,-42.0,16600.0,355.0,0.0,27908.0,51.0,Pass
l3103.txm,95.5215,752.0,754.0,134.0,0.0,1716.0,100.0,1187.0,9460.0,9017.0,-281.0,24.0,16812.0,19290.0,-275.0,16530.0,343.0,0.0,27906.0,51.0,Pass
l3103.txm,96.541,752.0,754.0,135.0,0.0,1714.0,100.0,1184.0,9416.0,9022.0,114.0,24.0,17002.0,19266.0,-88.0,16592.0,348.0,0.0,28004.0,51.0,Pass
l3103.txm,97.5605,751.0,754.0,134.0,0.0,1721.0,102.0,1185.0,9443.0,8992.0,176.0,25.0,16918.0,19346.0,109.0,16448.0,342.0,0.0,27884.0,51.0,Pass
l3103.txm,98.5801,752.0,753.0,134.0,0.0,1717.0,102.0,1184.0,9433.0,8986.0,-144.0,25.0,17007.0,19312.0,178.0,16438.0,350.0,0.0,27918.0,51.0,Pass
l3103.txm,99.5996,751.0,753.0,133.0,0.0,1721.0,102.0,1183.0,9418.0,9019.0,191.0,24.0,16837.0,19274.0,314.0,16526.0,353.0,0.0,27958.0,51.0,Pass
l3103.txm,100.621,752.0,753.0,132.0,0.0,1728.0,101.0,1187.0,9465.0,9009.0,-329.0,25.0,17137.0,19348.0,127.0,16606.0,348.0,0.0,27950.0,51.0,Pass
l3103.txm,101.641,752.0,752.0,135.0,0.0,1720.0,100.0,1184.0,9481.0,8965.0,139.0,24.0,17147.0,19278.0,99.0,16566.0,350.0,0.0,28002.0,51.0,Pass
l3103.txm,102.66,751.0,753.0,133.0,0.0,1727.0,100.0,1185.0,9472.0,8946.0,-356.0,24.0,16974.0,19336.0,-283.0,16438.0,343.0,0.0,27894.0,51.0,Pass
l3103.txm,103.68,752.0,753.0,132.0,0.0,1724.0,102.0,1185.0,9434.0,9027.0,56.0,24.0,16704.0,19280.0,146.0,16470.0,355.0,0.0,27858.0,51.0,Pass
l3103.txm,104.701,752.0,753.0,132.0,0.0,1729.0,101.0,1186.0,9469.0,8978.0,-105.0,25.0,16974.0,19316.0,324.0,16486.0,346.0,0.0,27784.0,51.0,Pass
l3103.txm,105.744,751.0,752.0,135.0,0.0,1724.0,101.0,1185.0,9427.0,9038.0,-507.0,25.0,16671.0,19258.0,662.0,16308.0,356.0,0.0,27876.0,51.0,Pass
l3103.txm,106.74,752.0,754.0,133.0,0.0,1732.0,101.0,1185.0,9418.0,9037.0,572.0,24.0,16659.0,19342.0,3.0,16424.0,355.0,0.0,27896.0,51.0,Pass
l3103.txm,107.76,752.0,754.0,133.0,0.0,1727.0,100.0,1185.0,9460.0,8957.0,176.0,24.0,17000.0,19258.0,-42.0,16584.0,357.0,0.0,27850.0,51.0,Pass
l3103.txm,108.781,752.0,755.0,133.0,0.0,1731.0,102.0,1186.0,9516.0,8943.0,-323.0,24.0,16590.0,19346.0,147.0,16508.0,343.0,0.0,28006.0,51.0,Pass
l3103.txm,109.801,751.0,752.0,132.0,0.0,1735.0,101.0,1189.0,9434.0,8970.0,24.0,25.0,17088.0,19268.0,-273.0,16506.0,349.0,0.0,27900.0,51.0,Pass
l3103.txm,110.82,751.0,754.0,132.0,0.0,1730.0,101.0,1185.0,9489.0,8950.0,227.0,25.0,16703.0,19322.0,79.0,16560.0,357.0,0.0,27920.0,51.0,Pass
l3103.txm,111.84,752.0,753.0,132.0,0.0,1729.0,101.0,1186.0,9508.0,8973.0,-206.0,24.0,16945.0,19266.0,338.0,16550.0,350.0,0.0,27966.0,51.0,Pass
l3103.txm,112.861,752.0,753.0,133.0,0.0,1731.0,100.0,1186.0,9457.0,8979.0,581.0,25.0,16804.0,19274.0,-46.0,16642.0,352.0,0.0,27942.0,51.0,Pass
l3103.txm,113.881,752.0,753.0,132.0,0.0,1737.0,102.0,1187.0,9508.0,8958.0,-186.0,24.0,17075.0,19348.0,135.0,16490.0,353.0,0.0,28008.0,51.0,Pass
l3103.txm,114.9,752.0,752.0,133.0,0.0,1733.0,102.0,1185.0,9462.0,9036.0,144.0,24.0,17092.0,19284.0,-394.0,16558.0,351.0,0.0,27860.0,51.0,Pass
l3103.txm,115.92,752.0,753.0,132.0,0.0,1731.0,101.0,1185.0,9484.0,8951.0,799.0,25.0,16904.0,19354.0,19.0,16586.0,350.0,1.0,27782.0,51.0,Pass
l3103.txm,116.941,752.0,753.0,132.0,0.0,1730.0,100.0,1186.0,9461.0,8956.0,36.0,24.0,17013.0,19344.0,-435.0,16620.0,343.0,0.0,27896.0,51.0,Pass
l3104.txm,57.7773,752.0,755.0,134.0,0.0,1401.0,102.0,1189.0,9431.0,9049.0,139.0,28.0,16612.0,19868.0,-335.0,16416.0,338.0,0.0,27526.0,50.0,Pass
l3104.txm,58.7969,751.0,753.0,135.0,0.0,1203.0,101.0,1253.0,9450.0,8992.0,-1856.0,29.0,16113.0,19882.0,-636.0,16742.0,344.0,0.0,27522.0,49.0,Pass
l3104.txm,59.8184,752.0,755.0,132.0,0.0,1150.0,101.0,1224.0,9484.0,9013.0,-54.0,27.0,16707.0,19932.0,25.0,16682.0,350.0,0.0,27510.0,50.0,Pass
l3104.txm,60.8379,752.0,753.0,134.0,0.0,1145.0,101.0,1204.0,9486.0,9019.0,23.0,26.0,16516.0,19938.0,-324.0,16716.0,347.0,0.0,27348.0,50.0,Pass
l3104.txm,61.8574,751.0,753.0,135.0,0.0,1124.0,100.0,1176.0,9446.0,9023.0,-660.0,28.0,16262.0,20010.0,-435.0,16490.0,346.0,0.0,27372.0,51.0,Pass
l3104.txm,62.877,752.0,754.0,133.0,0.0,1114.0,100.0,1185.0,9519.0,8966.0,19.0,27.0,16538.0,20012.0,-56.0,16414.0,361.0,0.0,27358.0,50.0,Pass
l3104.txm,63.8984,752.0,753.0,135.0,0.0,1103.0,100.0,1186.0,9424.0,9053.0,-514.0,27.0,16475.0,20024.0,-731.0,16596.0,347.0,0.0,27372.0,50.0,Pass
l3104.txm,64.918,752.0,753.0,132.0,0.0,1086.0,100.0,1185.0,9454.0,9061.0,-98.0,27.0,16716.0,20010.0,-453.0,16696.0,346.0,0.0,27378.0,51.0,Pass
l3104.txm,65.9375,752.0,753.0,134.0,0.0,1062.0,100.0,1184.0,9489.0,8986.0,-134.0,28.0,16196.0,20108.0,-505.0,16396.0,355.0,0.0,27356.0,51.0,Pass
l3104.txm,66.9863,752.0,753.0,135.0,0.0,1049.0,101.0,1187.0,9439.0,9026.0,-1397.0,28.0,16653.0,20094.0,-395.0,16618.0,341.0,0.0,27352.0,51.0,Pass
l3104.txm,67.9766,751.0,753.0,131.0,0.0,1020.0,100.0,1183.0,9452.0,9060.0,-830.0,28.0,16309.0,20078.0,-672.0,16802.0,349.0,0.0,27258.0,51.0,Pass
l3104.txm,68.998,752.0,753.0,135.0,0.0,974.0,102.0,1179.0,9482.0,8964.0,-2489.0,28.0,16303.0,20252.0,-72.0,16428.0,349.0,0.0,27224.0,50.0,Pass
l3104.txm,70.0195,752.0,754.0,132.0,0.0,931.0,100.0,1181.0,9503.0,9005.0,-2105.0,30.0,16191.0,20128.0,-690.0,16714.0,353.0,0.0,27026.0,50.0,Pass
l3104.txm,71.0371,752.0,753.0,131.0,0.0,903.0,101.0,1182.0,9462.0,9044.0,-1591.0,29.0,16369.0,20350.0,-452.0,16756.0,349.0,0.0,27062.0,50.0,Pass
l3104.txm,73.3867,752.0,754.0,131.0,0.0,890.0,100.0,1180.0,9427.0,9069.0,-1144.0,29.0,15956.0,20384.0,-553.0,16362.0,343.0,0.0,26794.0,50.0,Pass
l3104.txm,74.4082,751.0,752.0,131.0,0.0,1095.0,102.0,1198.0,9545.0,9130.0,508.0,25.0,16897.0,20244.0,810.0,16118.0,345.0,0.0,27318.0,50.0,Pass
l3104.txm,75.4277,752.0,754.0,136.0,0.0,1217.0,102.0,1186.0,9497.0,9027.0,312.0,25.0,17324.0,19992.0,930.0,16470.0,350.0,0.0,27550.0,50.0,Pass
l3104.txm,76.4473,752.0,753.0,132.0,0.0,1368.0,101.0,1186.0,9519.0,9043.0,189.0,25.0,16856.0,19764.0,106.0,16566.0,345.0,0.0,27632.0,51.0,Pass
l3104.txm,77.4668,752.0,753.0,134.0,0.0,1550.0,100.0,1187.0,9462.0,9012.0,411.0,25.0,17006.0,19458.0,120.0,16472.0,345.0,0.0,27878.0,51.0,Pass
l3104.txm,78.4883,751.0,752.0,133.0,0.0,1657.0,100.0,1187.0,9518.0,8963.0,851.0,25.0,16598.0,19412.0,26.0,16474.0,343.0,1.0,27750.0,51.0,Pass
l3104.txm,79.5078,752.0,754.0,135.0,0.0,1675.0,101.0,1184.0,9459.0,9020.0,228.0,25.0,16776.0,19264.0,157.0,16478.0,348.0,0.0,27868.0,51.0,Pass
l3104.txm,80.5527,752.0,753.0,135.0,0.0,1677.0,102.0,1183.0,9440.0,9022.0,241.0,25.0,17094.0,19278.0,460.0,16546.0,347.0,0.0,27850.0,51.0,Pass
l3104.txm,81.5469,751.0,753.0,134.0,0.0,1683.0,100.0,1186.0,9481.0,8972.0,0.0,25.0,16918.0,19360.0,240.0,16488.0,352.0,0.0,27738.0,51.0,Pass
l3104.txm,82.5684,752.0,753.0,135.0,0.0,1691.0,101.0,1186.0,9441.0,9032.0,-56.0,25.0,16837.0,19310.0,119.0,16560.0,352.0,1.0,27850.0,51.0,Pass
l3104.txm,83.5879,752.0,752.0,135.0,0.0,1691.0,100.0,1185.0,9508.0,8970.0,-194.0,25.0,17028.0,19258.0,690.0,16630.0,346.0,0.0,27862.0,51.0,Pass
l3104.txm,84.6172,752.0,752.0,134.0,0.0,1693.0,100.0,1185.0,9433.0,9041.0,334.0,25.0,16977.0,19276.0,282.0,16512.0,353.0,0.0,27894.0,51.0,Pass
l3104.txm,85.627,752.0,753.0,135.0,0.0,1700.0,101.0,1184.0,9435.0,9011.0,382.0,25.0,17055.0,19252.0,-289.0,16376.0,353.0,0.0,27854.0,51.0,Pass
l3104.txm,86.6484,752.0,752.0,133.0,0.0,1700.0,101.0,1187.0,9494.0,8981.0,615.0,25.0,16747.0,19318.0,50.0,16426.0,350.0,1.0,27796.0,51.0,Pass
l3104.txm,87.668,751.0,754.0,134.0,0.0,1700.0,101.0,1184.0,9497.0,8978.0,39.0,25.0,16947.0,19272.0,-286.0,16536.0,345.0,0.0,27816.0,51.0,Pass
l3104.txm,88.6875,752.0,753.0,136.0,0.0,1699.0,100.0,1185.0,9500.0,8960.0,544.0,25.0,17149.0,19246.0,-88.0,16464.0,346.0,0.0,27834.0,51.0,Pass
l3104.txm,89.707,752.0,754.0,133.0,0.0,1706.0,101.0,1184.0,9451.0,9018.0,126.0,25.0,16727.0,19356.0,-84.0,16322.0,348.0,1.0,27900.0,51.0,Pass
l3104.txm,90.7266,752.0,753.0,134.0,0.0,1705.0,100.0,1185.0,9455.0,8997.0,88.0,24.0,17023.0,19282.0,272.0,16350.0,348.0,0.0,27952.0,51.0,Pass
l3104.txm,91.748,752.0,754.0,135.0,0.0,1709.0,100.0,1185.0,9518.0,8979.0,-36.0,25.0,16765.0,19306.0,41.0,16418.0,347.0,0.0,27886.0,51.0,Pass
l3104.txm,92.791,752.0,754.0,134.0,0.0,1709.0,101.0,1185.0,9495.0,8965.0,372.0,25.0,16928.0,19244.0,145.0,16530.0,348.0,0.0,27972.0,51.0,Pass
l3104.txm,93.7871,752.0,754.0,133.0,0.0,1714.0,100.0,1185.0,9438.0,9056.0,697.0,24.0,16873.0,19338.0,-456.0,16436.0,344.0,0.0,27824.0,51.0,Pass
l3104.txm,94.8066,751.0,752.0,132.0,0.0,1713.0,100.0,1184.0,9474.0,9010.0,725.0,25.0,16838.0,19314.0,-281.0,16358.0,351.0,0.0,27806.0,51.0,Pass
l3104.txm,95.8281,752.0,753.0,135.0,0.0,1720.0,101.0,1186.0,9504.0,8973.0,128.0,25.0,16677.0,19346.0,-480.0,16414.0,354.0,0.0,27884.0,51.0,Pass
l3104.txm,96.8477,752.0,753.0,135.0,0.0,1718.0,100.0,1185.0,9468.0,8993.0,321.0,25.0,16626.0,19332.0,-15.0,16424.0,351.0,0.0,27888.0,51.0,Pass
l3104.txm,97.8672,752.0,753.0,135.0,0.0,1719.0,101.0,1185.0,9435.0,9013.0,369.0,25.0,17060.0,19308.0,824.0,16432.0,356.0,0.0,27824.0,51.0,Pass
l3104.txm,98.8867,752.0,753.0,135.0,0.0,1722.0,100.0,1188.0,9430.0,9036.0,388.0,25.0,16481.0,19252.0,131.0,16408.0,358.0,0.0,27854.0,51.0,Pass
l3104.txm,99.9082,751.0,753.0,133.0,0.0,1728.0,101.0,1184.0,9444.0,8992.0,215.0,25.0,17036.0,19266.0,-74.0,16342.0,342.0,0.0,27830.0,51.0,Pass
l3104.txm,100.928,752.0,753.0,132.0,0.0,1724.0,100.0,1187.0,9428.0,9027.0,333.0,25.0,16803.0,19320.0,100.0,16484.0,353.0,0.0,27848.0,51.0,Pass
l3104.txm,101.947,752.0,754.0,134.0,0.0,1725.0,100.0,1185.0,9471.0,8968.0,721.0,24.0,16557.0,19358.0,42.0,16430.0,344.0,0.0,27882.0,51.0,Pass
l3104.txm,102.967,752.0,754.0,135.0,0.0,1723.0,101.0,1184.0,9427.0,9031.0,-84.0,25.0,16772.0,19366.0,-25.0,16284.0,353.0,0.0,27894.0,51.0,Pass
l3104.txm,103.988,752.0,753.0,133.0,0.0,1719.0,101.0,1185.0,9508.0,8975.0,623.0,24.0,16614.0,19312.0,65.0,16468.0,342.0,0.0,27874.0,51.0,Pass
l3104.txm,105.035,752.0,753.0,134.0,0.0,1730.0,100.0,1187.0,9460.0,9035.0,-2.0,25.0,16517.0,19330.0,75.0,16312.0,345.0,0.0,27996.0,51.0,Pass
l3104.txm,106.029,752.0,753.0,135.0,0.0,1724.0,101.0,1185.0,9428.0,9007.0,918.0,25.0,16637.0,19364.0,540.0,16510.0,360.0,0.0,27732.0,51.0,Pass
l3104.txm,107.047,752.0,753.0,134.0,0.0,1731.0,100.0,1189.0,9449.0,8990.0,389.0,25.0,17059.0,19342.0,448.0,16416.0,353.0,0.0,28028.0,51.0,Pass
l3104.txm,108.068,752.0,753.0,133.0,0.0,1724.0,100.0,1184.0,9446.0,9007.0,570.0,24.0,16648.0,19342.0,145.0,16320.0,345.0,0.0,27880.0,51.0,Pass
l3104.txm,109.088,751.0,754.0,132.0,0.0,1730.0,100.0,1186.0,9503.0,8986.0,897.0,25.0,16654.0,19286.0,506.0,16464.0,350.0,0.0,28012.0,51.0,Pass
l3104.txm,110.107,751.0,754.0,135.0,0.0,1732.0,102.0,1189.0,9446.0,8993.0,388.0,25.0,16780.0,19342.0,-47.0,16332.0,343.0,0.0,27858.0,51.0,Pass
l3104.txm,111.127,752.0,753.0,134.0,0.0,1727.0,100.0,1187.0,9417.0,9056.0,119.0,25.0,16910.0,19274.0,14.0,16358.0,356.0,0.0,27848.0,51.0,Pass
l3104.txm,112.148,751.0,753.0,132.0,0.0,1724.0,101.0,1184.0,9421.0,9059.0,869.0,25.0,16493.0,19242.0,130.0,16592.0,345.0,0.0,27854.0,51.0,Pass
l3104.txm,113.17,752.0,753.0,135.0,0.0,1727.0,101.0,1184.0,9455.0,9048.0,198.0,24.0,16966.0,19264.0,55.0,16542.0,350.0,0.0,27894.0,51.0,Pass
l3105.txm,59.7598,752.0,754.0,135.0,0.0,1178.0,100.0,1257.0,9411.0,9055.0,-1221.0,29.0,16335.0,19960.0,-402.0,16146.0,352.0,0.0,27412.0,49.0,Pass
l3105.txm,60.7793,752.0,754.0,132.0,0.0,1148.0,101.0,1227.0,9513.0,8996.0,-183.0,27.0,16372.0,19948.0,-415.0,16384.0,349.0,0.0,27472.0,50.0,Pass
l3105.txm,61.7988,752.0,754.0,134.0,0.0,1138.0,100.0,1197.0,9508.0,8986.0,352.0,26.0,16709.0,19940.0,-461.0,16758.0,343.0,0.0,27482.0,50.0,Pass
l3105.txm,62.8184,751.0,753.0,134.0,0.0,1135.0,101.0,1179.0,9505.0,8969.0,190.0,27.0,16387.0,19958.0,-593.0,16672.0,351.0,0.0,27362.0,51.0,Pass
l3105.txm,63.8398,752.0,753.0,132.0,0.0,1111.0,100.0,1186.0,9517.0,8960.0,58.0,27.0,16707.0,20044.0,-310.0,16338.0,352.0,0.0,27386.0,50.0,Pass
l3105.txm,64.8594,752.0,752.0,135.0,0.0,1098.0,101.0,1187.0,9434.0,9026.0,-230.0,28.0,16273.0,20042.0,-403.0,16422.0,358.0,0.0,27380.0,50.0,Pass
l3105.txm,65.8789,751.0,753.0,131.0,0.0,1082.0,102.0,1188.0,9462.0,9011.0,297.0,28.0,16600.0,20072.0,-42.0,16452.0,360.0,0.0,27474.0,51.0,Pass
l3105.txm,66.8984,752.0,753.0,133.0,0.0,1067.0,100.0,1183.0,9492.0,9002.0,-662.0,28.0,16736.0,20004.0,-28.0,16634.0,348.0,0.0,27300.0,51.0,Pass
l3105.txm,67.9199,752.0,753.0,134.0,0.0,1047.0,102.0,1184.0,9425.0,9034.0,-935.0,28.0,16497.0,20116.0,-314.0,16740.0,347.0,0.0,27248.0,51.0,Pass
l3105.txm,68.9648,752.0,753.0,132.0,0.0,1011.0,101.0,1184.0,9447.0,9038.0,-1694.0,29.0,16112.0,20066.0,-62.0,16466.0,349.0,0.0,27266.0,50.0,Pass
l3105.txm,69.959,751.0,753.0,134.0,0.0,964.0,101.0,1179.0,9459.0,9017.0,-1719.0,29.0,16128.0,20136.0,-412.0,16790.0,350.0,0.0,27114.0,50.0,Pass
l3105.txm,70.9785,751.0,753.0,134.0,0.0,927.0,100.0,1179.0,9463.0,9077.0,224.0,29.0,16251.0,20274.0,-431.0,16506.0,360.0,0.0,27032.0,50.0,Pass
l3105.txm,72.0,752.0,753.0,134.0,0.0,905.0,101.0,1186.0,9435.0,9048.0,-1952.0,29.0,16206.0,20364.0,-688.0,16752.0,352.0,0.0,27028.0,50.0,Pass
l3105.txm,73.0195,752.0,752.0,133.0,0.0,893.0,100.0,1182.0,9467.0,9092.0,-1632.0,29.0,16345.0,20246.0,-818.0,16636.0,343.0,0.0,26884.0,50.0,Pass
l3105.txm,74.0391,752.0,753.0,132.0,0.0,929.0,100.0,1189.0,9513.0,9008.0,-730.0,29.0,16458.0,20494.0,518.0,15988.0,351.0,1.0,27268.0,50.0,Pass
l3105.txm,75.0586,752.0,755.0,132.0,0.0,1062.0,102.0,1194.0,9468.0,9033.0,497.0,26.0,16684.0,20190.0,-26.0,16054.0,360.0,0.0,27334.0,50.0,Pass
l3105.txm,76.0801,752.0,752.0,135.0,0.0,1187.0,100.0,1187.0,9460.0,9062.0,166.0,25.0,16752.0,20054.0,730.0,16318.0,346.0,0.0,27516.0,50.0,Pass
l3105.txm,77.0996,752.0,754.0,132.0,0.0,1342.0,102.0,1187.0,9575.0,8984.0,591.0,24.0,17234.0,19898.0,151.0,16402.0,346.0,0.0,27650.0,50.0,Pass
l3105.txm,78.1191,752.0,753.0,131.0,0.0,1500.0,100.0,1189.0,9496.0,8975.0,1139.0,24.0,16972.0,19560.0,51.0,16386.0,350.0,0.0,27838.0,51.0,Pass
l3105.txm,79.1387,752.0,752.0,133.0,0.0,1659.0,100.0,1182.0,9502.0,8939.0,576.0,27.0,16105.0,19264.0,768.0,16566.0,346.0,0.0,27802.0,51.0,Pass
l3105.txm,80.1582,752.0,752.0,133.0,0.0,1685.0,101.0,1190.0,9504.0,8915.0,869.0,26.0,15870.0,19214.0,-513.0,16750.0,351.0,0.0,27874.0,51.0,Pass
l3105.txm,81.2031,752.0,754.0,134.0,0.0,1690.0,100.0,1179.0,9518.0,8944.0,379.0,24.0,16933.0,19232.0,-393.0,16708.0,349.0,0.0,27868.0,51.0,Pass
l3105.txm,82.1992,752.0,754.0,134.0,0.0,1699.0,100.0,1186.0,9423.0,9004.0,167.0,26.0,16419.0,19206.0,-577.0,16716.0,351.0,0.0,27824.0,51.0,Pass
l3105.txm,83.2168,752.0,751.0,135.0,0.0,1697.0,101.0,1187.0,9460.0,9022.0,-492.0,25.0,16717.0,19386.0,-310.0,16512.0,343.0,0.0,27884.0,51.0,Pass
l3105.txm,84.2363,752.0,753.0,132.0,0.0,1698.0,101.0,1187.0,9497.0,8927.0,1029.0,26.0,15935.0,19240.0,-605.0,16712.0,355.0,0.0,27866.0,51.0,Pass
l3105.txm,85.2578,751.0,753.0,134.0,0.0,1703.0,101.0,1187.0,9446.0,9042.0,6.0,25.0,16926.0,19388.0,-311.0,16534.0,346.0,0.0,27810.0,51.0,Pass
l3105.txm,86.2773,753.0,753.0,132.0,0.0,1705.0,101.0,1190.0,9486.0,8988.0,-62.0,24.0,16902.0,19292.0,62.0,16458.0,346.0,0.0,27884.0,51.0,Pass
l3105.txm,87.2969,751.0,753.0,132.0,0.0,1705.0,102.0,1187.0,9512.0,8978.0,401.0,24.0,17000.0,19410.0,-63.0,16612.0,346.0,0.0,27822.0,51.0,Pass
l3105.txm,88.3164,752.0,753.0,133.0,0.0,1713.0,101.0,1189.0,9440.0,9001.0,145.0,26.0,15967.0,19292.0,85.0,16554.0,346.0,0.0,27876.0,51.0,Pass
l3105.txm,89.3379,752.0,753.0,135.0,0.0,1718.0,101.0,1185.0,9519.0,8990.0,214.0,25.0,16977.0,19380.0,158.0,16546.0,349.0,1.0,27862.0,51.0,Pass
l3105.txm,90.3574,751.0,753.0,132.0,0.0,1714.0,101.0,1188.0,9436.0,9029.0,-404.0,24.0,17150.0,19318.0,68.0,16562.0,356.0,0.0,27878.0,51.0,Pass
l3105.txm,91.377,752.0,752.0,132.0,0.0,1717.0,100.0,1182.0,9458.0,8996.0,458.0,25.0,16834.0,19386.0,-396.0,16516.0,353.0,0.0,27834.0,51.0,Pass
l3105.txm,92.3965,752.0,753.0,134.0,0.0,1723.0,100.0,1188.0,9444.0,9043.0,-115.0,24.0,16663.0,19322.0,-337.0,16618.0,349.0,0.0,27884.0,51.0,Pass
l3105.txm,93.4453,752.0,753.0,133.0,0.0,1731.0,101.0,1180.0,9492.0,8984.0,200.0,24.0,16820.0,19396.0,13.0,16556.0,350.0,0.0,27874.0,51.0,Pass
l3105.txm,94.4668,751.0,753.0,132.0,0.0,1723.0,100.0,1188.0,9494.0,8970.0,252.0,24.0,17325.0,19244.0,-91.0,16352.0,348.0,0.0,27896.0,51.0,Pass
l3105.txm,95.4863,752.0,754.0,133.0,0.0,1725.0,102.0,1182.0,9436.0,8988.0,245.0,24.0,16889.0,19370.0,-507.0,16554.0,344.0,0.0,27894.0,51.0,Pass
l3105.txm,96.5078,752.0,753.0,131.0,0.0,1729.0,102.0,1192.0,9526.0,8954.0,287.0,24.0,16710.0,19398.0,-415.0,16600.0,354.0,0.0,27878.0,51.0,Pass
l3105.txm,97.5273,752.0,754.0,133.0,0.0,1727.0,101.0,1179.0,9481.0,8978.0,121.0,24.0,16953.0,19250.0,-15.0,16482.0,348.0,0.0,27822.0,51.0,Pass
l3105.txm,98.5469,752.0,753.0,132.0,0.0,1737.0,101.0,1187.0,9493.0,8953.0,225.0,25.0,16574.0,19280.0,-418.0,16572.0,351.0,0.0,27880.0,51.0,Pass
l3105.txm,99.5703,752.0,753.0,134.0,0.0,1734.0,102.0,1184.0,9418.0,9003.0,-462.0,24.0,17091.0,19258.0,21.0,16466.0,360.0,0.0,27870.0,51.0,Pass
l3105.txm,100.59,752.0,754.0,134.0,0.0,1736.0,101.0,1185.0,9471.0,8956.0,21.0,25.0,16975.0,19406.0,-505.0,16326.0,354.0,0.0,27822.0,51.0,Pass
l3105.txm,101.611,751.0,753.0,133.0,0.0,1732.0,100.0,1185.0,9417.0,9035.0,-44.0,25.0,16774.0,19246.0,100.0,16476.0,353.0,1.0,27870.0,51.0,Pass
l3105.txm,102.627,752.0,754.0,132.0,0.0,1737.0,100.0,1186.0,9477.0,8966.0,258.0,25.0,16752.0,19318.0,-442.0,16560.0,347.0,0.0,27882.0,51.0,Pass
l3105.txm,103.646,752.0,753.0,134.0,0.0,1736.0,102.0,1185.0,9437.0,8978.0,-225.0,24.0,16893.0,19362.0,-385.0,16510.0,352.0,0.0,27878.0,51.0,Pass
l3105.txm,104.668,752.0,754.0,131.0,0.0,1739.0,100.0,1184.0,9443.0,9001.0,229.0,24.0,17053.0,19398.0,103.0,16378.0,351.0,0.0,27836.0,51.0,Pass
l3105.txm,105.715,752.0,753.0,133.0,0.0,1738.0,101.0,1184.0,9493.0,8997.0,231.0,24.0,16730.0,19238.0,136.0,16514.0,361.0,0.0,27900.0,51.0,Pass
l3105.txm,106.707,752.0,753.0,133.0,0.0,1736.0,101.0,1184.0,9493.0,8953.0,-524.0,25.0,16554.0,19322.0,-78.0,16476.0,356.0,0.0,27890.0,51.0,Pass
l3105.txm,107.727,752.0,753.0,135.0,0.0,1740.0,100.0,1186.0,9497.0,8985.0,-284.0,24.0,16692.0,19334.0,65.0,16566.0,354.0,0.0,27882.0,51.0,Pass
l3105.txm,108.748,752.0,753.0,135.0,0.0,1736.0,101.0,1183.0,9447.0,8955.0,134.0,24.0,16857.0,19304.0,1.0,16586.0,344.0,0.0,27868.0,51.0,Pass
l3105.txm,109.768,752.0,754.0,132.0,0.0,1745.0,101.0,1185.0,9419.0,9022.0,340.0,24.0,17013.0,19408.0,-278.0,16526.0,355.0,0.0,27900.0,51.0,Pass
l3105.txm,110.787,752.0,753.0,134.0,0.0,1739.0,102.0,1184.0,9496.0,8938.0,-241.0,24.0,16901.0,19390.0,-402.0,16628.0,348.0,1.0,27820.0,51.0,Pass
l3105.txm,111.807,751.0,753.0,133.0,0.0,1736.0,102.0,1184.0,9423.0,9024.0,-47.0,24.0,16932.0,19302.0,-91.0,16630.0,354.0,0.0,27882.0,51.0,Pass
l3105.txm,112.826,752.0,755.0,132.0,0.0,1738.0,101.0,1183.0,9504.0,8944.0,-122.0,25.0,16834.0,19366.0,46.0,16626.0,353.0,1.0,27886.0,51.0,Pass
l3105.txm,113.848,752.0,753.0,132.0,0.0,1740.0,100.0,1182.0,9433.0,8992.0,43.0,25.0,16555.0,19264.0,-88.0,16614.0,351.0,0.0,27864.0,51.0,Pass
l3105.txm,114.867,752.0,754.0,131.0,0.0,1742.0,101.0,1184.0,9442.0,9001.0,207.0,25.0,16785.0,19282.0,-435.0,16602.0,356.0,0.0,27886.0,51.0,Pass
l3106.txm,59.4395,752.0,754.0,136.0,0.0,1216.0,100.0,1216.0,9483.0,8999.0,-2466.0,28.0,16415.0,19886.0,-674.0,16584.0,346.0,0.0,27428.0,49.0,Pass
l3106.txm,60.4609,752.0,754.0,134.0,0.0,1148.0,101.0,1242.0,9456.0,9065.0,-803.0,28.0,16371.0,19952.0,428.0,16502.0,354.0,0.0,27494.0,50.0,Pass
l3106.txm,61.4805,752.0,754.0,132.0,0.0,1136.0,99.0,1205.0,9511.0,8998.0,133.0,27.0,16567.0,19946.0,-349.0,16498.0,350.0,0.0,27358.0,50.0,Pass
l3106.txm,62.5,752.0,754.0,135.0,0.0,1133.0,101.0,1178.0,9429.0,9043.0,686.0,27.0,16383.0,19952.0,62.0,16874.0,344.0,0.0,27510.0,51.0,Pass
l3106.txm,63.5195,751.0,753.0,133.0,0.0,1118.0,101.0,1185.0,9529.0,8951.0,65.0,27.0,16386.0,19978.0,-526.0,16788.0,345.0,0.0,27490.0,50.0,Pass
l3106.txm,64.541,752.0,754.0,132.0,0.0,1096.0,101.0,1186.0,9450.0,9043.0,79.0,28.0,16271.0,20068.0,-463.0,16390.0,347.0,1.0,27346.0,50.0,Pass
l3106.txm,65.6465,752.0,754.0,133.0,0.0,1081.0,100.0,1183.0,9465.0,9043.0,-243.0,28.0,16277.0,20060.0,-310.0,16438.0,344.0,0.0,27364.0,50.0,Pass
l3106.txm,66.6406,752.0,752.0,131.0,0.0,1065.0,102.0,1187.0,9524.0,8971.0,-519.0,28.0,16409.0,20164.0,74.0,16414.0,355.0,0.0,27372.0,50.0,Pass
l3106.txm,67.6602,752.0,753.0,132.0,0.0,1050.0,101.0,1183.0,9460.0,9023.0,-471.0,28.0,16250.0,20116.0,31.0,16724.0,350.0,0.0,27344.0,50.0,Pass
l3106.txm,68.6797,751.0,753.0,132.0,0.0,1026.0,100.0,1183.0,9513.0,8955.0,-1267.0,28.0,16089.0,19954.0,-500.0,16976.0,348.0,0.0,27338.0,50.0,Pass
l3106.txm,69.7012,752.0,752.0,133.0,0.0,967.0,100.0,1176.0,9429.0,9068.0,-1865.0,29.0,16138.0,20156.0,714.0,16742.0,354.0,0.0,27230.0,50.0,Pass
l3106.txm,70.7207,752.0,754.0,132.0,0.0,931.0,102.0,1179.0,9460.0,9095.0,-829.0,29.0,15957.0,20274.0,-495.0,16764.0,348.0,0.0,27102.0,50.0,Pass
l3106.txm,71.7422,753.0,754.0,132.0,0.0,902.0,100.0,1185.0,9512.0,9008.0,-1813.0,29.0,16228.0,20360.0,-452.0,16878.0,353.0,0.0,27014.0,50.0,Pass
l3106.txm,72.7598,752.0,754.0,131.0,0.0,891.0,102.0,1181.0,9548.0,8997.0,-1381.0,29.0,16015.0,20562.0,117.0,16168.0,352.0,1.0,26846.0,50.0,Pass
l3106.txm,73.7812,752.0,753.0,131.0,0.0,925.0,101.0,1191.0,9543.0,9019.0,-976.0,29.0,16055.0,20316.0,133.0,16340.0,342.0,0.0,27050.0,50.0,Pass
l3106.txm,74.8008,751.0,754.0,134.0,0.0,1053.0,100.0,1197.0,9561.0,9060.0,721.0,25.0,16491.0,20170.0,-37.0,16508.0,346.0,0.0,27342.0,50.0,Pass
l3106.txm,75.8203,752.0,754.0,132.0,0.0,1200.0,102.0,1190.0,9483.0,9057.0,747.0,25.0,16903.0,19986.0,43.0,16020.0,343.0,0.0,27536.0,50.0,Pass
l3106.txm,76.8398,752.0,753.0,134.0,0.0,1328.0,100.0,1187.0,9564.0,8952.0,59.0,25.0,17089.0,19892.0,742.0,16028.0,343.0,0.0,27688.0,50.0,Pass
l3106.txm,77.8867,752.0,755.0,132.0,0.0,1504.0,100.0,1185.0,9555.0,8970.0,579.0,25.0,16686.0,19766.0,136.0,16250.0,342.0,0.0,27898.0,51.0,Pass
l3106.txm,78.8848,752.0,753.0,132.0,0.0,1668.0,101.0,1185.0,9508.0,8922.0,662.0,26.0,16435.0,19434.0,470.0,16548.0,349.0,0.0,28016.0,51.0,Pass
l3106.txm,79.9004,752.0,753.0,133.0,0.0,1686.0,100.0,1184.0,9452.0,9018.0,472.0,26.0,16504.0,19362.0,-258.0,16606.0,346.0,0.0,27858.0,51.0,Pass
l3106.txm,80.9316,751.0,753.0,133.0,0.0,1694.0,100.0,1185.0,9453.0,8986.0,379.0,25.0,16636.0,19248.0,133.0,16658.0,350.0,1.0,27974.0,51.0,Pass
l3106.txm,81.9434,752.0,753.0,131.0,0.0,1701.0,101.0,1185.0,9451.0,9023.0,552.0,25.0,16276.0,19442.0,84.0,16578.0,355.0,0.0,27846.0,51.0,Pass
l3106.txm,82.9707,752.0,753.0,135.0,1.0,1703.0,100.0,1184.0,9450.0,9018.0,659.0,26.0,16339.0,19404.0,-369.0,16596.0,347.0,0.0,27890.0,51.0,Pass
l3106.txm,83.9844,752.0,754.0,132.0,0.0,1706.0,101.0,1185.0,9441.0,9035.0,781.0,26.0,16102.0,19268.0,111.0,16496.0,348.0,0.0,27854.0,51.0,Pass
l3106.txm,85.0,752.0,754.0,135.0,0.0,1710.0,101.0,1187.0,9449.0,9011.0,281.0,25.0,16278.0,19296.0,1.0,16576.0,349.0,0.0,28024.0,51.0,Pass
l3106.txm,86.0215,751.0,752.0,133.0,1.0,1707.0,100.0,1184.0,9533.0,8944.0,893.0,25.0,16136.0,19410.0,-68.0,16632.0,349.0,0.0,27998.0,51.0,Pass
l3106.txm,87.0449,752.0,755.0,134.0,0.0,1713.0,100.0,1184.0,9450.0,9008.0,787.0,25.0,16217.0,19426.0,69.0,16432.0,358.0,0.0,27846.0,51.0,Pass
l3106.txm,88.0625,752.0,754.0,134.0,1.0,1719.0,100.0,1185.0,9437.0,9032.0,288.0,26.0,16208.0,19350.0,-298.0,16604.0,345.0,0.0,28002.0,51.0,Pass
l3106.txm,89.0801,752.0,754.0,132.0,0.0,1714.0,101.0,1187.0,9443.0,8969.0,958.0,26.0,16116.0,19216.0,470.0,16522.0,348.0,0.0,28002.0,51.0,Pass
l3106.txm,90.1875,752.0,753.0,135.0,0.0,1721.0,100.0,1185.0,9440.0,9004.0,299.0,26.0,16495.0,19264.0,-61.0,16564.0,343.0,0.0,28028.0,51.0,Pass
l3106.txm,91.1211,752.0,754.0,134.0,0.0,1723.0,102.0,1183.0,9449.0,9048.0,594.0,26.0,16292.0,19340.0,44.0,16616.0,344.0,0.0,28024.0,51.0,Pass
l3106.txm,92.1406,752.0,754.0,135.0,0.0,1726.0,102.0,1182.0,9486.0,8963.0,409.0,26.0,16225.0,19246.0,36.0,16546.0,348.0,0.0,28002.0,51.0,Pass
l3106.txm,93.1602,752.0,753.0,134.0,0.0,1727.0,101.0,1183.0,9454.0,9009.0,665.0,26.0,16392.0,19206.0,110.0,16430.0,352.0,0.0,28014.0,51.0,Pass
l3106.txm,94.1836,752.0,754.0,135.0,0.0,1734.0,100.0,1185.0,9545.0,8979.0,16.0,26.0,16391.0,19382.0,109.0,16476.0,348.0,0.0,28016.0,51.0,Pass
l3106.txm,95.2051,752.0,753.0,135.0,0.0,1736.0,100.0,1186.0,9550.0,8916.0,593.0,26.0,16337.0,19254.0,-85.0,16570.0,349.0,0.0,28030.0,51.0,Pass
l3106.txm,96.2227,752.0,755.0,132.0,0.0,1731.0,102.0,1183.0,9448.0,9021.0,885.0,26.0,16163.0,19182.0,522.0,16526.0,347.0,0.0,28000.0,51.0,Pass
l3106.txm,97.2402,752.0,753.0,133.0,0.0,1742.0,101.0,1184.0,9551.0,8909.0,791.0,26.0,16563.0,19444.0,502.0,16586.0,344.0,0.0,28016.0,51.0,Pass
l3106.txm,98.2598,752.0,753.0,132.0,0.0,1738.0,100.0,1183.0,9452.0,8940.0,271.0,26.0,16453.0,19110.0,-35.0,16634.0,356.0,0.0,27992.0,51.0,Pass
l3106.txm,99.2813,752.0,753.0,134.0,1.0,1738.0,100.0,1184.0,9482.0,8951.0,853.0,26.0,16292.0,19214.0,33.0,16448.0,352.0,0.0,27900.0,51.0,Pass
l3106.txm,100.303,752.0,752.0,132.0,0.0,1738.0,102.0,1184.0,9499.0,8942.0,930.0,26.0,16348.0,19204.0,79.0,16576.0,348.0,0.0,27896.0,51.0,Pass
l3106.txm,101.32,752.0,753.0,132.0,0.0,1739.0,101.0,1183.0,9521.0,8937.0,1154.0,25.0,16314.0,19412.0,810.0,16682.0,348.0,0.0,27892.0,51.0,Pass
l3106.txm,102.369,751.0,753.0,133.0,0.0,1744.0,100.0,1185.0,9542.0,8928.0,494.0,26.0,16254.0,19418.0,-6.0,16662.0,351.0,0.0,27896.0,51.0,Pass
l3106.txm,103.359,752.0,753.0,135.0,0.0,1742.0,100.0,1185.0,9474.0,9019.0,575.0,25.0,16525.0,19202.0,89.0,16652.0,352.0,0.0,27890.0,51.0,Pass
l3106.txm,104.385,752.0,755.0,133.0,0.0,1743.0,100.0,1184.0,9482.0,8914.0,748.0,26.0,16034.0,19208.0,-289.0,16408.0,343.0,0.0,27998.0,51.0,Pass
l3106.txm,105.404,752.0,753.0,134.0,0.0,1744.0,102.0,1184.0,9538.0,8910.0,732.0,25.0,16289.0,19204.0,-325.0,16520.0,343.0,0.0,27996.0,51.0,Pass
l3106.txm,106.42,752.0,753.0,134.0,1.0,1746.0,100.0,1184.0,9467.0,8982.0,807.0,26.0,16288.0,19190.0,442.0,16466.0,352.0,0.0,27898.0,51.0,Pass
l3106.txm,107.439,752.0,754.0,135.0,0.0,1738.0,100.0,1184.0,9563.0,8927.0,490.0,26.0,16498.0,19398.0,474.0,16570.0,348.0,0.0,27888.0,51.0,Pass
l3106.txm,108.463,752.0,752.0,135.0,0.0,1741.0,101.0,1186.0,9502.0,9018.0,376.0,26.0,16507.0,19398.0,326.0,16586.0,357.0,0.0,27992.0,51.0,Pass
l3106.txm,109.484,753.0,754.0,132.0,0.0,1744.0,100.0,1183.0,9464.0,8981.0,593.0,26.0,16324.0,19218.0,33.0,16682.0,348.0,0.0,27966.0,51.0,Pass
l3106.txm,110.502,752.0,754.0,133.0,0.0,1746.0,102.0,1186.0,9549.0,8920.0,886.0,25.0,16412.0,19208.0,262.0,16540.0,354.0,1.0,28002.0,51.0,Pass
l3106.txm,111.523,752.0,754.0,133.0,0.0,1752.0,101.0,1186.0,9446.0,8992.0,682.0,25.0,16025.0,19216.0,101.0,16338.0,359.0,0.0,28002.0,51.0,Pass
l3106.txm,112.541,751.0,752.0,134.0,0.0,1743.0,101.0,1184.0,9500.0,8976.0,283.0,26.0,16533.0,19204.0,8.0,16508.0,353.0,0.0,28002.0,51.0,Pass
l3106.txm,113.561,752.0,753.0,136.0,0.0,1750.0,100.0,1187.0,9506.0,8964.0,1124.0,25.0,16324.0,19378.0,240.0,16548.0,346.0,0.0,28014.0,51.0,Pass
l3106.txm,114.613,752.0,754.0,135.0,0.0,1745.0,101.0,1185.0,9491.0,8931.0,397.0,26.0,16100.0,19354.0,136.0,16604.0,344.0,1.0,27994.0,51.0,Pass
l3107.txm,57.6992,752.0,753.0,134.0,0.0,1288.0,101.0,1225.0,9462.0,9050.0,-1445.0,29.0,16190.0,19856.0,-413.0,16548.0,353.0,0.0,27478.0,49.0,Pass
l3107.txm,58.7207,752.0,754.0,132.0,0.0,1160.0,100.0,1241.0,9470.0,8995.0,-813.0,28.0,16224.0,19934.0,-728.0,16372.0,349.0,1.0,27494.0,50.0,Pass
l3107.txm,59.7441,752.0,754.0,136.0,0.0,1151.0,102.0,1202.0,9480.0,9094.0,768.0,26.0,16809.0,19930.0,-350.0,16754.0,347.0,0.0,27498.0,50.0,Pass
l3107.txm,60.7715,752.0,753.0,132.0,0.0,1141.0,101.0,1178.0,9453.0,9030.0,-504.0,28.0,16597.0,19922.0,652.0,16712.0,347.0,0.0,27428.0,51.0,Pass
l3107.txm,61.793,752.0,753.0,135.0,0.0,1122.0,100.0,1186.0,9474.0,9034.0,-1573.0,27.0,16609.0,19982.0,-405.0,16504.0,354.0,0.0,27364.0,51.0,Pass
l3107.txm,62.8125,751.0,753.0,135.0,0.0,1110.0,100.0,1185.0,9438.0,9038.0,-1012.0,27.0,16662.0,19978.0,-578.0,16602.0,343.0,0.0,27376.0,51.0,Pass
l3107.txm,63.832,752.0,753.0,133.0,0.0,1092.0,100.0,1184.0,9512.0,8967.0,-504.0,28.0,16507.0,19978.0,-339.0,16818.0,346.0,0.0,27354.0,51.0,Pass
l3107.txm,64.8516,751.0,753.0,133.0,0.0,1076.0,100.0,1183.0,9462.0,9015.0,-1258.0,27.0,16350.0,19988.0,-296.0,16806.0,342.0,0.0,27352.0,51.0,Pass
l3107.txm,65.9199,752.0,754.0,133.0,0.0,1060.0,101.0,1187.0,9455.0,9016.0,-973.0,27.0,16269.0,20182.0,-373.0,16540.0,348.0,0.0,27382.0,51.0,Pass
l3107.txm,66.9395,751.0,752.0,135.0,0.0,1032.0,101.0,1180.0,9443.0,9045.0,-2349.0,27.0,16460.0,20132.0,-432.0,16452.0,346.0,0.0,27304.0,51.0,Pass
l3107.txm,67.9609,751.0,752.0,134.0,0.0,1002.0,101.0,1181.0,9455.0,9046.0,-1842.0,28.0,16304.0,20148.0,-345.0,16870.0,352.0,0.0,27292.0,51.0,Pass
l3107.txm,69.0059,752.0,753.0,132.0,0.0,957.0,101.0,1176.0,9496.0,8997.0,-1230.0,29.0,16393.0,20080.0,-400.0,16812.0,352.0,0.0,27088.0,50.0,Pass
l3107.txm,70.0,752.0,754.0,132.0,0.0,915.0,101.0,1180.0,9499.0,9012.0,-1586.0,30.0,15809.0,20318.0,-303.0,16808.0,355.0,0.0,27114.0,50.0,Pass
l3107.txm,71.0195,752.0,754.0,132.0,0.0,892.0,100.0,1185.0,9494.0,9043.0,-949.0,29.0,16053.0,20170.0,-919.0,16816.0,350.0,0.0,26978.0,50.0,Pass
l3107.txm,72.041,752.0,752.0,131.0,0.0,886.0,102.0,1184.0,9483.0,9055.0,-909.0,29.0,16370.0,20370.0,6.0,16296.0,346.0,0.0,26954.0,50.0,Pass
l3107.txm,73.0605,752.0,754.0,132.0,0.0,978.0,100.0,1191.0,9466.0,9084.0,-140.0,27.0,16622.0,20230.0,192.0,16108.0,352.0,0.0,27268.0,50.0,Pass
l3107.txm,74.0801,752.0,753.0,135.0,0.0,1097.0,100.0,1194.0,9480.0,9049.0,-606.0,26.0,16829.0,20206.0,594.0,16270.0,359.0,1.0,27436.0,50.0,Pass
l3107.txm,75.0996,752.0,754.0,132.0,0.0,1258.0,102.0,1188.0,9555.0,8979.0,192.0,24.0,16972.0,19922.0,244.0,16402.0,349.0,1.0,27670.0,51.0,Pass
l3107.txm,76.1191,752.0,753.0,132.0,0.0,1440.0,101.0,1186.0,9496.0,8951.0,942.0,27.0,16247.0,19786.0,374.0,16036.0,345.0,0.0,27842.0,51.0,Pass
l3107.txm,77.1406,752.0,753.0,133.0,0.0,1635.0,102.0,1189.0,9497.0,8950.0,-532.0,26.0,16786.0,19464.0,290.0,16212.0,349.0,0.0,27866.0,51.0,Pass
l3107.txm,78.1602,752.0,754.0,131.0,0.0,1678.0,101.0,1185.0,9417.0,9013.0,-508.0,25.0,16974.0,19196.0,516.0,16656.0,346.0,0.0,27918.0,51.0,Pass
l3107.txm,79.1797,752.0,753.0,133.0,0.0,1689.0,101.0,1184.0,9456.0,8996.0,-431.0,25.0,17133.0,19356.0,115.0,16540.0,348.0,0.0,27742.0,51.0,Pass
l3107.txm,80.1992,752.0,754.0,132.0,0.0,1692.0,100.0,1183.0,9513.0,9003.0,243.0,25.0,16585.0,19188.0,-273.0,16392.0,357.0,0.0,27902.0,51.0,Pass
l3107.txm,81.2461,751.0,752.0,134.0,0.0,1694.0,100.0,1184.0,9433.0,9014.0,-845.0,26.0,16556.0,19352.0,336.0,16472.0,344.0,0.0,27738.0,51.0,Pass
l3107.txm,82.2402,752.0,753.0,135.0,0.0,1699.0,100.0,1183.0,9486.0,8955.0,-82.0,26.0,16910.0,19212.0,650.0,16278.0,346.0,1.0,27830.0,51.0,Pass
l3107.txm,83.2598,752.0,753.0,135.0,0.0,1700.0,101.0,1185.0,9496.0,8956.0,-105.0,26.0,16550.0,19334.0,147.0,16588.0,344.0,0.0,27748.0,51.0,Pass
l3107.txm,84.3203,752.0,754.0,132.0,0.0,1708.0,100.0,1186.0,9438.0,9016.0,-500.0,26.0,16580.0,19252.0,238.0,16196.0,347.0,0.0,27962.0,51.0,Pass
l3107.txm,85.3008,752.0,753.0,132.0,0.0,1709.0,101.0,1184.0,9462.0,9001.0,-543.0,26.0,16516.0,19288.0,134.0,16338.0,342.0,0.0,27828.0,51.0,Pass
l3107.txm,86.3203,752.0,753.0,131.0,0.0,1710.0,101.0,1185.0,9480.0,8954.0,95.0,26.0,16649.0,19210.0,-258.0,16526.0,355.0,0.0,27732.0,51.0,Pass
l3107.txm,87.3398,751.0,753.0,134.0,0.0,1715.0,102.0,1185.0,9426.0,9023.0,-503.0,26.0,16754.0,19294.0,212.0,16462.0,345.0,0.0,27794.0,51.0,Pass
l3107.txm,88.3594,752.0,754.0,134.0,0.0,1715.0,100.0,1184.0,9502.0,8958.0,-1071.0,26.0,16991.0,19226.0,-38.0,16356.0,349.0,1.0,28018.0,51.0,Pass
l3107.txm,89.3809,752.0,753.0,132.0,0.0,1717.0,102.0,1184.0,9432.0,8989.0,-17.0,26.0,16991.0,19342.0,72.0,16314.0,356.0,1.0,27976.0,51.0,Pass
l3107.txm,90.4004,752.0,753.0,133.0,0.0,1721.0,100.0,1183.0,9447.0,9014.0,-790.0,25.0,16806.0,19256.0,155.0,16138.0,355.0,1.0,27950.0,51.0,Pass
l3107.txm,91.4395,752.0,753.0,132.0,0.0,1718.0,100.0,1185.0,9427.0,8969.0,-215.0,26.0,16928.0,19338.0,662.0,16424.0,350.0,0.0,27844.0,51.0,Pass
l3107.txm,92.4394,752.0,752.0,132.0,0.0,1724.0,101.0,1186.0,9413.0,9027.0,-754.0,26.0,16848.0,19374.0,142.0,16516.0,343.0,0.0,27730.0,51.0,Pass
l3107.txm,93.4863,752.0,752.0,133.0,0.0,1725.0,100.0,1185.0,9446.0,8980.0,-300.0,26.0,16661.0,19298.0,386.0,16386.0,352.0,0.0,27962.0,51.0,Pass
l3107.txm,94.4805,752.0,753.0,136.0,0.0,1726.0,100.0,1184.0,9515.0,8927.0,-809.0,25.0,16752.0,19310.0,970.0,16224.0,343.0,0.0,27856.0,51.0,Pass
l3107.txm,95.5,752.0,755.0,135.0,0.0,1728.0,101.0,1186.0,9499.0,8951.0,-240.0,26.0,16733.0,19344.0,420.0,16446.0,347.0,0.0,27896.0,51.0,Pass
l3107.txm,96.5195,752.0,753.0,134.0,0.0,1725.0,101.0,1183.0,9453.0,9024.0,-481.0,26.0,16768.0,19392.0,434.0,16384.0,353.0,0.0,28018.0,51.0,Pass
l3107.txm,97.541,752.0,754.0,136.0,0.0,1727.0,100.0,1183.0,9421.0,9030.0,-769.0,26.0,16874.0,19226.0,22.0,16442.0,345.0,0.0,27940.0,51.0,Pass
l3107.txm,98.5605,752.0,753.0,135.0,0.0,1737.0,101.0,1188.0,9462.0,8979.0,-753.0,26.0,16602.0,19206.0,-372.0,16518.0,348.0,0.0,27820.0,51.0,Pass
l3107.txm,99.5801,752.0,753.0,133.0,0.0,1734.0,101.0,1185.0,9490.0,8956.0,-85.0,26.0,16706.0,19108.0,37.0,16238.0,348.0,0.0,27896.0,51.0,Pass
l3107.txm,100.6,751.0,752.0,131.0,0.0,1746.0,101.0,1186.0,9493.0,8957.0,-607.0,26.0,16497.0,19242.0,-84.0,16380.0,347.0,0.0,28012.0,51.0,Pass
l3107.txm,101.619,752.0,753.0,133.0,0.0,1735.0,101.0,1184.0,9489.0,8940.0,104.0,25.0,16748.0,19224.0,6.0,16504.0,354.0,1.0,27828.0,51.0,Pass
l3107.txm,102.641,751.0,753.0,135.0,0.0,1740.0,101.0,1185.0,9486.0,8966.0,-205.0,26.0,16642.0,19258.0,-260.0,16450.0,348.0,0.0,27900.0,51.0,Pass
l3107.txm,103.66,751.0,754.0,134.0,0.0,1739.0,100.0,1185.0,9490.0,8961.0,-82.0,26.0,16588.0,19254.0,100.0,16534.0,351.0,0.0,27820.0,51.0,Pass
l3107.txm,104.68,752.0,754.0,133.0,0.0,1737.0,100.0,1184.0,9476.0,8995.0,-515.0,26.0,16480.0,19132.0,-15.0,16392.0,352.0,0.0,27990.0,51.0,Pass
l3107.txm,105.732,752.0,754.0,132.0,0.0,1736.0,100.0,1185.0,9512.0,8934.0,-992.0,26.0,16836.0,19132.0,-432.0,16490.0,347.0,0.0,27760.0,51.0,Pass
l3107.txm,106.721,752.0,753.0,133.0,0.0,1738.0,101.0,1185.0,9453.0,8966.0,-159.0,25.0,16907.0,19128.0,518.0,16340.0,357.0,0.0,27718.0,51.0,Pass
l3107.txm,107.74,752.0,754.0,134.0,0.0,1745.0,101.0,1187.0,9469.0,8987.0,-269.0,26.0,16754.0,19174.0,140.0,16500.0,358.0,0.0,28002.0,51.0,Pass
l3107.txm,108.76,752.0,754.0,133.0,0.0,1741.0,101.0,1186.0,9455.0,9026.0,-223.0,26.0,16448.0,19408.0,126.0,16602.0,351.0,0.0,27784.0,51.0,Pass
l3107.txm,109.779,751.0,753.0,133.0,0.0,1738.0,100.0,1183.0,9451.0,9023.0,6.0,26.0,16530.0,19396.0,145.0,16468.0,354.0,0.0,27778.0,51.0,Pass
l3107.txm,110.801,751.0,754.0,133.0,0.0,1744.0,102.0,1184.0,9494.0,8983.0,-527.0,26.0,16532.0,19380.0,-460.0,16434.0,351.0,0.0,27760.0,51.0,Pass
l3108.txm,58.8105,752.0,754.0,135.0,0.0,1226.0,101.0,1263.0,9493.0,8978.0,-1430.0,29.0,16032.0,19920.0,-11.0,16340.0,349.0,0.0,27414.0,49.0,Pass
l3108.txm,59.8301,752.0,754.0,132.0,0.0,1159.0,101.0,1223.0,9448.0,9061.0,167.0,27.0,16426.0,19934.0,-476.0,16464.0,345.0,0.0,27432.0,50.0,Pass
l3108.txm,60.8496,752.0,753.0,134.0,0.0,1146.0,100.0,1195.0,9529.0,8955.0,493.0,27.0,16383.0,19932.0,-381.0,16804.0,352.0,0.0,27356.0,51.0,Pass
l3108.txm,61.8691,752.0,755.0,133.0,0.0,1129.0,100.0,1174.0,9478.0,9023.0,-205.0,27.0,16849.0,19980.0,92.0,16476.0,342.0,0.0,27358.0,51.0,Pass
l3108.txm,62.8906,752.0,752.0,135.0,0.0,1117.0,101.0,1190.0,9522.0,8961.0,-1282.0,27.0,16556.0,19980.0,19.0,16566.0,351.0,0.0,27350.0,51.0,Pass
l3108.txm,63.9102,752.0,754.0,132.0,0.0,1107.0,100.0,1178.0,9485.0,8997.0,186.0,28.0,16720.0,19982.0,-813.0,16706.0,346.0,0.0,27364.0,51.0,Pass
l3108.txm,64.9355,751.0,755.0,134.0,0.0,1092.0,101.0,1188.0,9459.0,9015.0,-900.0,28.0,16526.0,20070.0,-27.0,16656.0,355.0,0.0,27514.0,51.0,Pass
l3108.txm,65.9492,751.0,753.0,132.0,0.0,1071.0,100.0,1179.0,9476.0,8980.0,-366.0,28.0,16534.0,19920.0,110.0,16678.0,349.0,0.0,27346.0,51.0,Pass
l3108.txm,66.9707,752.0,753.0,132.0,0.0,1050.0,102.0,1185.0,9515.0,8972.0,-1536.0,27.0,16805.0,19964.0,668.0,16570.0,348.0,0.0,27358.0,51.0,Pass
l3108.txm,67.9902,752.0,754.0,132.0,0.0,1028.0,102.0,1183.0,9470.0,8990.0,-1891.0,28.0,16731.0,19980.0,522.0,16732.0,349.0,0.0,27372.0,51.0,Pass
l3108.txm,69.0098,751.0,753.0,136.0,0.0,991.0,101.0,1178.0,9496.0,8976.0,-1692.0,28.0,16353.0,20012.0,-955.0,16836.0,345.0,0.0,27058.0,51.0,Pass
l3108.txm,70.0547,752.0,753.0,132.0,0.0,942.0,102.0,1180.0,9480.0,8989.0,-2513.0,29.0,16423.0,20374.0,-954.0,16636.0,353.0,0.0,27094.0,50.0,Pass
l3108.txm,71.0801,752.0,754.0,133.0,0.0,903.0,100.0,1181.0,9412.0,9043.0,-1496.0,30.0,16208.0,20446.0,-591.0,16894.0,343.0,0.0,27116.0,50.0,Pass
l3108.txm,72.0996,752.0,754.0,132.0,0.0,896.0,101.0,1181.0,9456.0,9082.0,-1107.0,30.0,16071.0,20462.0,-333.0,16646.0,345.0,0.0,26934.0,50.0,Pass
l3108.txm,73.1211,752.0,753.0,132.0,0.0,913.0,100.0,1184.0,9519.0,9009.0,-1076.0,29.0,16104.0,20364.0,-6.0,16036.0,349.0,1.0,27044.0,50.0,Pass
l3108.txm,74.1426,752.0,754.0,134.0,0.0,1035.0,101.0,1200.0,9498.0,9123.0,565.0,25.0,16846.0,20006.0,54.0,16624.0,345.0,0.0,27404.0,50.0,Pass
l3108.txm,75.1602,752.0,754.0,131.0,0.0,1153.0,102.0,1188.0,9485.0,8966.0,-652.0,27.0,16521.0,20006.0,-286.0,16044.0,352.0,0.0,27338.0,50.0,Pass
l3108.txm,76.1816,751.0,753.0,133.0,0.0,1315.0,100.0,1191.0,9512.0,9018.0,134.0,25.0,17224.0,20044.0,33.0,16336.0,347.0,0.0,27602.0,51.0,Pass
l3108.txm,77.1992,752.0,753.0,135.0,0.0,1502.0,101.0,1181.0,9488.0,8939.0,186.0,27.0,16480.0,19842.0,384.0,16350.0,346.0,0.0,27818.0,51.0,Pass
l3108.txm,78.2207,752.0,753.0,134.0,0.0,1646.0,100.0,1194.0,9422.0,8987.0,125.0,25.0,16749.0,19450.0,586.0,16344.0,351.0,0.0,27826.0,51.0,Pass
l3108.txm,79.2402,752.0,753.0,132.0,0.0,1680.0,101.0,1176.0,9493.0,8938.0,1114.0,27.0,15903.0,19426.0,-48.0,16142.0,352.0,0.0,27924.0,51.0,Pass
l3108.txm,80.2598,751.0,754.0,132.0,0.0,1691.0,100.0,1194.0,9418.0,8984.0,592.0,27.0,16257.0,19238.0,-356.0,16740.0,345.0,0.0,27860.0,51.0,Pass
l3108.txm,81.2812,752.0,752.0,131.0,0.0,1701.0,100.0,1176.0,9455.0,8956.0,963.0,26.0,15890.0,19096.0,89.0,16704.0,349.0,0.0,27922.0,51.0,Pass
l3108.txm,82.3223,752.0,754.0,132.0,0.0,1698.0,100.0,1193.0,9513.0,8990.0,296.0,24.0,17114.0,19084.0,111.0,16506.0,356.0,0.0,27944.0,51.0,Pass
l3108.txm,83.3398,752.0,752.0,133.0,0.0,1708.0,101.0,1175.0,9499.0,8922.0,363.0,27.0,15855.0,19408.0,-470.0,16820.0,347.0,0.0,27812.0,51.0,Pass
l3108.txm,84.3613,752.0,753.0,134.0,0.0,1706.0,100.0,1193.0,9462.0,9012.0,122.0,24.0,17089.0,19358.0,-82.0,16612.0,352.0,0.0,27798.0,51.0,Pass
l3108.txm,85.3809,752.0,753.0,131.0,0.0,1721.0,102.0,1178.0,9426.0,9021.0,585.0,26.0,16364.0,19128.0,151.0,16556.0,357.0,1.0,27826.0,51.0,Pass
l3108.txm,86.4004,752.0,754.0,133.0,0.0,1712.0,101.0,1193.0,9439.0,9018.0,568.0,24.0,17169.0,19192.0,-338.0,16724.0,351.0,0.0,27890.0,51.0,Pass
l3108.txm,87.4219,752.0,753.0,132.0,0.0,1723.0,102.0,1178.0,9408.0,9019.0,1315.0,27.0,16231.0,19230.0,-392.0,16668.0,347.0,0.0,27882.0,51.0,Pass
l3108.txm,88.4395,752.0,754.0,135.0,0.0,1719.0,100.0,1194.0,9473.0,8995.0,-145.0,24.0,16966.0,19278.0,95.0,16610.0,357.0,0.0,27822.0,51.0,Pass
l3108.txm,89.4863,752.0,754.0,132.0,0.0,1722.0,101.0,1179.0,9517.0,8923.0,1155.0,27.0,16300.0,19426.0,-45.0,16476.0,345.0,0.0,27976.0,51.0,Pass
l3108.txm,90.4805,752.0,753.0,135.0,0.0,1718.0,101.0,1190.0,9459.0,9046.0,-323.0,24.0,17129.0,19336.0,49.0,16458.0,349.0,0.0,27834.0,51.0,Pass
l3108.txm,91.5,752.0,753.0,133.0,0.0,1734.0,100.0,1176.0,9469.0,8987.0,600.0,26.0,16364.0,19280.0,-404.0,16482.0,349.0,0.0,27936.0,51.0,Pass
l3108.txm,92.5215,752.0,754.0,134.0,0.0,1728.0,100.0,1191.0,9526.0,8958.0,-166.0,24.0,17024.0,19410.0,-51.0,16514.0,360.0,0.0,27940.0,51.0,Pass
l3108.txm,93.543,752.0,753.0,132.0,0.0,1741.0,101.0,1177.0,9425.0,8953.0,1052.0,27.0,15833.0,19200.0,-90.0,16546.0,353.0,0.0,27850.0,51.0,Pass
l3108.txm,94.5625,751.0,752.0,132.0,0.0,1726.0,100.0,1190.0,9522.0,8967.0,-64.0,24.0,17051.0,19214.0,-270.0,16624.0,359.0,0.0,27826.0,51.0,Pass
l3108.txm,95.5801,753.0,753.0,133.0,0.0,1738.0,101.0,1180.0,9422.0,9012.0,947.0,26.0,16346.0,19122.0,149.0,16580.0,351.0,0.0,27882.0,51.0,Pass
l3108.txm,96.5996,752.0,753.0,134.0,0.0,1731.0,101.0,1191.0,9480.0,8985.0,-21.0,24.0,17304.0,19278.0,-492.0,16484.0,353.0,0.0,27910.0,51.0,Pass
l3108.txm,97.6191,752.0,753.0,135.0,1.0,1748.0,100.0,1179.0,9528.0,8910.0,125.0,26.0,16292.0,19370.0,-13.0,16702.0,345.0,0.0,27976.0,51.0,Pass
l3108.txm,98.6406,752.0,754.0,133.0,0.0,1737.0,101.0,1188.0,9517.0,8977.0,2.0,24.0,16794.0,19314.0,130.0,16636.0,348.0,0.0,27954.0,51.0,Pass
l3108.txm,99.6621,752.0,753.0,132.0,0.0,1747.0,100.0,1181.0,9416.0,8999.0,783.0,27.0,16158.0,19358.0,-393.0,16604.0,340.0,0.0,27950.0,51.0,Pass
l3108.txm,100.678,752.0,753.0,132.0,0.0,1741.0,101.0,1192.0,9434.0,9031.0,421.0,24.0,16797.0,19430.0,70.0,16536.0,353.0,0.0,27922.0,51.0,Pass
l3108.txm,101.727,752.0,754.0,133.0,0.0,1739.0,102.0,1184.0,9512.0,8938.0,-126.0,26.0,16823.0,19358.0,-264.0,16630.0,342.0,1.0,28030.0,51.0,Pass
l3108.txm,102.719,752.0,754.0,134.0,0.0,1743.0,100.0,1184.0,9504.0,8939.0,-345.0,25.0,16850.0,19054.0,19.0,16608.0,347.0,0.0,28026.0,51.0,Pass
l3108.txm,103.738,752.0,753.0,136.0,0.0,1738.0,102.0,1187.0,9511.0,8948.0,-590.0,25.0,17095.0,19122.0,82.0,16522.0,348.0,0.0,27858.0,51.0,Pass
l3108.txm,104.76,752.0,753.0,133.0,0.0,1735.0,101.0,1184.0,9493.0,9021.0,-609.0,25.0,16721.0,19052.0,288.0,16464.0,353.0,0.0,27984.0,51.0,Pass
l3108.txm,105.777,752.0,753.0,133.0,0.0,1740.0,101.0,1186.0,9507.0,8954.0,-258.0,25.0,17117.0,19306.0,127.0,16422.0,346.0,0.0,27860.0,51.0,Pass
l3108.txm,106.818,752.0,753.0,133.0,0.0,1739.0,100.0,1185.0,9530.0,8937.0,-133.0,25.0,16994.0,19366.0,-285.0,16634.0,342.0,0.0,28020.0,51.0,Pass
l3108.txm,107.838,752.0,754.0,136.0,0.0,1739.0,101.0,1185.0,9499.0,8944.0,-371.0,25.0,16770.0,19068.0,54.0,16492.0,349.0,0.0,27928.0,51.0,Pass
l3108.txm,108.861,752.0,754.0,135.0,0.0,1745.0,101.0,1184.0,9503.0,8946.0,-202.0,25.0,17027.0,19046.0,-83.0,16564.0,351.0,0.0,27932.0,51.0,Pass
l3108.txm,109.879,751.0,753.0,133.0,0.0,1735.0,100.0,1183.0,9450.0,9030.0,-512.0,25.0,16488.0,19108.0,159.0,16452.0,347.0,0.0,27960.0,51.0,Pass
l3108.txm,110.902,752.0,753.0,135.0,0.0,1742.0,101.0,1184.0,9487.0,8981.0,-214.0,25.0,16885.0,19312.0,314.0,16596.0,349.0,0.0,27846.0,51.0,Pass
l3108.txm,111.92,752.0,753.0,133.0,0.0,1737.0,102.0,1184.0,9451.0,8958.0,-116.0,25.0,16982.0,19272.0,57.0,16494.0,344.0,0.0,27932.0,51.0,Pass
l3109.txm,56.7207,752.0,753.0,134.0,0.0,1364.0,101.0,1191.0,9413.0,9017.0,-1104.0,29.0,16329.0,19838.0,-654.0,16544.0,347.0,0.0,27418.0,50.0,Pass
l3109.txm,57.7422,752.0,754.0,132.0,0.0,1168.0,100.0,1256.0,9424.0,9033.0,-1273.0,29.0,16193.0,19902.0,-387.0,16414.0,350.0,0.0,27434.0,49.0,Pass
l3109.txm,58.7617,752.0,753.0,135.0,0.0,1147.0,101.0,1214.0,9435.0,9075.0,-397.0,28.0,16725.0,19948.0,520.0,16396.0,356.0,0.0,27432.0,50.0,Pass
l3109.txm,59.8223,751.0,753.0,132.0,0.0,1137.0,101.0,1188.0,9438.0,9079.0,850.0,27.0,16246.0,19956.0,139.0,16726.0,354.0,0.0,27362.0,50.0,Pass
l3109.txm,60.8105,752.0,753.0,131.0,0.0,1125.0,100.0,1180.0,9482.0,8968.0,869.0,28.0,16860.0,19970.0,91.0,16626.0,354.0,0.0,27368.0,50.0,Pass
l3109.txm,61.8301,752.0,753.0,135.0,0.0,1107.0,101.0,1187.0,9430.0,9024.0,-879.0,28.0,16315.0,19960.0,-324.0,16778.0,351.0,0.0,27354.0,50.0,Pass
l3109.txm,62.8691,752.0,754.0,132.0,0.0,1097.0,101.0,1184.0,9508.0,8985.0,401.0,28.0,16554.0,20042.0,468.0,16460.0,351.0,0.0,27336.0,50.0,Pass
l3109.txm,63.8906,752.0,754.0,133.0,0.0,1068.0,100.0,1186.0,9492.0,8970.0,-1520.0,28.0,16737.0,20052.0,-306.0,16376.0,345.0,0.0,27362.0,50.0,Pass
l3109.txm,64.9102,752.0,755.0,131.0,0.0,1058.0,101.0,1186.0,9449.0,9029.0,-623.0,28.0,16617.0,20184.0,642.0,16378.0,342.0,0.0,27352.0,50.0,Pass
l3109.txm,65.9707,751.0,752.0,132.0,0.0,1038.0,100.0,1186.0,9436.0,9016.0,-1041.0,29.0,16344.0,19974.0,-606.0,16806.0,354.0,0.0,27294.0,50.0,Pass
l3109.txm,66.9805,752.0,753.0,131.0,0.0,1003.0,102.0,1180.0,9421.0,9013.0,-1559.0,28.0,16443.0,19998.0,-282.0,16962.0,343.0,0.0,27298.0,50.0,Pass
l3109.txm,68.0019,752.0,754.0,135.0,0.0,952.0,100.0,1180.0,9500.0,8994.0,-797.0,29.0,16318.0,20124.0,-331.0,16866.0,351.0,0.0,27130.0,50.0,Pass
l3109.txm,69.0195,752.0,753.0,135.0,0.0,922.0,101.0,1178.0,9469.0,9024.0,-1573.0,30.0,15970.0,20328.0,-565.0,16696.0,349.0,0.0,26986.0,50.0,Pass
l3109.txm,70.0664,752.0,754.0,134.0,0.0,891.0,101.0,1187.0,9499.0,9064.0,-1762.0,29.0,16482.0,20216.0,-543.0,16836.0,345.0,0.0,26980.0,50.0,Pass
l3109.txm,71.0605,752.0,753.0,134.0,0.0,880.0,101.0,1182.0,9433.0,9079.0,-1989.0,29.0,16480.0,20416.0,-19.0,16116.0,346.0,0.0,26962.0,50.0,Pass
l3109.txm,72.0801,752.0,753.0,132.0,0.0,948.0,100.0,1191.0,9515.0,9056.0,-304.0,28.0,16605.0,20362.0,1020.0,16308.0,344.0,0.0,27294.0,50.0,Pass
l3109.txm,73.0996,752.0,754.0,135.0,0.0,1097.0,101.0,1192.0,9467.0,9073.0,378.0,27.0,16889.0,20196.0,40.0,16354.0,352.0,0.0,27292.0,50.0,Pass
l3109.txm,74.1172,751.0,754.0,134.0,0.0,1251.0,100.0,1189.0,9528.0,9064.0,1073.0,25.0,16909.0,19740.0,105.0,16130.0,345.0,0.0,27566.0,50.0,Pass
l3109.txm,75.1406,752.0,753.0,135.0,0.0,1391.0,100.0,1184.0,9531.0,8960.0,-494.0,25.0,16961.0,19678.0,-26.0,16274.0,356.0,0.0,27642.0,50.0,Pass
l3109.txm,76.1582,752.0,752.0,132.0,0.0,1593.0,100.0,1191.0,9432.0,9033.0,-260.0,25.0,16867.0,19360.0,124.0,16348.0,349.0,0.0,27840.0,51.0,Pass
l3109.txm,77.1797,752.0,754.0,133.0,0.0,1677.0,100.0,1182.0,9476.0,9026.0,-322.0,25.0,16962.0,19214.0,148.0,16520.0,352.0,0.0,27876.0,51.0,Pass
l3109.txm,78.1973,752.0,753.0,133.0,0.0,1682.0,101.0,1184.0,9479.0,9004.0,-168.0,25.0,17177.0,19192.0,-368.0,16438.0,347.0,1.0,27876.0,51.0,Pass
l3109.txm,79.2207,752.0,754.0,131.0,0.0,1690.0,101.0,1185.0,9504.0,8954.0,313.0,26.0,16776.0,19358.0,496.0,16594.0,353.0,1.0,27958.0,51.0,Pass
l3109.txm,80.2402,752.0,753.0,135.0,0.0,1693.0,101.0,1184.0,9488.0,8958.0,85.0,26.0,16775.0,19068.0,432.0,16630.0,348.0,0.0,27878.0,51.0,Pass
l3109.txm,81.2598,752.0,754.0,134.0,0.0,1697.0,100.0,1185.0,9460.0,9029.0,-417.0,25.0,16700.0,19072.0,974.0,16338.0,347.0,1.0,27914.0,51.0,Pass
l3109.txm,82.3066,752.0,753.0,134.0,0.0,1697.0,101.0,1183.0,9504.0,8999.0,-387.0,25.0,16906.0,19118.0,16.0,16478.0,344.0,0.0,27868.0,51.0,Pass
l3109.txm,83.2988,752.0,752.0,132.0,0.0,1703.0,100.0,1184.0,9451.0,9002.0,-230.0,26.0,16644.0,19138.0,658.0,16484.0,349.0,0.0,27888.0,51.0,Pass
l3109.txm,84.3203,752.0,753.0,131.0,0.0,1705.0,101.0,1185.0,9428.0,9019.0,293.0,26.0,16872.0,19344.0,78.0,16402.0,342.0,0.0,27856.0,51.0,Pass
l3109.txm,85.3418,752.0,754.0,133.0,0.0,1706.0,100.0,1181.0,9518.0,8948.0,-351.0,26.0,16656.0,19336.0,984.0,16526.0,348.0,0.0,28006.0,51.0,Pass
l3109.txm,86.3613,752.0,754.0,131.0,0.0,1705.0,101.0,1183.0,9493.0,8981.0,-40.0,26.0,16538.0,19076.0,70.0,16424.0,353.0,0.0,27948.0,51.0,Pass
l3109.txm,87.3828,751.0,753.0,134.0,0.0,1711.0,101.0,1182.0,9510.0,8940.0,-811.0,26.0,16893.0,19088.0,-63.0,16468.0,350.0,0.0,27870.0,51.0,Pass
l3109.txm,88.4023,752.0,754.0,132.0,0.0,1725.0,101.0,1187.0,9425.0,9004.0,-239.0,26.0,16869.0,19154.0,-69.0,16430.0,351.0,0.0,27886.0,51.0,Pass
l3109.txm,89.4219,752.0,753.0,132.0,0.0,1720.0,102.0,1185.0,9493.0,8994.0,-113.0,26.0,16766.0,19170.0,153.0,16536.0,348.0,0.0,27898.0,51.0,Pass
l3109.txm,90.4395,752.0,753.0,135.0,0.0,1718.0,100.0,1186.0,9457.0,9018.0,-892.0,26.0,16661.0,19218.0,84.0,16482.0,345.0,0.0,27958.0,51.0,Pass
l3109.txm,91.459,752.0,752.0,135.0,0.0,1726.0,101.0,1186.0,9443.0,9008.0,205.0,25.0,16820.0,19176.0,518.0,16418.0,346.0,1.0,27904.0,51.0,Pass
l3109.txm,92.4824,752.0,754.0,133.0,0.0,1724.0,101.0,1184.0,9469.0,8982.0,-208.0,25.0,16914.0,19206.0,139.0,16548.0,345.0,0.0,27834.0,51.0,Pass
l3109.txm,93.5019,752.0,753.0,135.0,0.0,1730.0,101.0,1185.0,9447.0,9018.0,-644.0,25.0,16821.0,19326.0,508.0,16450.0,348.0,1.0,27874.0,51.0,Pass
l3109.txm,94.5469,752.0,753.0,133.0,0.0,1731.0,100.0,1184.0,9432.0,9024.0,-194.0,26.0,16568.0,19064.0,128.0,16574.0,346.0,0.0,27998.0,51.0,Pass
l3109.txm,95.541,751.0,753.0,135.0,0.0,1735.0,101.0,1184.0,9515.0,8937.0,-86.0,25.0,16480.0,19324.0,378.0,16702.0,347.0,0.0,27878.0,51.0,Pass
l3109.txm,96.5605,751.0,753.0,133.0,0.0,1729.0,102.0,1184.0,9470.0,8995.0,-103.0,25.0,17066.0,19270.0,88.0,16404.0,347.0,1.0,27826.0,51.0,Pass
l3109.txm,97.582,752.0,753.0,135.0,0.0,1734.0,102.0,1186.0,9520.0,8947.0,-581.0,25.0,16660.0,19160.0,912.0,16690.0,347.0,0.0,27790.0,51.0,Pass
l3109.txm,98.6016,752.0,752.0,134.0,0.0,1734.0,101.0,1187.0,9488.0,8944.0,11.0,26.0,16790.0,19116.0,406.0,16516.0,351.0,0.0,27898.0,51.0,Pass
l3109.txm,99.6211,752.0,754.0,134.0,0.0,1734.0,101.0,1185.0,9513.0,8950.0,-301.0,25.0,16745.0,19274.0,-347.0,16436.0,345.0,0.0,27940.0,51.0,Pass
l3109.txm,100.641,752.0,753.0,133.0,0.0,1735.0,101.0,1184.0,9517.0,8963.0,-68.0,25.0,16599.0,19370.0,446.0,16436.0,347.0,1.0,27892.0,51.0,Pass
l3109.txm,101.662,752.0,754.0,134.0,0.0,1739.0,102.0,1184.0,9502.0,8989.0,-349.0,25.0,16981.0,19156.0,75.0,16600.0,347.0,0.0,27892.0,51.0,Pass
l3109.txm,102.68,752.0,752.0,134.0,0.0,1732.0,101.0,1185.0,9440.0,9018.0,237.0,26.0,16966.0,19318.0,-49.0,16476.0,351.0,0.0,27922.0,51.0,Pass
l3109.txm,103.701,752.0,754.0,135.0,0.0,1729.0,100.0,1183.0,9500.0,8996.0,-747.0,25.0,16874.0,19428.0,-24.0,16618.0,352.0,0.0,27866.0,51.0,Pass
l3109.txm,104.742,752.0,753.0,135.0,0.0,1737.0,100.0,1187.0,9498.0,8935.0,-578.0,25.0,16709.0,19218.0,133.0,16526.0,348.0,0.0,27824.0,51.0,Pass
l3109.txm,105.762,752.0,755.0,132.0,0.0,1739.0,101.0,1186.0,9502.0,8942.0,-38.0,26.0,16699.0,19344.0,58.0,16514.0,356.0,0.0,27902.0,51.0,Pass
l3109.txm,106.809,752.0,753.0,131.0,0.0,1731.0,100.0,1184.0,9516.0,8940.0,12.0,25.0,16517.0,19210.0,84.0,16638.0,347.0,0.0,27852.0,51.0,Pass
l3109.txm,107.803,752.0,753.0,132.0,0.0,1731.0,102.0,1182.0,9501.0,8974.0,-372.0,26.0,16801.0,19370.0,192.0,16456.0,357.0,0.0,27940.0,51.0,Pass
l3109.txm,108.822,752.0,753.0,132.0,0.0,1738.0,100.0,1183.0,9469.0,8979.0,-218.0,26.0,16753.0,19386.0,-51.0,16460.0,347.0,0.0,27890.0,51.0,Pass
l3109.txm,109.842,752.0,753.0,133.0,0.0,1736.0,100.0,1185.0,9522.0,8956.0,-548.0,25.0,16814.0,19122.0,-416.0,16568.0,355.0,0.0,27906.0,51.0,Pass
l3110.txm,56.709,751.0,753.0,134.0,0.0,1445.0,101.0,1190.0,9459.0,8993.0,544.0,28.0,16562.0,19788.0,-585.0,16828.0,351.0,0.0,27572.0,50.0,Pass
l3110.txm,57.7285,752.0,753.0,134.0,0.0,1211.0,101.0,1262.0,9414.0,9010.0,-1602.0,29.0,16204.0,19910.0,159.0,16502.0,343.0,0.0,27504.0,49.0,Pass
l3110.txm,58.748,752.0,754.0,136.0,0.0,1153.0,100.0,1217.0,9440.0,8993.0,-1008.0,29.0,16667.0,19908.0,101.0,16728.0,347.0,0.0,27506.0,50.0,Pass
l3110.txm,59.7695,751.0,754.0,135.0,0.0,1142.0,100.0,1195.0,9421.0,9080.0,524.0,27.0,16437.0,19910.0,-759.0,16804.0,344.0,0.0,27354.0,50.0,Pass
l3110.txm,60.7891,752.0,753.0,131.0,0.0,1131.0,101.0,1178.0,9410.0,9038.0,182.0,28.0,16321.0,19980.0,-493.0,16378.0,351.0,0.0,27368.0,51.0,Pass
l3110.txm,61.8086,752.0,754.0,135.0,0.0,1107.0,101.0,1191.0,9489.0,8954.0,-1373.0,28.0,16496.0,20058.0,752.0,16230.0,348.0,1.0,27320.0,50.0,Pass
l3110.txm,62.8281,752.0,753.0,134.0,0.0,1091.0,100.0,1184.0,9405.0,9025.0,-1524.0,28.0,16210.0,19902.0,146.0,16650.0,349.0,0.0,27548.0,51.0,Pass
l3110.txm,63.8477,752.0,754.0,134.0,0.0,1085.0,100.0,1184.0,9436.0,8974.0,-698.0,29.0,16525.0,19882.0,-494.0,16792.0,343.0,0.0,27448.0,50.0,Pass
l3110.txm,64.8926,752.0,754.0,133.0,0.0,1068.0,100.0,1185.0,9411.0,9045.0,-330.0,29.0,16489.0,19972.0,-613.0,16778.0,345.0,0.0,27354.0,50.0,Pass
l3110.txm,65.8887,752.0,755.0,133.0,0.0,1047.0,100.0,1183.0,9443.0,9014.0,-674.0,29.0,16018.0,19966.0,78.0,16636.0,344.0,0.0,27324.0,50.0,Pass
l3110.txm,66.9082,753.0,752.0,131.0,0.0,1020.0,101.0,1186.0,9494.0,8964.0,-664.0,29.0,15995.0,20174.0,53.0,16624.0,348.0,0.0,27352.0,50.0,Pass
l3110.txm,67.9277,752.0,753.0,131.0,0.0,986.0,101.0,1180.0,9473.0,8966.0,-1862.0,29.0,16288.0,20034.0,-674.0,16406.0,360.0,0.0,27168.0,50.0,Pass
l3110.txm,68.9492,752.0,753.0,133.0,0.0,929.0,100.0,1178.0,9418.0,9096.0,-1494.0,30.0,16225.0,20234.0,-483.0,17142.0,351.0,0.0,27214.0,50.0,Pass
l3110.txm,69.9922,752.0,754.0,134.0,0.0,898.0,101.0,1179.0,9489.0,9042.0,-1741.0,30.0,16003.0,20114.0,1.0,16630.0,349.0,0.0,27002.0,50.0,Pass
l3110.txm,70.9883,752.0,754.0,136.0,0.0,887.0,101.0,1185.0,9450.0,9042.0,-1516.0,30.0,16355.0,20370.0,-310.0,16686.0,358.0,0.0,27094.0,50.0,Pass
l3110.txm,72.0078,752.0,754.0,131.0,0.0,899.0,100.0,1185.0,9509.0,9026.0,-914.0,30.0,16394.0,20266.0,119.0,16120.0,349.0,0.0,27060.0,50.0,Pass
l3110.txm,73.0293,752.0,754.0,133.0,0.0,1039.0,101.0,1199.0,9485.0,9116.0,660.0,25.0,16684.0,20140.0,1002.0,16556.0,358.0,0.0,27286.0,50.0,Pass
l3110.txm,74.0488,752.0,753.0,134.0,0.0,1153.0,100.0,1191.0,9479.0,9108.0,420.0,25.0,16922.0,20090.0,89.0,16046.0,342.0,0.0,27548.0,50.0,Pass
l3110.txm,75.0684,752.0,754.0,134.0,0.0,1321.0,100.0,1186.0,9534.0,8977.0,-340.0,26.0,17087.0,19870.0,102.0,16104.0,346.0,1.0,27630.0,51.0,Pass
l3110.txm,76.0879,752.0,755.0,133.0,0.0,1484.0,100.0,1187.0,9428.0,9034.0,266.0,27.0,16356.0,19926.0,117.0,16252.0,349.0,0.0,27796.0,51.0,Pass
l3110.txm,77.1348,752.0,754.0,132.0,0.0,1657.0,101.0,1191.0,9431.0,9011.0,-148.0,25.0,17375.0,19328.0,17.0,16764.0,351.0,0.0,27896.0,51.0,Pass
l3110.txm,78.1289,751.0,753.0,132.0,0.0,1686.0,100.0,1181.0,9496.0,8945.0,-345.0,26.0,16590.0,19316.0,-85.0,16764.0,350.0,1.0,28006.0,51.0,Pass
l3110.txm,79.1484,752.0,754.0,133.0,0.0,1689.0,101.0,1186.0,9424.0,8981.0,43.0,25.0,16888.0,19396.0,76.0,16834.0,351.0,0.0,27898.0,51.0,Pass
l3110.txm,80.168,752.0,753.0,135.0,0.0,1693.0,101.0,1185.0,9469.0,9012.0,-328.0,26.0,16591.0,19406.0,-457.0,16582.0,346.0,0.0,27894.0,51.0,Pass
l3110.txm,81.1894,752.0,753.0,132.0,0.0,1700.0,100.0,1183.0,9425.0,9018.0,-637.0,26.0,16673.0,19114.0,-75.0,16452.0,345.0,0.0,27898.0,51.0,Pass
l3110.txm,82.209,752.0,754.0,133.0,0.0,1707.0,101.0,1190.0,9508.0,8967.0,95.0,26.0,16973.0,19148.0,910.0,16614.0,349.0,0.0,27974.0,51.0,Pass
l3110.txm,83.2285,752.0,753.0,133.0,0.0,1706.0,100.0,1182.0,9503.0,8971.0,-101.0,26.0,16547.0,19410.0,85.0,16620.0,349.0,0.0,28012.0,51.0,Pass
l3110.txm,84.248,752.0,753.0,134.0,0.0,1703.0,101.0,1183.0,9524.0,8942.0,-366.0,26.0,17019.0,19238.0,105.0,16696.0,354.0,1.0,27970.0,51.0,Pass
l3110.txm,85.2695,752.0,754.0,135.0,0.0,1710.0,100.0,1185.0,9450.0,8974.0,-304.0,26.0,16892.0,19010.0,-266.0,16728.0,351.0,0.0,27990.0,51.0,Pass
l3110.txm,86.2891,752.0,754.0,134.0,0.0,1712.0,100.0,1184.0,9455.0,8988.0,-650.0,26.0,16781.0,19056.0,17.0,16814.0,344.0,0.0,27864.0,51.0,Pass
l3110.txm,87.3086,752.0,754.0,135.0,0.0,1715.0,102.0,1184.0,9459.0,8975.0,-795.0,26.0,16511.0,19240.0,133.0,16492.0,348.0,0.0,27850.0,51.0,Pass
l3110.txm,88.3281,752.0,755.0,131.0,0.0,1722.0,100.0,1184.0,9459.0,8979.0,286.0,26.0,16942.0,19430.0,6.0,16554.0,344.0,1.0,27862.0,51.0,Pass
l3110.txm,89.377,752.0,753.0,135.0,0.0,1721.0,101.0,1185.0,9442.0,8949.0,-464.0,26.0,16505.0,19422.0,-329.0,16596.0,354.0,1.0,27860.0,51.0,Pass
l3110.txm,90.3691,752.0,753.0,133.0,0.0,1722.0,100.0,1186.0,9415.0,9025.0,-267.0,26.0,16928.0,19052.0,-523.0,16730.0,347.0,0.0,27854.0,51.0,Pass
l3110.txm,91.3926,751.0,754.0,132.0,0.0,1723.0,101.0,1185.0,9441.0,9014.0,321.0,26.0,16774.0,19156.0,48.0,16632.0,358.0,0.0,27912.0,51.0,Pass
l3110.txm,92.4082,752.0,754.0,134.0,0.0,1730.0,101.0,1187.0,9434.0,9045.0,-489.0,26.0,16716.0,19312.0,-374.0,16750.0,354.0,1.0,27822.0,51.0,Pass
l3110.txm,93.4297,752.0,753.0,132.0,0.0,1731.0,100.0,1184.0,9499.0,8945.0,368.0,26.0,16574.0,19240.0,-478.0,16614.0,350.0,0.0,27894.0,51.0,Pass
l3110.txm,94.4492,752.0,754.0,135.0,0.0,1734.0,102.0,1187.0,9423.0,9023.0,-417.0,25.0,16959.0,19186.0,384.0,16524.0,353.0,0.0,27920.0,51.0,Pass
l3110.txm,95.4687,751.0,754.0,133.0,0.0,1730.0,100.0,1186.0,9428.0,8978.0,377.0,26.0,16468.0,19168.0,110.0,16750.0,349.0,1.0,27868.0,51.0,Pass
l3110.txm,96.4883,752.0,754.0,133.0,0.0,1733.0,102.0,1187.0,9516.0,8929.0,-503.0,26.0,16783.0,19034.0,670.0,16696.0,350.0,0.0,27876.0,51.0,Pass
l3110.txm,97.5078,752.0,754.0,134.0,0.0,1732.0,101.0,1185.0,9490.0,8959.0,-227.0,26.0,16838.0,19128.0,88.0,16518.0,343.0,0.0,27864.0,51.0,Pass
l3110.txm,98.5488,752.0,754.0,134.0,0.0,1738.0,100.0,1187.0,9424.0,9012.0,28.0,26.0,16789.0,19036.0,-682.0,16806.0,348.0,0.0,27870.0,51.0,Pass
l3110.txm,99.5684,752.0,753.0,131.0,0.0,1736.0,101.0,1186.0,9420.0,9005.0,21.0,26.0,16833.0,19346.0,-322.0,16744.0,349.0,0.0,27860.0,51.0,Pass
l3110.txm,100.588,752.0,754.0,132.0,0.0,1738.0,100.0,1184.0,9423.0,9019.0,-504.0,26.0,16616.0,19244.0,-314.0,16498.0,342.0,0.0,27866.0,51.0,Pass
l3110.txm,101.635,752.0,754.0,134.0,0.0,1736.0,100.0,1182.0,9496.0,8926.0,23.0,26.0,16438.0,19004.0,-81.0,16472.0,352.0,0.0,27854.0,51.0,Pass
l3110.txm,102.629,752.0,755.0,135.0,0.0,1734.0,102.0,1185.0,9498.0,8940.0,-418.0,25.0,16710.0,19162.0,392.0,16440.0,357.0,0.0,27864.0,51.0,Pass
l3110.txm,103.648,751.0,753.0,134.0,0.0,1736.0,101.0,1184.0,9493.0,8976.0,-181.0,26.0,16844.0,19192.0,-411.0,16492.0,346.0,0.0,27858.0,51.0,Pass
l3110.txm,104.668,752.0,753.0,133.0,0.0,1738.0,100.0,1184.0,9439.0,9037.0,-91.0,26.0,16459.0,19402.0,-285.0,16704.0,355.0,0.0,27892.0,51.0,Pass
l3110.txm,105.689,752.0,754.0,132.0,0.0,1740.0,101.0,1185.0,9431.0,8976.0,30.0,26.0,16869.0,19404.0,554.0,16492.0,349.0,0.0,27854.0,51.0,Pass
l3110.txm,106.709,751.0,753.0,133.0,0.0,1736.0,101.0,1184.0,9428.0,9025.0,-567.0,26.0,16761.0,19020.0,57.0,16888.0,346.0,0.0,27938.0,51.0,Pass
l3110.txm,107.729,752.0,753.0,134.0,0.0,1743.0,101.0,1184.0,9526.0,8946.0,-622.0,26.0,16743.0,19254.0,-494.0,16652.0,349.0,0.0,27882.0,51.0,Pass
l3110.txm,108.748,752.0,754.0,133.0,0.0,1740.0,100.0,1184.0,9473.0,8940.0,-888.0,26.0,16610.0,19210.0,-2.0,16540.0,349.0,1.0,27870.0,51.0,Pass
l3110.txm,109.77,752.0,754.0,133.0,0.0,1738.0,101.0,1185.0,9527.0,8954.0,-385.0,26.0,16820.0,19184.0,-327.0,16686.0,359.0,0.0,27946.0,51.0,Pass
l3110.txm,110.789,752.0,754.0,132.0,0.0,1743.0,101.0,1185.0,9409.0,9034.0,-175.0,26.0,16656.0,19330.0,-95.0,16726.0,349.0,0.0,27870.0,51.0,Pass
l3111.txm,57.6934,752.0,753.0,135.0,0.0,1293.0,100.0,1208.0,9408.0,9015.0,-2215.0,29.0,16020.0,19926.0,146.0,15918.0,357.0,0.0,27470.0,49.0,Pass
l3111.txm,58.7402,752.0,754.0,132.0,0.0,1158.0,100.0,1249.0,9446.0,9006.0,-1457.0,29.0,16617.0,19926.0,-463.0,16606.0,351.0,0.0,27486.0,50.0,Pass
l3111.txm,59.7344,752.0,754.0,133.0,0.0,1147.0,100.0,1204.0,9494.0,9011.0,328.0,27.0,16583.0,19926.0,-602.0,16746.0,348.0,0.0,27486.0,50.0,Pass
l3111.txm,60.7539,752.0,754.0,135.0,0.0,1135.0,100.0,1181.0,9474.0,9008.0,303.0,27.0,16457.0,20010.0,-321.0,16452.0,355.0,0.0,27438.0,51.0,Pass
l3111.txm,61.7715,752.0,753.0,132.0,0.0,1125.0,100.0,1182.0,9490.0,8958.0,-29.0,28.0,16738.0,19982.0,-265.0,16754.0,349.0,0.0,27442.0,50.0,Pass
l3111.txm,62.793,752.0,754.0,134.0,0.0,1106.0,101.0,1186.0,9488.0,8960.0,-1131.0,28.0,16706.0,19976.0,432.0,16548.0,351.0,0.0,27434.0,51.0,Pass
l3111.txm,63.8125,752.0,754.0,132.0,0.0,1095.0,100.0,1183.0,9413.0,9038.0,-1250.0,28.0,16354.0,19986.0,-297.0,16790.0,346.0,0.0,27450.0,51.0,Pass
l3111.txm,64.832,752.0,753.0,133.0,0.0,1076.0,100.0,1189.0,9424.0,9032.0,-1166.0,28.0,16663.0,19996.0,-259.0,16914.0,348.0,0.0,27266.0,51.0,Pass
l3111.txm,65.8809,752.0,753.0,132.0,0.0,1054.0,100.0,1180.0,9433.0,9038.0,-1614.0,28.0,16564.0,20098.0,57.0,16160.0,345.0,0.0,27362.0,51.0,Pass
l3111.txm,66.877,752.0,752.0,131.0,0.0,1030.0,102.0,1185.0,9489.0,9008.0,-1049.0,28.0,16637.0,19982.0,-40.0,16418.0,356.0,1.0,27254.0,51.0,Pass
l3111.txm,67.8926,752.0,754.0,133.0,0.0,1002.0,101.0,1178.0,9445.0,9033.0,-1376.0,29.0,16236.0,20030.0,294.0,16708.0,356.0,0.0,27348.0,51.0,Pass
l3111.txm,68.9121,752.0,753.0,134.0,0.0,940.0,100.0,1176.0,9456.0,8999.0,-1530.0,30.0,15962.0,20418.0,-458.0,16472.0,355.0,0.0,27114.0,50.0,Pass
l3111.txm,69.9316,752.0,754.0,132.0,0.0,916.0,101.0,1179.0,9507.0,8990.0,-1782.0,30.0,15876.0,20110.0,-279.0,16450.0,355.0,0.0,26942.0,50.0,Pass
l3111.txm,70.9746,751.0,753.0,135.0,0.0,887.0,100.0,1185.0,9483.0,9019.0,-1647.0,29.0,16333.0,20406.0,-464.0,16670.0,349.0,0.0,26982.0,50.0,Pass
l3111.txm,71.9961,752.0,754.0,135.0,0.0,887.0,101.0,1182.0,9492.0,9029.0,-2170.0,29.0,16188.0,20532.0,47.0,16060.0,354.0,0.0,26824.0,50.0,Pass
l3111.txm,73.0137,751.0,754.0,131.0,0.0,994.0,100.0,1198.0,9468.0,9109.0,365.0,26.0,16835.0,20256.0,904.0,16810.0,354.0,1.0,27478.0,50.0,Pass
l3111.txm,74.0352,752.0,753.0,135.0,0.0,1112.0,100.0,1190.0,9556.0,9025.0,287.0,25.0,17025.0,19942.0,14.0,16284.0,347.0,0.0,27374.0,50.0,Pass
l3111.txm,75.0547,752.0,754.0,136.0,0.0,1271.0,102.0,1187.0,9502.0,9013.0,600.0,24.0,17037.0,20102.0,84.0,16416.0,351.0,0.0,27526.0,51.0,Pass
l3111.txm,76.0742,752.0,753.0,132.0,0.0,1445.0,101.0,1187.0,9417.0,9017.0,69.0,26.0,16545.0,19664.0,344.0,16130.0,357.0,0.0,27822.0,51.0,Pass
l3111.txm,77.0937,751.0,752.0,132.0,0.0,1615.0,100.0,1182.0,9419.0,8956.0,-519.0,26.0,16849.0,19410.0,131.0,16474.0,343.0,0.0,27878.0,51.0,Pass
l3111.txm,78.1406,751.0,753.0,133.0,0.0,1684.0,101.0,1189.0,9488.0,8949.0,-99.0,26.0,16701.0,19212.0,125.0,16764.0,344.0,0.0,27952.0,51.0,Pass
l3111.txm,79.1348,751.0,753.0,134.0,0.0,1688.0,101.0,1186.0,9419.0,9006.0,118.0,26.0,16876.0,19234.0,4.0,16726.0,350.0,0.0,27874.0,51.0,Pass
l3111.txm,80.1543,752.0,754.0,132.0,0.0,1690.0,100.0,1185.0,9491.0,8930.0,-203.0,26.0,16675.0,19190.0,432.0,16486.0,352.0,0.0,28012.0,51.0,Pass
l3111.txm,81.1758,752.0,753.0,134.0,0.0,1695.0,100.0,1183.0,9457.0,9014.0,-664.0,26.0,16956.0,19444.0,127.0,16572.0,355.0,1.0,27928.0,51.0,Pass
l3111.txm,82.1934,752.0,754.0,132.0,0.0,1695.0,101.0,1184.0,9487.0,8937.0,-333.0,26.0,16713.0,19388.0,148.0,16822.0,348.0,0.0,27946.0,51.0,Pass
l3111.txm,83.2148,752.0,754.0,133.0,0.0,1701.0,101.0,1185.0,9467.0,8990.0,98.0,26.0,16417.0,19178.0,27.0,16550.0,349.0,1.0,28016.0,51.0,Pass
l3111.txm,84.2344,751.0,754.0,135.0,0.0,1708.0,100.0,1185.0,9494.0,8949.0,-479.0,26.0,16644.0,19124.0,89.0,16618.0,350.0,0.0,27926.0,51.0,Pass
l3111.txm,85.2539,752.0,753.0,133.0,0.0,1707.0,101.0,1185.0,9434.0,9005.0,-168.0,26.0,16840.0,19350.0,106.0,16670.0,349.0,0.0,27886.0,51.0,Pass
l3111.txm,86.2734,752.0,753.0,132.0,0.0,1709.0,100.0,1184.0,9414.0,8983.0,-53.0,26.0,16651.0,19350.0,151.0,16532.0,351.0,0.0,27844.0,51.0,Pass
l3111.txm,87.2949,752.0,755.0,133.0,0.0,1711.0,101.0,1186.0,9421.0,8970.0,-4.0,26.0,16672.0,19264.0,115.0,16666.0,351.0,0.0,27846.0,51.0,Pass
l3111.txm,88.3145,752.0,753.0,132.0,0.0,1718.0,101.0,1183.0,9402.0,9025.0,-76.0,26.0,16783.0,19450.0,648.0,16522.0,351.0,1.0,27936.0,51.0,Pass
l3111.txm,89.334,752.0,753.0,134.0,0.0,1716.0,101.0,1184.0,9479.0,8980.0,-805.0,26.0,16744.0,19072.0,-258.0,16630.0,347.0,0.0,28006.0,51.0,Pass
l3111.txm,90.3809,752.0,752.0,133.0,0.0,1717.0,101.0,1183.0,9464.0,8981.0,-184.0,26.0,16594.0,19158.0,151.0,16600.0,352.0,0.0,27844.0,51.0,Pass
l3111.txm,91.375,752.0,753.0,135.0,0.0,1722.0,101.0,1185.0,9403.0,9027.0,390.0,26.0,16748.0,19342.0,580.0,16502.0,353.0,0.0,27946.0,51.0,Pass
l3111.txm,92.3965,752.0,754.0,135.0,0.0,1721.0,100.0,1185.0,9432.0,8995.0,-716.0,26.0,16608.0,19150.0,6.0,16418.0,349.0,0.0,27884.0,51.0,Pass
l3111.txm,93.4141,752.0,754.0,131.0,0.0,1721.0,100.0,1186.0,9412.0,9004.0,-142.0,26.0,16441.0,19386.0,420.0,16660.0,351.0,0.0,27886.0,51.0,Pass
l3111.txm,94.4336,751.0,753.0,134.0,0.0,1728.0,100.0,1185.0,9459.0,8966.0,73.0,26.0,16838.0,19230.0,-396.0,16684.0,343.0,0.0,27886.0,51.0,Pass
l3111.txm,95.4551,752.0,753.0,132.0,0.0,1729.0,101.0,1186.0,9426.0,8996.0,348.0,26.0,16422.0,19300.0,82.0,16558.0,348.0,0.0,27974.0,51.0,Pass
l3111.txm,96.4746,752.0,754.0,132.0,0.0,1730.0,101.0,1186.0,9416.0,9025.0,11.0,26.0,16873.0,19350.0,834.0,16636.0,351.0,0.0,27966.0,51.0,Pass
l3111.txm,97.4941,752.0,754.0,132.0,0.0,1728.0,100.0,1186.0,9427.0,9018.0,-106.0,26.0,16546.0,19186.0,-51.0,16502.0,359.0,0.0,27826.0,51.0,Pass
l3111.txm,98.5137,751.0,753.0,135.0,0.0,1731.0,102.0,1186.0,9522.0,8968.0,-652.0,26.0,17013.0,19434.0,688.0,16596.0,348.0,0.0,27942.0,51.0,Pass
l3111.txm,99.5352,752.0,753.0,135.0,0.0,1727.0,101.0,1183.0,9470.0,8928.0,-245.0,25.0,16540.0,19124.0,126.0,16678.0,349.0,0.0,28010.0,51.0,Pass
l3111.txm,100.557,752.0,753.0,132.0,0.0,1734.0,101.0,1187.0,9405.0,9016.0,-106.0,26.0,16693.0,19046.0,-90.0,16614.0,356.0,0.0,27852.0,51.0,Pass
l3111.txm,101.574,751.0,753.0,131.0,0.0,1732.0,101.0,1188.0,9413.0,9013.0,387.0,26.0,16802.0,19182.0,101.0,16434.0,348.0,0.0,27942.0,51.0,Pass
l3111.txm,102.621,752.0,753.0,133.0,0.0,1734.0,101.0,1185.0,9406.0,9020.0,-386.0,26.0,16592.0,19308.0,276.0,16524.0,346.0,0.0,27926.0,51.0,Pass
l3111.txm,103.613,752.0,753.0,134.0,0.0,1733.0,101.0,1188.0,9436.0,9026.0,309.0,26.0,16502.0,19282.0,930.0,16570.0,360.0,1.0,27966.0,51.0,Pass
l3111.txm,104.635,751.0,754.0,132.0,0.0,1731.0,100.0,1185.0,9476.0,9008.0,-356.0,26.0,16627.0,19382.0,-37.0,16556.0,343.0,0.0,27954.0,51.0,Pass
l3111.txm,105.654,752.0,753.0,133.0,0.0,1738.0,102.0,1185.0,9450.0,8983.0,-234.0,26.0,16565.0,19146.0,458.0,16544.0,348.0,0.0,27974.0,51.0,Pass
l3111.txm,106.674,752.0,753.0,136.0,0.0,1735.0,101.0,1186.0,9427.0,8965.0,-253.0,26.0,17045.0,19384.0,712.0,16666.0,351.0,0.0,27950.0,51.0,Pass
l3111.txm,107.693,752.0,753.0,134.0,0.0,1733.0,101.0,1184.0,9492.0,8947.0,-238.0,26.0,16825.0,19328.0,89.0,16604.0,343.0,0.0,28008.0,51.0,Pass
l3111.txm,108.715,751.0,754.0,135.0,0.0,1736.0,102.0,1186.0,9418.0,8983.0,117.0,26.0,16673.0,19238.0,-26.0,16552.0,344.0,0.0,27882.0,51.0,Pass
l3111.txm,109.863,752.0,753.0,135.0,0.0,1737.0,100.0,1184.0,9449.0,8988.0,-321.0,26.0,16994.0,19314.0,278.0,16512.0,355.0,0.0,27930.0,51.0,Pass
l3111.txm,110.885,752.0,753.0,134.0,0.0,1735.0,101.0,1183.0,9499.0,8983.0,225.0,26.0,16770.0,19312.0,113.0,16702.0,350.0,0.0,27936.0,51.0,Pass
l3111.txm,111.904,751.0,752.0,132.0,0.0,1733.0,101.0,1185.0,9465.0,9014.0,-216.0,26.0,16509.0,19272.0,57.0,16574.0,354.0,0.0,27900.0,51.0,Pass
l3112.txm,57.7285,752.0,755.0,135.0,0.0,1192.0,101.0,1255.0,9503.0,8965.0,-2450.0,28.0,16468.0,19912.0,288.0,16304.0,348.0,0.0,27354.0,49.0,Pass
l3112.txm,58.7207,752.0,754.0,135.0,0.0,1146.0,101.0,1232.0,9507.0,8994.0,-556.0,28.0,16830.0,19908.0,-395.0,16672.0,347.0,0.0,27374.0,50.0,Pass
l3112.txm,59.7402,752.0,753.0,132.0,0.0,1138.0,100.0,1198.0,9446.0,9062.0,459.0,27.0,16508.0,20008.0,-334.0,16530.0,345.0,0.0,27372.0,50.0,Pass
l3112.txm,60.7598,752.0,754.0,134.0,0.0,1132.0,100.0,1176.0,9481.0,8968.0,115.0,27.0,16870.0,19972.0,-324.0,16576.0,341.0,0.0,27496.0,51.0,Pass
l3112.txm,61.7793,752.0,754.0,132.0,0.0,1107.0,101.0,1185.0,9431.0,9007.0,-1194.0,28.0,16368.0,19978.0,-71.0,16482.0,347.0,0.0,27496.0,50.0,Pass
l3112.txm,62.8008,752.0,754.0,134.0,0.0,1088.0,100.0,1183.0,9423.0,9031.0,-1601.0,28.0,16334.0,19980.0,-353.0,16798.0,343.0,0.0,27426.0,51.0,Pass
l3112.txm,63.8203,752.0,753.0,132.0,0.0,1081.0,100.0,1182.0,9460.0,8992.0,-1650.0,28.0,16489.0,19976.0,-726.0,16804.0,353.0,0.0,27300.0,51.0,Pass
l3112.txm,64.8398,752.0,754.0,134.0,0.0,1060.0,101.0,1187.0,9500.0,8938.0,-2075.0,28.0,16582.0,19984.0,-302.0,16842.0,348.0,0.0,27352.0,50.0,Pass
l3112.txm,65.8613,752.0,755.0,134.0,0.0,1037.0,100.0,1183.0,9417.0,9018.0,-1309.0,28.0,16463.0,20118.0,-321.0,16576.0,352.0,0.0,27336.0,51.0,Pass
l3112.txm,66.8809,752.0,753.0,133.0,0.0,1014.0,102.0,1185.0,9448.0,9034.0,-1574.0,28.0,16573.0,19990.0,478.0,16768.0,349.0,0.0,27332.0,51.0,Pass
l3112.txm,67.9004,751.0,753.0,135.0,0.0,975.0,100.0,1179.0,9463.0,8982.0,-1751.0,29.0,16172.0,20114.0,-299.0,16632.0,346.0,0.0,27128.0,50.0,Pass
l3112.txm,68.9199,752.0,754.0,133.0,0.0,926.0,100.0,1180.0,9443.0,9057.0,-854.0,29.0,16311.0,20446.0,-489.0,16902.0,355.0,0.0,27006.0,50.0,Pass
l3112.txm,69.9648,752.0,754.0,133.0,0.0,900.0,100.0,1183.0,9501.0,8995.0,-1206.0,30.0,15803.0,20382.0,63.0,16686.0,343.0,0.0,26990.0,50.0,Pass
l3112.txm,70.9609,752.0,754.0,133.0,0.0,892.0,100.0,1184.0,9456.0,9087.0,-396.0,29.0,16214.0,20402.0,-742.0,16934.0,350.0,0.0,26946.0,50.0,Pass
l3112.txm,71.9805,752.0,754.0,134.0,0.0,918.0,101.0,1187.0,9475.0,9118.0,-385.0,28.0,16370.0,20532.0,796.0,16054.0,348.0,0.0,27234.0,50.0,Pass
l3112.txm,73.0,752.0,753.0,132.0,0.0,1040.0,101.0,1199.0,9585.0,9038.0,802.0,25.0,17149.0,20096.0,-31.0,16634.0,344.0,0.0,27466.0,50.0,Pass
l3112.txm,74.0195,752.0,753.0,135.0,0.0,1190.0,101.0,1188.0,9481.0,9039.0,-494.0,26.0,17229.0,19998.0,680.0,16566.0,356.0,0.0,27624.0,50.0,Pass
l3112.txm,75.0391,752.0,753.0,133.0,0.0,1330.0,100.0,1187.0,9447.0,9018.0,271.0,26.0,17001.0,19880.0,644.0,16278.0,359.0,0.0,27756.0,51.0,Pass
l3112.txm,76.0605,751.0,752.0,134.0,0.0,1536.0,100.0,1182.0,9413.0,9015.0,875.0,27.0,16627.0,19704.0,27.0,16370.0,349.0,1.0,27880.0,51.0,Pass
l3112.txm,77.0801,752.0,753.0,135.0,0.0,1668.0,100.0,1189.0,9427.0,9030.0,-1370.0,26.0,16926.0,19156.0,93.0,16466.0,356.0,1.0,27928.0,51.0,Pass
l3112.txm,78.0996,752.0,754.0,134.0,0.0,1681.0,101.0,1182.0,9425.0,9030.0,-654.0,26.0,16702.0,19406.0,18.0,16478.0,351.0,0.0,27932.0,51.0,Pass
l3112.txm,79.1191,752.0,754.0,132.0,0.0,1684.0,101.0,1184.0,9454.0,8997.0,-332.0,26.0,16642.0,19318.0,-85.0,16690.0,349.0,0.0,27870.0,51.0,Pass
l3112.txm,80.1406,752.0,754.0,135.0,0.0,1695.0,101.0,1189.0,9430.0,9015.0,-822.0,25.0,17055.0,19150.0,-360.0,16674.0,351.0,0.0,27896.0,51.0,Pass
l3112.txm,81.1602,751.0,752.0,134.0,0.0,1698.0,100.0,1184.0,9483.0,8945.0,-665.0,26.0,16563.0,19254.0,91.0,16698.0,345.0,0.0,27900.0,51.0,Pass
l3112.txm,82.209,752.0,753.0,133.0,0.0,1697.0,101.0,1187.0,9438.0,8964.0,-265.0,26.0,16965.0,19052.0,137.0,16472.0,355.0,1.0,27938.0,51.0,Pass
l3112.txm,83.1992,752.0,754.0,131.0,0.0,1707.0,100.0,1184.0,9469.0,9041.0,22.0,26.0,17062.0,19130.0,110.0,16702.0,355.0,1.0,27890.0,51.0,Pass
l3112.txm,84.2207,752.0,754.0,131.0,0.0,1703.0,100.0,1187.0,9469.0,9007.0,467.0,26.0,16597.0,19036.0,646.0,16636.0,343.0,0.0,27968.0,51.0,Pass
l3112.txm,85.2402,752.0,753.0,132.0,0.0,1712.0,101.0,1186.0,9496.0,8951.0,-425.0,26.0,16841.0,19356.0,-9.0,16510.0,347.0,0.0,28008.0,51.0,Pass
l3112.txm,86.2598,752.0,752.0,135.0,0.0,1716.0,100.0,1185.0,9446.0,8998.0,-533.0,26.0,16987.0,19152.0,116.0,16462.0,351.0,0.0,27942.0,51.0,Pass
l3112.txm,87.2832,752.0,753.0,133.0,0.0,1712.0,101.0,1186.0,9469.0,8984.0,143.0,25.0,16835.0,19318.0,-50.0,16398.0,355.0,1.0,27934.0,51.0,Pass
l3112.txm,88.3027,752.0,753.0,133.0,0.0,1713.0,100.0,1184.0,9472.0,9004.0,-602.0,26.0,16798.0,19284.0,61.0,16356.0,346.0,0.0,27842.0,51.0,Pass
l3112.txm,89.3477,752.0,753.0,135.0,0.0,1717.0,102.0,1182.0,9497.0,8956.0,-738.0,26.0,17102.0,19334.0,-67.0,16460.0,345.0,0.0,27896.0,51.0,Pass
l3112.txm,90.3398,752.0,753.0,136.0,0.0,1718.0,101.0,1184.0,9448.0,8968.0,-913.0,26.0,16814.0,19328.0,-54.0,16480.0,348.0,0.0,27972.0,51.0,Pass
l3112.txm,91.3613,752.0,753.0,132.0,0.0,1721.0,101.0,1186.0,9485.0,8935.0,-42.0,26.0,16636.0,19248.0,55.0,16516.0,355.0,0.0,27844.0,51.0,Pass
l3112.txm,92.3809,751.0,754.0,133.0,0.0,1724.0,101.0,1187.0,9424.0,9016.0,-367.0,26.0,17014.0,19154.0,110.0,16614.0,342.0,0.0,27956.0,51.0,Pass
l3112.txm,93.4004,752.0,754.0,133.0,0.0,1726.0,100.0,1186.0,9426.0,9019.0,-988.0,26.0,16782.0,19302.0,12.0,16356.0,346.0,1.0,27880.0,51.0,Pass
l3112.txm,94.4453,752.0,753.0,132.0,0.0,1727.0,100.0,1187.0,9458.0,8996.0,-624.0,26.0,17021.0,19318.0,-373.0,16578.0,345.0,1.0,27892.0,51.0,Pass
l3112.txm,95.4707,752.0,754.0,132.0,0.0,1723.0,102.0,1183.0,9509.0,8935.0,-7.0,26.0,16618.0,19052.0,340.0,16618.0,344.0,0.0,27990.0,51.0,Pass
l3112.txm,96.4922,752.0,753.0,134.0,0.0,1733.0,100.0,1183.0,9424.0,8991.0,11.0,26.0,16369.0,19380.0,-94.0,16606.0,350.0,0.0,27924.0,51.0,Pass
l3112.txm,97.5098,752.0,754.0,134.0,0.0,1730.0,100.0,1185.0,9453.0,8944.0,-465.0,25.0,16795.0,19352.0,60.0,16526.0,350.0,0.0,28008.0,51.0,Pass
l3112.txm,98.5312,752.0,752.0,132.0,0.0,1730.0,101.0,1185.0,9509.0,8951.0,645.0,26.0,16891.0,19314.0,672.0,16606.0,354.0,0.0,28020.0,51.0,Pass
l3112.txm,99.5801,752.0,753.0,135.0,0.0,1728.0,100.0,1185.0,9460.0,8963.0,-288.0,26.0,16845.0,19124.0,138.0,16488.0,350.0,0.0,27940.0,51.0,Pass
l3112.txm,100.6,751.0,753.0,134.0,0.0,1730.0,100.0,1186.0,9471.0,8977.0,-380.0,26.0,16854.0,19306.0,270.0,16502.0,352.0,1.0,27894.0,51.0,Pass
l3112.txm,101.619,752.0,753.0,132.0,0.0,1732.0,101.0,1187.0,9494.0,8938.0,-148.0,26.0,16509.0,19388.0,470.0,16646.0,345.0,0.0,27922.0,51.0,Pass
l3112.txm,102.641,752.0,754.0,134.0,0.0,1738.0,100.0,1187.0,9489.0,8948.0,-32.0,26.0,16454.0,19144.0,-66.0,16582.0,349.0,0.0,27926.0,51.0,Pass
l3112.txm,103.66,752.0,754.0,134.0,0.0,1735.0,101.0,1186.0,9432.0,8999.0,-275.0,25.0,16857.0,19352.0,650.0,16442.0,350.0,0.0,27862.0,51.0,Pass
l3112.txm,104.68,751.0,753.0,136.0,0.0,1737.0,100.0,1187.0,9419.0,8988.0,-364.0,26.0,16933.0,19106.0,-23.0,16734.0,346.0,0.0,27882.0,51.0,Pass
l3112.txm,105.699,751.0,753.0,133.0,0.0,1731.0,101.0,1184.0,9488.0,8955.0,-639.0,26.0,16608.0,19258.0,50.0,16584.0,346.0,0.0,27930.0,51.0,Pass
l3112.txm,106.744,751.0,754.0,133.0,0.0,1731.0,100.0,1185.0,9448.0,8992.0,-481.0,26.0,16864.0,19220.0,44.0,16496.0,356.0,1.0,27834.0,51.0,Pass
l3112.txm,107.74,752.0,753.0,134.0,0.0,1737.0,100.0,1186.0,9502.0,8949.0,-447.0,26.0,16863.0,19394.0,57.0,16574.0,343.0,1.0,28010.0,51.0,Pass
l3112.txm,108.76,751.0,754.0,132.0,0.0,1733.0,100.0,1183.0,9488.0,8937.0,-252.0,26.0,16643.0,19414.0,138.0,16682.0,348.0,0.0,27860.0,51.0,Pass
l3112.txm,109.779,752.0,754.0,135.0,0.0,1736.0,102.0,1184.0,9430.0,8993.0,-506.0,25.0,16932.0,19174.0,89.0,16684.0,348.0,0.0,27878.0,51.0,Pass
l3112.txm,110.801,752.0,753.0,132.0,0.0,1735.0,101.0,1183.0,9486.0,8958.0,-307.0,26.0,16547.0,19366.0,900.0,16440.0,358.0,0.0,27882.0,51.0,Pass
l3113.txm,57.6973,752.0,752.0,133.0,0.0,1186.0,100.0,1252.0,9416.0,9008.0,-2331.0,28.0,16018.0,19930.0,-15.0,16378.0,356.0,0.0,27500.0,49.0,Pass
l3113.txm,58.7168,752.0,754.0,135.0,0.0,1142.0,101.0,1229.0,9458.0,9082.0,-125.0,27.0,16801.0,19924.0,89.0,16690.0,352.0,0.0,27500.0,50.0,Pass
l3113.txm,59.7363,752.0,753.0,132.0,0.0,1140.0,100.0,1199.0,9457.0,8991.0,761.0,27.0,16624.0,19928.0,-734.0,16868.0,345.0,0.0,27464.0,50.0,Pass
l3113.txm,60.7832,752.0,754.0,132.0,0.0,1124.0,102.0,1179.0,9522.0,8978.0,431.0,27.0,16443.0,20006.0,-309.0,16408.0,343.0,0.0,27356.0,51.0,Pass
l3113.txm,61.8086,752.0,753.0,134.0,0.0,1107.0,100.0,1187.0,9493.0,8984.0,-333.0,28.0,16519.0,20028.0,-561.0,16192.0,354.0,0.0,27382.0,50.0,Pass
l3113.txm,62.8301,752.0,753.0,134.0,0.0,1087.0,101.0,1184.0,9465.0,8970.0,-877.0,28.0,16731.0,20030.0,-450.0,16318.0,348.0,0.0,27386.0,50.0,Pass
l3113.txm,63.8496,751.0,754.0,135.0,0.0,1077.0,100.0,1185.0,9462.0,9022.0,-588.0,28.0,16588.0,20020.0,-270.0,16562.0,347.0,0.0,27374.0,50.0,Pass
l3113.txm,64.8691,752.0,752.0,134.0,0.0,1058.0,100.0,1181.0,9443.0,9025.0,-677.0,28.0,16757.0,20022.0,-685.0,16512.0,342.0,0.0,27376.0,50.0,Pass
l3113.txm,65.8887,751.0,751.0,132.0,0.0,1040.0,100.0,1186.0,9454.0,9005.0,-249.0,28.0,16307.0,20134.0,-28.0,16892.0,349.0,0.0,27330.0,50.0,Pass
l3113.txm,66.9141,752.0,754.0,133.0,0.0,1010.0,100.0,1183.0,9463.0,8991.0,-1330.0,28.0,16554.0,19978.0,12.0,16246.0,345.0,0.0,27300.0,50.0,Pass
l3113.txm,67.9629,752.0,754.0,134.0,0.0,961.0,101.0,1179.0,9445.0,9011.0,-1693.0,29.0,16487.0,20232.0,-343.0,16868.0,352.0,0.0,27310.0,50.0,Pass
l3113.txm,68.957,751.0,752.0,132.0,0.0,915.0,100.0,1179.0,9415.0,9092.0,-1815.0,30.0,16377.0,20174.0,-474.0,16840.0,345.0,0.0,26984.0,50.0,Pass
l3113.txm,69.9766,752.0,753.0,134.0,0.0,902.0,101.0,1182.0,9463.0,9060.0,-807.0,30.0,15932.0,20380.0,-281.0,16880.0,345.0,1.0,27116.0,50.0,Pass
l3113.txm,71.002,752.0,753.0,135.0,0.0,889.0,100.0,1187.0,9542.0,9059.0,-9.0,28.0,16078.0,20470.0,98.0,16154.0,357.0,0.0,26992.0,50.0,Pass
l3113.txm,72.0176,752.0,754.0,132.0,0.0,938.0,102.0,1188.0,9492.0,9068.0,-125.0,29.0,16221.0,20420.0,68.0,16042.0,353.0,1.0,27202.0,50.0,Pass
l3113.txm,73.041,752.0,754.0,131.0,0.0,1073.0,100.0,1196.0,9456.0,9096.0,-388.0,27.0,16656.0,20230.0,608.0,16670.0,353.0,0.0,27466.0,50.0,Pass
l3113.txm,74.0566,752.0,754.0,132.0,0.0,1220.0,100.0,1184.0,9453.0,9010.0,416.0,26.0,16987.0,20168.0,778.0,15978.0,355.0,1.0,27642.0,50.0,Pass
l3113.txm,75.0762,752.0,753.0,132.0,0.0,1357.0,101.0,1186.0,9500.0,8992.0,1058.0,26.0,16693.0,19984.0,26.0,16124.0,349.0,1.0,27700.0,50.0,Pass
l3113.txm,76.0977,752.0,753.0,133.0,0.0,1562.0,100.0,1187.0,9550.0,8908.0,476.0,26.0,16592.0,19686.0,552.0,16448.0,346.0,0.0,27892.0,51.0,Pass
l3113.txm,77.1172,752.0,753.0,133.0,0.0,1679.0,100.0,1186.0,9530.0,8928.0,728.0,27.0,16271.0,19208.0,-349.0,16600.0,350.0,1.0,27942.0,51.0,Pass
l3113.txm,78.1367,752.0,753.0,134.0,1.0,1682.0,100.0,1183.0,9444.0,8946.0,456.0,27.0,16376.0,19352.0,12.0,16602.0,345.0,0.0,27962.0,51.0,Pass
l3113.txm,79.1562,751.0,753.0,131.0,0.0,1699.0,102.0,1187.0,9515.0,8921.0,970.0,26.0,16048.0,19226.0,136.0,16650.0,347.0,0.0,27884.0,51.0,Pass
l3113.txm,80.2031,752.0,753.0,135.0,0.0,1699.0,100.0,1183.0,9422.0,9014.0,443.0,27.0,16245.0,19346.0,155.0,16554.0,345.0,0.0,27986.0,51.0,Pass
l3113.txm,81.1973,752.0,753.0,134.0,0.0,1697.0,100.0,1189.0,9513.0,8931.0,-526.0,25.0,17019.0,19342.0,516.0,16758.0,352.0,0.0,27876.0,51.0,Pass
l3113.txm,82.2168,751.0,752.0,134.0,0.0,1701.0,100.0,1185.0,9547.0,9007.0,-405.0,25.0,16979.0,19448.0,-404.0,16824.0,350.0,1.0,27926.0,51.0,Pass
l3113.txm,83.2363,752.0,754.0,132.0,0.0,1706.0,100.0,1184.0,9514.0,8995.0,142.0,24.0,16950.0,19080.0,-396.0,16604.0,343.0,0.0,27996.0,51.0,Pass
l3113.txm,84.2578,752.0,753.0,133.0,0.0,1709.0,100.0,1185.0,9485.0,9037.0,-278.0,24.0,17026.0,19212.0,-76.0,16594.0,350.0,0.0,27976.0,51.0,Pass
l3113.txm,85.2793,752.0,753.0,131.0,0.0,1708.0,101.0,1184.0,9476.0,8942.0,-749.0,26.0,16514.0,19428.0,-342.0,16496.0,354.0,0.0,28018.0,51.0,Pass
l3113.txm,86.2969,752.0,753.0,133.0,0.0,1712.0,100.0,1184.0,9485.0,8929.0,-299.0,26.0,16713.0,19104.0,-77.0,16530.0,349.0,0.0,27842.0,51.0,Pass
l3113.txm,87.3164,752.0,753.0,133.0,0.0,1718.0,101.0,1185.0,9462.0,8977.0,-911.0,26.0,16699.0,19088.0,126.0,16570.0,351.0,1.0,27930.0,51.0,Pass
l3113.txm,88.3379,752.0,755.0,133.0,0.0,1713.0,101.0,1184.0,9412.0,9017.0,-890.0,26.0,16543.0,19294.0,546.0,16440.0,353.0,0.0,27886.0,51.0,Pass
l3113.txm,89.3574,751.0,753.0,135.0,0.0,1717.0,100.0,1184.0,9457.0,8949.0,-526.0,26.0,16960.0,19330.0,158.0,16500.0,343.0,0.0,27954.0,51.0,Pass
l3113.txm,90.3769,752.0,754.0,133.0,0.0,1722.0,100.0,1184.0,9421.0,8994.0,-627.0,26.0,16419.0,19304.0,-62.0,16480.0,354.0,0.0,27894.0,51.0,Pass
l3113.txm,91.3965,752.0,754.0,135.0,0.0,1720.0,100.0,1185.0,9478.0,8981.0,-790.0,26.0,16796.0,19136.0,5.0,16756.0,349.0,1.0,27918.0,51.0,Pass
l3113.txm,92.4434,752.0,753.0,132.0,0.0,1720.0,101.0,1183.0,9397.0,8949.0,-450.0,26.0,16373.0,19032.0,746.0,16584.0,348.0,0.0,27894.0,51.0,Pass
l3113.txm,93.4668,752.0,754.0,132.0,0.0,1728.0,101.0,1185.0,9469.0,8973.0,-123.0,26.0,16447.0,19370.0,-78.0,16398.0,350.0,0.0,27874.0,51.0,Pass
l3113.txm,94.4863,751.0,754.0,135.0,0.0,1729.0,100.0,1184.0,9438.0,8996.0,-1249.0,26.0,16794.0,19186.0,57.0,16498.0,356.0,1.0,27924.0,51.0,Pass
l3113.txm,95.5078,752.0,753.0,132.0,0.0,1725.0,100.0,1187.0,9449.0,8967.0,-536.0,26.0,16730.0,19148.0,95.0,16812.0,344.0,0.0,27888.0,51.0,Pass
l3113.txm,96.5273,752.0,753.0,134.0,0.0,1734.0,102.0,1185.0,9417.0,8954.0,-754.0,26.0,16518.0,19176.0,108.0,16392.0,349.0,0.0,27882.0,51.0,Pass
l3113.txm,97.6328,751.0,753.0,132.0,0.0,1732.0,100.0,1184.0,9420.0,8946.0,-566.0,27.0,16625.0,19342.0,-21.0,16420.0,350.0,1.0,27870.0,51.0,Pass
l3113.txm,98.5664,752.0,753.0,133.0,0.0,1729.0,102.0,1184.0,9454.0,8926.0,-383.0,26.0,16418.0,19294.0,147.0,16682.0,356.0,0.0,27878.0,51.0,Pass
l3113.txm,99.6172,752.0,753.0,133.0,0.0,1740.0,100.0,1185.0,9428.0,9001.0,-658.0,26.0,16852.0,19204.0,146.0,16470.0,351.0,1.0,27924.0,51.0,Pass
l3113.txm,100.607,752.0,753.0,135.0,0.0,1733.0,100.0,1184.0,9392.0,8973.0,-519.0,26.0,16971.0,19022.0,77.0,16630.0,358.0,1.0,27930.0,51.0,Pass
l3113.txm,101.627,752.0,753.0,131.0,0.0,1734.0,101.0,1185.0,9497.0,8935.0,-298.0,26.0,16520.0,19030.0,556.0,16560.0,352.0,1.0,27936.0,51.0,Pass
l3113.txm,102.646,751.0,753.0,135.0,0.0,1733.0,102.0,1185.0,9415.0,8964.0,-755.0,26.0,16638.0,19410.0,92.0,16618.0,356.0,1.0,27828.0,51.0,Pass
l3113.txm,103.668,752.0,754.0,134.0,0.0,1735.0,100.0,1184.0,9484.0,8936.0,-478.0,26.0,16654.0,19430.0,134.0,16586.0,354.0,1.0,27912.0,51.0,Pass
l3113.txm,104.713,751.0,752.0,134.0,0.0,1741.0,101.0,1185.0,9403.0,8989.0,-386.0,26.0,16584.0,19418.0,-57.0,16670.0,355.0,0.0,27824.0,51.0,Pass
l3113.txm,105.709,752.0,753.0,134.0,0.0,1730.0,100.0,1181.0,9433.0,8989.0,-544.0,27.0,16300.0,19028.0,143.0,16756.0,347.0,0.0,27856.0,51.0,Pass
l3113.txm,106.729,751.0,753.0,132.0,0.0,1735.0,100.0,1187.0,9480.0,8930.0,-682.0,27.0,16636.0,19022.0,2.0,16682.0,345.0,0.0,27800.0,51.0,Pass
l3113.txm,107.75,752.0,752.0,131.0,0.0,1730.0,101.0,1181.0,9449.0,8946.0,-169.0,26.0,16472.0,19012.0,-265.0,16438.0,355.0,1.0,27922.0,51.0,Pass
l3113.txm,108.77,752.0,753.0,132.0,0.0,1736.0,100.0,1185.0,9466.0,8941.0,73.0,26.0,16662.0,19432.0,48.0,16536.0,351.0,0.0,27898.0,51.0,Pass
l3113.txm,109.789,752.0,752.0,132.0,0.0,1736.0,101.0,1184.0,9424.0,9020.0,-387.0,26.0,16609.0,19376.0,53.0,16646.0,358.0,0.0,27896.0,51.0,Pass
l3113.txm,110.809,752.0,752.0,132.0,0.0,1737.0,102.0,1185.0,9486.0,8946.0,-851.0,26.0,16749.0,19338.0,-611.0,16622.0,346.0,0.0,27890.0,51.0,Pass
l3113.txm,111.83,752.0,754.0,133.0,0.0,1738.0,100.0,1187.0,9408.0,9005.0,-386.0,27.0,16387.0,19248.0,-31.0,16690.0,350.0,0.0,27878.0,51.0,Pass
l3114.txm,56.6699,752.0,753.0,131.0,0.0,1377.0,101.0,1187.0,9450.0,8936.0,-1416.0,28.0,16291.0,19858.0,316.0,16636.0,350.0,0.0,27548.0,50.0,Pass
l3114.txm,57.6894,752.0,752.0,132.0,0.0,1169.0,101.0,1252.0,9504.0,9029.0,-969.0,29.0,16184.0,19848.0,-762.0,16970.0,355.0,0.0,27536.0,49.0,Pass
l3114.txm,58.709,752.0,755.0,133.0,0.0,1144.0,100.0,1218.0,9532.0,8987.0,412.0,27.0,16377.0,19948.0,464.0,16408.0,352.0,0.0,27408.0,50.0,Pass
l3114.txm,59.7285,752.0,753.0,135.0,0.0,1140.0,101.0,1189.0,9448.0,8954.0,525.0,27.0,16709.0,19958.0,-61.0,16534.0,348.0,0.0,27410.0,51.0,Pass
l3114.txm,60.75,752.0,753.0,135.0,0.0,1118.0,100.0,1180.0,9516.0,8970.0,-182.0,27.0,16785.0,19978.0,-479.0,16668.0,352.0,0.0,27278.0,51.0,Pass
l3114.txm,61.7715,752.0,753.0,135.0,0.0,1108.0,100.0,1188.0,9429.0,9021.0,-639.0,28.0,16496.0,19980.0,-506.0,16660.0,342.0,0.0,27300.0,50.0,Pass
l3114.txm,62.791,752.0,754.0,132.0,0.0,1088.0,100.0,1184.0,9494.0,8976.0,-144.0,28.0,16274.0,19994.0,-716.0,16566.0,357.0,0.0,27402.0,51.0,Pass
l3114.txm,63.8105,752.0,753.0,133.0,0.0,1075.0,100.0,1184.0,9502.0,8958.0,-134.0,28.0,16369.0,19992.0,-329.0,16750.0,354.0,0.0,27336.0,51.0,Pass
l3114.txm,64.832,751.0,752.0,134.0,0.0,1057.0,102.0,1183.0,9492.0,8941.0,-658.0,28.0,16569.0,20058.0,-402.0,16580.0,344.0,0.0,27376.0,50.0,Pass
l3114.txm,65.875,752.0,753.0,132.0,0.0,1039.0,102.0,1187.0,9425.0,9019.0,-782.0,28.0,16360.0,20106.0,90.0,16546.0,347.0,0.0,27338.0,50.0,Pass
l3114.txm,66.8711,751.0,753.0,132.0,0.0,1009.0,102.0,1180.0,9462.0,8975.0,-982.0,28.0,16294.0,20022.0,-585.0,16972.0,346.0,0.0,27280.0,51.0,Pass
l3114.txm,67.8906,752.0,753.0,135.0,0.0,962.0,101.0,1178.0,9460.0,9036.0,-1692.0,29.0,16231.0,20312.0,-324.0,16720.0,342.0,0.0,27236.0,50.0,Pass
l3114.txm,68.9121,752.0,753.0,131.0,0.0,918.0,101.0,1180.0,9417.0,9066.0,-1898.0,30.0,16285.0,19984.0,-602.0,16888.0,347.0,0.0,26988.0,50.0,Pass
l3114.txm,69.9316,751.0,753.0,132.0,0.0,892.0,100.0,1180.0,9423.0,9087.0,-2149.0,30.0,15937.0,20106.0,-558.0,16688.0,352.0,0.0,26946.0,50.0,Pass
l3114.txm,70.9512,752.0,754.0,131.0,0.0,879.0,100.0,1183.0,9466.0,9090.0,385.0,29.0,16142.0,20284.0,-271.0,16520.0,341.0,0.0,27068.0,50.0,Pass
l3114.txm,71.9707,752.0,754.0,135.0,0.0,940.0,102.0,1190.0,9448.0,9173.0,593.0,27.0,16618.0,20266.0,40.0,16318.0,351.0,0.0,27128.0,50.0,Pass
l3114.txm,72.9902,752.0,753.0,133.0,0.0,1080.0,100.0,1194.0,9546.0,9010.0,658.0,26.0,16830.0,20326.0,216.0,16324.0,353.0,1.0,27502.0,50.0,Pass
l3114.txm,74.0117,751.0,753.0,132.0,0.0,1237.0,101.0,1188.0,9465.0,9072.0,1368.0,26.0,16586.0,19722.0,22.0,16308.0,343.0,1.0,27592.0,50.0,Pass
l3114.txm,75.0312,751.0,754.0,132.0,0.0,1378.0,100.0,1186.0,9528.0,8977.0,791.0,26.0,16613.0,19604.0,1006.0,16296.0,344.0,0.0,27754.0,51.0,Pass
l3114.txm,76.0508,751.0,754.0,135.0,0.0,1586.0,100.0,1187.0,9436.0,9013.0,323.0,26.0,16543.0,19234.0,-43.0,16226.0,349.0,0.0,27898.0,51.0,Pass
l3114.txm,77.0703,751.0,753.0,132.0,0.0,1671.0,101.0,1184.0,9497.0,9005.0,235.0,26.0,16201.0,19228.0,-73.0,16622.0,347.0,0.0,27898.0,51.0,Pass
l3114.txm,78.1152,752.0,754.0,132.0,0.0,1688.0,102.0,1184.0,9411.0,9011.0,1379.0,26.0,16367.0,19278.0,-50.0,16508.0,345.0,0.0,27842.0,51.0,Pass
l3114.txm,79.1113,752.0,754.0,132.0,0.0,1696.0,100.0,1184.0,9457.0,8993.0,641.0,27.0,16090.0,19406.0,14.0,16524.0,348.0,0.0,27944.0,51.0,Pass
l3114.txm,80.1309,752.0,753.0,134.0,0.0,1701.0,100.0,1187.0,9510.0,8933.0,707.0,27.0,16272.0,19226.0,-43.0,16604.0,348.0,0.0,27964.0,51.0,Pass
l3114.txm,81.1504,752.0,753.0,134.0,0.0,1702.0,101.0,1186.0,9519.0,8955.0,110.0,27.0,16178.0,19434.0,-430.0,16376.0,358.0,0.0,27888.0,51.0,Pass
l3114.txm,82.1719,752.0,752.0,132.0,0.0,1703.0,100.0,1184.0,9524.0,8918.0,738.0,26.0,16506.0,19432.0,83.0,16360.0,348.0,0.0,28004.0,51.0,Pass
l3114.txm,83.1914,752.0,752.0,131.0,0.0,1711.0,102.0,1186.0,9437.0,8979.0,842.0,26.0,16049.0,19422.0,-65.0,16392.0,343.0,0.0,27900.0,51.0,Pass
l3114.txm,84.2109,752.0,754.0,132.0,0.0,1707.0,101.0,1183.0,9441.0,9023.0,1028.0,26.0,15960.0,19188.0,60.0,16462.0,352.0,1.0,27976.0,51.0,Pass
l3114.txm,85.2559,752.0,754.0,132.0,0.0,1717.0,100.0,1184.0,9527.0,8914.0,110.0,27.0,16576.0,19394.0,-420.0,16438.0,348.0,1.0,27900.0,51.0,Pass
l3114.txm,86.252,751.0,753.0,133.0,0.0,1715.0,101.0,1185.0,9543.0,8910.0,267.0,26.0,16429.0,19376.0,120.0,16354.0,351.0,0.0,27868.0,51.0,Pass
l3114.txm,87.2715,752.0,754.0,133.0,0.0,1719.0,102.0,1185.0,9462.0,9040.0,637.0,27.0,16016.0,19204.0,98.0,16420.0,353.0,0.0,28020.0,51.0,Pass
l3114.txm,88.291,752.0,752.0,135.0,0.0,1717.0,100.0,1185.0,9447.0,8974.0,69.0,26.0,16611.0,19198.0,21.0,16510.0,343.0,0.0,27882.0,51.0,Pass
l3114.txm,89.3105,752.0,752.0,135.0,0.0,1724.0,102.0,1184.0,9449.0,8996.0,561.0,27.0,16455.0,19192.0,-410.0,16358.0,343.0,1.0,27976.0,51.0,Pass
l3114.txm,90.3496,752.0,753.0,135.0,1.0,1720.0,100.0,1184.0,9462.0,8976.0,697.0,27.0,16049.0,19206.0,442.0,16436.0,350.0,0.0,28016.0,51.0,Pass
l3114.txm,91.3711,752.0,753.0,132.0,0.0,1729.0,101.0,1186.0,9422.0,9013.0,594.0,26.0,16045.0,19184.0,132.0,16296.0,350.0,0.0,27848.0,51.0,Pass
l3114.txm,92.3906,752.0,753.0,135.0,0.0,1728.0,102.0,1185.0,9538.0,8911.0,626.0,27.0,16260.0,19138.0,-9.0,16594.0,347.0,0.0,27938.0,51.0,Pass
l3114.txm,93.4121,752.0,753.0,133.0,0.0,1730.0,100.0,1183.0,9427.0,8997.0,-123.0,27.0,16122.0,19212.0,580.0,16398.0,348.0,0.0,27944.0,51.0,Pass
l3114.txm,94.4316,752.0,753.0,133.0,0.0,1738.0,101.0,1186.0,9535.0,8928.0,142.0,27.0,16523.0,19230.0,434.0,16382.0,348.0,1.0,27958.0,51.0,Pass
l3114.txm,95.4512,751.0,753.0,132.0,0.0,1733.0,102.0,1185.0,9499.0,8946.0,823.0,27.0,16202.0,19352.0,133.0,16354.0,355.0,1.0,27940.0,51.0,Pass
l3114.txm,96.4707,752.0,754.0,134.0,0.0,1730.0,100.0,1184.0,9520.0,8948.0,578.0,27.0,16274.0,19422.0,36.0,16268.0,351.0,1.0,27942.0,51.0,Pass
l3114.txm,97.4902,752.0,753.0,132.0,0.0,1739.0,100.0,1185.0,9460.0,8976.0,1066.0,27.0,16223.0,19220.0,674.0,16176.0,356.0,1.0,27964.0,51.0,Pass
l3114.txm,98.5117,752.0,754.0,134.0,0.0,1738.0,101.0,1188.0,9462.0,8973.0,200.0,27.0,16113.0,19320.0,42.0,16462.0,347.0,0.0,27836.0,51.0,Pass
l3114.txm,99.5312,752.0,753.0,133.0,0.0,1734.0,100.0,1182.0,9501.0,8910.0,525.0,27.0,15919.0,19162.0,754.0,16468.0,347.0,1.0,27936.0,51.0,Pass
l3114.txm,100.549,751.0,754.0,134.0,1.0,1734.0,102.0,1185.0,9442.0,8993.0,870.0,26.0,16372.0,19334.0,-363.0,16368.0,345.0,0.0,27946.0,51.0,Pass
l3114.txm,101.568,752.0,753.0,133.0,0.0,1737.0,100.0,1185.0,9479.0,8975.0,583.0,27.0,16079.0,19198.0,-45.0,16452.0,350.0,0.0,27974.0,51.0,Pass
l3114.txm,102.615,752.0,754.0,135.0,0.0,1741.0,100.0,1184.0,9509.0,8936.0,128.0,27.0,16166.0,19378.0,148.0,16432.0,344.0,0.0,27946.0,51.0,Pass
l3114.txm,103.639,752.0,755.0,132.0,0.0,1739.0,101.0,1183.0,9446.0,9000.0,1102.0,27.0,15924.0,19340.0,246.0,16328.0,346.0,0.0,27956.0,51.0,Pass
l3114.txm,104.658,751.0,752.0,135.0,0.0,1741.0,100.0,1186.0,9446.0,9020.0,-165.0,27.0,16201.0,19346.0,882.0,16540.0,342.0,0.0,27848.0,51.0,Pass
l3114.txm,105.68,752.0,753.0,135.0,0.0,1741.0,101.0,1185.0,9502.0,8940.0,-255.0,26.0,16383.0,19446.0,-360.0,16344.0,348.0,0.0,27884.0,51.0,Pass
l3114.txm,106.699,752.0,753.0,133.0,0.0,1741.0,101.0,1185.0,9429.0,9019.0,1047.0,27.0,15989.0,19350.0,141.0,16430.0,354.0,0.0,27962.0,51.0,Pass
l3114.txm,107.719,752.0,753.0,134.0,0.0,1738.0,100.0,1184.0,9510.0,8906.0,415.0,26.0,16346.0,19154.0,69.0,16490.0,346.0,0.0,27886.0,51.0,Pass
l3114.txm,108.738,751.0,753.0,133.0,0.0,1749.0,101.0,1186.0,9476.0,8942.0,260.0,26.0,16382.0,19410.0,248.0,16540.0,344.0,0.0,27898.0,51.0,Pass
l3114.txm,109.76,752.0,754.0,132.0,0.0,1741.0,101.0,1187.0,9425.0,9009.0,403.0,26.0,16224.0,19242.0,-415.0,16250.0,342.0,1.0,27954.0,51.0,Pass
l3115.txm,57.7187,752.0,754.0,133.0,0.0,1364.0,101.0,1191.0,9505.0,8936.0,405.0,29.0,16106.0,19880.0,-348.0,16574.0,348.0,0.0,27354.0,50.0,Pass
l3115.txm,58.7402,752.0,753.0,134.0,0.0,1162.0,100.0,1255.0,9481.0,9002.0,-1077.0,29.0,16176.0,20066.0,51.0,16300.0,344.0,0.0,27512.0,49.0,Pass
l3115.txm,59.7598,752.0,754.0,133.0,0.0,1145.0,101.0,1212.0,9446.0,9030.0,742.0,27.0,16366.0,19966.0,-64.0,16332.0,350.0,0.0,27476.0,50.0,Pass
l3115.txm,60.7988,752.0,752.0,135.0,0.0,1135.0,101.0,1189.0,9471.0,8970.0,417.0,27.0,16696.0,19970.0,-13.0,16648.0,351.0,0.0,27476.0,51.0,Pass
l3115.txm,61.8437,752.0,753.0,133.0,0.0,1123.0,101.0,1179.0,9499.0,8978.0,-652.0,28.0,16322.0,19964.0,-286.0,16660.0,351.0,0.0,27444.0,51.0,Pass
l3115.txm,62.8398,752.0,755.0,135.0,0.0,1107.0,100.0,1188.0,9470.0,8976.0,-1584.0,28.0,16623.0,19970.0,-82.0,16608.0,347.0,0.0,27496.0,50.0,Pass
l3115.txm,63.8594,752.0,754.0,135.0,0.0,1090.0,101.0,1184.0,9415.0,9032.0,-1375.0,28.0,16602.0,19972.0,-32.0,16854.0,345.0,0.0,27430.0,51.0,Pass
l3115.txm,64.8789,751.0,753.0,133.0,0.0,1067.0,101.0,1187.0,9426.0,9013.0,-1659.0,28.0,16521.0,20170.0,-736.0,16652.0,353.0,0.0,27350.0,50.0,Pass
l3115.txm,65.9004,752.0,753.0,131.0,0.0,1051.0,101.0,1183.0,9459.0,8962.0,-1462.0,28.0,16239.0,19856.0,-658.0,16566.0,347.0,0.0,27384.0,51.0,Pass
l3115.txm,66.9199,752.0,755.0,132.0,0.0,1036.0,101.0,1184.0,9435.0,9003.0,-1624.0,28.0,16527.0,19934.0,662.0,16740.0,356.0,0.0,27372.0,51.0,Pass
l3115.txm,67.9395,752.0,753.0,133.0,0.0,1011.0,100.0,1184.0,9480.0,8985.0,-1422.0,29.0,16037.0,20018.0,-844.0,16848.0,343.0,1.0,27318.0,50.0,Pass
l3115.txm,68.959,752.0,754.0,133.0,0.0,952.0,100.0,1175.0,9463.0,8991.0,-1592.0,30.0,16376.0,20184.0,-297.0,16772.0,343.0,0.0,27148.0,50.0,Pass
l3115.txm,70.0156,752.0,753.0,132.0,0.0,915.0,101.0,1178.0,9487.0,9019.0,-1401.0,30.0,15944.0,20430.0,-703.0,16656.0,350.0,0.0,27106.0,50.0,Pass
l3115.txm,71.0391,752.0,754.0,135.0,0.0,888.0,100.0,1181.0,9459.0,9099.0,-1113.0,30.0,16306.0,20396.0,-732.0,16754.0,355.0,0.0,27064.0,50.0,Pass
l3115.txm,72.0605,752.0,754.0,134.0,0.0,890.0,100.0,1185.0,9472.0,9053.0,-790.0,29.0,16205.0,20368.0,-287.0,16332.0,348.0,0.0,26974.0,50.0,Pass
l3115.txm,73.0801,752.0,754.0,132.0,0.0,959.0,102.0,1194.0,9505.0,9046.0,344.0,27.0,16459.0,20294.0,700.0,16024.0,350.0,0.0,27352.0,50.0,Pass
l3115.txm,74.123,752.0,753.0,136.0,0.0,1109.0,101.0,1192.0,9467.0,9070.0,234.0,26.0,17027.0,20092.0,153.0,16414.0,342.0,0.0,27462.0,50.0,Pass
l3115.txm,75.1191,752.0,754.0,134.0,0.0,1234.0,100.0,1189.0,9505.0,8991.0,-969.0,26.0,16976.0,20176.0,150.0,16506.0,346.0,0.0,27642.0,50.0,Pass
l3115.txm,76.1387,752.0,754.0,135.0,0.0,1398.0,102.0,1185.0,9507.0,8977.0,404.0,26.0,17003.0,19864.0,86.0,16492.0,346.0,0.0,27760.0,51.0,Pass
l3115.txm,77.1602,751.0,752.0,132.0,0.0,1602.0,101.0,1186.0,9508.0,8999.0,472.0,25.0,16538.0,19222.0,-22.0,16462.0,351.0,0.0,27880.0,51.0,Pass
l3115.txm,78.1797,752.0,752.0,135.0,0.0,1671.0,100.0,1187.0,9442.0,9053.0,759.0,25.0,17084.0,19208.0,-358.0,16782.0,353.0,0.0,27954.0,51.0,Pass
l3115.txm,79.1973,752.0,753.0,135.0,0.0,1677.0,100.0,1184.0,9507.0,8955.0,-118.0,25.0,17083.0,19362.0,502.0,16648.0,348.0,1.0,28014.0,51.0,Pass
l3115.txm,80.2168,752.0,754.0,132.0,0.0,1687.0,100.0,1184.0,9503.0,8956.0,335.0,25.0,16754.0,19048.0,85.0,16418.0,351.0,1.0,27938.0,51.0,Pass
l3115.txm,81.2402,751.0,752.0,134.0,0.0,1693.0,100.0,1184.0,9455.0,9005.0,133.0,25.0,16830.0,19384.0,-66.0,16406.0,348.0,1.0,27932.0,51.0,Pass
l3115.txm,82.2578,752.0,754.0,135.0,0.0,1691.0,102.0,1184.0,9474.0,8981.0,132.0,25.0,16937.0,19350.0,-7.0,16556.0,350.0,0.0,27998.0,51.0,Pass
l3115.txm,83.2773,752.0,753.0,135.0,0.0,1701.0,100.0,1185.0,9464.0,9062.0,594.0,25.0,17028.0,19422.0,-263.0,16614.0,349.0,0.0,27894.0,51.0,Pass
l3115.txm,84.2988,752.0,753.0,133.0,0.0,1700.0,102.0,1184.0,9511.0,8974.0,571.0,25.0,16953.0,19240.0,-471.0,16470.0,356.0,1.0,27988.0,51.0,Pass
l3115.txm,85.3184,752.0,754.0,135.0,0.0,1706.0,101.0,1185.0,9539.0,8979.0,601.0,25.0,17008.0,19422.0,-40.0,16534.0,348.0,0.0,27838.0,51.0,Pass
l3115.txm,86.3633,752.0,753.0,135.0,0.0,1705.0,100.0,1186.0,9468.0,9030.0,408.0,25.0,16926.0,19072.0,524.0,16398.0,349.0,0.0,27882.0,51.0,Pass
l3115.txm,87.3867,752.0,754.0,133.0,0.0,1712.0,102.0,1183.0,9450.0,9050.0,108.0,25.0,17008.0,19072.0,135.0,16430.0,345.0,0.0,27900.0,51.0,Pass
l3115.txm,88.4082,752.0,754.0,132.0,0.0,1713.0,101.0,1186.0,9513.0,8960.0,241.0,25.0,16741.0,19340.0,-301.0,16710.0,345.0,0.0,27892.0,51.0,Pass
l3115.txm,89.4277,751.0,753.0,134.0,0.0,1709.0,101.0,1183.0,9473.0,9004.0,77.0,25.0,16983.0,19274.0,141.0,16420.0,355.0,0.0,27954.0,51.0,Pass
l3115.txm,90.4473,752.0,753.0,133.0,0.0,1713.0,101.0,1185.0,9452.0,9052.0,564.0,25.0,16845.0,19046.0,-35.0,16550.0,349.0,0.0,27894.0,51.0,Pass
l3115.txm,91.4668,752.0,754.0,133.0,0.0,1713.0,100.0,1183.0,9521.0,9002.0,541.0,25.0,16886.0,19332.0,155.0,16584.0,347.0,1.0,27942.0,51.0,Pass
l3115.txm,92.4883,752.0,754.0,132.0,0.0,1718.0,102.0,1186.0,9517.0,8943.0,382.0,25.0,16768.0,19390.0,-6.0,16516.0,348.0,0.0,28012.0,51.0,Pass
l3115.txm,93.5078,751.0,752.0,132.0,0.0,1717.0,101.0,1184.0,9513.0,8987.0,358.0,25.0,17015.0,19260.0,50.0,16490.0,346.0,0.0,27944.0,51.0,Pass
l3115.txm,94.5273,752.0,753.0,132.0,0.0,1721.0,100.0,1188.0,9466.0,8995.0,1045.0,25.0,16604.0,19442.0,-42.0,16486.0,348.0,1.0,27950.0,51.0,Pass
l3115.txm,95.5469,752.0,754.0,134.0,0.0,1718.0,100.0,1186.0,9442.0,9059.0,481.0,25.0,16987.0,19366.0,107.0,16618.0,345.0,1.0,27934.0,51.0,Pass
l3115.txm,96.5684,752.0,755.0,133.0,0.0,1727.0,102.0,1187.0,9506.0,9012.0,1048.0,25.0,16770.0,19440.0,-94.0,16552.0,349.0,0.0,27910.0,51.0,Pass
l3115.txm,97.5879,751.0,754.0,134.0,0.0,1719.0,102.0,1186.0,9466.0,8964.0,505.0,25.0,16838.0,19240.0,408.0,16560.0,349.0,0.0,27828.0,51.0,Pass
l3115.txm,98.6328,752.0,753.0,135.0,0.0,1731.0,100.0,1187.0,9478.0,9012.0,271.0,25.0,17024.0,19384.0,688.0,16566.0,354.0,1.0,27934.0,51.0,Pass
l3115.txm,99.6269,752.0,753.0,133.0,0.0,1726.0,100.0,1186.0,9434.0,9028.0,1114.0,25.0,16709.0,19044.0,71.0,16388.0,353.0,0.0,27950.0,51.0,Pass
l3115.txm,100.648,752.0,753.0,134.0,0.0,1731.0,101.0,1184.0,9525.0,9001.0,39.0,25.0,17023.0,19240.0,822.0,16490.0,356.0,0.0,27912.0,51.0,Pass
l3115.txm,102.18,752.0,753.0,135.0,0.0,1731.0,101.0,1185.0,9533.0,9007.0,394.0,25.0,16904.0,19412.0,-291.0,16602.0,344.0,0.0,27890.0,51.0,Pass
l3115.txm,103.197,752.0,753.0,132.0,0.0,1735.0,101.0,1187.0,9431.0,9057.0,227.0,25.0,16680.0,19088.0,153.0,16466.0,344.0,0.0,27896.0,51.0,Pass
l3115.txm,104.217,752.0,753.0,135.0,0.0,1727.0,100.0,1186.0,9499.0,8934.0,327.0,25.0,17029.0,19402.0,-530.0,16516.0,349.0,1.0,27898.0,51.0,Pass
l3115.txm,105.238,752.0,753.0,135.0,0.0,1728.0,102.0,1184.0,9537.0,8946.0,271.0,25.0,17076.0,19214.0,114.0,16572.0,349.0,0.0,27896.0,51.0,Pass
l3115.txm,106.258,752.0,753.0,131.0,0.0,1730.0,100.0,1189.0,9462.0,8981.0,1433.0,25.0,16870.0,19232.0,980.0,16648.0,345.0,0.0,27878.0,51.0,Pass
l3115.txm,107.279,752.0,753.0,132.0,0.0,1726.0,101.0,1185.0,9544.0,8960.0,523.0,25.0,16739.0,19384.0,536.0,16520.0,351.0,1.0,27942.0,51.0,Pass
l3115.txm,108.297,752.0,753.0,135.0,0.0,1727.0,100.0,1185.0,9501.0,9021.0,786.0,25.0,16728.0,19452.0,428.0,16508.0,344.0,1.0,27912.0,51.0,Pass
l3115.txm,109.318,752.0,754.0,132.0,0.0,1729.0,100.0,1187.0,9459.0,8967.0,630.0,25.0,16646.0,19294.0,202.0,16528.0,355.0,0.0,27886.0,51.0,Pass
l3115.txm,110.338,752.0,753.0,132.0,0.0,1734.0,102.0,1186.0,9549.0,8937.0,232.0,25.0,16701.0,19206.0,-50.0,16424.0,355.0,1.0,27944.0,51.0,Pass
l3115.txm,111.383,752.0,754.0,132.0,0.0,1727.0,101.0,1183.0,9448.0,9048.0,315.0,25.0,17018.0,19364.0,946.0,16616.0,349.0,0.0,27814.0,51.0,Pass
l3115.txm,112.377,752.0,752.0,133.0,0.0,1731.0,102.0,1184.0,9538.0,8952.0,202.0,25.0,16614.0,19274.0,572.0,16520.0,351.0,0.0,27940.0,51.0,Pass
l3116.txm,58.6797,752.0,753.0,132.0,0.0,1231.0,101.0,1246.0,9464.0,8992.0,-1497.0,29.0,16234.0,19842.0,-527.0,16970.0,343.0,0.0,27582.0,49.0,Pass
l3116.txm,59.7012,752.0,754.0,132.0,0.0,1144.0,99.0,1236.0,9439.0,9027.0,-329.0,29.0,16163.0,19952.0,116.0,16284.0,346.0,0.0,27426.0,50.0,Pass
l3116.txm,60.7227,752.0,754.0,133.0,0.0,1135.0,100.0,1201.0,9515.0,8970.0,-1045.0,28.0,16718.0,19952.0,62.0,16522.0,346.0,0.0,27368.0,50.0,Pass
l3116.txm,61.7402,752.0,753.0,134.0,0.0,1129.0,101.0,1176.0,9435.0,9048.0,206.0,28.0,16805.0,19948.0,-356.0,16780.0,347.0,0.0,27430.0,51.0,Pass
l3116.txm,62.7598,752.0,754.0,135.0,0.0,1120.0,100.0,1182.0,9464.0,9011.0,-454.0,28.0,16494.0,19942.0,66.0,16798.0,350.0,0.0,27362.0,50.0,Pass
l3116.txm,63.8086,751.0,753.0,135.0,0.0,1098.0,101.0,1187.0,9484.0,8971.0,-475.0,28.0,16791.0,19962.0,-474.0,16812.0,353.0,0.0,27422.0,50.0,Pass
l3116.txm,64.8008,752.0,754.0,136.0,0.0,1077.0,101.0,1184.0,9481.0,8976.0,-269.0,28.0,16483.0,20030.0,-267.0,16434.0,357.0,0.0,27372.0,51.0,Pass
l3116.txm,65.8203,751.0,752.0,134.0,0.0,1061.0,100.0,1185.0,9487.0,8993.0,-375.0,29.0,16386.0,20032.0,-314.0,16368.0,360.0,0.0,27350.0,51.0,Pass
l3116.txm,66.8398,752.0,753.0,134.0,0.0,1053.0,101.0,1185.0,9416.0,9032.0,-667.0,28.0,16306.0,20048.0,-566.0,16842.0,343.0,0.0,27348.0,51.0,Pass
l3116.txm,67.8594,751.0,753.0,135.0,0.0,1027.0,100.0,1181.0,9418.0,8983.0,-1487.0,28.0,16549.0,20186.0,-530.0,16840.0,353.0,1.0,27236.0,51.0,Pass
l3116.txm,68.8809,752.0,754.0,132.0,0.0,988.0,101.0,1184.0,9489.0,8954.0,-1788.0,29.0,16142.0,20156.0,135.0,16402.0,353.0,0.0,27230.0,50.0,Pass
l3116.txm,69.9004,752.0,754.0,133.0,0.0,939.0,101.0,1178.0,9493.0,9018.0,-1006.0,30.0,15904.0,20238.0,-478.0,16982.0,344.0,1.0,27076.0,50.0,Pass
l3116.txm,70.9199,752.0,753.0,132.0,0.0,903.0,100.0,1183.0,9426.0,9096.0,-1005.0,30.0,15915.0,20150.0,-90.0,16718.0,345.0,0.0,26968.0,50.0,Pass
l3116.txm,71.9414,752.0,752.0,136.0,0.0,887.0,100.0,1182.0,9487.0,9117.0,-1124.0,29.0,16086.0,20332.0,-637.0,16682.0,352.0,0.0,27126.0,50.0,Pass
l3116.txm,72.9609,752.0,753.0,135.0,0.0,896.0,100.0,1188.0,9522.0,9036.0,-1006.0,29.0,16382.0,20532.0,65.0,16104.0,346.0,0.0,27052.0,50.0,Pass
l3116.txm,73.9824,751.0,753.0,132.0,0.0,998.0,100.0,1194.0,9537.0,9051.0,1483.0,25.0,16779.0,20032.0,576.0,16870.0,358.0,0.0,27518.0,50.0,Pass
l3116.txm,75.0039,752.0,753.0,132.0,0.0,1138.0,100.0,1190.0,9467.0,9056.0,-916.0,27.0,17115.0,20194.0,-23.0,16566.0,351.0,0.0,27484.0,50.0,Pass
l3116.txm,76.0488,752.0,753.0,132.0,0.0,1302.0,100.0,1186.0,9527.0,9018.0,644.0,25.0,16798.0,20078.0,222.0,16462.0,347.0,0.0,27638.0,51.0,Pass
l3116.txm,77.043,752.0,753.0,132.0,0.0,1455.0,101.0,1186.0,9562.0,8936.0,904.0,26.0,16644.0,19570.0,318.0,16174.0,355.0,0.0,27848.0,51.0,Pass
l3116.txm,78.0605,752.0,754.0,133.0,0.0,1644.0,100.0,1186.0,9498.0,8964.0,440.0,26.0,16246.0,19318.0,856.0,16590.0,347.0,1.0,28026.0,51.0,Pass
l3116.txm,79.0801,752.0,752.0,131.0,0.0,1685.0,102.0,1185.0,9512.0,8938.0,1026.0,26.0,16284.0,19178.0,91.0,16866.0,347.0,0.0,27890.0,51.0,Pass
l3116.txm,80.1035,752.0,753.0,132.0,0.0,1686.0,101.0,1185.0,9462.0,9016.0,586.0,26.0,16397.0,19222.0,-95.0,16692.0,354.0,1.0,27894.0,51.0,Pass
l3116.txm,81.1211,751.0,754.0,132.0,0.0,1690.0,100.0,1185.0,9455.0,8987.0,1102.0,26.0,16238.0,19370.0,60.0,16706.0,346.0,0.0,27888.0,51.0,Pass
l3116.txm,82.1445,752.0,754.0,131.0,0.0,1697.0,101.0,1183.0,9542.0,8956.0,519.0,26.0,16124.0,19126.0,131.0,16682.0,343.0,0.0,27998.0,51.0,Pass
l3116.txm,83.1602,752.0,753.0,132.0,0.0,1696.0,100.0,1181.0,9511.0,8935.0,839.0,26.0,16221.0,19382.0,-382.0,16548.0,348.0,0.0,28004.0,51.0,Pass
l3116.txm,84.1797,752.0,752.0,133.0,0.0,1707.0,100.0,1183.0,9524.0,8986.0,576.0,26.0,16597.0,19374.0,-8.0,16562.0,352.0,0.0,27886.0,51.0,Pass
l3116.txm,85.2324,752.0,752.0,133.0,0.0,1705.0,101.0,1183.0,9440.0,8995.0,545.0,26.0,16165.0,19096.0,388.0,16512.0,356.0,0.0,28002.0,51.0,Pass
l3116.txm,86.25,752.0,753.0,134.0,0.0,1708.0,100.0,1185.0,9514.0,8950.0,1059.0,26.0,16151.0,19438.0,-88.0,16388.0,348.0,0.0,28002.0,51.0,Pass
l3116.txm,87.2715,752.0,754.0,132.0,0.0,1711.0,101.0,1185.0,9451.0,8957.0,404.0,26.0,16573.0,19350.0,588.0,16566.0,358.0,1.0,28022.0,51.0,Pass
l3116.txm,88.3164,751.0,754.0,133.0,0.0,1715.0,100.0,1182.0,9507.0,8893.0,789.0,26.0,16196.0,19292.0,152.0,16460.0,347.0,0.0,27994.0,51.0,Pass
l3116.txm,89.3105,752.0,754.0,132.0,0.0,1714.0,101.0,1183.0,9470.0,9043.0,618.0,26.0,16277.0,19150.0,644.0,16476.0,351.0,0.0,27976.0,51.0,Pass
l3116.txm,90.332,752.0,753.0,131.0,0.0,1717.0,101.0,1182.0,9456.0,9003.0,809.0,26.0,16357.0,19260.0,286.0,16562.0,346.0,0.0,27998.0,51.0,Pass
l3116.txm,91.3516,752.0,755.0,133.0,0.0,1720.0,100.0,1183.0,9540.0,8936.0,870.0,26.0,16379.0,19100.0,115.0,16502.0,345.0,0.0,27976.0,51.0,Pass
l3116.txm,92.3711,751.0,752.0,131.0,0.0,1715.0,101.0,1182.0,9545.0,8936.0,555.0,26.0,15948.0,19268.0,-30.0,16488.0,347.0,0.0,28016.0,51.0,Pass
l3116.txm,93.3906,752.0,753.0,132.0,0.0,1726.0,100.0,1184.0,9547.0,8934.0,1159.0,26.0,16205.0,19440.0,41.0,16546.0,344.0,0.0,28008.0,51.0,Pass
l3116.txm,94.4121,752.0,753.0,135.0,0.0,1724.0,102.0,1185.0,9549.0,8922.0,-74.0,26.0,16423.0,19098.0,-354.0,16656.0,347.0,0.0,28038.0,51.0,Pass
l3116.txm,95.4297,752.0,754.0,133.0,0.0,1728.0,101.0,1185.0,9476.0,9034.0,652.0,26.0,16308.0,19446.0,-43.0,16486.0,348.0,0.0,28006.0,51.0,Pass
l3116.txm,96.4531,752.0,753.0,135.0,0.0,1733.0,100.0,1186.0,9450.0,8984.0,340.0,26.0,16445.0,19428.0,502.0,16598.0,345.0,0.0,27982.0,51.0,Pass
l3116.txm,97.4727,751.0,753.0,133.0,0.0,1729.0,100.0,1182.0,9464.0,9034.0,796.0,26.0,15959.0,19294.0,100.0,16576.0,356.0,1.0,27898.0,51.0,Pass
l3116.txm,98.4922,751.0,753.0,134.0,0.0,1730.0,101.0,1185.0,9433.0,9015.0,601.0,26.0,16408.0,19386.0,714.0,16532.0,350.0,1.0,28014.0,51.0,Pass
l3116.txm,99.5117,752.0,755.0,131.0,0.0,1733.0,100.0,1185.0,9467.0,8923.0,1174.0,26.0,16120.0,19284.0,730.0,16496.0,353.0,0.0,28008.0,51.0,Pass
l3116.txm,100.559,751.0,754.0,131.0,0.0,1731.0,101.0,1182.0,9438.0,8961.0,769.0,26.0,16118.0,19230.0,-77.0,16406.0,354.0,1.0,28002.0,51.0,Pass
l3116.txm,101.557,752.0,753.0,130.0,0.0,1730.0,101.0,1184.0,9456.0,8960.0,941.0,26.0,16348.0,19166.0,124.0,16502.0,350.0,0.0,28024.0,51.0,Pass
l3116.txm,102.592,751.0,753.0,132.0,0.0,1744.0,101.0,1186.0,9508.0,8921.0,685.0,26.0,16170.0,19286.0,-400.0,16568.0,351.0,0.0,27898.0,51.0,Pass
l3116.txm,103.613,752.0,754.0,133.0,0.0,1733.0,100.0,1184.0,9542.0,8927.0,1401.0,26.0,16061.0,19212.0,-11.0,16544.0,344.0,0.0,28034.0,51.0,Pass
l3116.txm,104.633,751.0,753.0,134.0,1.0,1739.0,101.0,1186.0,9527.0,8922.0,629.0,26.0,16168.0,19384.0,204.0,16370.0,351.0,0.0,27898.0,51.0,Pass
l3116.txm,105.652,752.0,753.0,134.0,0.0,1737.0,100.0,1185.0,9545.0,8923.0,576.0,26.0,16123.0,19206.0,34.0,16576.0,347.0,0.0,28034.0,51.0,Pass
l3116.txm,106.672,752.0,753.0,134.0,0.0,1736.0,101.0,1184.0,9440.0,9014.0,210.0,26.0,16454.0,19212.0,76.0,16518.0,357.0,0.0,27880.0,51.0,Pass
l3116.txm,107.691,752.0,752.0,136.0,0.0,1743.0,100.0,1184.0,9545.0,8958.0,167.0,26.0,16273.0,19250.0,74.0,16420.0,347.0,0.0,28006.0,51.0,Pass
l3116.txm,108.713,752.0,754.0,132.0,0.0,1739.0,100.0,1184.0,9471.0,8976.0,865.0,26.0,16242.0,19404.0,272.0,16574.0,360.0,0.0,27998.0,51.0,Pass
l3116.txm,109.732,751.0,753.0,133.0,0.0,1739.0,100.0,1186.0,9459.0,8985.0,15.0,26.0,16467.0,19156.0,-24.0,16484.0,342.0,0.0,27876.0,51.0,Pass
l3116.txm,110.752,752.0,753.0,132.0,0.0,1739.0,100.0,1184.0,9478.0,8986.0,936.0,26.0,16126.0,19220.0,86.0,16496.0,344.0,0.0,28020.0,51.0,Pass
l3116.txm,111.771,751.0,753.0,133.0,1.0,1736.0,101.0,1184.0,9549.0,8928.0,904.0,26.0,16031.0,19434.0,-30.0,16586.0,346.0,0.0,28014.0,51.0,Pass
l3116.txm,112.818,752.0,754.0,133.0,0.0,1736.0,100.0,1185.0,9446.0,9000.0,516.0,26.0,16456.0,19276.0,-355.0,16536.0,346.0,0.0,28006.0,51.0,Pass
l3117.txm,57.7148,752.0,754.0,132.0,0.0,1189.0,100.0,1228.0,9485.0,8959.0,-1349.0,30.0,16308.0,19940.0,-427.0,16168.0,345.0,0.0,27362.0,49.0,Pass
l3117.txm,58.7363,752.0,755.0,135.0,0.0,1139.0,102.0,1251.0,9476.0,9037.0,-824.0,29.0,16342.0,19962.0,90.0,16532.0,347.0,0.0,27544.0,49.0,Pass
l3117.txm,59.7578,752.0,753.0,134.0,0.0,1129.0,100.0,1205.0,9453.0,9075.0,83.0,28.0,16768.0,19950.0,976.0,16474.0,348.0,0.0,27556.0,50.0,Pass
l3117.txm,60.7754,752.0,753.0,135.0,0.0,1122.0,100.0,1179.0,9415.0,9003.0,-1007.0,28.0,16589.0,19948.0,7.0,16770.0,350.0,0.0,27546.0,51.0,Pass
l3117.txm,61.8242,752.0,754.0,132.0,0.0,1114.0,100.0,1180.0,9460.0,9010.0,93.0,28.0,16524.0,19954.0,418.0,16808.0,353.0,0.0,27528.0,50.0,Pass
l3117.txm,62.8164,751.0,754.0,134.0,0.0,1098.0,101.0,1188.0,9433.0,9015.0,-148.0,28.0,16480.0,19952.0,-407.0,16812.0,354.0,0.0,27478.0,50.0,Pass
l3117.txm,63.8359,752.0,753.0,135.0,0.0,1077.0,100.0,1186.0,9492.0,8979.0,139.0,28.0,16267.0,19964.0,-269.0,16650.0,356.0,0.0,27344.0,50.0,Pass
l3117.txm,64.8574,752.0,753.0,135.0,0.0,1060.0,101.0,1186.0,9443.0,9024.0,-979.0,29.0,16593.0,20058.0,-282.0,16470.0,355.0,0.0,27364.0,50.0,Pass
l3117.txm,65.875,752.0,753.0,132.0,0.0,1042.0,100.0,1186.0,9426.0,9023.0,-557.0,29.0,16194.0,20058.0,-42.0,16722.0,348.0,0.0,27370.0,50.0,Pass
l3117.txm,66.9004,751.0,753.0,134.0,0.0,1013.0,100.0,1186.0,9416.0,9041.0,-1287.0,29.0,16605.0,20134.0,151.0,16780.0,346.0,0.0,27358.0,50.0,Pass
l3117.txm,67.916,752.0,753.0,136.0,0.0,968.0,101.0,1179.0,9411.0,9036.0,-1741.0,29.0,16126.0,20160.0,-84.0,16460.0,354.0,1.0,27046.0,50.0,Pass
l3117.txm,68.9355,752.0,754.0,132.0,0.0,924.0,101.0,1176.0,9487.0,9021.0,-871.0,30.0,15873.0,20434.0,89.0,16888.0,345.0,0.0,27150.0,50.0,Pass
l3117.txm,69.9551,752.0,752.0,132.0,0.0,894.0,100.0,1179.0,9469.0,9044.0,-1502.0,30.0,16067.0,20276.0,-584.0,16568.0,351.0,1.0,27088.0,50.0,Pass
l3117.txm,70.9766,752.0,753.0,131.0,0.0,887.0,100.0,1186.0,9504.0,9061.0,4.0,28.0,16322.0,20454.0,-701.0,16854.0,348.0,0.0,27118.0,50.0,Pass
l3117.txm,71.9961,752.0,753.0,133.0,0.0,910.0,101.0,1187.0,9474.0,9114.0,142.0,28.0,16383.0,20372.0,496.0,15886.0,356.0,1.0,27252.0,50.0,Pass
l3117.txm,73.0156,752.0,754.0,132.0,0.0,1015.0,102.0,1194.0,9484.0,9102.0,1476.0,26.0,16484.0,20350.0,153.0,16500.0,353.0,0.0,27292.0,50.0,Pass
l3117.txm,74.0625,751.0,754.0,132.0,0.0,1159.0,100.0,1190.0,9561.0,9012.0,333.0,25.0,17258.0,19970.0,502.0,16246.0,344.0,0.0,27550.0,50.0,Pass
l3117.txm,75.0547,752.0,754.0,133.0,0.0,1331.0,101.0,1182.0,9529.0,8960.0,722.0,25.0,16547.0,19856.0,2.0,16176.0,352.0,0.0,27772.0,51.0,Pass
l3117.txm,76.0762,752.0,754.0,132.0,0.0,1496.0,100.0,1186.0,9563.0,8919.0,617.0,26.0,16898.0,19858.0,1042.0,15988.0,345.0,1.0,27886.0,51.0,Pass
l3117.txm,77.0957,752.0,753.0,133.0,0.0,1664.0,100.0,1189.0,9544.0,8954.0,-138.0,25.0,16952.0,19174.0,406.0,16766.0,350.0,0.0,27886.0,51.0,Pass
l3117.txm,78.1152,752.0,753.0,134.0,0.0,1672.0,100.0,1183.0,9474.0,8983.0,-339.0,26.0,17046.0,19054.0,61.0,16658.0,347.0,0.0,27908.0,51.0,Pass
l3117.txm,79.1484,752.0,754.0,134.0,0.0,1678.0,101.0,1184.0,9447.0,9002.0,-1069.0,26.0,17041.0,19076.0,35.0,16536.0,347.0,0.0,27986.0,51.0,Pass
l3117.txm,80.168,752.0,754.0,135.0,0.0,1692.0,100.0,1186.0,9511.0,8923.0,-739.0,26.0,16758.0,19122.0,68.0,16612.0,359.0,0.0,27842.0,51.0,Pass
l3117.txm,81.1875,752.0,753.0,132.0,0.0,1693.0,100.0,1185.0,9508.0,8939.0,-281.0,26.0,16879.0,19098.0,292.0,16528.0,348.0,0.0,27892.0,51.0,Pass
l3117.txm,82.207,751.0,753.0,133.0,0.0,1696.0,101.0,1186.0,9437.0,8992.0,-565.0,26.0,16786.0,19172.0,154.0,16540.0,349.0,0.0,27900.0,51.0,Pass
l3117.txm,83.2285,752.0,753.0,134.0,0.0,1693.0,100.0,1185.0,9448.0,9006.0,-613.0,25.0,16879.0,19292.0,-7.0,16574.0,349.0,0.0,27890.0,51.0,Pass
l3117.txm,84.248,752.0,753.0,135.0,0.0,1697.0,100.0,1185.0,9517.0,8945.0,-516.0,26.0,16743.0,19288.0,130.0,16534.0,348.0,0.0,27972.0,51.0,Pass
l3117.txm,85.2676,752.0,752.0,133.0,0.0,1699.0,101.0,1188.0,9474.0,8990.0,-791.0,26.0,16769.0,19182.0,2.0,16530.0,345.0,0.0,27926.0,51.0,Pass
l3117.txm,86.3125,752.0,754.0,132.0,0.0,1707.0,101.0,1184.0,9440.0,9001.0,-406.0,26.0,16790.0,19098.0,200.0,16522.0,347.0,0.0,27974.0,51.0,Pass
l3117.txm,87.3359,752.0,754.0,135.0,0.0,1707.0,100.0,1186.0,9474.0,8937.0,-399.0,26.0,16816.0,19048.0,149.0,16622.0,348.0,0.0,27830.0,51.0,Pass
l3117.txm,88.3555,752.0,753.0,134.0,0.0,1707.0,100.0,1186.0,9466.0,8990.0,-606.0,26.0,17055.0,19074.0,92.0,16484.0,343.0,0.0,27832.0,51.0,Pass
l3117.txm,89.375,751.0,752.0,134.0,0.0,1708.0,100.0,1182.0,9446.0,9001.0,-326.0,26.0,17097.0,19046.0,29.0,16500.0,352.0,0.0,27944.0,51.0,Pass
l3117.txm,90.3965,752.0,753.0,134.0,0.0,1718.0,102.0,1187.0,9512.0,8951.0,195.0,26.0,16928.0,19366.0,268.0,16280.0,351.0,0.0,27828.0,51.0,Pass
l3117.txm,91.416,752.0,754.0,135.0,0.0,1713.0,100.0,1184.0,9520.0,8927.0,-840.0,26.0,16836.0,19400.0,950.0,16458.0,353.0,0.0,27870.0,51.0,Pass
l3117.txm,92.4355,752.0,754.0,132.0,0.0,1719.0,101.0,1187.0,9459.0,8995.0,-269.0,26.0,16739.0,19294.0,114.0,16566.0,345.0,0.0,28020.0,51.0,Pass
l3117.txm,93.4551,752.0,754.0,132.0,0.0,1721.0,100.0,1183.0,9518.0,8932.0,-419.0,26.0,16575.0,19074.0,-275.0,16706.0,352.0,0.0,27832.0,51.0,Pass
l3117.txm,94.4766,752.0,754.0,131.0,0.0,1723.0,102.0,1184.0,9512.0,8994.0,-409.0,26.0,16703.0,18994.0,38.0,16760.0,344.0,0.0,27958.0,51.0,Pass
l3117.txm,95.4961,752.0,754.0,135.0,0.0,1727.0,100.0,1184.0,9519.0,8945.0,-744.0,26.0,16842.0,19068.0,98.0,16670.0,352.0,1.0,27980.0,51.0,Pass
l3117.txm,96.5156,751.0,753.0,134.0,0.0,1723.0,102.0,1184.0,9442.0,9000.0,-461.0,26.0,16736.0,19394.0,11.0,16572.0,358.0,0.0,27972.0,51.0,Pass
l3117.txm,97.5352,752.0,754.0,132.0,0.0,1728.0,101.0,1186.0,9506.0,8932.0,-801.0,26.0,17025.0,19012.0,458.0,16604.0,356.0,0.0,27932.0,51.0,Pass
l3117.txm,98.582,751.0,754.0,131.0,0.0,1727.0,100.0,1186.0,9446.0,9004.0,-284.0,26.0,16516.0,19346.0,-80.0,16554.0,351.0,0.0,28008.0,51.0,Pass
l3117.txm,99.5762,751.0,753.0,132.0,0.0,1730.0,102.0,1186.0,9496.0,8937.0,-378.0,26.0,16925.0,19008.0,546.0,16758.0,353.0,0.0,27892.0,51.0,Pass
l3117.txm,100.596,752.0,753.0,134.0,0.0,1730.0,101.0,1184.0,9443.0,8993.0,-757.0,26.0,16983.0,19264.0,-61.0,16486.0,355.0,0.0,27834.0,51.0,Pass
l3117.txm,101.615,752.0,753.0,132.0,0.0,1730.0,100.0,1183.0,9514.0,8939.0,-612.0,26.0,16891.0,19142.0,-92.0,16674.0,347.0,0.0,28016.0,51.0,Pass
l3117.txm,102.656,752.0,753.0,135.0,0.0,1731.0,101.0,1186.0,9516.0,8940.0,-420.0,26.0,16969.0,19400.0,78.0,16604.0,355.0,0.0,27876.0,51.0,Pass
l3117.txm,103.668,752.0,753.0,134.0,0.0,1729.0,100.0,1185.0,9447.0,9021.0,-801.0,26.0,16836.0,19352.0,101.0,16520.0,353.0,0.0,27862.0,51.0,Pass
l3117.txm,104.688,751.0,753.0,135.0,0.0,1728.0,100.0,1185.0,9437.0,9003.0,-921.0,26.0,17013.0,19338.0,-302.0,16660.0,348.0,1.0,27908.0,51.0,Pass
l3117.txm,105.707,752.0,753.0,132.0,0.0,1733.0,100.0,1184.0,9503.0,8946.0,166.0,26.0,16940.0,19146.0,760.0,16636.0,353.0,0.0,27792.0,51.0,Pass
l3117.txm,106.729,752.0,754.0,133.0,0.0,1732.0,101.0,1182.0,9430.0,8992.0,-384.0,26.0,16599.0,19066.0,-86.0,16712.0,350.0,0.0,27892.0,51.0,Pass
l3117.txm,107.748,752.0,752.0,134.0,0.0,1733.0,101.0,1184.0,9438.0,9019.0,-274.0,26.0,16805.0,19452.0,-388.0,16674.0,356.0,0.0,27890.0,51.0,Pass
l3117.txm,108.768,753.0,753.0,132.0,0.0,1730.0,101.0,1187.0,9447.0,9010.0,-695.0,25.0,16666.0,19226.0,-83.0,16598.0,358.0,0.0,28026.0,51.0,Pass
l3117.txm,109.787,752.0,753.0,135.0,0.0,1729.0,100.0,1184.0,9471.0,8996.0,-306.0,26.0,16945.0,19144.0,-289.0,16866.0,346.0,1.0,27934.0,51.0,Pass
l3117.txm,110.832,751.0,753.0,134.0,0.0,1733.0,101.0,1186.0,9508.0,8933.0,-621.0,26.0,16572.0,19084.0,-402.0,16630.0,345.0,0.0,27954.0,51.0,Pass
l3118.txm,57.2168,752.0,752.0,135.0,0.0,1242.0,100.0,1223.0,9414.0,9045.0,-2394.0,28.0,16305.0,19912.0,-400.0,16326.0,359.0,0.0,27510.0,49.0,Pass
l3118.txm,58.2383,752.0,754.0,134.0,0.0,1144.0,101.0,1243.0,9511.0,9035.0,-293.0,28.0,16535.0,19910.0,-464.0,16552.0,346.0,0.0,27518.0,50.0,Pass
l3118.txm,59.2578,752.0,754.0,132.0,0.0,1135.0,101.0,1207.0,9445.0,9074.0,688.0,28.0,16687.0,19906.0,-710.0,16752.0,348.0,0.0,27504.0,50.0,Pass
l3118.txm,60.2773,753.0,753.0,133.0,0.0,1127.0,101.0,1180.0,9507.0,8988.0,833.0,27.0,16919.0,19948.0,-556.0,16416.0,343.0,0.0,27354.0,51.0,Pass
l3118.txm,61.2969,752.0,754.0,133.0,0.0,1111.0,100.0,1185.0,9436.0,9021.0,-1309.0,28.0,16351.0,20000.0,-743.0,16556.0,342.0,0.0,27362.0,50.0,Pass
l3118.txm,62.3164,752.0,753.0,135.0,0.0,1090.0,100.0,1187.0,9423.0,8997.0,-1822.0,28.0,16540.0,19986.0,-280.0,16570.0,346.0,0.0,27362.0,50.0,Pass
l3118.txm,63.3379,752.0,753.0,134.0,0.0,1074.0,101.0,1184.0,9437.0,9024.0,-2228.0,28.0,16368.0,19988.0,-429.0,16654.0,352.0,0.0,27358.0,50.0,Pass
l3118.txm,64.3828,752.0,754.0,132.0,0.0,1062.0,101.0,1186.0,9428.0,9029.0,-979.0,28.0,16490.0,20016.0,-461.0,16518.0,345.0,0.0,27356.0,50.0,Pass
l3118.txm,65.377,752.0,754.0,134.0,0.0,1047.0,101.0,1185.0,9489.0,8988.0,-1853.0,28.0,16259.0,20036.0,-462.0,16660.0,346.0,0.0,27368.0,50.0,Pass
l3118.txm,66.3965,752.0,753.0,132.0,0.0,1017.0,101.0,1186.0,9426.0,9027.0,-1957.0,28.0,16507.0,19932.0,-276.0,16828.0,348.0,0.0,27384.0,50.0,Pass
l3118.txm,67.418,752.0,753.0,132.0,0.0,979.0,102.0,1180.0,9502.0,8967.0,-1848.0,29.0,16472.0,20124.0,150.0,16472.0,347.0,1.0,27230.0,50.0,Pass
l3118.txm,68.4375,752.0,752.0,135.0,0.0,942.0,102.0,1178.0,9458.0,8967.0,-1869.0,29.0,16295.0,20032.0,-571.0,16676.0,349.0,0.0,27080.0,50.0,Pass
l3118.txm,69.457,752.0,753.0,136.0,0.0,900.0,101.0,1180.0,9421.0,9074.0,-1763.0,30.0,16056.0,20390.0,-711.0,16888.0,348.0,0.0,26994.0,50.0,Pass
l3118.txm,70.4766,752.0,753.0,134.0,0.0,887.0,101.0,1182.0,9459.0,9049.0,-1396.0,30.0,16217.0,20444.0,-531.0,16794.0,359.0,0.0,27086.0,50.0,Pass
l3118.txm,71.498,752.0,753.0,136.0,0.0,883.0,100.0,1187.0,9435.0,9108.0,-1313.0,30.0,16101.0,20374.0,508.0,15880.0,347.0,1.0,26938.0,50.0,Pass
l3118.txm,72.5176,752.0,753.0,135.0,0.0,1002.0,102.0,1194.0,9542.0,9100.0,756.0,26.0,16546.0,20020.0,123.0,16586.0,349.0,0.0,27404.0,50.0,Pass
l3118.txm,73.5371,752.0,753.0,135.0,1.0,1116.0,101.0,1189.0,9478.0,9100.0,355.0,26.0,16786.0,20034.0,-66.0,16330.0,356.0,1.0,27342.0,50.0,Pass
l3118.txm,74.5566,752.0,754.0,134.0,0.0,1280.0,101.0,1187.0,9473.0,9087.0,427.0,25.0,17294.0,20056.0,1002.0,16302.0,347.0,0.0,27486.0,50.0,Pass
l3118.txm,75.5781,751.0,754.0,132.0,0.0,1437.0,100.0,1188.0,9456.0,8966.0,656.0,25.0,16950.0,19614.0,788.0,16514.0,348.0,0.0,27798.0,51.0,Pass
l3118.txm,76.623,752.0,753.0,133.0,0.0,1637.0,100.0,1184.0,9420.0,8960.0,524.0,28.0,16253.0,19206.0,900.0,16434.0,349.0,0.0,28002.0,51.0,Pass
l3118.txm,77.6172,751.0,752.0,132.0,0.0,1674.0,101.0,1185.0,9455.0,8928.0,446.0,27.0,16007.0,19262.0,502.0,16794.0,348.0,0.0,27892.0,51.0,Pass
l3118.txm,78.6367,752.0,753.0,133.0,0.0,1684.0,100.0,1179.0,9430.0,9034.0,762.0,24.0,16947.0,19142.0,276.0,16644.0,346.0,0.0,27950.0,51.0,Pass
l3118.txm,79.6582,752.0,752.0,134.0,0.0,1694.0,101.0,1190.0,9426.0,8995.0,80.0,27.0,16422.0,19320.0,-69.0,16778.0,356.0,0.0,27966.0,51.0,Pass
l3118.txm,80.6777,752.0,753.0,133.0,0.0,1688.0,100.0,1186.0,9493.0,8973.0,54.0,25.0,17145.0,19140.0,1006.0,16560.0,345.0,0.0,27886.0,51.0,Pass
l3118.txm,81.6973,752.0,753.0,133.0,0.0,1692.0,100.0,1187.0,9425.0,8964.0,-759.0,26.0,16576.0,19400.0,124.0,16418.0,348.0,0.0,27966.0,51.0,Pass
l3118.txm,82.7168,752.0,755.0,132.0,0.0,1692.0,100.0,1181.0,9504.0,9021.0,-824.0,26.0,16539.0,19350.0,-16.0,16702.0,350.0,0.0,27866.0,51.0,Pass
l3118.txm,83.7383,752.0,753.0,133.0,0.0,1693.0,101.0,1185.0,9505.0,8966.0,-647.0,26.0,16574.0,19042.0,126.0,16626.0,347.0,0.0,27866.0,51.0,Pass
l3118.txm,84.7578,751.0,754.0,135.0,0.0,1698.0,100.0,1184.0,9453.0,9034.0,-176.0,26.0,16779.0,19450.0,94.0,16638.0,350.0,0.0,27838.0,51.0,Pass
l3118.txm,85.7773,752.0,753.0,132.0,0.0,1702.0,101.0,1186.0,9470.0,8988.0,-1214.0,26.0,16984.0,19086.0,-50.0,16530.0,353.0,1.0,27854.0,51.0,Pass
l3118.txm,86.7969,752.0,753.0,134.0,0.0,1705.0,101.0,1186.0,9498.0,8958.0,-575.0,26.0,16720.0,19418.0,-82.0,16562.0,358.0,0.0,27846.0,51.0,Pass
l3118.txm,87.8164,752.0,754.0,135.0,0.0,1706.0,101.0,1185.0,9512.0,8943.0,-25.0,26.0,16594.0,19088.0,125.0,16450.0,353.0,1.0,27860.0,51.0,Pass
l3118.txm,88.8574,751.0,753.0,131.0,0.0,1714.0,100.0,1187.0,9497.0,8974.0,-501.0,26.0,16793.0,19158.0,-500.0,16688.0,347.0,0.0,27900.0,51.0,Pass
l3118.txm,89.877,752.0,753.0,132.0,0.0,1715.0,100.0,1187.0,9438.0,8964.0,-74.0,26.0,16680.0,19046.0,56.0,16888.0,348.0,0.0,27882.0,51.0,Pass
l3118.txm,90.8965,751.0,752.0,132.0,0.0,1710.0,100.0,1184.0,9435.0,8994.0,240.0,26.0,16562.0,19028.0,-310.0,16732.0,349.0,0.0,27868.0,51.0,Pass
l3118.txm,91.918,752.0,754.0,134.0,0.0,1716.0,100.0,1187.0,9445.0,8978.0,-61.0,26.0,16916.0,19188.0,-474.0,16430.0,343.0,0.0,27906.0,51.0,Pass
l3118.txm,92.9375,752.0,754.0,132.0,0.0,1723.0,100.0,1184.0,9458.0,9009.0,-87.0,26.0,16581.0,19184.0,-555.0,16830.0,341.0,0.0,27848.0,51.0,Pass
l3118.txm,93.9551,752.0,753.0,134.0,0.0,1718.0,101.0,1186.0,9457.0,8968.0,-422.0,26.0,16449.0,19368.0,-373.0,16678.0,343.0,0.0,27898.0,51.0,Pass
l3118.txm,94.9746,751.0,753.0,132.0,0.0,1724.0,100.0,1185.0,9415.0,9018.0,-524.0,26.0,16727.0,19046.0,74.0,16776.0,350.0,0.0,27958.0,51.0,Pass
l3118.txm,95.9961,752.0,754.0,132.0,0.0,1727.0,100.0,1186.0,9438.0,9019.0,-209.0,26.0,16449.0,19254.0,-554.0,16564.0,352.0,1.0,27862.0,51.0,Pass
l3118.txm,97.0156,752.0,754.0,133.0,0.0,1724.0,101.0,1184.0,9436.0,8989.0,-601.0,26.0,16813.0,19224.0,-95.0,16678.0,351.0,0.0,27860.0,51.0,Pass
l3118.txm,98.0352,751.0,753.0,131.0,0.0,1728.0,101.0,1184.0,9490.0,8951.0,-82.0,26.0,16786.0,19374.0,38.0,16422.0,346.0,0.0,27836.0,51.0,Pass
l3118.txm,99.0547,752.0,754.0,132.0,0.0,1722.0,101.0,1185.0,9440.0,8964.0,-133.0,26.0,16694.0,19022.0,-291.0,16508.0,353.0,0.0,27848.0,51.0,Pass
l3118.txm,100.076,751.0,753.0,136.0,0.0,1729.0,100.0,1185.0,9480.0,8939.0,-330.0,25.0,17073.0,19152.0,-631.0,16710.0,346.0,0.0,27814.0,51.0,Pass
l3118.txm,101.139,752.0,753.0,134.0,0.0,1727.0,102.0,1184.0,9476.0,8939.0,-686.0,26.0,16996.0,19118.0,-343.0,16804.0,345.0,0.0,27880.0,51.0,Pass
l3118.txm,102.135,752.0,753.0,134.0,0.0,1732.0,100.0,1185.0,9452.0,8998.0,-204.0,26.0,16765.0,19008.0,-277.0,16600.0,344.0,0.0,27842.0,51.0,Pass
l3118.txm,103.168,752.0,754.0,132.0,0.0,1728.0,102.0,1186.0,9487.0,8978.0,157.0,26.0,16539.0,19232.0,-11.0,16728.0,357.0,0.0,27836.0,51.0,Pass
l3118.txm,104.188,752.0,754.0,132.0,0.0,1727.0,100.0,1185.0,9413.0,8965.0,301.0,26.0,16508.0,19084.0,-429.0,16822.0,350.0,0.0,27896.0,51.0,Pass
l3118.txm,105.207,751.0,753.0,134.0,0.0,1729.0,102.0,1186.0,9425.0,9034.0,-149.0,26.0,16560.0,19214.0,-319.0,16726.0,350.0,0.0,27806.0,51.0,Pass
l3118.txm,106.227,752.0,754.0,131.0,0.0,1729.0,101.0,1185.0,9480.0,9002.0,-657.0,26.0,17038.0,19100.0,131.0,16528.0,353.0,0.0,27842.0,51.0,Pass
l3118.txm,107.248,752.0,754.0,132.0,0.0,1737.0,100.0,1186.0,9445.0,8995.0,-166.0,26.0,16541.0,19174.0,-393.0,16758.0,347.0,0.0,28006.0,51.0,Pass
l3118.txm,108.268,751.0,752.0,135.0,0.0,1727.0,101.0,1184.0,9497.0,8948.0,-563.0,26.0,16751.0,18972.0,-416.0,16448.0,350.0,0.0,27854.0,51.0,Pass
l3118.txm,109.287,752.0,753.0,132.0,0.0,1728.0,100.0,1183.0,9435.0,8994.0,-607.0,26.0,16712.0,19302.0,-313.0,16720.0,342.0,0.0,27898.0,51.0,Pass
l3118.txm,110.307,751.0,753.0,135.0,0.0,1726.0,101.0,1185.0,9506.0,8975.0,-886.0,26.0,16434.0,19048.0,108.0,16686.0,345.0,1.0,27820.0,51.0,Pass
l3119.txm,58.668,752.0,753.0,135.0,0.0,1301.0,100.0,1204.0,9428.0,8998.0,-2639.0,28.0,16079.0,19894.0,-470.0,16116.0,351.0,0.0,27494.0,50.0,Pass
l3119.txm,59.6914,752.0,754.0,134.0,0.0,1148.0,101.0,1245.0,9504.0,8986.0,-594.0,29.0,16260.0,19954.0,442.0,16282.0,351.0,0.0,27498.0,50.0,Pass
l3119.txm,60.709,752.0,753.0,133.0,0.0,1132.0,101.0,1204.0,9432.0,9009.0,-1012.0,29.0,16451.0,19964.0,-430.0,16414.0,350.0,0.0,27426.0,50.0,Pass
l3119.txm,61.7285,752.0,754.0,132.0,0.0,1128.0,100.0,1184.0,9469.0,8958.0,35.0,28.0,16444.0,19958.0,-93.0,16408.0,343.0,1.0,27418.0,51.0,Pass
l3119.txm,62.748,752.0,754.0,135.0,0.0,1111.0,101.0,1183.0,9479.0,8995.0,407.0,27.0,16760.0,19864.0,-334.0,16614.0,342.0,0.0,27422.0,50.0,Pass
l3119.txm,63.7676,752.0,753.0,134.0,0.0,1092.0,100.0,1188.0,9484.0,8999.0,-884.0,28.0,16672.0,19968.0,-330.0,16740.0,351.0,0.0,27414.0,50.0,Pass
l3119.txm,64.7891,752.0,753.0,133.0,0.0,1079.0,100.0,1186.0,9443.0,9034.0,-1195.0,28.0,16349.0,19970.0,-510.0,16782.0,350.0,0.0,27358.0,51.0,Pass
l3119.txm,65.8086,752.0,755.0,134.0,0.0,1059.0,101.0,1184.0,9514.0,8949.0,-1569.0,28.0,16624.0,20020.0,450.0,16514.0,351.0,0.0,27368.0,50.0,Pass
l3119.txm,66.8281,752.0,753.0,133.0,0.0,1045.0,101.0,1188.0,9486.0,8997.0,-1819.0,28.0,16685.0,19852.0,-418.0,16782.0,350.0,0.0,27318.0,50.0,Pass
l3119.txm,67.8477,752.0,754.0,134.0,0.0,1022.0,101.0,1182.0,9438.0,9034.0,-813.0,28.0,16318.0,20172.0,-567.0,16674.0,354.0,0.0,27236.0,51.0,Pass
l3119.txm,68.8691,752.0,753.0,136.0,0.0,981.0,100.0,1182.0,9421.0,9055.0,-1775.0,29.0,16483.0,20200.0,-92.0,16584.0,350.0,0.0,27256.0,50.0,Pass
l3119.txm,69.8926,752.0,753.0,133.0,0.0,935.0,101.0,1178.0,9495.0,9007.0,-1779.0,30.0,16316.0,19984.0,-601.0,17072.0,342.0,0.0,27228.0,50.0,Pass
l3119.txm,70.9082,752.0,754.0,134.0,0.0,902.0,100.0,1179.0,9455.0,9015.0,-1188.0,30.0,16280.0,20178.0,-414.0,16574.0,347.0,0.0,27128.0,50.0,Pass
l3119.txm,71.9434,752.0,754.0,132.0,0.0,885.0,100.0,1182.0,9439.0,9053.0,-1551.0,30.0,15874.0,20298.0,-586.0,16678.0,350.0,0.0,27080.0,50.0,Pass
l3119.txm,72.9609,751.0,752.0,132.0,0.0,889.0,102.0,1183.0,9492.0,9032.0,-1000.0,30.0,15816.0,20236.0,-85.0,16272.0,346.0,0.0,26958.0,50.0,Pass
l3119.txm,73.9805,752.0,754.0,132.0,0.0,986.0,100.0,1193.0,9518.0,8997.0,90.0,28.0,16413.0,20446.0,688.0,16240.0,346.0,1.0,27404.0,50.0,Pass
l3119.txm,75.0,752.0,754.0,133.0,0.0,1106.0,100.0,1194.0,9489.0,9029.0,-103.0,27.0,16810.0,19968.0,33.0,16668.0,355.0,0.0,27462.0,50.0,Pass
l3119.txm,76.0488,752.0,753.0,135.0,0.0,1263.0,102.0,1189.0,9523.0,9006.0,534.0,25.0,17132.0,20002.0,1008.0,16524.0,349.0,0.0,27564.0,51.0,Pass
l3119.txm,77.041,751.0,753.0,132.0,0.0,1433.0,102.0,1186.0,9438.0,9007.0,803.0,27.0,16399.0,19850.0,96.0,16218.0,353.0,0.0,27804.0,51.0,Pass
l3119.txm,78.0605,752.0,753.0,134.0,0.0,1623.0,101.0,1186.0,9421.0,9026.0,105.0,27.0,16538.0,19328.0,678.0,16288.0,349.0,0.0,28038.0,51.0,Pass
l3119.txm,79.0801,752.0,753.0,132.0,0.0,1668.0,100.0,1189.0,9532.0,8930.0,-88.0,25.0,16879.0,19402.0,-412.0,16574.0,350.0,0.0,27998.0,51.0,Pass
l3119.txm,80.0977,751.0,753.0,132.0,0.0,1681.0,102.0,1181.0,9543.0,8966.0,278.0,25.0,17085.0,19268.0,784.0,16688.0,343.0,0.0,27896.0,51.0,Pass
l3119.txm,81.1191,752.0,754.0,132.0,0.0,1682.0,100.0,1184.0,9478.0,8957.0,-148.0,24.0,16868.0,19032.0,101.0,16856.0,347.0,0.0,27994.0,51.0,Pass
l3119.txm,82.1406,752.0,754.0,133.0,0.0,1689.0,101.0,1186.0,9452.0,9019.0,-294.0,25.0,17112.0,19202.0,151.0,16830.0,347.0,1.0,28008.0,51.0,Pass
l3119.txm,83.1582,751.0,752.0,135.0,0.0,1693.0,101.0,1184.0,9535.0,8951.0,-461.0,25.0,17226.0,19064.0,414.0,16746.0,346.0,0.0,28030.0,51.0,Pass
l3119.txm,84.1777,752.0,754.0,134.0,0.0,1695.0,102.0,1183.0,9528.0,8967.0,-321.0,25.0,17125.0,19104.0,-55.0,16814.0,346.0,0.0,27890.0,51.0,Pass
l3119.txm,85.2012,752.0,754.0,134.0,0.0,1699.0,101.0,1186.0,9454.0,9038.0,-100.0,25.0,17021.0,19018.0,107.0,16854.0,354.0,0.0,27878.0,51.0,Pass
l3119.txm,86.2187,752.0,753.0,132.0,0.0,1695.0,100.0,1184.0,9454.0,9011.0,-583.0,25.0,17127.0,19394.0,454.0,16858.0,352.0,0.0,27890.0,51.0,Pass
l3119.txm,87.2402,752.0,753.0,132.0,0.0,1699.0,100.0,1184.0,9479.0,9151.0,241.0,25.0,16824.0,19352.0,77.0,16500.0,350.0,0.0,27896.0,51.0,Pass
l3119.txm,88.2852,752.0,753.0,132.0,0.0,1701.0,102.0,1185.0,9519.0,8987.0,-132.0,25.0,16918.0,19078.0,-38.0,16812.0,354.0,0.0,28012.0,51.0,Pass
l3119.txm,89.2793,752.0,752.0,132.0,0.0,1708.0,101.0,1185.0,9527.0,8936.0,95.0,25.0,17163.0,19106.0,734.0,16762.0,349.0,0.0,27964.0,51.0,Pass
l3119.txm,90.3008,752.0,752.0,133.0,0.0,1708.0,100.0,1184.0,9474.0,8991.0,-139.0,25.0,16821.0,19228.0,472.0,16756.0,346.0,0.0,27958.0,51.0,Pass
l3119.txm,91.3203,752.0,753.0,135.0,0.0,1713.0,101.0,1184.0,9462.0,8996.0,215.0,25.0,17328.0,19300.0,496.0,16748.0,357.0,1.0,28016.0,51.0,Pass
l3119.txm,92.3398,752.0,754.0,133.0,0.0,1710.0,100.0,1184.0,9480.0,8997.0,-49.0,25.0,17168.0,19028.0,34.0,16820.0,353.0,0.0,27876.0,51.0,Pass
l3119.txm,93.3613,752.0,752.0,134.0,0.0,1714.0,100.0,1185.0,9477.0,8998.0,-612.0,25.0,16855.0,19338.0,570.0,16516.0,349.0,0.0,27984.0,51.0,Pass
l3119.txm,94.3809,752.0,752.0,134.0,0.0,1712.0,100.0,1187.0,9503.0,8971.0,-401.0,25.0,17172.0,19326.0,308.0,16524.0,350.0,0.0,28024.0,51.0,Pass
l3119.txm,95.4004,752.0,754.0,134.0,0.0,1712.0,101.0,1187.0,9516.0,8963.0,169.0,25.0,16836.0,18992.0,0.0,16886.0,342.0,0.0,27894.0,51.0,Pass
l3119.txm,96.4199,752.0,754.0,134.0,0.0,1717.0,100.0,1183.0,9469.0,9029.0,-294.0,25.0,16689.0,19096.0,-277.0,16602.0,346.0,0.0,28008.0,51.0,Pass
l3119.txm,97.4414,751.0,753.0,133.0,0.0,1717.0,100.0,1185.0,9477.0,8987.0,-478.0,24.0,17245.0,19054.0,3.0,16822.0,347.0,0.0,27962.0,51.0,Pass
l3119.txm,98.4609,752.0,754.0,133.0,0.0,1721.0,100.0,1186.0,9456.0,8980.0,46.0,25.0,16843.0,19340.0,153.0,16886.0,343.0,0.0,28002.0,51.0,Pass
l3119.txm,99.4805,752.0,753.0,133.0,0.0,1717.0,101.0,1183.0,9524.0,8939.0,-287.0,25.0,16946.0,19284.0,-293.0,16754.0,354.0,0.0,27990.0,51.0,Pass
l3119.txm,100.529,752.0,754.0,135.0,0.0,1722.0,101.0,1184.0,9468.0,8982.0,-383.0,25.0,17115.0,19050.0,97.0,16572.0,354.0,1.0,27966.0,51.0,Pass
l3119.txm,101.52,752.0,754.0,132.0,0.0,1721.0,100.0,1184.0,9513.0,8954.0,-365.0,25.0,16794.0,19258.0,148.0,16680.0,351.0,0.0,27890.0,51.0,Pass
l3119.txm,102.541,751.0,753.0,132.0,0.0,1726.0,100.0,1183.0,9463.0,9018.0,328.0,25.0,16882.0,19316.0,142.0,16630.0,346.0,0.0,27982.0,51.0,Pass
l3119.txm,103.561,751.0,753.0,134.0,0.0,1723.0,102.0,1184.0,9492.0,8956.0,-198.0,25.0,17140.0,19072.0,153.0,16694.0,343.0,0.0,28002.0,51.0,Pass
l3119.txm,104.58,752.0,753.0,135.0,0.0,1726.0,100.0,1184.0,9541.0,9001.0,-245.0,25.0,16867.0,19128.0,77.0,16818.0,348.0,0.0,27968.0,51.0,Pass
l3119.txm,105.6,752.0,753.0,135.0,0.0,1727.0,100.0,1186.0,9470.0,8985.0,-361.0,25.0,17075.0,19396.0,518.0,16488.0,352.0,1.0,27866.0,51.0,Pass
l3119.txm,106.621,752.0,753.0,132.0,0.0,1720.0,102.0,1185.0,9490.0,8989.0,-528.0,25.0,16675.0,19178.0,100.0,16576.0,348.0,0.0,27876.0,51.0,Pass
l3119.txm,107.641,752.0,754.0,131.0,0.0,1727.0,100.0,1185.0,9441.0,8983.0,-131.0,25.0,16696.0,19278.0,23.0,16548.0,342.0,0.0,28006.0,51.0,Pass
l3119.txm,108.66,752.0,754.0,133.0,0.0,1724.0,101.0,1185.0,9460.0,9008.0,-154.0,25.0,16996.0,19440.0,35.0,16498.0,351.0,0.0,28034.0,51.0,Pass
l3119.txm,109.68,751.0,754.0,132.0,0.0,1729.0,100.0,1186.0,9467.0,8980.0,-153.0,25.0,17174.0,18996.0,-36.0,16608.0,354.0,1.0,27888.0,51.0,Pass
l3119.txm,110.701,752.0,754.0,133.0,0.0,1723.0,100.0,1187.0,9499.0,8945.0,-394.0,24.0,16929.0,19302.0,135.0,16724.0,347.0,1.0,27968.0,51.0,Pass
l3119.txm,111.721,752.0,752.0,135.0,0.0,1725.0,100.0,1184.0,9486.0,9001.0,-321.0,25.0,17097.0,19282.0,114.0,16886.0,341.0,1.0,27892.0,51.0,Pass
l3119.txm,112.768,752.0,753.0,133.0,0.0,1732.0,101.0,1188.0,9515.0,8942.0,-84.0,25.0,16810.0,18986.0,-379.0,16684.0,346.0,0.0,28004.0,51.0,Pass
l3123.txm,57.1191,752.0,754.0,134.0,0.0,1415.0,100.0,1188.0,9417.0,8947.0,-2118.0,29.0,16196.0,19812.0,-258.0,16664.0,352.0,0.0,27508.0,49.0,Pass
l3123.txm,58.1387,752.0,753.0,133.0,0.0,1191.0,100.0,1256.0,9467.0,9013.0,-1732.0,29.0,16043.0,19898.0,-15.0,16748.0,348.0,0.0,27514.0,49.0,Pass
l3123.txm,59.1582,752.0,754.0,132.0,0.0,1129.0,101.0,1214.0,9473.0,9062.0,-1138.0,29.0,16579.0,19892.0,-555.0,16860.0,347.0,0.0,27470.0,50.0,Pass
l3123.txm,60.1758,752.0,754.0,133.0,0.0,1116.0,100.0,1183.0,9482.0,9002.0,523.0,27.0,16250.0,19966.0,-330.0,16546.0,349.0,0.0,27374.0,51.0,Pass
l3123.txm,61.1953,752.0,752.0,132.0,0.0,1099.0,101.0,1180.0,9495.0,8976.0,-401.0,28.0,16515.0,20052.0,696.0,16338.0,348.0,0.0,27384.0,50.0,Pass
l3123.txm,62.2187,751.0,754.0,134.0,0.0,1086.0,100.0,1187.0,9524.0,8959.0,66.0,28.0,16840.0,20042.0,-95.0,16298.0,350.0,0.0,27510.0,50.0,Pass
l3123.txm,63.2656,752.0,754.0,134.0,0.0,1085.0,100.0,1187.0,9491.0,8992.0,-122.0,28.0,16303.0,20048.0,101.0,16364.0,354.0,0.0,27496.0,50.0,Pass
l3123.txm,64.3027,752.0,754.0,132.0,0.0,1067.0,100.0,1183.0,9442.0,9039.0,-158.0,28.0,16547.0,20034.0,714.0,16382.0,354.0,0.0,27496.0,50.0,Pass
l3123.txm,65.2969,752.0,754.0,133.0,0.0,1067.0,101.0,1184.0,9510.0,8967.0,-198.0,28.0,16784.0,20036.0,-67.0,16292.0,352.0,0.0,27494.0,50.0,Pass
l3123.txm,66.3184,752.0,754.0,131.0,0.0,1054.0,101.0,1186.0,9513.0,8991.0,-310.0,28.0,16937.0,19860.0,8.0,16634.0,344.0,0.0,27518.0,50.0,Pass
l3123.txm,67.3379,752.0,754.0,131.0,0.0,1046.0,101.0,1185.0,9502.0,9013.0,78.0,28.0,16561.0,19988.0,130.0,16648.0,347.0,0.0,27468.0,50.0,Pass
l3123.txm,68.3574,752.0,753.0,133.0,0.0,1019.0,102.0,1181.0,9480.0,9004.0,-39.0,28.0,16313.0,19944.0,-522.0,16724.0,354.0,0.0,27508.0,50.0,Pass
l3123.txm,69.3789,752.0,754.0,133.0,0.0,985.0,100.0,1179.0,9455.0,9023.0,-1168.0,29.0,16205.0,20190.0,-640.0,17022.0,349.0,0.0,27298.0,50.0,Pass
l3123.txm,70.3965,752.0,754.0,133.0,0.0,929.0,100.0,1179.0,9425.0,9087.0,-1123.0,29.0,16174.0,20336.0,-518.0,16744.0,350.0,0.0,27114.0,50.0,Pass
l3123.txm,71.418,752.0,753.0,131.0,0.0,892.0,102.0,1181.0,9423.0,9117.0,-522.0,29.0,16341.0,20206.0,472.0,16632.0,350.0,0.0,27092.0,50.0,Pass
l3123.txm,72.4375,751.0,752.0,134.0,0.0,882.0,101.0,1185.0,9527.0,9020.0,-20.0,29.0,16011.0,20214.0,-722.0,16826.0,361.0,0.0,27018.0,50.0,Pass
l3123.txm,73.459,752.0,754.0,133.0,0.0,887.0,100.0,1184.0,9484.0,9093.0,-1280.0,29.0,16335.0,20230.0,-46.0,16220.0,356.0,1.0,27030.0,50.0,Pass
l3123.txm,74.4766,752.0,753.0,133.0,0.0,980.0,101.0,1193.0,9530.0,9041.0,52.0,27.0,16330.0,20280.0,100.0,16610.0,349.0,0.0,27376.0,50.0,Pass
l3123.txm,75.4961,752.0,752.0,133.0,0.0,1126.0,101.0,1190.0,9543.0,8994.0,-314.0,27.0,16898.0,20180.0,-84.0,16136.0,351.0,0.0,27394.0,50.0,Pass
l3123.txm,76.543,752.0,754.0,136.0,0.0,1263.0,101.0,1186.0,9492.0,8936.0,461.0,25.0,17143.0,20004.0,142.0,16562.0,347.0,1.0,27596.0,51.0,Pass
l3123.txm,77.5391,752.0,753.0,134.0,0.0,1433.0,102.0,1184.0,9454.0,9034.0,-108.0,25.0,16938.0,19896.0,262.0,16306.0,348.0,0.0,27890.0,51.0,Pass
l3123.txm,78.5586,752.0,754.0,132.0,0.0,1626.0,102.0,1186.0,9524.0,8950.0,-623.0,25.0,16933.0,19254.0,64.0,16314.0,343.0,1.0,28012.0,51.0,Pass
l3123.txm,79.5781,752.0,754.0,131.0,0.0,1666.0,101.0,1188.0,9485.0,8923.0,759.0,27.0,15970.0,19290.0,-390.0,16716.0,346.0,0.0,27860.0,51.0,Pass
l3123.txm,80.5957,752.0,752.0,134.0,0.0,1659.0,102.0,1181.0,9473.0,8979.0,-601.0,25.0,16893.0,19262.0,792.0,16402.0,356.0,0.0,27868.0,51.0,Pass
l3123.txm,81.6191,752.0,753.0,132.0,0.0,1678.0,100.0,1185.0,9483.0,8920.0,780.0,27.0,15966.0,19308.0,-84.0,16704.0,355.0,1.0,27946.0,51.0,Pass
l3123.txm,82.6367,752.0,753.0,132.0,0.0,1677.0,100.0,1186.0,9537.0,8935.0,-627.0,25.0,16849.0,19390.0,280.0,16654.0,353.0,0.0,27900.0,51.0,Pass
l3123.txm,83.6816,751.0,753.0,133.0,0.0,1675.0,101.0,1185.0,9507.0,8936.0,-587.0,25.0,17005.0,19032.0,51.0,16650.0,348.0,0.0,27900.0,51.0,Pass
l3123.txm,84.6777,752.0,754.0,132.0,0.0,1686.0,100.0,1186.0,9473.0,8969.0,-563.0,25.0,16716.0,19132.0,-69.0,16444.0,344.0,0.0,27876.0,51.0,Pass
l3123.txm,85.6953,752.0,753.0,135.0,1.0,1689.0,102.0,1186.0,9518.0,8905.0,-399.0,27.0,16065.0,19092.0,-292.0,16848.0,350.0,0.0,27888.0,51.0,Pass
l3123.txm,86.7187,752.0,754.0,135.0,0.0,1693.0,101.0,1186.0,9504.0,8957.0,-116.0,25.0,16861.0,19206.0,154.0,16570.0,351.0,0.0,27860.0,51.0,Pass
l3123.txm,87.7363,751.0,754.0,134.0,0.0,1695.0,100.0,1187.0,9437.0,9000.0,-942.0,26.0,16729.0,19062.0,-258.0,16704.0,349.0,0.0,27960.0,51.0,Pass
l3123.txm,88.7559,752.0,753.0,133.0,0.0,1694.0,100.0,1187.0,9485.0,8943.0,-302.0,25.0,17106.0,19442.0,774.0,16566.0,348.0,1.0,27896.0,51.0,Pass
l3123.txm,89.7734,752.0,754.0,133.0,0.0,1700.0,101.0,1187.0,9506.0,8953.0,-658.0,25.0,17050.0,19284.0,-262.0,16702.0,348.0,0.0,27980.0,51.0,Pass
l3123.txm,90.7969,752.0,752.0,132.0,0.0,1696.0,101.0,1183.0,9505.0,8925.0,-130.0,25.0,16655.0,19034.0,-5.0,16614.0,347.0,0.0,27956.0,51.0,Pass
l3123.txm,91.8144,752.0,754.0,131.0,0.0,1702.0,100.0,1187.0,9498.0,8998.0,105.0,25.0,16755.0,19066.0,78.0,16630.0,354.0,0.0,27972.0,51.0,Pass
l3123.txm,92.834,752.0,754.0,135.0,0.0,1702.0,102.0,1186.0,9513.0,8921.0,-748.0,25.0,16822.0,19294.0,-51.0,16514.0,345.0,0.0,28026.0,51.0,Pass
l3123.txm,93.8535,752.0,753.0,133.0,0.0,1703.0,101.0,1185.0,9487.0,9023.0,-720.0,25.0,16963.0,19066.0,8.0,16828.0,348.0,0.0,27948.0,51.0,Pass
l3123.txm,94.877,752.0,754.0,134.0,0.0,1704.0,102.0,1184.0,9473.0,8969.0,-302.0,25.0,17000.0,19072.0,152.0,16472.0,350.0,0.0,27958.0,51.0,Pass
l3123.txm,95.9219,752.0,753.0,133.0,0.0,1707.0,101.0,1186.0,9437.0,9039.0,-321.0,26.0,16858.0,19288.0,778.0,16570.0,347.0,0.0,27940.0,51.0,Pass
l3123.txm,96.918,752.0,754.0,132.0,0.0,1708.0,100.0,1184.0,9524.0,8945.0,-432.0,25.0,16661.0,19096.0,878.0,16586.0,346.0,0.0,27984.0,51.0,Pass
l3123.txm,97.9355,752.0,753.0,134.0,0.0,1713.0,100.0,1185.0,9498.0,8978.0,-614.0,25.0,17104.0,18994.0,800.0,16634.0,353.0,0.0,27892.0,51.0,Pass
l3123.txm,98.957,752.0,753.0,134.0,0.0,1716.0,101.0,1184.0,9472.0,8960.0,107.0,25.0,16708.0,19196.0,14.0,16618.0,352.0,0.0,27842.0,51.0,Pass
l3123.txm,99.9785,752.0,753.0,133.0,0.0,1713.0,101.0,1185.0,9508.0,8946.0,-97.0,25.0,16616.0,19106.0,116.0,16602.0,350.0,0.0,27854.0,51.0,Pass
l3123.txm,100.998,752.0,753.0,132.0,0.0,1716.0,100.0,1188.0,9500.0,8943.0,-265.0,26.0,16623.0,19074.0,56.0,16662.0,352.0,0.0,27874.0,51.0,Pass
l3123.txm,102.018,752.0,753.0,135.0,0.0,1720.0,100.0,1184.0,9440.0,8996.0,-422.0,25.0,16773.0,19418.0,-52.0,16442.0,344.0,1.0,27882.0,51.0,Pass
l3123.txm,103.039,751.0,753.0,134.0,0.0,1717.0,101.0,1185.0,9513.0,8949.0,-68.0,25.0,16553.0,19350.0,142.0,16514.0,347.0,0.0,27958.0,51.0,Pass
l3123.txm,104.059,752.0,753.0,134.0,0.0,1713.0,101.0,1185.0,9442.0,9017.0,-607.0,25.0,16593.0,19154.0,398.0,16690.0,348.0,0.0,27900.0,51.0,Pass
l3123.txm,105.078,752.0,753.0,135.0,0.0,1713.0,100.0,1184.0,9499.0,8981.0,-697.0,25.0,16999.0,19438.0,56.0,16640.0,345.0,0.0,27886.0,51.0,Pass
l3123.txm,106.098,751.0,753.0,132.0,0.0,1713.0,101.0,1183.0,9467.0,8973.0,-309.0,25.0,17055.0,19034.0,-28.0,16534.0,355.0,0.0,27894.0,51.0,Pass
l3123.txm,107.115,752.0,754.0,135.0,0.0,1721.0,100.0,1187.0,9484.0,8944.0,-463.0,26.0,16902.0,19272.0,-6.0,16580.0,351.0,1.0,27832.0,51.0,Pass
l3123.txm,108.176,751.0,753.0,132.0,0.0,1715.0,100.0,1184.0,9454.0,8988.0,-22.0,25.0,16526.0,19262.0,-297.0,16590.0,350.0,0.0,27868.0,51.0,Pass
l3123.txm,109.158,752.0,754.0,131.0,0.0,1716.0,101.0,1184.0,9456.0,8979.0,148.0,26.0,16462.0,19106.0,-64.0,16588.0,350.0,0.0,27992.0,51.0,Pass
l3123.txm,110.176,752.0,753.0,134.0,0.0,1713.0,101.0,1185.0,9492.0,8950.0,-660.0,26.0,16860.0,19394.0,268.0,16722.0,353.0,0.0,27860.0,51.0,Pass
l3124.txm,57.6953,752.0,752.0,134.0,0.0,1163.0,101.0,1240.0,9457.0,8948.0,-1959.0,29.0,16010.0,20068.0,-617.0,15996.0,355.0,0.0,27280.0,49.0,Pass
l3124.txm,58.6894,752.0,754.0,133.0,0.0,1114.0,101.0,1236.0,9515.0,9012.0,299.0,28.0,16627.0,19980.0,-488.0,16488.0,356.0,0.0,27302.0,50.0,Pass
l3124.txm,59.7109,752.0,753.0,133.0,0.0,1103.0,101.0,1197.0,9437.0,9064.0,560.0,27.0,16225.0,19974.0,-734.0,16546.0,348.0,0.0,27362.0,50.0,Pass
l3124.txm,60.7305,752.0,753.0,132.0,0.0,1105.0,100.0,1179.0,9471.0,9017.0,1141.0,27.0,16358.0,19980.0,-381.0,16550.0,353.0,0.0,27312.0,51.0,Pass
l3124.txm,61.75,752.0,753.0,135.0,0.0,1092.0,100.0,1185.0,9427.0,9035.0,-1417.0,28.0,16511.0,19972.0,-82.0,16624.0,351.0,0.0,27402.0,50.0,Pass
l3124.txm,62.7695,752.0,754.0,135.0,0.0,1085.0,101.0,1188.0,9439.0,9016.0,-997.0,28.0,16919.0,19982.0,-493.0,16516.0,346.0,0.0,27300.0,50.0,Pass
l3124.txm,63.791,752.0,754.0,136.0,0.0,1077.0,101.0,1184.0,9479.0,9020.0,-1111.0,28.0,16546.0,19978.0,-702.0,16590.0,351.0,0.0,27306.0,51.0,Pass
l3124.txm,64.8086,752.0,753.0,134.0,0.0,1064.0,101.0,1185.0,9439.0,9038.0,-812.0,28.0,16392.0,19928.0,-688.0,16838.0,346.0,1.0,27324.0,51.0,Pass
l3124.txm,65.8281,752.0,753.0,133.0,0.0,1057.0,100.0,1187.0,9517.0,8948.0,-1553.0,28.0,16682.0,20202.0,-505.0,16772.0,342.0,0.0,27346.0,51.0,Pass
l3124.txm,66.8516,752.0,753.0,132.0,0.0,1031.0,101.0,1185.0,9407.0,9025.0,-853.0,28.0,16769.0,20206.0,-313.0,16568.0,342.0,0.0,27384.0,51.0,Pass
l3124.txm,67.8691,752.0,753.0,134.0,0.0,1014.0,101.0,1182.0,9488.0,8974.0,-1668.0,28.0,16388.0,20118.0,-88.0,16788.0,345.0,0.0,27384.0,51.0,Pass
l3124.txm,68.8906,752.0,754.0,134.0,0.0,979.0,101.0,1180.0,9444.0,8975.0,-1912.0,28.0,16484.0,20132.0,-767.0,16718.0,341.0,0.0,27298.0,50.0,Pass
l3124.txm,69.9355,752.0,753.0,134.0,0.0,924.0,100.0,1176.0,9500.0,8974.0,-1302.0,29.0,16032.0,20052.0,-494.0,16536.0,349.0,0.0,27070.0,50.0,Pass
l3124.txm,70.9609,752.0,754.0,135.0,0.0,886.0,101.0,1183.0,9435.0,9063.0,-1743.0,30.0,16145.0,20178.0,-328.0,16654.0,353.0,0.0,27086.0,50.0,Pass
l3124.txm,71.9785,751.0,754.0,136.0,0.0,890.0,101.0,1184.0,9428.0,9104.0,-531.0,29.0,16135.0,20306.0,-708.0,16520.0,353.0,0.0,26872.0,50.0,Pass
l3124.txm,73.0,752.0,752.0,134.0,0.0,892.0,100.0,1186.0,9444.0,9065.0,-999.0,29.0,15894.0,20378.0,-43.0,16160.0,351.0,0.0,27020.0,50.0,Pass
l3124.txm,74.0195,752.0,753.0,134.0,0.0,999.0,102.0,1194.0,9552.0,9042.0,852.0,26.0,16417.0,20122.0,302.0,16566.0,354.0,1.0,27370.0,50.0,Pass
l3124.txm,75.0391,752.0,752.0,132.0,0.0,1117.0,101.0,1189.0,9462.0,9044.0,-236.0,26.0,16819.0,20124.0,-56.0,16230.0,346.0,1.0,27514.0,50.0,Pass
l3124.txm,76.0586,752.0,753.0,134.0,0.0,1284.0,101.0,1191.0,9437.0,9018.0,718.0,25.0,17008.0,19858.0,-23.0,16402.0,349.0,0.0,27624.0,51.0,Pass
l3124.txm,77.0781,753.0,754.0,135.0,0.0,1451.0,100.0,1185.0,9522.0,9019.0,85.0,25.0,17210.0,19812.0,138.0,15940.0,347.0,0.0,27850.0,51.0,Pass
l3124.txm,78.0996,752.0,754.0,135.0,0.0,1629.0,102.0,1188.0,9454.0,9003.0,133.0,25.0,17154.0,19108.0,113.0,16530.0,349.0,0.0,27936.0,51.0,Pass
l3124.txm,79.1191,752.0,754.0,132.0,0.0,1656.0,101.0,1186.0,9430.0,9030.0,179.0,25.0,16836.0,19228.0,74.0,16674.0,348.0,0.0,27854.0,51.0,Pass
l3124.txm,80.1387,752.0,754.0,135.0,0.0,1658.0,101.0,1184.0,9490.0,8979.0,45.0,25.0,16808.0,19210.0,780.0,16648.0,343.0,0.0,27876.0,51.0,Pass
l3124.txm,81.1582,752.0,754.0,131.0,0.0,1660.0,102.0,1184.0,9438.0,8967.0,1074.0,25.0,16747.0,19444.0,326.0,16656.0,352.0,0.0,27884.0,51.0,Pass
l3124.txm,82.209,752.0,752.0,134.0,0.0,1665.0,101.0,1183.0,9517.0,8957.0,683.0,25.0,16977.0,19310.0,89.0,16664.0,350.0,0.0,27894.0,51.0,Pass
l3124.txm,83.2285,752.0,753.0,133.0,0.0,1674.0,101.0,1184.0,9468.0,9001.0,534.0,25.0,16510.0,19452.0,111.0,16486.0,348.0,0.0,27926.0,51.0,Pass
l3124.txm,84.25,751.0,753.0,134.0,0.0,1679.0,100.0,1184.0,9413.0,9034.0,728.0,25.0,16909.0,19350.0,-57.0,16640.0,348.0,0.0,27870.0,51.0,Pass
l3124.txm,85.2695,752.0,754.0,132.0,0.0,1677.0,101.0,1181.0,9488.0,8975.0,20.0,25.0,17030.0,19124.0,145.0,16624.0,347.0,0.0,27876.0,51.0,Pass
l3124.txm,86.2891,752.0,754.0,132.0,0.0,1686.0,101.0,1184.0,9424.0,9035.0,285.0,25.0,16535.0,19204.0,126.0,16424.0,344.0,0.0,27938.0,51.0,Pass
l3124.txm,87.3086,752.0,754.0,133.0,0.0,1689.0,102.0,1184.0,9454.0,9006.0,573.0,25.0,16895.0,19182.0,2.0,16598.0,344.0,0.0,27848.0,51.0,Pass
l3124.txm,88.3281,752.0,755.0,132.0,0.0,1688.0,101.0,1182.0,9496.0,8969.0,745.0,25.0,16691.0,19164.0,109.0,16504.0,351.0,0.0,27934.0,51.0,Pass
l3124.txm,89.375,751.0,752.0,134.0,0.0,1696.0,101.0,1182.0,9466.0,8983.0,-264.0,25.0,16865.0,19318.0,57.0,16778.0,351.0,1.0,27934.0,51.0,Pass
l3124.txm,90.3691,752.0,753.0,135.0,0.0,1703.0,100.0,1184.0,9497.0,8944.0,508.0,25.0,16787.0,19252.0,474.0,16708.0,351.0,0.0,27942.0,51.0,Pass
l3124.txm,91.3887,752.0,753.0,134.0,0.0,1702.0,102.0,1184.0,9482.0,8945.0,-234.0,25.0,16559.0,19016.0,648.0,16734.0,352.0,0.0,27792.0,51.0,Pass
l3124.txm,92.4082,752.0,754.0,132.0,0.0,1703.0,100.0,1183.0,9435.0,9054.0,1068.0,25.0,16594.0,18966.0,141.0,16798.0,354.0,0.0,27884.0,51.0,Pass
l3124.txm,93.4297,752.0,753.0,135.0,0.0,1703.0,100.0,1183.0,9426.0,9016.0,768.0,25.0,16622.0,19320.0,-17.0,16708.0,353.0,0.0,27842.0,51.0,Pass
l3124.txm,94.4492,752.0,754.0,136.0,0.0,1707.0,100.0,1185.0,9474.0,8962.0,-2.0,25.0,16853.0,19294.0,-611.0,16642.0,342.0,0.0,28006.0,51.0,Pass
l3124.txm,95.4668,752.0,753.0,131.0,0.0,1707.0,100.0,1187.0,9498.0,8958.0,1013.0,25.0,16750.0,19270.0,-289.0,16472.0,344.0,0.0,27912.0,51.0,Pass
l3124.txm,96.4863,752.0,754.0,132.0,0.0,1712.0,100.0,1184.0,9484.0,8952.0,748.0,25.0,16618.0,18966.0,-265.0,16768.0,350.0,0.0,27914.0,51.0,Pass
l3124.txm,97.5078,751.0,754.0,133.0,0.0,1713.0,101.0,1185.0,9482.0,8960.0,208.0,25.0,16607.0,19160.0,74.0,16600.0,347.0,1.0,27984.0,51.0,Pass
l3124.txm,98.5273,751.0,753.0,134.0,0.0,1712.0,100.0,1182.0,9487.0,8956.0,618.0,25.0,17109.0,19304.0,14.0,16598.0,345.0,0.0,27882.0,51.0,Pass
l3124.txm,99.5488,752.0,753.0,132.0,0.0,1716.0,100.0,1185.0,9414.0,9017.0,481.0,25.0,16682.0,18998.0,732.0,16518.0,355.0,0.0,27862.0,51.0,Pass
l3124.txm,100.566,752.0,754.0,135.0,0.0,1712.0,100.0,1183.0,9454.0,9025.0,240.0,25.0,16941.0,19100.0,-365.0,16502.0,355.0,0.0,27880.0,51.0,Pass
l3124.txm,101.615,752.0,753.0,133.0,0.0,1716.0,100.0,1186.0,9422.0,8988.0,926.0,25.0,16739.0,19060.0,-307.0,16666.0,344.0,0.0,27906.0,51.0,Pass
l3124.txm,102.607,752.0,753.0,134.0,0.0,1717.0,100.0,1183.0,9409.0,9039.0,781.0,25.0,16492.0,19088.0,87.0,16482.0,345.0,0.0,27818.0,51.0,Pass
l3124.txm,103.627,752.0,753.0,132.0,0.0,1715.0,101.0,1184.0,9463.0,8971.0,271.0,26.0,16752.0,19216.0,87.0,16844.0,352.0,0.0,27806.0,51.0,Pass
l3124.txm,104.646,752.0,754.0,132.0,0.0,1719.0,100.0,1186.0,9463.0,8965.0,272.0,25.0,16719.0,18994.0,-277.0,16866.0,345.0,0.0,27890.0,51.0,Pass
l3124.txm,105.668,752.0,754.0,134.0,0.0,1716.0,101.0,1184.0,9418.0,9055.0,-286.0,25.0,16780.0,19406.0,-94.0,16648.0,354.0,1.0,27988.0,51.0,Pass
l3124.txm,106.715,752.0,753.0,135.0,0.0,1723.0,102.0,1187.0,9458.0,8983.0,-213.0,25.0,16892.0,19308.0,-313.0,16692.0,357.0,0.0,27898.0,51.0,Pass
l3124.txm,107.779,751.0,754.0,133.0,0.0,1715.0,101.0,1182.0,9421.0,9014.0,385.0,25.0,16769.0,19204.0,730.0,16796.0,345.0,0.0,27964.0,51.0,Pass
l3124.txm,108.799,752.0,754.0,132.0,0.0,1721.0,100.0,1185.0,9511.0,8955.0,722.0,25.0,16531.0,19396.0,104.0,16632.0,350.0,0.0,27898.0,51.0,Pass
l3124.txm,109.818,752.0,754.0,135.0,0.0,1720.0,100.0,1185.0,9414.0,9001.0,800.0,25.0,16603.0,19440.0,13.0,16520.0,354.0,0.0,27810.0,51.0,Pass
l3124.txm,110.84,752.0,753.0,135.0,0.0,1720.0,102.0,1185.0,9413.0,9034.0,-7.0,25.0,16820.0,19008.0,-364.0,16710.0,355.0,0.0,27918.0,51.0,Pass
l3124.txm,111.859,752.0,753.0,135.0,0.0,1715.0,101.0,1182.0,9435.0,9031.0,464.0,25.0,16834.0,19242.0,111.0,16682.0,353.0,0.0,27924.0,51.0,Pass
l3126.txm,57.2109,752.0,754.0,133.0,0.0,1500.0,100.0,1185.0,9450.0,8987.0,184.0,29.0,16322.0,19742.0,-375.0,16728.0,348.0,0.0,27558.0,50.0,Pass
l3126.txm,58.2266,751.0,753.0,135.0,0.0,1238.0,101.0,1252.0,9434.0,9015.0,-1949.0,29.0,16298.0,19858.0,-503.0,16780.0,343.0,0.0,27502.0,49.0,Pass
l3126.txm,59.2754,752.0,752.0,132.0,0.0,1134.0,100.0,1224.0,9442.0,9071.0,143.0,28.0,16430.0,19920.0,-639.0,16632.0,347.0,0.0,27460.0,50.0,Pass
l3126.txm,60.2656,752.0,754.0,132.0,0.0,1124.0,101.0,1190.0,9536.0,8959.0,1109.0,27.0,16309.0,19908.0,-319.0,16868.0,342.0,0.0,27504.0,51.0,Pass
l3126.txm,61.2871,752.0,754.0,134.0,0.0,1107.0,100.0,1178.0,9523.0,8978.0,911.0,27.0,16320.0,19980.0,-359.0,16480.0,348.0,0.0,27364.0,51.0,Pass
l3126.txm,62.3066,752.0,753.0,133.0,0.0,1084.0,101.0,1188.0,9499.0,9034.0,-304.0,28.0,16838.0,20068.0,86.0,16208.0,356.0,0.0,27268.0,50.0,Pass
l3126.txm,63.3262,751.0,754.0,132.0,0.0,1081.0,100.0,1187.0,9434.0,9026.0,539.0,28.0,16486.0,20036.0,-259.0,16504.0,343.0,0.0,27490.0,50.0,Pass
l3126.txm,64.3457,752.0,754.0,134.0,0.0,1074.0,101.0,1181.0,9485.0,9004.0,50.0,28.0,16319.0,20026.0,159.0,16342.0,354.0,0.0,27494.0,50.0,Pass
l3126.txm,65.3672,752.0,752.0,131.0,0.0,1063.0,101.0,1184.0,9521.0,8963.0,-102.0,28.0,16561.0,20036.0,362.0,16458.0,351.0,0.0,27498.0,50.0,Pass
l3126.txm,66.3867,752.0,753.0,132.0,0.0,1061.0,101.0,1186.0,9468.0,9030.0,-541.0,28.0,16348.0,19996.0,40.0,16552.0,359.0,0.0,27482.0,50.0,Pass
l3126.txm,67.4062,752.0,752.0,134.0,0.0,1043.0,100.0,1184.0,9517.0,8966.0,-809.0,28.0,16483.0,19848.0,-40.0,16654.0,352.0,0.0,27384.0,50.0,Pass
l3126.txm,68.4258,752.0,753.0,132.0,0.0,1022.0,100.0,1186.0,9531.0,8962.0,-261.0,28.0,16492.0,20194.0,-321.0,16886.0,353.0,0.0,27480.0,50.0,Pass
l3126.txm,69.4473,752.0,753.0,133.0,0.0,997.0,101.0,1180.0,9455.0,8994.0,-700.0,28.0,16382.0,20200.0,74.0,16886.0,343.0,1.0,27334.0,50.0,Pass
l3126.txm,70.4668,752.0,754.0,135.0,0.0,958.0,102.0,1177.0,9427.0,9027.0,-2096.0,28.0,16269.0,20160.0,-775.0,16538.0,351.0,0.0,27092.0,50.0,Pass
l3126.txm,71.5117,752.0,752.0,134.0,0.0,908.0,100.0,1184.0,9426.0,9080.0,-1147.0,30.0,15931.0,20224.0,-836.0,16792.0,347.0,0.0,27042.0,50.0,Pass
l3126.txm,72.5059,752.0,754.0,133.0,0.0,880.0,101.0,1183.0,9432.0,9074.0,-1045.0,30.0,16078.0,20214.0,-630.0,16724.0,345.0,0.0,27038.0,50.0,Pass
l3126.txm,73.5273,752.0,753.0,135.0,0.0,875.0,101.0,1183.0,9508.0,9024.0,-1071.0,29.0,16297.0,20470.0,128.0,16304.0,346.0,0.0,26974.0,50.0,Pass
l3126.txm,74.5469,752.0,753.0,134.0,0.0,945.0,100.0,1192.0,9506.0,9055.0,672.0,27.0,16482.0,20438.0,802.0,16186.0,351.0,0.0,27272.0,50.0,Pass
l3126.txm,75.5664,752.0,753.0,132.0,0.0,1072.0,100.0,1195.0,9520.0,9073.0,950.0,26.0,16700.0,20092.0,192.0,16318.0,344.0,1.0,27498.0,50.0,Pass
l3126.txm,76.5859,752.0,753.0,132.0,0.0,1199.0,100.0,1185.0,9540.0,9084.0,1261.0,25.0,16925.0,20076.0,10.0,16108.0,357.0,0.0,27506.0,50.0,Pass
l3126.txm,77.6074,751.0,753.0,132.0,0.0,1365.0,101.0,1186.0,9546.0,8927.0,1130.0,25.0,17188.0,19738.0,103.0,16458.0,349.0,1.0,27838.0,50.0,Pass
l3126.txm,78.6269,752.0,754.0,135.0,0.0,1576.0,100.0,1188.0,9459.0,9046.0,-798.0,25.0,17187.0,19338.0,288.0,16660.0,350.0,0.0,27882.0,51.0,Pass
l3126.txm,79.6465,752.0,754.0,135.0,1.0,1656.0,101.0,1184.0,9488.0,8942.0,99.0,27.0,16007.0,19280.0,-380.0,16598.0,347.0,0.0,27874.0,51.0,Pass
l3126.txm,80.666,752.0,753.0,131.0,0.0,1652.0,100.0,1181.0,9501.0,8957.0,-618.0,26.0,16888.0,19042.0,142.0,16652.0,350.0,0.0,28008.0,51.0,Pass
l3126.txm,81.6875,752.0,752.0,135.0,0.0,1657.0,100.0,1185.0,9439.0,8998.0,-740.0,25.0,16869.0,19368.0,105.0,16604.0,347.0,0.0,27952.0,51.0,Pass
l3126.txm,82.707,752.0,754.0,135.0,0.0,1672.0,102.0,1183.0,9459.0,8997.0,-271.0,25.0,16723.0,19230.0,-410.0,16874.0,350.0,0.0,27870.0,51.0,Pass
l3126.txm,83.7461,752.0,753.0,132.0,0.0,1673.0,100.0,1187.0,9452.0,8972.0,-473.0,25.0,16812.0,19164.0,115.0,16770.0,343.0,0.0,27890.0,51.0,Pass
l3126.txm,84.7656,752.0,753.0,133.0,0.0,1676.0,101.0,1182.0,9444.0,9012.0,90.0,25.0,17058.0,19182.0,-289.0,16800.0,347.0,0.0,27974.0,51.0,Pass
l3126.txm,85.7871,752.0,753.0,133.0,0.0,1681.0,100.0,1191.0,9442.0,9010.0,-222.0,25.0,16879.0,19110.0,124.0,16786.0,345.0,0.0,27888.0,51.0,Pass
l3126.txm,86.8066,752.0,753.0,133.0,0.0,1686.0,101.0,1176.0,9514.0,8922.0,1.0,25.0,16714.0,19086.0,-495.0,16656.0,357.0,1.0,27980.0,51.0,Pass
l3126.txm,87.8262,752.0,753.0,133.0,0.0,1686.0,100.0,1188.0,9440.0,9025.0,-553.0,26.0,16699.0,19120.0,89.0,16472.0,342.0,0.0,27880.0,51.0,Pass
l3126.txm,88.8457,752.0,753.0,134.0,0.0,1686.0,100.0,1183.0,9515.0,8965.0,-433.0,26.0,16632.0,19100.0,132.0,16648.0,344.0,0.0,27970.0,51.0,Pass
l3126.txm,89.8672,752.0,753.0,132.0,0.0,1692.0,101.0,1187.0,9461.0,9002.0,106.0,25.0,16949.0,19216.0,-313.0,16610.0,342.0,0.0,27830.0,51.0,Pass
l3126.txm,90.8867,752.0,753.0,134.0,0.0,1696.0,100.0,1184.0,9444.0,8932.0,42.0,26.0,16997.0,19450.0,111.0,16620.0,348.0,0.0,27846.0,51.0,Pass
l3126.txm,91.9062,752.0,755.0,132.0,0.0,1695.0,101.0,1182.0,9506.0,8960.0,-945.0,25.0,17011.0,19332.0,-73.0,16552.0,350.0,0.0,27978.0,51.0,Pass
l3126.txm,92.9258,751.0,752.0,132.0,0.0,1695.0,100.0,1186.0,9432.0,9022.0,-718.0,25.0,16846.0,19252.0,-477.0,16640.0,349.0,0.0,27956.0,51.0,Pass
l3126.txm,93.9473,752.0,753.0,133.0,0.0,1699.0,100.0,1188.0,9495.0,8980.0,-178.0,25.0,17027.0,19166.0,672.0,16718.0,350.0,0.0,27936.0,51.0,Pass
l3126.txm,94.9668,752.0,754.0,131.0,0.0,1703.0,100.0,1186.0,9492.0,9009.0,-196.0,25.0,16701.0,19336.0,42.0,16400.0,342.0,1.0,27934.0,51.0,Pass
l3126.txm,96.0098,752.0,755.0,132.0,0.0,1700.0,102.0,1186.0,9438.0,9047.0,-27.0,26.0,16684.0,19274.0,-73.0,16592.0,344.0,0.0,27884.0,51.0,Pass
l3126.txm,97.0391,752.0,753.0,132.0,0.0,1703.0,100.0,1185.0,9484.0,8994.0,269.0,25.0,16701.0,19018.0,-478.0,16420.0,346.0,0.0,27996.0,51.0,Pass
l3126.txm,98.0566,752.0,754.0,134.0,0.0,1708.0,100.0,1186.0,9477.0,8930.0,-263.0,25.0,16664.0,19224.0,-463.0,16840.0,346.0,0.0,27878.0,51.0,Pass
l3126.txm,99.0762,752.0,754.0,135.0,0.0,1704.0,100.0,1185.0,9423.0,8989.0,-853.0,25.0,17113.0,19260.0,127.0,16686.0,354.0,1.0,27978.0,51.0,Pass
l3126.txm,100.098,752.0,753.0,135.0,0.0,1709.0,101.0,1187.0,9513.0,8929.0,-50.0,25.0,16866.0,19062.0,35.0,16530.0,349.0,0.0,27952.0,51.0,Pass
l3126.txm,101.119,752.0,755.0,136.0,0.0,1707.0,102.0,1184.0,9470.0,9023.0,-282.0,25.0,16912.0,18998.0,127.0,16776.0,352.0,0.0,27958.0,51.0,Pass
l3126.txm,102.137,751.0,752.0,133.0,0.0,1711.0,100.0,1185.0,9443.0,9024.0,-54.0,26.0,16524.0,18992.0,134.0,16618.0,353.0,0.0,27900.0,51.0,Pass
l3126.txm,103.178,752.0,753.0,134.0,0.0,1714.0,101.0,1187.0,9491.0,8950.0,255.0,25.0,16926.0,19252.0,137.0,16676.0,350.0,0.0,27868.0,51.0,Pass
l3126.txm,104.199,752.0,753.0,132.0,0.0,1711.0,100.0,1187.0,9433.0,9002.0,-628.0,25.0,17117.0,19322.0,-19.0,16476.0,344.0,0.0,27852.0,51.0,Pass
l3126.txm,105.219,752.0,754.0,132.0,0.0,1716.0,101.0,1186.0,9435.0,9027.0,-169.0,25.0,16918.0,19194.0,-483.0,16834.0,351.0,1.0,27940.0,51.0,Pass
l3126.txm,106.238,752.0,753.0,135.0,0.0,1715.0,102.0,1185.0,9457.0,8980.0,67.0,25.0,16976.0,19322.0,366.0,16442.0,345.0,0.0,27870.0,51.0,Pass
l3126.txm,107.256,752.0,754.0,132.0,0.0,1717.0,100.0,1186.0,9488.0,8959.0,-104.0,26.0,16827.0,19320.0,135.0,16586.0,351.0,0.0,27870.0,51.0,Pass
l3126.txm,108.303,752.0,753.0,133.0,0.0,1712.0,100.0,1184.0,9489.0,8954.0,-374.0,25.0,16674.0,19274.0,32.0,16720.0,356.0,1.0,27966.0,51.0,Pass
l3126.txm,109.297,752.0,754.0,133.0,0.0,1719.0,100.0,1184.0,9432.0,8969.0,231.0,26.0,16699.0,19118.0,62.0,16558.0,354.0,0.0,28012.0,51.0,Pass
l3126.txm,110.318,751.0,753.0,135.0,0.0,1713.0,100.0,1185.0,9446.0,8954.0,-851.0,26.0,16800.0,19148.0,91.0,16628.0,346.0,1.0,27888.0,51.0,Pass
l3126.txm,111.338,751.0,753.0,132.0,0.0,1714.0,101.0,1184.0,9510.0,8973.0,-301.0,25.0,16679.0,19414.0,108.0,16878.0,351.0,0.0,27948.0,51.0,Pass
l3127.txm,57.1953,752.0,754.0,135.0,0.0,1473.0,101.0,1189.0,9488.0,8975.0,-1029.0,29.0,16239.0,19774.0,-356.0,16790.0,344.0,0.0,27564.0,50.0,Pass
l3127.txm,58.2148,752.0,753.0,132.0,0.0,1220.0,100.0,1256.0,9436.0,8966.0,-859.0,29.0,16105.0,19860.0,111.0,16728.0,347.0,0.0,27564.0,49.0,Pass
l3127.txm,59.2344,752.0,755.0,134.0,0.0,1129.0,101.0,1218.0,9488.0,8985.0,336.0,27.0,16794.0,19914.0,-266.0,16324.0,344.0,0.0,27468.0,50.0,Pass
l3127.txm,60.2559,752.0,754.0,131.0,0.0,1119.0,102.0,1191.0,9439.0,9043.0,215.0,27.0,16791.0,19974.0,60.0,16474.0,350.0,0.0,27276.0,51.0,Pass
l3127.txm,61.2754,752.0,753.0,133.0,0.0,1104.0,100.0,1180.0,9497.0,8983.0,-1140.0,28.0,16459.0,19980.0,-371.0,16596.0,356.0,0.0,27260.0,51.0,Pass
l3127.txm,62.2949,752.0,754.0,135.0,0.0,1092.0,99.0,1189.0,9482.0,8979.0,-682.0,28.0,16561.0,19980.0,-681.0,16468.0,348.0,0.0,27482.0,50.0,Pass
l3127.txm,63.3144,752.0,754.0,132.0,0.0,1084.0,101.0,1186.0,9492.0,8996.0,-1256.0,28.0,16935.0,19972.0,3.0,16692.0,353.0,0.0,27404.0,51.0,Pass
l3127.txm,64.3359,752.0,753.0,135.0,0.0,1075.0,101.0,1182.0,9482.0,8957.0,-1143.0,28.0,16669.0,19972.0,-25.0,16724.0,354.0,0.0,27490.0,51.0,Pass
l3127.txm,65.3809,752.0,754.0,131.0,0.0,1066.0,100.0,1184.0,9437.0,9024.0,-1017.0,28.0,16628.0,19974.0,-43.0,16806.0,350.0,0.0,27346.0,51.0,Pass
l3127.txm,66.375,752.0,753.0,136.0,0.0,1066.0,102.0,1186.0,9488.0,8979.0,-1502.0,28.0,16562.0,19788.0,-475.0,16708.0,350.0,0.0,27310.0,51.0,Pass
l3127.txm,67.3945,753.0,754.0,135.0,0.0,1046.0,101.0,1184.0,9517.0,8986.0,191.0,27.0,16968.0,20146.0,-785.0,16840.0,348.0,0.0,27262.0,51.0,Pass
l3127.txm,68.416,752.0,753.0,135.0,0.0,1014.0,101.0,1182.0,9530.0,8952.0,-2064.0,28.0,16802.0,20134.0,882.0,16288.0,346.0,0.0,27322.0,51.0,Pass
l3127.txm,69.4355,752.0,754.0,134.0,0.0,998.0,100.0,1186.0,9486.0,8987.0,-2069.0,28.0,16519.0,19948.0,502.0,16800.0,355.0,1.0,27340.0,50.0,Pass
l3127.txm,70.4551,752.0,753.0,133.0,0.0,949.0,100.0,1176.0,9440.0,9065.0,-1651.0,29.0,16099.0,20038.0,-821.0,16472.0,356.0,0.0,26978.0,50.0,Pass
l3127.txm,71.4746,752.0,754.0,133.0,0.0,904.0,102.0,1179.0,9487.0,9001.0,-1804.0,30.0,16094.0,20214.0,-438.0,16492.0,353.0,0.0,27050.0,50.0,Pass
l3127.txm,72.4961,752.0,753.0,135.0,0.0,880.0,101.0,1182.0,9478.0,9015.0,-1696.0,30.0,16018.0,20418.0,-435.0,16738.0,348.0,0.0,26970.0,50.0,Pass
l3127.txm,73.5156,752.0,753.0,135.0,0.0,871.0,100.0,1185.0,9449.0,9121.0,-581.0,29.0,16380.0,20320.0,151.0,16220.0,342.0,0.0,27020.0,50.0,Pass
l3127.txm,74.5352,752.0,755.0,133.0,0.0,947.0,102.0,1193.0,9450.0,9140.0,1042.0,27.0,16335.0,20358.0,340.0,16070.0,350.0,0.0,27226.0,50.0,Pass
l3127.txm,75.5547,752.0,753.0,134.0,0.0,1070.0,101.0,1197.0,9530.0,9037.0,1022.0,26.0,16709.0,20102.0,-62.0,16522.0,351.0,1.0,27478.0,50.0,Pass
l3127.txm,76.5762,752.0,754.0,133.0,0.0,1216.0,102.0,1187.0,9468.0,9002.0,70.0,25.0,16885.0,20036.0,38.0,16302.0,354.0,1.0,27522.0,51.0,Pass
l3127.txm,77.6211,752.0,754.0,131.0,0.0,1363.0,101.0,1185.0,9518.0,8931.0,568.0,27.0,16350.0,19752.0,402.0,16138.0,361.0,0.0,27754.0,51.0,Pass
l3127.txm,78.6152,752.0,752.0,131.0,0.0,1559.0,100.0,1189.0,9501.0,9006.0,-669.0,27.0,16438.0,19418.0,448.0,16138.0,350.0,0.0,27820.0,51.0,Pass
l3127.txm,79.6348,752.0,754.0,135.0,0.0,1647.0,100.0,1185.0,9431.0,9017.0,-1147.0,26.0,16846.0,19370.0,72.0,16534.0,342.0,0.0,27922.0,51.0,Pass
l3127.txm,80.6582,752.0,755.0,134.0,0.0,1654.0,102.0,1182.0,9445.0,9003.0,-984.0,26.0,16864.0,19114.0,274.0,16738.0,350.0,0.0,27932.0,51.0,Pass
l3127.txm,81.6758,752.0,754.0,134.0,0.0,1655.0,100.0,1184.0,9448.0,8948.0,-709.0,25.0,16891.0,19036.0,123.0,16622.0,343.0,0.0,27890.0,51.0,Pass
l3127.txm,82.6953,751.0,753.0,132.0,0.0,1664.0,101.0,1186.0,9502.0,8973.0,-1041.0,26.0,17028.0,19078.0,-71.0,16510.0,351.0,1.0,27900.0,51.0,Pass
l3127.txm,83.7148,752.0,753.0,134.0,0.0,1669.0,100.0,1186.0,9454.0,9021.0,-809.0,26.0,16870.0,19290.0,-81.0,16606.0,344.0,0.0,27876.0,51.0,Pass
l3127.txm,84.7344,752.0,753.0,131.0,0.0,1670.0,100.0,1185.0,9483.0,8954.0,-242.0,26.0,16532.0,19390.0,-79.0,16634.0,344.0,0.0,27876.0,51.0,Pass
l3127.txm,85.7559,752.0,755.0,136.0,0.0,1673.0,102.0,1183.0,9443.0,9018.0,-454.0,25.0,17047.0,19142.0,840.0,16514.0,350.0,0.0,27966.0,51.0,Pass
l3127.txm,86.7754,751.0,753.0,135.0,0.0,1677.0,101.0,1185.0,9436.0,9056.0,-896.0,26.0,17099.0,19334.0,1014.0,16432.0,357.0,0.0,27838.0,51.0,Pass
l3127.txm,87.7949,751.0,753.0,134.0,0.0,1683.0,100.0,1186.0,9439.0,9016.0,-500.0,25.0,17020.0,19294.0,312.0,16474.0,360.0,1.0,27974.0,51.0,Pass
l3127.txm,88.8144,752.0,753.0,132.0,0.0,1684.0,100.0,1187.0,9421.0,9009.0,-666.0,26.0,16720.0,19238.0,214.0,16432.0,349.0,0.0,27878.0,51.0,Pass
l3127.txm,89.8613,752.0,754.0,131.0,0.0,1686.0,102.0,1185.0,9447.0,8996.0,-718.0,26.0,16827.0,19054.0,-308.0,16446.0,338.0,0.0,27898.0,51.0,Pass
l3127.txm,90.8867,752.0,753.0,131.0,0.0,1688.0,100.0,1183.0,9426.0,9026.0,-392.0,25.0,16547.0,19368.0,546.0,16414.0,346.0,0.0,27924.0,51.0,Pass
l3127.txm,91.9082,752.0,753.0,134.0,0.0,1693.0,100.0,1185.0,9437.0,8981.0,-48.0,26.0,16639.0,19220.0,138.0,16610.0,348.0,0.0,27882.0,51.0,Pass
l3127.txm,92.9277,752.0,754.0,133.0,0.0,1690.0,101.0,1185.0,9469.0,8990.0,-483.0,26.0,16799.0,19116.0,952.0,16492.0,356.0,0.0,27930.0,51.0,Pass
l3127.txm,93.9473,752.0,754.0,134.0,0.0,1693.0,100.0,1185.0,9443.0,8949.0,-832.0,26.0,16988.0,19254.0,550.0,16326.0,350.0,1.0,27844.0,51.0,Pass
l3127.txm,94.9668,752.0,753.0,135.0,0.0,1701.0,101.0,1186.0,9487.0,8937.0,-1034.0,26.0,16985.0,19274.0,51.0,16488.0,350.0,1.0,27900.0,51.0,Pass
l3127.txm,95.9883,752.0,753.0,135.0,0.0,1695.0,101.0,1185.0,9436.0,8955.0,-737.0,26.0,16740.0,19096.0,-51.0,16500.0,346.0,0.0,27926.0,51.0,Pass
l3127.txm,97.0078,752.0,753.0,133.0,0.0,1699.0,101.0,1186.0,9430.0,9004.0,-563.0,26.0,16657.0,19156.0,400.0,16516.0,347.0,0.0,27948.0,51.0,Pass
l3127.txm,98.0273,752.0,753.0,135.0,0.0,1699.0,100.0,1184.0,9494.0,8931.0,-491.0,26.0,16692.0,19326.0,-34.0,16462.0,346.0,0.0,27874.0,51.0,Pass
l3127.txm,99.0469,752.0,753.0,132.0,0.0,1701.0,102.0,1186.0,9435.0,9010.0,-903.0,26.0,17094.0,19388.0,19.0,16526.0,350.0,0.0,27856.0,51.0,Pass
l3127.txm,100.066,751.0,753.0,134.0,0.0,1705.0,101.0,1186.0,9420.0,9026.0,-520.0,26.0,16805.0,19052.0,200.0,16558.0,347.0,0.0,28002.0,51.0,Pass
l3127.txm,101.088,752.0,753.0,135.0,0.0,1704.0,100.0,1184.0,9432.0,9012.0,-569.0,26.0,16715.0,19166.0,148.0,16570.0,349.0,0.0,27890.0,51.0,Pass
l3127.txm,102.131,751.0,753.0,132.0,0.0,1707.0,100.0,1185.0,9487.0,8961.0,-180.0,26.0,16676.0,19072.0,145.0,16570.0,352.0,0.0,27910.0,51.0,Pass
l3127.txm,103.125,752.0,753.0,134.0,0.0,1708.0,101.0,1184.0,9475.0,8934.0,-129.0,26.0,16489.0,19324.0,66.0,16448.0,347.0,1.0,27930.0,51.0,Pass
l3127.txm,104.145,751.0,753.0,133.0,0.0,1707.0,101.0,1185.0,9463.0,8963.0,-151.0,26.0,17083.0,19370.0,368.0,16550.0,350.0,0.0,27858.0,51.0,Pass
l3127.txm,105.166,751.0,752.0,132.0,0.0,1703.0,101.0,1183.0,9492.0,8927.0,-539.0,26.0,16933.0,19294.0,460.0,16410.0,349.0,1.0,27998.0,51.0,Pass
l3127.txm,106.186,752.0,753.0,135.0,0.0,1707.0,100.0,1184.0,9450.0,8981.0,-430.0,26.0,16755.0,19444.0,-23.0,16526.0,347.0,0.0,27942.0,51.0,Pass
l3127.txm,107.205,751.0,752.0,135.0,0.0,1706.0,101.0,1184.0,9486.0,8952.0,-499.0,26.0,17075.0,19204.0,-68.0,16606.0,354.0,0.0,27922.0,51.0,Pass
l3127.txm,108.225,752.0,753.0,133.0,0.0,1709.0,102.0,1186.0,9449.0,8979.0,-82.0,26.0,16729.0,19278.0,136.0,16606.0,357.0,0.0,27828.0,51.0,Pass
l3127.txm,109.246,752.0,753.0,133.0,0.0,1708.0,100.0,1184.0,9460.0,8980.0,-385.0,26.0,16756.0,19084.0,72.0,16470.0,357.0,0.0,27938.0,51.0,Pass
l3127.txm,110.266,752.0,753.0,132.0,0.0,1708.0,100.0,1184.0,9506.0,8956.0,-345.0,26.0,16810.0,19254.0,-26.0,16442.0,350.0,0.0,27878.0,51.0,Pass
l3128.txm,56.1855,752.0,753.0,134.0,0.0,1373.0,100.0,1208.0,9476.0,8936.0,-2053.0,28.0,16146.0,19848.0,134.0,16494.0,357.0,0.0,27576.0,49.0,Pass
l3128.txm,57.2051,752.0,753.0,131.0,0.0,1159.0,101.0,1248.0,9438.0,9022.0,-993.0,29.0,16428.0,19854.0,-321.0,16886.0,352.0,0.0,27482.0,50.0,Pass
l3128.txm,58.2246,752.0,752.0,133.0,0.0,1128.0,101.0,1213.0,9523.0,8969.0,578.0,27.0,16529.0,19946.0,-270.0,16584.0,354.0,0.0,27344.0,50.0,Pass
l3128.txm,59.2461,752.0,753.0,134.0,0.0,1114.0,100.0,1186.0,9435.0,9051.0,1014.0,27.0,16709.0,19948.0,-662.0,16640.0,347.0,0.0,27356.0,51.0,Pass
l3128.txm,60.2656,752.0,753.0,135.0,0.0,1090.0,100.0,1181.0,9483.0,8982.0,-1298.0,28.0,16581.0,19986.0,-267.0,16682.0,353.0,0.0,27358.0,51.0,Pass
l3128.txm,61.2852,751.0,753.0,133.0,0.0,1085.0,100.0,1185.0,9504.0,8958.0,-431.0,28.0,16731.0,20076.0,-293.0,16118.0,354.0,1.0,27362.0,50.0,Pass
l3128.txm,62.3027,752.0,753.0,133.0,0.0,1069.0,101.0,1187.0,9460.0,8992.0,-722.0,28.0,16559.0,20038.0,40.0,16186.0,344.0,0.0,27512.0,51.0,Pass
l3128.txm,63.3262,752.0,754.0,135.0,0.0,1067.0,100.0,1183.0,9454.0,9018.0,-1082.0,28.0,16993.0,19872.0,-55.0,16832.0,343.0,0.0,27562.0,51.0,Pass
l3128.txm,64.3691,752.0,753.0,132.0,0.0,1066.0,101.0,1182.0,9484.0,9009.0,-966.0,28.0,16617.0,19888.0,-294.0,16756.0,344.0,0.0,27368.0,51.0,Pass
l3128.txm,65.3926,752.0,753.0,134.0,0.0,1054.0,100.0,1186.0,9463.0,9031.0,-1223.0,28.0,16516.0,20094.0,-502.0,16622.0,342.0,0.0,27370.0,51.0,Pass
l3128.txm,66.418,752.0,754.0,132.0,0.0,1032.0,101.0,1184.0,9490.0,8976.0,-1219.0,28.0,16314.0,19842.0,-393.0,16496.0,342.0,0.0,27302.0,51.0,Pass
l3128.txm,67.4336,752.0,753.0,131.0,0.0,1013.0,101.0,1182.0,9488.0,8997.0,-2172.0,28.0,16700.0,19954.0,-623.0,16962.0,349.0,0.0,27362.0,51.0,Pass
l3128.txm,68.4531,752.0,754.0,135.0,0.0,969.0,100.0,1180.0,9453.0,9047.0,-2338.0,28.0,16472.0,20078.0,-604.0,16606.0,352.0,0.0,27148.0,50.0,Pass
l3128.txm,69.4727,752.0,753.0,135.0,0.0,922.0,102.0,1178.0,9456.0,9053.0,-1331.0,30.0,16186.0,20326.0,-707.0,16874.0,351.0,0.0,27054.0,50.0,Pass
l3128.txm,70.4941,751.0,753.0,136.0,0.0,894.0,101.0,1181.0,9498.0,8969.0,-1835.0,29.0,16297.0,20438.0,-418.0,16520.0,352.0,0.0,26972.0,50.0,Pass
l3128.txm,71.541,752.0,754.0,135.0,0.0,872.0,101.0,1184.0,9526.0,9025.0,-427.0,29.0,16326.0,20172.0,-87.0,16708.0,356.0,0.0,26990.0,50.0,Pass
l3128.txm,72.5332,752.0,753.0,132.0,0.0,886.0,100.0,1186.0,9487.0,9069.0,481.0,28.0,16158.0,20342.0,498.0,16010.0,352.0,0.0,26990.0,50.0,Pass
l3128.txm,73.5527,752.0,752.0,134.0,0.0,988.0,102.0,1196.0,9536.0,9009.0,1025.0,27.0,16600.0,20224.0,996.0,16652.0,354.0,1.0,27480.0,50.0,Pass
l3128.txm,74.5781,752.0,754.0,133.0,0.0,1133.0,101.0,1192.0,9464.0,9049.0,399.0,26.0,16560.0,19882.0,63.0,16078.0,351.0,0.0,27364.0,50.0,Pass
l3128.txm,75.5957,752.0,753.0,135.0,0.0,1291.0,100.0,1188.0,9509.0,8978.0,-18.0,26.0,16939.0,19822.0,27.0,16060.0,353.0,1.0,27632.0,51.0,Pass
l3128.txm,76.6133,752.0,753.0,134.0,0.0,1441.0,100.0,1184.0,9523.0,8952.0,1131.0,25.0,17011.0,19702.0,340.0,15974.0,345.0,1.0,27840.0,51.0,Pass
l3128.txm,77.6328,752.0,754.0,132.0,0.0,1630.0,100.0,1189.0,9450.0,8994.0,732.0,25.0,17111.0,19390.0,108.0,16636.0,355.0,0.0,27860.0,51.0,Pass
l3128.txm,78.6543,752.0,753.0,132.0,0.0,1645.0,102.0,1181.0,9496.0,8977.0,508.0,25.0,16673.0,19344.0,378.0,16608.0,346.0,0.0,27944.0,51.0,Pass
l3128.txm,79.6738,752.0,753.0,134.0,0.0,1655.0,100.0,1184.0,9500.0,9010.0,541.0,25.0,17106.0,19050.0,120.0,16686.0,344.0,0.0,27870.0,51.0,Pass
l3128.txm,80.6934,752.0,753.0,134.0,0.0,1660.0,101.0,1184.0,9502.0,8941.0,91.0,25.0,16877.0,19022.0,9.0,16522.0,342.0,0.0,27906.0,51.0,Pass
l3128.txm,81.7129,752.0,753.0,135.0,0.0,1665.0,100.0,1182.0,9432.0,9020.0,599.0,25.0,16965.0,19086.0,87.0,16638.0,345.0,0.0,27910.0,51.0,Pass
l3128.txm,82.7344,753.0,753.0,135.0,0.0,1667.0,100.0,1184.0,9463.0,9035.0,-43.0,25.0,16801.0,19354.0,-273.0,16698.0,345.0,0.0,27882.0,51.0,Pass
l3128.txm,83.7812,752.0,754.0,132.0,0.0,1671.0,102.0,1184.0,9473.0,8968.0,120.0,25.0,17150.0,19056.0,-264.0,16616.0,347.0,0.0,28016.0,51.0,Pass
l3128.txm,84.7734,752.0,753.0,135.0,0.0,1677.0,100.0,1184.0,9539.0,8964.0,503.0,25.0,16965.0,19014.0,-301.0,16678.0,345.0,0.0,27846.0,51.0,Pass
l3128.txm,85.793,752.0,754.0,133.0,0.0,1680.0,100.0,1184.0,9440.0,9032.0,-190.0,25.0,17016.0,18992.0,592.0,16576.0,351.0,0.0,27910.0,51.0,Pass
l3128.txm,86.8144,752.0,754.0,134.0,0.0,1681.0,102.0,1184.0,9464.0,9036.0,768.0,25.0,16975.0,19292.0,764.0,16478.0,355.0,0.0,27806.0,51.0,Pass
l3128.txm,87.834,751.0,752.0,132.0,0.0,1682.0,101.0,1182.0,9424.0,9032.0,679.0,25.0,16704.0,19228.0,530.0,16470.0,350.0,1.0,27882.0,51.0,Pass
l3128.txm,88.8555,752.0,752.0,135.0,1.0,1696.0,101.0,1184.0,9495.0,8975.0,-144.0,25.0,16841.0,19008.0,31.0,16406.0,351.0,0.0,27966.0,51.0,Pass
l3128.txm,89.873,751.0,753.0,136.0,1.0,1691.0,101.0,1180.0,9429.0,9019.0,442.0,25.0,16876.0,19338.0,398.0,16606.0,354.0,0.0,27814.0,51.0,Pass
l3128.txm,90.8926,752.0,754.0,131.0,0.0,1691.0,100.0,1186.0,9438.0,9033.0,552.0,25.0,17210.0,19266.0,145.0,16588.0,355.0,1.0,27922.0,51.0,Pass
l3128.txm,91.9141,752.0,754.0,134.0,0.0,1698.0,102.0,1183.0,9489.0,8988.0,372.0,25.0,16811.0,19304.0,46.0,16626.0,346.0,0.0,27884.0,51.0,Pass
l3128.txm,92.9336,752.0,754.0,133.0,0.0,1697.0,101.0,1185.0,9454.0,8977.0,675.0,25.0,17100.0,19244.0,-63.0,16480.0,348.0,0.0,27944.0,51.0,Pass
l3128.txm,93.9531,752.0,754.0,134.0,1.0,1694.0,102.0,1186.0,9481.0,8994.0,311.0,25.0,16558.0,19072.0,752.0,16612.0,350.0,0.0,27950.0,51.0,Pass
l3128.txm,94.9746,752.0,753.0,133.0,0.0,1698.0,101.0,1181.0,9492.0,8971.0,430.0,25.0,16841.0,19336.0,188.0,16600.0,346.0,0.0,27878.0,51.0,Pass
l3128.txm,96.0234,752.0,754.0,134.0,0.0,1703.0,100.0,1186.0,9457.0,9001.0,244.0,25.0,16900.0,19344.0,55.0,16592.0,351.0,0.0,27970.0,51.0,Pass
l3128.txm,97.0156,752.0,753.0,135.0,0.0,1699.0,102.0,1185.0,9515.0,8965.0,307.0,25.0,16810.0,19352.0,48.0,16498.0,354.0,0.0,27882.0,51.0,Pass
l3128.txm,98.0332,752.0,753.0,133.0,0.0,1706.0,100.0,1184.0,9498.0,8978.0,614.0,25.0,17040.0,19136.0,140.0,16370.0,350.0,0.0,28012.0,51.0,Pass
l3128.txm,99.0527,752.0,753.0,132.0,0.0,1702.0,102.0,1184.0,9432.0,9014.0,839.0,25.0,16837.0,19434.0,117.0,16340.0,348.0,0.0,27926.0,51.0,Pass
l3128.txm,100.074,752.0,753.0,132.0,0.0,1705.0,102.0,1184.0,9433.0,9016.0,348.0,25.0,16580.0,19422.0,129.0,16566.0,358.0,0.0,27912.0,51.0,Pass
l3128.txm,101.094,752.0,753.0,135.0,0.0,1708.0,101.0,1185.0,9504.0,8962.0,33.0,25.0,16905.0,19032.0,898.0,16518.0,351.0,0.0,27896.0,51.0,Pass
l3128.txm,102.113,752.0,754.0,135.0,0.0,1706.0,100.0,1187.0,9505.0,8961.0,230.0,25.0,16980.0,19034.0,108.0,16546.0,354.0,0.0,27894.0,51.0,Pass
l3128.txm,103.133,752.0,754.0,133.0,0.0,1709.0,101.0,1187.0,9489.0,8987.0,809.0,25.0,16739.0,19342.0,131.0,16482.0,350.0,1.0,27926.0,51.0,Pass
l3128.txm,104.156,752.0,753.0,134.0,0.0,1710.0,100.0,1186.0,9493.0,8979.0,354.0,25.0,16791.0,19040.0,50.0,16406.0,350.0,0.0,27894.0,51.0,Pass
l3128.txm,105.178,752.0,752.0,134.0,0.0,1705.0,101.0,1186.0,9433.0,8987.0,824.0,25.0,16563.0,19336.0,-340.0,16512.0,346.0,0.0,27932.0,51.0,Pass
l3128.txm,106.193,752.0,753.0,133.0,0.0,1702.0,100.0,1186.0,9500.0,8967.0,411.0,25.0,16823.0,19316.0,44.0,16612.0,346.0,0.0,27908.0,51.0,Pass
l3128.txm,107.213,752.0,754.0,131.0,0.0,1711.0,100.0,1185.0,9426.0,9017.0,601.0,25.0,16645.0,19030.0,728.0,16662.0,351.0,1.0,27922.0,51.0,Pass
l3128.txm,108.262,752.0,753.0,131.0,0.0,1709.0,101.0,1188.0,9538.0,8959.0,291.0,25.0,16825.0,19356.0,146.0,16432.0,350.0,0.0,27946.0,51.0,Pass
l3129.txm,56.707,751.0,753.0,135.0,0.0,1482.0,100.0,1191.0,9447.0,9048.0,140.0,28.0,16516.0,19772.0,-806.0,16850.0,350.0,0.0,27572.0,50.0,Pass
l3129.txm,57.7266,752.0,753.0,132.0,0.0,1186.0,101.0,1256.0,9458.0,9009.0,-250.0,30.0,15954.0,19866.0,-323.0,16686.0,343.0,0.0,27564.0,49.0,Pass
l3129.txm,58.748,751.0,754.0,132.0,0.0,1130.0,101.0,1223.0,9428.0,9053.0,673.0,28.0,16485.0,19938.0,-519.0,16342.0,345.0,0.0,27348.0,50.0,Pass
l3129.txm,59.7676,752.0,752.0,135.0,0.0,1114.0,100.0,1194.0,9532.0,8955.0,789.0,27.0,16933.0,19970.0,-721.0,16548.0,341.0,0.0,27358.0,50.0,Pass
l3129.txm,60.7871,752.0,753.0,132.0,0.0,1102.0,101.0,1179.0,9478.0,9040.0,392.0,28.0,16746.0,19982.0,-260.0,16530.0,351.0,0.0,27350.0,51.0,Pass
l3129.txm,61.8066,752.0,753.0,135.0,0.0,1081.0,100.0,1188.0,9509.0,8966.0,-1589.0,28.0,16819.0,19986.0,-687.0,16448.0,345.0,0.0,27406.0,50.0,Pass
l3129.txm,62.8281,752.0,753.0,136.0,0.0,1077.0,102.0,1184.0,9512.0,8954.0,-1528.0,28.0,16541.0,19968.0,-451.0,16738.0,346.0,0.0,27348.0,51.0,Pass
l3129.txm,63.8477,752.0,754.0,132.0,0.0,1071.0,100.0,1186.0,9478.0,8971.0,-1387.0,28.0,16930.0,19972.0,-423.0,16718.0,349.0,0.0,27358.0,50.0,Pass
l3129.txm,64.8672,752.0,753.0,134.0,0.0,1064.0,101.0,1187.0,9431.0,9046.0,-909.0,28.0,16654.0,20000.0,-322.0,16618.0,344.0,1.0,27356.0,50.0,Pass
l3129.txm,65.8867,751.0,753.0,132.0,0.0,1053.0,100.0,1182.0,9517.0,8976.0,-952.0,28.0,16462.0,20126.0,-96.0,16728.0,349.0,0.0,27346.0,51.0,Pass
l3129.txm,66.9336,752.0,753.0,134.0,0.0,1036.0,102.0,1183.0,9433.0,9059.0,-1398.0,28.0,16423.0,19752.0,-749.0,16798.0,345.0,0.0,27244.0,51.0,Pass
l3129.txm,67.957,752.0,754.0,133.0,0.0,1005.0,101.0,1184.0,9429.0,9033.0,-2121.0,28.0,16787.0,20020.0,-47.0,16572.0,351.0,0.0,27226.0,50.0,Pass
l3129.txm,68.9766,751.0,753.0,134.0,0.0,988.0,100.0,1183.0,9445.0,9042.0,-2125.0,28.0,16576.0,20214.0,462.0,16568.0,350.0,0.0,27310.0,50.0,Pass
l3129.txm,69.998,752.0,753.0,132.0,0.0,935.0,102.0,1175.0,9470.0,8987.0,-1186.0,29.0,16042.0,20194.0,-842.0,16900.0,345.0,0.0,27122.0,50.0,Pass
l3129.txm,71.0176,752.0,753.0,134.0,0.0,894.0,101.0,1178.0,9470.0,9024.0,-1494.0,30.0,16209.0,20146.0,-44.0,16740.0,347.0,0.0,27038.0,50.0,Pass
l3129.txm,72.0371,752.0,754.0,132.0,0.0,883.0,100.0,1185.0,9421.0,9072.0,-1029.0,30.0,15990.0,20266.0,-599.0,16672.0,354.0,0.0,26968.0,50.0,Pass
l3129.txm,73.0566,752.0,753.0,132.0,0.0,875.0,102.0,1185.0,9528.0,9021.0,-1019.0,30.0,15826.0,20288.0,141.0,16194.0,356.0,0.0,26952.0,50.0,Pass
l3129.txm,74.0781,752.0,754.0,132.0,0.0,972.0,101.0,1196.0,9470.0,9110.0,736.0,27.0,16851.0,20150.0,374.0,16868.0,349.0,0.0,27338.0,50.0,Pass
l3129.txm,75.0977,752.0,754.0,134.0,0.0,1086.0,100.0,1196.0,9513.0,9021.0,722.0,27.0,16882.0,20066.0,146.0,16036.0,351.0,0.0,27400.0,50.0,Pass
l3129.txm,76.1172,752.0,753.0,132.0,0.0,1234.0,100.0,1188.0,9539.0,9021.0,693.0,25.0,16903.0,19944.0,-52.0,16300.0,349.0,0.0,27732.0,51.0,Pass
l3129.txm,77.1484,752.0,753.0,134.0,0.0,1421.0,100.0,1182.0,9427.0,8989.0,446.0,27.0,16625.0,19538.0,490.0,16356.0,347.0,0.0,27788.0,51.0,Pass
l3129.txm,78.1699,752.0,754.0,133.0,0.0,1587.0,100.0,1192.0,9515.0,8943.0,-175.0,26.0,16593.0,19400.0,994.0,16172.0,348.0,0.0,27862.0,51.0,Pass
l3129.txm,79.1914,752.0,753.0,134.0,0.0,1646.0,102.0,1176.0,9497.0,9000.0,-5.0,27.0,16142.0,19368.0,508.0,16656.0,350.0,0.0,27874.0,51.0,Pass
l3129.txm,80.209,751.0,753.0,136.0,0.0,1648.0,101.0,1191.0,9440.0,8967.0,-1329.0,26.0,16865.0,19266.0,158.0,16646.0,351.0,0.0,27890.0,51.0,Pass
l3129.txm,81.2285,752.0,754.0,135.0,0.0,1671.0,102.0,1181.0,9405.0,8964.0,797.0,27.0,16042.0,19078.0,131.0,16602.0,346.0,0.0,27922.0,51.0,Pass
l3129.txm,82.25,752.0,753.0,135.0,0.0,1658.0,101.0,1192.0,9506.0,8945.0,-1025.0,25.0,17125.0,19390.0,113.0,16544.0,352.0,1.0,27942.0,51.0,Pass
l3129.txm,83.2695,752.0,754.0,135.0,0.0,1669.0,100.0,1185.0,9457.0,9013.0,-437.0,25.0,16923.0,19348.0,-33.0,16634.0,350.0,1.0,27890.0,51.0,Pass
l3129.txm,84.2891,752.0,753.0,132.0,0.0,1671.0,100.0,1185.0,9485.0,9005.0,-178.0,25.0,16806.0,19206.0,568.0,16402.0,343.0,0.0,27882.0,51.0,Pass
l3129.txm,85.3477,753.0,753.0,134.0,0.0,1678.0,100.0,1184.0,9441.0,9019.0,10.0,25.0,16817.0,19238.0,108.0,16600.0,352.0,1.0,27972.0,51.0,Pass
l3129.txm,86.3691,752.0,754.0,133.0,0.0,1679.0,101.0,1183.0,9431.0,9039.0,-290.0,26.0,16771.0,19320.0,89.0,16446.0,353.0,0.0,27880.0,51.0,Pass
l3129.txm,87.3887,752.0,753.0,133.0,0.0,1683.0,101.0,1183.0,9502.0,8968.0,-345.0,25.0,16579.0,19116.0,568.0,16534.0,344.0,0.0,28006.0,51.0,Pass
l3129.txm,88.4102,752.0,753.0,133.0,0.0,1687.0,102.0,1186.0,9503.0,8955.0,-335.0,25.0,16695.0,19286.0,-30.0,16612.0,349.0,1.0,27934.0,51.0,Pass
l3129.txm,89.4297,752.0,754.0,134.0,0.0,1685.0,100.0,1184.0,9514.0,8931.0,284.0,25.0,16598.0,19394.0,660.0,16480.0,354.0,1.0,27944.0,51.0,Pass
l3129.txm,90.4492,752.0,753.0,133.0,0.0,1693.0,100.0,1186.0,9477.0,8960.0,-998.0,25.0,16849.0,19074.0,-48.0,16610.0,349.0,0.0,27918.0,51.0,Pass
l3129.txm,91.4688,752.0,753.0,136.0,0.0,1692.0,100.0,1186.0,9476.0,8993.0,-132.0,26.0,16920.0,19142.0,127.0,16438.0,354.0,1.0,27970.0,51.0,Pass
l3129.txm,92.4902,752.0,753.0,133.0,0.0,1696.0,100.0,1187.0,9460.0,8945.0,100.0,26.0,17050.0,19002.0,-5.0,16770.0,343.0,0.0,27888.0,51.0,Pass
l3129.txm,94.0723,752.0,753.0,133.0,0.0,1694.0,102.0,1184.0,9499.0,8979.0,-333.0,25.0,16685.0,19290.0,92.0,16550.0,352.0,0.0,27940.0,51.0,Pass
l3129.txm,95.0898,752.0,754.0,135.0,0.0,1700.0,101.0,1187.0,9455.0,8948.0,-697.0,26.0,16855.0,19156.0,-281.0,16612.0,357.0,1.0,27934.0,51.0,Pass
l3129.txm,96.1094,752.0,753.0,133.0,0.0,1702.0,101.0,1185.0,9496.0,8942.0,384.0,25.0,16714.0,19072.0,149.0,16630.0,350.0,0.0,28014.0,51.0,Pass
l3129.txm,97.1289,752.0,754.0,135.0,0.0,1701.0,101.0,1185.0,9505.0,8991.0,-580.0,25.0,17036.0,19202.0,49.0,16530.0,349.0,0.0,27826.0,51.0,Pass
l3129.txm,98.1484,751.0,753.0,132.0,0.0,1704.0,102.0,1186.0,9433.0,8987.0,-357.0,26.0,17028.0,19412.0,578.0,16574.0,358.0,0.0,27942.0,51.0,Pass
l3129.txm,99.1699,752.0,754.0,132.0,0.0,1708.0,102.0,1185.0,9493.0,8951.0,-224.0,25.0,16720.0,19362.0,-23.0,16536.0,348.0,0.0,27998.0,51.0,Pass
l3129.txm,100.189,752.0,754.0,132.0,0.0,1703.0,101.0,1183.0,9442.0,9019.0,-89.0,26.0,16822.0,19444.0,-50.0,16464.0,345.0,1.0,27932.0,51.0,Pass
l3129.txm,101.209,752.0,754.0,131.0,0.0,1704.0,102.0,1186.0,9502.0,8942.0,15.0,26.0,16546.0,19110.0,-276.0,16730.0,347.0,0.0,28012.0,51.0,Pass
l3129.txm,102.229,752.0,754.0,131.0,0.0,1704.0,100.0,1184.0,9442.0,9015.0,17.0,25.0,16666.0,19264.0,-455.0,16604.0,343.0,1.0,27866.0,51.0,Pass
l3129.txm,103.25,751.0,752.0,134.0,0.0,1711.0,102.0,1186.0,9476.0,8955.0,223.0,25.0,16761.0,19140.0,-54.0,16868.0,348.0,0.0,27924.0,51.0,Pass
l3129.txm,104.295,752.0,753.0,133.0,0.0,1708.0,101.0,1185.0,9499.0,8931.0,-546.0,26.0,16627.0,19236.0,28.0,16646.0,355.0,0.0,27850.0,51.0,Pass
l3129.txm,105.289,752.0,753.0,131.0,0.0,1708.0,100.0,1186.0,9498.0,8934.0,55.0,26.0,16683.0,19312.0,526.0,16862.0,347.0,1.0,27946.0,51.0,Pass
l3129.txm,106.309,752.0,754.0,136.0,0.0,1707.0,101.0,1185.0,9446.0,8982.0,-88.0,26.0,16877.0,19090.0,121.0,16806.0,346.0,0.0,27984.0,51.0,Pass
l3129.txm,107.33,752.0,753.0,133.0,0.0,1709.0,100.0,1186.0,9513.0,8922.0,-773.0,25.0,16623.0,19318.0,716.0,16882.0,351.0,0.0,27860.0,51.0,Pass
l3129.txm,108.35,752.0,753.0,134.0,0.0,1710.0,100.0,1187.0,9433.0,8992.0,-755.0,26.0,16958.0,19422.0,139.0,16726.0,356.0,0.0,27924.0,51.0,Pass
l3129.txm,109.369,752.0,753.0,132.0,0.0,1710.0,101.0,1184.0,9511.0,8945.0,-387.0,26.0,16577.0,19272.0,155.0,16546.0,345.0,0.0,27940.0,51.0,Pass
l3130.txm,57.6953,752.0,754.0,133.0,0.0,1327.0,101.0,1231.0,9460.0,9015.0,-1817.0,30.0,15850.0,19824.0,372.0,16722.0,351.0,0.0,27564.0,49.0,Pass
l3130.txm,58.7109,752.0,753.0,133.0,0.0,1159.0,101.0,1251.0,9427.0,9038.0,-1228.0,29.0,16548.0,19886.0,-278.0,16722.0,356.0,0.0,27378.0,49.0,Pass
l3130.txm,59.7324,752.0,753.0,132.0,0.0,1128.0,100.0,1208.0,9497.0,8986.0,826.0,28.0,16315.0,19940.0,-502.0,16426.0,350.0,0.0,27348.0,50.0,Pass
l3130.txm,60.752,752.0,754.0,135.0,0.0,1109.0,100.0,1181.0,9447.0,9040.0,273.0,28.0,16609.0,19976.0,-517.0,16570.0,349.0,0.0,27358.0,51.0,Pass
l3130.txm,61.7715,752.0,754.0,132.0,0.0,1092.0,99.0,1185.0,9492.0,8967.0,500.0,28.0,16458.0,19968.0,-529.0,16604.0,347.0,0.0,27406.0,50.0,Pass
l3130.txm,62.791,751.0,754.0,133.0,0.0,1085.0,100.0,1187.0,9429.0,9020.0,496.0,28.0,16771.0,19982.0,-79.0,16718.0,346.0,0.0,27342.0,50.0,Pass
l3130.txm,63.8105,752.0,753.0,134.0,0.0,1072.0,100.0,1183.0,9490.0,8985.0,382.0,28.0,16304.0,19966.0,-381.0,16746.0,348.0,0.0,27362.0,50.0,Pass
l3130.txm,64.832,752.0,754.0,133.0,0.0,1067.0,101.0,1184.0,9498.0,8964.0,-273.0,28.0,16649.0,19984.0,-431.0,16804.0,352.0,0.0,27466.0,50.0,Pass
l3130.txm,65.875,752.0,754.0,132.0,0.0,1062.0,100.0,1187.0,9508.0,8957.0,246.0,28.0,16535.0,20086.0,228.0,16142.0,345.0,0.0,27380.0,50.0,Pass
l3130.txm,66.9004,751.0,754.0,135.0,0.0,1037.0,100.0,1186.0,9451.0,9044.0,-581.0,28.0,16600.0,20146.0,902.0,16266.0,354.0,1.0,27466.0,51.0,Pass
l3130.txm,67.9199,752.0,753.0,135.0,0.0,1029.0,100.0,1183.0,9423.0,9046.0,-835.0,28.0,16658.0,20036.0,-325.0,16648.0,349.0,0.0,27506.0,51.0,Pass
l3130.txm,68.9394,752.0,754.0,133.0,0.0,1001.0,101.0,1183.0,9461.0,9040.0,-890.0,28.0,16646.0,19996.0,-794.0,16756.0,345.0,1.0,27358.0,51.0,Pass
l3130.txm,69.959,752.0,754.0,132.0,0.0,976.0,101.0,1182.0,9511.0,8943.0,-1371.0,29.0,16289.0,20128.0,-727.0,16792.0,341.0,0.0,27286.0,50.0,Pass
l3130.txm,70.9785,752.0,754.0,135.0,0.0,919.0,100.0,1177.0,9414.0,9048.0,-1353.0,30.0,16453.0,20122.0,-413.0,16494.0,347.0,0.0,27078.0,50.0,Pass
l3130.txm,72.0,752.0,755.0,134.0,0.0,883.0,100.0,1183.0,9503.0,8995.0,-1337.0,30.0,16035.0,20350.0,-707.0,16874.0,349.0,0.0,27030.0,50.0,Pass
l3130.txm,73.0195,751.0,753.0,134.0,0.0,877.0,100.0,1180.0,9453.0,9087.0,-396.0,28.0,16296.0,20432.0,-761.0,16876.0,351.0,0.0,27126.0,50.0,Pass
l3130.txm,74.0391,752.0,753.0,133.0,0.0,888.0,100.0,1186.0,9449.0,9126.0,185.0,28.0,16599.0,20314.0,754.0,16226.0,343.0,0.0,27200.0,50.0,Pass
l3130.txm,75.0586,752.0,753.0,134.0,0.0,1017.0,101.0,1196.0,9542.0,9048.0,428.0,26.0,16691.0,20114.0,788.0,16466.0,350.0,0.0,27514.0,50.0,Pass
l3130.txm,76.0801,752.0,753.0,132.0,0.0,1137.0,101.0,1189.0,9542.0,9065.0,1396.0,25.0,16670.0,20146.0,32.0,16056.0,351.0,0.0,27468.0,50.0,Pass
l3130.txm,77.0996,752.0,753.0,134.0,0.0,1300.0,101.0,1184.0,9446.0,9053.0,486.0,25.0,16610.0,19960.0,-62.0,15898.0,357.0,0.0,27672.0,51.0,Pass
l3130.txm,78.1445,751.0,754.0,135.0,0.0,1489.0,101.0,1188.0,9527.0,9005.0,-1079.0,25.0,17103.0,19462.0,80.0,16002.0,360.0,1.0,27846.0,51.0,Pass
l3130.txm,79.1602,752.0,754.0,134.0,1.0,1634.0,100.0,1183.0,9567.0,9013.0,1158.0,26.0,16159.0,19392.0,494.0,16358.0,350.0,1.0,27878.0,51.0,Pass
l3130.txm,80.1797,752.0,752.0,134.0,0.0,1646.0,100.0,1191.0,9540.0,8946.0,-236.0,25.0,17069.0,19278.0,11.0,16496.0,350.0,0.0,27884.0,51.0,Pass
l3130.txm,81.1992,752.0,753.0,132.0,0.0,1664.0,101.0,1179.0,9443.0,9020.0,1165.0,26.0,16137.0,19032.0,18.0,16574.0,347.0,0.0,28018.0,51.0,Pass
l3130.txm,82.2187,751.0,753.0,135.0,0.0,1658.0,100.0,1187.0,9505.0,9023.0,-19.0,24.0,17040.0,19114.0,13.0,16598.0,347.0,0.0,27904.0,51.0,Pass
l3130.txm,83.2422,752.0,753.0,135.0,1.0,1669.0,101.0,1183.0,9475.0,8916.0,515.0,26.0,16355.0,19308.0,-460.0,16578.0,345.0,0.0,27874.0,51.0,Pass
l3130.txm,84.2617,752.0,753.0,134.0,0.0,1667.0,100.0,1186.0,9459.0,9015.0,30.0,24.0,16881.0,19338.0,-91.0,16320.0,350.0,1.0,27930.0,51.0,Pass
l3130.txm,85.3047,752.0,754.0,133.0,0.0,1677.0,100.0,1191.0,9583.0,8943.0,29.0,24.0,17102.0,19260.0,292.0,16462.0,345.0,0.0,27882.0,51.0,Pass
l3130.txm,86.2988,751.0,753.0,134.0,0.0,1676.0,100.0,1184.0,9444.0,8929.0,-416.0,27.0,16445.0,19018.0,900.0,16618.0,345.0,0.0,27866.0,51.0,Pass
l3130.txm,87.3203,752.0,753.0,135.0,0.0,1675.0,101.0,1189.0,9383.0,8989.0,-732.0,26.0,16464.0,19350.0,110.0,16460.0,352.0,1.0,27822.0,51.0,Pass
l3130.txm,88.3516,752.0,753.0,135.0,0.0,1679.0,100.0,1178.0,9368.0,8967.0,-1205.0,27.0,16530.0,19352.0,-64.0,16426.0,351.0,1.0,27966.0,51.0,Pass
l3130.txm,89.3711,752.0,753.0,133.0,0.0,1691.0,101.0,1189.0,9396.0,9018.0,-75.0,26.0,17085.0,19106.0,-52.0,16480.0,342.0,0.0,27888.0,51.0,Pass
l3130.txm,90.3906,751.0,754.0,132.0,0.0,1697.0,100.0,1185.0,9458.0,8939.0,-319.0,27.0,16583.0,19202.0,-93.0,16620.0,349.0,0.0,27918.0,51.0,Pass
l3130.txm,91.4121,753.0,753.0,132.0,0.0,1691.0,100.0,1189.0,9415.0,8986.0,-93.0,26.0,16581.0,19400.0,-270.0,16482.0,348.0,1.0,27892.0,51.0,Pass
l3130.txm,92.4316,752.0,753.0,135.0,0.0,1694.0,100.0,1181.0,9450.0,8936.0,-987.0,26.0,16871.0,19114.0,-319.0,16476.0,348.0,0.0,27888.0,51.0,Pass
l3130.txm,93.4512,752.0,752.0,133.0,0.0,1700.0,101.0,1190.0,9403.0,8953.0,-492.0,26.0,16826.0,18988.0,-360.0,16482.0,351.0,0.0,27934.0,51.0,Pass
l3130.txm,94.4707,752.0,753.0,133.0,0.0,1697.0,100.0,1178.0,9449.0,8918.0,-855.0,27.0,16514.0,19390.0,136.0,16502.0,350.0,0.0,27882.0,51.0,Pass
l3130.txm,95.4922,752.0,754.0,131.0,0.0,1703.0,100.0,1189.0,9390.0,8985.0,-211.0,26.0,16685.0,19300.0,-308.0,16606.0,347.0,0.0,27998.0,51.0,Pass
l3130.txm,96.5117,752.0,753.0,135.0,0.0,1697.0,101.0,1181.0,9420.0,8919.0,-1591.0,27.0,16231.0,19014.0,-271.0,16630.0,347.0,1.0,27920.0,51.0,Pass
l3130.txm,97.5547,752.0,754.0,133.0,0.0,1702.0,100.0,1189.0,9398.0,9004.0,-320.0,26.0,16793.0,19338.0,36.0,16530.0,345.0,0.0,27878.0,51.0,Pass
l3130.txm,98.5508,752.0,754.0,134.0,0.0,1703.0,101.0,1180.0,9444.0,8916.0,-1034.0,27.0,16383.0,19068.0,-280.0,16582.0,343.0,0.0,27916.0,51.0,Pass
l3130.txm,99.5723,751.0,753.0,135.0,0.0,1704.0,100.0,1188.0,9479.0,8916.0,-347.0,26.0,17038.0,19390.0,-24.0,16610.0,350.0,1.0,27910.0,51.0,Pass
l3130.txm,100.592,752.0,752.0,132.0,0.0,1712.0,101.0,1183.0,9447.0,8917.0,-568.0,26.0,16563.0,19334.0,-426.0,16382.0,347.0,0.0,27884.0,51.0,Pass
l3130.txm,101.611,752.0,754.0,132.0,0.0,1706.0,101.0,1183.0,9380.0,8980.0,-523.0,26.0,16631.0,19074.0,-553.0,16496.0,349.0,0.0,27844.0,51.0,Pass
l3130.txm,102.631,752.0,752.0,135.0,0.0,1713.0,100.0,1185.0,9436.0,8906.0,-121.0,26.0,16810.0,18978.0,-19.0,16386.0,353.0,1.0,27926.0,51.0,Pass
l3130.txm,103.652,751.0,752.0,134.0,0.0,1709.0,102.0,1185.0,9469.0,8940.0,-388.0,26.0,16794.0,19046.0,58.0,16430.0,355.0,0.0,27896.0,51.0,Pass
l3130.txm,104.672,752.0,753.0,133.0,0.0,1708.0,102.0,1185.0,9386.0,8966.0,-368.0,26.0,16633.0,19208.0,95.0,16492.0,351.0,0.0,27956.0,51.0,Pass
l3130.txm,105.691,752.0,753.0,132.0,0.0,1714.0,101.0,1187.0,9379.0,8981.0,-520.0,27.0,16548.0,19316.0,-494.0,16622.0,353.0,0.0,27934.0,51.0,Pass
l3130.txm,106.711,752.0,754.0,132.0,0.0,1711.0,100.0,1183.0,9400.0,8983.0,-674.0,26.0,16491.0,19350.0,59.0,16670.0,345.0,0.0,27978.0,51.0,Pass
l3130.txm,107.732,752.0,753.0,134.0,0.0,1712.0,101.0,1186.0,9437.0,8941.0,-597.0,27.0,16574.0,19436.0,328.0,16600.0,347.0,1.0,27956.0,51.0,Pass
l3130.txm,108.752,752.0,754.0,132.0,0.0,1705.0,101.0,1183.0,9391.0,8993.0,-639.0,26.0,16648.0,19202.0,101.0,16504.0,351.0,0.0,27824.0,51.0,Pass
l3130.txm,109.799,752.0,754.0,133.0,0.0,1714.0,102.0,1185.0,9404.0,8961.0,-909.0,26.0,16717.0,19342.0,-307.0,16564.0,358.0,0.0,27904.0,51.0,Pass
l3131.txm,56.7109,752.0,753.0,133.0,0.0,1300.0,100.0,1228.0,9488.0,8987.0,-2054.0,29.0,15953.0,19854.0,-561.0,16234.0,346.0,0.0,27506.0,49.0,Pass
l3131.txm,57.7363,752.0,754.0,132.0,0.0,1133.0,101.0,1239.0,9510.0,9045.0,-1049.0,28.0,16502.0,19940.0,-643.0,16498.0,354.0,0.0,27374.0,50.0,Pass
l3131.txm,58.748,752.0,752.0,134.0,0.0,1116.0,100.0,1203.0,9543.0,9048.0,254.0,26.0,16867.0,19930.0,-524.0,16618.0,346.0,0.0,27380.0,50.0,Pass
l3131.txm,59.7715,752.0,754.0,133.0,0.0,1105.0,101.0,1179.0,9493.0,9004.0,-7.0,27.0,16396.0,19930.0,-418.0,16666.0,352.0,0.0,27376.0,51.0,Pass
l3131.txm,60.7871,752.0,752.0,135.0,0.0,1092.0,101.0,1184.0,9447.0,9053.0,-221.0,27.0,16717.0,19930.0,-831.0,16676.0,345.0,0.0,27356.0,50.0,Pass
l3131.txm,61.8105,752.0,754.0,134.0,0.0,1079.0,101.0,1185.0,9442.0,9058.0,-469.0,28.0,16589.0,19988.0,-521.0,16566.0,353.0,0.0,27358.0,50.0,Pass
l3131.txm,62.8262,752.0,754.0,135.0,0.0,1070.0,101.0,1184.0,9523.0,9022.0,-877.0,28.0,16613.0,19972.0,-609.0,16618.0,342.0,0.0,27362.0,50.0,Pass
l3131.txm,63.875,752.0,754.0,135.0,0.0,1059.0,100.0,1185.0,9473.0,8998.0,-669.0,28.0,16468.0,19970.0,-563.0,16480.0,347.0,0.0,27364.0,50.0,Pass
l3131.txm,64.8984,752.0,754.0,132.0,0.0,1052.0,101.0,1184.0,9470.0,9050.0,-608.0,28.0,16511.0,19978.0,-554.0,16756.0,352.0,0.0,27366.0,50.0,Pass
l3131.txm,65.9199,752.0,753.0,132.0,0.0,1050.0,101.0,1191.0,9454.0,9040.0,-1053.0,27.0,16574.0,20114.0,-452.0,16660.0,345.0,0.0,27330.0,50.0,Pass
l3131.txm,66.9395,752.0,754.0,134.0,0.0,1023.0,100.0,1184.0,9537.0,8966.0,-684.0,27.0,16876.0,20018.0,-268.0,16334.0,355.0,1.0,27316.0,51.0,Pass
l3131.txm,67.959,752.0,754.0,135.0,0.0,992.0,100.0,1182.0,9476.0,9039.0,-1094.0,27.0,16601.0,19990.0,-333.0,16436.0,345.0,0.0,27382.0,51.0,Pass
l3131.txm,68.9785,752.0,753.0,134.0,0.0,949.0,100.0,1177.0,9450.0,9061.0,-1503.0,29.0,16483.0,20080.0,18.0,17028.0,345.0,0.0,27388.0,50.0,Pass
l3131.txm,70.0,752.0,753.0,135.0,0.0,900.0,101.0,1176.0,9472.0,9020.0,-1836.0,29.0,16209.0,20366.0,-845.0,16496.0,347.0,0.0,27102.0,50.0,Pass
l3131.txm,71.0469,752.0,753.0,132.0,0.0,883.0,100.0,1179.0,9434.0,9065.0,-2154.0,29.0,16521.0,20334.0,-485.0,16700.0,346.0,0.0,27014.0,50.0,Pass
l3131.txm,72.0391,752.0,753.0,134.0,0.0,877.0,102.0,1181.0,9511.0,9020.0,-1306.0,30.0,15740.0,20474.0,-275.0,16766.0,344.0,1.0,27026.0,50.0,Pass
l3131.txm,73.0586,751.0,754.0,132.0,0.0,912.0,101.0,1194.0,9460.0,9109.0,-899.0,29.0,16612.0,20360.0,141.0,15744.0,353.0,0.0,26978.0,50.0,Pass
l3131.txm,74.0801,752.0,753.0,131.0,0.0,1027.0,101.0,1195.0,9497.0,9019.0,-569.0,28.0,16590.0,20198.0,18.0,16582.0,351.0,0.0,27580.0,50.0,Pass
l3131.txm,75.0996,752.0,753.0,135.0,0.0,1171.0,100.0,1186.0,9546.0,9001.0,-4.0,26.0,16693.0,20086.0,540.0,15998.0,353.0,1.0,27518.0,50.0,Pass
l3131.txm,76.1191,752.0,753.0,132.0,0.0,1304.0,102.0,1188.0,9471.0,9002.0,1114.0,24.0,17502.0,19928.0,678.0,16168.0,358.0,0.0,27672.0,51.0,Pass
l3131.txm,77.1387,751.0,754.0,134.0,0.0,1500.0,101.0,1183.0,9428.0,9007.0,255.0,27.0,16663.0,19622.0,1094.0,16082.0,351.0,1.0,27894.0,51.0,Pass
l3131.txm,78.1582,752.0,754.0,134.0,0.0,1635.0,100.0,1189.0,9442.0,9040.0,383.0,26.0,16694.0,19176.0,-59.0,16592.0,359.0,0.0,27892.0,51.0,Pass
l3131.txm,79.1797,752.0,753.0,131.0,0.0,1642.0,101.0,1188.0,9427.0,9012.0,974.0,26.0,16746.0,19216.0,510.0,16420.0,358.0,0.0,27990.0,51.0,Pass
l3131.txm,80.1992,752.0,754.0,135.0,0.0,1646.0,100.0,1183.0,9397.0,8981.0,518.0,26.0,17103.0,19436.0,326.0,16502.0,358.0,0.0,27908.0,51.0,Pass
l3131.txm,81.2187,752.0,754.0,132.0,0.0,1655.0,101.0,1187.0,9427.0,9012.0,939.0,26.0,16783.0,19246.0,-22.0,16632.0,346.0,0.0,27910.0,51.0,Pass
l3131.txm,82.2363,752.0,752.0,133.0,0.0,1654.0,100.0,1184.0,9373.0,9027.0,561.0,26.0,16366.0,19186.0,99.0,16330.0,353.0,0.0,27918.0,51.0,Pass
l3131.txm,83.2832,752.0,753.0,131.0,0.0,1659.0,100.0,1185.0,9442.0,8975.0,382.0,26.0,16795.0,19312.0,382.0,16326.0,342.0,0.0,27868.0,51.0,Pass
l3131.txm,84.2773,752.0,753.0,132.0,0.0,1660.0,100.0,1185.0,9391.0,9044.0,504.0,26.0,16684.0,19106.0,428.0,16508.0,348.0,0.0,28006.0,51.0,Pass
l3131.txm,85.2969,751.0,752.0,132.0,0.0,1666.0,101.0,1185.0,9388.0,9018.0,726.0,26.0,16732.0,19180.0,44.0,16394.0,358.0,0.0,27798.0,51.0,Pass
l3131.txm,86.3164,751.0,753.0,134.0,0.0,1674.0,102.0,1185.0,9460.0,8977.0,597.0,26.0,16655.0,19358.0,-315.0,16560.0,348.0,0.0,27886.0,51.0,Pass
l3131.txm,87.3379,752.0,754.0,134.0,0.0,1675.0,101.0,1185.0,9406.0,9056.0,928.0,25.0,16315.0,19156.0,-290.0,16608.0,347.0,0.0,27908.0,51.0,Pass
l3131.txm,88.3809,752.0,752.0,133.0,0.0,1680.0,102.0,1185.0,9417.0,9040.0,589.0,26.0,16581.0,19438.0,86.0,16584.0,346.0,0.0,27864.0,51.0,Pass
l3131.txm,89.4062,752.0,754.0,134.0,0.0,1687.0,102.0,1185.0,9445.0,8992.0,642.0,26.0,16650.0,19188.0,159.0,16676.0,346.0,0.0,27872.0,51.0,Pass
l3131.txm,90.4277,752.0,753.0,133.0,0.0,1686.0,101.0,1185.0,9409.0,9050.0,593.0,26.0,16958.0,19088.0,73.0,16428.0,351.0,1.0,27998.0,51.0,Pass
l3131.txm,91.4473,752.0,754.0,132.0,0.0,1685.0,100.0,1184.0,9398.0,9054.0,1007.0,26.0,16395.0,19084.0,111.0,16628.0,345.0,0.0,27956.0,51.0,Pass
l3131.txm,92.4668,752.0,753.0,133.0,0.0,1686.0,101.0,1185.0,9382.0,8979.0,83.0,25.0,16449.0,19300.0,-373.0,16544.0,347.0,0.0,27864.0,51.0,Pass
l3131.txm,93.4863,752.0,753.0,134.0,0.0,1694.0,100.0,1185.0,9413.0,9005.0,230.0,26.0,16656.0,19058.0,32.0,16704.0,349.0,0.0,27862.0,51.0,Pass
l3131.txm,94.5078,752.0,753.0,132.0,0.0,1689.0,100.0,1183.0,9421.0,8992.0,599.0,26.0,16432.0,19300.0,82.0,16462.0,355.0,0.0,27876.0,51.0,Pass
l3131.txm,95.5527,752.0,753.0,133.0,0.0,1693.0,100.0,1186.0,9370.0,9040.0,464.0,26.0,16547.0,19270.0,614.0,16480.0,357.0,1.0,27802.0,51.0,Pass
l3131.txm,96.5469,752.0,753.0,134.0,0.0,1699.0,100.0,1186.0,9398.0,9038.0,-40.0,26.0,16631.0,19168.0,47.0,16420.0,355.0,0.0,27878.0,51.0,Pass
l3131.txm,97.5664,752.0,753.0,132.0,0.0,1694.0,101.0,1183.0,9421.0,8971.0,395.0,26.0,16477.0,19420.0,-511.0,16540.0,343.0,0.0,27892.0,51.0,Pass
l3131.txm,98.5879,752.0,752.0,133.0,0.0,1695.0,101.0,1184.0,9472.0,8950.0,697.0,26.0,16640.0,19008.0,-320.0,16578.0,346.0,0.0,27958.0,51.0,Pass
l3131.txm,99.6074,752.0,754.0,133.0,0.0,1701.0,101.0,1187.0,9479.0,8947.0,751.0,26.0,16469.0,19254.0,118.0,16612.0,345.0,0.0,28000.0,51.0,Pass
l3131.txm,100.627,751.0,754.0,132.0,0.0,1699.0,100.0,1185.0,9478.0,8945.0,758.0,25.0,16640.0,18990.0,111.0,16628.0,352.0,0.0,27866.0,51.0,Pass
l3131.txm,101.646,752.0,753.0,134.0,0.0,1699.0,102.0,1184.0,9436.0,8998.0,-174.0,26.0,16654.0,19026.0,-292.0,16462.0,346.0,0.0,27896.0,51.0,Pass
l3131.txm,102.668,752.0,753.0,132.0,0.0,1700.0,102.0,1183.0,9473.0,8952.0,985.0,26.0,16541.0,19076.0,154.0,16518.0,347.0,0.0,27850.0,51.0,Pass
l3131.txm,103.688,751.0,753.0,134.0,0.0,1701.0,101.0,1184.0,9474.0,8998.0,1218.0,25.0,16430.0,19020.0,60.0,16600.0,353.0,0.0,27870.0,51.0,Pass
l3131.txm,104.707,752.0,752.0,132.0,0.0,1703.0,101.0,1183.0,9445.0,8966.0,622.0,25.0,16610.0,19336.0,-460.0,16478.0,349.0,0.0,27868.0,51.0,Pass
l3131.txm,105.727,752.0,754.0,131.0,0.0,1701.0,101.0,1184.0,9400.0,9012.0,806.0,26.0,17002.0,19018.0,-511.0,16606.0,347.0,0.0,27878.0,51.0,Pass
l3131.txm,106.748,752.0,754.0,132.0,0.0,1703.0,100.0,1187.0,9446.0,8957.0,262.0,25.0,16708.0,19364.0,125.0,16552.0,346.0,0.0,27876.0,51.0,Pass
l3131.txm,107.793,751.0,752.0,133.0,0.0,1705.0,102.0,1186.0,9454.0,8949.0,886.0,26.0,16386.0,19008.0,-90.0,16636.0,347.0,0.0,27876.0,51.0,Pass
l3131.txm,108.787,752.0,753.0,132.0,0.0,1705.0,102.0,1185.0,9477.0,8962.0,967.0,26.0,16319.0,19044.0,158.0,16674.0,346.0,1.0,27898.0,51.0,Pass
l3131.txm,109.807,752.0,753.0,135.0,0.0,1699.0,101.0,1183.0,9404.0,8990.0,415.0,26.0,16558.0,19412.0,252.0,16656.0,346.0,0.0,27842.0,51.0,Pass
l3132.txm,58.1934,752.0,754.0,134.0,0.0,1468.0,101.0,1190.0,9446.0,9023.0,-1452.0,28.0,16202.0,19758.0,-529.0,16482.0,348.0,0.0,27564.0,50.0,Pass
l3132.txm,59.2129,752.0,754.0,134.0,0.0,1184.0,100.0,1253.0,9505.0,8969.0,-1553.0,28.0,16218.0,19848.0,578.0,16784.0,352.0,0.0,27546.0,49.0,Pass
l3132.txm,60.2519,752.0,754.0,134.0,0.0,1122.0,100.0,1222.0,9469.0,9022.0,-1237.0,28.0,16336.0,19950.0,144.0,16430.0,357.0,0.0,27350.0,50.0,Pass
l3132.txm,61.2734,752.0,755.0,132.0,0.0,1108.0,101.0,1191.0,9558.0,8960.0,1273.0,27.0,16498.0,19960.0,-505.0,16580.0,356.0,0.0,27366.0,51.0,Pass
l3132.txm,62.293,752.0,753.0,134.0,0.0,1095.0,100.0,1179.0,9514.0,8977.0,-847.0,28.0,16531.0,19956.0,142.0,16502.0,347.0,0.0,27358.0,51.0,Pass
l3132.txm,63.3125,752.0,753.0,135.0,0.0,1079.0,102.0,1184.0,9525.0,8975.0,44.0,27.0,16823.0,19882.0,-903.0,16586.0,344.0,0.0,27486.0,50.0,Pass
l3132.txm,64.3535,752.0,754.0,133.0,0.0,1073.0,101.0,1186.0,9467.0,9056.0,784.0,27.0,16635.0,19982.0,-447.0,16774.0,348.0,0.0,27280.0,50.0,Pass
l3132.txm,65.373,752.0,754.0,131.0,0.0,1066.0,100.0,1186.0,9528.0,9005.0,374.0,27.0,16864.0,19978.0,-498.0,16798.0,351.0,0.0,27274.0,50.0,Pass
l3132.txm,66.3926,752.0,753.0,134.0,0.0,1058.0,100.0,1188.0,9466.0,9041.0,582.0,27.0,16960.0,20068.0,-269.0,16674.0,346.0,0.0,27400.0,50.0,Pass
l3132.txm,67.4141,752.0,754.0,132.0,0.0,1050.0,101.0,1185.0,9508.0,8991.0,-884.0,28.0,16443.0,20106.0,25.0,16522.0,347.0,0.0,27376.0,50.0,Pass
l3132.txm,68.4316,751.0,754.0,134.0,0.0,1032.0,100.0,1187.0,9530.0,8958.0,-1084.0,28.0,16506.0,20070.0,-92.0,16594.0,352.0,0.0,27296.0,50.0,Pass
l3132.txm,69.457,752.0,754.0,135.0,0.0,1011.0,102.0,1184.0,9537.0,8973.0,-978.0,27.0,16651.0,20014.0,-463.0,16756.0,346.0,0.0,27388.0,50.0,Pass
l3132.txm,70.4727,752.0,753.0,135.0,0.0,983.0,102.0,1183.0,9450.0,9050.0,-1437.0,28.0,16722.0,19986.0,-410.0,16928.0,353.0,0.0,27288.0,50.0,Pass
l3132.txm,71.5215,752.0,754.0,131.0,0.0,929.0,101.0,1176.0,9447.0,9045.0,-1048.0,29.0,16498.0,20328.0,422.0,16550.0,354.0,1.0,27072.0,50.0,Pass
l3132.txm,72.5117,752.0,753.0,133.0,0.0,891.0,102.0,1180.0,9515.0,8987.0,-1389.0,30.0,15966.0,20362.0,-2.0,16614.0,352.0,0.0,26946.0,50.0,Pass
l3132.txm,73.5371,752.0,753.0,131.0,0.0,865.0,102.0,1183.0,9449.0,9058.0,-1173.0,30.0,15797.0,20374.0,-647.0,16630.0,350.0,0.0,26982.0,50.0,Pass
l3132.txm,74.5527,751.0,752.0,134.0,0.0,875.0,101.0,1183.0,9497.0,9043.0,-1269.0,30.0,15813.0,20270.0,-602.0,16750.0,344.0,0.0,26958.0,50.0,Pass
l3132.txm,75.5742,752.0,754.0,135.0,0.0,951.0,100.0,1196.0,9480.0,9037.0,-234.0,28.0,16571.0,20368.0,1270.0,16000.0,346.0,0.0,27344.0,50.0,Pass
l3132.txm,76.5918,752.0,753.0,136.0,0.0,1078.0,100.0,1194.0,9488.0,8974.0,-1126.0,27.0,16741.0,20088.0,146.0,16582.0,343.0,0.0,27518.0,50.0,Pass
l3132.txm,77.6133,751.0,754.0,133.0,0.0,1231.0,102.0,1186.0,9507.0,9008.0,461.0,24.0,17455.0,19986.0,762.0,16390.0,346.0,0.0,27500.0,51.0,Pass
l3132.txm,78.6328,752.0,753.0,132.0,0.0,1406.0,100.0,1187.0,9374.0,8999.0,26.0,27.0,16577.0,19906.0,622.0,16322.0,345.0,0.0,27640.0,51.0,Pass
l3132.txm,79.6523,751.0,754.0,134.0,0.0,1597.0,100.0,1186.0,9415.0,9003.0,214.0,26.0,16552.0,19368.0,96.0,16270.0,353.0,0.0,27858.0,51.0,Pass
l3132.txm,80.6719,752.0,753.0,133.0,0.0,1637.0,100.0,1186.0,9435.0,9013.0,358.0,26.0,16601.0,19170.0,53.0,16490.0,345.0,0.0,27882.0,51.0,Pass
l3132.txm,81.6934,752.0,753.0,134.0,0.0,1642.0,102.0,1185.0,9470.0,8961.0,440.0,25.0,16638.0,19310.0,-46.0,16442.0,347.0,0.0,27864.0,51.0,Pass
l3132.txm,82.7129,752.0,753.0,134.0,0.0,1650.0,101.0,1184.0,9396.0,9085.0,482.0,25.0,16911.0,19250.0,562.0,16656.0,346.0,0.0,27886.0,51.0,Pass
l3132.txm,83.7578,752.0,754.0,133.0,0.0,1652.0,101.0,1187.0,9449.0,8962.0,454.0,26.0,16561.0,19108.0,562.0,16596.0,356.0,0.0,27890.0,51.0,Pass
l3132.txm,84.7519,752.0,755.0,133.0,0.0,1658.0,100.0,1186.0,9375.0,9079.0,537.0,26.0,16642.0,19158.0,128.0,16574.0,350.0,0.0,27892.0,51.0,Pass
l3132.txm,85.7734,751.0,754.0,134.0,0.0,1662.0,101.0,1186.0,9412.0,9035.0,294.0,26.0,16515.0,19212.0,510.0,16386.0,357.0,0.0,27890.0,51.0,Pass
l3132.txm,86.793,752.0,753.0,132.0,0.0,1661.0,101.0,1183.0,9468.0,8978.0,713.0,26.0,16700.0,19124.0,-61.0,16476.0,342.0,0.0,27880.0,51.0,Pass
l3132.txm,87.8125,752.0,754.0,133.0,0.0,1668.0,100.0,1185.0,9396.0,9038.0,296.0,26.0,16611.0,19354.0,57.0,16394.0,350.0,0.0,27922.0,51.0,Pass
l3132.txm,88.832,752.0,754.0,136.0,0.0,1674.0,100.0,1186.0,9458.0,8979.0,140.0,26.0,16880.0,19356.0,-94.0,16544.0,346.0,0.0,27926.0,51.0,Pass
l3132.txm,89.9004,751.0,752.0,132.0,0.0,1678.0,101.0,1186.0,9389.0,8993.0,361.0,25.0,16825.0,19248.0,136.0,16572.0,352.0,0.0,27876.0,51.0,Pass
l3132.txm,90.9199,752.0,754.0,135.0,0.0,1673.0,101.0,1184.0,9473.0,8964.0,76.0,26.0,16725.0,19322.0,130.0,16322.0,348.0,0.0,27882.0,51.0,Pass
l3132.txm,91.9414,752.0,753.0,134.0,0.0,1678.0,100.0,1185.0,9464.0,8974.0,295.0,26.0,16537.0,19040.0,934.0,16388.0,351.0,0.0,27874.0,51.0,Pass
l3132.txm,92.9609,752.0,754.0,132.0,0.0,1676.0,102.0,1184.0,9429.0,8979.0,658.0,26.0,16693.0,19394.0,286.0,16328.0,349.0,0.0,28004.0,51.0,Pass
l3132.txm,93.9824,752.0,754.0,134.0,0.0,1679.0,101.0,1184.0,9376.0,8988.0,739.0,26.0,16453.0,19244.0,103.0,16346.0,349.0,0.0,28010.0,51.0,Pass
l3132.txm,95.0,752.0,752.0,134.0,0.0,1687.0,100.0,1186.0,9468.0,8962.0,599.0,26.0,16554.0,19062.0,51.0,16494.0,346.0,0.0,27886.0,51.0,Pass
l3132.txm,96.0488,752.0,753.0,133.0,0.0,1688.0,102.0,1185.0,9430.0,8976.0,534.0,26.0,16372.0,19002.0,12.0,16564.0,344.0,0.0,27928.0,51.0,Pass
l3132.txm,97.043,752.0,755.0,135.0,0.0,1692.0,100.0,1188.0,9396.0,9006.0,270.0,26.0,16763.0,19244.0,148.0,16302.0,350.0,0.0,27878.0,51.0,Pass
l3132.txm,98.0625,752.0,754.0,132.0,0.0,1688.0,101.0,1185.0,9385.0,9008.0,419.0,26.0,16624.0,19274.0,-52.0,16348.0,353.0,0.0,27822.0,51.0,Pass
l3132.txm,99.084,752.0,751.0,131.0,0.0,1693.0,100.0,1185.0,9390.0,9050.0,818.0,26.0,16652.0,19102.0,13.0,16440.0,351.0,0.0,27910.0,51.0,Pass
l3132.txm,100.105,752.0,752.0,134.0,0.0,1693.0,102.0,1184.0,9452.0,8974.0,629.0,25.0,16377.0,19254.0,-267.0,16450.0,350.0,0.0,27792.0,51.0,Pass
l3132.txm,101.125,752.0,754.0,133.0,0.0,1693.0,101.0,1186.0,9388.0,9018.0,570.0,26.0,16582.0,19278.0,-414.0,16472.0,349.0,0.0,27886.0,51.0,Pass
l3132.txm,102.143,752.0,753.0,133.0,0.0,1696.0,100.0,1188.0,9452.0,8955.0,795.0,26.0,16826.0,19190.0,-91.0,16502.0,342.0,0.0,27932.0,51.0,Pass
l3132.txm,103.162,752.0,753.0,133.0,0.0,1695.0,102.0,1187.0,9442.0,8969.0,1148.0,26.0,16523.0,19218.0,156.0,16470.0,345.0,0.0,27962.0,51.0,Pass
l3132.txm,104.182,751.0,753.0,134.0,0.0,1693.0,100.0,1183.0,9458.0,8939.0,-346.0,26.0,16669.0,19336.0,348.0,16324.0,351.0,0.0,27926.0,51.0,Pass
l3132.txm,105.203,752.0,755.0,133.0,0.0,1693.0,101.0,1186.0,9428.0,8941.0,621.0,26.0,16565.0,19126.0,23.0,16534.0,349.0,0.0,27900.0,51.0,Pass
l3132.txm,106.225,752.0,753.0,133.0,0.0,1698.0,100.0,1185.0,9374.0,8987.0,441.0,26.0,16634.0,19444.0,920.0,16548.0,345.0,1.0,27920.0,51.0,Pass
l3132.txm,107.242,751.0,752.0,134.0,0.0,1697.0,102.0,1186.0,9473.0,8940.0,340.0,26.0,16533.0,19278.0,133.0,16552.0,349.0,0.0,27910.0,51.0,Pass
l3132.txm,108.289,752.0,754.0,132.0,0.0,1695.0,101.0,1184.0,9436.0,8990.0,1186.0,26.0,16778.0,19136.0,566.0,16508.0,355.0,1.0,27900.0,51.0,Pass
l3132.txm,109.285,752.0,754.0,132.0,0.0,1697.0,100.0,1185.0,9381.0,8986.0,917.0,26.0,16465.0,19338.0,120.0,16514.0,353.0,0.0,27890.0,51.0,Pass
l3132.txm,110.303,752.0,753.0,134.0,0.0,1697.0,101.0,1185.0,9406.0,8998.0,324.0,26.0,16541.0,19254.0,87.0,16562.0,346.0,0.0,27926.0,51.0,Pass
l3132.txm,111.322,752.0,754.0,132.0,0.0,1696.0,100.0,1185.0,9451.0,8975.0,464.0,26.0,16751.0,19410.0,66.0,16260.0,350.0,0.0,28016.0,51.0,Pass
l3133.txm,55.6504,752.0,754.0,133.0,0.0,1365.0,100.0,1188.0,9446.0,9013.0,-764.0,29.0,16180.0,19782.0,-418.0,17130.0,343.0,0.0,27498.0,50.0,Pass
l3133.txm,56.6699,752.0,753.0,134.0,0.0,1154.0,100.0,1256.0,9446.0,9024.0,-1316.0,29.0,16199.0,19920.0,19.0,16386.0,352.0,0.0,27306.0,49.0,Pass
l3133.txm,57.6914,752.0,753.0,132.0,0.0,1108.0,101.0,1220.0,9503.0,8999.0,-468.0,28.0,16549.0,20082.0,44.0,16534.0,345.0,0.0,27314.0,50.0,Pass
l3133.txm,58.7109,752.0,754.0,134.0,0.0,1099.0,100.0,1189.0,9490.0,8999.0,-646.0,28.0,16409.0,19978.0,-41.0,16626.0,348.0,0.0,27490.0,51.0,Pass
l3133.txm,59.7305,752.0,754.0,135.0,0.0,1090.0,101.0,1180.0,9457.0,9044.0,-816.0,28.0,16628.0,19978.0,-342.0,16442.0,354.0,0.0,27362.0,51.0,Pass
l3133.txm,60.75,752.0,753.0,134.0,0.0,1078.0,101.0,1188.0,9512.0,8988.0,-892.0,28.0,16747.0,19980.0,-460.0,16576.0,353.0,0.0,27358.0,50.0,Pass
l3133.txm,61.7715,751.0,754.0,135.0,0.0,1071.0,100.0,1183.0,9468.0,9000.0,-1007.0,28.0,16470.0,19974.0,138.0,16564.0,353.0,0.0,27478.0,51.0,Pass
l3133.txm,62.791,751.0,753.0,132.0,0.0,1059.0,101.0,1183.0,9449.0,8997.0,-467.0,28.0,16889.0,19980.0,-509.0,16598.0,345.0,0.0,27418.0,50.0,Pass
l3133.txm,63.8105,752.0,754.0,135.0,0.0,1059.0,102.0,1187.0,9492.0,8989.0,-1081.0,28.0,16975.0,19978.0,-599.0,16868.0,348.0,0.0,27346.0,50.0,Pass
l3133.txm,64.8301,752.0,753.0,131.0,0.0,1046.0,100.0,1187.0,9446.0,9040.0,-956.0,27.0,16761.0,19984.0,-959.0,16698.0,349.0,0.0,27358.0,50.0,Pass
l3133.txm,65.8516,752.0,754.0,135.0,0.0,1032.0,100.0,1183.0,9471.0,9048.0,-1175.0,28.0,16713.0,19912.0,-739.0,16880.0,351.0,0.0,27320.0,51.0,Pass
l3133.txm,66.8965,753.0,753.0,133.0,0.0,1001.0,102.0,1186.0,9513.0,8980.0,-1710.0,28.0,16586.0,19990.0,132.0,16570.0,349.0,0.0,27268.0,50.0,Pass
l3133.txm,67.9219,752.0,753.0,133.0,0.0,965.0,100.0,1181.0,9448.0,9058.0,-2235.0,28.0,16554.0,20028.0,-337.0,17080.0,347.0,0.0,27246.0,50.0,Pass
l3133.txm,68.9414,752.0,753.0,133.0,0.0,914.0,102.0,1180.0,9435.0,9060.0,-1322.0,29.0,16109.0,19976.0,157.0,16662.0,361.0,0.0,27114.0,50.0,Pass
l3133.txm,69.9609,752.0,754.0,136.0,0.0,884.0,101.0,1182.0,9416.0,9092.0,-1883.0,30.0,16387.0,20438.0,-80.0,16558.0,358.0,0.0,27096.0,50.0,Pass
l3133.txm,70.9805,752.0,754.0,132.0,0.0,868.0,100.0,1183.0,9430.0,9086.0,-1230.0,30.0,16096.0,20338.0,-704.0,16472.0,347.0,0.0,27022.0,50.0,Pass
l3133.txm,72.0,751.0,753.0,132.0,0.0,872.0,100.0,1187.0,9460.0,9069.0,-542.0,29.0,16194.0,20362.0,-45.0,16254.0,349.0,0.0,26950.0,50.0,Pass
l3133.txm,73.0234,752.0,752.0,134.0,0.0,985.0,101.0,1191.0,9439.0,9069.0,-614.0,29.0,16247.0,19970.0,81.0,16568.0,355.0,0.0,27308.0,50.0,Pass
l3133.txm,74.043,752.0,753.0,132.0,0.0,1120.0,100.0,1189.0,9582.0,9010.0,1200.0,25.0,16793.0,19988.0,27.0,16372.0,350.0,1.0,27640.0,50.0,Pass
l3133.txm,75.0625,752.0,753.0,135.0,0.0,1259.0,101.0,1186.0,9577.0,9011.0,575.0,24.0,17367.0,19844.0,-13.0,16252.0,348.0,0.0,27634.0,51.0,Pass
l3133.txm,76.082,752.0,754.0,133.0,0.0,1446.0,101.0,1183.0,9433.0,9010.0,887.0,25.0,16755.0,19562.0,6.0,16124.0,349.0,0.0,27844.0,51.0,Pass
l3133.txm,77.1035,752.0,753.0,132.0,0.0,1616.0,101.0,1188.0,9393.0,8995.0,407.0,25.0,16711.0,19206.0,-367.0,16686.0,343.0,0.0,27968.0,51.0,Pass
l3133.txm,78.123,752.0,753.0,135.0,0.0,1637.0,100.0,1182.0,9477.0,8974.0,225.0,25.0,16862.0,19442.0,-352.0,16582.0,349.0,0.0,27926.0,51.0,Pass
l3133.txm,79.1699,751.0,753.0,133.0,0.0,1642.0,102.0,1184.0,9418.0,9049.0,848.0,25.0,16956.0,19410.0,582.0,16532.0,342.0,0.0,27864.0,51.0,Pass
l3133.txm,80.1934,752.0,754.0,134.0,0.0,1648.0,101.0,1185.0,9489.0,8967.0,268.0,25.0,16950.0,19120.0,822.0,16570.0,355.0,0.0,27888.0,51.0,Pass
l3133.txm,81.2109,752.0,753.0,135.0,0.0,1653.0,100.0,1187.0,9462.0,9004.0,654.0,26.0,17104.0,19090.0,24.0,16436.0,350.0,1.0,27982.0,51.0,Pass
l3133.txm,82.2519,752.0,753.0,132.0,0.0,1658.0,101.0,1187.0,9409.0,9001.0,365.0,25.0,17237.0,19204.0,-264.0,16566.0,350.0,0.0,27974.0,51.0,Pass
l3133.txm,83.2715,752.0,752.0,132.0,0.0,1658.0,102.0,1184.0,9486.0,9003.0,634.0,24.0,16713.0,19046.0,458.0,16396.0,344.0,1.0,27934.0,51.0,Pass
l3133.txm,84.291,752.0,753.0,131.0,0.0,1667.0,102.0,1184.0,9454.0,9018.0,1114.0,25.0,16636.0,19446.0,-459.0,16528.0,348.0,0.0,28002.0,51.0,Pass
l3133.txm,85.3125,752.0,753.0,132.0,0.0,1677.0,100.0,1186.0,9496.0,8968.0,500.0,25.0,16866.0,19198.0,994.0,16644.0,346.0,0.0,27900.0,51.0,Pass
l3133.txm,86.3594,751.0,753.0,133.0,0.0,1670.0,100.0,1186.0,9413.0,9038.0,627.0,25.0,16555.0,19082.0,798.0,16394.0,351.0,0.0,27920.0,51.0,Pass
l3133.txm,87.3516,752.0,754.0,131.0,0.0,1670.0,101.0,1184.0,9482.0,8954.0,1114.0,25.0,16802.0,19418.0,110.0,16498.0,358.0,0.0,27882.0,51.0,Pass
l3133.txm,88.373,751.0,753.0,133.0,0.0,1679.0,100.0,1185.0,9478.0,8987.0,537.0,25.0,16850.0,19142.0,49.0,16424.0,352.0,0.0,27930.0,51.0,Pass
l3133.txm,89.4219,751.0,752.0,132.0,0.0,1680.0,100.0,1183.0,9430.0,9050.0,712.0,25.0,16920.0,19322.0,134.0,16448.0,350.0,0.0,27924.0,51.0,Pass
l3133.txm,90.4434,752.0,753.0,132.0,0.0,1691.0,100.0,1184.0,9493.0,8959.0,968.0,25.0,16557.0,19372.0,136.0,16654.0,348.0,0.0,27894.0,51.0,Pass
l3133.txm,91.4629,752.0,754.0,132.0,0.0,1687.0,100.0,1184.0,9395.0,9029.0,1101.0,25.0,16665.0,19356.0,115.0,16612.0,348.0,0.0,27906.0,51.0,Pass
l3133.txm,92.4824,752.0,754.0,134.0,0.0,1685.0,102.0,1182.0,9443.0,9003.0,199.0,25.0,16765.0,19290.0,-92.0,16812.0,353.0,1.0,27820.0,51.0,Pass
l3133.txm,93.5019,752.0,753.0,134.0,0.0,1690.0,101.0,1182.0,9475.0,8979.0,432.0,25.0,17036.0,19194.0,83.0,16660.0,349.0,0.0,27852.0,51.0,Pass
l3133.txm,94.5234,752.0,753.0,132.0,0.0,1693.0,101.0,1185.0,9499.0,8968.0,812.0,25.0,16849.0,19274.0,-373.0,16670.0,349.0,0.0,27860.0,51.0,Pass
l3133.txm,95.543,752.0,754.0,132.0,0.0,1698.0,100.0,1186.0,9446.0,9008.0,687.0,25.0,16764.0,19370.0,-31.0,16674.0,350.0,1.0,27914.0,51.0,Pass
l3133.txm,96.5625,752.0,752.0,133.0,0.0,1698.0,100.0,1186.0,9434.0,9028.0,296.0,25.0,16664.0,19356.0,444.0,16584.0,342.0,1.0,27886.0,51.0,Pass
l3133.txm,97.582,751.0,754.0,135.0,0.0,1697.0,100.0,1184.0,9457.0,8990.0,-199.0,25.0,16829.0,19430.0,132.0,16566.0,349.0,0.0,27868.0,51.0,Pass
l3133.txm,98.627,752.0,754.0,132.0,0.0,1704.0,102.0,1188.0,9449.0,9009.0,974.0,25.0,16632.0,19162.0,-631.0,16518.0,348.0,0.0,27870.0,51.0,Pass
l3133.txm,99.623,751.0,753.0,134.0,0.0,1700.0,101.0,1185.0,9451.0,8984.0,824.0,25.0,17021.0,19100.0,-404.0,16714.0,344.0,0.0,27896.0,51.0,Pass
l3133.txm,100.643,752.0,755.0,132.0,0.0,1700.0,101.0,1185.0,9472.0,9007.0,1547.0,25.0,16852.0,18958.0,-397.0,16886.0,349.0,0.0,27908.0,51.0,Pass
l3133.txm,101.662,752.0,752.0,131.0,0.0,1698.0,100.0,1184.0,9413.0,9048.0,798.0,25.0,16747.0,19084.0,336.0,16690.0,345.0,0.0,27814.0,51.0,Pass
l3133.txm,102.684,752.0,753.0,133.0,0.0,1702.0,102.0,1187.0,9420.0,9007.0,417.0,25.0,16924.0,19118.0,-26.0,16638.0,346.0,0.0,27820.0,51.0,Pass
l3133.txm,103.703,752.0,753.0,131.0,0.0,1703.0,102.0,1183.0,9442.0,9038.0,953.0,25.0,16741.0,18970.0,-46.0,16540.0,349.0,0.0,27930.0,51.0,Pass
l3133.txm,104.723,752.0,753.0,134.0,0.0,1704.0,100.0,1185.0,9515.0,8963.0,525.0,25.0,16665.0,19208.0,-509.0,16518.0,353.0,0.0,27874.0,51.0,Pass
l3133.txm,105.742,752.0,753.0,132.0,0.0,1701.0,102.0,1183.0,9419.0,8995.0,653.0,25.0,16744.0,19302.0,-488.0,16840.0,346.0,0.0,27892.0,51.0,Pass
l3133.txm,106.762,752.0,753.0,133.0,0.0,1705.0,101.0,1186.0,9417.0,9048.0,251.0,25.0,16630.0,19342.0,-527.0,16650.0,348.0,0.0,27936.0,51.0,Pass
l3133.txm,107.783,752.0,753.0,133.0,0.0,1702.0,100.0,1187.0,9413.0,9025.0,239.0,25.0,16586.0,19118.0,106.0,16736.0,344.0,0.0,27936.0,51.0,Pass
l3134.txm,56.6113,751.0,754.0,135.0,0.0,1203.0,101.0,1252.0,9448.0,8991.0,-1413.0,30.0,16086.0,19886.0,-459.0,16514.0,352.0,0.0,27518.0,49.0,Pass
l3134.txm,57.6309,752.0,753.0,133.0,0.0,1125.0,101.0,1233.0,9426.0,9089.0,610.0,27.0,16515.0,19890.0,-317.0,16874.0,343.0,0.0,27508.0,50.0,Pass
l3134.txm,58.6504,752.0,754.0,136.0,0.0,1108.0,100.0,1196.0,9463.0,9004.0,6.0,29.0,16390.0,19894.0,-531.0,16776.0,350.0,0.0,27420.0,50.0,Pass
l3134.txm,59.6758,752.0,753.0,132.0,0.0,1098.0,101.0,1179.0,9483.0,8959.0,1164.0,27.0,16658.0,19966.0,-472.0,16818.0,351.0,0.0,27412.0,51.0,Pass
l3134.txm,60.6914,752.0,753.0,135.0,0.0,1084.0,100.0,1187.0,9428.0,9026.0,-1820.0,28.0,16787.0,19960.0,-257.0,16746.0,353.0,0.0,27350.0,50.0,Pass
l3134.txm,61.7129,752.0,754.0,133.0,0.0,1070.0,101.0,1189.0,9438.0,9012.0,-1196.0,28.0,16792.0,19970.0,-38.0,16620.0,352.0,0.0,27422.0,50.0,Pass
l3134.txm,62.7324,752.0,754.0,136.0,0.0,1065.0,101.0,1184.0,9480.0,9008.0,-1284.0,28.0,16612.0,19960.0,-48.0,16856.0,347.0,0.0,27352.0,50.0,Pass
l3134.txm,63.7773,752.0,754.0,132.0,0.0,1056.0,100.0,1187.0,9446.0,8990.0,-1146.0,28.0,16477.0,19972.0,-516.0,16386.0,357.0,0.0,27366.0,50.0,Pass
l3134.txm,64.7734,752.0,754.0,133.0,0.0,1050.0,100.0,1186.0,9507.0,8962.0,-1334.0,28.0,16724.0,19926.0,-740.0,16496.0,346.0,0.0,27370.0,50.0,Pass
l3134.txm,65.793,751.0,753.0,134.0,0.0,1033.0,100.0,1184.0,9436.0,9045.0,-1874.0,28.0,16683.0,19954.0,-462.0,16284.0,360.0,1.0,27380.0,50.0,Pass
l3134.txm,66.8125,752.0,755.0,131.0,0.0,1011.0,100.0,1185.0,9477.0,8995.0,-1539.0,28.0,16594.0,19946.0,-289.0,16496.0,348.0,0.0,27384.0,50.0,Pass
l3134.txm,67.832,752.0,753.0,135.0,0.0,983.0,101.0,1183.0,9457.0,9026.0,-1975.0,28.0,16418.0,20018.0,-515.0,16774.0,347.0,0.0,27386.0,50.0,Pass
l3134.txm,68.8535,752.0,754.0,133.0,0.0,942.0,100.0,1175.0,9477.0,9027.0,-682.0,29.0,16488.0,20026.0,-1126.0,16662.0,349.0,0.0,27098.0,50.0,Pass
l3134.txm,69.873,752.0,753.0,134.0,0.0,893.0,102.0,1180.0,9510.0,9009.0,-1703.0,30.0,16319.0,20208.0,-684.0,16604.0,343.0,0.0,27096.0,50.0,Pass
l3134.txm,70.8926,752.0,754.0,132.0,0.0,873.0,101.0,1183.0,9434.0,9120.0,-655.0,29.0,16217.0,20424.0,-321.0,16788.0,348.0,0.0,27010.0,50.0,Pass
l3134.txm,71.9121,752.0,753.0,132.0,0.0,867.0,100.0,1184.0,9438.0,9104.0,-354.0,30.0,16330.0,20542.0,672.0,16316.0,349.0,0.0,26932.0,50.0,Pass
l3134.txm,72.9316,752.0,753.0,132.0,0.0,929.0,100.0,1192.0,9515.0,9020.0,530.0,28.0,16380.0,20228.0,746.0,15914.0,353.0,0.0,27308.0,50.0,Pass
l3134.txm,73.9531,751.0,753.0,131.0,0.0,1066.0,102.0,1196.0,9535.0,9042.0,302.0,27.0,16365.0,20022.0,508.0,16140.0,356.0,1.0,27474.0,50.0,Pass
l3134.txm,74.9727,752.0,754.0,133.0,0.0,1222.0,101.0,1189.0,9530.0,9097.0,547.0,25.0,16749.0,20080.0,1.0,16392.0,351.0,1.0,27596.0,50.0,Pass
l3134.txm,76.0156,752.0,753.0,134.0,0.0,1353.0,101.0,1187.0,9500.0,8982.0,564.0,24.0,17252.0,19930.0,-25.0,16214.0,346.0,0.0,27764.0,51.0,Pass
l3134.txm,77.0117,752.0,754.0,131.0,0.0,1563.0,102.0,1188.0,9381.0,8989.0,222.0,27.0,16627.0,19320.0,-2.0,16426.0,346.0,0.0,27858.0,51.0,Pass
l3134.txm,78.0332,752.0,754.0,132.0,0.0,1629.0,101.0,1185.0,9387.0,9001.0,3.0,26.0,16906.0,19422.0,18.0,16454.0,347.0,1.0,27898.0,51.0,Pass
l3134.txm,79.0527,752.0,754.0,135.0,0.0,1640.0,101.0,1183.0,9481.0,8942.0,-348.0,26.0,17084.0,19054.0,156.0,16526.0,342.0,0.0,27838.0,51.0,Pass
l3134.txm,80.0723,752.0,753.0,134.0,0.0,1646.0,101.0,1187.0,9401.0,8959.0,-922.0,27.0,16591.0,19436.0,-35.0,16442.0,342.0,0.0,27926.0,51.0,Pass
l3134.txm,81.0918,752.0,754.0,133.0,0.0,1659.0,100.0,1176.0,9468.0,8963.0,116.0,26.0,16863.0,19400.0,-304.0,16648.0,348.0,0.0,27798.0,51.0,Pass
l3134.txm,82.1133,751.0,753.0,132.0,0.0,1659.0,100.0,1188.0,9455.0,8967.0,-42.0,26.0,16618.0,19430.0,1.0,16520.0,349.0,0.0,27886.0,51.0,Pass
l3134.txm,83.1562,752.0,753.0,132.0,0.0,1672.0,101.0,1180.0,9456.0,8958.0,392.0,26.0,16561.0,18990.0,-366.0,16746.0,351.0,0.0,27806.0,51.0,Pass
l3134.txm,84.1523,752.0,753.0,135.0,0.0,1660.0,102.0,1188.0,9423.0,9014.0,-569.0,26.0,16953.0,19008.0,46.0,16624.0,346.0,0.0,27886.0,51.0,Pass
l3134.txm,85.1719,752.0,753.0,132.0,0.0,1677.0,101.0,1181.0,9455.0,8924.0,741.0,28.0,15799.0,18988.0,-610.0,16852.0,348.0,0.0,27878.0,51.0,Pass
l3134.txm,86.1934,752.0,754.0,134.0,0.0,1672.0,100.0,1186.0,9438.0,8976.0,-1001.0,26.0,16941.0,19008.0,-480.0,16766.0,344.0,0.0,27924.0,51.0,Pass
l3134.txm,87.2129,751.0,753.0,131.0,0.0,1679.0,101.0,1187.0,9410.0,8981.0,212.0,26.0,16367.0,19128.0,-283.0,16498.0,350.0,1.0,27920.0,51.0,Pass
l3134.txm,88.2324,752.0,755.0,134.0,0.0,1681.0,101.0,1185.0,9425.0,9011.0,-1085.0,26.0,16847.0,19248.0,73.0,16520.0,349.0,0.0,27870.0,51.0,Pass
l3134.txm,89.252,751.0,752.0,132.0,0.0,1675.0,102.0,1185.0,9387.0,8983.0,-688.0,26.0,16493.0,19162.0,-329.0,16598.0,342.0,0.0,27880.0,51.0,Pass
l3134.txm,90.2773,752.0,753.0,132.0,0.0,1686.0,100.0,1185.0,9464.0,8965.0,299.0,26.0,16679.0,19100.0,-343.0,16662.0,350.0,0.0,27922.0,51.0,Pass
l3134.txm,91.293,752.0,753.0,135.0,0.0,1679.0,100.0,1184.0,9477.0,9014.0,-200.0,26.0,16739.0,19326.0,24.0,16756.0,350.0,0.0,27876.0,51.0,Pass
l3134.txm,92.3125,752.0,754.0,134.0,0.0,1686.0,102.0,1184.0,9462.0,8938.0,-46.0,26.0,16756.0,19184.0,710.0,16516.0,352.0,0.0,27944.0,51.0,Pass
l3134.txm,93.332,751.0,753.0,134.0,0.0,1686.0,102.0,1183.0,9467.0,8961.0,-494.0,26.0,16826.0,19188.0,111.0,16388.0,351.0,0.0,27860.0,51.0,Pass
l3134.txm,94.3535,752.0,754.0,133.0,0.0,1686.0,100.0,1185.0,9473.0,8964.0,-433.0,26.0,17005.0,19034.0,270.0,16686.0,346.0,0.0,27888.0,51.0,Pass
l3134.txm,95.3965,752.0,753.0,135.0,0.0,1693.0,101.0,1186.0,9462.0,8931.0,-182.0,26.0,16427.0,19292.0,566.0,16540.0,356.0,0.0,27940.0,51.0,Pass
l3134.txm,96.3926,752.0,753.0,135.0,0.0,1695.0,100.0,1184.0,9471.0,8928.0,-289.0,26.0,16799.0,19230.0,752.0,16584.0,353.0,0.0,27878.0,51.0,Pass
l3134.txm,97.4121,752.0,753.0,134.0,0.0,1689.0,101.0,1185.0,9475.0,8936.0,-99.0,26.0,16605.0,19084.0,552.0,16596.0,354.0,0.0,27888.0,51.0,Pass
l3134.txm,98.4316,752.0,754.0,134.0,0.0,1696.0,101.0,1184.0,9415.0,8982.0,-195.0,26.0,16668.0,18998.0,118.0,16554.0,350.0,0.0,27912.0,51.0,Pass
l3134.txm,99.4531,752.0,754.0,134.0,0.0,1695.0,100.0,1185.0,9397.0,9027.0,-319.0,26.0,16381.0,19338.0,58.0,16582.0,358.0,0.0,27864.0,51.0,Pass
l3134.txm,100.496,751.0,753.0,132.0,0.0,1699.0,100.0,1182.0,9470.0,8935.0,-339.0,26.0,16897.0,19446.0,598.0,16492.0,356.0,1.0,27864.0,51.0,Pass
l3134.txm,101.521,752.0,753.0,133.0,0.0,1697.0,100.0,1187.0,9453.0,8951.0,-460.0,26.0,16900.0,19446.0,67.0,16472.0,353.0,0.0,27882.0,51.0,Pass
l3134.txm,102.541,752.0,753.0,132.0,0.0,1703.0,102.0,1184.0,9391.0,9023.0,22.0,26.0,16598.0,19158.0,115.0,16598.0,343.0,0.0,27848.0,51.0,Pass
l3134.txm,103.561,751.0,753.0,135.0,0.0,1695.0,100.0,1183.0,9462.0,8953.0,-454.0,26.0,16507.0,19182.0,-688.0,16422.0,346.0,0.0,28004.0,51.0,Pass
l3134.txm,104.58,752.0,752.0,135.0,0.0,1695.0,100.0,1184.0,9431.0,8985.0,-645.0,26.0,16489.0,19358.0,-412.0,16464.0,350.0,1.0,27912.0,51.0,Pass
l3134.txm,105.621,752.0,753.0,134.0,0.0,1704.0,101.0,1188.0,9425.0,8990.0,233.0,26.0,16815.0,19348.0,-464.0,16574.0,343.0,1.0,27880.0,51.0,Pass
l3134.txm,106.641,752.0,753.0,132.0,0.0,1698.0,101.0,1183.0,9505.0,8922.0,699.0,26.0,16683.0,19260.0,106.0,16514.0,342.0,0.0,27886.0,51.0,Pass
l3134.txm,107.66,751.0,753.0,132.0,0.0,1701.0,102.0,1186.0,9491.0,8927.0,-226.0,26.0,16432.0,19082.0,-84.0,16542.0,349.0,0.0,27942.0,51.0,Pass
l3134.txm,108.68,752.0,754.0,132.0,0.0,1701.0,102.0,1185.0,9409.0,9022.0,-319.0,26.0,16748.0,19182.0,57.0,16642.0,353.0,0.0,27900.0,51.0,Pass
l3134.txm,109.701,752.0,754.0,132.0,0.0,1702.0,101.0,1187.0,9470.0,8940.0,-85.0,26.0,16514.0,19422.0,79.0,16492.0,350.0,1.0,27924.0,51.0,Pass
l3135.txm,56.627,751.0,753.0,133.0,0.0,1376.0,99.0,1191.0,9491.0,8968.0,-586.0,29.0,16242.0,19796.0,-568.0,16848.0,343.0,0.0,27466.0,49.0,Pass
l3135.txm,57.6465,752.0,753.0,133.0,0.0,1161.0,100.0,1254.0,9484.0,8986.0,-895.0,29.0,16080.0,19898.0,-84.0,16438.0,347.0,0.0,27496.0,49.0,Pass
l3135.txm,58.6699,751.0,753.0,135.0,0.0,1110.0,101.0,1216.0,9499.0,8997.0,-421.0,28.0,16702.0,19906.0,-276.0,16602.0,348.0,0.0,27340.0,50.0,Pass
l3135.txm,59.6875,752.0,753.0,135.0,0.0,1103.0,100.0,1186.0,9519.0,8977.0,441.0,27.0,16361.0,19982.0,-760.0,16636.0,348.0,0.0,27330.0,51.0,Pass
l3135.txm,60.707,752.0,753.0,134.0,0.0,1088.0,102.0,1177.0,9433.0,9014.0,423.0,28.0,16352.0,19980.0,-495.0,16750.0,342.0,0.0,27314.0,51.0,Pass
l3135.txm,61.7285,752.0,753.0,135.0,0.0,1081.0,101.0,1187.0,9494.0,8988.0,-256.0,28.0,16736.0,19972.0,-439.0,16774.0,351.0,0.0,27496.0,50.0,Pass
l3135.txm,62.7578,752.0,754.0,133.0,0.0,1064.0,101.0,1184.0,9510.0,8959.0,250.0,27.0,16825.0,19966.0,-594.0,16700.0,351.0,0.0,27422.0,50.0,Pass
l3135.txm,63.8027,752.0,754.0,132.0,0.0,1059.0,100.0,1182.0,9420.0,9016.0,341.0,28.0,16361.0,19986.0,-367.0,16734.0,344.0,0.0,27314.0,50.0,Pass
l3135.txm,64.7969,752.0,753.0,134.0,0.0,1048.0,101.0,1184.0,9440.0,9036.0,-482.0,28.0,16308.0,19976.0,127.0,16242.0,361.0,0.0,27366.0,50.0,Pass
l3135.txm,65.8164,751.0,753.0,135.0,0.0,1044.0,102.0,1187.0,9482.0,8996.0,-97.0,28.0,16339.0,20110.0,-411.0,16362.0,346.0,1.0,27364.0,50.0,Pass
l3135.txm,66.8379,752.0,753.0,131.0,0.0,1022.0,102.0,1183.0,9435.0,9025.0,-100.0,28.0,16304.0,20120.0,-45.0,16384.0,348.0,1.0,27354.0,50.0,Pass
l3135.txm,67.8574,752.0,754.0,133.0,0.0,999.0,101.0,1185.0,9480.0,9040.0,-1001.0,29.0,16351.0,19916.0,26.0,16694.0,348.0,0.0,27478.0,50.0,Pass
l3135.txm,68.877,752.0,753.0,133.0,0.0,959.0,100.0,1180.0,9431.0,9040.0,-1846.0,29.0,16134.0,19936.0,-712.0,16960.0,344.0,0.0,27202.0,50.0,Pass
l3135.txm,69.8965,752.0,753.0,135.0,0.0,917.0,101.0,1180.0,9514.0,9013.0,-1949.0,29.0,16422.0,20158.0,101.0,16382.0,349.0,0.0,27132.0,50.0,Pass
l3135.txm,70.918,752.0,754.0,131.0,0.0,886.0,100.0,1183.0,9422.0,9077.0,-972.0,30.0,16115.0,20280.0,-511.0,16936.0,353.0,0.0,27116.0,50.0,Pass
l3135.txm,71.9395,751.0,754.0,132.0,0.0,870.0,100.0,1181.0,9430.0,9085.0,-1216.0,31.0,15601.0,20428.0,-634.0,16744.0,348.0,0.0,26994.0,50.0,Pass
l3135.txm,72.959,752.0,754.0,131.0,0.0,879.0,100.0,1187.0,9495.0,9033.0,-598.0,29.0,15940.0,20580.0,-51.0,16156.0,350.0,0.0,27018.0,50.0,Pass
l3135.txm,73.9785,752.0,753.0,131.0,0.0,986.0,100.0,1197.0,9565.0,9035.0,1270.0,25.0,16776.0,19984.0,72.0,16718.0,343.0,0.0,27334.0,50.0,Pass
l3135.txm,75.0,752.0,754.0,132.0,0.0,1125.0,102.0,1192.0,9482.0,9087.0,1080.0,25.0,17290.0,20012.0,888.0,16162.0,349.0,0.0,27550.0,50.0,Pass
l3135.txm,76.043,752.0,754.0,135.0,0.0,1258.0,100.0,1185.0,9547.0,8959.0,-238.0,26.0,16984.0,19898.0,348.0,15896.0,348.0,1.0,27584.0,50.0,Pass
l3135.txm,77.0391,751.0,753.0,134.0,0.0,1441.0,101.0,1190.0,9450.0,8975.0,-57.0,26.0,16562.0,19616.0,92.0,16192.0,354.0,0.0,27836.0,51.0,Pass
l3135.txm,78.0586,751.0,752.0,133.0,0.0,1619.0,101.0,1187.0,9487.0,9013.0,1219.0,26.0,16224.0,19098.0,510.0,16660.0,346.0,0.0,27996.0,51.0,Pass
l3135.txm,79.0801,752.0,754.0,134.0,0.0,1644.0,102.0,1186.0,9542.0,8932.0,990.0,26.0,16413.0,19414.0,560.0,16840.0,356.0,0.0,27860.0,51.0,Pass
l3135.txm,80.0996,752.0,754.0,132.0,0.0,1645.0,101.0,1184.0,9493.0,8984.0,905.0,26.0,16309.0,19040.0,82.0,16604.0,356.0,0.0,27864.0,51.0,Pass
l3135.txm,81.1191,752.0,754.0,135.0,0.0,1654.0,101.0,1185.0,9542.0,8974.0,550.0,26.0,16525.0,19050.0,21.0,16466.0,350.0,1.0,28018.0,51.0,Pass
l3135.txm,82.1387,752.0,753.0,135.0,0.0,1660.0,102.0,1187.0,9443.0,9016.0,679.0,26.0,16613.0,19334.0,-32.0,16554.0,353.0,1.0,27986.0,51.0,Pass
l3135.txm,83.1836,752.0,753.0,134.0,0.0,1663.0,101.0,1184.0,9447.0,8990.0,863.0,26.0,16233.0,19106.0,-25.0,16492.0,350.0,0.0,27884.0,51.0,Pass
l3135.txm,84.1797,752.0,753.0,133.0,0.0,1671.0,100.0,1183.0,9477.0,8970.0,476.0,26.0,16417.0,19080.0,86.0,16600.0,345.0,0.0,28042.0,51.0,Pass
l3135.txm,85.1992,752.0,754.0,132.0,0.0,1676.0,100.0,1185.0,9461.0,8988.0,593.0,26.0,16126.0,19256.0,-95.0,16586.0,345.0,0.0,27998.0,51.0,Pass
l3135.txm,86.2187,751.0,753.0,135.0,0.0,1673.0,100.0,1184.0,9440.0,8998.0,414.0,26.0,16582.0,19384.0,404.0,16580.0,352.0,0.0,28014.0,51.0,Pass
l3135.txm,87.2383,752.0,754.0,132.0,0.0,1678.0,100.0,1185.0,9554.0,8932.0,677.0,26.0,16137.0,19084.0,114.0,16420.0,355.0,0.0,27986.0,51.0,Pass
l3135.txm,88.2598,752.0,755.0,132.0,0.0,1683.0,102.0,1185.0,9428.0,8967.0,554.0,26.0,16273.0,19070.0,149.0,16340.0,357.0,0.0,27852.0,51.0,Pass
l3135.txm,89.2793,752.0,752.0,134.0,0.0,1678.0,101.0,1184.0,9481.0,8953.0,552.0,26.0,16605.0,19072.0,-328.0,16468.0,349.0,1.0,27870.0,51.0,Pass
l3135.txm,90.2988,752.0,754.0,132.0,0.0,1686.0,101.0,1186.0,9459.0,8956.0,664.0,26.0,16329.0,19054.0,-274.0,16606.0,348.0,0.0,28006.0,51.0,Pass
l3135.txm,91.3184,751.0,753.0,133.0,0.0,1682.0,100.0,1186.0,9441.0,9024.0,418.0,26.0,16591.0,19446.0,-78.0,16416.0,348.0,0.0,27988.0,51.0,Pass
l3135.txm,92.3418,751.0,753.0,135.0,1.0,1688.0,100.0,1185.0,9536.0,8957.0,-29.0,26.0,16237.0,19354.0,100.0,16378.0,348.0,0.0,28010.0,51.0,Pass
l3135.txm,93.3594,751.0,754.0,135.0,1.0,1687.0,100.0,1183.0,9449.0,9012.0,1001.0,26.0,16144.0,19278.0,109.0,16338.0,346.0,0.0,28004.0,51.0,Pass
l3135.txm,94.3789,752.0,752.0,133.0,0.0,1692.0,100.0,1186.0,9544.0,8902.0,702.0,26.0,16474.0,19170.0,-450.0,16494.0,345.0,0.0,28004.0,51.0,Pass
l3135.txm,95.4238,752.0,755.0,134.0,0.0,1693.0,102.0,1187.0,9472.0,8909.0,426.0,26.0,16435.0,19404.0,51.0,16434.0,344.0,0.0,28002.0,51.0,Pass
l3135.txm,96.4199,752.0,753.0,132.0,1.0,1690.0,101.0,1183.0,9533.0,8936.0,696.0,26.0,16154.0,19260.0,500.0,16584.0,348.0,0.0,27886.0,51.0,Pass
l3135.txm,97.4394,752.0,753.0,132.0,0.0,1698.0,101.0,1183.0,9528.0,8933.0,711.0,26.0,16216.0,19098.0,708.0,16474.0,352.0,0.0,27886.0,51.0,Pass
l3135.txm,98.4785,752.0,753.0,132.0,0.0,1696.0,100.0,1183.0,9490.0,8950.0,811.0,26.0,16332.0,19160.0,280.0,16444.0,355.0,1.0,27998.0,51.0,Pass
l3135.txm,99.5,752.0,753.0,135.0,0.0,1700.0,100.0,1187.0,9469.0,8988.0,706.0,26.0,16323.0,19302.0,476.0,16438.0,348.0,1.0,27900.0,51.0,Pass
l3135.txm,100.547,752.0,754.0,132.0,0.0,1696.0,101.0,1183.0,9555.0,8908.0,465.0,26.0,16295.0,19076.0,157.0,16422.0,354.0,0.0,27986.0,51.0,Pass
l3135.txm,101.566,752.0,752.0,136.0,1.0,1696.0,100.0,1184.0,9436.0,9002.0,789.0,26.0,16522.0,19212.0,115.0,16560.0,346.0,0.0,28002.0,51.0,Pass
l3135.txm,102.59,752.0,754.0,134.0,0.0,1699.0,100.0,1186.0,9437.0,8959.0,704.0,26.0,16637.0,19094.0,4.0,16514.0,347.0,0.0,27992.0,51.0,Pass
l3135.txm,103.607,752.0,754.0,134.0,1.0,1703.0,102.0,1185.0,9464.0,9008.0,1146.0,26.0,16090.0,19174.0,476.0,16508.0,342.0,0.0,27898.0,51.0,Pass
l3135.txm,104.627,752.0,753.0,132.0,0.0,1701.0,101.0,1184.0,9520.0,8930.0,737.0,26.0,16593.0,19076.0,576.0,16450.0,344.0,0.0,28042.0,51.0,Pass
l3135.txm,105.646,752.0,755.0,134.0,0.0,1704.0,102.0,1185.0,9547.0,8918.0,848.0,26.0,16581.0,19094.0,194.0,16620.0,347.0,0.0,27870.0,51.0,Pass
l3135.txm,106.668,752.0,753.0,132.0,0.0,1703.0,100.0,1185.0,9489.0,8992.0,376.0,26.0,16334.0,19332.0,51.0,16574.0,344.0,0.0,28016.0,51.0,Pass
l3135.txm,107.687,751.0,753.0,136.0,0.0,1706.0,100.0,1185.0,9517.0,8911.0,342.0,26.0,16416.0,19388.0,-371.0,16454.0,344.0,0.0,27996.0,51.0,Pass
l3135.txm,108.734,752.0,753.0,133.0,0.0,1700.0,101.0,1189.0,9457.0,9014.0,26.0,24.0,16922.0,19396.0,-27.0,16738.0,345.0,0.0,27998.0,51.0,Pass
l3135.txm,109.727,752.0,753.0,134.0,0.0,1713.0,101.0,1181.0,9423.0,9025.0,751.0,26.0,16499.0,19318.0,-261.0,16788.0,351.0,0.0,27866.0,51.0,Pass
l3136.txm,56.6523,752.0,753.0,136.0,0.0,1282.0,100.0,1227.0,9492.0,8942.0,-2399.0,29.0,16114.0,19800.0,-419.0,16624.0,356.0,0.0,27554.0,49.0,Pass
l3136.txm,57.6699,752.0,753.0,132.0,0.0,1134.0,100.0,1246.0,9456.0,8964.0,-1400.0,29.0,16250.0,19938.0,-63.0,16342.0,347.0,0.0,27480.0,49.0,Pass
l3136.txm,58.6894,752.0,754.0,134.0,1.0,1108.0,102.0,1207.0,9448.0,9058.0,332.0,27.0,16714.0,19940.0,-474.0,16666.0,349.0,0.0,27422.0,50.0,Pass
l3136.txm,59.709,752.0,754.0,135.0,0.0,1101.0,101.0,1182.0,9457.0,9017.0,437.0,27.0,16792.0,19926.0,-267.0,16582.0,348.0,0.0,27476.0,51.0,Pass
l3136.txm,60.7305,752.0,754.0,133.0,0.0,1080.0,100.0,1186.0,9465.0,8988.0,448.0,28.0,16392.0,19964.0,-509.0,16566.0,349.0,0.0,27348.0,50.0,Pass
l3136.txm,61.75,751.0,754.0,132.0,0.0,1066.0,101.0,1189.0,9473.0,9004.0,-1220.0,28.0,16619.0,19976.0,127.0,16782.0,351.0,0.0,27348.0,50.0,Pass
l3136.txm,62.7695,752.0,753.0,132.0,0.0,1068.0,100.0,1183.0,9457.0,9030.0,158.0,27.0,16644.0,19978.0,-261.0,16752.0,346.0,0.0,27320.0,50.0,Pass
l3136.txm,63.791,752.0,753.0,131.0,0.0,1059.0,101.0,1186.0,9446.0,9026.0,-688.0,28.0,16740.0,19984.0,-532.0,16536.0,352.0,0.0,27384.0,50.0,Pass
l3136.txm,64.8105,752.0,754.0,135.0,0.0,1049.0,101.0,1184.0,9525.0,8964.0,246.0,27.0,16349.0,19986.0,-48.0,16702.0,348.0,0.0,27236.0,50.0,Pass
l3136.txm,65.8555,752.0,754.0,131.0,0.0,1030.0,101.0,1185.0,9435.0,9025.0,-1446.0,28.0,16418.0,20052.0,548.0,16384.0,355.0,0.0,27352.0,50.0,Pass
l3136.txm,66.8496,752.0,752.0,133.0,0.0,1019.0,102.0,1188.0,9491.0,9009.0,-739.0,28.0,16253.0,20172.0,-469.0,16618.0,348.0,0.0,27354.0,50.0,Pass
l3136.txm,67.8691,751.0,753.0,132.0,0.0,993.0,102.0,1183.0,9471.0,8976.0,-282.0,28.0,16402.0,20204.0,-508.0,16460.0,351.0,0.0,27304.0,50.0,Pass
l3136.txm,68.8887,752.0,754.0,131.0,0.0,948.0,101.0,1179.0,9516.0,9007.0,-1512.0,29.0,16298.0,20218.0,-774.0,16982.0,352.0,0.0,27204.0,50.0,Pass
l3136.txm,69.9121,752.0,754.0,135.0,0.0,906.0,100.0,1178.0,9523.0,8949.0,-2259.0,29.0,16159.0,20368.0,-293.0,16500.0,350.0,0.0,27064.0,50.0,Pass
l3136.txm,70.9297,751.0,753.0,135.0,0.0,876.0,102.0,1181.0,9453.0,9091.0,-321.0,30.0,15837.0,20170.0,72.0,16848.0,347.0,1.0,27124.0,50.0,Pass
l3136.txm,71.9492,752.0,754.0,133.0,0.0,864.0,102.0,1183.0,9429.0,9058.0,-1072.0,30.0,15965.0,20136.0,-537.0,16840.0,348.0,1.0,27078.0,50.0,Pass
l3136.txm,72.9687,752.0,754.0,134.0,0.0,900.0,100.0,1190.0,9521.0,9012.0,-226.0,29.0,16414.0,20370.0,-43.0,16222.0,351.0,1.0,27052.0,50.0,Pass
l3136.txm,73.9902,751.0,753.0,135.0,0.0,1029.0,100.0,1196.0,9464.0,9039.0,-757.0,28.0,16852.0,20130.0,748.0,16766.0,351.0,0.0,27480.0,50.0,Pass
l3136.txm,75.0098,751.0,754.0,131.0,0.0,1148.0,101.0,1189.0,9511.0,9041.0,178.0,27.0,16804.0,20148.0,118.0,16068.0,350.0,0.0,27378.0,50.0,Pass
l3136.txm,76.0273,751.0,754.0,134.0,0.0,1306.0,100.0,1184.0,9478.0,9048.0,676.0,26.0,16590.0,20048.0,149.0,15904.0,345.0,0.0,27590.0,51.0,Pass
l3136.txm,77.0508,752.0,753.0,133.0,0.0,1514.0,102.0,1187.0,9436.0,9038.0,652.0,26.0,16544.0,19282.0,-47.0,16500.0,345.0,0.0,27920.0,51.0,Pass
l3136.txm,78.0957,752.0,753.0,131.0,0.0,1632.0,100.0,1184.0,9467.0,8986.0,1232.0,26.0,16112.0,19408.0,132.0,16660.0,346.0,0.0,28004.0,51.0,Pass
l3136.txm,79.0879,752.0,752.0,131.0,0.0,1643.0,100.0,1184.0,9534.0,9015.0,862.0,27.0,16332.0,19068.0,-278.0,16824.0,349.0,0.0,28000.0,51.0,Pass
l3136.txm,80.1074,752.0,753.0,132.0,0.0,1648.0,102.0,1186.0,9437.0,8979.0,788.0,27.0,16462.0,19056.0,-83.0,16554.0,343.0,0.0,28016.0,51.0,Pass
l3136.txm,81.1289,752.0,753.0,134.0,0.0,1656.0,100.0,1188.0,9506.0,9032.0,438.0,27.0,16298.0,19374.0,91.0,16698.0,344.0,0.0,27888.0,51.0,Pass
l3136.txm,82.1484,752.0,753.0,132.0,0.0,1657.0,101.0,1183.0,9501.0,8897.0,452.0,27.0,16372.0,19422.0,-384.0,16496.0,342.0,0.0,27876.0,51.0,Pass
l3136.txm,83.168,752.0,754.0,133.0,0.0,1660.0,100.0,1185.0,9448.0,9015.0,196.0,27.0,15973.0,19136.0,-277.0,16386.0,346.0,1.0,28014.0,51.0,Pass
l3136.txm,84.1895,752.0,753.0,131.0,0.0,1663.0,100.0,1184.0,9440.0,8926.0,1053.0,26.0,16501.0,19292.0,-26.0,16562.0,351.0,0.0,28016.0,51.0,Pass
l3136.txm,85.2363,752.0,753.0,132.0,0.0,1669.0,100.0,1186.0,9427.0,8998.0,531.0,26.0,16379.0,19364.0,113.0,16674.0,348.0,0.0,28012.0,51.0,Pass
l3136.txm,86.2285,751.0,753.0,131.0,0.0,1671.0,101.0,1184.0,9476.0,8974.0,1070.0,26.0,16315.0,19056.0,40.0,16480.0,352.0,0.0,28008.0,51.0,Pass
l3136.txm,87.2519,752.0,753.0,134.0,0.0,1669.0,101.0,1183.0,9493.0,8982.0,552.0,26.0,16225.0,19326.0,126.0,16612.0,360.0,1.0,27870.0,51.0,Pass
l3136.txm,88.2715,752.0,754.0,135.0,0.0,1678.0,101.0,1182.0,9478.0,8965.0,437.0,27.0,16301.0,19276.0,24.0,16356.0,350.0,0.0,28028.0,51.0,Pass
l3136.txm,89.2891,751.0,753.0,133.0,0.0,1679.0,100.0,1183.0,9512.0,8938.0,510.0,27.0,16307.0,19366.0,89.0,16612.0,354.0,0.0,28028.0,51.0,Pass
l3136.txm,90.3359,752.0,754.0,134.0,0.0,1685.0,102.0,1186.0,9494.0,8973.0,812.0,27.0,16256.0,19348.0,458.0,16550.0,345.0,0.0,28030.0,51.0,Pass
l3136.txm,91.3301,752.0,754.0,134.0,0.0,1688.0,101.0,1186.0,9497.0,8933.0,454.0,26.0,16341.0,19092.0,87.0,16554.0,350.0,0.0,27886.0,51.0,Pass
l3136.txm,92.3516,752.0,752.0,135.0,0.0,1691.0,100.0,1184.0,9535.0,8906.0,457.0,27.0,16254.0,19386.0,-305.0,16386.0,346.0,0.0,28020.0,51.0,Pass
l3136.txm,93.3711,751.0,754.0,132.0,0.0,1695.0,100.0,1185.0,9544.0,8911.0,334.0,27.0,16349.0,19214.0,105.0,16504.0,351.0,0.0,27900.0,51.0,Pass
l3136.txm,94.4707,751.0,754.0,135.0,0.0,1694.0,100.0,1185.0,9459.0,8997.0,853.0,27.0,16249.0,19112.0,-468.0,16568.0,346.0,0.0,28010.0,51.0,Pass
l3136.txm,95.4297,752.0,753.0,133.0,0.0,1696.0,100.0,1182.0,9509.0,8960.0,847.0,27.0,16149.0,19408.0,148.0,16568.0,351.0,0.0,28008.0,51.0,Pass
l3136.txm,96.4492,752.0,753.0,134.0,0.0,1693.0,102.0,1182.0,9420.0,8982.0,257.0,27.0,16047.0,19136.0,83.0,16482.0,353.0,0.0,28010.0,51.0,Pass
l3136.txm,97.4687,752.0,754.0,132.0,0.0,1699.0,101.0,1185.0,9531.0,8921.0,665.0,26.0,16350.0,19414.0,93.0,16404.0,354.0,0.0,28014.0,51.0,Pass
l3136.txm,98.4902,752.0,754.0,133.0,0.0,1700.0,100.0,1184.0,9515.0,8931.0,394.0,27.0,16491.0,19138.0,288.0,16570.0,351.0,0.0,28020.0,51.0,Pass
l3136.txm,99.5098,752.0,754.0,134.0,0.0,1702.0,100.0,1184.0,9534.0,8913.0,481.0,26.0,16204.0,19210.0,95.0,16454.0,347.0,0.0,28028.0,51.0,Pass
l3136.txm,100.531,752.0,754.0,134.0,0.0,1699.0,100.0,1186.0,9442.0,8980.0,190.0,27.0,16472.0,19302.0,484.0,16534.0,350.0,0.0,28036.0,51.0,Pass
l3136.txm,101.549,751.0,752.0,132.0,0.0,1697.0,100.0,1184.0,9485.0,8955.0,1107.0,27.0,16353.0,19422.0,810.0,16430.0,350.0,0.0,28026.0,51.0,Pass
l3136.txm,102.596,752.0,753.0,132.0,0.0,1704.0,102.0,1187.0,9531.0,8910.0,750.0,26.0,16237.0,19170.0,101.0,16590.0,358.0,1.0,28020.0,51.0,Pass
l3136.txm,103.59,752.0,753.0,134.0,0.0,1699.0,101.0,1182.0,9486.0,8921.0,452.0,27.0,16148.0,19314.0,-91.0,16442.0,342.0,1.0,28010.0,51.0,Pass
l3136.txm,104.611,751.0,754.0,135.0,0.0,1708.0,101.0,1186.0,9424.0,8985.0,-169.0,27.0,16334.0,19394.0,446.0,16522.0,346.0,1.0,28008.0,51.0,Pass
l3136.txm,105.629,751.0,753.0,134.0,0.0,1699.0,100.0,1185.0,9495.0,8948.0,614.0,26.0,16389.0,19428.0,810.0,16482.0,353.0,0.0,27898.0,51.0,Pass
l3136.txm,106.652,752.0,753.0,133.0,0.0,1705.0,101.0,1187.0,9508.0,8926.0,467.0,27.0,16152.0,19336.0,65.0,16440.0,347.0,0.0,28024.0,51.0,Pass
l3136.txm,107.672,752.0,753.0,131.0,0.0,1700.0,100.0,1182.0,9486.0,8924.0,432.0,26.0,15960.0,19346.0,64.0,16462.0,347.0,0.0,28010.0,51.0,Pass
l3136.txm,108.689,752.0,753.0,131.0,0.0,1705.0,102.0,1185.0,9510.0,8907.0,700.0,26.0,16191.0,19248.0,-66.0,16480.0,349.0,0.0,27896.0,51.0,Pass
l3137.txm,55.6543,752.0,754.0,132.0,0.0,1346.0,100.0,1190.0,9479.0,8999.0,-673.0,30.0,16252.0,19762.0,-529.0,16868.0,351.0,0.0,27388.0,50.0,Pass
l3137.txm,56.6699,752.0,754.0,133.0,0.0,1122.0,101.0,1253.0,9478.0,8995.0,-956.0,29.0,16206.0,19924.0,-73.0,16384.0,354.0,0.0,27490.0,49.0,Pass
l3137.txm,57.6953,752.0,754.0,135.0,0.0,1108.0,100.0,1220.0,9417.0,8999.0,408.0,28.0,16347.0,19916.0,-447.0,16798.0,349.0,0.0,27496.0,50.0,Pass
l3137.txm,58.7109,752.0,753.0,133.0,0.0,1097.0,99.0,1191.0,9520.0,8972.0,870.0,28.0,16455.0,19928.0,-747.0,16698.0,355.0,0.0,27484.0,51.0,Pass
l3137.txm,59.7344,751.0,753.0,134.0,0.0,1082.0,101.0,1180.0,9442.0,9023.0,161.0,28.0,16816.0,19970.0,-452.0,16636.0,354.0,0.0,27358.0,50.0,Pass
l3137.txm,60.7793,753.0,754.0,134.0,0.0,1065.0,101.0,1187.0,9458.0,8962.0,-1429.0,29.0,16167.0,19970.0,-42.0,16814.0,354.0,0.0,27422.0,50.0,Pass
l3137.txm,61.7754,752.0,753.0,135.0,0.0,1065.0,100.0,1183.0,9502.0,8981.0,22.0,28.0,16756.0,19980.0,506.0,16678.0,349.0,0.0,27492.0,50.0,Pass
l3137.txm,62.791,752.0,753.0,135.0,0.0,1061.0,100.0,1184.0,9451.0,9029.0,-391.0,28.0,16532.0,19976.0,46.0,16696.0,346.0,0.0,27428.0,50.0,Pass
l3137.txm,63.8125,752.0,752.0,135.0,0.0,1050.0,101.0,1183.0,9454.0,9010.0,-615.0,28.0,16781.0,19974.0,-744.0,16862.0,356.0,0.0,27356.0,50.0,Pass
l3137.txm,64.8437,752.0,754.0,133.0,0.0,1033.0,101.0,1184.0,9431.0,9020.0,-471.0,28.0,16529.0,20072.0,-263.0,16338.0,347.0,0.0,27370.0,50.0,Pass
l3137.txm,65.8633,752.0,752.0,131.0,0.0,1015.0,100.0,1186.0,9426.0,9034.0,-809.0,29.0,16435.0,19998.0,-432.0,16396.0,344.0,0.0,27378.0,50.0,Pass
l3137.txm,66.8828,752.0,754.0,131.0,0.0,990.0,102.0,1184.0,9493.0,8949.0,-612.0,29.0,16202.0,20134.0,-276.0,16388.0,351.0,0.0,27388.0,50.0,Pass
l3137.txm,67.9023,752.0,754.0,131.0,0.0,949.0,101.0,1178.0,9433.0,8994.0,-1424.0,28.0,16171.0,20018.0,-501.0,16766.0,349.0,0.0,27278.0,50.0,Pass
l3137.txm,68.9219,752.0,753.0,133.0,0.0,897.0,101.0,1176.0,9441.0,9016.0,-1748.0,30.0,15865.0,20240.0,-478.0,16784.0,354.0,0.0,27092.0,50.0,Pass
l3137.txm,69.9434,752.0,754.0,135.0,0.0,876.0,100.0,1181.0,9432.0,9065.0,-1008.0,30.0,15790.0,20458.0,-534.0,16740.0,343.0,0.0,27040.0,50.0,Pass
l3137.txm,70.9629,752.0,753.0,135.0,0.0,858.0,100.0,1184.0,9465.0,9056.0,-1542.0,29.0,16517.0,20362.0,-261.0,16310.0,346.0,0.0,26970.0,50.0,Pass
l3137.txm,71.9805,752.0,753.0,135.0,0.0,886.0,101.0,1188.0,9444.0,9107.0,-334.0,28.0,16492.0,20248.0,-37.0,16224.0,343.0,0.0,27038.0,50.0,Pass
l3137.txm,73.0273,751.0,751.0,133.0,0.0,1000.0,101.0,1193.0,9532.0,9001.0,509.0,26.0,16661.0,20096.0,632.0,16590.0,354.0,0.0,27382.0,50.0,Pass
l3137.txm,74.0215,752.0,752.0,133.0,0.0,1140.0,100.0,1190.0,9479.0,9100.0,663.0,25.0,17064.0,20108.0,402.0,15918.0,351.0,0.0,27506.0,50.0,Pass
l3137.txm,75.041,752.0,752.0,133.0,0.0,1313.0,100.0,1186.0,9553.0,8957.0,576.0,25.0,16422.0,19784.0,260.0,16052.0,351.0,1.0,27804.0,51.0,Pass
l3137.txm,76.0605,751.0,753.0,131.0,0.0,1475.0,102.0,1184.0,9535.0,8982.0,1060.0,26.0,16273.0,19656.0,135.0,16376.0,354.0,0.0,27870.0,51.0,Pass
l3137.txm,77.0801,752.0,753.0,133.0,0.0,1624.0,100.0,1186.0,9446.0,9016.0,724.0,26.0,16635.0,19224.0,-58.0,16722.0,360.0,0.0,28046.0,51.0,Pass
l3137.txm,78.1016,752.0,752.0,132.0,0.0,1641.0,100.0,1183.0,9522.0,8944.0,1008.0,27.0,16341.0,19400.0,45.0,16548.0,346.0,0.0,28030.0,51.0,Pass
l3137.txm,79.1211,752.0,754.0,135.0,0.0,1642.0,101.0,1189.0,9506.0,8955.0,-544.0,25.0,17279.0,19048.0,107.0,16754.0,346.0,0.0,28018.0,51.0,Pass
l3137.txm,80.1406,751.0,752.0,131.0,0.0,1651.0,102.0,1184.0,9460.0,8959.0,211.0,25.0,17141.0,18958.0,0.0,16682.0,351.0,0.0,27978.0,51.0,Pass
l3137.txm,81.1602,752.0,753.0,132.0,0.0,1651.0,100.0,1184.0,9465.0,8920.0,-444.0,26.0,16494.0,19066.0,-317.0,16658.0,353.0,0.0,27844.0,51.0,Pass
l3137.txm,82.1816,752.0,754.0,133.0,0.0,1659.0,102.0,1184.0,9447.0,8946.0,-529.0,26.0,16377.0,19190.0,-34.0,16628.0,351.0,1.0,27952.0,51.0,Pass
l3137.txm,83.2031,751.0,752.0,135.0,0.0,1662.0,101.0,1184.0,9421.0,8982.0,-937.0,26.0,16647.0,19438.0,-357.0,16496.0,346.0,1.0,27956.0,51.0,Pass
l3137.txm,84.2227,752.0,754.0,132.0,0.0,1658.0,101.0,1183.0,9461.0,8975.0,-220.0,26.0,16407.0,19428.0,-257.0,16558.0,346.0,0.0,27982.0,51.0,Pass
l3137.txm,85.2422,752.0,754.0,133.0,0.0,1667.0,100.0,1185.0,9476.0,8965.0,-703.0,26.0,16407.0,19248.0,131.0,16660.0,354.0,0.0,27974.0,51.0,Pass
l3137.txm,86.2637,752.0,753.0,134.0,0.0,1669.0,100.0,1184.0,9408.0,8993.0,-725.0,26.0,16765.0,19382.0,44.0,16528.0,361.0,0.0,27962.0,51.0,Pass
l3137.txm,87.2832,752.0,753.0,132.0,0.0,1673.0,102.0,1185.0,9450.0,8951.0,-442.0,26.0,16694.0,19406.0,67.0,16518.0,354.0,0.0,27950.0,51.0,Pass
l3137.txm,88.3027,752.0,753.0,132.0,0.0,1678.0,100.0,1184.0,9436.0,8994.0,-537.0,26.0,16594.0,19444.0,157.0,16746.0,340.0,0.0,27896.0,51.0,Pass
l3137.txm,89.3223,752.0,754.0,133.0,0.0,1677.0,101.0,1184.0,9496.0,8951.0,-495.0,26.0,16878.0,19444.0,154.0,16788.0,343.0,0.0,27852.0,51.0,Pass
l3137.txm,90.3437,752.0,754.0,133.0,0.0,1680.0,100.0,1186.0,9410.0,9031.0,-838.0,26.0,16682.0,19042.0,682.0,16872.0,351.0,0.0,27850.0,51.0,Pass
l3137.txm,91.3633,752.0,754.0,136.0,0.0,1682.0,101.0,1182.0,9453.0,8943.0,-1033.0,26.0,16764.0,18994.0,-46.0,16638.0,347.0,0.0,27862.0,51.0,Pass
l3137.txm,92.4063,751.0,753.0,132.0,0.0,1683.0,100.0,1184.0,9462.0,8945.0,103.0,26.0,16781.0,19060.0,141.0,16734.0,348.0,0.0,27876.0,51.0,Pass
l3137.txm,93.4023,751.0,753.0,131.0,0.0,1683.0,100.0,1185.0,9434.0,8981.0,-739.0,26.0,16458.0,19114.0,242.0,16872.0,343.0,0.0,27896.0,51.0,Pass
l3137.txm,94.4219,752.0,753.0,132.0,0.0,1684.0,100.0,1187.0,9414.0,9002.0,-1061.0,26.0,16706.0,19186.0,780.0,16712.0,356.0,0.0,27842.0,51.0,Pass
l3137.txm,95.4434,752.0,753.0,136.0,0.0,1683.0,102.0,1184.0,9415.0,9006.0,-405.0,26.0,16610.0,19278.0,60.0,16534.0,349.0,0.0,27874.0,51.0,Pass
l3137.txm,96.4629,752.0,754.0,132.0,0.0,1684.0,100.0,1184.0,9443.0,8978.0,-418.0,26.0,16602.0,19028.0,610.0,16646.0,348.0,0.0,27896.0,51.0,Pass
l3137.txm,97.5059,752.0,753.0,132.0,0.0,1687.0,100.0,1188.0,9438.0,8953.0,-162.0,26.0,16606.0,18962.0,120.0,16530.0,351.0,1.0,27958.0,51.0,Pass
l3137.txm,98.5312,751.0,754.0,132.0,0.0,1690.0,100.0,1183.0,9454.0,8932.0,-356.0,26.0,16456.0,19136.0,116.0,16888.0,347.0,1.0,27962.0,51.0,Pass
l3137.txm,99.5508,752.0,753.0,132.0,0.0,1687.0,101.0,1184.0,9466.0,8941.0,-328.0,26.0,16650.0,19078.0,-319.0,16524.0,342.0,0.0,27948.0,51.0,Pass
l3137.txm,100.57,752.0,753.0,134.0,0.0,1692.0,100.0,1184.0,9422.0,8953.0,-756.0,26.0,16463.0,19336.0,-303.0,16780.0,347.0,0.0,28008.0,51.0,Pass
l3137.txm,101.59,752.0,753.0,132.0,0.0,1694.0,100.0,1186.0,9424.0,9002.0,-134.0,26.0,16520.0,18996.0,-259.0,16460.0,356.0,0.0,27884.0,51.0,Pass
l3137.txm,102.611,752.0,754.0,133.0,0.0,1689.0,102.0,1185.0,9494.0,8932.0,-580.0,26.0,16375.0,19048.0,-65.0,16744.0,351.0,1.0,27970.0,51.0,Pass
l3137.txm,103.631,751.0,753.0,133.0,0.0,1696.0,100.0,1184.0,9421.0,8952.0,-625.0,26.0,16697.0,19212.0,98.0,16748.0,351.0,1.0,27896.0,51.0,Pass
l3137.txm,104.65,752.0,753.0,134.0,0.0,1694.0,101.0,1189.0,9401.0,8995.0,-907.0,26.0,16495.0,19370.0,42.0,16798.0,343.0,0.0,27884.0,51.0,Pass
l3137.txm,105.67,752.0,754.0,132.0,0.0,1694.0,100.0,1186.0,9471.0,8930.0,116.0,26.0,16805.0,19214.0,85.0,16640.0,344.0,0.0,27966.0,51.0,Pass
l3137.txm,106.691,751.0,754.0,135.0,0.0,1693.0,101.0,1185.0,9430.0,8970.0,-525.0,26.0,16767.0,19268.0,150.0,16586.0,347.0,1.0,27966.0,51.0,Pass
l3137.txm,107.711,752.0,754.0,134.0,0.0,1692.0,102.0,1186.0,9416.0,8990.0,-877.0,26.0,16863.0,19420.0,-84.0,16780.0,343.0,0.0,28000.0,51.0,Pass
l3137.txm,108.73,752.0,753.0,135.0,0.0,1697.0,101.0,1188.0,9431.0,9002.0,-316.0,26.0,16587.0,19226.0,43.0,16822.0,346.0,0.0,28026.0,51.0,Pass
l3138.txm,57.6484,752.0,753.0,132.0,0.0,1186.0,101.0,1256.0,9407.0,9045.0,-1651.0,29.0,16087.0,19884.0,-92.0,16518.0,353.0,0.0,27376.0,49.0,Pass
l3138.txm,58.668,752.0,754.0,135.0,0.0,1120.0,100.0,1231.0,9463.0,9017.0,-1208.0,29.0,16560.0,19934.0,142.0,16552.0,350.0,0.0,27368.0,50.0,Pass
l3138.txm,59.6895,752.0,753.0,133.0,0.0,1101.0,101.0,1197.0,9512.0,8965.0,616.0,27.0,16449.0,19942.0,-281.0,16730.0,347.0,0.0,27440.0,50.0,Pass
l3138.txm,60.709,752.0,754.0,134.0,0.0,1087.0,100.0,1175.0,9515.0,8963.0,784.0,28.0,16346.0,19934.0,-341.0,16850.0,351.0,0.0,27498.0,51.0,Pass
l3138.txm,61.7285,752.0,754.0,135.0,0.0,1069.0,101.0,1187.0,9463.0,8939.0,-1645.0,29.0,16343.0,20010.0,-287.0,16436.0,350.0,0.0,27370.0,50.0,Pass
l3138.txm,62.748,752.0,753.0,134.0,0.0,1068.0,101.0,1186.0,9502.0,8938.0,-1535.0,29.0,16626.0,19974.0,-434.0,16516.0,343.0,0.0,27382.0,50.0,Pass
l3138.txm,63.7891,752.0,754.0,135.0,0.0,1056.0,101.0,1183.0,9432.0,8970.0,-1775.0,29.0,16283.0,19980.0,-645.0,16628.0,348.0,0.0,27374.0,50.0,Pass
l3138.txm,64.8105,752.0,754.0,134.0,0.0,1048.0,99.0,1183.0,9490.0,8955.0,-1600.0,29.0,16302.0,19974.0,-38.0,16568.0,354.0,0.0,27382.0,50.0,Pass
l3138.txm,65.8281,752.0,755.0,132.0,0.0,1036.0,100.0,1183.0,9502.0,8952.0,-1297.0,29.0,16266.0,19982.0,-612.0,16528.0,342.0,0.0,27378.0,50.0,Pass
l3138.txm,66.8477,752.0,752.0,132.0,0.0,1025.0,100.0,1186.0,9476.0,8988.0,-1737.0,29.0,16714.0,20014.0,418.0,16678.0,354.0,0.0,27354.0,50.0,Pass
l3138.txm,67.8691,751.0,753.0,134.0,0.0,1007.0,100.0,1185.0,9432.0,9027.0,-307.0,29.0,16547.0,19948.0,320.0,16394.0,350.0,0.0,27316.0,51.0,Pass
l3138.txm,68.8926,752.0,753.0,132.0,0.0,977.0,101.0,1183.0,9431.0,9046.0,-1294.0,29.0,16521.0,20202.0,662.0,16736.0,355.0,0.0,27270.0,50.0,Pass
l3138.txm,69.9082,751.0,754.0,132.0,0.0,932.0,100.0,1178.0,9492.0,8987.0,-1807.0,29.0,16254.0,20104.0,-468.0,16406.0,355.0,0.0,27046.0,50.0,Pass
l3138.txm,70.957,752.0,754.0,135.0,0.0,884.0,100.0,1178.0,9453.0,9009.0,-1994.0,30.0,16113.0,20378.0,658.0,16228.0,348.0,0.0,27118.0,50.0,Pass
l3138.txm,71.9492,752.0,753.0,133.0,0.0,861.0,101.0,1183.0,9433.0,9025.0,-1354.0,30.0,15904.0,20402.0,-508.0,16824.0,357.0,0.0,27054.0,50.0,Pass
l3138.txm,72.9687,752.0,754.0,134.0,0.0,856.0,102.0,1184.0,9438.0,9070.0,-1248.0,30.0,16127.0,20306.0,158.0,16086.0,357.0,1.0,27070.0,50.0,Pass
l3138.txm,73.9883,752.0,753.0,135.0,1.0,926.0,102.0,1193.0,9451.0,9097.0,549.0,27.0,16584.0,20358.0,20.0,15950.0,344.0,1.0,27314.0,50.0,Pass
l3138.txm,75.0078,751.0,753.0,133.0,0.0,1066.0,100.0,1193.0,9458.0,9059.0,424.0,27.0,16625.0,20008.0,526.0,16232.0,351.0,0.0,27484.0,50.0,Pass
l3138.txm,76.0293,752.0,754.0,133.0,0.0,1195.0,102.0,1188.0,9483.0,9002.0,706.0,25.0,17329.0,19978.0,626.0,16168.0,350.0,1.0,27644.0,50.0,Pass
l3138.txm,77.0488,752.0,753.0,131.0,0.0,1361.0,101.0,1187.0,9569.0,8937.0,469.0,25.0,16714.0,19944.0,478.0,16360.0,350.0,0.0,27852.0,51.0,Pass
l3138.txm,78.0684,752.0,754.0,134.0,0.0,1563.0,100.0,1188.0,9541.0,9011.0,589.0,26.0,16487.0,19400.0,122.0,16570.0,342.0,0.0,28050.0,51.0,Pass
l3138.txm,79.0879,752.0,755.0,135.0,0.0,1625.0,101.0,1191.0,9535.0,8976.0,-800.0,24.0,17046.0,19208.0,55.0,16794.0,345.0,0.0,27900.0,51.0,Pass
l3138.txm,80.1094,752.0,753.0,133.0,0.0,1634.0,101.0,1188.0,9538.0,8957.0,-224.0,24.0,17391.0,19390.0,-448.0,16602.0,343.0,1.0,28002.0,51.0,Pass
l3138.txm,81.1289,752.0,753.0,133.0,0.0,1638.0,102.0,1182.0,9475.0,8962.0,-816.0,27.0,16406.0,19034.0,0.0,16798.0,349.0,0.0,27998.0,51.0,Pass
l3138.txm,82.1484,752.0,755.0,134.0,0.0,1644.0,101.0,1183.0,9420.0,9003.0,-937.0,27.0,16639.0,19062.0,35.0,16626.0,349.0,1.0,28034.0,51.0,Pass
l3138.txm,83.1953,751.0,754.0,133.0,0.0,1655.0,101.0,1186.0,9423.0,8979.0,-892.0,26.0,16937.0,19108.0,95.0,16678.0,350.0,0.0,28014.0,51.0,Pass
l3138.txm,84.1895,752.0,753.0,135.0,0.0,1649.0,100.0,1184.0,9398.0,8986.0,-1009.0,26.0,16644.0,19276.0,744.0,16690.0,352.0,1.0,27892.0,51.0,Pass
l3138.txm,85.209,752.0,754.0,134.0,0.0,1658.0,101.0,1186.0,9425.0,8963.0,-946.0,27.0,16571.0,19230.0,310.0,16618.0,350.0,0.0,27890.0,51.0,Pass
l3138.txm,86.2285,751.0,753.0,131.0,0.0,1657.0,101.0,1186.0,9410.0,8986.0,-1095.0,26.0,16668.0,19168.0,125.0,16664.0,342.0,0.0,27894.0,51.0,Pass
l3138.txm,87.248,751.0,753.0,135.0,0.0,1659.0,101.0,1185.0,9400.0,8965.0,-766.0,26.0,16648.0,19268.0,114.0,16620.0,354.0,0.0,28018.0,51.0,Pass
l3138.txm,88.2695,751.0,751.0,133.0,0.0,1662.0,100.0,1184.0,9434.0,8954.0,-629.0,26.0,16686.0,19138.0,-315.0,16734.0,353.0,0.0,27988.0,51.0,Pass
l3138.txm,89.2891,752.0,753.0,133.0,0.0,1666.0,102.0,1185.0,9431.0,8916.0,-853.0,26.0,16471.0,19138.0,602.0,16660.0,348.0,0.0,27966.0,51.0,Pass
l3138.txm,90.3086,751.0,753.0,133.0,0.0,1671.0,101.0,1185.0,9424.0,8930.0,-158.0,26.0,16586.0,19290.0,678.0,16462.0,350.0,0.0,28028.0,51.0,Pass
l3138.txm,91.3281,752.0,753.0,133.0,0.0,1666.0,100.0,1184.0,9460.0,8931.0,-438.0,27.0,16378.0,19186.0,11.0,16606.0,349.0,0.0,28002.0,51.0,Pass
l3138.txm,92.3477,752.0,752.0,133.0,0.0,1676.0,100.0,1186.0,9473.0,8953.0,-433.0,27.0,16472.0,19198.0,656.0,16698.0,347.0,0.0,28014.0,51.0,Pass
l3138.txm,93.3691,752.0,752.0,134.0,0.0,1676.0,100.0,1186.0,9468.0,8911.0,-845.0,27.0,16751.0,19168.0,278.0,16500.0,360.0,1.0,27876.0,51.0,Pass
l3138.txm,94.3887,752.0,753.0,131.0,0.0,1681.0,102.0,1187.0,9414.0,8997.0,-219.0,27.0,16732.0,19084.0,-19.0,16502.0,351.0,1.0,27898.0,51.0,Pass
l3138.txm,95.4355,752.0,754.0,135.0,0.0,1677.0,101.0,1185.0,9486.0,8928.0,-310.0,26.0,16541.0,19004.0,-69.0,16560.0,346.0,1.0,28036.0,51.0,Pass
l3138.txm,96.4277,752.0,753.0,135.0,0.0,1681.0,100.0,1185.0,9481.0,8938.0,-725.0,27.0,16693.0,19220.0,155.0,16540.0,351.0,1.0,27992.0,51.0,Pass
l3138.txm,97.4492,752.0,752.0,135.0,0.0,1681.0,100.0,1184.0,9468.0,8951.0,-672.0,26.0,16773.0,18990.0,-275.0,16782.0,344.0,0.0,27870.0,51.0,Pass
l3138.txm,98.4687,752.0,753.0,132.0,0.0,1687.0,101.0,1186.0,9390.0,8967.0,-22.0,27.0,16433.0,19202.0,150.0,16578.0,349.0,0.0,27992.0,51.0,Pass
l3138.txm,99.4883,751.0,753.0,132.0,0.0,1683.0,100.0,1184.0,9412.0,9001.0,-480.0,26.0,16460.0,19422.0,105.0,16530.0,352.0,0.0,27896.0,51.0,Pass
l3138.txm,100.508,752.0,753.0,132.0,0.0,1687.0,101.0,1185.0,9406.0,9014.0,-595.0,26.0,16472.0,19200.0,830.0,16590.0,344.0,0.0,27970.0,51.0,Pass
l3138.txm,101.529,752.0,753.0,132.0,0.0,1689.0,100.0,1184.0,9396.0,8983.0,-130.0,26.0,16458.0,19024.0,-39.0,16506.0,354.0,0.0,28008.0,51.0,Pass
l3138.txm,102.549,751.0,753.0,134.0,0.0,1692.0,100.0,1183.0,9405.0,8994.0,-844.0,27.0,16453.0,19250.0,382.0,16512.0,357.0,0.0,28002.0,51.0,Pass
l3138.txm,103.568,752.0,753.0,135.0,0.0,1687.0,100.0,1185.0,9464.0,8924.0,-901.0,26.0,16783.0,19314.0,584.0,16600.0,354.0,1.0,27960.0,51.0,Pass
l3138.txm,104.588,752.0,753.0,133.0,0.0,1690.0,100.0,1186.0,9419.0,8990.0,-449.0,26.0,16379.0,18948.0,88.0,16634.0,350.0,1.0,28022.0,51.0,Pass
l3138.txm,105.609,752.0,753.0,132.0,0.0,1687.0,101.0,1186.0,9415.0,9005.0,-435.0,26.0,16383.0,19402.0,135.0,16552.0,351.0,1.0,28008.0,51.0,Pass
l3138.txm,106.629,752.0,754.0,136.0,0.0,1692.0,101.0,1184.0,9485.0,8964.0,-1017.0,26.0,16902.0,19040.0,-35.0,16646.0,355.0,0.0,27990.0,51.0,Pass
l3138.txm,107.676,751.0,753.0,134.0,0.0,1691.0,101.0,1186.0,9472.0,8923.0,-609.0,26.0,16774.0,19374.0,148.0,16496.0,347.0,0.0,27896.0,51.0,Pass
l3138.txm,108.668,752.0,753.0,132.0,0.0,1692.0,102.0,1187.0,9406.0,8991.0,-411.0,27.0,16438.0,19238.0,11.0,16660.0,355.0,0.0,27900.0,51.0,Pass
l3138.txm,109.689,752.0,753.0,134.0,0.0,1689.0,100.0,1184.0,9418.0,8970.0,-650.0,27.0,16615.0,19312.0,430.0,16422.0,351.0,0.0,27880.0,51.0,Pass
l3138.txm,110.709,752.0,753.0,133.0,0.0,1689.0,102.0,1184.0,9409.0,8992.0,-27.0,26.0,16752.0,19384.0,738.0,16582.0,352.0,1.0,27990.0,51.0,Pass
l3139.txm,56.6562,752.0,754.0,132.0,0.0,1209.0,100.0,1243.0,9490.0,8933.0,-1535.0,29.0,16068.0,19850.0,-524.0,16660.0,347.0,0.0,27566.0,49.0,Pass
l3139.txm,57.6758,752.0,753.0,133.0,0.0,1113.0,100.0,1242.0,9509.0,8972.0,-1629.0,29.0,16476.0,19956.0,-270.0,16388.0,352.0,0.0,27398.0,50.0,Pass
l3139.txm,58.6953,752.0,754.0,134.0,0.0,1097.0,100.0,1200.0,9478.0,8973.0,-41.0,28.0,16728.0,19946.0,-403.0,16408.0,355.0,0.0,27286.0,50.0,Pass
l3139.txm,59.7187,752.0,754.0,135.0,0.0,1085.0,101.0,1181.0,9535.0,8965.0,953.0,27.0,16721.0,19958.0,147.0,16720.0,352.0,0.0,27354.0,51.0,Pass
l3139.txm,60.7383,752.0,753.0,134.0,0.0,1071.0,101.0,1181.0,9452.0,9012.0,-847.0,28.0,16441.0,19964.0,-422.0,16564.0,350.0,0.0,27358.0,50.0,Pass
l3139.txm,61.7578,752.0,752.0,131.0,0.0,1062.0,101.0,1186.0,9504.0,8963.0,-1306.0,28.0,16453.0,19976.0,14.0,16722.0,346.0,0.0,27286.0,50.0,Pass
l3139.txm,62.7773,752.0,754.0,133.0,0.0,1056.0,101.0,1183.0,9464.0,9007.0,-1374.0,28.0,16505.0,19968.0,-286.0,16824.0,344.0,0.0,27290.0,50.0,Pass
l3139.txm,63.7969,751.0,753.0,134.0,0.0,1046.0,101.0,1185.0,9458.0,9021.0,-1173.0,28.0,16640.0,19976.0,-641.0,16600.0,351.0,0.0,27358.0,50.0,Pass
l3139.txm,64.8437,752.0,753.0,132.0,0.0,1042.0,100.0,1183.0,9464.0,8993.0,-1337.0,28.0,16885.0,19972.0,-934.0,16706.0,344.0,0.0,27362.0,50.0,Pass
l3139.txm,65.8359,751.0,754.0,132.0,0.0,1020.0,100.0,1185.0,9495.0,8954.0,-1813.0,28.0,16418.0,20022.0,16.0,16396.0,355.0,0.0,27356.0,50.0,Pass
l3139.txm,66.8828,752.0,753.0,133.0,0.0,1008.0,101.0,1187.0,9480.0,8970.0,-1590.0,28.0,16299.0,20094.0,-46.0,16448.0,351.0,0.0,27308.0,50.0,Pass
l3139.txm,67.8789,752.0,753.0,132.0,0.0,976.0,100.0,1180.0,9438.0,9040.0,-1712.0,28.0,16458.0,20210.0,-598.0,16724.0,343.0,0.0,27230.0,50.0,Pass
l3139.txm,68.8984,752.0,753.0,132.0,0.0,937.0,100.0,1178.0,9467.0,9061.0,-1419.0,29.0,16255.0,20176.0,-530.0,16274.0,352.0,0.0,27028.0,50.0,Pass
l3139.txm,69.918,752.0,753.0,135.0,0.0,897.0,102.0,1179.0,9499.0,8981.0,-1519.0,29.0,16079.0,20090.0,-846.0,17078.0,354.0,0.0,27068.0,50.0,Pass
l3139.txm,70.9375,752.0,754.0,135.0,0.0,866.0,101.0,1182.0,9499.0,8992.0,-532.0,30.0,16328.0,20328.0,-593.0,16672.0,359.0,0.0,27014.0,50.0,Pass
l3139.txm,71.957,752.0,754.0,132.0,0.0,856.0,101.0,1185.0,9456.0,9076.0,-457.0,30.0,15829.0,20362.0,-478.0,16520.0,349.0,0.0,27088.0,50.0,Pass
l3139.txm,72.9805,752.0,753.0,132.0,0.0,917.0,102.0,1190.0,9465.0,9087.0,173.0,28.0,16113.0,20514.0,95.0,16060.0,346.0,0.0,27232.0,50.0,Pass
l3139.txm,74.0,752.0,753.0,133.0,0.0,1056.0,101.0,1198.0,9450.0,9109.0,1368.0,26.0,16495.0,20136.0,990.0,16570.0,347.0,0.0,27524.0,50.0,Pass
l3139.txm,75.0195,752.0,753.0,134.0,0.0,1174.0,100.0,1187.0,9487.0,9005.0,-449.0,26.0,16980.0,20142.0,1456.0,16158.0,349.0,0.0,27556.0,50.0,Pass
l3139.txm,76.0391,752.0,754.0,131.0,0.0,1337.0,100.0,1185.0,9538.0,9072.0,506.0,25.0,17149.0,19726.0,113.0,16022.0,343.0,1.0,27758.0,51.0,Pass
l3139.txm,77.0586,752.0,753.0,135.0,0.0,1546.0,102.0,1187.0,9392.0,9018.0,-7.0,26.0,16900.0,19404.0,344.0,16218.0,349.0,0.0,27828.0,51.0,Pass
l3139.txm,78.0781,752.0,753.0,132.0,0.0,1617.0,101.0,1184.0,9497.0,8980.0,745.0,26.0,16448.0,19342.0,-266.0,16568.0,348.0,0.0,27930.0,51.0,Pass
l3139.txm,79.1211,752.0,754.0,134.0,0.0,1627.0,100.0,1184.0,9460.0,8991.0,133.0,26.0,16833.0,19308.0,968.0,16550.0,348.0,0.0,27886.0,51.0,Pass
l3139.txm,80.1484,752.0,753.0,134.0,0.0,1634.0,102.0,1185.0,9403.0,9011.0,822.0,26.0,17036.0,19116.0,898.0,16554.0,346.0,0.0,27880.0,51.0,Pass
l3139.txm,81.168,752.0,753.0,131.0,0.0,1638.0,101.0,1184.0,9496.0,8948.0,978.0,26.0,16590.0,19294.0,14.0,16444.0,354.0,0.0,27878.0,51.0,Pass
l3139.txm,82.1875,751.0,752.0,133.0,0.0,1643.0,101.0,1185.0,9492.0,8944.0,553.0,26.0,16449.0,19088.0,-260.0,16554.0,338.0,0.0,27930.0,51.0,Pass
l3139.txm,83.207,751.0,752.0,135.0,0.0,1650.0,101.0,1186.0,9420.0,9040.0,311.0,26.0,16961.0,19336.0,-325.0,16592.0,345.0,1.0,27916.0,51.0,Pass
l3139.txm,84.2266,752.0,754.0,133.0,0.0,1650.0,102.0,1185.0,9444.0,9009.0,558.0,25.0,16787.0,19340.0,-309.0,16544.0,355.0,1.0,27934.0,51.0,Pass
l3139.txm,85.2461,752.0,753.0,134.0,0.0,1650.0,102.0,1185.0,9408.0,9034.0,-105.0,26.0,16664.0,19444.0,92.0,16614.0,354.0,0.0,27886.0,51.0,Pass
l3139.txm,86.293,752.0,752.0,133.0,0.0,1654.0,101.0,1185.0,9406.0,9055.0,671.0,26.0,16877.0,19370.0,-55.0,16528.0,350.0,0.0,27910.0,51.0,Pass
l3139.txm,87.2852,752.0,754.0,133.0,0.0,1658.0,100.0,1186.0,9455.0,8964.0,887.0,26.0,16446.0,19316.0,-1.0,16488.0,346.0,0.0,27958.0,51.0,Pass
l3139.txm,88.3086,752.0,754.0,131.0,0.0,1663.0,100.0,1184.0,9431.0,9006.0,88.0,25.0,16395.0,19284.0,472.0,16490.0,348.0,0.0,27800.0,51.0,Pass
l3139.txm,89.3281,752.0,753.0,132.0,0.0,1660.0,102.0,1186.0,9419.0,9008.0,439.0,26.0,16597.0,19248.0,159.0,16612.0,352.0,0.0,28002.0,51.0,Pass
l3139.txm,90.3477,752.0,754.0,135.0,0.0,1665.0,101.0,1184.0,9400.0,9052.0,197.0,26.0,16571.0,19252.0,136.0,16398.0,340.0,0.0,27874.0,51.0,Pass
l3139.txm,91.3672,752.0,753.0,133.0,0.0,1674.0,101.0,1186.0,9490.0,8957.0,49.0,26.0,16458.0,19246.0,-416.0,16546.0,349.0,0.0,27806.0,51.0,Pass
l3139.txm,92.3867,752.0,753.0,133.0,0.0,1672.0,100.0,1188.0,9460.0,8935.0,-663.0,27.0,16488.0,19282.0,124.0,16486.0,360.0,0.0,27890.0,51.0,Pass
l3139.txm,93.4062,752.0,754.0,134.0,1.0,1680.0,100.0,1182.0,9373.0,9002.0,424.0,28.0,15911.0,19298.0,132.0,16428.0,344.0,0.0,27856.0,51.0,Pass
l3139.txm,94.4258,751.0,753.0,133.0,0.0,1675.0,101.0,1188.0,9479.0,8947.0,-109.0,26.0,16930.0,19286.0,-62.0,16548.0,351.0,0.0,27824.0,51.0,Pass
l3139.txm,95.4805,752.0,754.0,135.0,0.0,1689.0,102.0,1182.0,9488.0,8906.0,555.0,27.0,16418.0,19270.0,121.0,16512.0,344.0,0.0,27908.0,51.0,Pass
l3139.txm,96.4883,752.0,752.0,133.0,0.0,1679.0,101.0,1191.0,9477.0,8983.0,-338.0,25.0,16990.0,19252.0,384.0,16268.0,355.0,1.0,27888.0,51.0,Pass
l3139.txm,97.5078,752.0,754.0,132.0,0.0,1687.0,100.0,1177.0,9422.0,9010.0,479.0,27.0,15956.0,19276.0,-408.0,16462.0,350.0,1.0,27972.0,51.0,Pass
l3139.txm,98.5547,751.0,752.0,132.0,0.0,1674.0,100.0,1189.0,9447.0,9027.0,-575.0,26.0,17023.0,19298.0,149.0,16562.0,353.0,1.0,27940.0,51.0,Pass
l3139.txm,99.5469,751.0,753.0,132.0,0.0,1699.0,102.0,1180.0,9465.0,8956.0,1098.0,27.0,15850.0,19382.0,55.0,16530.0,346.0,0.0,28018.0,51.0,Pass
l3139.txm,100.566,751.0,753.0,135.0,0.0,1682.0,101.0,1192.0,9504.0,8940.0,-681.0,26.0,16587.0,19440.0,-15.0,16458.0,354.0,0.0,27934.0,51.0,Pass
l3139.txm,101.586,752.0,753.0,132.0,0.0,1692.0,101.0,1179.0,9431.0,8972.0,874.0,27.0,15883.0,19146.0,32.0,16548.0,352.0,0.0,27922.0,51.0,Pass
l3139.txm,102.605,752.0,753.0,131.0,0.0,1682.0,100.0,1188.0,9426.0,9006.0,-243.0,26.0,16614.0,19244.0,324.0,16656.0,342.0,0.0,27876.0,51.0,Pass
l3139.txm,103.68,751.0,754.0,134.0,1.0,1695.0,100.0,1182.0,9435.0,8976.0,258.0,27.0,16011.0,19222.0,-261.0,16492.0,348.0,0.0,27868.0,51.0,Pass
l3139.txm,104.707,752.0,753.0,132.0,0.0,1686.0,101.0,1187.0,9523.0,8960.0,-588.0,26.0,16850.0,19152.0,-295.0,16516.0,345.0,0.0,27888.0,51.0,Pass
l3139.txm,105.727,751.0,754.0,131.0,0.0,1691.0,101.0,1180.0,9523.0,8897.0,916.0,27.0,16032.0,19310.0,-63.0,16426.0,352.0,0.0,27988.0,51.0,Pass
l3139.txm,106.746,752.0,753.0,135.0,0.0,1686.0,101.0,1187.0,9472.0,8962.0,-495.0,25.0,16905.0,19422.0,138.0,16532.0,354.0,0.0,27948.0,51.0,Pass
l3139.txm,107.766,751.0,751.0,133.0,0.0,1690.0,101.0,1187.0,9450.0,8990.0,-494.0,26.0,16698.0,19150.0,946.0,16430.0,344.0,0.0,27886.0,51.0,Pass
l3139.txm,108.785,752.0,754.0,134.0,0.0,1685.0,101.0,1185.0,9532.0,8944.0,-459.0,26.0,17052.0,19160.0,-308.0,16422.0,351.0,1.0,27928.0,51.0,Pass
l3140.txm,56.6641,752.0,753.0,133.0,0.0,1152.0,102.0,1258.0,9424.0,9048.0,-1347.0,29.0,16253.0,19896.0,-978.0,16392.0,353.0,0.0,27376.0,49.0,Pass
l3140.txm,57.6836,752.0,753.0,134.0,0.0,1103.0,100.0,1230.0,9443.0,9077.0,161.0,28.0,16470.0,19940.0,-367.0,16438.0,350.0,0.0,27500.0,50.0,Pass
l3140.txm,58.7031,752.0,753.0,132.0,0.0,1094.0,101.0,1197.0,9453.0,8963.0,809.0,27.0,16549.0,19934.0,-302.0,16780.0,357.0,1.0,27492.0,50.0,Pass
l3140.txm,59.7227,751.0,753.0,133.0,0.0,1082.0,100.0,1179.0,9441.0,9054.0,262.0,27.0,16329.0,19940.0,-629.0,16684.0,352.0,0.0,27350.0,51.0,Pass
l3140.txm,60.7422,752.0,755.0,134.0,0.0,1072.0,100.0,1186.0,9429.0,9040.0,397.0,27.0,16623.0,20076.0,-767.0,16598.0,345.0,0.0,27372.0,50.0,Pass
l3140.txm,61.7617,752.0,753.0,133.0,0.0,1056.0,100.0,1190.0,9472.0,9001.0,-1504.0,28.0,16466.0,20022.0,-332.0,16362.0,350.0,0.0,27372.0,50.0,Pass
l3140.txm,62.8125,752.0,753.0,134.0,0.0,1047.0,101.0,1181.0,9433.0,9043.0,-51.0,27.0,16771.0,20024.0,-374.0,16436.0,356.0,0.0,27368.0,50.0,Pass
l3140.txm,63.8359,752.0,753.0,132.0,0.0,1042.0,101.0,1185.0,9496.0,9002.0,-145.0,28.0,16546.0,20020.0,368.0,16460.0,347.0,0.0,27374.0,50.0,Pass
l3140.txm,64.8555,752.0,755.0,132.0,0.0,1028.0,100.0,1185.0,9524.0,8998.0,-366.0,28.0,16881.0,19986.0,26.0,16536.0,342.0,0.0,27380.0,50.0,Pass
l3140.txm,65.9336,751.0,754.0,133.0,0.0,1024.0,102.0,1184.0,9528.0,9015.0,-113.0,28.0,16739.0,20004.0,-485.0,16522.0,343.0,0.0,27372.0,51.0,Pass
l3140.txm,66.9023,751.0,753.0,132.0,0.0,1002.0,102.0,1184.0,9494.0,8968.0,-87.0,28.0,16341.0,20096.0,-690.0,16856.0,360.0,0.0,27300.0,51.0,Pass
l3140.txm,67.9219,752.0,754.0,135.0,0.0,961.0,101.0,1184.0,9489.0,8964.0,-1499.0,28.0,16344.0,20202.0,-301.0,16300.0,349.0,0.0,27312.0,50.0,Pass
l3140.txm,68.9414,752.0,753.0,132.0,0.0,909.0,101.0,1180.0,9464.0,9000.0,-1583.0,29.0,16103.0,20000.0,-341.0,16872.0,354.0,1.0,27294.0,50.0,Pass
l3140.txm,69.9648,752.0,753.0,133.0,0.0,876.0,101.0,1181.0,9458.0,8992.0,-1988.0,30.0,15816.0,20200.0,-676.0,16556.0,350.0,1.0,27092.0,50.0,Pass
l3140.txm,70.9844,752.0,753.0,131.0,0.0,861.0,100.0,1181.0,9500.0,8993.0,-758.0,30.0,15769.0,20444.0,-569.0,16818.0,352.0,0.0,27028.0,50.0,Pass
l3140.txm,72.0039,752.0,752.0,135.0,0.0,871.0,101.0,1186.0,9506.0,8997.0,-850.0,30.0,16266.0,20452.0,-20.0,16200.0,360.0,0.0,27124.0,50.0,Pass
l3140.txm,73.0234,752.0,753.0,134.0,0.0,950.0,101.0,1192.0,9442.0,9068.0,508.0,28.0,16256.0,20128.0,1210.0,16280.0,349.0,0.0,27442.0,50.0,Pass
l3140.txm,74.043,752.0,753.0,132.0,0.0,1102.0,101.0,1192.0,9505.0,9042.0,526.0,26.0,16705.0,20068.0,408.0,16348.0,349.0,0.0,27370.0,50.0,Pass
l3140.txm,75.0625,752.0,753.0,132.0,0.0,1260.0,100.0,1187.0,9539.0,9031.0,206.0,26.0,16529.0,19728.0,58.0,16168.0,342.0,0.0,27626.0,51.0,Pass
l3140.txm,76.082,752.0,753.0,132.0,0.0,1408.0,101.0,1185.0,9562.0,8913.0,921.0,26.0,16529.0,19686.0,608.0,16338.0,346.0,0.0,27824.0,51.0,Pass
l3140.txm,77.1055,752.0,751.0,134.0,0.0,1594.0,102.0,1187.0,9439.0,8943.0,291.0,27.0,16427.0,19402.0,101.0,16554.0,342.0,0.0,28024.0,51.0,Pass
l3140.txm,78.1523,752.0,754.0,135.0,1.0,1629.0,102.0,1184.0,9499.0,9020.0,516.0,27.0,16269.0,19422.0,59.0,16440.0,350.0,1.0,27892.0,51.0,Pass
l3140.txm,79.1445,752.0,754.0,132.0,0.0,1635.0,101.0,1183.0,9500.0,9026.0,413.0,26.0,16043.0,19170.0,-5.0,16436.0,343.0,1.0,27868.0,51.0,Pass
l3140.txm,80.1641,752.0,754.0,135.0,0.0,1643.0,101.0,1185.0,9525.0,8912.0,335.0,26.0,16496.0,19362.0,794.0,16472.0,357.0,1.0,27896.0,51.0,Pass
l3140.txm,81.1836,752.0,754.0,134.0,1.0,1648.0,100.0,1184.0,9523.0,8899.0,-104.0,27.0,16369.0,19386.0,-71.0,16380.0,349.0,1.0,27892.0,51.0,Pass
l3140.txm,82.2031,752.0,753.0,132.0,0.0,1650.0,100.0,1182.0,9533.0,8929.0,365.0,26.0,16220.0,19330.0,-66.0,16528.0,345.0,0.0,28012.0,51.0,Pass
l3140.txm,83.2266,752.0,753.0,133.0,0.0,1662.0,102.0,1183.0,9536.0,8897.0,449.0,27.0,15888.0,19178.0,63.0,16472.0,343.0,0.0,27996.0,51.0,Pass
l3140.txm,84.2422,752.0,754.0,134.0,0.0,1660.0,100.0,1184.0,9487.0,8979.0,610.0,26.0,16225.0,19412.0,127.0,16578.0,349.0,0.0,27896.0,51.0,Pass
l3140.txm,85.2656,751.0,753.0,133.0,0.0,1659.0,102.0,1183.0,9444.0,8986.0,223.0,27.0,16157.0,19050.0,-14.0,16458.0,351.0,0.0,28006.0,51.0,Pass
l3140.txm,86.2812,752.0,752.0,135.0,1.0,1667.0,102.0,1185.0,9514.0,8938.0,333.0,27.0,16290.0,19398.0,678.0,16458.0,355.0,0.0,27838.0,51.0,Pass
l3140.txm,87.3047,752.0,754.0,133.0,0.0,1671.0,101.0,1184.0,9439.0,8954.0,574.0,26.0,16414.0,19376.0,14.0,16390.0,344.0,0.0,27848.0,51.0,Pass
l3140.txm,88.3633,751.0,753.0,132.0,0.0,1667.0,102.0,1183.0,9437.0,8937.0,992.0,27.0,16263.0,19356.0,-68.0,16400.0,355.0,1.0,27886.0,51.0,Pass
l3140.txm,89.3437,752.0,753.0,135.0,1.0,1673.0,100.0,1184.0,9421.0,8994.0,1003.0,27.0,16033.0,19276.0,13.0,16390.0,352.0,0.0,27830.0,51.0,Pass
l3140.txm,90.3906,751.0,753.0,135.0,1.0,1676.0,100.0,1186.0,9514.0,8936.0,899.0,27.0,16085.0,19320.0,18.0,16404.0,351.0,0.0,28022.0,51.0,Pass
l3140.txm,91.3828,752.0,753.0,135.0,0.0,1678.0,101.0,1185.0,9499.0,8934.0,371.0,26.0,16255.0,19444.0,39.0,16404.0,347.0,0.0,28010.0,51.0,Pass
l3140.txm,92.4023,752.0,754.0,132.0,0.0,1680.0,102.0,1187.0,9437.0,8970.0,749.0,26.0,16211.0,19096.0,-61.0,16252.0,349.0,1.0,27898.0,51.0,Pass
l3140.txm,93.4258,752.0,752.0,135.0,1.0,1684.0,102.0,1185.0,9444.0,9017.0,754.0,26.0,16212.0,19000.0,2.0,16510.0,352.0,0.0,28024.0,51.0,Pass
l3140.txm,94.4414,752.0,754.0,135.0,1.0,1681.0,101.0,1184.0,9502.0,8913.0,179.0,26.0,16296.0,19434.0,610.0,16520.0,359.0,1.0,27960.0,51.0,Pass
l3140.txm,95.4648,752.0,754.0,132.0,0.0,1690.0,101.0,1184.0,9463.0,8943.0,969.0,27.0,16102.0,19010.0,598.0,16502.0,352.0,0.0,27994.0,51.0,Pass
l3140.txm,96.5039,752.0,754.0,134.0,0.0,1691.0,100.0,1187.0,9531.0,8926.0,278.0,26.0,16386.0,19436.0,49.0,16460.0,348.0,1.0,27868.0,51.0,Pass
l3140.txm,97.5039,752.0,754.0,133.0,0.0,1691.0,102.0,1184.0,9438.0,8998.0,1000.0,26.0,16095.0,19190.0,36.0,16412.0,348.0,0.0,27848.0,51.0,Pass
l3140.txm,98.5234,751.0,752.0,131.0,0.0,1691.0,101.0,1185.0,9458.0,9025.0,785.0,26.0,15931.0,19220.0,-34.0,16634.0,352.0,1.0,27892.0,51.0,Pass
l3140.txm,99.543,752.0,753.0,132.0,0.0,1700.0,100.0,1184.0,9517.0,8913.0,297.0,26.0,16379.0,19328.0,-360.0,16506.0,346.0,1.0,27998.0,51.0,Pass
l3140.txm,100.566,752.0,752.0,134.0,1.0,1694.0,102.0,1186.0,9526.0,8923.0,435.0,26.0,16405.0,19398.0,806.0,16590.0,345.0,0.0,27954.0,51.0,Pass
l3140.txm,101.582,752.0,754.0,132.0,0.0,1692.0,101.0,1183.0,9441.0,9005.0,527.0,26.0,16127.0,19330.0,59.0,16374.0,357.0,0.0,27880.0,51.0,Pass
l3140.txm,102.629,752.0,753.0,131.0,0.0,1693.0,101.0,1183.0,9508.0,8907.0,491.0,26.0,16311.0,19002.0,-34.0,16536.0,355.0,0.0,27998.0,51.0,Pass
l3140.txm,103.621,752.0,753.0,135.0,0.0,1690.0,100.0,1184.0,9526.0,8906.0,1032.0,26.0,16608.0,19346.0,-1.0,16374.0,351.0,0.0,28018.0,51.0,Pass
l3140.txm,104.645,752.0,753.0,133.0,0.0,1696.0,101.0,1185.0,9510.0,8982.0,455.0,26.0,16202.0,19436.0,428.0,16614.0,346.0,0.0,27984.0,51.0,Pass
l3140.txm,105.664,752.0,753.0,134.0,0.0,1694.0,100.0,1184.0,9455.0,9014.0,349.0,26.0,16427.0,19162.0,-24.0,16452.0,349.0,0.0,27966.0,51.0,Pass
l3140.txm,106.684,752.0,753.0,132.0,0.0,1699.0,100.0,1186.0,9511.0,8929.0,702.0,26.0,16350.0,19024.0,-68.0,16372.0,350.0,0.0,27884.0,51.0,Pass
l3140.txm,107.703,752.0,754.0,136.0,0.0,1694.0,102.0,1185.0,9522.0,8904.0,733.0,26.0,16486.0,19132.0,-21.0,16570.0,349.0,0.0,27880.0,51.0,Pass
l3140.txm,108.754,752.0,753.0,134.0,0.0,1695.0,101.0,1184.0,9477.0,8955.0,824.0,26.0,16115.0,19206.0,147.0,16542.0,345.0,0.0,27978.0,51.0,Pass
l3301.txm,56.6719,752.0,754.0,131.0,0.0,395.0,101.0,1232.0,9398.0,8935.0,-772.0,29.0,16429.0,19724.0,-59.0,16304.0,352.0,0.0,27818.0,51.0,Pass
l3301.txm,57.6875,752.0,753.0,135.0,0.0,362.0,101.0,1309.0,9357.0,8981.0,-2397.0,30.0,16178.0,19780.0,41.0,16516.0,349.0,0.0,27870.0,49.0,Pass
l3301.txm,58.7187,752.0,755.0,134.0,0.0,362.0,101.0,1261.0,9388.0,9023.0,1393.0,27.0,16661.0,19780.0,-82.0,16468.0,343.0,0.0,27876.0,51.0,Pass
l3301.txm,59.7187,752.0,753.0,135.0,0.0,361.0,100.0,1206.0,9351.0,8990.0,-825.0,29.0,16289.0,19782.0,-416.0,16666.0,342.0,0.0,27874.0,51.0,Pass
l3301.txm,60.75,752.0,754.0,135.0,0.0,356.0,100.0,1237.0,9420.0,8930.0,-1325.0,28.0,16566.0,19774.0,574.0,16632.0,355.0,0.0,27870.0,50.0,Pass
l3301.txm,61.7656,752.0,754.0,132.0,0.0,354.0,100.0,1228.0,9420.0,8933.0,-874.0,28.0,16929.0,19768.0,-31.0,16848.0,354.0,0.0,27870.0,51.0,Pass
l3301.txm,62.7969,752.0,754.0,133.0,0.0,352.0,101.0,1228.0,9377.0,8992.0,-1065.0,28.0,16843.0,19780.0,-595.0,16764.0,351.0,0.0,27818.0,51.0,Pass
l3301.txm,63.7969,752.0,754.0,134.0,0.0,348.0,100.0,1229.0,9352.0,9017.0,-1526.0,28.0,16807.0,19832.0,-609.0,16582.0,350.0,0.0,27766.0,51.0,Pass
l3301.txm,64.8281,752.0,754.0,133.0,0.0,343.0,100.0,1231.0,9361.0,8995.0,-1586.0,28.0,16529.0,19828.0,16.0,16422.0,360.0,0.0,27778.0,51.0,Pass
l3301.txm,65.8437,752.0,754.0,134.0,0.0,340.0,100.0,1230.0,9402.0,8971.0,-1675.0,28.0,16476.0,19834.0,-430.0,16734.0,358.0,0.0,27774.0,51.0,Pass
l3301.txm,66.875,752.0,752.0,134.0,0.0,335.0,101.0,1227.0,9356.0,8952.0,-2274.0,28.0,16502.0,19860.0,-847.0,16734.0,360.0,0.0,27754.0,51.0,Pass
l3301.txm,67.9375,752.0,754.0,132.0,0.0,329.0,99.0,1224.0,9344.0,8993.0,-1967.0,28.0,16692.0,20046.0,11.0,16242.0,354.0,0.0,27628.0,51.0,Pass
l3301.txm,68.9687,752.0,754.0,134.0,0.0,319.0,102.0,1221.0,9348.0,9040.0,-1682.0,29.0,16168.0,19962.0,-277.0,17042.0,350.0,0.0,27670.0,50.0,Pass
l3301.txm,70.0,752.0,753.0,131.0,0.0,300.0,100.0,1215.0,9328.0,9039.0,-1353.0,31.0,15851.0,20124.0,144.0,16340.0,346.0,0.0,27384.0,50.0,Pass
l3301.txm,71.0,752.0,755.0,134.0,0.0,292.0,100.0,1227.0,9461.0,9013.0,-508.0,29.0,16227.0,20124.0,-584.0,16630.0,355.0,0.0,27506.0,50.0,Pass
l3301.txm,72.0312,752.0,753.0,135.0,0.0,295.0,102.0,1229.0,9444.0,9074.0,-1261.0,29.0,16285.0,20160.0,-876.0,16642.0,357.0,0.0,27340.0,50.0,Pass
l3301.txm,73.0469,751.0,753.0,136.0,0.0,308.0,100.0,1235.0,9424.0,9017.0,468.0,27.0,16544.0,20246.0,176.0,16102.0,347.0,0.0,27574.0,50.0,Pass
l3301.txm,74.0937,751.0,754.0,135.0,0.0,348.0,100.0,1239.0,9461.0,9015.0,564.0,25.0,16830.0,20060.0,26.0,16206.0,351.0,0.0,27806.0,50.0,Pass
l3301.txm,75.0781,752.0,754.0,134.0,0.0,389.0,100.0,1234.0,9438.0,8952.0,769.0,25.0,16993.0,19850.0,456.0,16288.0,350.0,0.0,27864.0,50.0,Pass
l3301.txm,76.1094,752.0,753.0,134.0,0.0,452.0,102.0,1231.0,9372.0,8967.0,830.0,26.0,16946.0,19656.0,128.0,16220.0,351.0,0.0,28114.0,51.0,Pass
l3301.txm,77.125,752.0,754.0,132.0,0.0,496.0,101.0,1227.0,9361.0,8980.0,317.0,26.0,16785.0,19258.0,528.0,16136.0,353.0,0.0,28294.0,51.0,Pass
l3301.txm,78.1562,752.0,753.0,135.0,0.0,529.0,101.0,1229.0,9342.0,8961.0,230.0,26.0,16817.0,19064.0,240.0,16714.0,356.0,0.0,28438.0,51.0,Pass
l3301.txm,79.1562,752.0,753.0,134.0,0.0,533.0,100.0,1230.0,9340.0,8994.0,670.0,26.0,16765.0,19092.0,111.0,16490.0,353.0,0.0,28272.0,51.0,Pass
l3301.txm,80.1875,752.0,753.0,131.0,0.0,530.0,100.0,1228.0,9376.0,8983.0,992.0,26.0,16795.0,19048.0,-469.0,16566.0,350.0,0.0,28286.0,51.0,Pass
l3301.txm,81.2344,752.0,754.0,134.0,0.0,538.0,100.0,1228.0,9391.0,8958.0,264.0,26.0,16876.0,19072.0,-94.0,16638.0,348.0,0.0,28426.0,51.0,Pass
l3301.txm,82.2344,752.0,753.0,133.0,0.0,541.0,101.0,1233.0,9414.0,8951.0,800.0,26.0,16556.0,19058.0,-331.0,16522.0,342.0,0.0,28282.0,51.0,Pass
l3301.txm,83.2344,752.0,753.0,134.0,0.0,537.0,102.0,1229.0,9336.0,9002.0,991.0,26.0,16751.0,19030.0,822.0,16576.0,356.0,0.0,28274.0,51.0,Pass
l3301.txm,84.2656,751.0,753.0,133.0,0.0,535.0,101.0,1227.0,9355.0,8957.0,575.0,26.0,16637.0,19070.0,141.0,16602.0,357.0,0.0,28276.0,51.0,Pass
l3301.txm,85.2812,752.0,753.0,133.0,0.0,538.0,99.0,1227.0,9418.0,8920.0,742.0,26.0,16544.0,19058.0,119.0,16628.0,357.0,1.0,28446.0,51.0,Pass
l3301.txm,86.3125,752.0,753.0,132.0,0.0,541.0,100.0,1227.0,9409.0,8966.0,900.0,26.0,16408.0,19022.0,590.0,16474.0,352.0,0.0,28428.0,51.0,Pass
l3301.txm,87.3281,752.0,753.0,133.0,0.0,538.0,101.0,1229.0,9362.0,8988.0,746.0,26.0,16668.0,19046.0,-55.0,16640.0,355.0,0.0,28264.0,51.0,Pass
l3301.txm,88.3438,752.0,752.0,133.0,0.0,539.0,101.0,1227.0,9374.0,8995.0,378.0,26.0,16786.0,19038.0,129.0,16476.0,347.0,0.0,28432.0,51.0,Pass
l3301.txm,89.375,752.0,753.0,131.0,0.0,543.0,100.0,1227.0,9359.0,8999.0,1036.0,26.0,16489.0,19056.0,-94.0,16566.0,342.0,0.0,28286.0,51.0,Pass
l3301.txm,90.3906,752.0,753.0,132.0,0.0,543.0,100.0,1227.0,9341.0,8993.0,1004.0,26.0,16349.0,19054.0,-326.0,16402.0,344.0,0.0,28420.0,51.0,Pass
l3301.txm,91.4062,752.0,754.0,133.0,0.0,540.0,100.0,1227.0,9373.0,8980.0,601.0,26.0,16793.0,19030.0,-294.0,16538.0,351.0,0.0,28442.0,51.0,Pass
l3301.txm,92.4219,752.0,753.0,134.0,0.0,545.0,101.0,1228.0,9400.0,8982.0,75.0,26.0,16604.0,19094.0,642.0,16498.0,344.0,0.0,28272.0,51.0,Pass
l3301.txm,93.4844,752.0,753.0,134.0,0.0,549.0,102.0,1227.0,9410.0,8939.0,608.0,26.0,16863.0,19066.0,-367.0,16466.0,348.0,0.0,28424.0,51.0,Pass
l3301.txm,94.4687,751.0,752.0,133.0,0.0,549.0,101.0,1229.0,9399.0,8941.0,584.0,26.0,16353.0,19044.0,1.0,16628.0,349.0,0.0,28442.0,51.0,Pass
l3301.txm,95.4844,752.0,752.0,132.0,0.0,545.0,101.0,1229.0,9410.0,8934.0,788.0,26.0,16832.0,19038.0,-48.0,16486.0,342.0,0.0,28276.0,51.0,Pass
l3301.txm,96.5,752.0,754.0,133.0,0.0,546.0,101.0,1227.0,9406.0,8941.0,473.0,26.0,16580.0,19074.0,-377.0,16450.0,354.0,0.0,28430.0,51.0,Pass
l3301.txm,97.5312,751.0,753.0,135.0,0.0,546.0,101.0,1229.0,9377.0,8951.0,524.0,26.0,16850.0,19038.0,-376.0,16540.0,344.0,0.0,28290.0,51.0,Pass
l3301.txm,98.6406,751.0,753.0,133.0,0.0,547.0,100.0,1228.0,9413.0,8927.0,477.0,26.0,16632.0,19068.0,-18.0,16468.0,347.0,0.0,28436.0,51.0,Pass
l3301.txm,99.6406,752.0,753.0,134.0,0.0,546.0,100.0,1230.0,9338.0,9009.0,618.0,26.0,16908.0,19054.0,155.0,16602.0,357.0,0.0,28274.0,51.0,Pass
l3301.txm,100.703,752.0,753.0,136.0,1.0,546.0,100.0,1229.0,9341.0,8974.0,503.0,26.0,16573.0,19030.0,-68.0,16450.0,348.0,0.0,28280.0,51.0,Pass
l3301.txm,101.688,752.0,753.0,134.0,0.0,546.0,102.0,1228.0,9423.0,8922.0,386.0,26.0,16896.0,19084.0,688.0,16464.0,356.0,0.0,28286.0,51.0,Pass
l3301.txm,102.719,751.0,753.0,132.0,0.0,545.0,100.0,1228.0,9349.0,8997.0,839.0,26.0,16609.0,19082.0,67.0,16642.0,352.0,0.0,28424.0,51.0,Pass
l3301.txm,103.719,751.0,752.0,133.0,0.0,540.0,100.0,1227.0,9391.0,8943.0,650.0,26.0,16890.0,19028.0,97.0,16410.0,355.0,0.0,28418.0,51.0,Pass
l3301.txm,104.75,751.0,752.0,133.0,0.0,542.0,101.0,1227.0,9373.0,8956.0,731.0,26.0,16406.0,19044.0,71.0,16436.0,355.0,1.0,28286.0,51.0,Pass
l3301.txm,105.766,752.0,754.0,135.0,0.0,543.0,100.0,1228.0,9349.0,8957.0,399.0,26.0,16377.0,19030.0,-426.0,16636.0,355.0,0.0,28280.0,51.0,Pass
l3301.txm,106.797,752.0,754.0,132.0,0.0,546.0,100.0,1230.0,9345.0,8997.0,1389.0,26.0,16572.0,19078.0,-52.0,16590.0,350.0,0.0,28444.0,51.0,Pass
l3301.txm,107.797,751.0,753.0,133.0,0.0,547.0,102.0,1227.0,9406.0,8926.0,88.0,26.0,16427.0,19076.0,450.0,16632.0,357.0,0.0,28442.0,51.0,Pass
l3301.txm,108.828,752.0,753.0,135.0,0.0,543.0,101.0,1227.0,9361.0,8983.0,598.0,26.0,16748.0,19092.0,88.0,16652.0,356.0,0.0,28448.0,51.0,Pass
l3301.txm,109.844,752.0,753.0,133.0,0.0,545.0,100.0,1226.0,9338.0,9010.0,337.0,27.0,16793.0,19080.0,-437.0,16486.0,345.0,0.0,28286.0,51.0,Pass
l3302.txm,57.6719,752.0,753.0,131.0,0.0,389.0,101.0,1258.0,9383.0,8988.0,-1868.0,30.0,15890.0,19748.0,-445.0,16460.0,353.0,0.0,27836.0,49.0,Pass
l3302.txm,58.7031,752.0,754.0,135.0,0.0,363.0,101.0,1302.0,9392.0,9011.0,-1899.0,29.0,16356.0,19788.0,-85.0,16156.0,342.0,0.0,27846.0,49.0,Pass
l3302.txm,59.7187,752.0,753.0,132.0,0.0,369.0,101.0,1241.0,9497.0,8970.0,810.0,26.0,16661.0,19786.0,-35.0,16352.0,351.0,1.0,27852.0,51.0,Pass
l3302.txm,60.7344,752.0,753.0,136.0,0.0,360.0,101.0,1215.0,9424.0,9010.0,202.0,27.0,16899.0,19784.0,-456.0,16566.0,349.0,0.0,27844.0,51.0,Pass
l3302.txm,61.7656,752.0,754.0,134.0,0.0,360.0,100.0,1234.0,9434.0,8962.0,-962.0,27.0,16654.0,19786.0,450.0,16444.0,355.0,0.0,27852.0,51.0,Pass
l3302.txm,62.7812,751.0,753.0,135.0,0.0,356.0,101.0,1227.0,9411.0,8993.0,-417.0,27.0,16887.0,19778.0,632.0,16558.0,346.0,0.0,27838.0,51.0,Pass
l3302.txm,63.8125,752.0,753.0,134.0,0.0,355.0,100.0,1228.0,9447.0,8923.0,-680.0,27.0,16709.0,19780.0,-322.0,16530.0,345.0,0.0,27846.0,51.0,Pass
l3302.txm,64.8125,751.0,753.0,134.0,0.0,351.0,102.0,1231.0,9434.0,9003.0,-752.0,28.0,16992.0,19792.0,71.0,16558.0,361.0,0.0,27822.0,51.0,Pass
l3302.txm,65.8437,751.0,753.0,132.0,0.0,345.0,100.0,1231.0,9411.0,9004.0,-1028.0,27.0,16912.0,19838.0,-369.0,16698.0,357.0,0.0,27762.0,51.0,Pass
l3302.txm,66.8594,752.0,753.0,135.0,0.0,341.0,102.0,1227.0,9433.0,9009.0,-1744.0,28.0,16797.0,19884.0,-570.0,16404.0,343.0,0.0,27600.0,51.0,Pass
l3302.txm,67.8906,752.0,753.0,133.0,0.0,342.0,101.0,1229.0,9420.0,8972.0,-1473.0,28.0,16635.0,19888.0,-436.0,16604.0,348.0,0.0,27742.0,51.0,Pass
l3302.txm,68.8906,752.0,752.0,134.0,0.0,338.0,100.0,1224.0,9410.0,8983.0,-1800.0,28.0,16571.0,20062.0,-91.0,16256.0,353.0,0.0,27620.0,51.0,Pass
l3302.txm,69.9531,752.0,754.0,132.0,0.0,320.0,100.0,1221.0,9392.0,9017.0,-2015.0,28.0,16617.0,19982.0,87.0,16598.0,342.0,0.0,27590.0,51.0,Pass
l3302.txm,70.9531,752.0,754.0,132.0,0.0,306.0,101.0,1220.0,9387.0,9020.0,-1068.0,29.0,16504.0,20116.0,-480.0,16296.0,353.0,0.0,27386.0,50.0,Pass
l3302.txm,71.9844,751.0,754.0,132.0,0.0,303.0,101.0,1224.0,9444.0,8984.0,-1866.0,30.0,15955.0,20110.0,-714.0,16760.0,349.0,0.0,27344.0,50.0,Pass
l3302.txm,73.0,752.0,753.0,133.0,0.0,288.0,102.0,1227.0,9440.0,9084.0,-1038.0,30.0,16229.0,20176.0,-694.0,16742.0,346.0,0.0,27420.0,50.0,Pass
l3302.txm,74.0156,752.0,754.0,134.0,0.0,298.0,101.0,1234.0,9487.0,9003.0,-401.0,29.0,16359.0,20272.0,137.0,16024.0,342.0,0.0,27388.0,50.0,Pass
l3302.txm,75.0312,752.0,753.0,134.0,1.0,337.0,101.0,1240.0,9427.0,9103.0,1014.0,25.0,17147.0,20004.0,147.0,16892.0,343.0,0.0,27834.0,50.0,Pass
l3302.txm,76.0625,752.0,754.0,132.0,0.0,383.0,100.0,1238.0,9414.0,8996.0,213.0,26.0,17040.0,19842.0,130.0,16136.0,349.0,1.0,27896.0,50.0,Pass
l3302.txm,77.1094,752.0,754.0,136.0,0.0,441.0,102.0,1231.0,9413.0,8956.0,1082.0,25.0,17032.0,19546.0,386.0,16138.0,346.0,0.0,28156.0,51.0,Pass
l3302.txm,78.0937,752.0,754.0,135.0,0.0,503.0,100.0,1231.0,9370.0,8947.0,701.0,26.0,16985.0,19288.0,14.0,15942.0,346.0,1.0,28354.0,51.0,Pass
l3302.txm,79.125,752.0,754.0,132.0,0.0,529.0,101.0,1228.0,9376.0,8935.0,828.0,26.0,16932.0,19080.0,26.0,16400.0,357.0,0.0,28300.0,51.0,Pass
l3302.txm,80.1406,752.0,753.0,135.0,0.0,531.0,102.0,1225.0,9336.0,8981.0,596.0,26.0,16900.0,19096.0,-56.0,16450.0,350.0,0.0,28292.0,51.0,Pass
l3302.txm,81.1719,751.0,754.0,134.0,0.0,538.0,101.0,1229.0,9352.0,9020.0,591.0,26.0,16700.0,19058.0,396.0,16480.0,351.0,0.0,28448.0,51.0,Pass
l3302.txm,82.1719,752.0,753.0,134.0,0.0,535.0,100.0,1226.0,9403.0,8947.0,730.0,26.0,17219.0,19090.0,-450.0,16464.0,351.0,0.0,28286.0,51.0,Pass
l3302.txm,83.2031,752.0,753.0,135.0,0.0,542.0,101.0,1226.0,9350.0,9032.0,438.0,26.0,17127.0,19068.0,31.0,16508.0,350.0,0.0,28278.0,51.0,Pass
l3302.txm,84.25,751.0,753.0,135.0,0.0,539.0,100.0,1228.0,9408.0,8921.0,521.0,26.0,17056.0,19066.0,-2.0,16462.0,346.0,0.0,28430.0,51.0,Pass
l3302.txm,85.25,751.0,753.0,136.0,0.0,545.0,101.0,1228.0,9350.0,8976.0,549.0,26.0,16928.0,19114.0,-308.0,16540.0,351.0,0.0,28442.0,51.0,Pass
l3302.txm,86.25,752.0,754.0,132.0,0.0,540.0,100.0,1229.0,9379.0,8944.0,904.0,26.0,16594.0,19076.0,2.0,16432.0,356.0,0.0,28280.0,51.0,Pass
l3302.txm,87.2812,751.0,753.0,133.0,0.0,543.0,102.0,1227.0,9341.0,9011.0,882.0,26.0,16789.0,19072.0,98.0,16450.0,358.0,0.0,28444.0,51.0,Pass
l3302.txm,88.2969,752.0,753.0,133.0,0.0,542.0,100.0,1226.0,9345.0,8995.0,664.0,26.0,17004.0,19098.0,862.0,16502.0,349.0,0.0,28270.0,51.0,Pass
l3302.txm,89.3281,752.0,754.0,132.0,0.0,542.0,101.0,1226.0,9384.0,8963.0,1146.0,26.0,16544.0,19086.0,151.0,16424.0,347.0,0.0,28436.0,51.0,Pass
l3302.txm,90.3437,752.0,753.0,134.0,0.0,543.0,102.0,1226.0,9353.0,9001.0,635.0,25.0,16791.0,19048.0,158.0,16492.0,344.0,0.0,28432.0,51.0,Pass
l3302.txm,91.3594,752.0,754.0,134.0,0.0,547.0,101.0,1227.0,9347.0,8972.0,795.0,26.0,16458.0,19062.0,-363.0,16470.0,352.0,0.0,28442.0,51.0,Pass
l3302.txm,92.375,752.0,753.0,134.0,0.0,543.0,101.0,1227.0,9384.0,8935.0,770.0,26.0,16820.0,19090.0,25.0,16498.0,359.0,0.0,28440.0,51.0,Pass
l3302.txm,93.4062,752.0,753.0,135.0,0.0,548.0,100.0,1227.0,9356.0,8996.0,935.0,26.0,16646.0,19094.0,39.0,16376.0,351.0,0.0,28274.0,51.0,Pass
l3302.txm,94.4062,752.0,754.0,133.0,0.0,553.0,101.0,1228.0,9392.0,8942.0,813.0,26.0,16557.0,19066.0,6.0,16540.0,343.0,0.0,28432.0,51.0,Pass
l3302.txm,95.4375,752.0,753.0,132.0,0.0,550.0,100.0,1229.0,9361.0,8988.0,601.0,26.0,16562.0,19052.0,-369.0,16496.0,350.0,0.0,28426.0,51.0,Pass
l3302.txm,96.5312,751.0,754.0,134.0,0.0,549.0,100.0,1228.0,9359.0,8953.0,598.0,26.0,16556.0,19084.0,-12.0,16478.0,354.0,0.0,28292.0,51.0,Pass
l3302.txm,97.5156,752.0,754.0,135.0,0.0,548.0,101.0,1228.0,9420.0,8945.0,381.0,26.0,17045.0,19068.0,144.0,16440.0,354.0,0.0,28436.0,51.0,Pass
l3302.txm,98.5625,752.0,753.0,135.0,0.0,549.0,101.0,1229.0,9406.0,8930.0,568.0,26.0,16684.0,19090.0,-402.0,16550.0,353.0,0.0,28282.0,51.0,Pass
l3302.txm,99.5781,752.0,754.0,134.0,0.0,546.0,100.0,1228.0,9346.0,9015.0,526.0,26.0,17033.0,19062.0,436.0,16484.0,346.0,0.0,28286.0,51.0,Pass
l3302.txm,100.609,752.0,754.0,135.0,0.0,551.0,100.0,1229.0,9362.0,8965.0,444.0,26.0,17045.0,19094.0,-54.0,16324.0,352.0,1.0,28282.0,51.0,Pass
l3302.txm,101.625,752.0,754.0,134.0,0.0,548.0,101.0,1227.0,9351.0,8987.0,548.0,26.0,16966.0,19090.0,332.0,16490.0,349.0,0.0,28446.0,51.0,Pass
l3302.txm,102.641,752.0,753.0,132.0,0.0,548.0,101.0,1226.0,9359.0,8981.0,-67.0,26.0,16977.0,19058.0,362.0,16474.0,351.0,0.0,28432.0,51.0,Pass
l3302.txm,103.688,752.0,753.0,132.0,0.0,548.0,100.0,1226.0,9401.0,8929.0,488.0,26.0,16496.0,19094.0,0.0,16546.0,346.0,0.0,28434.0,51.0,Pass
l3302.txm,104.688,752.0,753.0,134.0,0.0,547.0,101.0,1228.0,9369.0,8952.0,325.0,26.0,16616.0,19042.0,-438.0,16524.0,343.0,0.0,28290.0,51.0,Pass
l3302.txm,105.687,752.0,754.0,133.0,0.0,546.0,100.0,1227.0,9338.0,8984.0,595.0,26.0,16539.0,19050.0,-526.0,16468.0,355.0,0.0,28294.0,51.0,Pass
l3302.txm,106.719,752.0,754.0,134.0,0.0,544.0,101.0,1225.0,9351.0,8979.0,822.0,26.0,16671.0,19072.0,43.0,16396.0,351.0,0.0,28446.0,51.0,Pass
l3302.txm,107.734,753.0,753.0,134.0,0.0,542.0,100.0,1226.0,9317.0,9013.0,598.0,26.0,16526.0,19072.0,-261.0,16592.0,354.0,0.0,28428.0,51.0,Pass
l3302.txm,108.844,752.0,753.0,134.0,0.0,542.0,100.0,1226.0,9419.0,8925.0,530.0,26.0,16562.0,19062.0,-20.0,16444.0,348.0,0.0,28280.0,51.0,Pass
l3302.txm,109.828,752.0,753.0,132.0,0.0,547.0,100.0,1228.0,9385.0,8996.0,1246.0,25.0,16723.0,19088.0,86.0,16426.0,351.0,0.0,28276.0,51.0,Pass
l3302.txm,110.844,752.0,754.0,133.0,0.0,541.0,100.0,1232.0,9416.0,8932.0,413.0,26.0,17064.0,19094.0,104.0,16500.0,351.0,0.0,28278.0,51.0,Pass
l3303.txm,57.7344,752.0,753.0,135.0,0.0,356.0,100.0,1284.0,9444.0,8933.0,-2009.0,30.0,16200.0,19790.0,-370.0,16366.0,347.0,0.0,27830.0,49.0,Pass
l3303.txm,58.7344,752.0,753.0,136.0,0.0,360.0,101.0,1288.0,9395.0,8996.0,-1224.0,30.0,16553.0,19780.0,-322.0,16426.0,350.0,0.0,27824.0,50.0,Pass
l3303.txm,59.75,752.0,754.0,133.0,0.0,357.0,100.0,1215.0,9457.0,8987.0,526.0,28.0,16576.0,19782.0,141.0,16716.0,354.0,0.0,27806.0,51.0,Pass
l3303.txm,60.7656,752.0,753.0,132.0,0.0,350.0,101.0,1227.0,9408.0,9015.0,-845.0,29.0,16560.0,19776.0,-677.0,16862.0,348.0,0.0,27814.0,50.0,Pass
l3303.txm,61.7812,752.0,753.0,135.0,0.0,351.0,101.0,1232.0,9436.0,8980.0,-1007.0,29.0,16571.0,19830.0,-565.0,16542.0,346.0,0.0,27766.0,50.0,Pass
l3303.txm,62.8125,752.0,754.0,135.0,0.0,346.0,101.0,1228.0,9408.0,9012.0,-702.0,29.0,16393.0,19838.0,139.0,16554.0,348.0,0.0,27762.0,50.0,Pass
l3303.txm,63.8281,751.0,753.0,135.0,0.0,341.0,100.0,1229.0,9476.0,8950.0,-1383.0,29.0,16593.0,19836.0,-521.0,16744.0,350.0,0.0,27764.0,50.0,Pass
l3303.txm,64.8437,752.0,753.0,134.0,0.0,338.0,101.0,1228.0,9443.0,8964.0,-1185.0,29.0,16387.0,19832.0,-771.0,16890.0,350.0,0.0,27678.0,50.0,Pass
l3303.txm,65.8594,752.0,754.0,131.0,0.0,330.0,101.0,1227.0,9414.0,9007.0,-1423.0,29.0,16441.0,19924.0,-341.0,16082.0,343.0,0.0,27496.0,50.0,Pass
l3303.txm,66.8906,752.0,755.0,131.0,0.0,325.0,100.0,1227.0,9477.0,8956.0,-1694.0,29.0,16543.0,19986.0,125.0,16310.0,350.0,0.0,27638.0,50.0,Pass
l3303.txm,67.9062,752.0,753.0,135.0,0.0,321.0,101.0,1225.0,9437.0,8983.0,-2437.0,29.0,16443.0,19958.0,-15.0,16544.0,349.0,0.0,27628.0,50.0,Pass
l3303.txm,68.9375,751.0,754.0,134.0,0.0,310.0,102.0,1220.0,9464.0,8984.0,-1391.0,30.0,16358.0,19988.0,-94.0,16828.0,356.0,0.0,27600.0,50.0,Pass
l3303.txm,69.9531,752.0,754.0,134.0,0.0,304.0,100.0,1225.0,9471.0,8978.0,-1767.0,30.0,16030.0,20158.0,-357.0,16570.0,347.0,1.0,27300.0,50.0,Pass
l3303.txm,70.9687,752.0,754.0,133.0,0.0,293.0,100.0,1219.0,9428.0,9017.0,-934.0,31.0,15953.0,20176.0,-302.0,16440.0,343.0,0.0,27494.0,50.0,Pass
l3303.txm,72.0,752.0,753.0,135.0,0.0,290.0,100.0,1231.0,9488.0,8992.0,-947.0,30.0,16247.0,20230.0,28.0,16712.0,352.0,0.0,27492.0,49.0,Pass
l3303.txm,73.0,752.0,753.0,133.0,0.0,303.0,100.0,1234.0,9472.0,9056.0,-67.0,29.0,16062.0,20222.0,302.0,16178.0,356.0,0.0,27504.0,50.0,Pass
l3303.txm,74.0312,751.0,753.0,132.0,0.0,346.0,101.0,1240.0,9467.0,9025.0,1307.0,25.0,17058.0,20154.0,792.0,16876.0,361.0,0.0,27910.0,50.0,Pass
l3303.txm,75.0469,752.0,754.0,131.0,0.0,391.0,101.0,1237.0,9506.0,9001.0,1088.0,26.0,17395.0,19824.0,270.0,16226.0,358.0,1.0,27862.0,50.0,Pass
l3303.txm,76.0781,751.0,751.0,132.0,0.0,451.0,101.0,1228.0,9413.0,9022.0,1253.0,26.0,17211.0,19598.0,698.0,16068.0,345.0,0.0,28078.0,50.0,Pass
l3303.txm,77.1094,752.0,753.0,133.0,0.0,518.0,100.0,1231.0,9370.0,8928.0,630.0,26.0,17282.0,19280.0,620.0,16388.0,352.0,1.0,28378.0,51.0,Pass
l3303.txm,78.125,752.0,753.0,131.0,0.0,528.0,100.0,1225.0,9383.0,8931.0,1243.0,26.0,16673.0,19062.0,-458.0,16542.0,348.0,0.0,28386.0,51.0,Pass
l3303.txm,79.1406,751.0,753.0,133.0,0.0,533.0,100.0,1227.0,9412.0,8928.0,212.0,26.0,16999.0,19076.0,151.0,16416.0,348.0,0.0,28374.0,51.0,Pass
l3303.txm,80.1719,752.0,753.0,134.0,0.0,538.0,100.0,1230.0,9419.0,8935.0,319.0,26.0,16891.0,19090.0,-22.0,16572.0,356.0,0.0,28378.0,51.0,Pass
l3303.txm,81.1875,752.0,754.0,134.0,0.0,537.0,100.0,1229.0,9444.0,8964.0,9.0,26.0,17065.0,19060.0,-273.0,16588.0,342.0,0.0,28372.0,51.0,Pass
l3303.txm,82.2031,752.0,753.0,134.0,0.0,536.0,100.0,1229.0,9387.0,8943.0,-58.0,26.0,16813.0,19060.0,47.0,16534.0,349.0,0.0,28378.0,51.0,Pass
l3303.txm,83.2187,751.0,752.0,135.0,0.0,542.0,100.0,1230.0,9402.0,8952.0,823.0,26.0,16662.0,19072.0,478.0,16442.0,354.0,0.0,28378.0,51.0,Pass
l3303.txm,84.2813,751.0,752.0,132.0,0.0,537.0,100.0,1229.0,9378.0,8958.0,669.0,26.0,16530.0,19082.0,-83.0,16532.0,353.0,0.0,28374.0,51.0,Pass
l3303.txm,85.2812,751.0,753.0,132.0,0.0,540.0,101.0,1229.0,9367.0,8996.0,880.0,26.0,16906.0,19078.0,116.0,16328.0,342.0,0.0,28374.0,51.0,Pass
l3303.txm,86.2812,752.0,753.0,133.0,0.0,542.0,100.0,1229.0,9407.0,8999.0,950.0,26.0,17104.0,19072.0,156.0,16536.0,349.0,0.0,28382.0,51.0,Pass
l3303.txm,87.3125,752.0,754.0,135.0,0.0,539.0,101.0,1228.0,9364.0,9014.0,578.0,26.0,16835.0,19060.0,-347.0,16442.0,350.0,0.0,28368.0,51.0,Pass
l3303.txm,88.3281,752.0,755.0,135.0,0.0,540.0,102.0,1229.0,9378.0,9004.0,565.0,26.0,16862.0,19108.0,92.0,16524.0,350.0,0.0,28378.0,51.0,Pass
l3303.txm,89.3594,751.0,753.0,135.0,0.0,542.0,101.0,1228.0,9408.0,8953.0,409.0,26.0,16729.0,19090.0,-43.0,16356.0,347.0,0.0,28378.0,51.0,Pass
l3303.txm,90.3594,752.0,754.0,132.0,0.0,544.0,102.0,1228.0,9411.0,8966.0,1026.0,26.0,16560.0,19096.0,868.0,16434.0,354.0,1.0,28376.0,51.0,Pass
l3303.txm,91.3906,751.0,752.0,133.0,0.0,546.0,101.0,1229.0,9368.0,8994.0,327.0,26.0,17008.0,19054.0,55.0,16484.0,356.0,0.0,28366.0,51.0,Pass
l3303.txm,92.4063,751.0,752.0,135.0,0.0,542.0,101.0,1227.0,9388.0,8974.0,179.0,26.0,16989.0,19078.0,706.0,16556.0,345.0,0.0,28382.0,51.0,Pass
l3303.txm,93.4375,752.0,753.0,132.0,0.0,544.0,101.0,1227.0,9408.0,8955.0,623.0,26.0,16745.0,19074.0,44.0,16410.0,358.0,0.0,28362.0,51.0,Pass
l3303.txm,94.4375,752.0,753.0,131.0,0.0,543.0,102.0,1229.0,9379.0,8978.0,437.0,26.0,16873.0,19100.0,474.0,16478.0,351.0,1.0,28374.0,51.0,Pass
l3303.txm,95.4687,752.0,753.0,133.0,0.0,547.0,101.0,1229.0,9377.0,9007.0,900.0,26.0,16764.0,19072.0,444.0,16406.0,352.0,0.0,28382.0,51.0,Pass
l3303.txm,96.5,751.0,753.0,134.0,0.0,542.0,101.0,1227.0,9370.0,9029.0,711.0,26.0,17034.0,19078.0,-14.0,16358.0,350.0,0.0,28380.0,51.0,Pass
l3303.txm,97.5469,752.0,754.0,132.0,0.0,546.0,101.0,1227.0,9440.0,8946.0,768.0,26.0,16814.0,19086.0,382.0,16476.0,350.0,0.0,28378.0,51.0,Pass
l3303.txm,98.5469,751.0,753.0,133.0,0.0,545.0,100.0,1226.0,9450.0,8943.0,731.0,26.0,16700.0,19080.0,590.0,16384.0,352.0,0.0,28374.0,51.0,Pass
l3303.txm,99.5781,752.0,753.0,132.0,0.0,546.0,101.0,1226.0,9439.0,8926.0,968.0,26.0,16899.0,19066.0,-351.0,16410.0,345.0,0.0,28374.0,51.0,Pass
l3303.txm,100.594,752.0,753.0,135.0,0.0,546.0,101.0,1230.0,9340.0,8981.0,430.0,26.0,17075.0,19060.0,107.0,16524.0,348.0,0.0,28376.0,51.0,Pass
l3303.txm,101.625,751.0,753.0,132.0,0.0,546.0,100.0,1228.0,9360.0,8985.0,1305.0,26.0,16567.0,19080.0,-329.0,16436.0,351.0,0.0,28374.0,51.0,Pass
l3303.txm,102.641,752.0,754.0,134.0,0.0,544.0,100.0,1227.0,9420.0,8940.0,898.0,26.0,16909.0,19074.0,59.0,16432.0,351.0,0.0,28374.0,51.0,Pass
l3303.txm,103.688,752.0,752.0,135.0,0.0,547.0,101.0,1227.0,9361.0,8991.0,711.0,26.0,16865.0,19050.0,-321.0,16388.0,342.0,0.0,28376.0,51.0,Pass
l3303.txm,104.688,752.0,753.0,134.0,0.0,545.0,101.0,1227.0,9356.0,8999.0,1104.0,26.0,16848.0,19050.0,101.0,16496.0,344.0,0.0,28380.0,51.0,Pass
l3303.txm,105.703,752.0,754.0,133.0,0.0,550.0,101.0,1230.0,9348.0,9009.0,122.0,26.0,16795.0,19096.0,780.0,16428.0,351.0,0.0,28382.0,51.0,Pass
l3303.txm,106.719,752.0,754.0,134.0,0.0,544.0,102.0,1227.0,9368.0,8994.0,572.0,26.0,16651.0,19096.0,-31.0,16556.0,345.0,0.0,28370.0,51.0,Pass
l3303.txm,107.734,751.0,753.0,133.0,0.0,545.0,100.0,1231.0,9435.0,8968.0,508.0,26.0,16817.0,19090.0,-66.0,16390.0,350.0,0.0,28380.0,51.0,Pass
l3303.txm,108.766,752.0,754.0,132.0,0.0,547.0,101.0,1229.0,9422.0,8938.0,820.0,26.0,16872.0,19080.0,109.0,16596.0,349.0,0.0,28378.0,51.0,Pass
l3303.txm,109.781,752.0,752.0,133.0,0.0,550.0,101.0,1228.0,9390.0,8961.0,660.0,26.0,16833.0,19074.0,768.0,16284.0,361.0,0.0,28366.0,51.0,Pass
l3303.txm,110.797,752.0,754.0,133.0,0.0,544.0,101.0,1228.0,9368.0,8978.0,865.0,26.0,16768.0,19082.0,326.0,16634.0,352.0,0.0,28376.0,51.0,Pass
l3304.txm,57.7344,752.0,754.0,131.0,0.0,369.0,101.0,1284.0,9391.0,9016.0,-1208.0,29.0,16532.0,19784.0,-59.0,16246.0,352.0,0.0,27824.0,49.0,Pass
l3304.txm,58.7812,752.0,753.0,135.0,0.0,366.0,101.0,1282.0,9448.0,8956.0,-957.0,30.0,16529.0,19788.0,-521.0,16498.0,349.0,0.0,27828.0,50.0,Pass
l3304.txm,59.7969,752.0,752.0,134.0,0.0,363.0,101.0,1209.0,9429.0,8978.0,-727.0,29.0,16416.0,19778.0,-330.0,16574.0,350.0,0.0,27828.0,51.0,Pass
l3304.txm,60.8281,752.0,753.0,134.0,0.0,356.0,101.0,1224.0,9404.0,8956.0,-1940.0,29.0,16303.0,19786.0,-412.0,16790.0,352.0,0.0,27806.0,50.0,Pass
l3304.txm,61.8437,752.0,753.0,136.0,0.0,353.0,100.0,1231.0,9402.0,8973.0,-2109.0,29.0,16489.0,19806.0,-610.0,16762.0,356.0,0.0,27766.0,50.0,Pass
l3304.txm,62.8906,752.0,753.0,136.0,0.0,348.0,99.0,1224.0,9371.0,8991.0,-1776.0,29.0,16319.0,19842.0,-93.0,16644.0,346.0,0.0,27720.0,50.0,Pass
l3304.txm,63.9062,752.0,754.0,133.0,0.0,339.0,101.0,1227.0,9389.0,8970.0,-1571.0,29.0,16531.0,19844.0,84.0,16444.0,357.0,0.0,27760.0,50.0,Pass
l3304.txm,64.9375,752.0,753.0,134.0,0.0,339.0,100.0,1230.0,9411.0,8940.0,-2389.0,29.0,16117.0,19856.0,107.0,16578.0,352.0,0.0,27712.0,50.0,Pass
l3304.txm,65.9531,752.0,753.0,135.0,0.0,334.0,100.0,1231.0,9375.0,9021.0,-2085.0,29.0,16481.0,19830.0,-861.0,16912.0,349.0,0.0,27656.0,50.0,Pass
l3304.txm,66.9687,752.0,755.0,135.0,0.0,328.0,100.0,1226.0,9388.0,8991.0,-2066.0,29.0,16226.0,19960.0,-29.0,16336.0,345.0,0.0,27726.0,50.0,Pass
l3304.txm,67.9844,751.0,754.0,135.0,0.0,322.0,102.0,1227.0,9435.0,8967.0,-1759.0,29.0,16567.0,19972.0,39.0,16492.0,342.0,0.0,27758.0,50.0,Pass
l3304.txm,69.0156,751.0,753.0,133.0,0.0,313.0,102.0,1220.0,9388.0,8999.0,-2221.0,30.0,16143.0,20004.0,54.0,16970.0,342.0,0.0,27706.0,50.0,Pass
l3304.txm,70.0469,752.0,754.0,134.0,0.0,298.0,101.0,1220.0,9394.0,8985.0,-2032.0,31.0,15807.0,20158.0,-375.0,16390.0,359.0,0.0,27382.0,50.0,Pass
l3304.txm,71.0469,752.0,754.0,136.0,0.0,294.0,101.0,1224.0,9475.0,9028.0,-1603.0,30.0,16077.0,20152.0,-318.0,16444.0,350.0,0.0,27306.0,50.0,Pass
l3304.txm,72.0625,752.0,754.0,131.0,0.0,292.0,102.0,1227.0,9481.0,9058.0,-1598.0,30.0,16044.0,20234.0,-541.0,16310.0,353.0,0.0,27362.0,49.0,Pass
l3304.txm,73.0937,752.0,753.0,135.0,0.0,308.0,100.0,1236.0,9472.0,9039.0,-1405.0,29.0,16223.0,20264.0,744.0,16326.0,352.0,1.0,27544.0,49.0,Pass
l3304.txm,74.1094,752.0,754.0,133.0,1.0,340.0,101.0,1245.0,9455.0,9105.0,1124.0,26.0,16595.0,20028.0,-19.0,16592.0,344.0,0.0,27806.0,50.0,Pass
l3304.txm,75.125,752.0,754.0,134.0,0.0,390.0,100.0,1240.0,9486.0,8963.0,73.0,25.0,17344.0,19900.0,1006.0,16318.0,351.0,0.0,27892.0,50.0,Pass
l3304.txm,76.1562,752.0,754.0,135.0,0.0,439.0,102.0,1231.0,9401.0,8987.0,846.0,26.0,16986.0,19700.0,109.0,16188.0,343.0,0.0,28114.0,50.0,Pass
l3304.txm,77.1719,752.0,754.0,134.0,0.0,501.0,100.0,1232.0,9466.0,8927.0,102.0,26.0,17113.0,19248.0,93.0,16324.0,345.0,0.0,28350.0,50.0,Pass
l3304.txm,78.2031,752.0,754.0,134.0,0.0,532.0,100.0,1231.0,9420.0,8969.0,313.0,26.0,17019.0,19108.0,59.0,16492.0,347.0,0.0,28370.0,51.0,Pass
l3304.txm,79.2031,752.0,752.0,133.0,0.0,536.0,100.0,1227.0,9412.0,8920.0,348.0,26.0,16975.0,19082.0,690.0,16434.0,355.0,0.0,28374.0,51.0,Pass
l3304.txm,80.2344,752.0,754.0,134.0,0.0,531.0,101.0,1228.0,9438.0,8949.0,11.0,26.0,17006.0,19092.0,-296.0,16452.0,347.0,0.0,28386.0,51.0,Pass
l3304.txm,81.25,752.0,754.0,133.0,0.0,530.0,101.0,1228.0,9452.0,8923.0,280.0,26.0,16672.0,19124.0,-83.0,16486.0,351.0,0.0,28386.0,51.0,Pass
l3304.txm,82.2812,751.0,753.0,135.0,0.0,536.0,101.0,1228.0,9353.0,8988.0,-3.0,26.0,17061.0,19120.0,542.0,16284.0,344.0,0.0,28372.0,51.0,Pass
l3304.txm,83.2812,752.0,753.0,134.0,0.0,544.0,100.0,1230.0,9377.0,8983.0,382.0,26.0,17116.0,19094.0,134.0,16476.0,350.0,0.0,28374.0,51.0,Pass
l3304.txm,84.3125,752.0,753.0,133.0,0.0,540.0,101.0,1229.0,9375.0,9029.0,-59.0,26.0,16695.0,19108.0,-61.0,16290.0,357.0,0.0,28384.0,51.0,Pass
l3304.txm,85.3281,752.0,753.0,132.0,0.0,539.0,101.0,1229.0,9360.0,9000.0,367.0,26.0,16695.0,19086.0,23.0,16382.0,354.0,0.0,28370.0,51.0,Pass
l3304.txm,86.3594,752.0,753.0,135.0,0.0,543.0,101.0,1227.0,9422.0,8968.0,239.0,26.0,17068.0,19112.0,65.0,16336.0,343.0,0.0,28376.0,51.0,Pass
l3304.txm,87.3594,752.0,753.0,134.0,0.0,538.0,100.0,1228.0,9436.0,8929.0,277.0,26.0,16904.0,19108.0,568.0,16498.0,355.0,0.0,28378.0,51.0,Pass
l3304.txm,88.3906,752.0,753.0,135.0,0.0,544.0,100.0,1229.0,9419.0,8935.0,329.0,26.0,16954.0,19112.0,-4.0,16346.0,350.0,0.0,28382.0,51.0,Pass
l3304.txm,89.4375,752.0,753.0,134.0,0.0,540.0,102.0,1229.0,9443.0,8910.0,327.0,26.0,17147.0,19068.0,95.0,16444.0,353.0,0.0,28368.0,51.0,Pass
l3304.txm,90.4687,752.0,753.0,135.0,0.0,541.0,102.0,1228.0,9406.0,8959.0,-113.0,26.0,17124.0,19086.0,54.0,16462.0,354.0,0.0,28372.0,51.0,Pass
l3304.txm,91.4844,751.0,753.0,134.0,0.0,544.0,102.0,1227.0,9410.0,8962.0,325.0,26.0,16898.0,19126.0,90.0,16322.0,360.0,0.0,28380.0,51.0,Pass
l3304.txm,92.5,752.0,753.0,135.0,0.0,540.0,100.0,1227.0,9428.0,8956.0,161.0,26.0,17002.0,19126.0,72.0,16354.0,347.0,0.0,28382.0,51.0,Pass
l3304.txm,93.5312,752.0,755.0,132.0,0.0,547.0,101.0,1229.0,9403.0,8995.0,367.0,25.0,16736.0,19082.0,31.0,16460.0,351.0,1.0,28360.0,51.0,Pass
l3304.txm,94.5312,752.0,752.0,135.0,0.0,543.0,102.0,1229.0,9447.0,8923.0,304.0,26.0,16829.0,19074.0,742.0,16440.0,348.0,1.0,28372.0,51.0,Pass
l3304.txm,95.5625,752.0,754.0,132.0,0.0,546.0,100.0,1229.0,9363.0,9012.0,584.0,26.0,17120.0,19038.0,147.0,16498.0,351.0,0.0,28386.0,51.0,Pass
l3304.txm,96.6094,752.0,754.0,134.0,0.0,548.0,101.0,1228.0,9462.0,8916.0,291.0,26.0,16956.0,19052.0,130.0,16490.0,351.0,0.0,28368.0,51.0,Pass
l3304.txm,97.625,752.0,753.0,135.0,0.0,549.0,101.0,1227.0,9385.0,8991.0,486.0,26.0,16805.0,19032.0,748.0,16652.0,348.0,0.0,28358.0,51.0,Pass
l3304.txm,98.6406,751.0,752.0,135.0,0.0,549.0,100.0,1229.0,9368.0,8986.0,609.0,25.0,16674.0,19078.0,-462.0,16682.0,352.0,0.0,28374.0,51.0,Pass
l3304.txm,99.6562,752.0,753.0,131.0,0.0,548.0,101.0,1230.0,9446.0,8948.0,793.0,26.0,16543.0,19068.0,73.0,16420.0,348.0,0.0,28364.0,51.0,Pass
l3304.txm,100.672,752.0,753.0,133.0,0.0,550.0,101.0,1230.0,9391.0,8986.0,959.0,26.0,16646.0,19080.0,-557.0,16576.0,343.0,0.0,28378.0,51.0,Pass
l3304.txm,101.703,753.0,753.0,134.0,0.0,547.0,100.0,1229.0,9376.0,8954.0,601.0,26.0,16995.0,19072.0,9.0,16688.0,356.0,0.0,28362.0,51.0,Pass
l3304.txm,102.719,751.0,752.0,133.0,0.0,551.0,100.0,1231.0,9468.0,8918.0,482.0,25.0,17179.0,19060.0,-337.0,16624.0,344.0,0.0,28374.0,51.0,Pass
l3304.txm,103.734,752.0,753.0,132.0,0.0,545.0,100.0,1231.0,9406.0,8972.0,599.0,26.0,16742.0,19046.0,-432.0,16592.0,348.0,0.0,28368.0,51.0,Pass
l3304.txm,104.75,751.0,753.0,135.0,0.0,549.0,100.0,1232.0,9369.0,9026.0,735.0,26.0,16737.0,19076.0,51.0,16576.0,357.0,1.0,28368.0,51.0,Pass
l3304.txm,105.781,751.0,753.0,135.0,0.0,551.0,100.0,1228.0,9423.0,8917.0,307.0,26.0,16811.0,19056.0,-263.0,16640.0,351.0,0.0,28364.0,51.0,Pass
l3304.txm,106.891,751.0,753.0,133.0,0.0,554.0,100.0,1229.0,9442.0,8916.0,162.0,26.0,17258.0,19056.0,-64.0,16574.0,354.0,0.0,28358.0,51.0,Pass
l3304.txm,107.859,752.0,754.0,134.0,0.0,549.0,101.0,1230.0,9424.0,8949.0,676.0,25.0,16641.0,19082.0,-14.0,16612.0,356.0,1.0,28372.0,51.0,Pass
l3304.txm,108.891,752.0,753.0,136.0,0.0,548.0,101.0,1228.0,9356.0,9003.0,375.0,26.0,17011.0,19078.0,18.0,16558.0,348.0,0.0,28366.0,51.0,Pass
l3304.txm,109.891,752.0,753.0,134.0,0.0,551.0,101.0,1228.0,9437.0,8930.0,852.0,26.0,16659.0,19068.0,153.0,16528.0,346.0,0.0,28362.0,51.0,Pass
l3304.txm,110.922,752.0,753.0,132.0,0.0,554.0,100.0,1229.0,9354.0,9004.0,831.0,26.0,17028.0,19086.0,-70.0,16546.0,354.0,0.0,28356.0,51.0,Pass
l3304.txm,111.937,752.0,753.0,133.0,0.0,546.0,100.0,1230.0,9417.0,8960.0,698.0,26.0,16903.0,19040.0,-575.0,16536.0,350.0,0.0,28348.0,51.0,Pass
l3305.txm,57.6719,752.0,753.0,135.0,0.0,376.0,101.0,1265.0,9436.0,8985.0,-2552.0,29.0,16159.0,19790.0,-621.0,16320.0,352.0,0.0,27836.0,49.0,Pass
l3305.txm,58.6875,752.0,754.0,132.0,0.0,360.0,100.0,1291.0,9449.0,8950.0,-1351.0,29.0,16284.0,19786.0,466.0,16446.0,355.0,0.0,27822.0,49.0,Pass
l3305.txm,59.7031,751.0,753.0,135.0,0.0,370.0,101.0,1223.0,9465.0,8959.0,549.0,28.0,16452.0,19786.0,-712.0,16826.0,360.0,0.0,27824.0,51.0,Pass
l3305.txm,60.7187,752.0,753.0,133.0,0.0,361.0,101.0,1224.0,9437.0,9001.0,-617.0,29.0,16480.0,19796.0,121.0,16724.0,353.0,0.0,27806.0,50.0,Pass
l3305.txm,61.75,752.0,754.0,135.0,0.0,352.0,101.0,1230.0,9395.0,9010.0,-435.0,30.0,16162.0,19842.0,-621.0,16562.0,344.0,0.0,27766.0,50.0,Pass
l3305.txm,62.7812,752.0,754.0,134.0,0.0,351.0,100.0,1228.0,9409.0,9009.0,-226.0,30.0,16477.0,19838.0,41.0,16596.0,351.0,0.0,27764.0,50.0,Pass
l3305.txm,63.7812,752.0,753.0,131.0,0.0,348.0,99.0,1228.0,9462.0,8940.0,-674.0,30.0,16312.0,19850.0,-676.0,16550.0,351.0,0.0,27762.0,50.0,Pass
l3305.txm,64.8125,752.0,752.0,132.0,0.0,342.0,100.0,1230.0,9429.0,8980.0,-903.0,30.0,16416.0,19818.0,-366.0,16608.0,351.0,0.0,27688.0,50.0,Pass
l3305.txm,65.8281,751.0,754.0,134.0,0.0,337.0,101.0,1231.0,9453.0,9017.0,-1304.0,29.0,16692.0,19894.0,-319.0,16506.0,346.0,0.0,27570.0,50.0,Pass
l3305.txm,66.8594,752.0,753.0,135.0,0.0,332.0,101.0,1227.0,9472.0,8982.0,-2110.0,29.0,16529.0,19960.0,1020.0,16242.0,348.0,0.0,27642.0,50.0,Pass
l3305.txm,67.8594,752.0,753.0,133.0,0.0,324.0,102.0,1226.0,9456.0,8953.0,-1751.0,29.0,16639.0,19878.0,95.0,16668.0,351.0,0.0,27732.0,50.0,Pass
l3305.txm,68.9219,752.0,753.0,134.0,0.0,316.0,100.0,1222.0,9461.0,8973.0,-1584.0,30.0,16222.0,19918.0,-262.0,16924.0,344.0,0.0,27600.0,50.0,Pass
l3305.txm,69.9062,752.0,753.0,135.0,0.0,305.0,101.0,1220.0,9381.0,9025.0,-2476.0,30.0,16240.0,20108.0,-400.0,16450.0,348.0,0.0,27342.0,50.0,Pass
l3305.txm,70.9375,752.0,753.0,136.0,0.0,293.0,100.0,1227.0,9416.0,9059.0,-1274.0,31.0,15990.0,20154.0,107.0,16676.0,355.0,0.0,27352.0,50.0,Pass
l3305.txm,71.9375,752.0,753.0,131.0,0.0,296.0,100.0,1226.0,9498.0,9003.0,-612.0,30.0,15852.0,20196.0,-652.0,16448.0,361.0,0.0,27370.0,50.0,Pass
l3305.txm,72.9687,751.0,752.0,135.0,0.0,299.0,101.0,1230.0,9420.0,9021.0,-427.0,29.0,16503.0,20236.0,-275.0,16300.0,354.0,0.0,27354.0,49.0,Pass
l3305.txm,73.9844,752.0,754.0,132.0,0.0,343.0,101.0,1244.0,9428.0,9065.0,739.0,28.0,16629.0,20158.0,416.0,16724.0,347.0,0.0,27818.0,50.0,Pass
l3305.txm,75.0156,752.0,753.0,133.0,0.0,379.0,100.0,1235.0,9504.0,8985.0,96.0,26.0,16658.0,19954.0,53.0,16086.0,347.0,1.0,27848.0,50.0,Pass
l3305.txm,76.0469,752.0,753.0,132.0,0.0,436.0,101.0,1234.0,9383.0,9005.0,798.0,26.0,16777.0,19552.0,1.0,16248.0,344.0,0.0,28142.0,50.0,Pass
l3305.txm,77.0469,752.0,754.0,134.0,0.0,505.0,100.0,1230.0,9377.0,8989.0,-196.0,27.0,17080.0,19290.0,-40.0,16292.0,356.0,0.0,28344.0,51.0,Pass
l3305.txm,78.0625,752.0,753.0,135.0,0.0,528.0,101.0,1227.0,9426.0,8957.0,296.0,27.0,17001.0,19146.0,147.0,16428.0,345.0,0.0,28396.0,51.0,Pass
l3305.txm,79.0937,752.0,754.0,135.0,0.0,536.0,102.0,1226.0,9404.0,8950.0,568.0,26.0,16673.0,19078.0,-40.0,16554.0,353.0,0.0,28356.0,51.0,Pass
l3305.txm,80.1094,752.0,753.0,135.0,0.0,539.0,100.0,1226.0,9412.0,8960.0,120.0,27.0,16638.0,19108.0,81.0,16618.0,348.0,0.0,28368.0,51.0,Pass
l3305.txm,81.125,751.0,753.0,134.0,0.0,538.0,100.0,1230.0,9369.0,8978.0,504.0,27.0,16731.0,19026.0,-321.0,16694.0,349.0,0.0,28360.0,51.0,Pass
l3305.txm,82.1562,752.0,753.0,134.0,0.0,540.0,100.0,1227.0,9431.0,8942.0,573.0,26.0,17114.0,19092.0,159.0,16592.0,359.0,0.0,28366.0,51.0,Pass
l3305.txm,83.1719,752.0,753.0,132.0,0.0,541.0,100.0,1230.0,9361.0,9023.0,608.0,27.0,16752.0,19102.0,-342.0,16660.0,345.0,0.0,28368.0,51.0,Pass
l3305.txm,84.1875,752.0,754.0,132.0,0.0,542.0,100.0,1227.0,9411.0,8922.0,805.0,26.0,16796.0,19094.0,46.0,16492.0,348.0,0.0,28374.0,51.0,Pass
l3305.txm,85.2031,752.0,753.0,134.0,0.0,545.0,101.0,1228.0,9369.0,9007.0,291.0,26.0,16819.0,19086.0,-47.0,16522.0,357.0,0.0,28372.0,51.0,Pass
l3305.txm,86.2344,752.0,753.0,133.0,0.0,545.0,100.0,1227.0,9433.0,8938.0,451.0,27.0,16568.0,19094.0,-300.0,16644.0,346.0,0.0,28370.0,51.0,Pass
l3305.txm,87.25,752.0,753.0,134.0,0.0,545.0,101.0,1227.0,9357.0,8999.0,889.0,27.0,16394.0,19034.0,680.0,16662.0,343.0,0.0,28358.0,51.0,Pass
l3305.txm,88.2969,751.0,753.0,134.0,0.0,542.0,102.0,1228.0,9349.0,9024.0,375.0,26.0,16763.0,19038.0,-265.0,16494.0,351.0,0.0,28360.0,51.0,Pass
l3305.txm,89.3125,752.0,753.0,134.0,0.0,551.0,100.0,1228.0,9381.0,8963.0,952.0,26.0,16654.0,19100.0,-58.0,16694.0,343.0,0.0,28350.0,51.0,Pass
l3305.txm,90.3437,752.0,753.0,134.0,0.0,547.0,100.0,1228.0,9359.0,8997.0,253.0,27.0,16984.0,19094.0,-271.0,16614.0,347.0,1.0,28368.0,51.0,Pass
l3305.txm,91.3437,752.0,754.0,132.0,0.0,545.0,101.0,1227.0,9461.0,8919.0,823.0,26.0,16678.0,19040.0,42.0,16666.0,346.0,0.0,28372.0,51.0,Pass
l3305.txm,92.375,752.0,753.0,132.0,0.0,547.0,100.0,1227.0,9448.0,8941.0,778.0,27.0,16769.0,19058.0,2.0,16528.0,344.0,0.0,28352.0,51.0,Pass
l3305.txm,93.3906,752.0,755.0,133.0,0.0,550.0,101.0,1226.0,9373.0,8948.0,593.0,26.0,16709.0,19026.0,131.0,16564.0,347.0,0.0,28358.0,51.0,Pass
l3305.txm,94.4219,751.0,752.0,132.0,0.0,547.0,102.0,1229.0,9371.0,8960.0,575.0,27.0,16531.0,19042.0,-290.0,16448.0,346.0,0.0,28372.0,51.0,Pass
l3305.txm,95.4687,752.0,754.0,135.0,0.0,547.0,101.0,1228.0,9419.0,8965.0,625.0,26.0,16909.0,19092.0,-480.0,16448.0,342.0,0.0,28368.0,51.0,Pass
l3305.txm,96.4531,751.0,752.0,135.0,0.0,551.0,101.0,1231.0,9393.0,8962.0,342.0,27.0,16854.0,19068.0,-529.0,16576.0,349.0,0.0,28380.0,51.0,Pass
l3305.txm,97.4844,752.0,752.0,135.0,0.0,546.0,101.0,1227.0,9449.0,8932.0,687.0,27.0,17146.0,19082.0,-323.0,16536.0,346.0,0.0,28368.0,51.0,Pass
l3305.txm,98.5,752.0,754.0,132.0,0.0,548.0,101.0,1230.0,9435.0,8948.0,828.0,27.0,16605.0,19100.0,-393.0,16652.0,349.0,0.0,28366.0,51.0,Pass
l3305.txm,99.5156,752.0,754.0,134.0,0.0,554.0,101.0,1229.0,9397.0,8949.0,954.0,27.0,16829.0,19104.0,524.0,16494.0,351.0,0.0,28368.0,51.0,Pass
l3305.txm,100.531,752.0,753.0,134.0,0.0,550.0,101.0,1230.0,9444.0,8925.0,321.0,27.0,16689.0,19092.0,-346.0,16386.0,341.0,0.0,28368.0,51.0,Pass
l3305.txm,101.563,751.0,753.0,134.0,1.0,546.0,100.0,1227.0,9380.0,8979.0,774.0,27.0,16930.0,19082.0,596.0,16540.0,353.0,0.0,28376.0,51.0,Pass
l3305.txm,102.578,752.0,752.0,134.0,0.0,551.0,100.0,1227.0,9436.0,8972.0,474.0,27.0,16817.0,19094.0,-275.0,16462.0,348.0,1.0,28358.0,51.0,Pass
l3305.txm,103.609,751.0,754.0,133.0,0.0,554.0,101.0,1228.0,9407.0,8954.0,966.0,27.0,17000.0,19096.0,-325.0,16574.0,351.0,0.0,28386.0,51.0,Pass
l3305.txm,104.609,752.0,753.0,131.0,0.0,548.0,101.0,1229.0,9400.0,8952.0,639.0,27.0,16768.0,19096.0,-75.0,16514.0,350.0,0.0,28366.0,51.0,Pass
l3305.txm,105.641,752.0,753.0,132.0,0.0,551.0,100.0,1228.0,9385.0,8976.0,863.0,27.0,16505.0,19026.0,106.0,16734.0,354.0,0.0,28356.0,51.0,Pass
l3305.txm,106.656,752.0,754.0,131.0,0.0,552.0,101.0,1227.0,9405.0,8956.0,1222.0,27.0,16702.0,19044.0,106.0,16504.0,350.0,0.0,28358.0,51.0,Pass
l3305.txm,107.703,752.0,753.0,131.0,0.0,551.0,102.0,1227.0,9418.0,8943.0,804.0,26.0,16748.0,19018.0,105.0,16652.0,348.0,0.0,28354.0,51.0,Pass
l3305.txm,108.687,752.0,753.0,134.0,0.0,551.0,101.0,1228.0,9409.0,8977.0,162.0,27.0,16964.0,19040.0,12.0,16504.0,352.0,0.0,28370.0,51.0,Pass
l3305.txm,109.719,752.0,753.0,135.0,0.0,549.0,101.0,1228.0,9367.0,9002.0,144.0,26.0,17054.0,19106.0,-33.0,16676.0,346.0,0.0,28362.0,51.0,Pass
l3305.txm,110.734,752.0,754.0,132.0,0.0,543.0,101.0,1226.0,9412.0,8928.0,582.0,27.0,16561.0,19064.0,43.0,16460.0,348.0,0.0,28342.0,51.0,Pass
l3306.txm,56.7187,751.0,753.0,132.0,0.0,378.0,100.0,1275.0,9412.0,9003.0,-1915.0,30.0,16151.0,19762.0,-620.0,16468.0,346.0,0.0,27852.0,49.0,Pass
l3306.txm,57.75,752.0,754.0,134.0,0.0,365.0,101.0,1282.0,9427.0,9040.0,-1298.0,29.0,16353.0,19792.0,-492.0,16632.0,345.0,0.0,27850.0,50.0,Pass
l3306.txm,58.7656,752.0,754.0,136.0,0.0,365.0,101.0,1220.0,9496.0,8985.0,205.0,28.0,16930.0,19792.0,-462.0,16566.0,350.0,0.0,27834.0,51.0,Pass
l3306.txm,59.7969,751.0,754.0,135.0,0.0,357.0,100.0,1220.0,9465.0,8985.0,69.0,29.0,16525.0,19786.0,174.0,16764.0,356.0,0.0,27818.0,50.0,Pass
l3306.txm,60.7969,752.0,752.0,135.0,0.0,353.0,100.0,1232.0,9424.0,8988.0,-1607.0,29.0,16441.0,19798.0,123.0,16590.0,353.0,0.0,27806.0,50.0,Pass
l3306.txm,61.8281,752.0,754.0,134.0,0.0,351.0,100.0,1226.0,9414.0,9014.0,-1359.0,29.0,16263.0,19838.0,-674.0,16504.0,346.0,0.0,27764.0,50.0,Pass
l3306.txm,62.8437,752.0,753.0,132.0,0.0,343.0,101.0,1225.0,9415.0,9015.0,-1387.0,29.0,16654.0,19834.0,-387.0,16692.0,345.0,0.0,27726.0,50.0,Pass
l3306.txm,63.875,752.0,754.0,131.0,0.0,345.0,101.0,1228.0,9419.0,9011.0,-1343.0,29.0,16376.0,19844.0,-285.0,16540.0,353.0,0.0,27632.0,50.0,Pass
l3306.txm,64.8906,752.0,754.0,136.0,0.0,339.0,100.0,1228.0,9415.0,9010.0,-1518.0,30.0,16289.0,19888.0,-702.0,16532.0,340.0,0.0,27636.0,50.0,Pass
l3306.txm,65.9062,752.0,754.0,132.0,0.0,330.0,101.0,1227.0,9463.0,8983.0,-1541.0,30.0,16211.0,19952.0,694.0,16378.0,349.0,0.0,27772.0,50.0,Pass
l3306.txm,66.9375,752.0,753.0,133.0,0.0,326.0,101.0,1227.0,9425.0,9031.0,-1534.0,30.0,16214.0,19914.0,-377.0,16858.0,345.0,0.0,27750.0,50.0,Pass
l3306.txm,67.9531,752.0,753.0,136.0,0.0,315.0,101.0,1221.0,9455.0,8957.0,-1717.0,31.0,16072.0,20070.0,-277.0,16364.0,348.0,0.0,27486.0,50.0,Pass
l3306.txm,69.0,752.0,754.0,132.0,0.0,307.0,101.0,1223.0,9479.0,8995.0,-1586.0,31.0,16193.0,20118.0,-448.0,16628.0,344.0,0.0,27530.0,50.0,Pass
l3306.txm,69.9844,751.0,754.0,133.0,0.0,293.0,102.0,1222.0,9467.0,8993.0,-1903.0,30.0,15985.0,20190.0,19.0,16192.0,346.0,0.0,27372.0,50.0,Pass
l3306.txm,71.0312,751.0,753.0,131.0,0.0,295.0,101.0,1226.0,9519.0,9012.0,-418.0,29.0,15874.0,20232.0,63.0,16836.0,356.0,0.0,27270.0,49.0,Pass
l3306.txm,72.0312,752.0,754.0,135.0,0.0,299.0,100.0,1231.0,9426.0,9086.0,-1022.0,30.0,16067.0,20324.0,-455.0,16068.0,346.0,0.0,27342.0,49.0,Pass
l3306.txm,73.0469,751.0,754.0,133.0,0.0,337.0,101.0,1241.0,9455.0,9063.0,602.0,28.0,16557.0,20118.0,914.0,16818.0,351.0,0.0,27836.0,50.0,Pass
l3306.txm,74.0625,751.0,753.0,135.0,0.0,380.0,101.0,1238.0,9473.0,8971.0,321.0,26.0,17070.0,19886.0,792.0,16182.0,347.0,0.0,27846.0,50.0,Pass
l3306.txm,75.0937,752.0,753.0,134.0,0.0,436.0,101.0,1229.0,9451.0,8946.0,671.0,27.0,16750.0,19764.0,-39.0,16204.0,349.0,1.0,28098.0,50.0,Pass
l3306.txm,76.1094,752.0,754.0,131.0,0.0,503.0,101.0,1235.0,9422.0,9001.0,919.0,24.0,17296.0,19256.0,0.0,16412.0,346.0,0.0,28346.0,50.0,Pass
l3306.txm,77.125,751.0,753.0,135.0,0.0,533.0,101.0,1230.0,9387.0,9011.0,684.0,25.0,17092.0,19182.0,30.0,16424.0,346.0,0.0,28366.0,51.0,Pass
l3306.txm,78.1719,752.0,754.0,134.0,0.0,538.0,101.0,1226.0,9378.0,8971.0,296.0,26.0,16849.0,19092.0,-77.0,16374.0,347.0,0.0,28358.0,51.0,Pass
l3306.txm,79.1719,752.0,753.0,134.0,0.0,537.0,100.0,1229.0,9428.0,8929.0,657.0,25.0,17156.0,19116.0,382.0,16316.0,356.0,0.0,28374.0,51.0,Pass
l3306.txm,80.1875,752.0,755.0,133.0,0.0,536.0,101.0,1229.0,9360.0,9031.0,668.0,26.0,16920.0,19074.0,294.0,16324.0,351.0,0.0,28374.0,51.0,Pass
l3306.txm,81.2031,752.0,753.0,132.0,0.0,542.0,101.0,1230.0,9406.0,8991.0,696.0,26.0,16666.0,19048.0,-30.0,16318.0,349.0,0.0,28356.0,51.0,Pass
l3306.txm,82.2344,752.0,753.0,134.0,0.0,546.0,102.0,1230.0,9432.0,8973.0,790.0,26.0,16784.0,19116.0,-415.0,16568.0,350.0,0.0,28422.0,51.0,Pass
l3306.txm,83.25,752.0,753.0,132.0,0.0,544.0,101.0,1227.0,9411.0,8964.0,403.0,26.0,17144.0,19108.0,83.0,16568.0,351.0,0.0,28272.0,51.0,Pass
l3306.txm,84.2813,751.0,753.0,132.0,0.0,549.0,100.0,1229.0,9415.0,8943.0,540.0,26.0,16883.0,19088.0,-761.0,16714.0,357.0,0.0,28438.0,51.0,Pass
l3306.txm,85.2812,752.0,753.0,133.0,0.0,551.0,100.0,1231.0,9415.0,8944.0,347.0,26.0,17084.0,19068.0,-490.0,16540.0,356.0,0.0,28280.0,51.0,Pass
l3306.txm,86.3125,752.0,753.0,132.0,0.0,549.0,100.0,1229.0,9386.0,9003.0,1049.0,26.0,16929.0,19064.0,-318.0,16604.0,345.0,0.0,28432.0,51.0,Pass
l3306.txm,87.3281,752.0,753.0,134.0,0.0,543.0,100.0,1225.0,9381.0,9000.0,562.0,26.0,16518.0,19034.0,149.0,16694.0,349.0,0.0,28284.0,51.0,Pass
l3306.txm,88.3594,751.0,752.0,134.0,0.0,548.0,101.0,1228.0,9430.0,8924.0,63.0,27.0,16623.0,19020.0,-527.0,16716.0,349.0,0.0,28290.0,51.0,Pass
l3306.txm,89.3594,751.0,753.0,133.0,0.0,549.0,100.0,1226.0,9438.0,8972.0,585.0,26.0,16681.0,19020.0,-355.0,16718.0,351.0,1.0,28272.0,51.0,Pass
l3306.txm,90.4219,752.0,752.0,132.0,0.0,549.0,101.0,1226.0,9394.0,8923.0,232.0,26.0,16599.0,19120.0,-416.0,16580.0,343.0,0.0,28260.0,51.0,Pass
l3306.txm,91.4375,752.0,753.0,135.0,0.0,548.0,101.0,1227.0,9384.0,9036.0,365.0,26.0,16860.0,19126.0,-85.0,16682.0,347.0,0.0,28416.0,51.0,Pass
l3306.txm,92.4531,752.0,753.0,131.0,0.0,549.0,102.0,1227.0,9396.0,9009.0,739.0,26.0,16445.0,19116.0,-94.0,16578.0,351.0,0.0,28268.0,51.0,Pass
l3306.txm,93.4687,752.0,753.0,132.0,0.0,553.0,101.0,1229.0,9396.0,8953.0,202.0,26.0,17024.0,19000.0,-76.0,16524.0,357.0,0.0,28274.0,51.0,Pass
l3306.txm,94.5,752.0,753.0,135.0,0.0,551.0,101.0,1227.0,9369.0,9015.0,470.0,26.0,16869.0,19110.0,47.0,16540.0,349.0,0.0,28258.0,51.0,Pass
l3306.txm,95.5156,752.0,753.0,134.0,0.0,552.0,100.0,1225.0,9403.0,8973.0,5.0,26.0,17016.0,19114.0,-21.0,16538.0,355.0,0.0,28426.0,51.0,Pass
l3306.txm,96.5469,752.0,754.0,133.0,0.0,550.0,102.0,1228.0,9382.0,8953.0,498.0,26.0,16632.0,19112.0,-532.0,16520.0,352.0,0.0,28274.0,51.0,Pass
l3306.txm,97.5937,751.0,752.0,132.0,0.0,556.0,101.0,1227.0,9406.0,8967.0,1201.0,27.0,16788.0,19002.0,136.0,16690.0,346.0,0.0,28278.0,51.0,Pass
l3306.txm,98.5781,752.0,754.0,132.0,0.0,549.0,102.0,1226.0,9406.0,8948.0,98.0,26.0,17023.0,19094.0,-327.0,16632.0,344.0,0.0,28258.0,51.0,Pass
l3306.txm,99.6094,752.0,753.0,132.0,0.0,548.0,101.0,1227.0,9394.0,9021.0,396.0,26.0,16867.0,18996.0,-87.0,16720.0,349.0,0.0,28268.0,51.0,Pass
l3306.txm,100.609,751.0,752.0,133.0,0.0,551.0,102.0,1226.0,9368.0,9009.0,457.0,26.0,17170.0,19128.0,-335.0,16602.0,341.0,0.0,28424.0,51.0,Pass
l3306.txm,101.641,752.0,754.0,134.0,0.0,547.0,102.0,1225.0,9366.0,9012.0,632.0,26.0,16845.0,18994.0,29.0,16622.0,351.0,0.0,28280.0,51.0,Pass
l3306.txm,102.656,752.0,754.0,134.0,0.0,549.0,100.0,1226.0,9406.0,8959.0,302.0,25.0,16940.0,19106.0,-371.0,16734.0,354.0,0.0,28436.0,51.0,Pass
l3306.txm,103.688,752.0,753.0,135.0,0.0,546.0,100.0,1225.0,9419.0,8963.0,8.0,26.0,16941.0,19056.0,-405.0,16642.0,340.0,0.0,28402.0,51.0,Pass
l3306.txm,104.688,751.0,752.0,132.0,0.0,550.0,101.0,1226.0,9449.0,8934.0,942.0,26.0,16911.0,19074.0,-446.0,16660.0,349.0,0.0,28288.0,51.0,Pass
l3306.txm,105.719,752.0,753.0,134.0,0.0,548.0,101.0,1226.0,9352.0,9013.0,585.0,26.0,16659.0,19024.0,36.0,16604.0,350.0,0.0,28254.0,51.0,Pass
l3306.txm,106.734,752.0,752.0,132.0,0.0,551.0,101.0,1228.0,9372.0,9020.0,623.0,25.0,16868.0,18998.0,-403.0,16580.0,353.0,0.0,28420.0,51.0,Pass
l3306.txm,107.766,752.0,754.0,135.0,0.0,550.0,100.0,1228.0,9419.0,8949.0,203.0,25.0,17098.0,19132.0,-289.0,16624.0,349.0,1.0,28424.0,51.0,Pass
l3306.txm,108.766,752.0,753.0,134.0,0.0,550.0,100.0,1228.0,9356.0,8973.0,349.0,26.0,16962.0,19032.0,-418.0,16792.0,350.0,0.0,28396.0,51.0,Pass
l3306.txm,109.844,752.0,753.0,133.0,0.0,553.0,101.0,1229.0,9356.0,9011.0,610.0,26.0,17001.0,19122.0,-394.0,16660.0,343.0,0.0,28416.0,51.0,Pass
l3307.txm,57.8125,752.0,753.0,135.0,0.0,370.0,100.0,1286.0,9431.0,8923.0,-2435.0,29.0,15865.0,19794.0,-621.0,16436.0,345.0,0.0,27832.0,49.0,Pass
l3307.txm,58.8437,752.0,753.0,130.0,0.0,367.0,101.0,1283.0,9458.0,8997.0,-1448.0,29.0,16581.0,19782.0,-595.0,16566.0,351.0,0.0,27826.0,50.0,Pass
l3307.txm,59.8594,752.0,754.0,136.0,0.0,367.0,101.0,1213.0,9420.0,9020.0,740.0,28.0,16787.0,19782.0,-258.0,16792.0,360.0,0.0,27818.0,51.0,Pass
l3307.txm,60.875,752.0,754.0,133.0,0.0,357.0,101.0,1232.0,9450.0,9005.0,-98.0,28.0,16798.0,19794.0,-412.0,16826.0,345.0,0.0,27770.0,50.0,Pass
l3307.txm,61.8906,751.0,753.0,135.0,0.0,354.0,101.0,1231.0,9413.0,9008.0,-1813.0,29.0,16323.0,19848.0,-399.0,16418.0,346.0,0.0,27782.0,50.0,Pass
l3307.txm,62.9219,752.0,754.0,134.0,0.0,351.0,101.0,1227.0,9385.0,8990.0,-1226.0,29.0,16274.0,19846.0,-618.0,16382.0,359.0,0.0,27772.0,50.0,Pass
l3307.txm,63.9375,752.0,753.0,134.0,0.0,345.0,100.0,1231.0,9419.0,8997.0,-1607.0,29.0,16465.0,19844.0,141.0,16460.0,354.0,0.0,27774.0,50.0,Pass
l3307.txm,64.9531,752.0,754.0,134.0,0.0,339.0,101.0,1226.0,9403.0,9017.0,-1962.0,29.0,16476.0,19838.0,-409.0,16746.0,348.0,0.0,27642.0,50.0,Pass
l3307.txm,65.9687,752.0,753.0,131.0,0.0,339.0,100.0,1230.0,9459.0,8964.0,-2170.0,29.0,16221.0,19792.0,-930.0,16614.0,350.0,0.0,27638.0,50.0,Pass
l3307.txm,67.0,752.0,753.0,135.0,0.0,336.0,101.0,1230.0,9400.0,9006.0,-1802.0,29.0,16450.0,19928.0,-400.0,16366.0,346.0,0.0,27684.0,50.0,Pass
l3307.txm,68.0156,752.0,755.0,132.0,0.0,321.0,100.0,1223.0,9474.0,8969.0,-1534.0,30.0,16237.0,20020.0,-48.0,16746.0,349.0,0.0,27566.0,50.0,Pass
l3307.txm,69.0312,752.0,753.0,136.0,0.0,312.0,102.0,1224.0,9474.0,8967.0,-2067.0,30.0,16276.0,20030.0,-483.0,16986.0,357.0,1.0,27668.0,50.0,Pass
l3307.txm,70.0469,751.0,753.0,134.0,0.0,303.0,100.0,1221.0,9461.0,9006.0,-1843.0,30.0,16045.0,20166.0,1.0,16468.0,359.0,0.0,27314.0,50.0,Pass
l3307.txm,71.0781,752.0,754.0,134.0,0.0,294.0,101.0,1225.0,9408.0,9043.0,-1824.0,31.0,16113.0,20278.0,11.0,16834.0,359.0,0.0,27400.0,50.0,Pass
l3307.txm,72.1719,752.0,754.0,135.0,0.0,290.0,100.0,1227.0,9414.0,9081.0,-1219.0,30.0,16004.0,20194.0,-348.0,16298.0,346.0,0.0,27342.0,49.0,Pass
l3307.txm,73.1094,752.0,754.0,133.0,0.0,308.0,100.0,1230.0,9480.0,9009.0,109.0,28.0,16031.0,20176.0,324.0,15970.0,350.0,0.0,27388.0,49.0,Pass
l3307.txm,74.1406,752.0,753.0,134.0,0.0,346.0,100.0,1246.0,9547.0,9014.0,828.0,25.0,16972.0,20062.0,658.0,16612.0,358.0,1.0,27824.0,50.0,Pass
l3307.txm,75.1562,752.0,753.0,131.0,0.0,392.0,101.0,1235.0,9463.0,8956.0,1039.0,25.0,17151.0,19968.0,732.0,16064.0,347.0,0.0,27828.0,50.0,Pass
l3307.txm,76.1875,752.0,754.0,132.0,0.0,451.0,101.0,1231.0,9456.0,8941.0,1005.0,26.0,17018.0,19624.0,132.0,16454.0,350.0,1.0,28114.0,50.0,Pass
l3307.txm,77.1875,752.0,752.0,135.0,0.0,517.0,100.0,1234.0,9422.0,8922.0,760.0,26.0,16770.0,19166.0,0.0,16204.0,344.0,1.0,28336.0,50.0,Pass
l3307.txm,78.2187,752.0,754.0,135.0,0.0,535.0,100.0,1226.0,9398.0,8917.0,446.0,26.0,17036.0,19190.0,88.0,16316.0,351.0,0.0,28370.0,51.0,Pass
l3307.txm,79.2656,752.0,754.0,132.0,0.0,538.0,101.0,1227.0,9372.0,9022.0,1222.0,26.0,17069.0,18978.0,125.0,16678.0,350.0,0.0,28380.0,51.0,Pass
l3307.txm,80.2656,751.0,753.0,135.0,0.0,540.0,101.0,1226.0,9446.0,8954.0,712.0,26.0,17167.0,19040.0,-10.0,16558.0,344.0,0.0,28336.0,51.0,Pass
l3307.txm,81.2656,752.0,753.0,132.0,0.0,541.0,100.0,1226.0,9403.0,8977.0,551.0,26.0,16793.0,18988.0,-87.0,16506.0,345.0,0.0,28344.0,51.0,Pass
l3307.txm,82.2969,752.0,755.0,133.0,0.0,544.0,101.0,1224.0,9379.0,9011.0,307.0,26.0,16570.0,19078.0,82.0,16588.0,348.0,0.0,28396.0,51.0,Pass
l3307.txm,83.3125,752.0,753.0,133.0,0.0,546.0,101.0,1227.0,9426.0,8993.0,260.0,26.0,17032.0,19176.0,-27.0,16532.0,350.0,0.0,28352.0,51.0,Pass
l3307.txm,84.3437,752.0,753.0,132.0,0.0,549.0,101.0,1227.0,9376.0,9028.0,951.0,26.0,17054.0,19026.0,32.0,16538.0,342.0,0.0,28342.0,51.0,Pass
l3307.txm,85.3437,752.0,753.0,135.0,0.0,542.0,102.0,1227.0,9396.0,8988.0,622.0,26.0,16780.0,18984.0,26.0,16360.0,348.0,0.0,28342.0,51.0,Pass
l3307.txm,86.375,752.0,753.0,132.0,0.0,543.0,102.0,1227.0,9423.0,8965.0,399.0,26.0,17168.0,19124.0,-73.0,16530.0,357.0,0.0,28340.0,51.0,Pass
l3307.txm,87.3906,752.0,754.0,134.0,0.0,543.0,100.0,1224.0,9423.0,8976.0,859.0,26.0,17019.0,19162.0,546.0,16568.0,358.0,0.0,28342.0,51.0,Pass
l3307.txm,88.4219,752.0,753.0,136.0,0.0,543.0,101.0,1227.0,9374.0,9001.0,831.0,26.0,16727.0,19030.0,125.0,16500.0,342.0,0.0,28380.0,51.0,Pass
l3307.txm,89.4219,752.0,753.0,133.0,0.0,549.0,101.0,1227.0,9454.0,8927.0,1010.0,26.0,17077.0,19182.0,-67.0,16506.0,349.0,1.0,28340.0,51.0,Pass
l3307.txm,90.4531,752.0,754.0,134.0,0.0,549.0,100.0,1226.0,9415.0,8973.0,701.0,26.0,16634.0,18970.0,61.0,16536.0,348.0,0.0,28346.0,51.0,Pass
l3307.txm,91.4844,751.0,752.0,135.0,0.0,546.0,101.0,1228.0,9384.0,8986.0,279.0,26.0,16563.0,19050.0,133.0,16612.0,350.0,1.0,28388.0,51.0,Pass
l3307.txm,92.5,752.0,754.0,132.0,0.0,552.0,101.0,1227.0,9397.0,8998.0,906.0,26.0,16677.0,18992.0,802.0,16574.0,350.0,0.0,28360.0,51.0,Pass
l3307.txm,93.5156,752.0,753.0,133.0,0.0,552.0,101.0,1229.0,9422.0,8988.0,1221.0,26.0,16872.0,19024.0,154.0,16284.0,347.0,0.0,28378.0,51.0,Pass
l3307.txm,94.5312,752.0,753.0,135.0,0.0,553.0,100.0,1229.0,9403.0,8979.0,279.0,25.0,16968.0,19170.0,742.0,16356.0,355.0,0.0,28396.0,51.0,Pass
l3307.txm,95.5625,752.0,753.0,134.0,0.0,549.0,100.0,1227.0,9419.0,8966.0,482.0,26.0,17199.0,19146.0,-497.0,16590.0,360.0,0.0,28352.0,51.0,Pass
l3307.txm,96.5781,751.0,753.0,134.0,0.0,553.0,102.0,1227.0,9376.0,9017.0,492.0,26.0,16794.0,19142.0,948.0,16516.0,347.0,0.0,28376.0,51.0,Pass
l3307.txm,97.5937,752.0,753.0,135.0,0.0,549.0,101.0,1227.0,9460.0,8951.0,141.0,26.0,16918.0,19176.0,-79.0,16378.0,348.0,0.0,28386.0,51.0,Pass
l3307.txm,98.6406,752.0,752.0,135.0,0.0,552.0,102.0,1229.0,9452.0,8930.0,1288.0,26.0,16895.0,19150.0,-42.0,16510.0,354.0,0.0,28342.0,51.0,Pass
l3307.txm,99.6406,752.0,753.0,135.0,1.0,548.0,100.0,1227.0,9477.0,8939.0,963.0,26.0,16732.0,19154.0,22.0,16522.0,349.0,0.0,28364.0,51.0,Pass
l3307.txm,100.656,752.0,753.0,135.0,0.0,552.0,101.0,1229.0,9384.0,8967.0,932.0,26.0,17069.0,19022.0,-92.0,16468.0,346.0,0.0,28382.0,51.0,Pass
l3307.txm,101.672,752.0,754.0,132.0,0.0,551.0,102.0,1227.0,9407.0,8959.0,862.0,26.0,17097.0,19192.0,390.0,16456.0,349.0,0.0,28354.0,51.0,Pass
l3307.txm,102.688,751.0,752.0,132.0,0.0,551.0,101.0,1228.0,9392.0,9002.0,644.0,26.0,16871.0,18982.0,-45.0,16448.0,346.0,0.0,28348.0,51.0,Pass
l3307.txm,103.719,751.0,753.0,132.0,0.0,549.0,101.0,1226.0,9430.0,8961.0,970.0,25.0,16773.0,19060.0,-318.0,16486.0,351.0,0.0,28336.0,51.0,Pass
l3307.txm,104.734,752.0,753.0,135.0,0.0,548.0,100.0,1227.0,9414.0,8986.0,428.0,26.0,17101.0,18982.0,-505.0,16422.0,343.0,0.0,28336.0,51.0,Pass
l3307.txm,105.75,752.0,754.0,133.0,0.0,550.0,100.0,1227.0,9454.0,8908.0,499.0,26.0,16556.0,19008.0,3.0,16484.0,359.0,0.0,28382.0,51.0,Pass
l3307.txm,106.766,751.0,753.0,135.0,0.0,548.0,100.0,1229.0,9376.0,8992.0,815.0,26.0,16894.0,19194.0,528.0,16688.0,353.0,0.0,28362.0,51.0,Pass
l3307.txm,107.797,752.0,753.0,135.0,0.0,550.0,101.0,1228.0,9370.0,9001.0,659.0,26.0,16786.0,19112.0,-334.0,16580.0,343.0,0.0,28340.0,51.0,Pass
l3307.txm,108.828,752.0,753.0,132.0,0.0,549.0,100.0,1230.0,9454.0,8940.0,778.0,26.0,16674.0,19146.0,8.0,16640.0,350.0,0.0,28348.0,51.0,Pass
l3307.txm,109.828,752.0,753.0,134.0,0.0,554.0,100.0,1232.0,9389.0,8959.0,806.0,26.0,17032.0,19048.0,144.0,16534.0,355.0,0.0,28330.0,51.0,Pass
l3307.txm,110.891,752.0,754.0,135.0,0.0,550.0,100.0,1229.0,9437.0,8946.0,703.0,26.0,17080.0,19196.0,-437.0,16716.0,351.0,0.0,28382.0,51.0,Pass
l3308.txm,56.6562,752.0,754.0,134.0,0.0,396.0,101.0,1231.0,9436.0,8971.0,-663.0,30.0,16267.0,19746.0,-672.0,16416.0,350.0,0.0,27826.0,50.0,Pass
l3308.txm,57.6719,752.0,753.0,135.0,0.0,363.0,101.0,1296.0,9442.0,8970.0,-1603.0,30.0,16259.0,19790.0,444.0,16482.0,351.0,0.0,27830.0,49.0,Pass
l3308.txm,58.7187,752.0,754.0,136.0,0.0,368.0,101.0,1234.0,9442.0,8981.0,936.0,29.0,16464.0,19804.0,111.0,16492.0,345.0,0.0,27826.0,51.0,Pass
l3308.txm,59.7187,751.0,754.0,134.0,0.0,362.0,101.0,1213.0,9447.0,8975.0,68.0,29.0,16509.0,19792.0,-632.0,16792.0,355.0,0.0,27820.0,50.0,Pass
l3308.txm,60.7344,752.0,754.0,133.0,0.0,357.0,101.0,1233.0,9441.0,8954.0,-887.0,29.0,16789.0,19798.0,-344.0,16746.0,348.0,0.0,27826.0,50.0,Pass
l3308.txm,61.7656,752.0,753.0,135.0,0.0,359.0,101.0,1228.0,9411.0,9030.0,-302.0,29.0,16533.0,19836.0,-416.0,16528.0,346.0,0.0,27634.0,50.0,Pass
l3308.txm,62.7656,752.0,753.0,135.0,0.0,350.0,100.0,1228.0,9468.0,8974.0,-799.0,29.0,16445.0,19844.0,149.0,16516.0,357.0,0.0,27708.0,50.0,Pass
l3308.txm,63.7969,751.0,753.0,132.0,0.0,345.0,101.0,1228.0,9460.0,8949.0,-834.0,30.0,16142.0,19850.0,-834.0,16760.0,342.0,0.0,27628.0,50.0,Pass
l3308.txm,64.8125,752.0,753.0,136.0,0.0,345.0,102.0,1231.0,9479.0,8942.0,-1347.0,29.0,16497.0,19932.0,-736.0,16598.0,348.0,0.0,27712.0,50.0,Pass
l3308.txm,65.8437,752.0,753.0,134.0,0.0,337.0,101.0,1227.0,9392.0,9008.0,-1224.0,30.0,16047.0,20050.0,-501.0,16554.0,352.0,0.0,27608.0,50.0,Pass
l3308.txm,66.8594,751.0,753.0,136.0,0.0,331.0,102.0,1230.0,9407.0,9026.0,-2549.0,29.0,16371.0,19904.0,-492.0,16538.0,342.0,0.0,27630.0,50.0,Pass
l3308.txm,67.875,752.0,754.0,133.0,0.0,323.0,100.0,1227.0,9464.0,9003.0,-1197.0,29.0,16501.0,19966.0,-367.0,16726.0,348.0,0.0,27642.0,50.0,Pass
l3308.txm,68.8906,751.0,751.0,135.0,0.0,312.0,101.0,1215.0,9416.0,9041.0,-1366.0,30.0,16232.0,20094.0,118.0,16632.0,342.0,0.0,27500.0,50.0,Pass
l3308.txm,69.9219,752.0,754.0,132.0,0.0,295.0,102.0,1219.0,9394.0,9039.0,-1271.0,31.0,15792.0,20132.0,-535.0,16596.0,349.0,0.0,27494.0,50.0,Pass
l3308.txm,70.9531,751.0,753.0,132.0,0.0,296.0,102.0,1231.0,9509.0,9028.0,255.0,28.0,16285.0,20216.0,-723.0,16840.0,348.0,0.0,27332.0,50.0,Pass
l3308.txm,71.9844,752.0,753.0,135.0,0.0,297.0,100.0,1228.0,9537.0,9022.0,158.0,28.0,16668.0,20252.0,30.0,16180.0,350.0,0.0,27372.0,50.0,Pass
l3308.txm,73.0,751.0,753.0,135.0,0.0,326.0,100.0,1237.0,9427.0,9082.0,738.0,28.0,16647.0,20154.0,1068.0,16284.0,347.0,0.0,27792.0,50.0,Pass
l3308.txm,74.0312,752.0,754.0,132.0,0.0,371.0,100.0,1237.0,9536.0,8991.0,590.0,25.0,17420.0,19928.0,682.0,16488.0,342.0,0.0,27820.0,50.0,Pass
l3308.txm,75.0469,752.0,752.0,133.0,0.0,415.0,100.0,1240.0,9530.0,8968.0,714.0,25.0,17390.0,19714.0,103.0,16236.0,349.0,0.0,28022.0,50.0,Pass
l3308.txm,76.0625,752.0,753.0,134.0,0.0,481.0,101.0,1228.0,9523.0,8949.0,536.0,25.0,17218.0,19422.0,442.0,16168.0,345.0,0.0,28294.0,51.0,Pass
l3308.txm,77.0937,752.0,753.0,134.0,0.0,523.0,101.0,1231.0,9524.0,8904.0,447.0,26.0,16786.0,19262.0,124.0,16424.0,352.0,0.0,28406.0,51.0,Pass
l3308.txm,78.125,752.0,753.0,131.0,0.0,537.0,101.0,1231.0,9453.0,8990.0,323.0,26.0,16469.0,19002.0,112.0,16490.0,345.0,0.0,28424.0,51.0,Pass
l3308.txm,79.125,752.0,753.0,134.0,0.0,542.0,101.0,1229.0,9439.0,8956.0,0.0,26.0,16564.0,18966.0,-315.0,16622.0,351.0,0.0,28272.0,51.0,Pass
l3308.txm,80.1406,752.0,753.0,134.0,0.0,541.0,100.0,1229.0,9450.0,8953.0,256.0,26.0,16835.0,19182.0,728.0,16598.0,351.0,0.0,28388.0,51.0,Pass
l3308.txm,81.1719,752.0,753.0,134.0,0.0,539.0,100.0,1227.0,9467.0,9002.0,-25.0,26.0,16970.0,19102.0,122.0,16672.0,348.0,1.0,28438.0,51.0,Pass
l3308.txm,82.1875,752.0,753.0,135.0,0.0,544.0,102.0,1226.0,9503.0,8945.0,509.0,26.0,16759.0,18998.0,17.0,16614.0,345.0,0.0,28382.0,51.0,Pass
l3308.txm,83.2031,752.0,754.0,132.0,0.0,539.0,100.0,1226.0,9448.0,9002.0,330.0,26.0,16874.0,19174.0,44.0,16698.0,350.0,1.0,28458.0,51.0,Pass
l3308.txm,84.2187,752.0,754.0,134.0,0.0,548.0,101.0,1226.0,9523.0,8937.0,114.0,26.0,16515.0,19010.0,-362.0,16752.0,348.0,0.0,28322.0,51.0,Pass
l3308.txm,85.3125,752.0,753.0,131.0,0.0,544.0,101.0,1230.0,9462.0,8988.0,769.0,26.0,16637.0,19076.0,73.0,16664.0,346.0,0.0,28442.0,51.0,Pass
l3308.txm,86.2969,752.0,753.0,133.0,0.0,553.0,102.0,1230.0,9480.0,9014.0,291.0,26.0,16417.0,19042.0,63.0,16386.0,347.0,0.0,28374.0,51.0,Pass
l3308.txm,87.3281,752.0,753.0,133.0,0.0,548.0,101.0,1227.0,9432.0,8989.0,744.0,26.0,16622.0,18978.0,62.0,16474.0,348.0,0.0,28276.0,51.0,Pass
l3308.txm,88.3594,752.0,753.0,135.0,0.0,546.0,100.0,1226.0,9488.0,8960.0,45.0,26.0,16974.0,18998.0,-279.0,16590.0,353.0,0.0,28246.0,51.0,Pass
l3308.txm,89.3594,752.0,753.0,134.0,0.0,554.0,101.0,1228.0,9453.0,9004.0,-167.0,26.0,16959.0,18984.0,-526.0,16546.0,345.0,0.0,28378.0,51.0,Pass
l3308.txm,90.3906,752.0,752.0,132.0,0.0,552.0,100.0,1228.0,9468.0,8972.0,3.0,26.0,16517.0,19108.0,-508.0,16606.0,359.0,0.0,28460.0,51.0,Pass
l3308.txm,91.4062,752.0,753.0,134.0,0.0,550.0,100.0,1227.0,9512.0,8914.0,0.0,26.0,16534.0,19042.0,85.0,16512.0,350.0,0.0,28304.0,51.0,Pass
l3308.txm,92.4375,752.0,753.0,132.0,0.0,550.0,102.0,1228.0,9487.0,8975.0,-128.0,26.0,16526.0,19034.0,155.0,16768.0,340.0,0.0,28396.0,51.0,Pass
l3308.txm,93.4375,751.0,753.0,135.0,0.0,557.0,101.0,1225.0,9429.0,8984.0,161.0,27.0,16693.0,18954.0,55.0,16520.0,357.0,0.0,28244.0,51.0,Pass
l3308.txm,94.4687,752.0,753.0,134.0,0.0,553.0,100.0,1229.0,9443.0,8962.0,206.0,27.0,16151.0,18954.0,-492.0,16472.0,348.0,1.0,28316.0,50.0,Pass
l3308.txm,95.4844,752.0,753.0,134.0,0.0,552.0,100.0,1227.0,9439.0,8965.0,262.0,27.0,16441.0,19106.0,-469.0,16400.0,349.0,0.0,28452.0,50.0,Pass
l3308.txm,96.5156,752.0,753.0,133.0,0.0,558.0,100.0,1228.0,9471.0,8899.0,348.0,27.0,16492.0,19148.0,-436.0,16558.0,354.0,0.0,28274.0,50.0,Pass
l3308.txm,97.5469,752.0,753.0,132.0,0.0,557.0,101.0,1228.0,9456.0,8940.0,567.0,27.0,16361.0,19026.0,-362.0,16576.0,345.0,0.0,28314.0,50.0,Pass
l3308.txm,98.5469,751.0,753.0,133.0,0.0,556.0,100.0,1229.0,9477.0,8884.0,132.0,27.0,16384.0,19152.0,-392.0,16582.0,345.0,0.0,28234.0,50.0,Pass
l3308.txm,99.5625,752.0,753.0,135.0,0.0,555.0,100.0,1228.0,9457.0,8930.0,625.0,26.0,16491.0,19026.0,-566.0,16490.0,349.0,0.0,28304.0,50.0,Pass
l3308.txm,100.594,751.0,753.0,133.0,0.0,555.0,101.0,1227.0,9503.0,8895.0,212.0,27.0,16162.0,19132.0,-60.0,16558.0,354.0,0.0,28396.0,50.0,Pass
l3308.txm,101.594,752.0,753.0,132.0,0.0,550.0,102.0,1230.0,9491.0,8926.0,-554.0,27.0,16411.0,19176.0,-69.0,16538.0,348.0,0.0,28458.0,50.0,Pass
l3308.txm,102.625,752.0,754.0,133.0,0.0,552.0,101.0,1229.0,9512.0,8876.0,-307.0,27.0,16433.0,19152.0,-69.0,16548.0,359.0,0.0,28286.0,51.0,Pass
l3308.txm,103.641,752.0,752.0,132.0,0.0,553.0,100.0,1228.0,9494.0,8909.0,-672.0,27.0,16551.0,19102.0,64.0,16568.0,353.0,0.0,28370.0,51.0,Pass
l3308.txm,104.672,751.0,752.0,134.0,0.0,554.0,100.0,1227.0,9480.0,8903.0,-638.0,27.0,16480.0,19124.0,528.0,16614.0,351.0,1.0,28454.0,51.0,Pass
l3308.txm,105.672,752.0,754.0,132.0,0.0,545.0,101.0,1225.0,9496.0,8908.0,-494.0,27.0,16893.0,19194.0,-265.0,16744.0,354.0,0.0,28398.0,51.0,Pass
l3308.txm,106.703,752.0,754.0,132.0,0.0,550.0,100.0,1227.0,9513.0,8905.0,-437.0,27.0,16574.0,18966.0,-89.0,16634.0,354.0,0.0,28322.0,51.0,Pass
l3308.txm,107.734,751.0,753.0,134.0,0.0,550.0,102.0,1229.0,9471.0,8892.0,-767.0,27.0,16712.0,19006.0,-482.0,16556.0,343.0,0.0,28438.0,51.0,Pass
l3308.txm,108.75,752.0,753.0,134.0,0.0,548.0,100.0,1225.0,9504.0,8908.0,-953.0,27.0,17035.0,18954.0,-346.0,16702.0,348.0,0.0,28446.0,51.0,Pass
l3308.txm,109.797,751.0,753.0,132.0,0.0,551.0,102.0,1227.0,9518.0,8910.0,-561.0,27.0,16805.0,19122.0,-34.0,16818.0,350.0,0.0,28308.0,51.0,Pass
l3309.txm,57.1875,752.0,753.0,132.0,0.0,454.0,100.0,1236.0,9450.0,8957.0,301.0,29.0,16767.0,19606.0,-404.0,16856.0,351.0,0.0,27964.0,50.0,Pass
l3309.txm,58.2187,752.0,754.0,135.0,0.0,392.0,100.0,1285.0,9410.0,9019.0,-2119.0,30.0,16022.0,19786.0,638.0,16254.0,359.0,0.0,27846.0,49.0,Pass
l3309.txm,59.25,752.0,754.0,132.0,0.0,375.0,101.0,1269.0,9468.0,8983.0,-81.0,28.0,16936.0,19774.0,-32.0,16450.0,343.0,0.0,27846.0,50.0,Pass
l3309.txm,60.25,751.0,753.0,132.0,0.0,372.0,101.0,1214.0,9459.0,8948.0,625.0,28.0,16546.0,19770.0,-573.0,16740.0,354.0,0.0,27842.0,51.0,Pass
l3309.txm,61.2656,752.0,753.0,135.0,0.0,363.0,101.0,1230.0,9435.0,8986.0,-255.0,29.0,16555.0,19784.0,-904.0,16772.0,345.0,0.0,27816.0,50.0,Pass
l3309.txm,62.2969,752.0,754.0,136.0,0.0,360.0,100.0,1232.0,9430.0,8982.0,-712.0,29.0,16700.0,19800.0,-456.0,16728.0,344.0,0.0,27812.0,50.0,Pass
l3309.txm,63.2969,752.0,753.0,132.0,0.0,358.0,102.0,1228.0,9416.0,9006.0,-867.0,28.0,16857.0,19854.0,98.0,16168.0,343.0,0.0,27614.0,50.0,Pass
l3309.txm,64.3281,752.0,753.0,134.0,0.0,348.0,100.0,1230.0,9442.0,9008.0,-691.0,29.0,16594.0,19840.0,-611.0,16604.0,349.0,0.0,27760.0,50.0,Pass
l3309.txm,65.3437,752.0,754.0,135.0,0.0,341.0,100.0,1229.0,9453.0,8939.0,-1443.0,29.0,16888.0,19848.0,-786.0,16654.0,348.0,0.0,27754.0,50.0,Pass
l3309.txm,66.375,752.0,754.0,135.0,0.0,341.0,102.0,1231.0,9469.0,8957.0,-1529.0,29.0,16724.0,19922.0,-289.0,16580.0,350.0,1.0,27586.0,50.0,Pass
l3309.txm,67.375,752.0,753.0,131.0,0.0,333.0,100.0,1227.0,9477.0,8954.0,-1935.0,29.0,16710.0,20126.0,-52.0,16200.0,342.0,0.0,27638.0,50.0,Pass
l3309.txm,68.4062,752.0,754.0,135.0,0.0,328.0,101.0,1224.0,9430.0,9006.0,-1617.0,29.0,16690.0,20060.0,-27.0,16518.0,348.0,0.0,27690.0,50.0,Pass
l3309.txm,69.4219,752.0,753.0,133.0,0.0,320.0,101.0,1223.0,9469.0,8963.0,-2049.0,29.0,16506.0,19988.0,-456.0,16814.0,347.0,0.0,27582.0,50.0,Pass
l3309.txm,70.4531,752.0,754.0,132.0,0.0,312.0,101.0,1218.0,9445.0,8966.0,-1550.0,30.0,16292.0,20144.0,-432.0,16562.0,350.0,0.0,27484.0,50.0,Pass
l3309.txm,71.4687,752.0,754.0,135.0,0.0,301.0,100.0,1220.0,9478.0,8994.0,-820.0,30.0,15833.0,20046.0,-379.0,16492.0,356.0,0.0,27422.0,50.0,Pass
l3309.txm,72.4844,752.0,753.0,132.0,0.0,294.0,100.0,1223.0,9434.0,9085.0,-945.0,30.0,16047.0,20008.0,-42.0,16788.0,358.0,0.0,27470.0,49.0,Pass
l3309.txm,73.5156,752.0,753.0,135.0,0.0,298.0,101.0,1231.0,9459.0,9061.0,-910.0,29.0,16399.0,20428.0,-345.0,16384.0,351.0,0.0,27386.0,49.0,Pass
l3309.txm,74.5312,751.0,754.0,134.0,1.0,324.0,102.0,1234.0,9435.0,9113.0,947.0,27.0,16513.0,20196.0,682.0,16156.0,346.0,0.0,27626.0,50.0,Pass
l3309.txm,75.5469,751.0,753.0,131.0,0.0,367.0,102.0,1241.0,9489.0,9056.0,529.0,26.0,17194.0,20174.0,110.0,16394.0,344.0,0.0,27798.0,50.0,Pass
l3309.txm,76.5625,752.0,754.0,133.0,0.0,425.0,101.0,1240.0,9505.0,8989.0,660.0,25.0,17360.0,19792.0,870.0,16266.0,343.0,0.0,28034.0,50.0,Pass
l3309.txm,77.5937,752.0,754.0,132.0,0.0,469.0,100.0,1229.0,9474.0,8952.0,849.0,25.0,17004.0,19580.0,296.0,16462.0,344.0,0.0,28116.0,50.0,Pass
l3309.txm,78.625,752.0,753.0,134.0,0.0,531.0,101.0,1233.0,9391.0,8955.0,1129.0,26.0,16973.0,19326.0,-14.0,16226.0,358.0,1.0,28408.0,51.0,Pass
l3309.txm,79.625,752.0,754.0,132.0,0.0,539.0,101.0,1223.0,9417.0,8929.0,470.0,29.0,15825.0,19226.0,-64.0,16644.0,353.0,0.0,28236.0,51.0,Pass
l3309.txm,80.6406,752.0,753.0,134.0,0.0,541.0,100.0,1234.0,9351.0,9012.0,618.0,26.0,17225.0,19190.0,67.0,16574.0,348.0,0.0,28216.0,51.0,Pass
l3309.txm,81.6719,751.0,753.0,133.0,0.0,542.0,100.0,1223.0,9423.0,8967.0,772.0,25.0,17169.0,19108.0,-320.0,16532.0,342.0,0.0,28222.0,51.0,Pass
l3309.txm,82.6875,752.0,754.0,134.0,0.0,543.0,101.0,1234.0,9336.0,8964.0,-573.0,29.0,16167.0,19226.0,-312.0,16562.0,350.0,0.0,28254.0,51.0,Pass
l3309.txm,83.7031,752.0,753.0,134.0,0.0,540.0,100.0,1223.0,9444.0,8940.0,1104.0,25.0,17162.0,19148.0,258.0,16560.0,342.0,0.0,28374.0,51.0,Pass
l3309.txm,84.7187,752.0,753.0,133.0,0.0,538.0,101.0,1228.0,9424.0,8904.0,-439.0,29.0,16316.0,19008.0,53.0,16534.0,349.0,0.0,28308.0,51.0,Pass
l3309.txm,85.7812,752.0,754.0,132.0,0.0,542.0,100.0,1230.0,9440.0,8936.0,837.0,25.0,17091.0,19160.0,362.0,16466.0,350.0,0.0,28424.0,50.0,Pass
l3309.txm,86.7969,752.0,753.0,131.0,0.0,542.0,100.0,1223.0,9412.0,8918.0,-441.0,29.0,16262.0,19188.0,-257.0,16638.0,342.0,0.0,28236.0,51.0,Pass
l3309.txm,87.8125,752.0,753.0,131.0,0.0,551.0,101.0,1236.0,9385.0,9015.0,850.0,25.0,16776.0,18998.0,132.0,16374.0,355.0,0.0,28278.0,50.0,Pass
l3309.txm,88.8281,752.0,754.0,136.0,0.0,549.0,102.0,1223.0,9381.0,8916.0,428.0,29.0,16413.0,18964.0,-263.0,16430.0,348.0,0.0,28314.0,51.0,Pass
l3309.txm,89.8437,751.0,752.0,133.0,0.0,547.0,101.0,1234.0,9380.0,8996.0,1439.0,25.0,16812.0,19062.0,113.0,16408.0,345.0,0.0,28214.0,51.0,Pass
l3309.txm,90.875,752.0,753.0,133.0,0.0,546.0,100.0,1223.0,9391.0,9011.0,650.0,25.0,17210.0,19204.0,31.0,16324.0,349.0,0.0,28412.0,51.0,Pass
l3309.txm,91.8906,752.0,754.0,135.0,0.0,554.0,100.0,1235.0,9455.0,8943.0,1218.0,25.0,17002.0,19004.0,-397.0,16470.0,351.0,0.0,28374.0,51.0,Pass
l3309.txm,92.9062,752.0,753.0,133.0,0.0,559.0,101.0,1228.0,9448.0,8970.0,422.0,25.0,17339.0,19016.0,-31.0,16332.0,344.0,0.0,28318.0,51.0,Pass
l3309.txm,93.9219,752.0,753.0,133.0,0.0,547.0,100.0,1226.0,9362.0,8952.0,-454.0,29.0,16247.0,19128.0,4.0,16436.0,353.0,0.0,28212.0,51.0,Pass
l3309.txm,94.9531,752.0,752.0,135.0,0.0,556.0,101.0,1231.0,9391.0,8991.0,626.0,25.0,17214.0,19246.0,110.0,16326.0,345.0,0.0,28388.0,50.0,Pass
l3309.txm,95.9687,751.0,754.0,133.0,0.0,549.0,101.0,1227.0,9366.0,8978.0,273.0,29.0,15804.0,18952.0,130.0,16382.0,343.0,0.0,28300.0,51.0,Pass
l3309.txm,96.9844,752.0,753.0,132.0,0.0,553.0,101.0,1231.0,9448.0,8923.0,1096.0,25.0,16989.0,19134.0,95.0,16312.0,347.0,0.0,28324.0,50.0,Pass
l3309.txm,98.0313,751.0,753.0,134.0,0.0,552.0,101.0,1222.0,9340.0,8981.0,-276.0,28.0,15959.0,18976.0,80.0,16604.0,351.0,0.0,28358.0,51.0,Pass
l3309.txm,99.0625,752.0,753.0,135.0,0.0,552.0,101.0,1234.0,9397.0,8988.0,865.0,25.0,17103.0,19038.0,41.0,16364.0,353.0,0.0,28338.0,50.0,Pass
l3309.txm,100.078,752.0,752.0,133.0,0.0,551.0,102.0,1220.0,9409.0,8911.0,9.0,29.0,16050.0,19160.0,56.0,16394.0,351.0,0.0,28204.0,51.0,Pass
l3309.txm,101.094,751.0,752.0,132.0,0.0,555.0,101.0,1235.0,9444.0,8930.0,975.0,25.0,17056.0,18986.0,-328.0,16392.0,344.0,0.0,28412.0,51.0,Pass
l3309.txm,102.125,752.0,753.0,131.0,0.0,554.0,102.0,1221.0,9454.0,8928.0,1440.0,25.0,16697.0,18972.0,156.0,16522.0,348.0,0.0,28298.0,51.0,Pass
l3309.txm,103.141,752.0,753.0,134.0,0.0,554.0,100.0,1235.0,9351.0,8958.0,610.0,29.0,16049.0,19108.0,17.0,16498.0,344.0,0.0,28352.0,51.0,Pass
l3309.txm,104.172,751.0,753.0,132.0,0.0,553.0,100.0,1226.0,9429.0,8949.0,1180.0,25.0,16839.0,18954.0,624.0,16478.0,348.0,0.0,28390.0,51.0,Pass
l3309.txm,105.203,752.0,753.0,132.0,0.0,552.0,100.0,1230.0,9375.0,8948.0,622.0,29.0,16051.0,19208.0,882.0,16564.0,349.0,1.0,28216.0,51.0,Pass
l3309.txm,106.203,751.0,753.0,134.0,0.0,549.0,101.0,1233.0,9407.0,8947.0,954.0,25.0,17246.0,19210.0,122.0,16552.0,348.0,0.0,28248.0,50.0,Pass
l3309.txm,107.219,752.0,753.0,134.0,0.0,549.0,100.0,1222.0,9427.0,8944.0,-276.0,27.0,16713.0,19112.0,145.0,16408.0,357.0,1.0,28352.0,51.0,Pass
l3309.txm,108.25,752.0,752.0,135.0,0.0,557.0,100.0,1236.0,9425.0,8952.0,632.0,25.0,17277.0,19156.0,576.0,16324.0,356.0,0.0,28354.0,51.0,Pass
l3309.txm,109.25,752.0,754.0,132.0,0.0,550.0,101.0,1224.0,9377.0,8997.0,525.0,27.0,16405.0,19198.0,-15.0,16496.0,352.0,0.0,28424.0,51.0,Pass
l3309.txm,110.312,751.0,753.0,132.0,0.0,556.0,101.0,1234.0,9362.0,9021.0,1010.0,25.0,16758.0,19096.0,-289.0,16494.0,342.0,0.0,28210.0,51.0,Pass
l3309.txm,111.328,752.0,752.0,135.0,0.0,553.0,100.0,1227.0,9432.0,8976.0,296.0,27.0,16844.0,19062.0,-346.0,16552.0,345.0,0.0,28370.0,51.0,Pass
l3310.txm,56.8125,752.0,753.0,133.0,0.0,442.0,100.0,1245.0,9416.0,8975.0,-988.0,31.0,15870.0,19628.0,-1176.0,16584.0,358.0,0.0,27870.0,49.0,Pass
l3310.txm,57.8437,751.0,753.0,133.0,0.0,383.0,100.0,1285.0,9401.0,8948.0,-1626.0,30.0,16269.0,19778.0,-363.0,16428.0,346.0,0.0,27876.0,49.0,Pass
l3310.txm,58.8437,752.0,752.0,136.0,0.0,374.0,100.0,1236.0,9454.0,8980.0,236.0,29.0,16626.0,19782.0,-587.0,16788.0,344.0,0.0,27870.0,50.0,Pass
l3310.txm,59.875,752.0,753.0,136.0,0.0,370.0,100.0,1215.0,9404.0,8985.0,-146.0,29.0,16359.0,19792.0,-365.0,16822.0,358.0,0.0,27780.0,50.0,Pass
l3310.txm,60.9062,751.0,753.0,132.0,0.0,365.0,100.0,1231.0,9465.0,8943.0,-267.0,30.0,16197.0,19848.0,-456.0,16516.0,346.0,0.0,27752.0,50.0,Pass
l3310.txm,61.9219,752.0,753.0,132.0,0.0,362.0,101.0,1229.0,9445.0,8970.0,-339.0,30.0,16330.0,19848.0,-871.0,16454.0,349.0,0.0,27750.0,50.0,Pass
l3310.txm,62.9375,752.0,753.0,132.0,0.0,352.0,101.0,1225.0,9417.0,8983.0,-462.0,30.0,16338.0,19850.0,-400.0,16528.0,351.0,0.0,27754.0,50.0,Pass
l3310.txm,63.9531,752.0,754.0,135.0,0.0,351.0,101.0,1228.0,9407.0,8990.0,-1228.0,30.0,16319.0,19842.0,-474.0,16542.0,348.0,0.0,27754.0,50.0,Pass
l3310.txm,64.9844,752.0,754.0,133.0,0.0,345.0,101.0,1228.0,9437.0,8939.0,-1356.0,30.0,16137.0,19924.0,-670.0,16660.0,351.0,0.0,27642.0,50.0,Pass
l3310.txm,66.0,752.0,754.0,132.0,0.0,335.0,100.0,1231.0,9410.0,9003.0,-1543.0,30.0,16027.0,19922.0,-378.0,16464.0,345.0,0.0,27740.0,50.0,Pass
l3310.txm,67.0156,752.0,752.0,133.0,0.0,333.0,101.0,1226.0,9401.0,8990.0,-1813.0,30.0,16281.0,19932.0,-51.0,16430.0,352.0,0.0,27608.0,50.0,Pass
l3310.txm,68.0312,752.0,751.0,135.0,0.0,326.0,101.0,1224.0,9471.0,8963.0,-1837.0,30.0,16220.0,19944.0,-26.0,16608.0,348.0,0.0,27638.0,50.0,Pass
l3310.txm,69.0625,752.0,753.0,132.0,0.0,318.0,101.0,1223.0,9400.0,9021.0,-1665.0,30.0,16121.0,20090.0,-516.0,16316.0,345.0,0.0,27514.0,50.0,Pass
l3310.txm,70.0781,752.0,754.0,133.0,0.0,307.0,100.0,1222.0,9470.0,8964.0,-769.0,31.0,16179.0,19988.0,-655.0,16706.0,350.0,0.0,27462.0,50.0,Pass
l3310.txm,71.0937,751.0,753.0,132.0,0.0,302.0,101.0,1227.0,9408.0,9112.0,993.0,28.0,15732.0,20318.0,87.0,16628.0,350.0,0.0,27436.0,50.0,Pass
l3310.txm,72.1406,752.0,753.0,136.0,0.0,296.0,101.0,1227.0,9502.0,9031.0,-289.0,29.0,16468.0,20140.0,-25.0,16700.0,357.0,0.0,27488.0,49.0,Pass
l3310.txm,73.1406,752.0,754.0,131.0,0.0,309.0,100.0,1234.0,9530.0,9081.0,419.0,27.0,16314.0,20354.0,131.0,16048.0,349.0,0.0,27380.0,49.0,Pass
l3310.txm,74.1562,751.0,753.0,131.0,0.0,337.0,101.0,1240.0,9453.0,9120.0,1281.0,25.0,16587.0,20044.0,950.0,16892.0,353.0,0.0,27812.0,50.0,Pass
l3310.txm,75.1719,752.0,752.0,131.0,0.0,392.0,101.0,1234.0,9508.0,9019.0,700.0,26.0,17058.0,20072.0,119.0,15898.0,348.0,1.0,27818.0,50.0,Pass
l3310.txm,76.2031,752.0,753.0,134.0,0.0,436.0,100.0,1233.0,9506.0,8950.0,880.0,25.0,17145.0,19852.0,159.0,16018.0,355.0,1.0,28120.0,50.0,Pass
l3310.txm,77.2187,752.0,753.0,133.0,0.0,505.0,101.0,1234.0,9480.0,8932.0,1522.0,26.0,16574.0,19268.0,356.0,16408.0,352.0,1.0,28364.0,50.0,Pass
l3310.txm,78.25,752.0,753.0,133.0,0.0,535.0,101.0,1224.0,9421.0,8919.0,-64.0,28.0,16271.0,18964.0,118.0,16606.0,348.0,0.0,28410.0,50.0,Pass
l3310.txm,79.2812,751.0,752.0,135.0,0.0,538.0,100.0,1226.0,9397.0,8934.0,-839.0,29.0,16191.0,19266.0,606.0,16526.0,350.0,1.0,28264.0,50.0,Pass
l3310.txm,80.2812,751.0,753.0,136.0,0.0,538.0,100.0,1227.0,9440.0,8906.0,-230.0,28.0,16619.0,19012.0,43.0,16644.0,352.0,0.0,28286.0,50.0,Pass
l3310.txm,81.2969,752.0,752.0,133.0,0.0,540.0,100.0,1226.0,9401.0,9009.0,-127.0,28.0,16275.0,18988.0,-317.0,16484.0,345.0,0.0,28250.0,50.0,Pass
l3310.txm,82.3281,751.0,753.0,132.0,0.0,544.0,101.0,1230.0,9472.0,8926.0,131.0,28.0,16149.0,18950.0,7.0,16746.0,356.0,0.0,28270.0,50.0,Pass
l3310.txm,83.3281,752.0,753.0,134.0,0.0,545.0,101.0,1231.0,9379.0,8984.0,109.0,28.0,16490.0,19160.0,151.0,16480.0,356.0,0.0,28264.0,50.0,Pass
l3310.txm,84.4062,752.0,754.0,133.0,0.0,550.0,101.0,1230.0,9436.0,8953.0,-343.0,28.0,16670.0,19158.0,-70.0,16524.0,358.0,0.0,28406.0,50.0,Pass
l3310.txm,85.4062,752.0,753.0,134.0,0.0,549.0,100.0,1232.0,9450.0,8942.0,222.0,28.0,16081.0,19064.0,134.0,16676.0,345.0,0.0,28250.0,50.0,Pass
l3310.txm,86.4375,751.0,753.0,133.0,0.0,544.0,100.0,1229.0,9444.0,8922.0,72.0,28.0,16153.0,19072.0,-37.0,16630.0,348.0,0.0,28416.0,50.0,Pass
l3310.txm,87.4531,752.0,753.0,132.0,0.0,550.0,101.0,1230.0,9465.0,8953.0,-157.0,28.0,16016.0,19228.0,48.0,16550.0,348.0,0.0,28426.0,50.0,Pass
l3310.txm,88.4844,752.0,754.0,131.0,0.0,548.0,101.0,1230.0,9385.0,8982.0,289.0,28.0,16290.0,19014.0,-324.0,16618.0,357.0,1.0,28284.0,50.0,Pass
l3310.txm,89.4844,752.0,752.0,131.0,0.0,555.0,100.0,1230.0,9471.0,8916.0,649.0,28.0,16187.0,19222.0,100.0,16594.0,349.0,1.0,28430.0,50.0,Pass
l3310.txm,90.5156,752.0,753.0,134.0,0.0,547.0,101.0,1227.0,9405.0,8945.0,-248.0,28.0,16298.0,19142.0,650.0,16586.0,344.0,0.0,28402.0,50.0,Pass
l3310.txm,91.5469,752.0,753.0,135.0,0.0,552.0,101.0,1229.0,9420.0,8947.0,-376.0,28.0,16313.0,19122.0,-370.0,16606.0,350.0,0.0,28238.0,50.0,Pass
l3310.txm,92.5625,752.0,753.0,134.0,0.0,549.0,101.0,1229.0,9422.0,8915.0,154.0,28.0,15996.0,18986.0,-453.0,16650.0,350.0,0.0,28398.0,50.0,Pass
l3310.txm,93.5781,752.0,752.0,135.0,0.0,553.0,101.0,1229.0,9425.0,8964.0,-625.0,28.0,16375.0,19166.0,-36.0,16604.0,350.0,0.0,28220.0,50.0,Pass
l3310.txm,94.5938,752.0,753.0,133.0,0.0,550.0,100.0,1227.0,9469.0,8909.0,-87.0,28.0,16135.0,19158.0,542.0,16710.0,349.0,0.0,28378.0,50.0,Pass
l3310.txm,95.625,752.0,753.0,135.0,0.0,549.0,101.0,1230.0,9434.0,8934.0,-98.0,28.0,16122.0,19122.0,-39.0,16536.0,351.0,1.0,28472.0,50.0,Pass
l3310.txm,96.6406,752.0,754.0,134.0,0.0,554.0,100.0,1228.0,9368.0,8981.0,-378.0,28.0,16281.0,19096.0,9.0,16412.0,347.0,0.0,28314.0,50.0,Pass
l3310.txm,97.6562,751.0,754.0,134.0,0.0,552.0,101.0,1230.0,9390.0,8935.0,-385.0,28.0,16406.0,19054.0,16.0,16492.0,343.0,0.0,28460.0,50.0,Pass
l3310.txm,98.7031,751.0,752.0,132.0,0.0,548.0,102.0,1227.0,9427.0,8932.0,-142.0,28.0,16181.0,19008.0,47.0,16520.0,345.0,0.0,28292.0,50.0,Pass
l3310.txm,99.7031,752.0,754.0,132.0,0.0,549.0,101.0,1228.0,9475.0,8901.0,277.0,28.0,16341.0,19196.0,150.0,16506.0,342.0,0.0,28422.0,50.0,Pass
l3310.txm,100.719,751.0,753.0,133.0,0.0,557.0,100.0,1230.0,9387.0,8973.0,-620.0,28.0,15958.0,18948.0,94.0,16648.0,348.0,0.0,28260.0,50.0,Pass
l3310.txm,101.734,752.0,754.0,132.0,0.0,552.0,100.0,1229.0,9465.0,8904.0,-363.0,29.0,16239.0,18964.0,77.0,16712.0,354.0,0.0,28296.0,50.0,Pass
l3310.txm,102.75,752.0,754.0,133.0,0.0,558.0,100.0,1231.0,9475.0,8932.0,-184.0,28.0,15973.0,19018.0,584.0,16624.0,348.0,0.0,28454.0,50.0,Pass
l3310.txm,103.781,752.0,753.0,131.0,0.0,548.0,100.0,1230.0,9437.0,8913.0,-16.0,28.0,16122.0,19136.0,-411.0,16558.0,352.0,0.0,28370.0,50.0,Pass
l3310.txm,104.797,752.0,753.0,132.0,0.0,554.0,101.0,1231.0,9433.0,8918.0,0.0,28.0,16212.0,19006.0,-407.0,16644.0,359.0,0.0,28440.0,50.0,Pass
l3310.txm,105.813,751.0,753.0,133.0,0.0,556.0,101.0,1229.0,9409.0,8991.0,50.0,28.0,16362.0,19230.0,120.0,16760.0,354.0,0.0,28430.0,50.0,Pass
l3310.txm,106.828,752.0,754.0,134.0,0.0,555.0,100.0,1230.0,9394.0,8983.0,-28.0,28.0,16098.0,19024.0,-314.0,16610.0,346.0,0.0,28412.0,50.0,Pass
l3310.txm,107.859,752.0,754.0,135.0,0.0,551.0,100.0,1227.0,9476.0,8927.0,583.0,27.0,16317.0,19110.0,153.0,16674.0,344.0,0.0,28218.0,50.0,Pass
l3310.txm,108.891,752.0,753.0,131.0,0.0,553.0,100.0,1228.0,9375.0,8995.0,63.0,28.0,15926.0,19114.0,700.0,16656.0,353.0,0.0,28292.0,50.0,Pass
l3310.txm,109.891,751.0,752.0,132.0,0.0,560.0,102.0,1227.0,9379.0,8984.0,-165.0,28.0,16205.0,18994.0,-58.0,16646.0,348.0,0.0,28236.0,50.0,Pass
l3311.txm,55.7187,752.0,754.0,135.0,0.0,435.0,101.0,1231.0,9436.0,8944.0,-942.0,30.0,16117.0,19680.0,-57.0,16184.0,358.0,0.0,27854.0,50.0,Pass
l3311.txm,56.7344,752.0,755.0,134.0,0.0,383.0,101.0,1287.0,9394.0,8983.0,-1747.0,30.0,16100.0,19738.0,-318.0,16512.0,349.0,0.0,27856.0,49.0,Pass
l3311.txm,57.7656,752.0,755.0,135.0,0.0,368.0,101.0,1275.0,9406.0,9035.0,-189.0,29.0,16613.0,19796.0,-3.0,16454.0,345.0,0.0,27850.0,50.0,Pass
l3311.txm,58.7656,752.0,754.0,131.0,0.0,368.0,101.0,1213.0,9430.0,8982.0,530.0,29.0,16679.0,19788.0,-577.0,16554.0,341.0,0.0,27826.0,51.0,Pass
l3311.txm,59.7969,752.0,753.0,132.0,0.0,364.0,102.0,1229.0,9470.0,8946.0,-1226.0,29.0,16513.0,19790.0,-486.0,16672.0,353.0,0.0,27772.0,50.0,Pass
l3311.txm,60.8125,752.0,754.0,131.0,0.0,358.0,100.0,1231.0,9473.0,8943.0,-618.0,30.0,16476.0,19850.0,-90.0,16408.0,347.0,0.0,27764.0,50.0,Pass
l3311.txm,61.8594,752.0,754.0,132.0,0.0,361.0,101.0,1228.0,9451.0,8948.0,-1147.0,30.0,16635.0,19850.0,-586.0,16482.0,346.0,0.0,27770.0,50.0,Pass
l3311.txm,62.8437,752.0,753.0,132.0,0.0,350.0,100.0,1231.0,9406.0,9005.0,-1399.0,30.0,16449.0,19846.0,-448.0,16760.0,352.0,0.0,27764.0,50.0,Pass
l3311.txm,63.875,752.0,754.0,133.0,0.0,341.0,102.0,1227.0,9462.0,8987.0,-1989.0,30.0,16271.0,19858.0,-586.0,16882.0,360.0,0.0,27658.0,50.0,Pass
l3311.txm,64.8906,752.0,754.0,133.0,0.0,339.0,100.0,1230.0,9415.0,8970.0,-1687.0,30.0,16155.0,19922.0,-62.0,16116.0,351.0,0.0,27640.0,50.0,Pass
l3311.txm,65.9219,752.0,754.0,131.0,0.0,338.0,100.0,1230.0,9389.0,9031.0,-2005.0,30.0,16071.0,19894.0,108.0,16434.0,344.0,0.0,27632.0,50.0,Pass
l3311.txm,66.9375,752.0,754.0,136.0,0.0,328.0,100.0,1228.0,9403.0,9009.0,-1483.0,30.0,16149.0,20048.0,45.0,16632.0,348.0,0.0,27734.0,50.0,Pass
l3311.txm,67.9687,752.0,753.0,134.0,0.0,319.0,100.0,1225.0,9461.0,8969.0,-1625.0,31.0,16013.0,19894.0,-51.0,16902.0,349.0,0.0,27592.0,50.0,Pass
l3311.txm,68.9687,752.0,754.0,131.0,0.0,311.0,101.0,1222.0,9395.0,9061.0,-925.0,31.0,16112.0,19946.0,-624.0,16824.0,347.0,0.0,27406.0,50.0,Pass
l3311.txm,70.0,752.0,755.0,132.0,0.0,294.0,101.0,1226.0,9500.0,8983.0,-542.0,30.0,16008.0,20220.0,118.0,16284.0,346.0,0.0,27350.0,50.0,Pass
l3311.txm,71.0156,752.0,754.0,131.0,0.0,296.0,100.0,1225.0,9469.0,9025.0,-930.0,30.0,16067.0,20344.0,-37.0,16444.0,351.0,0.0,27472.0,49.0,Pass
l3311.txm,72.0469,751.0,753.0,132.0,0.0,304.0,101.0,1232.0,9457.0,9085.0,-577.0,30.0,16166.0,20236.0,37.0,16148.0,353.0,0.0,27498.0,49.0,Pass
l3311.txm,73.0625,752.0,753.0,134.0,1.0,343.0,101.0,1240.0,9480.0,9092.0,1236.0,26.0,16826.0,19956.0,-30.0,16548.0,346.0,1.0,27896.0,50.0,Pass
l3311.txm,74.1094,752.0,753.0,134.0,0.0,388.0,100.0,1237.0,9511.0,9052.0,872.0,26.0,17283.0,19878.0,398.0,16350.0,351.0,0.0,27806.0,50.0,Pass
l3311.txm,75.1094,752.0,754.0,133.0,0.0,440.0,100.0,1233.0,9433.0,8972.0,704.0,26.0,16991.0,19476.0,336.0,16232.0,351.0,0.0,28040.0,50.0,Pass
l3311.txm,76.125,753.0,752.0,133.0,0.0,510.0,101.0,1231.0,9477.0,8962.0,1441.0,25.0,17146.0,19214.0,100.0,16264.0,350.0,0.0,28314.0,50.0,Pass
l3311.txm,77.1406,752.0,753.0,132.0,0.0,534.0,100.0,1229.0,9425.0,9025.0,1122.0,26.0,16766.0,19240.0,758.0,16490.0,351.0,0.0,28412.0,51.0,Pass
l3311.txm,78.1562,752.0,754.0,132.0,0.0,541.0,100.0,1230.0,9391.0,8933.0,810.0,26.0,17084.0,19018.0,150.0,16424.0,353.0,0.0,28274.0,51.0,Pass
l3311.txm,79.1875,752.0,753.0,135.0,0.0,539.0,100.0,1230.0,9390.0,9004.0,511.0,26.0,16958.0,19158.0,-439.0,16524.0,351.0,0.0,28358.0,51.0,Pass
l3311.txm,80.2031,751.0,752.0,133.0,0.0,541.0,101.0,1227.0,9487.0,8939.0,884.0,26.0,16867.0,19164.0,308.0,16500.0,352.0,0.0,28414.0,51.0,Pass
l3311.txm,81.25,752.0,753.0,132.0,0.0,548.0,101.0,1229.0,9446.0,8919.0,912.0,26.0,17079.0,19016.0,-265.0,16402.0,353.0,1.0,28446.0,51.0,Pass
l3311.txm,82.2969,752.0,753.0,135.0,0.0,548.0,101.0,1231.0,9472.0,8926.0,229.0,26.0,17316.0,19218.0,-5.0,16410.0,342.0,0.0,28242.0,51.0,Pass
l3311.txm,83.3125,752.0,752.0,135.0,0.0,551.0,100.0,1227.0,9454.0,8946.0,716.0,26.0,16624.0,19184.0,6.0,16466.0,356.0,0.0,28260.0,51.0,Pass
l3311.txm,84.3281,751.0,753.0,135.0,0.0,545.0,101.0,1228.0,9394.0,9010.0,1046.0,26.0,16717.0,19204.0,102.0,16656.0,347.0,0.0,28298.0,51.0,Pass
l3311.txm,85.3594,752.0,754.0,132.0,0.0,550.0,101.0,1228.0,9388.0,8966.0,838.0,26.0,16966.0,19226.0,764.0,16552.0,344.0,0.0,28400.0,51.0,Pass
l3311.txm,86.375,752.0,753.0,131.0,0.0,544.0,100.0,1227.0,9462.0,8946.0,659.0,26.0,17011.0,19172.0,14.0,16486.0,347.0,1.0,28440.0,51.0,Pass
l3311.txm,87.3906,752.0,754.0,134.0,0.0,553.0,100.0,1227.0,9421.0,8992.0,461.0,26.0,17154.0,19228.0,137.0,16628.0,347.0,0.0,28428.0,51.0,Pass
l3311.txm,88.4219,751.0,754.0,132.0,0.0,553.0,101.0,1226.0,9463.0,8962.0,511.0,26.0,17010.0,19180.0,7.0,16486.0,353.0,0.0,28394.0,51.0,Pass
l3311.txm,89.4375,751.0,753.0,132.0,0.0,549.0,101.0,1227.0,9405.0,9023.0,802.0,26.0,16952.0,19060.0,-265.0,16636.0,343.0,0.0,28380.0,51.0,Pass
l3311.txm,90.4531,752.0,754.0,132.0,0.0,550.0,100.0,1227.0,9429.0,8949.0,1257.0,26.0,16655.0,18966.0,107.0,16388.0,346.0,0.0,28408.0,51.0,Pass
l3311.txm,91.4688,751.0,753.0,134.0,0.0,558.0,100.0,1230.0,9389.0,9013.0,841.0,26.0,16719.0,19050.0,59.0,16452.0,346.0,0.0,28230.0,51.0,Pass
l3311.txm,92.5,752.0,754.0,133.0,0.0,556.0,101.0,1228.0,9419.0,8944.0,103.0,26.0,16707.0,19162.0,630.0,16660.0,344.0,0.0,28230.0,51.0,Pass
l3311.txm,93.5312,752.0,752.0,134.0,0.0,551.0,101.0,1228.0,9401.0,9002.0,957.0,26.0,16570.0,18984.0,147.0,16606.0,345.0,0.0,28268.0,51.0,Pass
l3311.txm,94.5625,752.0,754.0,134.0,0.0,557.0,100.0,1227.0,9492.0,8930.0,447.0,26.0,17120.0,19056.0,148.0,16522.0,347.0,0.0,28298.0,51.0,Pass
l3311.txm,95.5781,752.0,754.0,132.0,0.0,550.0,101.0,1226.0,9416.0,8979.0,1251.0,26.0,16912.0,19160.0,-10.0,16434.0,360.0,0.0,28298.0,51.0,Pass
l3311.txm,96.6094,752.0,753.0,134.0,0.0,554.0,101.0,1227.0,9458.0,8942.0,505.0,26.0,16636.0,19210.0,-72.0,16528.0,347.0,0.0,28380.0,51.0,Pass
l3311.txm,97.6094,752.0,753.0,133.0,0.0,558.0,102.0,1227.0,9440.0,8935.0,686.0,26.0,16581.0,19042.0,-390.0,16482.0,349.0,0.0,28438.0,51.0,Pass
l3311.txm,98.6406,752.0,753.0,132.0,0.0,558.0,102.0,1227.0,9432.0,8961.0,999.0,27.0,16699.0,19134.0,99.0,16622.0,358.0,0.0,28224.0,51.0,Pass
l3311.txm,99.6562,752.0,754.0,134.0,0.0,555.0,101.0,1229.0,9391.0,9006.0,770.0,26.0,17072.0,18998.0,-55.0,16514.0,353.0,0.0,28224.0,51.0,Pass
l3311.txm,100.703,751.0,752.0,132.0,0.0,556.0,101.0,1228.0,9408.0,8995.0,1122.0,26.0,17151.0,18990.0,-51.0,16538.0,349.0,0.0,28278.0,51.0,Pass
l3311.txm,101.688,752.0,753.0,132.0,0.0,554.0,100.0,1228.0,9435.0,8962.0,834.0,26.0,16675.0,19144.0,998.0,16576.0,352.0,0.0,28290.0,51.0,Pass
l3311.txm,102.719,751.0,754.0,135.0,0.0,553.0,100.0,1227.0,9392.0,9014.0,727.0,26.0,17075.0,19204.0,64.0,16496.0,344.0,0.0,28386.0,51.0,Pass
l3311.txm,103.75,753.0,753.0,133.0,0.0,554.0,100.0,1228.0,9428.0,8953.0,912.0,26.0,16811.0,18958.0,82.0,16426.0,345.0,0.0,28274.0,51.0,Pass
l3311.txm,104.766,752.0,753.0,133.0,0.0,553.0,100.0,1227.0,9476.0,8938.0,650.0,26.0,17090.0,19218.0,51.0,16612.0,343.0,0.0,28266.0,51.0,Pass
l3311.txm,105.781,751.0,752.0,134.0,0.0,554.0,101.0,1228.0,9468.0,8964.0,417.0,25.0,16932.0,19072.0,89.0,16578.0,347.0,0.0,28430.0,51.0,Pass
l3311.txm,106.797,752.0,753.0,134.0,0.0,549.0,100.0,1227.0,9452.0,8958.0,827.0,25.0,16685.0,19154.0,136.0,16710.0,347.0,0.0,28216.0,51.0,Pass
l3311.txm,107.828,752.0,754.0,134.0,0.0,552.0,101.0,1228.0,9450.0,8984.0,1186.0,26.0,17112.0,19170.0,-354.0,16518.0,349.0,0.0,28222.0,51.0,Pass
l3311.txm,108.844,752.0,754.0,135.0,0.0,557.0,100.0,1228.0,9406.0,8969.0,563.0,26.0,17050.0,19196.0,123.0,16606.0,353.0,0.0,28242.0,51.0,Pass
l3311.txm,109.859,752.0,753.0,133.0,0.0,555.0,102.0,1230.0,9401.0,9008.0,762.0,26.0,16810.0,19200.0,-257.0,16696.0,349.0,1.0,28406.0,51.0,Pass
l3312.txm,57.1719,751.0,753.0,135.0,0.0,375.0,100.0,1281.0,9463.0,8974.0,-1522.0,30.0,16382.0,19786.0,3.0,16324.0,346.0,0.0,27838.0,49.0,Pass
l3312.txm,58.2031,752.0,754.0,133.0,0.0,360.0,100.0,1286.0,9469.0,8973.0,-1506.0,30.0,16668.0,19786.0,368.0,16594.0,346.0,0.0,27838.0,49.0,Pass
l3312.txm,59.2187,752.0,753.0,134.0,0.0,370.0,100.0,1212.0,9443.0,8991.0,100.0,29.0,16356.0,19790.0,-607.0,16744.0,355.0,0.0,27812.0,50.0,Pass
l3312.txm,60.2344,751.0,753.0,134.0,0.0,361.0,100.0,1226.0,9450.0,8953.0,-612.0,30.0,16020.0,19852.0,-450.0,16506.0,347.0,0.0,27764.0,50.0,Pass
l3312.txm,61.2656,751.0,753.0,133.0,0.0,358.0,101.0,1233.0,9451.0,8947.0,-586.0,30.0,16343.0,19846.0,8.0,16620.0,344.0,0.0,27774.0,50.0,Pass
l3312.txm,62.2812,752.0,753.0,132.0,0.0,353.0,100.0,1229.0,9423.0,8960.0,-523.0,30.0,15930.0,19852.0,111.0,16564.0,355.0,0.0,27766.0,50.0,Pass
l3312.txm,63.2969,752.0,754.0,132.0,0.0,351.0,101.0,1225.0,9391.0,9018.0,-827.0,31.0,16346.0,19850.0,-507.0,16884.0,350.0,0.0,27766.0,50.0,Pass
l3312.txm,64.3125,752.0,754.0,133.0,0.0,342.0,101.0,1227.0,9431.0,8952.0,-934.0,31.0,16286.0,19958.0,-36.0,16238.0,349.0,1.0,27686.0,50.0,Pass
l3312.txm,65.3437,751.0,754.0,131.0,0.0,332.0,100.0,1230.0,9449.0,8968.0,-1068.0,30.0,15832.0,19972.0,-430.0,16354.0,342.0,0.0,27710.0,50.0,Pass
l3312.txm,66.3594,752.0,754.0,132.0,0.0,332.0,100.0,1226.0,9467.0,8956.0,-1520.0,30.0,16141.0,19920.0,-475.0,16574.0,340.0,0.0,27742.0,50.0,Pass
l3312.txm,67.375,751.0,753.0,132.0,0.0,326.0,102.0,1222.0,9472.0,8947.0,-1595.0,30.0,16393.0,20052.0,-699.0,16790.0,344.0,0.0,27656.0,50.0,Pass
l3312.txm,68.3906,752.0,752.0,134.0,0.0,315.0,102.0,1226.0,9465.0,8989.0,-1745.0,30.0,15909.0,20060.0,-306.0,16576.0,345.0,0.0,27588.0,50.0,Pass
l3312.txm,69.4219,752.0,754.0,133.0,0.0,302.0,101.0,1222.0,9499.0,8976.0,-1240.0,30.0,15974.0,20146.0,-538.0,16268.0,347.0,0.0,27378.0,50.0,Pass
l3312.txm,70.4375,752.0,753.0,134.0,0.0,299.0,100.0,1227.0,9409.0,9043.0,-2009.0,30.0,16359.0,20300.0,478.0,16518.0,348.0,0.0,27368.0,49.0,Pass
l3312.txm,71.4531,752.0,753.0,131.0,0.0,297.0,100.0,1228.0,9472.0,9015.0,-1371.0,30.0,16087.0,20212.0,-651.0,16590.0,348.0,0.0,27472.0,49.0,Pass
l3312.txm,72.5,752.0,753.0,132.0,0.0,307.0,100.0,1233.0,9418.0,9066.0,-776.0,29.0,16145.0,20376.0,-90.0,16140.0,346.0,0.0,27538.0,49.0,Pass
l3312.txm,73.5,752.0,754.0,132.0,0.0,355.0,100.0,1238.0,9524.0,9050.0,880.0,26.0,16739.0,20000.0,984.0,16316.0,348.0,0.0,27870.0,50.0,Pass
l3312.txm,74.5312,752.0,753.0,132.0,0.0,411.0,100.0,1233.0,9499.0,8955.0,308.0,26.0,17086.0,19782.0,728.0,16282.0,353.0,1.0,28122.0,50.0,Pass
l3312.txm,75.5312,752.0,753.0,133.0,0.0,462.0,100.0,1234.0,9449.0,8990.0,1121.0,26.0,17123.0,19496.0,25.0,16220.0,351.0,0.0,28034.0,50.0,Pass
l3312.txm,76.5625,752.0,754.0,132.0,0.0,525.0,100.0,1231.0,9484.0,8948.0,494.0,26.0,16970.0,19158.0,570.0,16554.0,348.0,0.0,28410.0,50.0,Pass
l3312.txm,77.5781,752.0,753.0,136.0,0.0,540.0,101.0,1227.0,9474.0,8947.0,569.0,26.0,16759.0,19234.0,17.0,16490.0,345.0,0.0,28414.0,51.0,Pass
l3312.txm,78.6094,751.0,753.0,132.0,0.0,544.0,101.0,1227.0,9384.0,8937.0,481.0,26.0,16829.0,19204.0,-51.0,16508.0,348.0,0.0,28226.0,51.0,Pass
l3312.txm,79.6406,751.0,753.0,134.0,0.0,548.0,101.0,1224.0,9449.0,8941.0,115.0,26.0,16669.0,18998.0,-317.0,16422.0,350.0,0.0,28208.0,51.0,Pass
l3312.txm,80.6406,752.0,753.0,133.0,0.0,549.0,100.0,1228.0,9440.0,8931.0,396.0,26.0,17251.0,19186.0,-375.0,16616.0,343.0,0.0,28410.0,51.0,Pass
l3312.txm,81.6562,751.0,752.0,133.0,0.0,546.0,101.0,1226.0,9405.0,8958.0,903.0,26.0,16839.0,19196.0,488.0,16640.0,344.0,0.0,28222.0,50.0,Pass
l3312.txm,82.6875,751.0,754.0,132.0,0.0,545.0,100.0,1228.0,9414.0,8979.0,626.0,26.0,17024.0,18972.0,-13.0,16462.0,343.0,0.0,28268.0,50.0,Pass
l3312.txm,83.6875,752.0,753.0,132.0,0.0,546.0,101.0,1227.0,9448.0,8914.0,897.0,26.0,16659.0,19194.0,3.0,16572.0,358.0,0.0,28232.0,50.0,Pass
l3312.txm,84.7187,751.0,754.0,133.0,0.0,553.0,101.0,1229.0,9431.0,8939.0,666.0,26.0,16831.0,18962.0,54.0,16494.0,354.0,0.0,28424.0,50.0,Pass
l3312.txm,85.7344,752.0,753.0,133.0,0.0,550.0,101.0,1226.0,9383.0,9005.0,844.0,26.0,16644.0,19172.0,-55.0,16636.0,343.0,0.0,28244.0,50.0,Pass
l3312.txm,86.7656,752.0,754.0,134.0,0.0,550.0,100.0,1228.0,9442.0,8955.0,188.0,26.0,17176.0,19192.0,-296.0,16478.0,346.0,0.0,28408.0,50.0,Pass
l3312.txm,87.7656,752.0,754.0,132.0,0.0,548.0,102.0,1230.0,9406.0,8938.0,890.0,26.0,16866.0,18976.0,-34.0,16552.0,346.0,0.0,28214.0,50.0,Pass
l3312.txm,88.7969,752.0,753.0,134.0,0.0,550.0,100.0,1228.0,9408.0,9007.0,349.0,26.0,17119.0,19202.0,106.0,16622.0,346.0,0.0,28394.0,51.0,Pass
l3312.txm,89.8437,752.0,754.0,134.0,0.0,556.0,100.0,1229.0,9391.0,8978.0,122.0,26.0,17125.0,19200.0,-360.0,16434.0,355.0,0.0,28414.0,51.0,Pass
l3312.txm,90.875,752.0,753.0,135.0,0.0,554.0,100.0,1229.0,9460.0,8920.0,704.0,26.0,16948.0,19160.0,-257.0,16566.0,351.0,0.0,28216.0,51.0,Pass
l3312.txm,91.9219,752.0,754.0,133.0,0.0,552.0,101.0,1228.0,9386.0,9021.0,508.0,26.0,17245.0,19106.0,88.0,16418.0,349.0,0.0,28214.0,51.0,Pass
l3312.txm,92.9375,752.0,752.0,131.0,0.0,552.0,101.0,1229.0,9424.0,8954.0,608.0,26.0,17258.0,19010.0,-367.0,16534.0,345.0,0.0,28212.0,51.0,Pass
l3312.txm,93.9688,752.0,754.0,133.0,0.0,552.0,100.0,1228.0,9394.0,8955.0,893.0,26.0,16961.0,19084.0,672.0,16550.0,352.0,0.0,28208.0,51.0,Pass
l3312.txm,94.9687,752.0,754.0,134.0,0.0,552.0,100.0,1227.0,9443.0,8938.0,357.0,26.0,16712.0,19026.0,-10.0,16586.0,347.0,0.0,28226.0,51.0,Pass
l3312.txm,96.0,752.0,753.0,133.0,0.0,553.0,101.0,1228.0,9424.0,8995.0,338.0,26.0,16747.0,19090.0,-339.0,16526.0,353.0,1.0,28414.0,51.0,Pass
l3312.txm,97.0156,752.0,753.0,135.0,0.0,556.0,101.0,1230.0,9434.0,8913.0,-229.0,26.0,17055.0,19004.0,72.0,16462.0,343.0,0.0,28252.0,51.0,Pass
l3312.txm,98.0469,751.0,753.0,133.0,0.0,553.0,101.0,1227.0,9371.0,9007.0,1205.0,26.0,16641.0,19192.0,156.0,16490.0,342.0,0.0,28266.0,51.0,Pass
l3312.txm,99.0781,751.0,752.0,132.0,0.0,558.0,101.0,1227.0,9416.0,8983.0,572.0,26.0,16729.0,19184.0,136.0,16562.0,356.0,0.0,28386.0,51.0,Pass
l3312.txm,100.078,752.0,754.0,133.0,0.0,555.0,101.0,1226.0,9415.0,8965.0,658.0,26.0,16902.0,18988.0,16.0,16550.0,351.0,1.0,28278.0,51.0,Pass
l3312.txm,101.094,752.0,754.0,132.0,0.0,550.0,101.0,1228.0,9395.0,9003.0,1058.0,26.0,16622.0,19076.0,-390.0,16448.0,339.0,0.0,28278.0,51.0,Pass
l3312.txm,102.125,752.0,753.0,134.0,0.0,554.0,100.0,1228.0,9373.0,9000.0,396.0,26.0,16926.0,19136.0,-51.0,16482.0,357.0,0.0,28278.0,51.0,Pass
l3312.txm,103.141,751.0,752.0,135.0,0.0,556.0,100.0,1228.0,9400.0,8995.0,418.0,26.0,16898.0,19032.0,-305.0,16558.0,352.0,0.0,28262.0,51.0,Pass
l3312.txm,104.156,752.0,754.0,134.0,0.0,554.0,101.0,1225.0,9399.0,8931.0,-190.0,26.0,16829.0,18972.0,566.0,16494.0,356.0,0.0,28404.0,51.0,Pass
l3312.txm,105.172,752.0,754.0,134.0,0.0,553.0,102.0,1227.0,9379.0,8960.0,736.0,26.0,16847.0,18976.0,-68.0,16602.0,342.0,0.0,28394.0,51.0,Pass
l3312.txm,106.203,752.0,753.0,133.0,0.0,556.0,100.0,1227.0,9451.0,8931.0,727.0,26.0,17000.0,19000.0,42.0,16544.0,356.0,1.0,28414.0,51.0,Pass
l3312.txm,107.219,751.0,752.0,133.0,0.0,558.0,101.0,1228.0,9375.0,8988.0,677.0,26.0,17017.0,19120.0,0.0,16584.0,350.0,0.0,28226.0,51.0,Pass
l3312.txm,108.234,752.0,754.0,131.0,0.0,556.0,100.0,1227.0,9380.0,8999.0,916.0,26.0,16555.0,19090.0,368.0,16714.0,348.0,0.0,28222.0,51.0,Pass
l3312.txm,109.266,752.0,753.0,135.0,0.0,552.0,101.0,1227.0,9416.0,8952.0,191.0,26.0,17121.0,19194.0,-283.0,16560.0,349.0,1.0,28378.0,51.0,Pass
l3312.txm,110.281,752.0,753.0,134.0,0.0,556.0,100.0,1228.0,9372.0,9006.0,102.0,26.0,16894.0,19032.0,-60.0,16522.0,355.0,0.0,28274.0,51.0,Pass
l3313.txm,56.2344,752.0,754.0,134.0,0.0,465.0,100.0,1233.0,9452.0,8923.0,-674.0,30.0,16118.0,19628.0,618.0,16988.0,348.0,0.0,27934.0,50.0,Pass
l3313.txm,57.2812,752.0,754.0,134.0,0.0,382.0,101.0,1286.0,9453.0,8953.0,-2189.0,30.0,16079.0,19790.0,71.0,16132.0,346.0,0.0,27846.0,49.0,Pass
l3313.txm,58.2656,752.0,752.0,134.0,1.0,376.0,101.0,1245.0,9469.0,8995.0,425.0,29.0,16385.0,19788.0,-71.0,16562.0,346.0,0.0,27844.0,50.0,Pass
l3313.txm,59.2969,752.0,754.0,136.0,0.0,370.0,100.0,1213.0,9462.0,8949.0,563.0,29.0,16530.0,19786.0,-424.0,16644.0,348.0,0.0,27834.0,50.0,Pass
l3313.txm,60.3125,752.0,753.0,133.0,0.0,369.0,101.0,1230.0,9417.0,8974.0,126.0,30.0,16096.0,19794.0,-451.0,16584.0,345.0,0.0,27806.0,50.0,Pass
l3313.txm,61.3437,751.0,752.0,134.0,0.0,360.0,101.0,1229.0,9440.0,8961.0,-903.0,30.0,16410.0,19850.0,100.0,16506.0,350.0,0.0,27774.0,50.0,Pass
l3313.txm,62.3437,752.0,754.0,135.0,0.0,357.0,101.0,1227.0,9401.0,9006.0,-771.0,30.0,16382.0,19852.0,-405.0,16648.0,355.0,0.0,27774.0,50.0,Pass
l3313.txm,63.375,752.0,754.0,132.0,0.0,354.0,100.0,1227.0,9421.0,8997.0,-890.0,30.0,16297.0,19848.0,103.0,16694.0,342.0,0.0,27760.0,50.0,Pass
l3313.txm,64.3906,752.0,753.0,132.0,0.0,346.0,101.0,1228.0,9473.0,8957.0,-914.0,30.0,15988.0,19954.0,-325.0,16598.0,343.0,1.0,27614.0,50.0,Pass
l3313.txm,65.4062,751.0,754.0,132.0,0.0,342.0,100.0,1229.0,9402.0,8976.0,-964.0,30.0,16009.0,20094.0,940.0,16398.0,355.0,0.0,27714.0,50.0,Pass
l3313.txm,66.4375,752.0,755.0,135.0,0.0,336.0,100.0,1228.0,9452.0,8980.0,-2081.0,30.0,16313.0,19966.0,-87.0,16428.0,354.0,0.0,27758.0,50.0,Pass
l3313.txm,67.4531,752.0,753.0,131.0,0.0,330.0,100.0,1228.0,9484.0,8939.0,-1595.0,30.0,16153.0,20068.0,-400.0,16608.0,347.0,0.0,27636.0,50.0,Pass
l3313.txm,68.4844,751.0,752.0,132.0,0.0,321.0,101.0,1227.0,9469.0,8986.0,-1248.0,30.0,16339.0,19864.0,-46.0,16664.0,353.0,0.0,27578.0,50.0,Pass
l3313.txm,69.5156,752.0,754.0,134.0,0.0,310.0,101.0,1220.0,9466.0,8993.0,-1420.0,31.0,16053.0,20030.0,-776.0,16972.0,358.0,0.0,27514.0,50.0,Pass
l3313.txm,70.5469,751.0,753.0,131.0,0.0,301.0,102.0,1226.0,9488.0,8974.0,-1606.0,31.0,15877.0,20290.0,-506.0,16454.0,348.0,0.0,27506.0,49.0,Pass
l3313.txm,71.5625,752.0,753.0,133.0,0.0,292.0,100.0,1227.0,9478.0,8968.0,-1579.0,31.0,15742.0,20278.0,129.0,16722.0,358.0,0.0,27482.0,49.0,Pass
l3313.txm,72.5937,752.0,753.0,132.0,0.0,304.0,101.0,1228.0,9420.0,9072.0,-759.0,31.0,15926.0,20292.0,-725.0,16140.0,346.0,0.0,27412.0,49.0,Pass
l3313.txm,73.5937,751.0,753.0,134.0,0.0,337.0,101.0,1239.0,9417.0,9071.0,-271.0,28.0,16466.0,20144.0,562.0,16096.0,346.0,0.0,27736.0,49.0,Pass
l3313.txm,74.625,752.0,753.0,134.0,0.0,382.0,101.0,1237.0,9466.0,9021.0,390.0,26.0,17102.0,19796.0,143.0,16368.0,355.0,0.0,27984.0,50.0,Pass
l3313.txm,75.6406,751.0,753.0,135.0,0.0,434.0,100.0,1231.0,9525.0,8994.0,800.0,26.0,17200.0,19730.0,28.0,16368.0,355.0,1.0,28096.0,50.0,Pass
l3313.txm,76.6875,752.0,754.0,132.0,0.0,503.0,100.0,1232.0,9450.0,8959.0,983.0,25.0,17243.0,19210.0,530.0,16326.0,348.0,0.0,28356.0,50.0,Pass
l3313.txm,77.6719,751.0,753.0,136.0,0.0,533.0,100.0,1227.0,9449.0,8920.0,66.0,28.0,16681.0,19020.0,106.0,16564.0,349.0,0.0,28250.0,50.0,Pass
l3313.txm,78.7031,752.0,753.0,132.0,0.0,540.0,101.0,1226.0,9496.0,8896.0,528.0,27.0,16873.0,19152.0,-502.0,16464.0,345.0,0.0,28246.0,50.0,Pass
l3313.txm,79.7187,752.0,753.0,132.0,0.0,543.0,100.0,1227.0,9423.0,8930.0,328.0,28.0,16401.0,19160.0,-73.0,16516.0,356.0,0.0,28450.0,50.0,Pass
l3313.txm,80.7344,752.0,754.0,131.0,0.0,548.0,100.0,1229.0,9419.0,8941.0,145.0,28.0,16243.0,19204.0,978.0,16428.0,344.0,0.0,28418.0,50.0,Pass
l3313.txm,81.7656,752.0,754.0,132.0,0.0,543.0,100.0,1225.0,9488.0,8894.0,-170.0,28.0,16510.0,19164.0,158.0,16492.0,351.0,1.0,28420.0,50.0,Pass
l3313.txm,82.7812,752.0,753.0,132.0,0.0,550.0,101.0,1228.0,9422.0,8959.0,147.0,28.0,16361.0,19168.0,992.0,16620.0,360.0,0.0,28426.0,50.0,Pass
l3313.txm,83.8281,752.0,752.0,135.0,0.0,550.0,100.0,1227.0,9471.0,8948.0,-734.0,28.0,16371.0,19206.0,122.0,16432.0,345.0,0.0,28474.0,50.0,Pass
l3313.txm,84.8281,752.0,753.0,135.0,0.0,548.0,100.0,1227.0,9468.0,8920.0,-179.0,28.0,16330.0,19064.0,894.0,16542.0,357.0,0.0,28462.0,50.0,Pass
l3313.txm,85.8438,752.0,752.0,135.0,0.0,546.0,101.0,1227.0,9467.0,8950.0,-374.0,27.0,16741.0,19054.0,-38.0,16466.0,348.0,0.0,28258.0,50.0,Pass
l3313.txm,86.8594,752.0,753.0,134.0,0.0,553.0,101.0,1228.0,9404.0,8976.0,-159.0,27.0,16895.0,19200.0,-11.0,16490.0,342.0,0.0,28420.0,50.0,Pass
l3313.txm,87.8906,751.0,752.0,132.0,0.0,546.0,101.0,1226.0,9506.0,8922.0,-187.0,28.0,16198.0,19052.0,57.0,16522.0,355.0,1.0,28428.0,50.0,Pass
l3313.txm,88.9219,751.0,753.0,133.0,0.0,550.0,100.0,1227.0,9425.0,8908.0,192.0,28.0,16303.0,19196.0,454.0,16522.0,354.0,0.0,28440.0,50.0,Pass
l3313.txm,89.9219,752.0,753.0,133.0,0.0,550.0,101.0,1227.0,9440.0,8977.0,324.0,28.0,16439.0,19024.0,522.0,16386.0,359.0,0.0,28284.0,50.0,Pass
l3313.txm,90.9375,752.0,753.0,131.0,0.0,553.0,100.0,1227.0,9429.0,8957.0,239.0,28.0,16398.0,19008.0,292.0,16460.0,344.0,0.0,28286.0,50.0,Pass
l3313.txm,91.9687,751.0,753.0,135.0,0.0,554.0,101.0,1228.0,9476.0,8936.0,-206.0,28.0,16579.0,19210.0,368.0,16448.0,348.0,0.0,28282.0,50.0,Pass
l3313.txm,92.9844,752.0,753.0,135.0,0.0,552.0,101.0,1229.0,9483.0,8934.0,-443.0,28.0,16427.0,19080.0,94.0,16406.0,352.0,0.0,28286.0,50.0,Pass
l3313.txm,94.0,752.0,753.0,132.0,0.0,549.0,101.0,1225.0,9406.0,8975.0,-64.0,28.0,16143.0,19014.0,16.0,16402.0,344.0,0.0,28250.0,50.0,Pass
l3313.txm,95.0156,751.0,754.0,134.0,0.0,552.0,100.0,1226.0,9425.0,8989.0,-72.0,28.0,16357.0,19024.0,512.0,16348.0,354.0,0.0,28478.0,50.0,Pass
l3313.txm,96.0625,752.0,754.0,131.0,0.0,553.0,101.0,1225.0,9475.0,8998.0,-231.0,27.0,16528.0,19158.0,370.0,16786.0,349.0,0.0,28442.0,50.0,Pass
l3313.txm,97.0469,751.0,753.0,132.0,0.0,553.0,101.0,1227.0,9422.0,8976.0,-8.0,27.0,16428.0,19128.0,97.0,16710.0,353.0,0.0,28400.0,50.0,Pass
l3313.txm,98.0781,752.0,753.0,131.0,0.0,553.0,102.0,1226.0,9446.0,8958.0,-165.0,28.0,16130.0,18966.0,-311.0,16682.0,342.0,0.0,28444.0,50.0,Pass
l3313.txm,99.1094,751.0,753.0,132.0,0.0,557.0,100.0,1227.0,9450.0,8962.0,-638.0,28.0,16225.0,18964.0,-366.0,16630.0,352.0,0.0,28456.0,50.0,Pass
l3313.txm,100.125,752.0,753.0,133.0,0.0,550.0,100.0,1228.0,9420.0,8953.0,203.0,28.0,16250.0,18998.0,-19.0,16688.0,353.0,0.0,28436.0,50.0,Pass
l3313.txm,101.156,752.0,752.0,132.0,0.0,554.0,101.0,1229.0,9466.0,8925.0,320.0,28.0,16184.0,19044.0,76.0,16660.0,346.0,0.0,28404.0,50.0,Pass
l3313.txm,102.156,752.0,753.0,132.0,0.0,557.0,101.0,1231.0,9443.0,8959.0,449.0,28.0,16613.0,19104.0,94.0,16612.0,351.0,0.0,28282.0,50.0,Pass
l3313.txm,103.188,751.0,753.0,135.0,0.0,559.0,100.0,1228.0,9437.0,9003.0,-27.0,28.0,16592.0,19150.0,135.0,16722.0,345.0,0.0,28234.0,50.0,Pass
l3313.txm,104.203,752.0,753.0,135.0,0.0,559.0,100.0,1228.0,9473.0,8921.0,265.0,28.0,16448.0,18978.0,-443.0,16760.0,351.0,0.0,28260.0,50.0,Pass
l3313.txm,105.219,752.0,753.0,131.0,0.0,555.0,101.0,1228.0,9423.0,8929.0,-158.0,28.0,16294.0,19166.0,117.0,16750.0,351.0,0.0,28286.0,50.0,Pass
l3313.txm,106.234,752.0,752.0,136.0,0.0,556.0,101.0,1229.0,9461.0,8918.0,-261.0,27.0,16586.0,19008.0,-356.0,16744.0,355.0,0.0,28422.0,50.0,Pass
l3313.txm,107.266,752.0,754.0,132.0,0.0,555.0,100.0,1228.0,9465.0,8994.0,312.0,26.0,16374.0,19070.0,-496.0,16636.0,349.0,0.0,28236.0,50.0,Pass
l3313.txm,108.281,752.0,754.0,131.0,0.0,552.0,101.0,1227.0,9490.0,8907.0,-236.0,27.0,16478.0,19160.0,-261.0,16758.0,354.0,1.0,28436.0,50.0,Pass
l3313.txm,109.312,752.0,754.0,131.0,0.0,556.0,101.0,1229.0,9410.0,8979.0,545.0,26.0,16531.0,19112.0,-93.0,16720.0,354.0,0.0,28272.0,50.0,Pass
l3314.txm,55.625,752.0,753.0,136.0,0.0,475.0,100.0,1234.0,9449.0,8985.0,319.0,28.0,16457.0,19592.0,-268.0,16976.0,356.0,0.0,27860.0,50.0,Pass
l3314.txm,56.625,752.0,754.0,134.0,0.0,391.0,100.0,1283.0,9442.0,8964.0,-1148.0,30.0,16098.0,19736.0,-552.0,16360.0,339.0,0.0,27834.0,49.0,Pass
l3314.txm,57.6562,752.0,753.0,134.0,0.0,375.0,101.0,1270.0,9426.0,9019.0,-346.0,29.0,16721.0,19810.0,-96.0,16432.0,354.0,0.0,27834.0,50.0,Pass
l3314.txm,58.6719,751.0,752.0,135.0,0.0,367.0,102.0,1213.0,9423.0,9030.0,221.0,28.0,16381.0,19796.0,-451.0,16758.0,344.0,0.0,27832.0,50.0,Pass
l3314.txm,59.7031,752.0,755.0,132.0,0.0,365.0,100.0,1227.0,9435.0,9018.0,228.0,29.0,16602.0,19814.0,45.0,16604.0,353.0,0.0,27816.0,50.0,Pass
l3314.txm,60.7031,752.0,753.0,133.0,0.0,366.0,101.0,1232.0,9425.0,9024.0,-326.0,29.0,16702.0,19790.0,-854.0,16664.0,351.0,0.0,27796.0,50.0,Pass
l3314.txm,61.7344,752.0,753.0,131.0,0.0,359.0,100.0,1226.0,9464.0,9012.0,317.0,29.0,16427.0,19858.0,130.0,16458.0,351.0,0.0,27748.0,50.0,Pass
l3314.txm,62.7656,752.0,754.0,134.0,0.0,357.0,100.0,1227.0,9473.0,8945.0,-227.0,30.0,16102.0,19852.0,-279.0,16732.0,342.0,0.0,27752.0,50.0,Pass
l3314.txm,63.7812,752.0,753.0,136.0,0.0,349.0,99.0,1226.0,9468.0,8955.0,-903.0,30.0,16415.0,19862.0,-517.0,16794.0,353.0,0.0,27742.0,50.0,Pass
l3314.txm,64.7969,752.0,754.0,132.0,0.0,343.0,101.0,1229.0,9410.0,9014.0,-913.0,30.0,16118.0,19944.0,115.0,16332.0,357.0,0.0,27750.0,50.0,Pass
l3314.txm,65.8125,752.0,753.0,132.0,0.0,336.0,100.0,1228.0,9407.0,9001.0,-934.0,30.0,16083.0,19868.0,598.0,16520.0,351.0,0.0,27636.0,50.0,Pass
l3314.txm,66.8437,752.0,753.0,131.0,0.0,337.0,101.0,1229.0,9470.0,8968.0,-870.0,30.0,16396.0,19996.0,-525.0,16702.0,346.0,0.0,27742.0,50.0,Pass
l3314.txm,67.8594,752.0,754.0,135.0,0.0,321.0,101.0,1225.0,9434.0,9019.0,-2453.0,30.0,16375.0,19936.0,-611.0,16838.0,351.0,0.0,27600.0,50.0,Pass
l3314.txm,68.875,751.0,753.0,135.0,0.0,311.0,100.0,1222.0,9420.0,8991.0,-2238.0,31.0,15953.0,20028.0,-301.0,16656.0,349.0,0.0,27586.0,50.0,Pass
l3314.txm,69.8906,752.0,754.0,135.0,0.0,299.0,100.0,1220.0,9439.0,9011.0,-1826.0,31.0,16186.0,20124.0,-29.0,16536.0,358.0,0.0,27284.0,50.0,Pass
l3314.txm,70.9219,752.0,753.0,134.0,0.0,295.0,101.0,1227.0,9489.0,9003.0,-1071.0,30.0,16022.0,20318.0,-765.0,16712.0,350.0,0.0,27386.0,49.0,Pass
l3314.txm,71.9531,752.0,753.0,133.0,0.0,302.0,100.0,1227.0,9425.0,9071.0,-962.0,30.0,16335.0,20204.0,-20.0,16336.0,348.0,0.0,27318.0,49.0,Pass
l3314.txm,72.9844,752.0,754.0,131.0,0.0,336.0,100.0,1242.0,9480.0,9095.0,164.0,29.0,16174.0,20140.0,206.0,15950.0,346.0,0.0,27658.0,49.0,Pass
l3314.txm,74.0,752.0,753.0,132.0,0.0,378.0,100.0,1239.0,9487.0,8982.0,1468.0,26.0,17039.0,20008.0,356.0,16382.0,355.0,1.0,27886.0,50.0,Pass
l3314.txm,75.0312,752.0,753.0,133.0,0.0,439.0,101.0,1231.0,9450.0,9019.0,697.0,26.0,17037.0,19674.0,85.0,16302.0,349.0,1.0,28066.0,50.0,Pass
l3314.txm,76.0469,752.0,753.0,133.0,0.0,487.0,100.0,1231.0,9498.0,8943.0,332.0,26.0,17273.0,19288.0,172.0,16198.0,353.0,1.0,28314.0,50.0,Pass
l3314.txm,77.0625,752.0,753.0,134.0,0.0,536.0,101.0,1232.0,9422.0,8993.0,-184.0,26.0,17170.0,19112.0,-71.0,16694.0,356.0,0.0,28298.0,51.0,Pass
l3314.txm,78.0937,751.0,753.0,135.0,0.0,545.0,100.0,1228.0,9408.0,8992.0,27.0,26.0,17202.0,19030.0,147.0,16526.0,350.0,1.0,28446.0,51.0,Pass
l3314.txm,79.125,751.0,753.0,133.0,0.0,549.0,100.0,1231.0,9439.0,8993.0,192.0,26.0,16897.0,19108.0,6.0,16502.0,355.0,0.0,28444.0,51.0,Pass
l3314.txm,80.125,752.0,753.0,135.0,0.0,549.0,100.0,1229.0,9466.0,8979.0,-122.0,26.0,16844.0,19028.0,64.0,16592.0,349.0,1.0,28290.0,51.0,Pass
l3314.txm,81.1406,752.0,753.0,133.0,0.0,547.0,100.0,1228.0,9413.0,9002.0,-264.0,26.0,17162.0,19002.0,-305.0,16530.0,350.0,0.0,28240.0,51.0,Pass
l3314.txm,82.1719,752.0,753.0,133.0,0.0,548.0,101.0,1225.0,9405.0,8971.0,111.0,26.0,17005.0,19158.0,-13.0,16328.0,351.0,1.0,28232.0,51.0,Pass
l3314.txm,83.1875,752.0,753.0,132.0,0.0,548.0,101.0,1230.0,9442.0,8950.0,96.0,27.0,16896.0,19182.0,57.0,16500.0,342.0,0.0,28286.0,51.0,Pass
l3314.txm,84.2187,752.0,754.0,132.0,0.0,548.0,102.0,1227.0,9450.0,8940.0,293.0,26.0,16836.0,19012.0,88.0,16522.0,352.0,0.0,28434.0,51.0,Pass
l3314.txm,85.2188,751.0,753.0,132.0,0.0,550.0,101.0,1230.0,9465.0,8965.0,317.0,27.0,16501.0,19176.0,358.0,16520.0,346.0,0.0,28446.0,51.0,Pass
l3314.txm,86.25,751.0,753.0,132.0,0.0,547.0,101.0,1229.0,9431.0,8943.0,45.0,26.0,16855.0,19008.0,132.0,16326.0,352.0,0.0,28416.0,51.0,Pass
l3314.txm,87.2656,752.0,754.0,134.0,0.0,550.0,100.0,1228.0,9453.0,8963.0,405.0,27.0,16899.0,19164.0,141.0,16574.0,355.0,0.0,28414.0,51.0,Pass
l3314.txm,88.2969,752.0,753.0,134.0,0.0,552.0,102.0,1230.0,9509.0,8937.0,-263.0,27.0,16619.0,19200.0,132.0,16578.0,345.0,0.0,28244.0,51.0,Pass
l3314.txm,89.2969,752.0,752.0,135.0,0.0,552.0,102.0,1227.0,9427.0,8974.0,-154.0,27.0,16704.0,19186.0,858.0,16508.0,359.0,0.0,28246.0,51.0,Pass
l3314.txm,90.3281,752.0,753.0,135.0,0.0,552.0,101.0,1228.0,9427.0,9000.0,-205.0,27.0,16787.0,19010.0,-15.0,16384.0,343.0,0.0,28400.0,51.0,Pass
l3314.txm,91.3594,752.0,753.0,134.0,0.0,554.0,101.0,1229.0,9467.0,8917.0,86.0,27.0,16777.0,19008.0,-51.0,16426.0,359.0,0.0,28432.0,51.0,Pass
l3314.txm,92.3906,752.0,753.0,133.0,0.0,552.0,100.0,1227.0,9446.0,8929.0,45.0,26.0,16528.0,19158.0,117.0,16540.0,347.0,0.0,28438.0,51.0,Pass
l3314.txm,93.4219,751.0,752.0,135.0,0.0,555.0,100.0,1228.0,9441.0,8961.0,-523.0,26.0,16920.0,19126.0,113.0,16412.0,359.0,0.0,28272.0,51.0,Pass
l3314.txm,94.4375,752.0,753.0,132.0,0.0,556.0,102.0,1228.0,9388.0,9005.0,532.0,26.0,16555.0,19192.0,316.0,16498.0,355.0,0.0,28244.0,51.0,Pass
l3314.txm,95.4687,752.0,753.0,132.0,0.0,558.0,100.0,1229.0,9405.0,8990.0,340.0,27.0,16794.0,19144.0,-90.0,16570.0,344.0,0.0,28258.0,51.0,Pass
l3314.txm,96.4688,752.0,753.0,132.0,0.0,556.0,100.0,1227.0,9491.0,8911.0,435.0,26.0,16519.0,19004.0,524.0,16754.0,352.0,0.0,28406.0,51.0,Pass
l3314.txm,97.5,751.0,754.0,135.0,0.0,557.0,102.0,1229.0,9406.0,9002.0,365.0,26.0,16776.0,19154.0,-264.0,16596.0,344.0,0.0,28436.0,51.0,Pass
l3314.txm,98.5469,751.0,753.0,135.0,0.0,554.0,100.0,1227.0,9427.0,8978.0,-57.0,26.0,16909.0,18968.0,-23.0,16454.0,344.0,0.0,28408.0,51.0,Pass
l3314.txm,99.5469,752.0,754.0,132.0,0.0,558.0,101.0,1230.0,9408.0,9028.0,131.0,27.0,16791.0,19154.0,59.0,16706.0,344.0,0.0,28248.0,51.0,Pass
l3314.txm,100.547,751.0,754.0,135.0,0.0,558.0,101.0,1229.0,9464.0,8908.0,65.0,26.0,16846.0,18994.0,-48.0,16538.0,348.0,0.0,28218.0,51.0,Pass
l3314.txm,101.578,751.0,751.0,133.0,0.0,559.0,100.0,1227.0,9449.0,8978.0,456.0,26.0,16876.0,18980.0,97.0,16596.0,357.0,1.0,28272.0,51.0,Pass
l3314.txm,102.594,752.0,753.0,135.0,0.0,557.0,101.0,1229.0,9432.0,8944.0,-448.0,27.0,16863.0,18976.0,550.0,16610.0,349.0,0.0,28224.0,51.0,Pass
l3314.txm,103.625,752.0,753.0,135.0,0.0,556.0,100.0,1230.0,9443.0,8963.0,-160.0,27.0,16984.0,19050.0,-289.0,16650.0,350.0,0.0,28220.0,51.0,Pass
l3314.txm,104.625,752.0,754.0,134.0,0.0,555.0,102.0,1227.0,9422.0,8950.0,-128.0,26.0,16848.0,19122.0,292.0,16544.0,351.0,0.0,28276.0,51.0,Pass
l3314.txm,105.672,752.0,752.0,132.0,0.0,552.0,100.0,1228.0,9485.0,8917.0,663.0,26.0,16938.0,19012.0,20.0,16588.0,347.0,0.0,28436.0,51.0,Pass
l3314.txm,106.687,752.0,754.0,133.0,0.0,557.0,101.0,1231.0,9396.0,8991.0,-485.0,27.0,17033.0,19108.0,-471.0,16624.0,349.0,0.0,28382.0,51.0,Pass
l3314.txm,107.719,752.0,753.0,132.0,0.0,559.0,102.0,1227.0,9412.0,9003.0,-73.0,27.0,16906.0,19160.0,-287.0,16632.0,352.0,0.0,28238.0,51.0,Pass
l3314.txm,108.75,752.0,753.0,135.0,0.0,551.0,100.0,1229.0,9426.0,8930.0,323.0,26.0,17075.0,18976.0,103.0,16494.0,352.0,0.0,28258.0,51.0,Pass
l3315.txm,56.6406,752.0,754.0,132.0,0.0,399.0,100.0,1236.0,9488.0,8939.0,34.0,29.0,16427.0,19752.0,-411.0,16620.0,359.0,0.0,27822.0,50.0,Pass
l3315.txm,57.6719,752.0,754.0,132.0,0.0,370.0,101.0,1287.0,9443.0,8992.0,-1829.0,29.0,16435.0,19798.0,-8.0,16476.0,346.0,0.0,27820.0,49.0,Pass
l3315.txm,58.7031,752.0,753.0,133.0,0.0,366.0,100.0,1262.0,9430.0,9045.0,-483.0,28.0,16442.0,19794.0,372.0,16694.0,347.0,0.0,27824.0,50.0,Pass
l3315.txm,59.7344,752.0,753.0,131.0,0.0,370.0,101.0,1215.0,9475.0,8975.0,-134.0,28.0,16685.0,19802.0,-370.0,16618.0,351.0,0.0,27806.0,50.0,Pass
l3315.txm,60.7656,752.0,754.0,133.0,0.0,361.0,101.0,1230.0,9473.0,8956.0,-1230.0,29.0,16826.0,19802.0,40.0,16662.0,346.0,0.0,27818.0,50.0,Pass
l3315.txm,61.7812,752.0,754.0,136.0,0.0,353.0,100.0,1231.0,9477.0,8948.0,-1284.0,29.0,16681.0,19854.0,72.0,16442.0,357.0,0.0,27768.0,50.0,Pass
l3315.txm,62.7969,752.0,753.0,135.0,0.0,351.0,101.0,1225.0,9451.0,8979.0,-1930.0,29.0,16769.0,19838.0,-283.0,16570.0,343.0,0.0,27770.0,50.0,Pass
l3315.txm,63.8125,752.0,754.0,132.0,0.0,343.0,101.0,1226.0,9442.0,8972.0,-1834.0,29.0,16628.0,19846.0,-271.0,16722.0,355.0,0.0,27772.0,50.0,Pass
l3315.txm,64.8437,752.0,755.0,135.0,0.0,343.0,101.0,1229.0,9415.0,9007.0,-1894.0,29.0,16601.0,19910.0,-339.0,16742.0,352.0,0.0,27556.0,50.0,Pass
l3315.txm,65.875,751.0,753.0,132.0,0.0,332.0,101.0,1228.0,9411.0,9009.0,-1135.0,29.0,16446.0,19960.0,-26.0,16142.0,352.0,0.0,27648.0,50.0,Pass
l3315.txm,66.875,751.0,752.0,135.0,0.0,329.0,101.0,1227.0,9471.0,8975.0,-2003.0,29.0,16359.0,19984.0,-454.0,16666.0,347.0,0.0,27528.0,50.0,Pass
l3315.txm,67.8906,752.0,752.0,136.0,0.0,324.0,102.0,1223.0,9431.0,9039.0,-1858.0,29.0,16256.0,20020.0,-258.0,16908.0,343.0,0.0,27590.0,50.0,Pass
l3315.txm,68.9219,751.0,754.0,131.0,0.0,314.0,100.0,1220.0,9401.0,9041.0,-1477.0,30.0,16058.0,20112.0,47.0,16592.0,357.0,0.0,27504.0,50.0,Pass
l3315.txm,69.9375,752.0,753.0,133.0,0.0,301.0,101.0,1223.0,9478.0,8993.0,-1577.0,31.0,16122.0,20156.0,324.0,16284.0,359.0,0.0,27494.0,50.0,Pass
l3315.txm,70.9687,752.0,753.0,132.0,0.0,295.0,101.0,1227.0,9419.0,9027.0,-1288.0,31.0,15832.0,20254.0,-454.0,16462.0,347.0,0.0,27364.0,49.0,Pass
l3315.txm,71.9687,752.0,755.0,132.0,0.0,301.0,101.0,1226.0,9438.0,9058.0,-1241.0,30.0,15949.0,20338.0,-44.0,16230.0,361.0,0.0,27370.0,49.0,Pass
l3315.txm,73.0,752.0,753.0,131.0,0.0,324.0,101.0,1236.0,9526.0,9025.0,454.0,28.0,16494.0,20168.0,-312.0,16076.0,349.0,0.0,27590.0,49.0,Pass
l3315.txm,74.0156,752.0,754.0,136.0,0.0,373.0,100.0,1238.0,9500.0,9011.0,131.0,26.0,17115.0,19844.0,532.0,16628.0,352.0,0.0,27974.0,50.0,Pass
l3315.txm,75.0312,752.0,754.0,134.0,0.0,414.0,101.0,1236.0,9446.0,9022.0,151.0,25.0,17019.0,19908.0,578.0,16112.0,358.0,0.0,28006.0,50.0,Pass
l3315.txm,76.0625,752.0,753.0,132.0,0.0,479.0,101.0,1232.0,9439.0,8985.0,1548.0,25.0,16766.0,19520.0,79.0,16358.0,343.0,0.0,28280.0,50.0,Pass
l3315.txm,77.0781,752.0,753.0,135.0,0.0,530.0,102.0,1229.0,9396.0,8948.0,-11.0,29.0,16159.0,19070.0,334.0,16388.0,346.0,0.0,28302.0,51.0,Pass
l3315.txm,78.1094,751.0,753.0,135.0,0.0,539.0,100.0,1228.0,9367.0,9005.0,1178.0,26.0,16778.0,19048.0,374.0,16548.0,347.0,0.0,28396.0,50.0,Pass
l3315.txm,79.1094,753.0,754.0,131.0,0.0,546.0,100.0,1227.0,9369.0,8969.0,629.0,29.0,16034.0,19162.0,-437.0,16582.0,351.0,0.0,28226.0,51.0,Pass
l3315.txm,80.1406,752.0,753.0,134.0,0.0,550.0,101.0,1234.0,9421.0,9037.0,813.0,25.0,16984.0,18990.0,124.0,16560.0,353.0,0.0,28274.0,50.0,Pass
l3315.txm,81.1563,752.0,755.0,134.0,0.0,553.0,101.0,1223.0,9354.0,8947.0,-6.0,29.0,16009.0,19120.0,-310.0,16560.0,349.0,0.0,28378.0,51.0,Pass
l3315.txm,82.1875,752.0,752.0,134.0,0.0,551.0,102.0,1235.0,9407.0,9003.0,686.0,26.0,16912.0,19146.0,40.0,16430.0,351.0,0.0,28438.0,50.0,Pass
l3315.txm,83.1875,751.0,753.0,131.0,0.0,550.0,100.0,1223.0,9417.0,8890.0,223.0,29.0,15953.0,19146.0,0.0,16640.0,355.0,0.0,28228.0,51.0,Pass
l3315.txm,84.2187,751.0,754.0,135.0,0.0,553.0,101.0,1234.0,9381.0,8995.0,1097.0,26.0,16757.0,19036.0,926.0,16520.0,352.0,0.0,28268.0,50.0,Pass
l3315.txm,85.2656,752.0,754.0,135.0,0.0,548.0,100.0,1228.0,9447.0,8929.0,452.0,25.0,17274.0,19108.0,142.0,16408.0,345.0,0.0,28424.0,50.0,Pass
l3315.txm,86.2969,751.0,753.0,134.0,1.0,555.0,100.0,1232.0,9382.0,8948.0,-288.0,29.0,16131.0,19184.0,-63.0,16546.0,350.0,0.0,28388.0,51.0,Pass
l3315.txm,87.2969,752.0,754.0,135.0,0.0,555.0,100.0,1231.0,9441.0,8947.0,264.0,26.0,17157.0,19174.0,-299.0,16440.0,343.0,0.0,28434.0,50.0,Pass
l3315.txm,88.3281,752.0,753.0,134.0,0.0,553.0,100.0,1223.0,9441.0,8930.0,-42.0,29.0,15878.0,18986.0,-92.0,16646.0,347.0,0.0,28264.0,51.0,Pass
l3315.txm,89.3437,752.0,753.0,133.0,0.0,554.0,101.0,1231.0,9436.0,8932.0,753.0,25.0,16881.0,19114.0,46.0,16576.0,349.0,0.0,28284.0,50.0,Pass
l3315.txm,90.375,752.0,754.0,133.0,0.0,554.0,101.0,1222.0,9361.0,8955.0,-81.0,29.0,16022.0,19040.0,-71.0,16474.0,354.0,0.0,28436.0,51.0,Pass
l3315.txm,91.3906,752.0,753.0,135.0,0.0,552.0,101.0,1233.0,9412.0,9004.0,579.0,26.0,17178.0,19148.0,-294.0,16550.0,356.0,0.0,28380.0,50.0,Pass
l3315.txm,92.4375,751.0,753.0,133.0,0.0,556.0,101.0,1221.0,9393.0,8977.0,286.0,29.0,15988.0,19154.0,-86.0,16536.0,345.0,0.0,28248.0,51.0,Pass
l3315.txm,93.4375,751.0,754.0,134.0,0.0,558.0,102.0,1235.0,9438.0,8978.0,781.0,25.0,17013.0,19160.0,-57.0,16334.0,350.0,1.0,28242.0,50.0,Pass
l3315.txm,94.4531,752.0,754.0,135.0,0.0,562.0,100.0,1221.0,9355.0,8988.0,-113.0,29.0,16022.0,19028.0,117.0,16498.0,359.0,0.0,28254.0,51.0,Pass
l3315.txm,95.4687,752.0,752.0,134.0,0.0,556.0,101.0,1234.0,9397.0,9000.0,479.0,25.0,17096.0,19004.0,-265.0,16550.0,350.0,0.0,28224.0,50.0,Pass
l3315.txm,96.4844,752.0,754.0,134.0,0.0,556.0,100.0,1222.0,9357.0,8957.0,-20.0,28.0,16131.0,19166.0,-335.0,16540.0,350.0,0.0,28278.0,51.0,Pass
l3315.txm,97.5156,752.0,753.0,132.0,0.0,555.0,100.0,1233.0,9404.0,9002.0,1307.0,25.0,16867.0,19002.0,140.0,16454.0,354.0,0.0,28430.0,50.0,Pass
l3315.txm,98.5312,752.0,753.0,132.0,0.0,556.0,101.0,1220.0,9439.0,8913.0,-96.0,29.0,16153.0,19126.0,119.0,16526.0,358.0,0.0,28416.0,51.0,Pass
l3315.txm,99.5469,752.0,754.0,132.0,0.0,557.0,101.0,1236.0,9482.0,8939.0,601.0,25.0,17276.0,19034.0,21.0,16652.0,343.0,0.0,28402.0,50.0,Pass
l3315.txm,100.563,752.0,753.0,135.0,0.0,557.0,102.0,1221.0,9455.0,8929.0,710.0,25.0,17355.0,19014.0,-81.0,16396.0,343.0,0.0,28418.0,51.0,Pass
l3315.txm,101.594,751.0,753.0,133.0,0.0,559.0,100.0,1234.0,9378.0,9038.0,797.0,25.0,17022.0,19020.0,-27.0,16474.0,350.0,0.0,28380.0,50.0,Pass
l3315.txm,102.609,752.0,753.0,132.0,0.0,556.0,100.0,1220.0,9375.0,9004.0,1137.0,25.0,17055.0,19050.0,32.0,16440.0,345.0,0.0,28430.0,51.0,Pass
l3315.txm,103.625,752.0,753.0,133.0,0.0,556.0,100.0,1234.0,9416.0,8960.0,276.0,26.0,16847.0,19096.0,-462.0,16484.0,351.0,0.0,28378.0,50.0,Pass
l3315.txm,104.672,751.0,753.0,133.0,0.0,554.0,101.0,1223.0,9372.0,8969.0,326.0,29.0,16155.0,19190.0,-20.0,16568.0,355.0,0.0,28424.0,51.0,Pass
l3315.txm,105.672,752.0,753.0,132.0,0.0,562.0,102.0,1234.0,9417.0,8966.0,766.0,25.0,17020.0,19004.0,12.0,16598.0,351.0,0.0,28384.0,50.0,Pass
l3315.txm,106.687,752.0,753.0,131.0,0.0,560.0,101.0,1222.0,9382.0,8920.0,306.0,29.0,15999.0,19030.0,52.0,16532.0,349.0,0.0,28436.0,51.0,Pass
l3315.txm,107.703,751.0,754.0,132.0,0.0,553.0,102.0,1232.0,9462.0,8934.0,1472.0,25.0,16839.0,18992.0,106.0,16606.0,349.0,1.0,28394.0,50.0,Pass
l3315.txm,108.734,752.0,753.0,133.0,0.0,556.0,101.0,1223.0,9388.0,8903.0,301.0,28.0,16077.0,19172.0,-22.0,16688.0,346.0,0.0,28236.0,51.0,Pass
l3315.txm,109.75,751.0,753.0,134.0,0.0,558.0,101.0,1233.0,9383.0,9008.0,808.0,25.0,17147.0,19030.0,-408.0,16604.0,349.0,0.0,28374.0,50.0,Pass
l3315.txm,110.781,752.0,753.0,133.0,0.0,557.0,100.0,1226.0,9436.0,8944.0,416.0,28.0,16220.0,19002.0,24.0,16544.0,343.0,0.0,28418.0,51.0,Pass
l3316.txm,58.2187,751.0,753.0,135.0,0.0,373.0,101.0,1281.0,9438.0,8976.0,-1150.0,30.0,16190.0,19786.0,-386.0,16578.0,352.0,0.0,27828.0,49.0,Pass
l3316.txm,59.25,752.0,755.0,133.0,0.0,368.0,102.0,1275.0,9388.0,9013.0,-521.0,30.0,16225.0,19806.0,-498.0,16504.0,344.0,0.0,27824.0,50.0,Pass
l3316.txm,60.2656,752.0,754.0,132.0,0.0,371.0,101.0,1214.0,9458.0,8966.0,305.0,28.0,16245.0,19798.0,502.0,16824.0,342.0,0.0,27822.0,50.0,Pass
l3316.txm,61.2812,752.0,753.0,133.0,0.0,360.0,101.0,1225.0,9410.0,9023.0,-174.0,30.0,16576.0,19806.0,81.0,16826.0,347.0,0.0,27816.0,50.0,Pass
l3316.txm,62.2969,752.0,753.0,133.0,0.0,358.0,101.0,1233.0,9407.0,9021.0,-22.0,30.0,16253.0,19800.0,17.0,16802.0,346.0,0.0,27804.0,50.0,Pass
l3316.txm,63.3281,752.0,754.0,132.0,0.0,354.0,100.0,1228.0,9393.0,8991.0,-471.0,29.0,16258.0,19842.0,81.0,16750.0,347.0,0.0,27760.0,50.0,Pass
l3316.txm,64.375,752.0,754.0,132.0,0.0,346.0,100.0,1227.0,9424.0,8993.0,-977.0,30.0,16165.0,19842.0,-688.0,16642.0,347.0,0.0,27638.0,50.0,Pass
l3316.txm,65.3906,752.0,753.0,134.0,0.0,349.0,101.0,1230.0,9461.0,8962.0,-1523.0,29.0,16510.0,19750.0,-542.0,16744.0,344.0,0.0,27742.0,50.0,Pass
l3316.txm,66.4219,751.0,753.0,135.0,0.0,341.0,101.0,1228.0,9447.0,9001.0,-1832.0,30.0,16091.0,19888.0,-61.0,16298.0,348.0,1.0,27628.0,50.0,Pass
l3316.txm,67.4375,751.0,754.0,130.0,0.0,332.0,100.0,1228.0,9388.0,9011.0,-1308.0,30.0,16203.0,20002.0,614.0,16394.0,361.0,0.0,27638.0,50.0,Pass
l3316.txm,68.4531,752.0,753.0,134.0,0.0,328.0,100.0,1224.0,9396.0,9035.0,-1440.0,30.0,16146.0,19972.0,-547.0,16792.0,343.0,0.0,27656.0,50.0,Pass
l3316.txm,69.4687,751.0,754.0,133.0,0.0,312.0,102.0,1220.0,9423.0,9038.0,-1536.0,31.0,15959.0,20058.0,508.0,16474.0,354.0,0.0,27540.0,50.0,Pass
l3316.txm,70.5,752.0,754.0,133.0,0.0,308.0,100.0,1225.0,9406.0,9068.0,-753.0,31.0,15969.0,20222.0,146.0,16622.0,353.0,0.0,27366.0,50.0,Pass
l3316.txm,71.5312,751.0,752.0,132.0,0.0,300.0,100.0,1224.0,9481.0,8997.0,-688.0,30.0,15826.0,20110.0,-704.0,16696.0,349.0,0.0,27476.0,50.0,Pass
l3316.txm,72.5312,752.0,753.0,135.0,0.0,298.0,101.0,1229.0,9501.0,9023.0,-1089.0,30.0,16144.0,20342.0,-262.0,16460.0,351.0,0.0,27466.0,49.0,Pass
l3316.txm,73.5469,752.0,753.0,133.0,0.0,314.0,100.0,1236.0,9445.0,9093.0,-55.0,28.0,16609.0,20238.0,131.0,16064.0,350.0,0.0,27508.0,49.0,Pass
l3316.txm,74.5781,752.0,754.0,135.0,0.0,362.0,100.0,1243.0,9441.0,9054.0,594.0,26.0,16971.0,19866.0,-357.0,16646.0,349.0,0.0,27834.0,50.0,Pass
l3316.txm,75.5937,753.0,754.0,133.0,0.0,414.0,100.0,1236.0,9497.0,8974.0,501.0,26.0,16850.0,19806.0,89.0,15864.0,347.0,0.0,27900.0,50.0,Pass
l3316.txm,76.6094,752.0,753.0,133.0,0.0,464.0,101.0,1234.0,9470.0,8969.0,1639.0,26.0,16877.0,19522.0,284.0,16024.0,350.0,1.0,28074.0,50.0,Pass
l3316.txm,77.625,752.0,753.0,133.0,0.0,526.0,100.0,1231.0,9424.0,8969.0,1353.0,25.0,17181.0,19290.0,304.0,16362.0,356.0,1.0,28334.0,50.0,Pass
l3316.txm,78.6562,752.0,753.0,135.0,0.0,542.0,100.0,1228.0,9435.0,9013.0,617.0,26.0,16972.0,19018.0,-387.0,16564.0,348.0,0.0,28274.0,51.0,Pass
l3316.txm,79.6875,751.0,752.0,132.0,0.0,541.0,100.0,1229.0,9379.0,8988.0,474.0,26.0,16903.0,19036.0,-370.0,16566.0,348.0,0.0,28230.0,51.0,Pass
l3316.txm,80.6875,752.0,754.0,132.0,0.0,547.0,101.0,1228.0,9388.0,8996.0,912.0,26.0,16997.0,19044.0,-261.0,16630.0,360.0,0.0,28396.0,51.0,Pass
l3316.txm,81.7187,751.0,753.0,135.0,0.0,552.0,100.0,1227.0,9383.0,9018.0,653.0,26.0,16904.0,19156.0,722.0,16610.0,346.0,0.0,28234.0,51.0,Pass
l3316.txm,82.7344,752.0,755.0,132.0,0.0,544.0,101.0,1228.0,9436.0,8962.0,814.0,26.0,16865.0,19178.0,1018.0,16594.0,350.0,0.0,28418.0,51.0,Pass
l3316.txm,83.7812,752.0,754.0,134.0,0.0,544.0,101.0,1226.0,9363.0,9007.0,1015.0,26.0,16852.0,19198.0,45.0,16458.0,348.0,0.0,28434.0,51.0,Pass
l3316.txm,84.7812,751.0,754.0,134.0,0.0,550.0,100.0,1227.0,9408.0,8975.0,617.0,26.0,16921.0,19184.0,484.0,16470.0,345.0,0.0,28278.0,51.0,Pass
l3316.txm,85.8125,752.0,754.0,135.0,0.0,552.0,101.0,1227.0,9409.0,8970.0,700.0,26.0,16891.0,19094.0,94.0,16436.0,350.0,0.0,28286.0,51.0,Pass
l3316.txm,86.8281,752.0,754.0,134.0,0.0,547.0,100.0,1226.0,9455.0,8951.0,724.0,26.0,16761.0,19120.0,72.0,16578.0,348.0,0.0,28446.0,51.0,Pass
l3316.txm,87.8437,752.0,754.0,133.0,0.0,550.0,100.0,1224.0,9353.0,8969.0,492.0,26.0,17226.0,19008.0,43.0,16456.0,343.0,0.0,28286.0,51.0,Pass
l3316.txm,88.8594,752.0,753.0,133.0,0.0,553.0,101.0,1227.0,9386.0,8996.0,713.0,26.0,17211.0,19186.0,-25.0,16434.0,353.0,1.0,28452.0,51.0,Pass
l3316.txm,89.8906,751.0,753.0,134.0,0.0,551.0,101.0,1226.0,9436.0,8953.0,927.0,26.0,16730.0,19154.0,112.0,16502.0,347.0,0.0,28302.0,51.0,Pass
l3316.txm,90.9219,752.0,753.0,131.0,0.0,560.0,100.0,1229.0,9379.0,8979.0,399.0,26.0,17104.0,19022.0,-43.0,16464.0,349.0,0.0,28278.0,51.0,Pass
l3316.txm,91.9531,751.0,754.0,132.0,0.0,559.0,100.0,1227.0,9364.0,9010.0,1029.0,26.0,16900.0,19010.0,-64.0,16398.0,358.0,0.0,28410.0,51.0,Pass
l3316.txm,92.9687,751.0,752.0,134.0,0.0,557.0,100.0,1227.0,9364.0,9006.0,382.0,26.0,17199.0,19002.0,-350.0,16454.0,350.0,0.0,28246.0,51.0,Pass
l3316.txm,94.0,752.0,753.0,133.0,0.0,557.0,100.0,1229.0,9381.0,8953.0,998.0,26.0,16802.0,19024.0,125.0,16456.0,353.0,0.0,28410.0,51.0,Pass
l3316.txm,95.0,752.0,752.0,134.0,0.0,558.0,100.0,1229.0,9389.0,8988.0,1225.0,26.0,16854.0,19032.0,952.0,16464.0,349.0,0.0,28434.0,51.0,Pass
l3316.txm,96.0312,751.0,754.0,132.0,0.0,560.0,100.0,1229.0,9434.0,8943.0,1216.0,26.0,16664.0,19188.0,3.0,16428.0,354.0,0.0,28416.0,51.0,Pass
l3316.txm,97.0625,751.0,752.0,134.0,0.0,559.0,102.0,1227.0,9421.0,8968.0,789.0,26.0,16879.0,19104.0,666.0,16492.0,349.0,1.0,28398.0,51.0,Pass
l3316.txm,98.0937,751.0,753.0,131.0,0.0,554.0,102.0,1227.0,9433.0,8942.0,759.0,26.0,16534.0,19054.0,800.0,16454.0,342.0,0.0,28254.0,51.0,Pass
l3316.txm,99.0937,752.0,753.0,132.0,0.0,559.0,100.0,1230.0,9441.0,8931.0,733.0,26.0,16613.0,19170.0,152.0,16474.0,349.0,0.0,28274.0,51.0,Pass
l3316.txm,100.109,752.0,754.0,133.0,0.0,557.0,102.0,1230.0,9353.0,9017.0,656.0,26.0,16785.0,19132.0,-27.0,16390.0,355.0,0.0,28242.0,51.0,Pass
l3316.txm,101.141,751.0,754.0,134.0,0.0,553.0,100.0,1227.0,9363.0,8998.0,1096.0,26.0,17115.0,19072.0,145.0,16396.0,350.0,0.0,28292.0,51.0,Pass
l3316.txm,102.156,751.0,753.0,134.0,0.0,554.0,100.0,1228.0,9410.0,8939.0,874.0,26.0,16668.0,19166.0,466.0,16458.0,350.0,1.0,28432.0,51.0,Pass
l3316.txm,103.172,752.0,753.0,134.0,0.0,558.0,102.0,1227.0,9437.0,8924.0,561.0,26.0,16921.0,19122.0,-277.0,16520.0,350.0,1.0,28294.0,51.0,Pass
l3316.txm,104.188,752.0,754.0,134.0,0.0,559.0,100.0,1226.0,9438.0,8956.0,1453.0,26.0,16696.0,19112.0,75.0,16600.0,346.0,0.0,28240.0,51.0,Pass
l3316.txm,105.219,752.0,753.0,135.0,0.0,554.0,100.0,1228.0,9360.0,9000.0,440.0,26.0,17235.0,19026.0,142.0,16474.0,351.0,0.0,28438.0,51.0,Pass
l3316.txm,106.234,752.0,753.0,132.0,0.0,557.0,100.0,1227.0,9407.0,9015.0,909.0,26.0,16618.0,19010.0,74.0,16544.0,348.0,0.0,28406.0,51.0,Pass
l3316.txm,107.266,752.0,753.0,135.0,0.0,557.0,101.0,1228.0,9353.0,8994.0,1162.0,26.0,16876.0,19154.0,980.0,16498.0,349.0,0.0,28270.0,51.0,Pass
l3316.txm,108.266,752.0,752.0,132.0,0.0,556.0,101.0,1226.0,9398.0,9012.0,972.0,26.0,16701.0,19012.0,760.0,16594.0,352.0,0.0,28398.0,51.0,Pass
l3316.txm,109.297,751.0,753.0,136.0,0.0,553.0,101.0,1228.0,9390.0,8984.0,759.0,26.0,16976.0,19170.0,808.0,16572.0,352.0,0.0,28268.0,51.0,Pass
l3316.txm,110.328,752.0,753.0,134.0,0.0,558.0,100.0,1227.0,9375.0,9028.0,921.0,26.0,16863.0,19008.0,10.0,16628.0,346.0,0.0,28286.0,51.0,Pass
l3316.txm,111.328,752.0,753.0,135.0,0.0,559.0,100.0,1229.0,9411.0,8945.0,773.0,26.0,16573.0,19066.0,586.0,16490.0,343.0,0.0,28442.0,51.0,Pass
l3317.txm,56.6719,752.0,752.0,136.0,0.0,408.0,100.0,1239.0,9404.0,8980.0,-1705.0,29.0,15982.0,19846.0,-370.0,16224.0,353.0,0.0,27818.0,49.0,Pass
l3317.txm,57.7031,752.0,753.0,135.0,0.0,370.0,100.0,1289.0,9424.0,8958.0,-2252.0,29.0,16317.0,19790.0,-271.0,16516.0,342.0,0.0,27834.0,49.0,Pass
l3317.txm,58.7187,752.0,754.0,133.0,0.0,380.0,101.0,1243.0,9466.0,8998.0,633.0,29.0,16150.0,19792.0,-468.0,16674.0,348.0,0.0,27826.0,50.0,Pass
l3317.txm,59.75,751.0,753.0,135.0,0.0,369.0,101.0,1220.0,9410.0,8987.0,-251.0,29.0,16204.0,19786.0,-479.0,16756.0,352.0,0.0,27818.0,50.0,Pass
l3317.txm,60.75,752.0,752.0,133.0,0.0,362.0,101.0,1233.0,9477.0,8958.0,-749.0,29.0,16328.0,19850.0,-18.0,16502.0,351.0,0.0,27726.0,50.0,Pass
l3317.txm,61.7812,752.0,753.0,134.0,0.0,361.0,101.0,1227.0,9411.0,9005.0,-120.0,30.0,16459.0,19844.0,22.0,16568.0,351.0,0.0,27728.0,50.0,Pass
l3317.txm,62.7969,752.0,754.0,135.0,0.0,354.0,101.0,1226.0,9418.0,9010.0,-924.0,29.0,16549.0,19852.0,61.0,16658.0,347.0,0.0,27728.0,50.0,Pass
l3317.txm,63.8125,751.0,753.0,134.0,0.0,352.0,101.0,1230.0,9423.0,8976.0,-1058.0,31.0,16018.0,19840.0,-680.0,16798.0,348.0,0.0,27718.0,50.0,Pass
l3317.txm,64.8437,751.0,753.0,134.0,0.0,337.0,101.0,1225.0,9475.0,8938.0,-1230.0,31.0,16206.0,19940.0,116.0,16170.0,354.0,0.0,27642.0,50.0,Pass
l3317.txm,65.8594,752.0,754.0,132.0,0.0,333.0,101.0,1234.0,9409.0,8970.0,-1239.0,31.0,16174.0,19910.0,119.0,17032.0,353.0,0.0,27786.0,50.0,Pass
l3317.txm,66.8906,752.0,753.0,135.0,0.0,332.0,100.0,1221.0,9410.0,9012.0,-1809.0,31.0,16388.0,19934.0,-717.0,16926.0,351.0,0.0,27582.0,50.0,Pass
l3317.txm,67.8906,751.0,753.0,135.0,0.0,325.0,100.0,1231.0,9447.0,8974.0,-2562.0,30.0,16091.0,19972.0,-480.0,16478.0,343.0,0.0,27586.0,50.0,Pass
l3317.txm,68.9219,752.0,753.0,132.0,0.0,316.0,101.0,1222.0,9397.0,9026.0,-1455.0,31.0,15804.0,20134.0,-75.0,16810.0,349.0,0.0,27644.0,50.0,Pass
l3317.txm,69.9531,752.0,753.0,132.0,0.0,305.0,100.0,1222.0,9449.0,8984.0,-772.0,31.0,16228.0,20056.0,-709.0,16658.0,355.0,0.0,27358.0,50.0,Pass
l3317.txm,71.0,752.0,752.0,136.0,0.0,299.0,100.0,1229.0,9473.0,8996.0,-1515.0,31.0,16376.0,20342.0,-271.0,16432.0,357.0,0.0,27472.0,49.0,Pass
l3317.txm,72.0,752.0,753.0,133.0,0.0,301.0,101.0,1226.0,9478.0,9040.0,-1549.0,30.0,16401.0,20170.0,148.0,16316.0,343.0,0.0,27374.0,49.0,Pass
l3317.txm,73.0312,752.0,754.0,134.0,0.0,328.0,101.0,1239.0,9506.0,9037.0,-67.0,28.0,16241.0,20306.0,324.0,16108.0,351.0,0.0,27752.0,49.0,Pass
l3317.txm,74.0469,752.0,754.0,132.0,0.0,366.0,100.0,1236.0,9459.0,9072.0,971.0,26.0,16819.0,20022.0,98.0,16232.0,356.0,0.0,27836.0,50.0,Pass
l3317.txm,75.0781,752.0,754.0,132.0,0.0,424.0,101.0,1234.0,9496.0,8943.0,1453.0,26.0,16678.0,19624.0,88.0,16272.0,353.0,0.0,28038.0,50.0,Pass
l3317.txm,76.0781,751.0,753.0,134.0,0.0,490.0,102.0,1235.0,9520.0,8990.0,570.0,24.0,17629.0,19406.0,416.0,16280.0,351.0,1.0,28294.0,50.0,Pass
l3317.txm,77.1406,752.0,753.0,134.0,0.0,536.0,100.0,1231.0,9403.0,8962.0,-456.0,27.0,16735.0,19170.0,1040.0,16292.0,346.0,0.0,28314.0,50.0,Pass
l3317.txm,78.125,752.0,753.0,132.0,0.0,543.0,101.0,1225.0,9485.0,8982.0,17.0,27.0,16610.0,19178.0,-266.0,16470.0,348.0,0.0,28388.0,50.0,Pass
l3317.txm,79.1562,751.0,752.0,135.0,0.0,545.0,101.0,1231.0,9494.0,8928.0,188.0,27.0,16737.0,19170.0,-86.0,16516.0,346.0,0.0,28366.0,50.0,Pass
l3317.txm,80.1719,752.0,752.0,134.0,0.0,546.0,100.0,1228.0,9447.0,8962.0,-296.0,27.0,16693.0,19064.0,-288.0,16670.0,349.0,0.0,28342.0,50.0,Pass
l3317.txm,81.1875,751.0,754.0,134.0,0.0,549.0,102.0,1228.0,9426.0,8954.0,394.0,26.0,16896.0,19060.0,-346.0,16470.0,346.0,0.0,28350.0,50.0,Pass
l3317.txm,82.2187,753.0,753.0,132.0,0.0,552.0,100.0,1230.0,9484.0,8928.0,101.0,26.0,17230.0,19016.0,-45.0,16456.0,354.0,0.0,28368.0,50.0,Pass
l3317.txm,83.2344,752.0,753.0,134.0,0.0,551.0,100.0,1231.0,9463.0,8924.0,-356.0,26.0,17290.0,19068.0,38.0,16498.0,346.0,0.0,28336.0,50.0,Pass
l3317.txm,84.2656,751.0,753.0,135.0,0.0,549.0,101.0,1228.0,9456.0,8956.0,589.0,26.0,16699.0,19042.0,-265.0,16486.0,343.0,0.0,28386.0,50.0,Pass
l3317.txm,85.2656,751.0,753.0,135.0,0.0,556.0,101.0,1231.0,9455.0,8964.0,438.0,26.0,16626.0,19004.0,13.0,16620.0,346.0,0.0,28380.0,50.0,Pass
l3317.txm,86.2969,752.0,753.0,134.0,0.0,549.0,101.0,1227.0,9486.0,8937.0,559.0,26.0,16721.0,19052.0,145.0,16530.0,359.0,0.0,28382.0,50.0,Pass
l3317.txm,87.3125,752.0,753.0,134.0,0.0,550.0,101.0,1227.0,9482.0,8932.0,-263.0,26.0,16799.0,19150.0,248.0,16662.0,347.0,0.0,28372.0,50.0,Pass
l3317.txm,88.3281,752.0,754.0,134.0,0.0,554.0,101.0,1227.0,9466.0,8937.0,352.0,26.0,16788.0,19054.0,128.0,16488.0,356.0,0.0,28394.0,50.0,Pass
l3317.txm,89.3437,752.0,753.0,134.0,0.0,552.0,100.0,1230.0,9473.0,8967.0,106.0,27.0,16665.0,19042.0,-279.0,16488.0,350.0,0.0,28354.0,50.0,Pass
l3317.txm,90.375,752.0,755.0,135.0,0.0,550.0,102.0,1227.0,9469.0,8945.0,-270.0,27.0,16914.0,19050.0,680.0,16624.0,356.0,0.0,28344.0,50.0,Pass
l3317.txm,91.3906,751.0,754.0,134.0,0.0,556.0,101.0,1229.0,9457.0,8937.0,430.0,26.0,16953.0,19130.0,-406.0,16520.0,348.0,0.0,28350.0,50.0,Pass
l3317.txm,92.4063,752.0,752.0,135.0,0.0,554.0,101.0,1225.0,9395.0,8985.0,31.0,27.0,16852.0,19154.0,-47.0,16666.0,348.0,0.0,28360.0,50.0,Pass
l3317.txm,93.4219,752.0,753.0,134.0,0.0,559.0,101.0,1228.0,9445.0,8957.0,-171.0,27.0,16848.0,19104.0,208.0,16498.0,351.0,0.0,28382.0,50.0,Pass
l3317.txm,94.4531,751.0,751.0,132.0,0.0,560.0,101.0,1228.0,9472.0,8925.0,27.0,27.0,17133.0,19150.0,15.0,16600.0,346.0,0.0,28370.0,50.0,Pass
l3317.txm,95.4687,752.0,754.0,132.0,0.0,554.0,100.0,1227.0,9469.0,8916.0,656.0,27.0,16664.0,19072.0,-293.0,16552.0,346.0,0.0,28354.0,50.0,Pass
l3317.txm,96.5156,752.0,753.0,135.0,0.0,556.0,100.0,1230.0,9461.0,8929.0,317.0,27.0,17066.0,19134.0,-450.0,16566.0,347.0,0.0,28374.0,50.0,Pass
l3317.txm,97.5156,752.0,753.0,132.0,0.0,553.0,100.0,1227.0,9407.0,8971.0,51.0,26.0,16726.0,19158.0,104.0,16556.0,347.0,0.0,28386.0,50.0,Pass
l3317.txm,98.5312,751.0,753.0,134.0,0.0,558.0,100.0,1227.0,9412.0,8992.0,-288.0,27.0,16548.0,19130.0,56.0,16492.0,345.0,0.0,28378.0,50.0,Pass
l3317.txm,99.5625,751.0,753.0,135.0,0.0,555.0,101.0,1227.0,9482.0,8920.0,-725.0,27.0,17130.0,19160.0,288.0,16526.0,350.0,1.0,28380.0,50.0,Pass
l3317.txm,100.563,752.0,753.0,133.0,0.0,557.0,101.0,1225.0,9408.0,8990.0,-217.0,27.0,17166.0,19054.0,-19.0,16644.0,352.0,0.0,28342.0,50.0,Pass
l3317.txm,101.594,752.0,753.0,132.0,0.0,556.0,100.0,1226.0,9406.0,8971.0,-447.0,27.0,17070.0,19000.0,140.0,16496.0,347.0,0.0,28354.0,50.0,Pass
l3317.txm,102.609,752.0,753.0,134.0,0.0,558.0,101.0,1228.0,9411.0,9003.0,-654.0,27.0,17089.0,19074.0,-12.0,16646.0,352.0,0.0,28346.0,50.0,Pass
l3317.txm,103.641,752.0,752.0,132.0,0.0,558.0,100.0,1228.0,9443.0,8954.0,716.0,26.0,16872.0,19020.0,-306.0,16560.0,346.0,0.0,28342.0,50.0,Pass
l3317.txm,104.641,752.0,753.0,133.0,0.0,559.0,102.0,1227.0,9405.0,8981.0,93.0,27.0,16454.0,19122.0,105.0,16644.0,349.0,0.0,28344.0,50.0,Pass
l3317.txm,105.672,751.0,754.0,132.0,0.0,555.0,100.0,1227.0,9418.0,8962.0,569.0,27.0,16810.0,19002.0,-273.0,16624.0,352.0,0.0,28356.0,50.0,Pass
l3317.txm,106.687,752.0,753.0,132.0,0.0,562.0,100.0,1228.0,9458.0,8914.0,630.0,27.0,16692.0,19020.0,53.0,16464.0,342.0,0.0,28372.0,50.0,Pass
l3317.txm,107.719,752.0,752.0,134.0,0.0,557.0,100.0,1228.0,9473.0,8941.0,-366.0,27.0,16924.0,19160.0,394.0,16554.0,353.0,1.0,28382.0,50.0,Pass
l3317.txm,108.75,752.0,753.0,133.0,0.0,559.0,101.0,1229.0,9476.0,8937.0,344.0,27.0,17081.0,19086.0,-342.0,16636.0,347.0,0.0,28340.0,50.0,Pass
l3317.txm,109.781,753.0,754.0,133.0,0.0,555.0,102.0,1228.0,9460.0,8910.0,172.0,27.0,16580.0,19010.0,-309.0,16572.0,346.0,0.0,28364.0,50.0,Pass
l3321.txm,57.2187,752.0,753.0,134.0,0.0,409.0,101.0,1277.0,9433.0,8957.0,-1553.0,30.0,15934.0,19702.0,77.0,16480.0,349.0,0.0,27814.0,49.0,Pass
l3321.txm,58.2344,752.0,753.0,132.0,0.0,381.0,100.0,1281.0,9406.0,9011.0,-256.0,30.0,16182.0,19738.0,-589.0,16616.0,355.0,0.0,27868.0,50.0,Pass
l3321.txm,59.2656,752.0,753.0,135.0,0.0,382.0,101.0,1214.0,9482.0,8945.0,687.0,29.0,16418.0,19794.0,51.0,16638.0,351.0,0.0,27818.0,51.0,Pass
l3321.txm,60.2656,751.0,754.0,133.0,0.0,371.0,100.0,1226.0,9413.0,9009.0,-405.0,30.0,16302.0,19794.0,-915.0,16622.0,351.0,0.0,27826.0,50.0,Pass
l3321.txm,61.2969,752.0,754.0,132.0,0.0,361.0,102.0,1234.0,9469.0,8934.0,-668.0,30.0,16304.0,19800.0,-475.0,16604.0,342.0,0.0,27818.0,50.0,Pass
l3321.txm,62.3125,752.0,754.0,135.0,0.0,361.0,101.0,1227.0,9477.0,8983.0,-1206.0,29.0,16575.0,19850.0,-262.0,16202.0,352.0,0.0,27630.0,50.0,Pass
l3321.txm,63.3594,752.0,753.0,136.0,0.0,356.0,101.0,1229.0,9429.0,9004.0,-1199.0,29.0,16795.0,19852.0,-652.0,16394.0,351.0,0.0,27726.0,50.0,Pass
l3321.txm,64.3594,751.0,752.0,132.0,0.0,354.0,101.0,1226.0,9473.0,8994.0,-1700.0,29.0,16368.0,19860.0,-358.0,16794.0,349.0,0.0,27764.0,50.0,Pass
l3321.txm,65.375,752.0,753.0,132.0,0.0,345.0,102.0,1231.0,9427.0,9012.0,-1356.0,29.0,16354.0,19782.0,-543.0,16718.0,348.0,0.0,27640.0,50.0,Pass
l3321.txm,66.4062,752.0,754.0,133.0,0.0,340.0,101.0,1226.0,9455.0,9014.0,-1944.0,29.0,16267.0,19940.0,-397.0,16312.0,344.0,0.0,27598.0,50.0,Pass
l3321.txm,67.4219,752.0,754.0,131.0,0.0,330.0,102.0,1227.0,9439.0,9024.0,-1549.0,29.0,16517.0,20006.0,111.0,16436.0,343.0,0.0,27758.0,50.0,Pass
l3321.txm,68.4375,751.0,753.0,134.0,0.0,327.0,100.0,1225.0,9445.0,9019.0,-1890.0,29.0,16316.0,19910.0,88.0,16702.0,357.0,0.0,27548.0,50.0,Pass
l3321.txm,69.4531,751.0,753.0,136.0,0.0,319.0,101.0,1221.0,9403.0,9032.0,-1752.0,31.0,16268.0,19928.0,-63.0,16836.0,353.0,0.0,27522.0,50.0,Pass
l3321.txm,70.4844,752.0,753.0,132.0,0.0,306.0,102.0,1222.0,9475.0,9036.0,-810.0,31.0,15687.0,20178.0,-456.0,16872.0,344.0,0.0,27474.0,50.0,Pass
l3321.txm,71.5,752.0,752.0,131.0,0.0,297.0,102.0,1231.0,9429.0,9050.0,-1399.0,30.0,16060.0,20114.0,-289.0,16666.0,341.0,0.0,27408.0,49.0,Pass
l3321.txm,72.5156,752.0,753.0,132.0,0.0,297.0,101.0,1230.0,9436.0,9002.0,-1938.0,30.0,16017.0,20192.0,75.0,16068.0,361.0,0.0,27358.0,49.0,Pass
l3321.txm,73.5312,752.0,752.0,131.0,0.0,319.0,101.0,1234.0,9463.0,9011.0,628.0,28.0,16218.0,20276.0,672.0,16006.0,349.0,1.0,27760.0,49.0,Pass
l3321.txm,74.5625,752.0,754.0,136.0,0.0,364.0,100.0,1238.0,9468.0,9094.0,-103.0,26.0,17036.0,20094.0,816.0,16210.0,355.0,1.0,27820.0,50.0,Pass
l3321.txm,75.5937,752.0,754.0,132.0,0.0,412.0,100.0,1241.0,9482.0,9046.0,1195.0,26.0,16696.0,19812.0,-276.0,16618.0,347.0,0.0,28054.0,50.0,Pass
l3321.txm,76.625,751.0,753.0,134.0,0.0,474.0,100.0,1234.0,9467.0,8998.0,467.0,26.0,17160.0,19646.0,968.0,16042.0,356.0,1.0,28290.0,50.0,Pass
l3321.txm,77.6406,752.0,753.0,134.0,0.0,532.0,102.0,1228.0,9443.0,8943.0,843.0,27.0,16548.0,19290.0,79.0,16460.0,351.0,0.0,28322.0,50.0,Pass
l3321.txm,78.6719,752.0,754.0,132.0,0.0,542.0,100.0,1227.0,9454.0,9001.0,303.0,28.0,16437.0,19052.0,-19.0,16582.0,343.0,0.0,28268.0,50.0,Pass
l3321.txm,79.6719,752.0,752.0,133.0,0.0,543.0,102.0,1226.0,9424.0,8978.0,167.0,28.0,16037.0,19008.0,58.0,16470.0,342.0,0.0,28430.0,50.0,Pass
l3321.txm,80.7031,752.0,753.0,133.0,0.0,546.0,101.0,1228.0,9431.0,8950.0,-168.0,28.0,16317.0,19088.0,3.0,16460.0,361.0,0.0,28256.0,50.0,Pass
l3321.txm,81.7344,752.0,753.0,132.0,0.0,549.0,101.0,1227.0,9420.0,8952.0,-701.0,28.0,16213.0,19044.0,-75.0,16612.0,345.0,1.0,28298.0,50.0,Pass
l3321.txm,82.7656,752.0,751.0,132.0,0.0,554.0,100.0,1227.0,9393.0,8976.0,-39.0,28.0,16164.0,19022.0,936.0,16716.0,346.0,0.0,28280.0,50.0,Pass
l3321.txm,83.7656,752.0,754.0,134.0,0.0,550.0,101.0,1227.0,9388.0,8954.0,-68.0,27.0,16572.0,19044.0,21.0,16564.0,342.0,0.0,28246.0,50.0,Pass
l3321.txm,84.7812,752.0,754.0,132.0,0.0,558.0,101.0,1228.0,9387.0,9004.0,207.0,28.0,15931.0,19004.0,-10.0,16504.0,352.0,0.0,28270.0,50.0,Pass
l3321.txm,85.8125,752.0,753.0,132.0,0.0,550.0,101.0,1227.0,9451.0,8979.0,-225.0,28.0,16069.0,19138.0,-60.0,16564.0,352.0,1.0,28448.0,50.0,Pass
l3321.txm,86.8281,752.0,753.0,132.0,0.0,553.0,100.0,1228.0,9409.0,9001.0,182.0,28.0,16266.0,19030.0,598.0,16550.0,353.0,0.0,28466.0,50.0,Pass
l3321.txm,87.8437,752.0,753.0,134.0,0.0,555.0,100.0,1229.0,9409.0,8936.0,-481.0,28.0,16131.0,19136.0,-324.0,16618.0,353.0,0.0,28434.0,50.0,Pass
l3321.txm,88.8594,752.0,754.0,133.0,0.0,552.0,102.0,1227.0,9459.0,8927.0,-557.0,28.0,16123.0,19042.0,-79.0,16618.0,349.0,0.0,28464.0,50.0,Pass
l3321.txm,89.8906,752.0,753.0,134.0,0.0,560.0,102.0,1227.0,9474.0,8892.0,490.0,28.0,16033.0,19042.0,966.0,16640.0,353.0,0.0,28468.0,50.0,Pass
l3321.txm,90.9062,752.0,753.0,132.0,0.0,551.0,102.0,1228.0,9460.0,8938.0,-594.0,28.0,16359.0,19158.0,-275.0,16518.0,355.0,0.0,28268.0,50.0,Pass
l3321.txm,91.9219,751.0,753.0,135.0,0.0,557.0,100.0,1226.0,9464.0,8925.0,-642.0,28.0,16420.0,19020.0,12.0,16612.0,353.0,0.0,28438.0,50.0,Pass
l3321.txm,92.9375,752.0,753.0,133.0,0.0,557.0,100.0,1229.0,9409.0,8969.0,-79.0,28.0,16242.0,19090.0,77.0,16624.0,347.0,0.0,28246.0,50.0,Pass
l3321.txm,93.9688,751.0,754.0,135.0,0.0,560.0,102.0,1229.0,9444.0,8893.0,-173.0,29.0,16290.0,19056.0,69.0,16472.0,347.0,0.0,28292.0,50.0,Pass
l3321.txm,94.9844,752.0,754.0,133.0,0.0,564.0,101.0,1231.0,9442.0,8903.0,365.0,29.0,16053.0,19008.0,-86.0,16614.0,345.0,0.0,28426.0,50.0,Pass
l3321.txm,96.0156,752.0,753.0,135.0,0.0,557.0,102.0,1228.0,9455.0,8918.0,-385.0,28.0,16017.0,19028.0,-44.0,16554.0,350.0,0.0,28264.0,50.0,Pass
l3321.txm,97.0312,752.0,754.0,133.0,0.0,555.0,100.0,1230.0,9403.0,8969.0,-518.0,29.0,16350.0,19032.0,418.0,16442.0,356.0,0.0,28438.0,50.0,Pass
l3321.txm,98.0469,752.0,753.0,134.0,0.0,562.0,101.0,1227.0,9450.0,8926.0,-56.0,29.0,16179.0,19068.0,-51.0,16696.0,346.0,0.0,28418.0,50.0,Pass
l3321.txm,99.0781,752.0,753.0,133.0,0.0,563.0,102.0,1228.0,9406.0,8969.0,266.0,28.0,16319.0,19070.0,36.0,16612.0,354.0,0.0,28470.0,50.0,Pass
l3321.txm,100.078,752.0,753.0,132.0,0.0,559.0,101.0,1226.0,9487.0,8901.0,200.0,28.0,16285.0,19030.0,-288.0,16572.0,346.0,0.0,28246.0,50.0,Pass
l3321.txm,101.109,752.0,752.0,135.0,0.0,555.0,101.0,1227.0,9440.0,8938.0,-2.0,28.0,16045.0,19020.0,-46.0,16494.0,342.0,0.0,28456.0,50.0,Pass
l3321.txm,102.156,751.0,752.0,131.0,0.0,560.0,101.0,1229.0,9426.0,8931.0,106.0,28.0,16205.0,19160.0,612.0,16730.0,356.0,0.0,28278.0,50.0,Pass
l3321.txm,103.156,751.0,754.0,134.0,0.0,558.0,100.0,1227.0,9473.0,8900.0,168.0,28.0,16379.0,19060.0,153.0,16698.0,343.0,0.0,28258.0,50.0,Pass
l3321.txm,104.156,752.0,753.0,135.0,0.0,557.0,102.0,1229.0,9459.0,8965.0,-299.0,28.0,16461.0,19136.0,78.0,16678.0,346.0,0.0,28256.0,50.0,Pass
l3321.txm,105.188,752.0,754.0,136.0,1.0,558.0,101.0,1228.0,9456.0,8922.0,-128.0,28.0,16467.0,19036.0,120.0,16688.0,344.0,0.0,28302.0,50.0,Pass
l3321.txm,106.203,752.0,753.0,132.0,0.0,554.0,101.0,1227.0,9452.0,8914.0,132.0,28.0,15978.0,19010.0,98.0,16516.0,347.0,0.0,28280.0,50.0,Pass
l3321.txm,107.234,751.0,753.0,135.0,0.0,554.0,100.0,1226.0,9395.0,8963.0,-202.0,28.0,16311.0,19134.0,760.0,16670.0,355.0,0.0,28440.0,50.0,Pass
l3321.txm,108.234,752.0,753.0,131.0,0.0,562.0,100.0,1229.0,9450.0,8909.0,756.0,27.0,16326.0,19146.0,145.0,16520.0,349.0,0.0,28260.0,50.0,Pass
l3321.txm,109.266,752.0,753.0,135.0,0.0,556.0,101.0,1227.0,9401.0,8922.0,-140.0,28.0,16348.0,19102.0,-73.0,16560.0,353.0,0.0,28278.0,50.0,Pass
l3322.txm,57.1562,752.0,753.0,135.0,0.0,468.0,101.0,1230.0,9396.0,8972.0,778.0,30.0,16018.0,19634.0,-674.0,16760.0,350.0,0.0,27838.0,50.0,Pass
l3322.txm,58.1719,752.0,754.0,135.0,0.0,387.0,100.0,1288.0,9464.0,8945.0,-1089.0,30.0,16272.0,19730.0,-475.0,16532.0,352.0,0.0,27874.0,49.0,Pass
l3322.txm,59.2031,752.0,754.0,133.0,0.0,376.0,101.0,1262.0,9455.0,8983.0,597.0,28.0,16268.0,19732.0,-271.0,16880.0,351.0,0.0,27882.0,50.0,Pass
l3322.txm,60.2031,752.0,753.0,132.0,0.0,372.0,100.0,1208.0,9493.0,8938.0,-63.0,29.0,16572.0,19788.0,-325.0,16518.0,340.0,0.0,27824.0,50.0,Pass
l3322.txm,61.2344,752.0,753.0,133.0,0.0,366.0,101.0,1235.0,9469.0,8938.0,-1376.0,29.0,16801.0,19794.0,47.0,16498.0,349.0,0.0,27824.0,50.0,Pass
l3322.txm,62.25,752.0,753.0,136.0,0.0,360.0,101.0,1230.0,9419.0,8998.0,-985.0,29.0,16855.0,19792.0,-55.0,16796.0,348.0,0.0,27806.0,50.0,Pass
l3322.txm,63.2656,752.0,753.0,133.0,0.0,364.0,102.0,1228.0,9422.0,8982.0,-1268.0,29.0,16561.0,19854.0,-502.0,16432.0,342.0,0.0,27758.0,50.0,Pass
l3322.txm,64.2969,752.0,754.0,136.0,0.0,357.0,102.0,1229.0,9470.0,8940.0,-1228.0,29.0,16639.0,19844.0,-395.0,16562.0,354.0,0.0,27734.0,50.0,Pass
l3322.txm,65.3125,752.0,753.0,136.0,0.0,354.0,102.0,1229.0,9395.0,8996.0,-1688.0,29.0,16484.0,19920.0,-453.0,16638.0,348.0,0.0,27744.0,50.0,Pass
l3322.txm,66.3437,752.0,753.0,132.0,0.0,344.0,100.0,1225.0,9460.0,8996.0,-1788.0,29.0,16322.0,19992.0,123.0,15994.0,356.0,0.0,27618.0,50.0,Pass
l3322.txm,67.3437,752.0,754.0,134.0,0.0,337.0,101.0,1226.0,9416.0,9028.0,-1055.0,30.0,16297.0,19922.0,-361.0,16212.0,358.0,1.0,27634.0,50.0,Pass
l3322.txm,68.4062,752.0,754.0,134.0,0.0,327.0,100.0,1224.0,9412.0,9035.0,-1361.0,30.0,16368.0,20024.0,110.0,16734.0,344.0,0.0,27708.0,50.0,Pass
l3322.txm,69.3906,751.0,753.0,133.0,0.0,324.0,100.0,1225.0,9462.0,8965.0,-1296.0,30.0,16237.0,20034.0,26.0,16784.0,342.0,0.0,27614.0,50.0,Pass
l3322.txm,70.4219,752.0,754.0,132.0,0.0,310.0,102.0,1217.0,9406.0,9053.0,-1220.0,31.0,15770.0,20174.0,-432.0,16446.0,358.0,0.0,27346.0,50.0,Pass
l3322.txm,71.4219,752.0,753.0,136.0,0.0,303.0,100.0,1221.0,9406.0,9073.0,-1484.0,30.0,16136.0,20254.0,-260.0,16618.0,361.0,0.0,27322.0,49.0,Pass
l3322.txm,72.4531,752.0,753.0,132.0,0.0,297.0,101.0,1228.0,9467.0,8996.0,-1112.0,30.0,16177.0,20270.0,-48.0,16688.0,349.0,0.0,27330.0,49.0,Pass
l3322.txm,73.4687,752.0,754.0,133.0,0.0,306.0,101.0,1231.0,9459.0,9053.0,-1259.0,30.0,16224.0,20164.0,134.0,16456.0,352.0,0.0,27338.0,49.0,Pass
l3322.txm,74.5,752.0,755.0,134.0,0.0,329.0,100.0,1241.0,9495.0,9008.0,155.0,28.0,16366.0,20150.0,120.0,16286.0,343.0,0.0,27750.0,50.0,Pass
l3322.txm,75.5312,752.0,753.0,132.0,0.0,379.0,101.0,1238.0,9500.0,8995.0,610.0,26.0,17100.0,19930.0,21.0,16246.0,355.0,0.0,27886.0,50.0,Pass
l3322.txm,76.5312,752.0,753.0,132.0,0.0,438.0,101.0,1234.0,9451.0,9011.0,1274.0,26.0,16955.0,19832.0,66.0,16118.0,360.0,0.0,28094.0,50.0,Pass
l3322.txm,77.5469,752.0,753.0,135.0,0.0,493.0,100.0,1230.0,9373.0,8990.0,179.0,26.0,17028.0,19534.0,27.0,16146.0,349.0,1.0,28320.0,50.0,Pass
l3322.txm,78.5781,752.0,753.0,132.0,0.0,540.0,100.0,1224.0,9339.0,9026.0,820.0,27.0,16674.0,19104.0,22.0,16358.0,343.0,0.0,28428.0,50.0,Pass
l3322.txm,79.5781,752.0,753.0,134.0,0.0,542.0,102.0,1232.0,9380.0,8930.0,94.0,28.0,16417.0,19158.0,-40.0,16698.0,347.0,0.0,28248.0,50.0,Pass
l3322.txm,80.6094,752.0,753.0,133.0,0.0,548.0,101.0,1228.0,9410.0,9009.0,899.0,26.0,17198.0,19012.0,-276.0,16602.0,346.0,0.0,28274.0,50.0,Pass
l3322.txm,81.6406,752.0,754.0,135.0,0.0,545.0,101.0,1226.0,9397.0,8927.0,-263.0,29.0,16041.0,19040.0,123.0,16592.0,353.0,0.0,28286.0,51.0,Pass
l3322.txm,82.6562,751.0,753.0,132.0,0.0,550.0,100.0,1233.0,9457.0,8921.0,668.0,25.0,16884.0,19032.0,744.0,16560.0,356.0,0.0,28242.0,50.0,Pass
l3322.txm,83.6719,751.0,753.0,134.0,0.0,544.0,100.0,1222.0,9353.0,8967.0,-319.0,29.0,16431.0,19014.0,-372.0,16622.0,356.0,0.0,28272.0,51.0,Pass
l3322.txm,84.6875,752.0,754.0,135.0,0.0,557.0,100.0,1237.0,9441.0,9013.0,182.0,26.0,17238.0,19114.0,112.0,16660.0,344.0,0.0,28290.0,50.0,Pass
l3322.txm,85.7187,752.0,752.0,131.0,0.0,556.0,101.0,1220.0,9359.0,8983.0,590.0,29.0,16129.0,19136.0,-463.0,16508.0,348.0,1.0,28470.0,51.0,Pass
l3322.txm,86.7344,752.0,754.0,131.0,0.0,554.0,102.0,1233.0,9433.0,8950.0,367.0,26.0,16634.0,19152.0,48.0,16464.0,350.0,0.0,28270.0,50.0,Pass
l3322.txm,87.75,752.0,753.0,131.0,0.0,556.0,100.0,1227.0,9460.0,8947.0,430.0,26.0,17167.0,19054.0,606.0,16566.0,345.0,0.0,28296.0,50.0,Pass
l3322.txm,88.7656,752.0,753.0,133.0,0.0,556.0,101.0,1235.0,9397.0,8907.0,550.0,29.0,16157.0,19130.0,450.0,16744.0,350.0,0.0,28242.0,50.0,Pass
l3322.txm,89.7969,752.0,753.0,131.0,0.0,556.0,102.0,1227.0,9396.0,9000.0,1174.0,25.0,16993.0,19002.0,50.0,16466.0,346.0,0.0,28464.0,50.0,Pass
l3322.txm,90.8125,751.0,754.0,133.0,0.0,559.0,101.0,1226.0,9370.0,8991.0,50.0,29.0,16340.0,19098.0,-284.0,16614.0,360.0,0.0,28282.0,51.0,Pass
l3322.txm,91.8281,752.0,754.0,134.0,0.0,558.0,100.0,1232.0,9424.0,8944.0,545.0,26.0,17116.0,19082.0,126.0,16640.0,348.0,0.0,28240.0,50.0,Pass
l3322.txm,92.8437,752.0,754.0,136.0,0.0,555.0,100.0,1223.0,9412.0,8914.0,59.0,29.0,16207.0,19156.0,658.0,16702.0,351.0,0.0,28250.0,51.0,Pass
l3322.txm,93.875,752.0,753.0,134.0,0.0,564.0,101.0,1235.0,9430.0,8943.0,1064.0,26.0,16583.0,19024.0,92.0,16568.0,345.0,0.0,28278.0,50.0,Pass
l3322.txm,94.9063,751.0,752.0,135.0,0.0,560.0,100.0,1224.0,9412.0,8958.0,179.0,27.0,16605.0,19126.0,43.0,16666.0,346.0,0.0,28266.0,51.0,Pass
l3322.txm,95.9062,752.0,753.0,131.0,0.0,559.0,100.0,1227.0,9364.0,8991.0,1522.0,25.0,16818.0,19046.0,-68.0,16484.0,345.0,0.0,28476.0,50.0,Pass
l3322.txm,96.9219,752.0,754.0,134.0,0.0,558.0,101.0,1230.0,9395.0,8948.0,6.0,27.0,16802.0,18996.0,95.0,16534.0,352.0,0.0,28466.0,51.0,Pass
l3322.txm,97.9531,752.0,753.0,131.0,0.0,562.0,101.0,1228.0,9362.0,8993.0,1203.0,26.0,17227.0,19124.0,55.0,16672.0,346.0,0.0,28284.0,50.0,Pass
l3322.txm,98.9844,752.0,754.0,132.0,0.0,559.0,101.0,1228.0,9349.0,8971.0,669.0,27.0,16804.0,19114.0,-390.0,16646.0,347.0,0.0,28252.0,51.0,Pass
l3322.txm,99.9844,752.0,752.0,134.0,0.0,558.0,100.0,1226.0,9373.0,9014.0,770.0,26.0,17031.0,19052.0,23.0,16480.0,346.0,0.0,28474.0,50.0,Pass
l3322.txm,101.016,752.0,753.0,134.0,0.0,560.0,100.0,1231.0,9370.0,9008.0,-59.0,27.0,16971.0,19056.0,7.0,16560.0,349.0,0.0,28432.0,50.0,Pass
l3322.txm,102.031,752.0,752.0,136.0,0.0,560.0,101.0,1224.0,9359.0,8994.0,321.0,26.0,17072.0,19002.0,898.0,16584.0,351.0,0.0,28430.0,50.0,Pass
l3322.txm,103.062,752.0,753.0,132.0,0.0,556.0,101.0,1229.0,9419.0,8931.0,702.0,27.0,16892.0,19004.0,-320.0,16616.0,348.0,0.0,28274.0,51.0,Pass
l3322.txm,104.062,752.0,754.0,135.0,0.0,553.0,100.0,1223.0,9408.0,8969.0,616.0,26.0,16946.0,19002.0,-60.0,16564.0,346.0,0.0,28452.0,50.0,Pass
l3322.txm,105.094,751.0,753.0,133.0,0.0,565.0,102.0,1233.0,9421.0,8929.0,462.0,27.0,16983.0,19120.0,-62.0,16596.0,344.0,0.0,28282.0,51.0,Pass
l3322.txm,106.109,752.0,752.0,135.0,1.0,557.0,100.0,1225.0,9424.0,8942.0,1046.0,26.0,16778.0,19054.0,482.0,16630.0,356.0,0.0,28430.0,50.0,Pass
l3322.txm,107.172,752.0,753.0,134.0,0.0,564.0,100.0,1234.0,9435.0,8915.0,-16.0,27.0,16541.0,19058.0,132.0,16678.0,349.0,0.0,28242.0,50.0,Pass
l3322.txm,108.219,752.0,754.0,134.0,0.0,559.0,101.0,1226.0,9387.0,8951.0,826.0,26.0,17098.0,19012.0,-371.0,16624.0,342.0,0.0,28248.0,50.0,Pass
l3322.txm,109.203,751.0,754.0,134.0,0.0,561.0,101.0,1231.0,9346.0,8983.0,300.0,27.0,16593.0,18998.0,130.0,16566.0,350.0,0.0,28262.0,50.0,Pass
l3323.txm,56.1094,752.0,754.0,132.0,0.0,391.0,100.0,1281.0,9387.0,9011.0,-1323.0,30.0,16318.0,19740.0,-423.0,16514.0,347.0,0.0,27874.0,49.0,Pass
l3323.txm,57.1406,751.0,754.0,135.0,0.0,375.0,100.0,1277.0,9449.0,8965.0,-1231.0,30.0,16604.0,19792.0,-402.0,16558.0,349.0,0.0,27870.0,50.0,Pass
l3323.txm,58.1562,752.0,754.0,132.0,0.0,376.0,101.0,1214.0,9401.0,9017.0,1161.0,30.0,16175.0,19790.0,-308.0,16646.0,343.0,0.0,27856.0,51.0,Pass
l3323.txm,59.1875,752.0,755.0,133.0,0.0,369.0,101.0,1223.0,9412.0,8965.0,-845.0,31.0,16281.0,19796.0,-709.0,16762.0,356.0,0.0,27802.0,50.0,Pass
l3323.txm,60.1875,752.0,755.0,131.0,0.0,358.0,100.0,1229.0,9433.0,8951.0,-933.0,31.0,16368.0,19850.0,-501.0,16626.0,350.0,0.0,27738.0,50.0,Pass
l3323.txm,61.2187,752.0,753.0,134.0,0.0,353.0,101.0,1226.0,9455.0,8931.0,-552.0,31.0,16292.0,19856.0,-735.0,16538.0,353.0,0.0,27762.0,50.0,Pass
l3323.txm,62.2344,752.0,755.0,135.0,0.0,356.0,101.0,1227.0,9390.0,8995.0,-1385.0,31.0,16059.0,19858.0,-550.0,16610.0,347.0,0.0,27758.0,50.0,Pass
l3323.txm,63.2656,752.0,753.0,135.0,0.0,345.0,101.0,1227.0,9436.0,8941.0,-1434.0,30.0,16259.0,19954.0,-370.0,16346.0,346.0,0.0,27618.0,50.0,Pass
l3323.txm,64.3125,751.0,753.0,133.0,0.0,339.0,101.0,1229.0,9455.0,8941.0,-1089.0,31.0,15977.0,19968.0,-469.0,16256.0,356.0,0.0,27698.0,50.0,Pass
l3323.txm,65.2969,752.0,754.0,131.0,0.0,337.0,100.0,1230.0,9418.0,9008.0,-1456.0,31.0,16148.0,20052.0,600.0,16566.0,355.0,0.0,27608.0,50.0,Pass
l3323.txm,66.3281,752.0,752.0,135.0,0.0,328.0,101.0,1227.0,9448.0,8966.0,-1598.0,31.0,15972.0,20042.0,-381.0,16730.0,347.0,0.0,27720.0,50.0,Pass
l3323.txm,67.3437,752.0,753.0,133.0,0.0,319.0,101.0,1222.0,9402.0,9004.0,-1689.0,30.0,16217.0,20120.0,56.0,16424.0,353.0,0.0,27576.0,50.0,Pass
l3323.txm,68.3594,752.0,755.0,134.0,0.0,305.0,102.0,1224.0,9483.0,9014.0,-906.0,30.0,16562.0,20146.0,-414.0,16888.0,348.0,0.0,27564.0,50.0,Pass
l3323.txm,69.375,752.0,753.0,135.0,0.0,296.0,102.0,1227.0,9492.0,9004.0,-1385.0,31.0,16138.0,20204.0,24.0,16362.0,340.0,0.0,27518.0,49.0,Pass
l3323.txm,70.4062,752.0,754.0,132.0,0.0,298.0,100.0,1229.0,9502.0,8993.0,-918.0,30.0,16121.0,20156.0,-364.0,16614.0,349.0,0.0,27402.0,49.0,Pass
l3323.txm,71.4375,752.0,753.0,132.0,0.0,305.0,102.0,1230.0,9470.0,9016.0,-487.0,30.0,16358.0,20290.0,-73.0,16452.0,357.0,0.0,27320.0,49.0,Pass
l3323.txm,72.4375,751.0,753.0,132.0,0.0,340.0,102.0,1237.0,9477.0,9043.0,575.0,27.0,16474.0,20286.0,210.0,16090.0,354.0,0.0,27678.0,50.0,Pass
l3323.txm,73.4531,751.0,754.0,135.0,0.0,386.0,101.0,1245.0,9531.0,9031.0,518.0,26.0,17341.0,20012.0,148.0,16448.0,349.0,0.0,28004.0,50.0,Pass
l3323.txm,74.4844,752.0,753.0,136.0,0.0,444.0,100.0,1230.0,9531.0,8960.0,1011.0,27.0,16985.0,19754.0,360.0,15914.0,347.0,0.0,28092.0,50.0,Pass
l3323.txm,75.5,752.0,753.0,132.0,0.0,512.0,100.0,1234.0,9352.0,8991.0,424.0,28.0,16788.0,19276.0,270.0,16098.0,356.0,0.0,28300.0,50.0,Pass
l3323.txm,76.5156,752.0,753.0,134.0,0.0,538.0,102.0,1230.0,9374.0,8988.0,146.0,27.0,16666.0,19150.0,54.0,16534.0,353.0,0.0,28402.0,50.0,Pass
l3323.txm,77.5312,752.0,753.0,135.0,0.0,545.0,102.0,1227.0,9427.0,8951.0,428.0,27.0,16894.0,19150.0,-261.0,16688.0,346.0,0.0,28368.0,50.0,Pass
l3323.txm,78.5625,751.0,754.0,131.0,0.0,546.0,100.0,1227.0,9410.0,8960.0,444.0,27.0,16948.0,19002.0,-14.0,16494.0,344.0,0.0,28404.0,50.0,Pass
l3323.txm,79.5781,751.0,752.0,133.0,0.0,550.0,100.0,1227.0,9400.0,9019.0,303.0,27.0,17050.0,19072.0,-366.0,16562.0,344.0,0.0,28398.0,50.0,Pass
l3323.txm,80.5937,751.0,753.0,132.0,0.0,551.0,102.0,1225.0,9427.0,8988.0,318.0,27.0,16690.0,19126.0,107.0,16418.0,350.0,1.0,28402.0,50.0,Pass
l3323.txm,81.6094,751.0,752.0,133.0,0.0,554.0,101.0,1227.0,9369.0,9009.0,660.0,27.0,16405.0,19112.0,145.0,16524.0,347.0,0.0,28396.0,50.0,Pass
l3323.txm,82.6406,751.0,754.0,131.0,0.0,554.0,100.0,1228.0,9372.0,9004.0,325.0,27.0,16576.0,19110.0,76.0,16470.0,352.0,0.0,28354.0,50.0,Pass
l3323.txm,83.6719,752.0,753.0,133.0,0.0,550.0,101.0,1226.0,9425.0,8965.0,650.0,27.0,16836.0,19004.0,-382.0,16546.0,350.0,0.0,28386.0,50.0,Pass
l3323.txm,84.6719,752.0,754.0,135.0,0.0,550.0,100.0,1227.0,9376.0,8990.0,454.0,27.0,16772.0,19016.0,-353.0,16528.0,350.0,0.0,28350.0,50.0,Pass
l3323.txm,85.7031,752.0,754.0,135.0,0.0,555.0,101.0,1227.0,9402.0,8986.0,77.0,27.0,16756.0,19162.0,232.0,16500.0,352.0,0.0,28354.0,50.0,Pass
l3323.txm,86.7187,752.0,754.0,133.0,0.0,550.0,101.0,1223.0,9440.0,8950.0,401.0,27.0,16728.0,19090.0,296.0,16566.0,351.0,0.0,28400.0,50.0,Pass
l3323.txm,87.75,752.0,752.0,133.0,0.0,563.0,100.0,1231.0,9443.0,8923.0,462.0,27.0,16901.0,19012.0,738.0,16600.0,348.0,0.0,28362.0,50.0,Pass
l3323.txm,88.75,752.0,753.0,133.0,0.0,557.0,101.0,1228.0,9400.0,8987.0,1221.0,27.0,16766.0,19054.0,-74.0,16602.0,343.0,0.0,28368.0,50.0,Pass
l3323.txm,89.7812,752.0,754.0,133.0,0.0,554.0,101.0,1228.0,9432.0,8950.0,252.0,27.0,16775.0,19150.0,147.0,16452.0,343.0,0.0,28366.0,50.0,Pass
l3323.txm,90.8281,752.0,753.0,132.0,0.0,554.0,102.0,1228.0,9402.0,8958.0,1187.0,27.0,16694.0,19098.0,-25.0,16438.0,347.0,0.0,28406.0,50.0,Pass
l3323.txm,91.8281,752.0,753.0,135.0,0.0,559.0,102.0,1227.0,9386.0,8960.0,536.0,27.0,16920.0,19138.0,518.0,16576.0,351.0,1.0,28378.0,50.0,Pass
l3323.txm,92.8437,752.0,753.0,134.0,0.0,557.0,101.0,1231.0,9422.0,8936.0,490.0,27.0,16952.0,19038.0,92.0,16534.0,354.0,0.0,28386.0,50.0,Pass
l3323.txm,93.8594,751.0,753.0,136.0,0.0,558.0,101.0,1226.0,9432.0,8931.0,-310.0,27.0,16647.0,18998.0,-85.0,16538.0,353.0,0.0,28400.0,50.0,Pass
l3323.txm,94.875,752.0,753.0,134.0,0.0,558.0,101.0,1229.0,9374.0,9023.0,212.0,27.0,16896.0,19000.0,110.0,16452.0,350.0,0.0,28368.0,50.0,Pass
l3323.txm,95.9062,752.0,753.0,131.0,0.0,560.0,102.0,1230.0,9379.0,8995.0,706.0,27.0,16574.0,19094.0,69.0,16484.0,351.0,0.0,28354.0,50.0,Pass
l3323.txm,96.9062,752.0,753.0,132.0,0.0,553.0,100.0,1226.0,9429.0,8936.0,849.0,27.0,16827.0,19162.0,-9.0,16590.0,349.0,0.0,28366.0,50.0,Pass
l3323.txm,97.9687,752.0,753.0,132.0,0.0,563.0,101.0,1229.0,9403.0,8938.0,948.0,27.0,16680.0,19020.0,570.0,16498.0,347.0,0.0,28382.0,50.0,Pass
l3323.txm,98.9531,751.0,752.0,133.0,0.0,558.0,100.0,1226.0,9429.0,8941.0,485.0,27.0,16748.0,19138.0,596.0,16530.0,344.0,0.0,28346.0,50.0,Pass
l3323.txm,99.9844,752.0,754.0,134.0,1.0,556.0,101.0,1228.0,9407.0,8956.0,774.0,27.0,16740.0,19150.0,562.0,16538.0,350.0,0.0,28386.0,50.0,Pass
l3323.txm,101.0,752.0,753.0,134.0,0.0,559.0,101.0,1230.0,9439.0,8918.0,286.0,27.0,16843.0,19140.0,-297.0,16650.0,357.0,0.0,28366.0,50.0,Pass
l3323.txm,102.016,752.0,753.0,134.0,0.0,557.0,100.0,1229.0,9446.0,8926.0,820.0,27.0,16701.0,19028.0,-405.0,16670.0,351.0,0.0,28348.0,50.0,Pass
l3323.txm,103.047,752.0,752.0,133.0,0.0,561.0,100.0,1227.0,9405.0,8991.0,1327.0,27.0,16538.0,19012.0,-89.0,16624.0,351.0,0.0,28388.0,50.0,Pass
l3323.txm,104.062,751.0,754.0,135.0,0.0,559.0,102.0,1227.0,9395.0,8927.0,277.0,27.0,17023.0,19120.0,-391.0,16638.0,347.0,0.0,28376.0,50.0,Pass
l3323.txm,105.078,751.0,753.0,134.0,0.0,555.0,101.0,1228.0,9381.0,8997.0,-219.0,27.0,16814.0,19132.0,-364.0,16500.0,351.0,0.0,28396.0,50.0,Pass
l3323.txm,106.094,752.0,753.0,134.0,0.0,556.0,101.0,1229.0,9383.0,8955.0,123.0,27.0,16927.0,19142.0,516.0,16628.0,349.0,0.0,28372.0,50.0,Pass
l3323.txm,107.125,752.0,753.0,133.0,0.0,558.0,100.0,1229.0,9420.0,8923.0,376.0,27.0,16874.0,19132.0,-91.0,16664.0,344.0,1.0,28374.0,50.0,Pass
l3323.txm,108.141,752.0,753.0,133.0,0.0,554.0,100.0,1228.0,9403.0,8963.0,388.0,27.0,16799.0,19050.0,-61.0,16528.0,347.0,0.0,28402.0,50.0,Pass
l3324.txm,56.6875,752.0,753.0,132.0,0.0,431.0,101.0,1254.0,9441.0,8926.0,-2552.0,29.0,16085.0,19646.0,-507.0,16646.0,354.0,0.0,27882.0,49.0,Pass
l3324.txm,57.7031,751.0,752.0,135.0,0.0,378.0,99.0,1298.0,9425.0,8952.0,-1770.0,29.0,16173.0,19742.0,-502.0,16514.0,353.0,0.0,27884.0,49.0,Pass
l3324.txm,58.75,752.0,753.0,133.0,0.0,381.0,101.0,1217.0,9485.0,8946.0,-285.0,28.0,16936.0,19742.0,-463.0,16470.0,357.0,0.0,27806.0,51.0,Pass
l3324.txm,59.75,752.0,753.0,132.0,0.0,375.0,101.0,1214.0,9440.0,8932.0,298.0,29.0,16249.0,19790.0,-697.0,16504.0,344.0,0.0,27828.0,50.0,Pass
l3324.txm,60.7656,751.0,753.0,135.0,0.0,368.0,102.0,1232.0,9401.0,8996.0,-601.0,30.0,16129.0,19790.0,-521.0,16696.0,343.0,0.0,27830.0,50.0,Pass
l3324.txm,61.7812,751.0,753.0,132.0,0.0,365.0,101.0,1229.0,9429.0,8991.0,-301.0,30.0,16151.0,19834.0,-62.0,16654.0,347.0,0.0,27822.0,50.0,Pass
l3324.txm,62.8125,752.0,753.0,132.0,0.0,361.0,101.0,1228.0,9439.0,8919.0,-715.0,30.0,16279.0,19850.0,-92.0,16702.0,351.0,0.0,27826.0,50.0,Pass
l3324.txm,63.8281,752.0,753.0,134.0,0.0,362.0,101.0,1227.0,9463.0,8922.0,-1030.0,30.0,15858.0,19858.0,-381.0,16670.0,346.0,0.0,27826.0,50.0,Pass
l3324.txm,64.8437,752.0,754.0,134.0,0.0,357.0,101.0,1228.0,9439.0,8942.0,-1222.0,30.0,16239.0,19844.0,-489.0,16718.0,350.0,0.0,27822.0,50.0,Pass
l3324.txm,65.8594,751.0,753.0,135.0,0.0,349.0,101.0,1227.0,9398.0,8981.0,-1666.0,30.0,16213.0,19842.0,-599.0,16646.0,345.0,0.0,27708.0,50.0,Pass
l3324.txm,66.8906,752.0,754.0,132.0,0.0,338.0,101.0,1222.0,9397.0,8987.0,-1636.0,30.0,16115.0,19982.0,114.0,16420.0,355.0,0.0,27758.0,50.0,Pass
l3324.txm,67.9062,752.0,753.0,132.0,0.0,325.0,102.0,1222.0,9422.0,8988.0,-2434.0,29.0,15950.0,19982.0,-490.0,16698.0,346.0,0.0,27704.0,50.0,Pass
l3324.txm,68.9219,752.0,752.0,134.0,0.0,312.0,101.0,1226.0,9414.0,9019.0,-1740.0,30.0,16325.0,20134.0,-480.0,16330.0,344.0,0.0,27368.0,50.0,Pass
l3324.txm,69.9375,752.0,753.0,135.0,0.0,302.0,101.0,1225.0,9487.0,8984.0,-2143.0,30.0,16166.0,20150.0,-520.0,16638.0,345.0,0.0,27368.0,50.0,Pass
l3324.txm,70.9687,752.0,753.0,131.0,0.0,304.0,101.0,1227.0,9424.0,9038.0,-1951.0,30.0,15839.0,20306.0,-511.0,16446.0,350.0,0.0,27368.0,50.0,Pass
l3324.txm,72.0,752.0,754.0,134.0,0.0,322.0,101.0,1237.0,9474.0,9004.0,-905.0,29.0,16323.0,20270.0,1018.0,16160.0,343.0,0.0,27602.0,50.0,Pass
l3324.txm,73.0,752.0,753.0,134.0,0.0,366.0,100.0,1237.0,9483.0,8978.0,705.0,28.0,16471.0,20020.0,81.0,16202.0,351.0,0.0,27830.0,50.0,Pass
l3324.txm,74.0312,752.0,753.0,133.0,0.0,411.0,101.0,1231.0,9496.0,9008.0,1048.0,26.0,16951.0,19802.0,390.0,16482.0,344.0,0.0,28048.0,50.0,Pass
l3324.txm,75.0469,752.0,753.0,135.0,0.0,464.0,100.0,1235.0,9476.0,8999.0,590.0,24.0,17207.0,19552.0,-78.0,16188.0,345.0,0.0,28116.0,50.0,Pass
l3324.txm,76.0937,752.0,754.0,135.0,0.0,530.0,102.0,1230.0,9478.0,8953.0,151.0,27.0,16567.0,19206.0,1164.0,16366.0,356.0,0.0,28380.0,51.0,Pass
l3324.txm,77.1094,752.0,753.0,134.0,0.0,550.0,99.0,1227.0,9418.0,8971.0,690.0,25.0,17147.0,19072.0,662.0,16626.0,349.0,0.0,28274.0,51.0,Pass
l3324.txm,78.1719,752.0,754.0,133.0,0.0,553.0,100.0,1229.0,9445.0,8945.0,953.0,27.0,16554.0,19080.0,147.0,16712.0,346.0,0.0,28272.0,51.0,Pass
l3324.txm,79.1562,752.0,753.0,136.0,0.0,552.0,101.0,1230.0,9419.0,8987.0,963.0,26.0,16592.0,19072.0,65.0,16598.0,350.0,0.0,28286.0,51.0,Pass
l3324.txm,80.1719,752.0,754.0,132.0,0.0,551.0,100.0,1227.0,9466.0,8904.0,140.0,27.0,16265.0,19068.0,-267.0,16592.0,343.0,0.0,28474.0,51.0,Pass
l3324.txm,81.1875,752.0,753.0,132.0,0.0,553.0,102.0,1228.0,9472.0,8897.0,228.0,28.0,16072.0,19062.0,-281.0,16570.0,342.0,0.0,28472.0,51.0,Pass
l3324.txm,82.2187,752.0,754.0,133.0,0.0,553.0,101.0,1228.0,9438.0,8903.0,320.0,27.0,16179.0,19066.0,-315.0,16552.0,342.0,0.0,28272.0,51.0,Pass
l3324.txm,83.2344,751.0,753.0,134.0,0.0,559.0,101.0,1228.0,9415.0,8941.0,576.0,28.0,16279.0,19076.0,141.0,16534.0,349.0,0.0,28274.0,51.0,Pass
l3324.txm,84.25,752.0,753.0,135.0,1.0,562.0,100.0,1230.0,9481.0,8909.0,408.0,27.0,16476.0,19074.0,27.0,16562.0,346.0,0.0,28276.0,51.0,Pass
l3324.txm,85.3125,752.0,753.0,133.0,0.0,561.0,101.0,1229.0,9431.0,8933.0,-6.0,28.0,16245.0,19074.0,-67.0,16630.0,351.0,0.0,28466.0,51.0,Pass
l3324.txm,86.2969,751.0,752.0,131.0,0.0,560.0,101.0,1229.0,9452.0,8916.0,514.0,28.0,15977.0,19076.0,642.0,16506.0,357.0,0.0,28278.0,51.0,Pass
l3324.txm,87.3281,752.0,753.0,135.0,0.0,562.0,100.0,1230.0,9474.0,8906.0,-69.0,28.0,16397.0,19076.0,132.0,16704.0,349.0,0.0,28278.0,51.0,Pass
l3324.txm,88.3281,752.0,752.0,136.0,0.0,559.0,100.0,1228.0,9452.0,8935.0,831.0,26.0,16318.0,19076.0,90.0,16476.0,355.0,0.0,28478.0,51.0,Pass
l3324.txm,89.3594,751.0,754.0,134.0,0.0,562.0,102.0,1232.0,9410.0,8978.0,293.0,27.0,16085.0,19076.0,59.0,16550.0,357.0,0.0,28470.0,51.0,Pass
l3324.txm,90.375,752.0,753.0,132.0,0.0,560.0,101.0,1227.0,9449.0,8998.0,877.0,26.0,16339.0,19064.0,-22.0,16460.0,347.0,0.0,28474.0,51.0,Pass
l3324.txm,91.4062,751.0,753.0,135.0,1.0,562.0,102.0,1229.0,9405.0,9002.0,1094.0,26.0,16219.0,19072.0,137.0,16470.0,346.0,1.0,28274.0,51.0,Pass
l3324.txm,92.4063,752.0,754.0,131.0,0.0,561.0,99.0,1227.0,9492.0,8896.0,529.0,28.0,16342.0,19072.0,158.0,16556.0,352.0,0.0,28478.0,51.0,Pass
l3324.txm,93.4375,752.0,752.0,131.0,0.0,561.0,101.0,1229.0,9467.0,8933.0,235.0,27.0,15937.0,19068.0,-260.0,16496.0,355.0,0.0,28472.0,51.0,Pass
l3324.txm,94.4531,753.0,752.0,135.0,0.0,560.0,100.0,1228.0,9456.0,8903.0,66.0,27.0,16414.0,19072.0,332.0,16532.0,350.0,0.0,28476.0,51.0,Pass
l3324.txm,95.4844,752.0,754.0,132.0,0.0,558.0,99.0,1226.0,9440.0,8908.0,667.0,26.0,16413.0,19074.0,492.0,16546.0,351.0,0.0,28472.0,51.0,Pass
l3324.txm,96.5,752.0,753.0,133.0,0.0,560.0,101.0,1227.0,9393.0,8980.0,249.0,27.0,16345.0,19078.0,130.0,16590.0,349.0,0.0,28470.0,51.0,Pass
l3324.txm,97.5469,752.0,753.0,132.0,0.0,559.0,101.0,1227.0,9389.0,9001.0,756.0,27.0,16050.0,19078.0,496.0,16586.0,346.0,0.0,28272.0,51.0,Pass
l3324.txm,98.5312,752.0,754.0,133.0,0.0,558.0,101.0,1227.0,9437.0,8940.0,677.0,27.0,16241.0,19070.0,538.0,16598.0,346.0,0.0,28266.0,51.0,Pass
l3324.txm,99.5625,752.0,753.0,134.0,1.0,563.0,101.0,1228.0,9439.0,8954.0,1093.0,26.0,16168.0,19066.0,14.0,16652.0,343.0,0.0,28474.0,51.0,Pass
l3324.txm,100.563,751.0,754.0,132.0,0.0,561.0,99.0,1227.0,9450.0,8947.0,726.0,27.0,16024.0,19060.0,514.0,16728.0,350.0,0.0,28478.0,51.0,Pass
l3324.txm,101.594,752.0,753.0,134.0,0.0,562.0,99.0,1231.0,9396.0,8984.0,745.0,27.0,16310.0,19066.0,66.0,16636.0,351.0,0.0,28476.0,51.0,Pass
l3324.txm,102.609,752.0,754.0,135.0,0.0,561.0,100.0,1229.0,9402.0,9001.0,563.0,26.0,16730.0,19066.0,306.0,16702.0,353.0,0.0,28274.0,51.0,Pass
l3324.txm,103.641,752.0,753.0,133.0,0.0,561.0,101.0,1228.0,9434.0,8941.0,196.0,27.0,16215.0,19064.0,-299.0,16610.0,354.0,0.0,28278.0,51.0,Pass
l3324.txm,104.656,752.0,753.0,133.0,0.0,561.0,99.0,1228.0,9394.0,8977.0,79.0,28.0,15927.0,19068.0,-92.0,16550.0,344.0,1.0,28274.0,51.0,Pass
l3324.txm,105.672,752.0,753.0,132.0,0.0,563.0,102.0,1229.0,9463.0,8925.0,669.0,28.0,16093.0,19066.0,-416.0,16634.0,356.0,0.0,28478.0,51.0,Pass
l3324.txm,106.703,752.0,753.0,133.0,0.0,566.0,102.0,1229.0,9493.0,8900.0,530.0,26.0,16601.0,19074.0,-361.0,16576.0,349.0,0.0,28272.0,51.0,Pass
l3324.txm,107.719,752.0,752.0,133.0,0.0,565.0,100.0,1230.0,9390.0,8977.0,729.0,27.0,15994.0,19062.0,68.0,16616.0,353.0,0.0,28278.0,51.0,Pass
l3324.txm,108.734,751.0,752.0,134.0,0.0,564.0,100.0,1230.0,9403.0,8967.0,-51.0,28.0,16087.0,19072.0,-341.0,16534.0,351.0,0.0,28470.0,51.0,Pass
l3325.txm,55.0625,752.0,753.0,135.0,0.0,393.0,101.0,1297.0,9459.0,8930.0,-1779.0,29.0,16064.0,19734.0,-682.0,16306.0,352.0,0.0,27870.0,49.0,Pass
l3325.txm,56.0937,752.0,754.0,134.0,0.0,382.0,100.0,1297.0,9408.0,8968.0,-1328.0,30.0,15836.0,19792.0,-414.0,16442.0,354.0,0.0,27870.0,49.0,Pass
l3325.txm,57.0937,752.0,753.0,135.0,0.0,387.0,101.0,1213.0,9496.0,8943.0,35.0,27.0,16660.0,19790.0,-412.0,16484.0,345.0,0.0,27874.0,51.0,Pass
l3325.txm,58.125,751.0,753.0,135.0,0.0,379.0,102.0,1221.0,9481.0,8935.0,-397.0,28.0,16515.0,19794.0,-81.0,16474.0,355.0,0.0,27870.0,51.0,Pass
l3325.txm,59.1406,752.0,755.0,136.0,0.0,374.0,100.0,1234.0,9452.0,8957.0,-402.0,28.0,16492.0,19786.0,-628.0,16536.0,351.0,0.0,27870.0,50.0,Pass
l3325.txm,60.2031,752.0,754.0,133.0,0.0,370.0,101.0,1228.0,9420.0,8986.0,-646.0,28.0,16779.0,19788.0,-568.0,16614.0,349.0,0.0,27858.0,51.0,Pass
l3325.txm,61.6875,752.0,753.0,135.0,0.0,364.0,101.0,1227.0,9448.0,8976.0,-901.0,28.0,16590.0,19788.0,-376.0,16642.0,346.0,0.0,27762.0,51.0,Pass
l3325.txm,62.7187,752.0,754.0,131.0,0.0,360.0,99.0,1227.0,9462.0,8949.0,-936.0,28.0,16666.0,19848.0,39.0,16554.0,345.0,0.0,27754.0,50.0,Pass
l3325.txm,63.7344,752.0,754.0,135.0,0.0,358.0,100.0,1227.0,9423.0,9003.0,-1227.0,28.0,16607.0,19858.0,-342.0,16672.0,344.0,0.0,27764.0,50.0,Pass
l3325.txm,64.7969,752.0,753.0,134.0,0.0,343.0,102.0,1229.0,9462.0,8948.0,-2276.0,28.0,16475.0,19882.0,-425.0,16862.0,350.0,0.0,27580.0,50.0,Pass
l3325.txm,65.7656,752.0,753.0,135.0,0.0,328.0,100.0,1222.0,9452.0,8954.0,-1984.0,29.0,16086.0,20014.0,-372.0,16752.0,346.0,0.0,27620.0,50.0,Pass
l3325.txm,66.7969,752.0,752.0,132.0,0.0,318.0,100.0,1220.0,9396.0,9029.0,-1427.0,30.0,15934.0,19994.0,-751.0,16762.0,346.0,0.0,27490.0,50.0,Pass
l3325.txm,67.8125,752.0,754.0,131.0,0.0,305.0,101.0,1220.0,9478.0,9003.0,-1020.0,30.0,16076.0,20086.0,-285.0,16590.0,353.0,0.0,27418.0,50.0,Pass
l3325.txm,68.8437,752.0,754.0,134.0,0.0,295.0,101.0,1228.0,9519.0,8993.0,-805.0,30.0,16266.0,20248.0,-313.0,16346.0,351.0,0.0,27506.0,50.0,Pass
l3325.txm,69.8437,752.0,754.0,131.0,0.0,311.0,102.0,1230.0,9446.0,9064.0,172.0,28.0,15998.0,20274.0,398.0,15942.0,358.0,0.0,27356.0,50.0,Pass
l3325.txm,70.875,751.0,754.0,134.0,0.0,346.0,100.0,1241.0,9498.0,9050.0,781.0,28.0,16665.0,20168.0,806.0,16464.0,348.0,0.0,27860.0,50.0,Pass
l3325.txm,71.8906,752.0,753.0,133.0,0.0,395.0,100.0,1239.0,9510.0,8989.0,742.0,24.0,16871.0,20026.0,780.0,16126.0,347.0,0.0,27776.0,50.0,Pass
l3325.txm,72.9219,752.0,752.0,135.0,0.0,456.0,102.0,1231.0,9414.0,9010.0,1096.0,25.0,17197.0,19686.0,3.0,16320.0,359.0,0.0,28096.0,51.0,Pass
l3325.txm,73.9219,751.0,752.0,132.0,0.0,519.0,101.0,1230.0,9478.0,8952.0,1422.0,25.0,16822.0,19246.0,896.0,16430.0,344.0,0.0,28332.0,51.0,Pass
l3325.txm,74.9531,752.0,753.0,135.0,0.0,548.0,100.0,1227.0,9431.0,8966.0,972.0,25.0,16775.0,19128.0,-311.0,16590.0,353.0,0.0,28242.0,51.0,Pass
l3325.txm,75.9687,752.0,754.0,133.0,0.0,553.0,102.0,1227.0,9432.0,8951.0,653.0,25.0,16596.0,19036.0,83.0,16604.0,343.0,0.0,28292.0,51.0,Pass
l3325.txm,77.0,752.0,753.0,132.0,0.0,557.0,101.0,1228.0,9388.0,8946.0,885.0,25.0,16905.0,19144.0,350.0,16552.0,349.0,1.0,28270.0,51.0,Pass
l3325.txm,78.0156,752.0,753.0,132.0,0.0,554.0,101.0,1227.0,9447.0,8975.0,907.0,25.0,16676.0,19040.0,454.0,16604.0,350.0,0.0,28258.0,51.0,Pass
l3325.txm,79.0469,752.0,754.0,133.0,0.0,560.0,100.0,1228.0,9447.0,8953.0,855.0,25.0,16803.0,19134.0,41.0,16524.0,351.0,0.0,28272.0,51.0,Pass
l3325.txm,80.0781,751.0,753.0,135.0,0.0,562.0,101.0,1229.0,9398.0,8947.0,495.0,25.0,17086.0,19162.0,-317.0,16480.0,350.0,0.0,28238.0,51.0,Pass
l3325.txm,81.0937,752.0,753.0,135.0,0.0,556.0,101.0,1227.0,9420.0,8980.0,744.0,25.0,17089.0,19026.0,530.0,16572.0,343.0,0.0,28292.0,51.0,Pass
l3325.txm,82.1562,752.0,753.0,134.0,0.0,559.0,100.0,1227.0,9364.0,8993.0,594.0,25.0,16733.0,19030.0,118.0,16572.0,346.0,0.0,28474.0,51.0,Pass
l3325.txm,83.2031,751.0,755.0,134.0,0.0,563.0,102.0,1227.0,9411.0,8994.0,765.0,25.0,16798.0,19152.0,350.0,16582.0,359.0,0.0,28450.0,51.0,Pass
l3325.txm,84.2187,752.0,752.0,136.0,0.0,563.0,101.0,1228.0,9454.0,8920.0,506.0,25.0,17083.0,19146.0,83.0,16656.0,346.0,0.0,28436.0,51.0,Pass
l3325.txm,85.2344,752.0,753.0,132.0,0.0,567.0,100.0,1230.0,9382.0,8989.0,723.0,25.0,16893.0,19010.0,44.0,16554.0,350.0,0.0,28446.0,51.0,Pass
l3325.txm,86.3125,751.0,754.0,135.0,0.0,565.0,101.0,1228.0,9392.0,8973.0,528.0,25.0,16672.0,19158.0,622.0,16490.0,344.0,0.0,28270.0,51.0,Pass
l3325.txm,87.2812,752.0,752.0,132.0,0.0,560.0,101.0,1228.0,9458.0,8942.0,194.0,25.0,17029.0,19014.0,540.0,16548.0,356.0,0.0,28270.0,51.0,Pass
l3325.txm,88.2969,752.0,754.0,133.0,0.0,562.0,100.0,1228.0,9458.0,8907.0,261.0,25.0,16830.0,19126.0,818.0,16474.0,346.0,0.0,28418.0,51.0,Pass
l3325.txm,89.3125,752.0,753.0,132.0,0.0,560.0,100.0,1226.0,9423.0,8939.0,566.0,25.0,16816.0,19048.0,-64.0,16468.0,346.0,0.0,28482.0,51.0,Pass
l3325.txm,90.3437,752.0,754.0,134.0,0.0,564.0,101.0,1227.0,9365.0,8983.0,151.0,25.0,16874.0,19170.0,958.0,16564.0,343.0,0.0,28270.0,51.0,Pass
l3325.txm,91.375,751.0,754.0,135.0,0.0,562.0,100.0,1229.0,9384.0,9003.0,1240.0,25.0,16752.0,18998.0,-50.0,16458.0,342.0,0.0,28456.0,51.0,Pass
l3325.txm,92.375,752.0,754.0,133.0,0.0,564.0,101.0,1227.0,9408.0,8969.0,986.0,25.0,16662.0,19160.0,121.0,16386.0,357.0,0.0,28414.0,51.0,Pass
l3325.txm,93.4062,752.0,753.0,134.0,0.0,562.0,101.0,1225.0,9373.0,9014.0,924.0,25.0,16839.0,19138.0,28.0,16462.0,345.0,0.0,28428.0,51.0,Pass
l3325.txm,94.4219,751.0,753.0,135.0,0.0,562.0,102.0,1230.0,9386.0,8988.0,419.0,25.0,17112.0,19000.0,82.0,16518.0,350.0,0.0,28442.0,51.0,Pass
l3325.txm,95.4531,752.0,754.0,132.0,0.0,562.0,101.0,1227.0,9453.0,8929.0,1008.0,24.0,16871.0,19164.0,76.0,16566.0,352.0,0.0,28454.0,51.0,Pass
l3325.txm,96.4531,751.0,753.0,132.0,0.0,560.0,100.0,1228.0,9459.0,8934.0,859.0,25.0,16817.0,19104.0,522.0,16558.0,343.0,0.0,28242.0,51.0,Pass
l3325.txm,97.4844,752.0,753.0,132.0,0.0,561.0,102.0,1228.0,9437.0,8929.0,1139.0,25.0,16894.0,19066.0,79.0,16424.0,349.0,0.0,28292.0,51.0,Pass
l3325.txm,98.5,752.0,753.0,133.0,0.0,565.0,101.0,1230.0,9454.0,8931.0,1201.0,25.0,16683.0,19168.0,-85.0,16634.0,347.0,0.0,28240.0,51.0,Pass
l3325.txm,99.5312,752.0,754.0,135.0,0.0,561.0,102.0,1229.0,9416.0,8950.0,958.0,25.0,16979.0,19144.0,45.0,16512.0,341.0,0.0,28292.0,51.0,Pass
l3325.txm,100.547,752.0,753.0,132.0,0.0,563.0,101.0,1229.0,9389.0,8971.0,940.0,25.0,16917.0,19044.0,49.0,16578.0,344.0,0.0,28232.0,51.0,Pass
l3325.txm,101.563,751.0,753.0,135.0,0.0,566.0,100.0,1230.0,9451.0,8909.0,551.0,25.0,17092.0,18996.0,146.0,16524.0,343.0,0.0,28446.0,51.0,Pass
l3325.txm,102.578,752.0,754.0,134.0,0.0,563.0,102.0,1228.0,9423.0,8946.0,912.0,25.0,16964.0,19008.0,92.0,16460.0,347.0,0.0,28250.0,51.0,Pass
l3325.txm,103.719,751.0,753.0,135.0,0.0,565.0,101.0,1228.0,9382.0,8986.0,1085.0,25.0,16756.0,19044.0,-369.0,16422.0,347.0,0.0,28452.0,51.0,Pass
l3325.txm,105.25,752.0,754.0,135.0,0.0,561.0,101.0,1230.0,9374.0,8994.0,963.0,25.0,16647.0,19074.0,978.0,16694.0,356.0,0.0,28238.0,51.0,Pass
l3326.txm,56.6719,752.0,752.0,132.0,0.0,401.0,100.0,1267.0,9430.0,8975.0,-1558.0,30.0,15907.0,19728.0,-43.0,16032.0,358.0,1.0,27858.0,49.0,Pass
l3326.txm,57.7031,752.0,754.0,132.0,0.0,377.0,101.0,1296.0,9403.0,8993.0,-1590.0,30.0,16183.0,19786.0,-493.0,16342.0,349.0,0.0,27864.0,49.0,Pass
l3326.txm,58.7187,752.0,754.0,134.0,0.0,384.0,101.0,1236.0,9520.0,8936.0,693.0,27.0,16766.0,19790.0,-642.0,16834.0,346.0,0.0,27870.0,51.0,Pass
l3326.txm,59.7344,752.0,754.0,131.0,0.0,375.0,100.0,1216.0,9439.0,8991.0,1093.0,28.0,16421.0,19788.0,-301.0,16600.0,343.0,0.0,27852.0,51.0,Pass
l3326.txm,60.7656,752.0,753.0,133.0,0.0,370.0,100.0,1233.0,9502.0,8941.0,-788.0,28.0,16628.0,19790.0,-644.0,16712.0,343.0,0.0,27850.0,50.0,Pass
l3326.txm,61.7812,752.0,754.0,133.0,0.0,367.0,102.0,1228.0,9448.0,9000.0,-402.0,28.0,17030.0,19790.0,-456.0,16578.0,351.0,0.0,27820.0,50.0,Pass
l3326.txm,62.7969,752.0,753.0,132.0,0.0,364.0,101.0,1226.0,9472.0,8922.0,-706.0,28.0,16748.0,19782.0,-720.0,16810.0,347.0,0.0,27788.0,50.0,Pass
l3326.txm,63.8125,752.0,755.0,135.0,0.0,357.0,100.0,1226.0,9434.0,8946.0,-739.0,28.0,16730.0,19850.0,-616.0,16610.0,343.0,0.0,27754.0,50.0,Pass
l3326.txm,64.8437,752.0,754.0,135.0,0.0,356.0,101.0,1230.0,9431.0,8974.0,-1473.0,28.0,16945.0,19846.0,-511.0,16582.0,345.0,0.0,27762.0,50.0,Pass
l3326.txm,65.875,752.0,753.0,131.0,0.0,351.0,101.0,1230.0,9436.0,8941.0,-1399.0,29.0,16748.0,19960.0,-278.0,16746.0,346.0,0.0,27644.0,50.0,Pass
l3326.txm,66.8906,752.0,753.0,132.0,0.0,338.0,100.0,1224.0,9482.0,8920.0,-2642.0,29.0,16459.0,19986.0,4.0,16334.0,345.0,0.0,27518.0,50.0,Pass
l3326.txm,67.8906,752.0,753.0,132.0,0.0,325.0,100.0,1221.0,9485.0,8962.0,-2115.0,29.0,16391.0,19996.0,-3.0,16692.0,345.0,0.0,27646.0,50.0,Pass
l3326.txm,68.9219,752.0,754.0,135.0,0.0,304.0,100.0,1220.0,9443.0,9016.0,-1997.0,30.0,16240.0,20142.0,-261.0,16328.0,349.0,0.0,27336.0,50.0,Pass
l3326.txm,69.9375,752.0,754.0,134.0,0.0,303.0,101.0,1224.0,9488.0,9008.0,-1514.0,30.0,16201.0,20076.0,-919.0,16884.0,350.0,0.0,27414.0,50.0,Pass
l3326.txm,70.9531,751.0,754.0,131.0,0.0,302.0,100.0,1228.0,9459.0,9020.0,-1138.0,30.0,15844.0,20252.0,148.0,16684.0,348.0,0.0,27422.0,50.0,Pass
l3326.txm,71.9687,752.0,753.0,134.0,0.0,329.0,102.0,1236.0,9450.0,9006.0,394.0,28.0,16147.0,20158.0,-485.0,16058.0,340.0,1.0,27546.0,50.0,Pass
l3326.txm,73.0312,752.0,754.0,132.0,0.0,371.0,102.0,1242.0,9446.0,9052.0,542.0,27.0,16643.0,19904.0,82.0,16802.0,343.0,0.0,27862.0,50.0,Pass
l3326.txm,74.0156,752.0,754.0,133.0,0.0,423.0,101.0,1234.0,9498.0,8950.0,1055.0,27.0,16524.0,19804.0,776.0,15884.0,346.0,0.0,27980.0,50.0,Pass
l3326.txm,75.0469,752.0,754.0,134.0,0.0,492.0,100.0,1231.0,9495.0,8933.0,1247.0,27.0,16710.0,19364.0,33.0,16164.0,351.0,0.0,28296.0,51.0,Pass
l3326.txm,76.0469,752.0,753.0,135.0,0.0,538.0,101.0,1230.0,9387.0,8960.0,168.0,28.0,16290.0,19150.0,188.0,16648.0,355.0,0.0,28340.0,51.0,Pass
l3326.txm,77.0781,751.0,754.0,132.0,1.0,548.0,100.0,1227.0,9447.0,8994.0,744.0,28.0,16244.0,19040.0,40.0,16756.0,346.0,0.0,28450.0,51.0,Pass
l3326.txm,78.1094,752.0,753.0,131.0,0.0,553.0,100.0,1228.0,9484.0,8913.0,244.0,27.0,16149.0,18968.0,31.0,16740.0,343.0,0.0,28482.0,51.0,Pass
l3326.txm,79.1094,752.0,754.0,133.0,0.0,551.0,100.0,1226.0,9419.0,8982.0,162.0,28.0,16587.0,18982.0,-6.0,16698.0,345.0,0.0,28256.0,51.0,Pass
l3326.txm,80.1406,752.0,753.0,133.0,0.0,555.0,100.0,1227.0,9426.0,8971.0,-217.0,28.0,16388.0,19026.0,-426.0,16624.0,350.0,0.0,28266.0,51.0,Pass
l3326.txm,81.1563,752.0,753.0,135.0,0.0,556.0,101.0,1226.0,9401.0,8978.0,11.0,28.0,16450.0,19150.0,94.0,16634.0,357.0,0.0,28432.0,51.0,Pass
l3326.txm,82.1875,752.0,754.0,134.0,0.0,555.0,102.0,1227.0,9437.0,8942.0,109.0,28.0,16310.0,19144.0,-384.0,16582.0,351.0,0.0,28444.0,51.0,Pass
l3326.txm,83.2031,752.0,754.0,132.0,0.0,553.0,101.0,1226.0,9498.0,8912.0,-286.0,27.0,16153.0,19026.0,472.0,16526.0,353.0,0.0,28286.0,51.0,Pass
l3326.txm,84.2187,752.0,754.0,135.0,1.0,561.0,101.0,1227.0,9398.0,8940.0,-170.0,28.0,16229.0,19106.0,150.0,16510.0,344.0,0.0,28296.0,51.0,Pass
l3326.txm,85.3125,751.0,754.0,134.0,0.0,561.0,100.0,1226.0,9406.0,8926.0,157.0,28.0,15917.0,18992.0,-311.0,16636.0,350.0,0.0,28504.0,51.0,Pass
l3326.txm,86.3437,752.0,753.0,132.0,0.0,563.0,99.0,1227.0,9479.0,8916.0,894.0,28.0,16046.0,19010.0,1.0,16444.0,352.0,0.0,28474.0,51.0,Pass
l3326.txm,87.3594,752.0,753.0,132.0,0.0,560.0,101.0,1230.0,9385.0,8976.0,215.0,28.0,16051.0,18994.0,-300.0,16624.0,349.0,0.0,28448.0,51.0,Pass
l3326.txm,88.375,752.0,754.0,134.0,0.0,566.0,101.0,1229.0,9426.0,8953.0,-125.0,28.0,16377.0,19122.0,-94.0,16630.0,348.0,0.0,28460.0,51.0,Pass
l3326.txm,89.3906,752.0,754.0,132.0,0.0,566.0,101.0,1228.0,9465.0,8913.0,239.0,28.0,16055.0,19128.0,145.0,16724.0,348.0,0.0,28286.0,51.0,Pass
l3326.txm,90.4219,752.0,753.0,135.0,0.0,560.0,102.0,1227.0,9399.0,8958.0,-118.0,28.0,16531.0,19132.0,734.0,16640.0,348.0,0.0,28252.0,51.0,Pass
l3326.txm,91.4531,752.0,753.0,132.0,0.0,563.0,101.0,1227.0,9445.0,8896.0,788.0,28.0,16084.0,19144.0,53.0,16668.0,352.0,0.0,28278.0,51.0,Pass
l3326.txm,92.4844,751.0,753.0,133.0,0.0,559.0,101.0,1227.0,9382.0,8974.0,-315.0,28.0,16139.0,19158.0,676.0,16578.0,346.0,0.0,28468.0,51.0,Pass
l3326.txm,93.4844,752.0,753.0,136.0,0.0,561.0,101.0,1229.0,9429.0,8950.0,573.0,28.0,16386.0,19052.0,516.0,16594.0,354.0,0.0,28450.0,51.0,Pass
l3326.txm,94.5,752.0,754.0,132.0,0.0,562.0,101.0,1227.0,9400.0,8972.0,162.0,28.0,15936.0,19166.0,-58.0,16586.0,345.0,1.0,28476.0,51.0,Pass
l3326.txm,95.5313,752.0,752.0,135.0,1.0,558.0,101.0,1227.0,9411.0,8959.0,-71.0,28.0,16030.0,19156.0,95.0,16574.0,360.0,0.0,28264.0,51.0,Pass
l3326.txm,96.5312,752.0,753.0,135.0,0.0,563.0,101.0,1226.0,9411.0,8982.0,32.0,28.0,16424.0,18996.0,118.0,16626.0,344.0,0.0,28268.0,51.0,Pass
l3326.txm,97.5625,752.0,754.0,132.0,0.0,561.0,101.0,1227.0,9373.0,8972.0,326.0,28.0,16232.0,19158.0,63.0,16724.0,352.0,0.0,28282.0,51.0,Pass
l3326.txm,98.5781,751.0,754.0,134.0,0.0,566.0,101.0,1228.0,9418.0,8924.0,-419.0,28.0,16488.0,19074.0,284.0,16596.0,358.0,0.0,28314.0,51.0,Pass
l3326.txm,99.625,751.0,754.0,133.0,0.0,568.0,101.0,1230.0,9442.0,8960.0,928.0,26.0,16241.0,18978.0,16.0,16480.0,343.0,0.0,28264.0,51.0,Pass
l3326.txm,100.609,752.0,754.0,133.0,0.0,561.0,100.0,1229.0,9466.0,8921.0,221.0,28.0,16249.0,19118.0,121.0,16580.0,354.0,0.0,28276.0,51.0,Pass
l3326.txm,101.656,752.0,754.0,133.0,0.0,560.0,100.0,1230.0,9443.0,8917.0,334.0,28.0,15853.0,18980.0,33.0,16482.0,346.0,0.0,28474.0,51.0,Pass
l3326.txm,102.672,751.0,754.0,133.0,0.0,561.0,100.0,1230.0,9432.0,8981.0,-13.0,28.0,16241.0,19064.0,41.0,16680.0,355.0,0.0,28302.0,51.0,Pass
l3326.txm,103.703,752.0,753.0,132.0,0.0,570.0,99.0,1232.0,9385.0,8995.0,724.0,28.0,16296.0,19106.0,-354.0,16550.0,349.0,0.0,28296.0,51.0,Pass
l3326.txm,104.703,752.0,753.0,132.0,0.0,564.0,100.0,1229.0,9461.0,8879.0,289.0,28.0,15972.0,19112.0,106.0,16650.0,348.0,0.0,28250.0,51.0,Pass
l3326.txm,105.734,752.0,753.0,136.0,0.0,566.0,102.0,1228.0,9439.0,8916.0,82.0,28.0,16428.0,19148.0,-305.0,16718.0,348.0,0.0,28300.0,51.0,Pass
l3326.txm,106.766,752.0,753.0,136.0,0.0,563.0,102.0,1228.0,9406.0,8946.0,-13.0,28.0,16411.0,19140.0,-284.0,16654.0,345.0,0.0,28406.0,51.0,Pass
l3327.txm,54.6406,752.0,754.0,136.0,0.0,398.0,101.0,1295.0,9390.0,8987.0,-2039.0,30.0,16019.0,19708.0,-356.0,16418.0,358.0,0.0,27884.0,49.0,Pass
l3327.txm,55.6719,751.0,754.0,131.0,0.0,380.0,101.0,1296.0,9461.0,8945.0,-942.0,30.0,16395.0,19744.0,-501.0,16494.0,352.0,0.0,27888.0,50.0,Pass
l3327.txm,56.6719,752.0,752.0,132.0,0.0,378.0,101.0,1213.0,9419.0,9014.0,659.0,27.0,17083.0,19744.0,-671.0,16556.0,342.0,0.0,27820.0,51.0,Pass
l3327.txm,57.7031,752.0,754.0,132.0,0.0,377.0,99.0,1226.0,9474.0,8965.0,-663.0,30.0,16219.0,19796.0,-18.0,16632.0,355.0,0.0,27826.0,50.0,Pass
l3327.txm,58.7344,752.0,753.0,132.0,0.0,369.0,101.0,1233.0,9453.0,8948.0,-650.0,29.0,16621.0,19790.0,540.0,16612.0,353.0,0.0,27822.0,50.0,Pass
l3327.txm,59.7656,751.0,753.0,136.0,0.0,365.0,100.0,1223.0,9400.0,8976.0,-1293.0,29.0,16558.0,19786.0,-469.0,16756.0,349.0,0.0,27830.0,50.0,Pass
l3327.txm,60.7969,752.0,754.0,132.0,0.0,363.0,100.0,1232.0,9400.0,9004.0,-611.0,29.0,16527.0,19800.0,-377.0,16694.0,353.0,0.0,27828.0,50.0,Pass
l3327.txm,61.8125,752.0,753.0,136.0,0.0,358.0,102.0,1225.0,9424.0,8974.0,-1502.0,30.0,16159.0,19800.0,-559.0,16602.0,352.0,0.0,27768.0,50.0,Pass
l3327.txm,62.8437,752.0,754.0,135.0,0.0,354.0,99.0,1232.0,9458.0,8997.0,-1480.0,29.0,16595.0,19846.0,-686.0,16542.0,342.0,0.0,27730.0,50.0,Pass
l3327.txm,63.8437,752.0,753.0,132.0,0.0,347.0,101.0,1224.0,9422.0,8920.0,-1665.0,30.0,16210.0,19862.0,-391.0,16738.0,356.0,0.0,27764.0,50.0,Pass
l3327.txm,64.875,752.0,753.0,135.0,0.0,339.0,101.0,1231.0,9395.0,9016.0,-2076.0,29.0,16254.0,20062.0,80.0,16134.0,344.0,1.0,27636.0,50.0,Pass
l3327.txm,65.8906,752.0,753.0,135.0,0.0,321.0,101.0,1223.0,9413.0,8948.0,-2376.0,29.0,16491.0,20094.0,91.0,16698.0,356.0,0.0,27634.0,50.0,Pass
l3327.txm,66.9375,752.0,753.0,131.0,0.0,309.0,102.0,1218.0,9460.0,8990.0,-1704.0,31.0,15954.0,20100.0,-967.0,16472.0,347.0,0.0,27406.0,50.0,Pass
l3327.txm,67.9219,752.0,753.0,131.0,0.0,306.0,102.0,1226.0,9439.0,8987.0,-1385.0,30.0,16125.0,20138.0,-569.0,16596.0,344.0,0.0,27402.0,50.0,Pass
l3327.txm,68.9531,752.0,753.0,132.0,0.0,296.0,101.0,1228.0,9409.0,9061.0,-1469.0,30.0,16185.0,20366.0,-258.0,16418.0,349.0,0.0,27338.0,50.0,Pass
l3327.txm,69.9687,752.0,753.0,133.0,0.0,326.0,100.0,1237.0,9459.0,9021.0,-89.0,29.0,16253.0,20266.0,210.0,16176.0,347.0,0.0,27710.0,50.0,Pass
l3327.txm,71.0,752.0,754.0,132.0,0.0,358.0,100.0,1240.0,9490.0,9044.0,953.0,26.0,17066.0,20068.0,-27.0,16352.0,346.0,0.0,27784.0,50.0,Pass
l3327.txm,72.0,752.0,754.0,135.0,0.0,421.0,101.0,1235.0,9492.0,8933.0,480.0,26.0,17310.0,19880.0,92.0,16244.0,350.0,0.0,28058.0,50.0,Pass
l3327.txm,73.0312,752.0,753.0,135.0,0.0,483.0,101.0,1233.0,9461.0,8927.0,445.0,26.0,17305.0,19496.0,690.0,16206.0,350.0,0.0,28286.0,51.0,Pass
l3327.txm,74.0625,753.0,754.0,134.0,0.0,534.0,100.0,1233.0,9462.0,8959.0,778.0,26.0,16982.0,19114.0,-41.0,16434.0,339.0,1.0,28290.0,51.0,Pass
l3327.txm,75.0781,752.0,753.0,135.0,0.0,550.0,100.0,1225.0,9366.0,9006.0,4.0,27.0,16821.0,19148.0,-296.0,16664.0,349.0,0.0,28272.0,51.0,Pass
l3327.txm,76.0937,751.0,753.0,135.0,0.0,550.0,102.0,1234.0,9426.0,8940.0,334.0,26.0,16778.0,19130.0,-264.0,16568.0,349.0,0.0,28430.0,51.0,Pass
l3327.txm,77.1094,751.0,753.0,132.0,0.0,551.0,102.0,1225.0,9395.0,8995.0,515.0,27.0,16451.0,18992.0,-577.0,16634.0,350.0,0.0,28314.0,51.0,Pass
l3327.txm,78.1406,752.0,753.0,132.0,0.0,553.0,100.0,1231.0,9474.0,8914.0,421.0,25.0,17279.0,18994.0,-292.0,16506.0,350.0,0.0,28452.0,51.0,Pass
l3327.txm,79.1562,752.0,754.0,134.0,0.0,553.0,102.0,1226.0,9366.0,8958.0,148.0,27.0,16722.0,18980.0,43.0,16480.0,355.0,0.0,28266.0,51.0,Pass
l3327.txm,80.1719,752.0,753.0,135.0,0.0,559.0,101.0,1233.0,9398.0,8965.0,861.0,26.0,17188.0,19008.0,-87.0,16482.0,350.0,0.0,28236.0,51.0,Pass
l3327.txm,81.1875,752.0,752.0,134.0,0.0,552.0,100.0,1224.0,9365.0,8997.0,126.0,27.0,16611.0,18986.0,70.0,16490.0,353.0,0.0,28468.0,51.0,Pass
l3327.txm,82.2187,752.0,754.0,134.0,0.0,554.0,101.0,1231.0,9401.0,9022.0,807.0,25.0,16741.0,18992.0,37.0,16426.0,346.0,0.0,28466.0,51.0,Pass
l3327.txm,83.2344,751.0,754.0,132.0,0.0,558.0,100.0,1226.0,9403.0,8929.0,756.0,27.0,16487.0,18992.0,-317.0,16504.0,351.0,0.0,28312.0,51.0,Pass
l3327.txm,84.25,751.0,753.0,132.0,0.0,555.0,101.0,1234.0,9444.0,8936.0,1495.0,25.0,16790.0,18996.0,-66.0,16398.0,346.0,0.0,28296.0,51.0,Pass
l3327.txm,85.2656,752.0,754.0,134.0,0.0,560.0,100.0,1225.0,9367.0,8965.0,499.0,27.0,16501.0,19146.0,-15.0,16526.0,350.0,0.0,28454.0,51.0,Pass
l3327.txm,86.3125,751.0,754.0,132.0,0.0,558.0,101.0,1230.0,9438.0,8942.0,739.0,26.0,17014.0,19132.0,-72.0,16448.0,352.0,0.0,28238.0,51.0,Pass
l3327.txm,87.3281,752.0,754.0,133.0,0.0,561.0,100.0,1225.0,9404.0,8923.0,220.0,27.0,16794.0,18982.0,78.0,16486.0,352.0,0.0,28272.0,51.0,Pass
l3327.txm,88.3594,752.0,753.0,131.0,0.0,562.0,101.0,1231.0,9402.0,8998.0,739.0,26.0,16889.0,18988.0,-12.0,16622.0,352.0,0.0,28458.0,51.0,Pass
l3327.txm,89.3906,752.0,753.0,132.0,0.0,564.0,102.0,1226.0,9429.0,8935.0,625.0,27.0,16448.0,19012.0,-62.0,16398.0,352.0,0.0,28306.0,51.0,Pass
l3327.txm,90.4062,752.0,753.0,135.0,0.0,559.0,101.0,1232.0,9375.0,8977.0,673.0,26.0,17009.0,18976.0,354.0,16462.0,347.0,0.0,28278.0,51.0,Pass
l3327.txm,91.4688,752.0,752.0,133.0,0.0,560.0,101.0,1225.0,9434.0,8935.0,309.0,27.0,16406.0,18964.0,-489.0,16564.0,359.0,0.0,28270.0,51.0,Pass
l3327.txm,92.4375,752.0,753.0,134.0,0.0,565.0,101.0,1231.0,9403.0,9005.0,215.0,25.0,16693.0,19146.0,-392.0,16592.0,344.0,0.0,28286.0,51.0,Pass
l3327.txm,93.4687,752.0,754.0,131.0,0.0,562.0,100.0,1225.0,9429.0,8902.0,547.0,27.0,16427.0,18968.0,-265.0,16576.0,344.0,0.0,28446.0,51.0,Pass
l3327.txm,94.4844,752.0,754.0,135.0,0.0,563.0,99.0,1234.0,9397.0,9016.0,934.0,26.0,17164.0,19086.0,218.0,16630.0,348.0,0.0,28444.0,51.0,Pass
l3327.txm,95.5156,752.0,753.0,132.0,0.0,557.0,100.0,1224.0,9429.0,8924.0,662.0,27.0,16465.0,19114.0,636.0,16652.0,358.0,0.0,28452.0,51.0,Pass
l3327.txm,96.5156,752.0,753.0,134.0,0.0,561.0,101.0,1233.0,9393.0,8979.0,624.0,25.0,16885.0,19008.0,-278.0,16532.0,342.0,0.0,28488.0,51.0,Pass
l3327.txm,97.5469,751.0,752.0,134.0,0.0,557.0,101.0,1226.0,9387.0,8976.0,177.0,27.0,16883.0,19082.0,137.0,16634.0,352.0,0.0,28484.0,51.0,Pass
l3327.txm,98.5625,752.0,754.0,132.0,0.0,560.0,100.0,1232.0,9450.0,8934.0,614.0,25.0,16880.0,18972.0,696.0,16564.0,352.0,0.0,28292.0,51.0,Pass
l3327.txm,99.5938,752.0,753.0,134.0,0.0,562.0,101.0,1224.0,9417.0,8965.0,-54.0,27.0,16867.0,19102.0,143.0,16632.0,349.0,0.0,28286.0,51.0,Pass
l3327.txm,100.594,752.0,753.0,132.0,0.0,561.0,101.0,1231.0,9443.0,8937.0,1314.0,25.0,17032.0,19124.0,81.0,16470.0,354.0,0.0,28276.0,51.0,Pass
l3327.txm,101.625,752.0,752.0,134.0,0.0,565.0,101.0,1227.0,9386.0,8979.0,694.0,27.0,16629.0,19076.0,862.0,16612.0,348.0,0.0,28484.0,51.0,Pass
l3327.txm,102.641,752.0,753.0,135.0,0.0,560.0,101.0,1231.0,9433.0,8912.0,-41.0,26.0,17156.0,18968.0,151.0,16584.0,358.0,0.0,28440.0,51.0,Pass
l3327.txm,103.672,751.0,753.0,135.0,0.0,560.0,102.0,1227.0,9442.0,8937.0,84.0,27.0,16583.0,18984.0,-67.0,16588.0,351.0,0.0,28302.0,51.0,Pass
l3327.txm,104.672,752.0,755.0,134.0,0.0,565.0,101.0,1234.0,9417.0,8943.0,606.0,26.0,17159.0,18972.0,-261.0,16468.0,355.0,0.0,28272.0,51.0,Pass
l3328.txm,56.6094,752.0,754.0,135.0,0.0,386.0,100.0,1299.0,9427.0,8956.0,-1269.0,30.0,16170.0,19736.0,-536.0,16430.0,349.0,0.0,27870.0,49.0,Pass
l3328.txm,57.6406,752.0,753.0,133.0,0.0,376.0,99.0,1285.0,9452.0,8974.0,-489.0,30.0,16303.0,19792.0,-93.0,16432.0,347.0,0.0,27854.0,50.0,Pass
l3328.txm,58.6562,753.0,754.0,132.0,0.0,378.0,100.0,1210.0,9430.0,9007.0,240.0,28.0,16703.0,19790.0,-297.0,16544.0,344.0,0.0,27852.0,51.0,Pass
l3328.txm,59.6719,752.0,754.0,132.0,0.0,369.0,100.0,1223.0,9412.0,8971.0,-190.0,29.0,16400.0,19796.0,-60.0,16520.0,351.0,0.0,27852.0,50.0,Pass
l3328.txm,60.7031,752.0,754.0,135.0,0.0,369.0,101.0,1233.0,9394.0,9025.0,-74.0,29.0,16637.0,19786.0,-521.0,16624.0,354.0,0.0,27852.0,50.0,Pass
l3328.txm,61.7187,752.0,754.0,135.0,0.0,363.0,102.0,1226.0,9401.0,9000.0,-189.0,29.0,16590.0,19786.0,-566.0,16550.0,345.0,0.0,27854.0,50.0,Pass
l3328.txm,62.7344,752.0,753.0,133.0,0.0,360.0,100.0,1229.0,9400.0,8993.0,-537.0,29.0,16602.0,19790.0,-48.0,16702.0,352.0,0.0,27818.0,50.0,Pass
l3328.txm,64.2656,752.0,754.0,135.0,0.0,355.0,102.0,1227.0,9467.0,8950.0,-563.0,29.0,16535.0,19782.0,-263.0,16492.0,351.0,0.0,27734.0,50.0,Pass
l3328.txm,65.2812,752.0,753.0,135.0,0.0,348.0,101.0,1227.0,9470.0,8936.0,-1476.0,29.0,16268.0,19782.0,-262.0,16680.0,350.0,0.0,27758.0,50.0,Pass
l3328.txm,66.3125,752.0,754.0,132.0,0.0,339.0,99.0,1223.0,9451.0,8939.0,-1588.0,30.0,16215.0,19844.0,-976.0,16808.0,343.0,0.0,27700.0,50.0,Pass
l3328.txm,67.3125,752.0,754.0,131.0,0.0,327.0,100.0,1222.0,9463.0,8954.0,-1648.0,30.0,16077.0,20078.0,-489.0,16488.0,350.0,0.0,27620.0,50.0,Pass
l3328.txm,68.3437,752.0,753.0,135.0,0.0,309.0,100.0,1220.0,9426.0,8994.0,-2212.0,31.0,15821.0,20084.0,-503.0,16782.0,349.0,0.0,27472.0,50.0,Pass
l3328.txm,69.375,752.0,752.0,136.0,0.0,302.0,100.0,1225.0,9495.0,8984.0,-1653.0,30.0,16268.0,20260.0,-734.0,16650.0,348.0,0.0,27326.0,50.0,Pass
l3328.txm,70.3906,751.0,754.0,132.0,0.0,302.0,100.0,1228.0,9461.0,9001.0,-1013.0,30.0,16019.0,20362.0,51.0,16280.0,342.0,0.0,27462.0,50.0,Pass
l3328.txm,71.4062,752.0,753.0,132.0,0.0,316.0,101.0,1234.0,9432.0,9074.0,218.0,29.0,16277.0,20216.0,13.0,15988.0,346.0,0.0,27610.0,50.0,Pass
l3328.txm,72.4219,752.0,755.0,133.0,0.0,360.0,100.0,1241.0,9475.0,9038.0,535.0,26.0,17137.0,19922.0,75.0,16458.0,347.0,0.0,27868.0,50.0,Pass
l3328.txm,73.4531,752.0,753.0,135.0,0.0,402.0,100.0,1237.0,9459.0,8974.0,797.0,26.0,16698.0,19858.0,764.0,16202.0,354.0,0.0,28036.0,50.0,Pass
l3328.txm,74.4687,752.0,753.0,135.0,0.0,464.0,101.0,1232.0,9409.0,8966.0,-412.0,26.0,17042.0,19712.0,18.0,16126.0,350.0,1.0,28110.0,51.0,Pass
l3328.txm,75.5156,752.0,753.0,134.0,0.0,532.0,100.0,1232.0,9365.0,9035.0,1473.0,25.0,16972.0,19056.0,65.0,16546.0,349.0,0.0,28310.0,51.0,Pass
l3328.txm,76.5,752.0,754.0,133.0,0.0,547.0,100.0,1228.0,9412.0,8954.0,657.0,26.0,16790.0,19120.0,-508.0,16628.0,347.0,0.0,28266.0,51.0,Pass
l3328.txm,77.5312,752.0,753.0,135.0,0.0,553.0,100.0,1229.0,9407.0,8933.0,446.0,26.0,16842.0,19118.0,128.0,16622.0,354.0,0.0,28304.0,51.0,Pass
l3328.txm,78.5469,752.0,754.0,134.0,0.0,549.0,99.0,1227.0,9394.0,8980.0,407.0,26.0,16943.0,18986.0,-96.0,16546.0,343.0,0.0,28468.0,51.0,Pass
l3328.txm,79.5625,751.0,754.0,132.0,0.0,553.0,100.0,1228.0,9422.0,8978.0,904.0,26.0,16876.0,18976.0,70.0,16608.0,350.0,0.0,28474.0,51.0,Pass
l3328.txm,80.5781,751.0,753.0,134.0,0.0,552.0,102.0,1227.0,9368.0,8997.0,-37.0,26.0,16980.0,19020.0,676.0,16482.0,352.0,0.0,28274.0,51.0,Pass
l3328.txm,81.6094,752.0,753.0,132.0,0.0,551.0,102.0,1227.0,9356.0,8949.0,885.0,26.0,16806.0,19018.0,-280.0,16528.0,349.0,1.0,28304.0,51.0,Pass
l3328.txm,82.625,752.0,753.0,133.0,0.0,558.0,100.0,1228.0,9356.0,8939.0,930.0,26.0,17024.0,19056.0,-502.0,16648.0,351.0,0.0,28302.0,51.0,Pass
l3328.txm,83.6406,752.0,754.0,132.0,0.0,556.0,102.0,1227.0,9370.0,8915.0,694.0,26.0,16788.0,19156.0,101.0,16608.0,345.0,0.0,28252.0,51.0,Pass
l3328.txm,84.6562,752.0,754.0,133.0,0.0,555.0,102.0,1225.0,9401.0,8971.0,1319.0,26.0,16826.0,19002.0,43.0,16606.0,347.0,0.0,28268.0,51.0,Pass
l3328.txm,85.6875,752.0,753.0,133.0,0.0,563.0,101.0,1229.0,9407.0,8937.0,614.0,27.0,16843.0,19088.0,103.0,16544.0,347.0,0.0,28436.0,51.0,Pass
l3328.txm,86.7187,751.0,754.0,132.0,0.0,564.0,100.0,1229.0,9396.0,8984.0,1311.0,26.0,16890.0,19102.0,28.0,16594.0,345.0,0.0,28438.0,51.0,Pass
l3328.txm,87.7344,752.0,753.0,132.0,0.0,558.0,100.0,1226.0,9387.0,8962.0,741.0,27.0,16600.0,19124.0,18.0,16592.0,352.0,0.0,28252.0,51.0,Pass
l3328.txm,88.7656,752.0,754.0,133.0,0.0,562.0,101.0,1229.0,9353.0,9016.0,634.0,26.0,16697.0,19150.0,95.0,16562.0,344.0,0.0,28442.0,51.0,Pass
l3328.txm,89.7656,752.0,754.0,134.0,0.0,563.0,100.0,1226.0,9411.0,8983.0,506.0,26.0,17123.0,19012.0,-259.0,16524.0,351.0,0.0,28302.0,51.0,Pass
l3328.txm,90.7969,752.0,754.0,134.0,0.0,565.0,102.0,1229.0,9400.0,8948.0,631.0,26.0,16664.0,19152.0,224.0,16470.0,346.0,0.0,28478.0,51.0,Pass
l3328.txm,91.8125,752.0,753.0,133.0,0.0,563.0,102.0,1228.0,9374.0,8933.0,1379.0,27.0,16622.0,19002.0,36.0,16512.0,345.0,0.0,28478.0,51.0,Pass
l3328.txm,92.8437,752.0,755.0,135.0,0.0,561.0,100.0,1227.0,9446.0,8944.0,649.0,26.0,17194.0,19142.0,-8.0,16576.0,348.0,0.0,28296.0,51.0,Pass
l3328.txm,93.8594,752.0,752.0,132.0,0.0,557.0,100.0,1227.0,9363.0,8985.0,736.0,26.0,17061.0,18992.0,159.0,16544.0,351.0,0.0,28286.0,51.0,Pass
l3328.txm,94.9063,752.0,754.0,133.0,0.0,560.0,100.0,1226.0,9382.0,8963.0,547.0,26.0,16873.0,19154.0,152.0,16574.0,347.0,0.0,28474.0,51.0,Pass
l3328.txm,95.8906,752.0,753.0,133.0,0.0,559.0,100.0,1227.0,9355.0,8986.0,612.0,26.0,16666.0,19136.0,-382.0,16418.0,347.0,0.0,28462.0,51.0,Pass
l3328.txm,96.9219,752.0,753.0,133.0,0.0,560.0,100.0,1228.0,9384.0,8930.0,1080.0,26.0,16904.0,19162.0,540.0,16466.0,350.0,0.0,28304.0,51.0,Pass
l3328.txm,97.9375,751.0,752.0,132.0,0.0,566.0,100.0,1228.0,9367.0,8963.0,1513.0,26.0,16714.0,19160.0,478.0,16514.0,355.0,0.0,28462.0,51.0,Pass
l3328.txm,98.9531,752.0,753.0,135.0,0.0,562.0,100.0,1227.0,9424.0,8927.0,221.0,26.0,16811.0,19038.0,154.0,16432.0,347.0,0.0,28476.0,51.0,Pass
l3328.txm,99.9687,752.0,753.0,133.0,0.0,559.0,100.0,1227.0,9419.0,8933.0,855.0,26.0,17037.0,18988.0,-45.0,16624.0,348.0,1.0,28280.0,51.0,Pass
l3328.txm,101.0,752.0,752.0,132.0,0.0,560.0,102.0,1226.0,9392.0,9008.0,1225.0,26.0,16853.0,19014.0,-71.0,16544.0,355.0,0.0,28454.0,51.0,Pass
l3328.txm,102.031,751.0,753.0,131.0,0.0,559.0,100.0,1228.0,9366.0,8986.0,1377.0,26.0,16639.0,19052.0,159.0,16426.0,351.0,0.0,28254.0,51.0,Pass
l3328.txm,103.031,752.0,752.0,133.0,0.0,561.0,100.0,1226.0,9358.0,8991.0,1157.0,26.0,16550.0,19154.0,80.0,16566.0,348.0,0.0,28286.0,51.0,Pass
l3328.txm,104.062,752.0,753.0,135.0,0.0,557.0,100.0,1229.0,9389.0,8951.0,324.0,26.0,16867.0,19014.0,-315.0,16546.0,345.0,0.0,28292.0,51.0,Pass
l3328.txm,105.078,752.0,754.0,134.0,0.0,563.0,100.0,1228.0,9409.0,8939.0,366.0,26.0,16925.0,19074.0,-74.0,16656.0,349.0,0.0,28474.0,51.0,Pass
l3328.txm,106.094,752.0,754.0,133.0,0.0,559.0,100.0,1226.0,9354.0,8994.0,685.0,26.0,17048.0,19142.0,153.0,16640.0,351.0,0.0,28454.0,51.0,Pass
l3328.txm,107.266,752.0,753.0,134.0,0.0,561.0,102.0,1228.0,9346.0,8967.0,1086.0,26.0,17146.0,19134.0,-322.0,16728.0,349.0,0.0,28450.0,51.0,Pass
l3328.txm,108.234,751.0,752.0,132.0,0.0,558.0,101.0,1227.0,9383.0,8947.0,1097.0,26.0,16796.0,19114.0,696.0,16686.0,345.0,0.0,28254.0,51.0,Pass
l3329.txm,55.6719,752.0,754.0,132.0,0.0,398.0,100.0,1285.0,9451.0,8954.0,-1402.0,30.0,16294.0,19650.0,-1086.0,16576.0,343.0,0.0,27870.0,49.0,Pass
l3329.txm,56.6875,751.0,753.0,133.0,0.0,376.0,101.0,1298.0,9457.0,8955.0,-1420.0,30.0,16475.0,19766.0,56.0,16508.0,345.0,0.0,27910.0,49.0,Pass
l3329.txm,57.75,752.0,752.0,132.0,0.0,373.0,100.0,1216.0,9416.0,8999.0,450.0,28.0,16423.0,19756.0,-71.0,16700.0,346.0,0.0,27882.0,51.0,Pass
l3329.txm,58.7969,752.0,753.0,135.0,0.0,376.0,99.0,1219.0,9405.0,8966.0,254.0,30.0,16563.0,19774.0,-793.0,16502.0,357.0,0.0,27810.0,50.0,Pass
l3329.txm,59.7969,752.0,754.0,132.0,0.0,360.0,101.0,1231.0,9459.0,8938.0,-267.0,31.0,15962.0,19806.0,27.0,16656.0,351.0,0.0,27806.0,50.0,Pass
l3329.txm,60.8281,751.0,753.0,135.0,0.0,363.0,101.0,1228.0,9399.0,8988.0,-939.0,30.0,16319.0,19806.0,-356.0,16608.0,350.0,0.0,27814.0,50.0,Pass
l3329.txm,61.875,752.0,754.0,133.0,0.0,361.0,101.0,1228.0,9409.0,8944.0,-72.0,30.0,16239.0,19796.0,-513.0,16628.0,343.0,0.0,27812.0,50.0,Pass
l3329.txm,62.875,752.0,752.0,133.0,0.0,349.0,99.0,1228.0,9447.0,8932.0,-987.0,31.0,16123.0,19856.0,-533.0,16720.0,350.0,0.0,27758.0,50.0,Pass
l3329.txm,63.8906,752.0,753.0,134.0,0.0,353.0,101.0,1229.0,9454.0,8933.0,-683.0,30.0,16351.0,19862.0,-340.0,16660.0,357.0,0.0,27756.0,50.0,Pass
l3329.txm,64.9062,752.0,752.0,135.0,0.0,347.0,99.0,1228.0,9402.0,8964.0,-1836.0,31.0,16183.0,19874.0,-505.0,16644.0,353.0,0.0,27726.0,50.0,Pass
l3329.txm,65.9375,752.0,754.0,136.0,0.0,333.0,99.0,1226.0,9402.0,8988.0,-1750.0,30.0,15941.0,20090.0,-506.0,16402.0,347.0,0.0,27634.0,50.0,Pass
l3329.txm,66.9375,752.0,753.0,135.0,0.0,318.0,100.0,1226.0,9435.0,9024.0,-2200.0,29.0,16196.0,20058.0,-376.0,16696.0,357.0,0.0,27602.0,50.0,Pass
l3329.txm,67.9687,752.0,754.0,135.0,0.0,301.0,100.0,1221.0,9441.0,9044.0,-1987.0,30.0,16093.0,20130.0,45.0,16326.0,342.0,0.0,27518.0,50.0,Pass
l3329.txm,69.0156,752.0,753.0,134.0,0.0,298.0,102.0,1226.0,9454.0,9001.0,-1643.0,30.0,15988.0,20258.0,-499.0,16738.0,348.0,0.0,27498.0,50.0,Pass
l3329.txm,70.0156,752.0,753.0,132.0,0.0,297.0,101.0,1228.0,9505.0,8976.0,-1001.0,30.0,16046.0,20188.0,-490.0,16344.0,345.0,1.0,27352.0,50.0,Pass
l3329.txm,71.0312,751.0,752.0,135.0,0.0,326.0,99.0,1238.0,9427.0,9067.0,-108.0,28.0,16658.0,20220.0,67.0,15908.0,355.0,0.0,27698.0,50.0,Pass
l3329.txm,72.0469,752.0,754.0,133.0,0.0,372.0,102.0,1241.0,9445.0,9062.0,890.0,26.0,16774.0,20054.0,-57.0,16502.0,348.0,0.0,27836.0,50.0,Pass
l3329.txm,73.0625,752.0,753.0,134.0,0.0,425.0,100.0,1229.0,9451.0,9020.0,904.0,26.0,17023.0,19844.0,556.0,16324.0,359.0,0.0,28100.0,50.0,Pass
l3329.txm,74.0937,752.0,754.0,133.0,0.0,497.0,102.0,1235.0,9507.0,8960.0,913.0,26.0,16981.0,19546.0,344.0,16202.0,351.0,0.0,28322.0,50.0,Pass
l3329.txm,75.1094,752.0,754.0,134.0,0.0,538.0,101.0,1232.0,9512.0,8926.0,816.0,25.0,16865.0,19026.0,16.0,16362.0,354.0,0.0,28518.0,51.0,Pass
l3329.txm,76.125,751.0,753.0,133.0,0.0,545.0,100.0,1227.0,9411.0,8942.0,618.0,26.0,16661.0,18968.0,126.0,16498.0,346.0,0.0,28458.0,51.0,Pass
l3329.txm,77.1406,751.0,753.0,133.0,0.0,552.0,102.0,1229.0,9416.0,8976.0,-78.0,26.0,16909.0,19086.0,84.0,16524.0,351.0,0.0,28456.0,51.0,Pass
l3329.txm,78.1719,752.0,754.0,131.0,0.0,554.0,101.0,1228.0,9393.0,8971.0,336.0,26.0,16703.0,18984.0,-75.0,16478.0,348.0,0.0,28518.0,51.0,Pass
l3329.txm,79.2031,752.0,752.0,134.0,0.0,551.0,100.0,1227.0,9380.0,8998.0,364.0,26.0,16920.0,18966.0,84.0,16542.0,349.0,0.0,28464.0,51.0,Pass
l3329.txm,80.2031,752.0,753.0,134.0,0.0,549.0,100.0,1228.0,9427.0,8939.0,144.0,26.0,16723.0,19032.0,-449.0,16764.0,343.0,0.0,28456.0,51.0,Pass
l3329.txm,81.2656,752.0,754.0,131.0,0.0,556.0,100.0,1227.0,9448.0,8921.0,866.0,26.0,16552.0,19094.0,-448.0,16700.0,349.0,0.0,28504.0,51.0,Pass
l3329.txm,82.2812,752.0,753.0,133.0,0.0,555.0,101.0,1228.0,9379.0,8996.0,891.0,26.0,16665.0,18984.0,118.0,16674.0,355.0,0.0,28322.0,51.0,Pass
l3329.txm,83.2969,751.0,754.0,134.0,0.0,555.0,102.0,1229.0,9383.0,8991.0,242.0,26.0,16951.0,19024.0,70.0,16732.0,350.0,0.0,28462.0,51.0,Pass
l3329.txm,84.3125,752.0,754.0,133.0,0.0,559.0,100.0,1230.0,9387.0,8997.0,720.0,26.0,16898.0,19058.0,-7.0,16614.0,358.0,0.0,28260.0,51.0,Pass
l3329.txm,85.3437,752.0,753.0,136.0,0.0,555.0,100.0,1227.0,9409.0,8955.0,134.0,26.0,16856.0,19012.0,119.0,16622.0,349.0,0.0,28316.0,51.0,Pass
l3329.txm,86.3594,752.0,753.0,134.0,0.0,556.0,100.0,1229.0,9384.0,8984.0,327.0,26.0,16903.0,19106.0,-271.0,16526.0,351.0,0.0,28298.0,51.0,Pass
l3329.txm,87.375,752.0,753.0,133.0,0.0,554.0,100.0,1229.0,9455.0,8914.0,687.0,26.0,17013.0,19030.0,78.0,16602.0,360.0,0.0,28278.0,51.0,Pass
l3329.txm,88.4219,752.0,752.0,134.0,0.0,557.0,101.0,1229.0,9408.0,8950.0,168.0,26.0,16584.0,19052.0,-501.0,16452.0,345.0,0.0,28318.0,51.0,Pass
l3329.txm,89.4219,751.0,753.0,133.0,0.0,559.0,100.0,1229.0,9399.0,8992.0,-79.0,26.0,16881.0,19040.0,146.0,16438.0,348.0,0.0,28508.0,51.0,Pass
l3329.txm,90.4375,752.0,753.0,133.0,0.0,559.0,101.0,1231.0,9414.0,8941.0,295.0,26.0,16607.0,18966.0,94.0,16496.0,347.0,0.0,28474.0,51.0,Pass
l3329.txm,91.4531,752.0,754.0,133.0,0.0,557.0,100.0,1227.0,9465.0,8927.0,660.0,26.0,17105.0,19120.0,-45.0,16714.0,346.0,0.0,28482.0,51.0,Pass
l3329.txm,92.4687,752.0,754.0,132.0,0.0,561.0,101.0,1229.0,9418.0,8933.0,333.0,26.0,16899.0,19122.0,91.0,16576.0,346.0,0.0,28298.0,51.0,Pass
l3329.txm,93.5,752.0,754.0,134.0,0.0,557.0,101.0,1227.0,9374.0,8985.0,373.0,26.0,16976.0,19104.0,101.0,16672.0,349.0,0.0,28314.0,51.0,Pass
l3329.txm,94.5312,752.0,754.0,135.0,0.0,560.0,100.0,1229.0,9424.0,8918.0,-112.0,26.0,16986.0,19108.0,-363.0,16630.0,342.0,0.0,28254.0,51.0,Pass
l3329.txm,95.5313,752.0,753.0,135.0,0.0,560.0,100.0,1227.0,9384.0,8994.0,839.0,27.0,16589.0,19100.0,58.0,16658.0,343.0,0.0,28482.0,51.0,Pass
l3329.txm,96.5625,752.0,754.0,132.0,0.0,557.0,101.0,1230.0,9386.0,8975.0,624.0,26.0,16727.0,19104.0,103.0,16582.0,351.0,0.0,28290.0,51.0,Pass
l3329.txm,97.5781,752.0,752.0,133.0,0.0,556.0,100.0,1227.0,9437.0,8930.0,517.0,26.0,16925.0,19116.0,82.0,16580.0,355.0,0.0,28286.0,51.0,Pass
l3329.txm,98.6094,751.0,753.0,135.0,0.0,554.0,102.0,1228.0,9449.0,8930.0,144.0,26.0,17121.0,19002.0,-292.0,16520.0,346.0,0.0,28456.0,51.0,Pass
l3329.txm,99.6094,752.0,753.0,133.0,0.0,560.0,100.0,1229.0,9438.0,8908.0,285.0,26.0,16818.0,19108.0,151.0,16594.0,351.0,0.0,28248.0,51.0,Pass
l3329.txm,100.672,752.0,754.0,132.0,0.0,555.0,100.0,1227.0,9431.0,8941.0,297.0,26.0,16836.0,19000.0,-455.0,16734.0,345.0,0.0,28460.0,51.0,Pass
l3329.txm,101.688,752.0,753.0,134.0,0.0,557.0,100.0,1228.0,9403.0,8913.0,5.0,26.0,16761.0,18976.0,-92.0,16610.0,343.0,0.0,28296.0,51.0,Pass
l3329.txm,102.719,752.0,753.0,134.0,0.0,557.0,102.0,1230.0,9382.0,8952.0,258.0,26.0,17188.0,18970.0,238.0,16618.0,342.0,0.0,28474.0,51.0,Pass
l3329.txm,103.719,752.0,754.0,135.0,0.0,557.0,100.0,1230.0,9386.0,8958.0,577.0,26.0,16911.0,18970.0,-327.0,16536.0,346.0,0.0,28264.0,51.0,Pass
l3329.txm,104.75,752.0,753.0,132.0,0.0,559.0,101.0,1229.0,9436.0,8952.0,242.0,26.0,16856.0,19022.0,-263.0,16590.0,351.0,0.0,28496.0,51.0,Pass
l3329.txm,105.766,752.0,754.0,132.0,0.0,559.0,101.0,1230.0,9472.0,8920.0,-72.0,26.0,16905.0,19096.0,23.0,16652.0,346.0,0.0,28300.0,51.0,Pass
l3330.txm,56.1406,752.0,754.0,135.0,0.0,386.0,101.0,1295.0,9415.0,8927.0,-1735.0,31.0,15839.0,19754.0,-336.0,16446.0,360.0,0.0,27860.0,49.0,Pass
l3330.txm,57.1562,752.0,754.0,134.0,0.0,375.0,100.0,1276.0,9459.0,8986.0,-340.0,29.0,16536.0,19798.0,-94.0,16288.0,348.0,0.0,27866.0,50.0,Pass
l3330.txm,58.1875,752.0,753.0,132.0,0.0,374.0,99.0,1213.0,9429.0,8995.0,834.0,27.0,16680.0,19794.0,478.0,16434.0,354.0,0.0,27864.0,51.0,Pass
l3330.txm,59.2031,752.0,754.0,132.0,0.0,369.0,101.0,1227.0,9432.0,9025.0,-17.0,28.0,16725.0,19788.0,722.0,16582.0,353.0,1.0,27862.0,50.0,Pass
l3330.txm,60.2187,752.0,754.0,134.0,0.0,363.0,99.0,1234.0,9492.0,8966.0,-35.0,28.0,16576.0,19786.0,-339.0,16630.0,347.0,0.0,27856.0,50.0,Pass
l3330.txm,61.2344,752.0,754.0,132.0,0.0,356.0,99.0,1227.0,9459.0,9011.0,-306.0,27.0,16675.0,19794.0,-45.0,16660.0,352.0,0.0,27846.0,51.0,Pass
l3330.txm,62.2656,751.0,752.0,132.0,0.0,359.0,100.0,1226.0,9456.0,8978.0,-524.0,28.0,16921.0,19790.0,96.0,16664.0,354.0,0.0,27854.0,51.0,Pass
l3330.txm,63.2812,752.0,754.0,135.0,0.0,357.0,101.0,1226.0,9491.0,8942.0,-1296.0,29.0,16824.0,19794.0,-703.0,16518.0,347.0,0.0,27758.0,51.0,Pass
l3330.txm,64.2969,751.0,753.0,132.0,0.0,350.0,101.0,1227.0,9472.0,8956.0,-1474.0,29.0,16675.0,19846.0,-269.0,16400.0,347.0,0.0,27756.0,50.0,Pass
l3330.txm,65.3281,752.0,754.0,135.0,0.0,341.0,101.0,1227.0,9448.0,8961.0,-1550.0,28.0,16641.0,19850.0,-633.0,16618.0,348.0,0.0,27784.0,50.0,Pass
l3330.txm,66.3437,751.0,753.0,135.0,0.0,332.0,102.0,1225.0,9413.0,9014.0,-2180.0,29.0,16375.0,20186.0,-320.0,16084.0,345.0,0.0,27606.0,50.0,Pass
l3330.txm,67.375,752.0,753.0,131.0,0.0,316.0,102.0,1222.0,9475.0,9009.0,-1766.0,30.0,16088.0,19998.0,-328.0,16548.0,352.0,0.0,27588.0,50.0,Pass
l3330.txm,68.375,752.0,753.0,131.0,0.0,303.0,101.0,1220.0,9474.0,8993.0,-1688.0,31.0,15795.0,20096.0,-518.0,16934.0,346.0,0.0,27408.0,50.0,Pass
l3330.txm,69.4062,752.0,753.0,135.0,0.0,301.0,101.0,1227.0,9483.0,8995.0,-1595.0,30.0,16371.0,20272.0,-422.0,16560.0,359.0,0.0,27374.0,50.0,Pass
l3330.txm,70.4219,752.0,753.0,135.0,0.0,296.0,101.0,1225.0,9473.0,8998.0,-401.0,29.0,16374.0,20182.0,-259.0,16596.0,355.0,0.0,27368.0,50.0,Pass
l3330.txm,71.4531,752.0,753.0,133.0,0.0,326.0,101.0,1238.0,9497.0,9026.0,864.0,28.0,16597.0,20194.0,1104.0,16000.0,354.0,1.0,27708.0,50.0,Pass
l3330.txm,72.4531,752.0,754.0,132.0,0.0,376.0,101.0,1241.0,9511.0,9026.0,917.0,25.0,17104.0,19972.0,112.0,16474.0,347.0,0.0,27876.0,50.0,Pass
l3330.txm,73.4844,752.0,754.0,132.0,0.0,424.0,102.0,1232.0,9406.0,9021.0,615.0,26.0,16880.0,19684.0,-41.0,16138.0,353.0,0.0,28026.0,51.0,Pass
l3330.txm,74.5312,752.0,753.0,135.0,0.0,491.0,102.0,1232.0,9364.0,8979.0,1037.0,25.0,17213.0,19456.0,368.0,16192.0,344.0,0.0,28348.0,51.0,Pass
l3330.txm,75.5312,753.0,753.0,135.0,0.0,543.0,102.0,1231.0,9402.0,9008.0,448.0,26.0,16795.0,19136.0,64.0,16738.0,344.0,0.0,28292.0,51.0,Pass
l3330.txm,76.5469,752.0,753.0,132.0,0.0,547.0,100.0,1227.0,9381.0,8974.0,1020.0,26.0,17129.0,19088.0,408.0,16680.0,356.0,0.0,28266.0,51.0,Pass
l3330.txm,77.5625,751.0,753.0,134.0,0.0,550.0,102.0,1230.0,9432.0,8929.0,-75.0,27.0,16648.0,19072.0,-367.0,16666.0,347.0,0.0,28452.0,51.0,Pass
l3330.txm,78.5781,752.0,754.0,135.0,0.0,547.0,101.0,1228.0,9397.0,8989.0,489.0,27.0,16714.0,19072.0,85.0,16636.0,342.0,0.0,28496.0,51.0,Pass
l3330.txm,79.6094,752.0,754.0,134.0,0.0,547.0,101.0,1229.0,9412.0,8914.0,711.0,26.0,16778.0,18976.0,646.0,16654.0,350.0,0.0,28286.0,51.0,Pass
l3330.txm,80.6094,751.0,752.0,135.0,0.0,549.0,101.0,1226.0,9352.0,9001.0,265.0,26.0,16742.0,18982.0,714.0,16642.0,353.0,0.0,28274.0,51.0,Pass
l3330.txm,81.6719,752.0,753.0,134.0,0.0,549.0,99.0,1229.0,9430.0,8922.0,636.0,26.0,16964.0,18970.0,-94.0,16630.0,351.0,0.0,28302.0,51.0,Pass
l3330.txm,82.6719,752.0,754.0,134.0,0.0,549.0,102.0,1225.0,9381.0,8939.0,675.0,26.0,16627.0,19060.0,27.0,16578.0,348.0,0.0,28444.0,51.0,Pass
l3330.txm,83.6875,751.0,753.0,134.0,0.0,552.0,102.0,1228.0,9445.0,8938.0,1075.0,27.0,16646.0,19060.0,-55.0,16566.0,350.0,0.0,28260.0,51.0,Pass
l3330.txm,84.75,752.0,753.0,132.0,0.0,555.0,101.0,1230.0,9373.0,9008.0,1411.0,26.0,16428.0,19074.0,49.0,16410.0,346.0,0.0,28304.0,51.0,Pass
l3330.txm,85.7187,752.0,753.0,135.0,0.0,557.0,101.0,1227.0,9430.0,8933.0,682.0,26.0,17077.0,18986.0,456.0,16604.0,356.0,0.0,28262.0,51.0,Pass
l3330.txm,86.75,751.0,753.0,135.0,0.0,551.0,101.0,1227.0,9428.0,8960.0,656.0,27.0,16951.0,18976.0,-81.0,16512.0,354.0,0.0,28310.0,51.0,Pass
l3330.txm,87.7656,751.0,753.0,133.0,0.0,558.0,100.0,1228.0,9351.0,9010.0,439.0,26.0,16994.0,19028.0,-13.0,16474.0,356.0,0.0,28456.0,51.0,Pass
l3330.txm,88.7812,752.0,753.0,132.0,0.0,555.0,101.0,1227.0,9413.0,8920.0,1145.0,26.0,16659.0,19128.0,514.0,16622.0,358.0,1.0,28274.0,51.0,Pass
l3330.txm,89.8125,751.0,753.0,135.0,0.0,556.0,101.0,1230.0,9439.0,8942.0,609.0,26.0,17028.0,19128.0,220.0,16620.0,355.0,0.0,28478.0,51.0,Pass
l3330.txm,90.8281,752.0,753.0,132.0,0.0,550.0,100.0,1230.0,9365.0,9000.0,1093.0,26.0,16656.0,19094.0,147.0,16430.0,349.0,1.0,28506.0,51.0,Pass
l3330.txm,91.8437,751.0,753.0,131.0,0.0,557.0,100.0,1227.0,9456.0,8922.0,652.0,26.0,16797.0,19042.0,26.0,16526.0,353.0,0.0,28318.0,51.0,Pass
l3330.txm,92.8594,752.0,752.0,135.0,0.0,557.0,100.0,1228.0,9367.0,8975.0,392.0,26.0,16877.0,19050.0,-51.0,16466.0,351.0,0.0,28266.0,51.0,Pass
l3330.txm,93.9062,752.0,752.0,132.0,0.0,556.0,99.0,1231.0,9411.0,8941.0,633.0,26.0,16880.0,19132.0,19.0,16520.0,346.0,0.0,28312.0,51.0,Pass
l3330.txm,94.9375,752.0,753.0,131.0,0.0,557.0,100.0,1228.0,9363.0,9008.0,856.0,26.0,16628.0,18990.0,93.0,16660.0,348.0,0.0,28262.0,51.0,Pass
l3330.txm,95.9531,752.0,753.0,135.0,0.0,555.0,100.0,1227.0,9453.0,8933.0,975.0,26.0,16901.0,19104.0,-66.0,16638.0,350.0,0.0,28308.0,51.0,Pass
l3330.txm,96.9687,752.0,752.0,131.0,0.0,559.0,100.0,1231.0,9360.0,8992.0,1011.0,26.0,16858.0,19034.0,125.0,16520.0,356.0,0.0,28256.0,51.0,Pass
l3330.txm,98.0,752.0,753.0,131.0,0.0,558.0,100.0,1228.0,9402.0,8966.0,250.0,26.0,16414.0,19144.0,492.0,16540.0,354.0,0.0,28462.0,51.0,Pass
l3330.txm,99.0156,752.0,754.0,133.0,0.0,553.0,100.0,1226.0,9420.0,8960.0,409.0,26.0,16619.0,19134.0,-92.0,16580.0,347.0,1.0,28494.0,51.0,Pass
l3330.txm,100.047,751.0,752.0,134.0,0.0,556.0,100.0,1229.0,9388.0,9006.0,791.0,26.0,16890.0,18998.0,9.0,16554.0,347.0,0.0,28448.0,51.0,Pass
l3330.txm,101.078,752.0,753.0,134.0,0.0,556.0,101.0,1228.0,9388.0,8956.0,663.0,27.0,16470.0,19124.0,514.0,16672.0,347.0,0.0,28466.0,51.0,Pass
l3330.txm,102.078,752.0,754.0,135.0,0.0,553.0,101.0,1228.0,9378.0,9005.0,-21.0,27.0,16768.0,18984.0,372.0,16698.0,349.0,0.0,28458.0,51.0,Pass
l3330.txm,103.094,752.0,753.0,135.0,0.0,555.0,101.0,1230.0,9385.0,8922.0,178.0,26.0,16808.0,19134.0,798.0,16724.0,351.0,0.0,28260.0,51.0,Pass
l3330.txm,104.125,752.0,752.0,132.0,0.0,551.0,100.0,1225.0,9359.0,8991.0,945.0,27.0,16671.0,19126.0,764.0,16638.0,351.0,0.0,28274.0,51.0,Pass
l3330.txm,105.125,752.0,753.0,135.0,0.0,559.0,99.0,1229.0,9346.0,8993.0,490.0,27.0,16910.0,19132.0,266.0,16698.0,348.0,0.0,28264.0,51.0,Pass
l3330.txm,106.156,752.0,753.0,132.0,0.0,553.0,102.0,1229.0,9433.0,8925.0,923.0,27.0,16610.0,19114.0,-456.0,16692.0,349.0,0.0,28274.0,51.0,Pass
l3331.txm,55.75,752.0,754.0,132.0,0.0,382.0,101.0,1306.0,9378.0,8972.0,-2344.0,30.0,16351.0,19750.0,76.0,16392.0,348.0,0.0,27870.0,49.0,Pass
l3331.txm,56.7656,751.0,754.0,132.0,0.0,375.0,100.0,1279.0,9444.0,8947.0,327.0,29.0,16434.0,19750.0,-267.0,16666.0,344.0,0.0,27870.0,50.0,Pass
l3331.txm,57.7969,752.0,753.0,134.0,0.0,374.0,101.0,1211.0,9442.0,8982.0,386.0,28.0,16731.0,19752.0,29.0,16614.0,359.0,0.0,27862.0,51.0,Pass
l3331.txm,58.8281,752.0,754.0,131.0,0.0,367.0,101.0,1225.0,9469.0,8938.0,-71.0,29.0,16552.0,19764.0,-509.0,16744.0,345.0,0.0,27822.0,50.0,Pass
l3331.txm,59.8906,752.0,754.0,136.0,0.0,364.0,100.0,1232.0,9454.0,8937.0,-597.0,29.0,16556.0,19786.0,-440.0,16536.0,350.0,0.0,27826.0,50.0,Pass
l3331.txm,60.875,752.0,754.0,135.0,0.0,367.0,101.0,1230.0,9418.0,8965.0,-812.0,29.0,16584.0,19800.0,-387.0,16522.0,346.0,0.0,27822.0,51.0,Pass
l3331.txm,61.9062,752.0,755.0,134.0,0.0,364.0,101.0,1229.0,9408.0,8994.0,-752.0,29.0,16341.0,19798.0,-286.0,16658.0,356.0,0.0,27840.0,51.0,Pass
l3331.txm,62.9219,752.0,754.0,133.0,0.0,356.0,99.0,1227.0,9428.0,8968.0,-854.0,29.0,16581.0,19788.0,-952.0,16578.0,351.0,0.0,27766.0,51.0,Pass
l3331.txm,63.9531,752.0,753.0,134.0,0.0,345.0,100.0,1228.0,9447.0,8948.0,-1171.0,29.0,16639.0,19772.0,-742.0,16562.0,342.0,0.0,27742.0,51.0,Pass
l3331.txm,64.9687,752.0,753.0,134.0,0.0,342.0,101.0,1227.0,9388.0,8986.0,-2041.0,29.0,16537.0,19950.0,-324.0,16842.0,350.0,0.0,27758.0,51.0,Pass
l3331.txm,66.0,752.0,753.0,133.0,0.0,332.0,101.0,1227.0,9382.0,8977.0,-2203.0,30.0,16156.0,19950.0,400.0,16056.0,352.0,0.0,27624.0,50.0,Pass
l3331.txm,67.0156,752.0,753.0,134.0,0.0,320.0,101.0,1222.0,9443.0,8991.0,-2365.0,31.0,16228.0,19984.0,-89.0,16872.0,357.0,0.0,27620.0,50.0,Pass
l3331.txm,68.0469,752.0,753.0,132.0,0.0,304.0,101.0,1223.0,9396.0,9043.0,-1873.0,30.0,16239.0,20222.0,-18.0,16470.0,344.0,0.0,27358.0,50.0,Pass
l3331.txm,69.0625,751.0,752.0,135.0,0.0,305.0,102.0,1227.0,9424.0,9026.0,-1609.0,31.0,15968.0,20258.0,-87.0,16646.0,356.0,0.0,27400.0,50.0,Pass
l3331.txm,70.0781,752.0,752.0,133.0,0.0,303.0,100.0,1227.0,9472.0,9011.0,-886.0,30.0,16108.0,20190.0,153.0,16006.0,358.0,0.0,27380.0,50.0,Pass
l3331.txm,71.1094,752.0,753.0,133.0,0.0,329.0,99.0,1237.0,9492.0,8988.0,-441.0,29.0,16710.0,20222.0,1136.0,16056.0,357.0,1.0,27784.0,50.0,Pass
l3331.txm,72.125,752.0,753.0,131.0,0.0,380.0,101.0,1238.0,9451.0,9047.0,484.0,26.0,16991.0,19970.0,256.0,16010.0,349.0,0.0,27806.0,50.0,Pass
l3331.txm,73.1406,752.0,753.0,135.0,0.0,433.0,101.0,1234.0,9454.0,8993.0,858.0,26.0,16989.0,19774.0,828.0,16244.0,351.0,0.0,28100.0,51.0,Pass
l3331.txm,74.1562,752.0,753.0,133.0,0.0,479.0,100.0,1231.0,9379.0,9000.0,895.0,25.0,16858.0,19566.0,866.0,16248.0,344.0,0.0,28334.0,51.0,Pass
l3331.txm,75.1875,752.0,754.0,135.0,0.0,537.0,101.0,1230.0,9393.0,8982.0,864.0,26.0,16920.0,19022.0,388.0,16546.0,345.0,0.0,28470.0,51.0,Pass
l3331.txm,76.2031,752.0,753.0,132.0,0.0,544.0,102.0,1229.0,9374.0,8917.0,953.0,26.0,16650.0,19116.0,135.0,16620.0,346.0,0.0,28254.0,51.0,Pass
l3331.txm,77.2187,752.0,753.0,135.0,0.0,549.0,100.0,1229.0,9379.0,8989.0,132.0,26.0,16986.0,19100.0,-381.0,16622.0,348.0,0.0,28442.0,51.0,Pass
l3331.txm,78.2344,752.0,753.0,135.0,0.0,544.0,101.0,1229.0,9401.0,8942.0,846.0,26.0,16604.0,19086.0,151.0,16570.0,354.0,0.0,28494.0,51.0,Pass
l3331.txm,79.2812,752.0,754.0,133.0,0.0,551.0,100.0,1229.0,9444.0,8989.0,894.0,26.0,16804.0,18996.0,290.0,16694.0,352.0,0.0,28276.0,51.0,Pass
l3331.txm,80.2656,752.0,754.0,132.0,0.0,552.0,101.0,1230.0,9399.0,8930.0,353.0,26.0,16812.0,18996.0,-61.0,16662.0,345.0,0.0,28458.0,51.0,Pass
l3331.txm,81.2969,751.0,753.0,134.0,0.0,555.0,100.0,1230.0,9461.0,8963.0,349.0,26.0,16914.0,18992.0,140.0,16628.0,344.0,0.0,28282.0,51.0,Pass
l3331.txm,82.3125,752.0,754.0,135.0,0.0,549.0,100.0,1228.0,9452.0,8936.0,-13.0,26.0,17074.0,19116.0,138.0,16546.0,357.0,0.0,28308.0,51.0,Pass
l3331.txm,83.3438,751.0,753.0,132.0,0.0,554.0,100.0,1227.0,9433.0,8927.0,1472.0,26.0,16734.0,19002.0,27.0,16496.0,349.0,0.0,28478.0,51.0,Pass
l3331.txm,84.3594,752.0,755.0,134.0,0.0,552.0,100.0,1229.0,9372.0,9001.0,140.0,26.0,17108.0,19122.0,-3.0,16498.0,350.0,0.0,28442.0,51.0,Pass
l3331.txm,85.375,752.0,754.0,135.0,0.0,555.0,100.0,1227.0,9380.0,8934.0,222.0,26.0,16954.0,19120.0,-71.0,16650.0,350.0,0.0,28458.0,51.0,Pass
l3331.txm,86.4375,752.0,752.0,132.0,0.0,552.0,100.0,1229.0,9426.0,8945.0,694.0,26.0,17156.0,19010.0,-341.0,16606.0,344.0,0.0,28270.0,51.0,Pass
l3331.txm,87.4219,752.0,754.0,132.0,0.0,551.0,101.0,1228.0,9365.0,9014.0,702.0,26.0,16601.0,18994.0,142.0,16518.0,344.0,0.0,28284.0,51.0,Pass
l3331.txm,88.4375,751.0,754.0,131.0,0.0,553.0,99.0,1225.0,9387.0,8987.0,768.0,26.0,16871.0,19008.0,141.0,16552.0,354.0,0.0,28246.0,51.0,Pass
l3331.txm,89.4531,752.0,753.0,134.0,0.0,549.0,100.0,1227.0,9424.0,8937.0,159.0,26.0,17129.0,19144.0,137.0,16472.0,351.0,0.0,28300.0,51.0,Pass
l3331.txm,90.4844,752.0,753.0,132.0,0.0,561.0,101.0,1228.0,9460.0,8921.0,956.0,26.0,17145.0,19004.0,294.0,16512.0,344.0,0.0,28490.0,51.0,Pass
l3331.txm,91.5,751.0,753.0,135.0,0.0,559.0,100.0,1229.0,9451.0,8945.0,900.0,26.0,17193.0,19116.0,-430.0,16638.0,351.0,0.0,28260.0,51.0,Pass
l3331.txm,92.5312,751.0,752.0,133.0,0.0,555.0,100.0,1227.0,9393.0,8939.0,678.0,26.0,16677.0,19002.0,798.0,16516.0,355.0,0.0,28284.0,51.0,Pass
l3331.txm,93.5312,752.0,752.0,134.0,0.0,553.0,99.0,1226.0,9366.0,8999.0,1110.0,26.0,16846.0,19146.0,308.0,16484.0,347.0,0.0,28458.0,51.0,Pass
l3331.txm,94.5625,752.0,753.0,132.0,0.0,553.0,100.0,1227.0,9400.0,9002.0,774.0,26.0,17009.0,18992.0,155.0,16606.0,357.0,1.0,28474.0,51.0,Pass
l3331.txm,95.5781,752.0,754.0,134.0,0.0,553.0,100.0,1228.0,9409.0,8928.0,504.0,26.0,16868.0,19076.0,26.0,16510.0,346.0,0.0,28492.0,51.0,Pass
l3331.txm,96.6094,752.0,753.0,134.0,0.0,552.0,100.0,1231.0,9358.0,8994.0,704.0,26.0,16828.0,19074.0,-60.0,16690.0,345.0,0.0,28438.0,51.0,Pass
l3331.txm,97.6094,752.0,753.0,132.0,0.0,555.0,100.0,1227.0,9389.0,8988.0,266.0,26.0,17101.0,19022.0,-89.0,16594.0,350.0,0.0,28272.0,51.0,Pass
l3331.txm,98.6719,752.0,754.0,133.0,0.0,552.0,100.0,1228.0,9430.0,8929.0,669.0,26.0,16861.0,18996.0,-79.0,16642.0,350.0,0.0,28310.0,51.0,Pass
l3331.txm,99.6562,752.0,753.0,134.0,0.0,552.0,100.0,1228.0,9355.0,8995.0,518.0,26.0,16866.0,19020.0,115.0,16526.0,353.0,0.0,28250.0,51.0,Pass
l3331.txm,100.688,752.0,753.0,132.0,0.0,557.0,101.0,1230.0,9392.0,8981.0,956.0,26.0,16829.0,19074.0,46.0,16454.0,352.0,0.0,28442.0,51.0,Pass
l3331.txm,101.688,752.0,753.0,133.0,0.0,555.0,100.0,1229.0,9369.0,9003.0,1028.0,26.0,16648.0,18968.0,-335.0,16576.0,348.0,0.0,28480.0,51.0,Pass
l3331.txm,102.719,751.0,754.0,132.0,0.0,552.0,101.0,1230.0,9367.0,8982.0,768.0,26.0,16614.0,19120.0,-94.0,16520.0,348.0,1.0,28300.0,51.0,Pass
l3331.txm,103.75,752.0,754.0,134.0,0.0,555.0,100.0,1227.0,9392.0,8975.0,88.0,27.0,17038.0,19048.0,-83.0,16486.0,353.0,0.0,28486.0,51.0,Pass
l3331.txm,104.75,752.0,753.0,134.0,0.0,557.0,99.0,1229.0,9353.0,8985.0,819.0,26.0,17180.0,18984.0,-386.0,16618.0,354.0,0.0,28298.0,51.0,Pass
l3331.txm,105.813,752.0,753.0,133.0,0.0,556.0,99.0,1229.0,9437.0,8914.0,1367.0,26.0,16941.0,19108.0,91.0,16634.0,350.0,0.0,28254.0,51.0,Pass
l3331.txm,106.797,752.0,753.0,134.0,0.0,553.0,100.0,1226.0,9372.0,8993.0,467.0,26.0,16693.0,19062.0,133.0,16630.0,350.0,0.0,28298.0,51.0,Pass
l3331.txm,107.828,752.0,755.0,132.0,0.0,558.0,100.0,1229.0,9385.0,9009.0,850.0,26.0,16744.0,18992.0,710.0,16634.0,350.0,0.0,28474.0,51.0,Pass
l3332.txm,56.1406,752.0,754.0,135.0,0.0,443.0,101.0,1238.0,9412.0,8969.0,-1848.0,30.0,15978.0,19614.0,-302.0,16624.0,344.0,0.0,27952.0,49.0,Pass
l3332.txm,57.1719,752.0,753.0,132.0,0.0,378.0,99.0,1306.0,9416.0,8989.0,-1930.0,30.0,16375.0,19820.0,-279.0,16320.0,353.0,0.0,27882.0,49.0,Pass
l3332.txm,58.1875,751.0,752.0,134.0,0.0,378.0,100.0,1229.0,9428.0,9025.0,1016.0,27.0,16859.0,19790.0,594.0,16510.0,355.0,0.0,27882.0,51.0,Pass
l3332.txm,59.2187,752.0,754.0,133.0,0.0,371.0,101.0,1212.0,9429.0,8997.0,-356.0,29.0,16421.0,19780.0,11.0,16342.0,356.0,0.0,27870.0,51.0,Pass
l3332.txm,60.2344,752.0,754.0,136.0,0.0,365.0,101.0,1232.0,9417.0,8983.0,-1412.0,29.0,16531.0,19790.0,33.0,16434.0,360.0,0.0,27886.0,50.0,Pass
l3332.txm,61.25,752.0,753.0,135.0,0.0,361.0,101.0,1227.0,9401.0,9007.0,-493.0,29.0,16891.0,19788.0,-634.0,16528.0,353.0,0.0,27878.0,51.0,Pass
l3332.txm,62.2656,752.0,754.0,135.0,0.0,365.0,99.0,1228.0,9403.0,8978.0,-704.0,29.0,16871.0,19786.0,-37.0,16586.0,343.0,0.0,27860.0,51.0,Pass
l3332.txm,63.2969,752.0,753.0,134.0,0.0,353.0,102.0,1230.0,9398.0,9001.0,-1105.0,29.0,16621.0,19810.0,-571.0,16604.0,346.0,0.0,27804.0,51.0,Pass
l3332.txm,64.3125,752.0,753.0,133.0,0.0,348.0,101.0,1228.0,9425.0,8939.0,-903.0,29.0,16743.0,19714.0,-331.0,16706.0,352.0,0.0,27772.0,51.0,Pass
l3332.txm,65.3281,751.0,754.0,135.0,0.0,344.0,100.0,1227.0,9433.0,9007.0,-1294.0,29.0,16453.0,19782.0,-310.0,16736.0,355.0,0.0,27642.0,51.0,Pass
l3332.txm,66.3594,752.0,753.0,132.0,0.0,340.0,101.0,1226.0,9417.0,9009.0,-1495.0,29.0,16346.0,19912.0,-524.0,16750.0,349.0,0.0,27764.0,51.0,Pass
l3332.txm,67.375,752.0,754.0,136.0,0.0,326.0,101.0,1224.0,9463.0,8946.0,-2004.0,29.0,16207.0,19938.0,-60.0,16444.0,346.0,0.0,27556.0,50.0,Pass
l3332.txm,68.3906,752.0,752.0,135.0,0.0,314.0,100.0,1220.0,9391.0,9020.0,-2340.0,30.0,16197.0,20030.0,71.0,17080.0,342.0,0.0,27562.0,50.0,Pass
l3332.txm,69.4062,752.0,755.0,135.0,0.0,300.0,102.0,1224.0,9440.0,8995.0,-1686.0,31.0,16109.0,20210.0,-289.0,16448.0,354.0,1.0,27430.0,50.0,Pass
l3332.txm,70.4375,752.0,753.0,131.0,0.0,296.0,101.0,1226.0,9431.0,9009.0,-1636.0,31.0,16114.0,20238.0,-344.0,16544.0,352.0,0.0,27498.0,50.0,Pass
l3332.txm,71.4531,752.0,753.0,136.0,0.0,295.0,102.0,1227.0,9436.0,9031.0,-1709.0,30.0,16506.0,20346.0,35.0,16142.0,346.0,0.0,27512.0,50.0,Pass
l3332.txm,72.4687,751.0,753.0,135.0,0.0,333.0,101.0,1240.0,9460.0,9044.0,-458.0,28.0,16786.0,20110.0,994.0,16172.0,354.0,0.0,27830.0,50.0,Pass
l3332.txm,73.4844,751.0,754.0,131.0,0.0,379.0,101.0,1239.0,9458.0,9053.0,837.0,26.0,17244.0,19902.0,7.0,16204.0,347.0,0.0,27866.0,50.0,Pass
l3332.txm,74.5469,752.0,754.0,132.0,0.0,426.0,101.0,1231.0,9433.0,9027.0,994.0,27.0,16808.0,19630.0,986.0,16158.0,354.0,0.0,28056.0,51.0,Pass
l3332.txm,75.5312,752.0,754.0,133.0,0.0,495.0,100.0,1230.0,9425.0,8951.0,973.0,26.0,17200.0,19438.0,650.0,16282.0,349.0,0.0,28354.0,51.0,Pass
l3332.txm,76.5469,752.0,753.0,134.0,0.0,536.0,100.0,1230.0,9370.0,8938.0,1487.0,26.0,16959.0,19066.0,122.0,16446.0,356.0,0.0,28414.0,51.0,Pass
l3332.txm,77.5625,752.0,754.0,134.0,1.0,538.0,101.0,1225.0,9367.0,9008.0,908.0,26.0,16834.0,19156.0,15.0,16564.0,345.0,0.0,28446.0,51.0,Pass
l3332.txm,78.5937,752.0,753.0,133.0,0.0,542.0,100.0,1226.0,9442.0,9003.0,1253.0,26.0,17033.0,18994.0,139.0,16544.0,347.0,0.0,28438.0,51.0,Pass
l3332.txm,79.625,752.0,754.0,133.0,0.0,542.0,100.0,1227.0,9432.0,8971.0,833.0,27.0,16650.0,19142.0,662.0,16440.0,345.0,0.0,28274.0,51.0,Pass
l3332.txm,80.625,751.0,753.0,134.0,0.0,548.0,100.0,1229.0,9364.0,8940.0,996.0,26.0,16452.0,18998.0,-277.0,16604.0,351.0,0.0,28246.0,51.0,Pass
l3332.txm,81.6875,752.0,752.0,134.0,0.0,548.0,100.0,1225.0,9391.0,8936.0,492.0,26.0,16644.0,19152.0,-27.0,16494.0,349.0,0.0,28294.0,51.0,Pass
l3332.txm,82.6719,752.0,753.0,133.0,0.0,547.0,99.0,1227.0,9376.0,8911.0,675.0,26.0,16532.0,18986.0,134.0,16508.0,350.0,0.0,28258.0,51.0,Pass
l3332.txm,83.7031,751.0,754.0,135.0,0.0,542.0,100.0,1226.0,9406.0,8929.0,604.0,27.0,17033.0,19042.0,12.0,16462.0,349.0,0.0,28466.0,51.0,Pass
l3332.txm,84.7031,753.0,753.0,131.0,0.0,547.0,102.0,1226.0,9370.0,8999.0,707.0,27.0,16837.0,19052.0,80.0,16512.0,355.0,0.0,28298.0,51.0,Pass
l3332.txm,85.7344,752.0,753.0,133.0,0.0,550.0,101.0,1228.0,9390.0,8957.0,389.0,27.0,17019.0,19118.0,-398.0,16474.0,350.0,0.0,28238.0,51.0,Pass
l3332.txm,86.75,751.0,754.0,134.0,0.0,548.0,101.0,1228.0,9360.0,8993.0,316.0,26.0,16942.0,19130.0,-28.0,16584.0,342.0,0.0,28266.0,51.0,Pass
l3332.txm,87.7812,752.0,754.0,133.0,0.0,555.0,101.0,1227.0,9376.0,8996.0,848.0,27.0,16514.0,19008.0,522.0,16426.0,354.0,0.0,28264.0,51.0,Pass
l3332.txm,88.7969,752.0,752.0,135.0,0.0,549.0,102.0,1227.0,9452.0,8939.0,401.0,26.0,16570.0,19130.0,508.0,16424.0,348.0,1.0,28252.0,51.0,Pass
l3332.txm,89.8281,751.0,753.0,132.0,0.0,553.0,101.0,1227.0,9371.0,8962.0,667.0,27.0,17031.0,19138.0,144.0,16366.0,350.0,0.0,28442.0,51.0,Pass
l3332.txm,90.8281,751.0,753.0,134.0,0.0,555.0,100.0,1229.0,9356.0,8984.0,441.0,26.0,16931.0,19018.0,70.0,16424.0,348.0,0.0,28234.0,51.0,Pass
l3332.txm,91.8906,752.0,753.0,136.0,0.0,555.0,100.0,1228.0,9393.0,8965.0,-66.0,27.0,16859.0,19128.0,-70.0,16504.0,351.0,0.0,28422.0,51.0,Pass
l3332.txm,92.9062,752.0,753.0,132.0,0.0,554.0,100.0,1228.0,9434.0,8910.0,1001.0,26.0,16957.0,19128.0,26.0,16396.0,342.0,0.0,28272.0,51.0,Pass
l3332.txm,93.9531,752.0,753.0,134.0,0.0,556.0,102.0,1230.0,9389.0,8953.0,420.0,27.0,16857.0,19150.0,76.0,16550.0,348.0,0.0,28260.0,51.0,Pass
l3332.txm,94.9844,752.0,754.0,132.0,0.0,554.0,99.0,1227.0,9408.0,8995.0,688.0,27.0,16579.0,19148.0,268.0,16432.0,346.0,0.0,28266.0,51.0,Pass
l3332.txm,96.0,752.0,753.0,135.0,0.0,554.0,100.0,1226.0,9369.0,8978.0,677.0,27.0,16783.0,19048.0,155.0,16530.0,357.0,1.0,28236.0,51.0,Pass
l3332.txm,97.0312,752.0,752.0,132.0,0.0,553.0,102.0,1227.0,9398.0,8922.0,946.0,26.0,16780.0,19078.0,302.0,16586.0,348.0,0.0,28426.0,51.0,Pass
l3332.txm,98.0469,752.0,754.0,132.0,0.0,555.0,101.0,1227.0,9438.0,8910.0,201.0,26.0,17104.0,19052.0,131.0,16372.0,350.0,0.0,28244.0,51.0,Pass
l3332.txm,99.0625,752.0,753.0,135.0,0.0,558.0,101.0,1228.0,9396.0,8936.0,1120.0,26.0,16849.0,19156.0,153.0,16446.0,353.0,0.0,28422.0,51.0,Pass
l3332.txm,100.078,752.0,754.0,135.0,0.0,559.0,100.0,1229.0,9423.0,8924.0,249.0,27.0,17040.0,19116.0,14.0,16412.0,357.0,0.0,28242.0,51.0,Pass
l3332.txm,101.141,752.0,753.0,133.0,0.0,553.0,102.0,1227.0,9399.0,8953.0,665.0,26.0,16643.0,19096.0,145.0,16438.0,348.0,0.0,28290.0,51.0,Pass
l3332.txm,102.125,751.0,753.0,132.0,0.0,548.0,102.0,1227.0,9390.0,8924.0,134.0,27.0,16603.0,18990.0,278.0,16540.0,347.0,0.0,28446.0,51.0,Pass
l3332.txm,103.141,752.0,755.0,135.0,0.0,553.0,102.0,1228.0,9372.0,8938.0,159.0,26.0,16651.0,19158.0,356.0,16448.0,350.0,0.0,28412.0,51.0,Pass
l3332.txm,104.156,752.0,754.0,132.0,0.0,553.0,100.0,1228.0,9424.0,8920.0,674.0,27.0,16717.0,19132.0,638.0,16506.0,351.0,0.0,28242.0,51.0,Pass
l3332.txm,105.188,752.0,754.0,134.0,0.0,552.0,99.0,1228.0,9421.0,8900.0,1253.0,27.0,16742.0,19158.0,-279.0,16604.0,354.0,0.0,28434.0,51.0,Pass
l3332.txm,106.203,752.0,752.0,134.0,0.0,552.0,102.0,1226.0,9439.0,8924.0,57.0,27.0,17096.0,19160.0,-3.0,16498.0,354.0,0.0,28236.0,51.0,Pass
l3333.txm,56.6406,752.0,754.0,134.0,0.0,389.0,102.0,1250.0,9375.0,8981.0,-2101.0,29.0,16211.0,19710.0,-822.0,16344.0,342.0,0.0,27856.0,49.0,Pass
l3333.txm,57.7031,752.0,754.0,135.0,0.0,366.0,100.0,1303.0,9450.0,8945.0,-1731.0,30.0,16676.0,19782.0,-637.0,16418.0,342.0,0.0,27870.0,49.0,Pass
l3333.txm,58.6875,752.0,754.0,134.0,0.0,370.0,100.0,1232.0,9483.0,8972.0,942.0,28.0,16788.0,19774.0,-407.0,16742.0,345.0,0.0,27862.0,51.0,Pass
l3333.txm,59.7187,752.0,754.0,135.0,0.0,364.0,100.0,1217.0,9462.0,8982.0,-682.0,29.0,16662.0,19772.0,-16.0,16698.0,350.0,0.0,27850.0,51.0,Pass
l3333.txm,60.7187,752.0,754.0,135.0,0.0,359.0,101.0,1238.0,9396.0,8991.0,-693.0,29.0,16793.0,19778.0,-586.0,16534.0,352.0,0.0,27850.0,50.0,Pass
l3333.txm,61.75,751.0,754.0,132.0,0.0,362.0,101.0,1229.0,9414.0,8957.0,-759.0,29.0,16542.0,19776.0,-371.0,16602.0,349.0,0.0,27830.0,51.0,Pass
l3333.txm,62.7656,752.0,753.0,135.0,0.0,357.0,102.0,1227.0,9399.0,8989.0,-1333.0,29.0,16719.0,19802.0,-330.0,16594.0,358.0,0.0,27820.0,51.0,Pass
l3333.txm,63.7969,752.0,753.0,134.0,0.0,349.0,100.0,1229.0,9411.0,8997.0,-1009.0,29.0,16688.0,19784.0,-818.0,16540.0,350.0,0.0,27758.0,51.0,Pass
l3333.txm,64.8281,752.0,753.0,136.0,0.0,348.0,102.0,1231.0,9419.0,8992.0,-1761.0,29.0,16472.0,19946.0,-58.0,16518.0,354.0,0.0,27766.0,51.0,Pass
l3333.txm,65.8281,751.0,752.0,132.0,0.0,341.0,100.0,1225.0,9412.0,8973.0,-1361.0,29.0,16463.0,19790.0,133.0,16750.0,354.0,0.0,27774.0,51.0,Pass
l3333.txm,66.8437,752.0,753.0,132.0,0.0,329.0,102.0,1221.0,9408.0,9022.0,-1328.0,30.0,16203.0,19934.0,91.0,16072.0,344.0,0.0,27582.0,50.0,Pass
l3333.txm,67.875,752.0,755.0,133.0,0.0,315.0,100.0,1220.0,9423.0,9005.0,-1864.0,31.0,16055.0,19950.0,-55.0,16552.0,354.0,0.0,27612.0,50.0,Pass
l3333.txm,68.8906,752.0,753.0,133.0,0.0,302.0,101.0,1223.0,9474.0,8992.0,-1321.0,30.0,16007.0,20060.0,-683.0,16794.0,345.0,0.0,27368.0,50.0,Pass
l3333.txm,69.9062,752.0,753.0,135.0,0.0,295.0,99.0,1229.0,9466.0,8988.0,-2029.0,30.0,16154.0,20196.0,-27.0,16822.0,359.0,0.0,27412.0,50.0,Pass
l3333.txm,70.9375,752.0,753.0,135.0,0.0,301.0,100.0,1228.0,9393.0,9061.0,-1947.0,30.0,16247.0,20362.0,62.0,16186.0,349.0,0.0,27474.0,50.0,Pass
l3333.txm,71.9375,752.0,754.0,133.0,0.0,321.0,102.0,1240.0,9476.0,9020.0,19.0,29.0,16334.0,20286.0,288.0,16028.0,345.0,1.0,27802.0,50.0,Pass
l3333.txm,72.9687,752.0,753.0,133.0,0.0,376.0,102.0,1238.0,9451.0,9073.0,852.0,27.0,16643.0,19934.0,-492.0,16156.0,342.0,0.0,27844.0,50.0,Pass
l3333.txm,73.9844,752.0,755.0,134.0,0.0,408.0,99.0,1234.0,9462.0,8976.0,930.0,26.0,17140.0,19722.0,646.0,16278.0,360.0,0.0,28026.0,50.0,Pass
l3333.txm,75.0156,752.0,753.0,135.0,0.0,469.0,100.0,1233.0,9456.0,8928.0,542.0,26.0,16993.0,19508.0,-48.0,16198.0,356.0,0.0,28268.0,51.0,Pass
l3333.txm,76.0312,752.0,753.0,136.0,0.0,534.0,100.0,1231.0,9396.0,8962.0,1457.0,26.0,17183.0,19148.0,970.0,16302.0,348.0,0.0,28420.0,51.0,Pass
l3333.txm,77.0781,752.0,753.0,135.0,0.0,544.0,101.0,1233.0,9443.0,8908.0,646.0,26.0,16794.0,19132.0,91.0,16702.0,344.0,0.0,28448.0,51.0,Pass
l3333.txm,78.0625,751.0,753.0,132.0,0.0,546.0,101.0,1227.0,9390.0,9023.0,773.0,26.0,17072.0,19120.0,-457.0,16676.0,348.0,0.0,28254.0,51.0,Pass
l3333.txm,79.0937,752.0,754.0,135.0,0.0,542.0,101.0,1227.0,9368.0,9000.0,574.0,26.0,16946.0,19052.0,75.0,16512.0,353.0,0.0,28298.0,51.0,Pass
l3333.txm,80.1094,752.0,754.0,133.0,0.0,540.0,102.0,1227.0,9374.0,8972.0,726.0,26.0,16694.0,19032.0,12.0,16578.0,351.0,0.0,28254.0,51.0,Pass
l3333.txm,81.125,751.0,752.0,134.0,0.0,544.0,102.0,1228.0,9365.0,8979.0,750.0,26.0,16957.0,19122.0,6.0,16692.0,356.0,0.0,28264.0,51.0,Pass
l3333.txm,82.1562,752.0,753.0,133.0,0.0,545.0,102.0,1229.0,9424.0,8918.0,429.0,26.0,16841.0,19062.0,85.0,16634.0,351.0,0.0,28426.0,51.0,Pass
l3333.txm,83.1875,751.0,753.0,133.0,0.0,545.0,102.0,1227.0,9444.0,8923.0,922.0,26.0,16734.0,19146.0,19.0,16464.0,347.0,0.0,28452.0,51.0,Pass
l3333.txm,84.2344,753.0,754.0,132.0,0.0,546.0,101.0,1228.0,9374.0,8945.0,946.0,26.0,16769.0,18998.0,-59.0,16536.0,354.0,0.0,28286.0,51.0,Pass
l3333.txm,85.2344,752.0,753.0,133.0,0.0,552.0,100.0,1229.0,9402.0,8964.0,1019.0,26.0,16827.0,19008.0,36.0,16558.0,343.0,0.0,28438.0,51.0,Pass
l3333.txm,86.25,751.0,752.0,133.0,0.0,550.0,102.0,1228.0,9419.0,8936.0,1281.0,25.0,16682.0,18986.0,-326.0,16496.0,344.0,0.0,28480.0,51.0,Pass
l3333.txm,87.2656,751.0,752.0,133.0,0.0,552.0,102.0,1229.0,9390.0,9014.0,1324.0,26.0,16716.0,18978.0,-408.0,16512.0,346.0,0.0,28434.0,51.0,Pass
l3333.txm,88.2969,752.0,753.0,134.0,0.0,550.0,100.0,1229.0,9366.0,8989.0,897.0,26.0,16669.0,19082.0,59.0,16454.0,349.0,0.0,28414.0,51.0,Pass
l3333.txm,89.3125,752.0,754.0,132.0,0.0,551.0,101.0,1225.0,9382.0,9001.0,753.0,26.0,17100.0,19028.0,153.0,16496.0,345.0,0.0,28260.0,51.0,Pass
l3333.txm,90.3281,751.0,754.0,131.0,0.0,550.0,99.0,1227.0,9355.0,8981.0,1596.0,26.0,16860.0,19024.0,140.0,16548.0,349.0,0.0,28416.0,51.0,Pass
l3333.txm,91.3437,752.0,754.0,134.0,0.0,553.0,100.0,1229.0,9367.0,9000.0,407.0,25.0,17126.0,19122.0,294.0,16626.0,346.0,0.0,28446.0,51.0,Pass
l3333.txm,92.375,752.0,754.0,131.0,0.0,558.0,100.0,1228.0,9370.0,8995.0,1198.0,26.0,16913.0,19118.0,104.0,16564.0,349.0,0.0,28260.0,51.0,Pass
l3333.txm,93.4219,752.0,754.0,134.0,0.0,550.0,102.0,1225.0,9379.0,8942.0,1011.0,26.0,17086.0,19022.0,147.0,16430.0,350.0,1.0,28442.0,51.0,Pass
l3333.txm,94.4531,751.0,753.0,132.0,0.0,551.0,102.0,1229.0,9421.0,8919.0,1531.0,25.0,17032.0,19082.0,-495.0,16462.0,348.0,0.0,28468.0,51.0,Pass
l3333.txm,95.4687,752.0,753.0,133.0,0.0,550.0,102.0,1229.0,9382.0,8989.0,776.0,26.0,17019.0,18986.0,89.0,16560.0,343.0,0.0,28306.0,51.0,Pass
l3333.txm,96.5156,752.0,753.0,133.0,0.0,548.0,102.0,1226.0,9370.0,8962.0,629.0,26.0,16956.0,19146.0,668.0,16568.0,354.0,1.0,28452.0,51.0,Pass
l3333.txm,97.5469,752.0,753.0,134.0,0.0,551.0,102.0,1230.0,9367.0,8977.0,1157.0,26.0,16985.0,18976.0,32.0,16438.0,356.0,0.0,28292.0,51.0,Pass
l3333.txm,98.5625,752.0,752.0,134.0,0.0,555.0,102.0,1228.0,9396.0,8947.0,1086.0,26.0,16727.0,19080.0,-32.0,16444.0,344.0,0.0,28422.0,51.0,Pass
l3333.txm,99.5781,752.0,753.0,134.0,0.0,552.0,101.0,1227.0,9410.0,8935.0,674.0,26.0,16758.0,19046.0,114.0,16506.0,344.0,0.0,28470.0,51.0,Pass
l3333.txm,100.594,751.0,754.0,135.0,0.0,560.0,102.0,1228.0,9449.0,8909.0,371.0,26.0,16909.0,19048.0,-27.0,16518.0,356.0,0.0,28424.0,51.0,Pass
l3333.txm,101.625,752.0,753.0,132.0,0.0,553.0,100.0,1227.0,9363.0,8975.0,1237.0,26.0,16729.0,18976.0,-274.0,16588.0,351.0,0.0,28454.0,51.0,Pass
l3333.txm,102.641,751.0,752.0,134.0,0.0,552.0,100.0,1226.0,9355.0,8963.0,849.0,26.0,16732.0,19150.0,-271.0,16594.0,351.0,0.0,28416.0,51.0,Pass
l3333.txm,103.688,752.0,753.0,133.0,0.0,549.0,100.0,1227.0,9455.0,8926.0,710.0,26.0,17087.0,18980.0,-494.0,16466.0,348.0,0.0,28456.0,51.0,Pass
l3333.txm,104.672,752.0,752.0,134.0,0.0,553.0,100.0,1229.0,9439.0,8915.0,821.0,26.0,16678.0,19034.0,88.0,16540.0,347.0,0.0,28270.0,51.0,Pass
l3333.txm,105.703,752.0,753.0,131.0,0.0,551.0,102.0,1228.0,9380.0,8979.0,401.0,26.0,17037.0,19010.0,-84.0,16556.0,345.0,0.0,28294.0,51.0,Pass
l3333.txm,106.719,752.0,753.0,131.0,0.0,550.0,101.0,1225.0,9436.0,8930.0,1396.0,26.0,16877.0,19136.0,720.0,16656.0,355.0,0.0,28266.0,51.0,Pass
l3333.txm,107.734,751.0,754.0,135.0,1.0,551.0,102.0,1227.0,9447.0,8913.0,808.0,26.0,16768.0,19110.0,-72.0,16498.0,354.0,0.0,28416.0,51.0,Pass
l3333.txm,108.75,751.0,753.0,132.0,0.0,552.0,100.0,1229.0,9436.0,8936.0,997.0,26.0,16816.0,19040.0,57.0,16750.0,355.0,0.0,28242.0,51.0,Pass
l3334.txm,56.0937,752.0,754.0,131.0,0.0,449.0,102.0,1232.0,9458.0,8952.0,750.0,29.0,16508.0,19590.0,49.0,16750.0,361.0,0.0,27826.0,50.0,Pass
l3334.txm,57.1094,752.0,753.0,132.0,0.0,385.0,101.0,1298.0,9412.0,8938.0,-1553.0,30.0,15861.0,19764.0,-63.0,16520.0,349.0,0.0,27876.0,49.0,Pass
l3334.txm,58.125,752.0,753.0,135.0,0.0,373.0,100.0,1265.0,9433.0,9032.0,985.0,27.0,16639.0,19766.0,151.0,16684.0,354.0,0.0,27878.0,51.0,Pass
l3334.txm,59.1406,752.0,753.0,134.0,0.0,373.0,100.0,1211.0,9467.0,9003.0,309.0,27.0,16905.0,19748.0,-66.0,16610.0,346.0,0.0,27870.0,51.0,Pass
l3334.txm,60.1719,751.0,754.0,132.0,0.0,369.0,101.0,1229.0,9427.0,9012.0,125.0,27.0,17076.0,19746.0,-329.0,16754.0,343.0,0.0,27830.0,50.0,Pass
l3334.txm,61.1875,752.0,753.0,132.0,0.0,360.0,100.0,1231.0,9488.0,8957.0,184.0,27.0,16591.0,19788.0,-354.0,16464.0,352.0,0.0,27826.0,51.0,Pass
l3334.txm,62.2031,752.0,754.0,135.0,0.0,363.0,101.0,1226.0,9492.0,8938.0,365.0,27.0,16756.0,19796.0,-310.0,16696.0,350.0,0.0,27830.0,51.0,Pass
l3334.txm,63.2344,752.0,753.0,133.0,0.0,357.0,99.0,1228.0,9450.0,8980.0,153.0,28.0,16668.0,19792.0,-384.0,16808.0,347.0,0.0,27828.0,51.0,Pass
l3334.txm,64.25,752.0,754.0,133.0,0.0,350.0,101.0,1228.0,9439.0,8995.0,-1039.0,28.0,16621.0,19830.0,-714.0,16666.0,353.0,0.0,27740.0,51.0,Pass
l3334.txm,65.2969,752.0,753.0,131.0,0.0,344.0,100.0,1230.0,9474.0,8963.0,-590.0,28.0,16613.0,19952.0,410.0,16512.0,355.0,0.0,27644.0,51.0,Pass
l3334.txm,66.3125,752.0,753.0,136.0,0.0,337.0,102.0,1226.0,9449.0,8989.0,-1419.0,28.0,16839.0,19854.0,-930.0,16790.0,357.0,0.0,27742.0,51.0,Pass
l3334.txm,67.3437,752.0,754.0,134.0,0.0,326.0,100.0,1222.0,9443.0,8979.0,-2079.0,29.0,16487.0,20162.0,8.0,16186.0,342.0,1.0,27622.0,50.0,Pass
l3334.txm,68.3594,752.0,752.0,133.0,0.0,316.0,99.0,1217.0,9435.0,9034.0,-1805.0,30.0,16241.0,20060.0,139.0,16674.0,349.0,0.0,27582.0,50.0,Pass
l3334.txm,69.375,751.0,753.0,135.0,0.0,299.0,99.0,1223.0,9415.0,9044.0,-2692.0,30.0,16026.0,20100.0,-537.0,16408.0,344.0,0.0,27312.0,50.0,Pass
l3334.txm,70.3906,752.0,754.0,134.0,0.0,301.0,100.0,1226.0,9435.0,9061.0,-1206.0,31.0,16093.0,20130.0,-551.0,16732.0,361.0,0.0,27334.0,50.0,Pass
l3334.txm,71.4219,752.0,753.0,132.0,0.0,299.0,100.0,1229.0,9479.0,8990.0,-997.0,31.0,16259.0,20326.0,158.0,16192.0,349.0,0.0,27356.0,50.0,Pass
l3334.txm,72.4531,752.0,753.0,132.0,0.0,328.0,100.0,1240.0,9422.0,9080.0,775.0,28.0,16353.0,20088.0,1544.0,16350.0,350.0,0.0,27800.0,50.0,Pass
l3334.txm,73.4687,752.0,754.0,135.0,0.0,376.0,101.0,1235.0,9441.0,9066.0,-75.0,26.0,17286.0,19962.0,916.0,15986.0,356.0,0.0,27848.0,50.0,Pass
l3334.txm,74.4687,752.0,754.0,132.0,0.0,420.0,101.0,1233.0,9533.0,8975.0,861.0,25.0,17523.0,19860.0,796.0,16170.0,349.0,0.0,28062.0,50.0,Pass
l3334.txm,75.5,752.0,753.0,132.0,0.0,478.0,101.0,1231.0,9389.0,8995.0,278.0,27.0,17028.0,19368.0,880.0,16156.0,346.0,1.0,28324.0,51.0,Pass
l3334.txm,76.5156,752.0,753.0,133.0,0.0,531.0,100.0,1233.0,9349.0,8946.0,1599.0,26.0,17217.0,19020.0,-35.0,16454.0,342.0,0.0,28302.0,51.0,Pass
l3334.txm,77.5312,752.0,753.0,132.0,0.0,536.0,100.0,1225.0,9362.0,8980.0,-90.0,27.0,16551.0,18996.0,-650.0,16512.0,348.0,0.0,28440.0,51.0,Pass
l3334.txm,78.5625,752.0,754.0,132.0,0.0,541.0,100.0,1229.0,9347.0,8975.0,383.0,27.0,16506.0,19008.0,692.0,16588.0,344.0,0.0,28310.0,51.0,Pass
l3334.txm,79.5781,752.0,754.0,133.0,0.0,539.0,100.0,1227.0,9364.0,8993.0,-292.0,27.0,16975.0,19008.0,133.0,16578.0,356.0,1.0,28244.0,51.0,Pass
l3334.txm,80.6094,752.0,755.0,134.0,0.0,537.0,100.0,1228.0,9383.0,8940.0,142.0,27.0,16509.0,18992.0,-92.0,16448.0,346.0,1.0,28306.0,51.0,Pass
l3334.txm,81.6094,752.0,753.0,133.0,0.0,543.0,101.0,1224.0,9409.0,8938.0,-314.0,27.0,17006.0,19040.0,-274.0,16502.0,348.0,0.0,28290.0,51.0,Pass
l3334.txm,82.6406,752.0,754.0,134.0,0.0,545.0,100.0,1226.0,9361.0,8923.0,117.0,27.0,16577.0,19086.0,124.0,16552.0,353.0,0.0,28250.0,51.0,Pass
l3334.txm,83.6563,752.0,753.0,133.0,0.0,539.0,101.0,1227.0,9399.0,8947.0,30.0,27.0,16921.0,18976.0,124.0,16480.0,353.0,0.0,28428.0,51.0,Pass
l3334.txm,84.7187,751.0,753.0,133.0,0.0,550.0,100.0,1228.0,9378.0,8931.0,-190.0,27.0,16846.0,19150.0,67.0,16438.0,355.0,0.0,28260.0,51.0,Pass
l3334.txm,85.7187,751.0,753.0,134.0,0.0,542.0,100.0,1226.0,9392.0,8936.0,733.0,27.0,16522.0,18976.0,29.0,16448.0,347.0,0.0,28306.0,51.0,Pass
l3334.txm,86.75,752.0,753.0,135.0,0.0,553.0,100.0,1229.0,9396.0,8969.0,-47.0,27.0,16966.0,19146.0,808.0,16556.0,345.0,0.0,28262.0,51.0,Pass
l3334.txm,87.7656,752.0,753.0,134.0,0.0,551.0,100.0,1226.0,9391.0,8904.0,218.0,27.0,16752.0,19082.0,548.0,16536.0,356.0,0.0,28456.0,51.0,Pass
l3334.txm,88.7969,752.0,753.0,134.0,0.0,548.0,100.0,1228.0,9343.0,8989.0,170.0,27.0,16577.0,19106.0,121.0,16582.0,349.0,0.0,28298.0,51.0,Pass
l3334.txm,89.7969,752.0,754.0,135.0,0.0,550.0,101.0,1228.0,9415.0,8924.0,-80.0,27.0,16760.0,19036.0,-93.0,16374.0,350.0,1.0,28272.0,51.0,Pass
l3334.txm,90.8281,752.0,753.0,133.0,0.0,547.0,101.0,1226.0,9372.0,8953.0,155.0,27.0,16620.0,19144.0,290.0,16386.0,352.0,1.0,28422.0,51.0,Pass
l3334.txm,91.8594,751.0,753.0,132.0,0.0,553.0,102.0,1229.0,9349.0,8964.0,566.0,27.0,16508.0,19118.0,386.0,16394.0,347.0,0.0,28482.0,51.0,Pass
l3334.txm,92.875,751.0,753.0,135.0,0.0,544.0,101.0,1227.0,9346.0,8960.0,961.0,27.0,16470.0,19042.0,79.0,16586.0,359.0,0.0,28420.0,51.0,Pass
l3334.txm,93.8906,751.0,753.0,135.0,0.0,548.0,100.0,1227.0,9403.0,8931.0,442.0,27.0,16986.0,19150.0,626.0,16520.0,349.0,1.0,28458.0,51.0,Pass
l3334.txm,94.9063,752.0,753.0,131.0,0.0,549.0,100.0,1227.0,9343.0,8953.0,462.0,27.0,16638.0,18984.0,95.0,16634.0,343.0,0.0,28428.0,51.0,Pass
l3334.txm,95.9375,751.0,753.0,133.0,0.0,553.0,100.0,1231.0,9357.0,8959.0,124.0,27.0,16682.0,19136.0,-306.0,16582.0,347.0,0.0,28462.0,51.0,Pass
l3334.txm,96.9531,752.0,753.0,134.0,0.0,550.0,101.0,1228.0,9365.0,8943.0,-325.0,27.0,16788.0,19104.0,-10.0,16594.0,346.0,0.0,28272.0,51.0,Pass
l3334.txm,97.9687,752.0,753.0,132.0,0.0,546.0,101.0,1230.0,9340.0,8974.0,325.0,27.0,16702.0,18994.0,79.0,16634.0,350.0,0.0,28448.0,51.0,Pass
l3334.txm,98.9844,752.0,752.0,135.0,0.0,553.0,102.0,1229.0,9386.0,8912.0,-295.0,27.0,16470.0,19146.0,25.0,16568.0,350.0,0.0,28438.0,51.0,Pass
l3334.txm,100.016,751.0,752.0,134.0,0.0,552.0,100.0,1230.0,9413.0,8894.0,148.0,27.0,17120.0,19076.0,57.0,16496.0,343.0,0.0,28434.0,51.0,Pass
l3334.txm,101.031,752.0,753.0,135.0,0.0,550.0,101.0,1229.0,9420.0,8912.0,-186.0,27.0,16874.0,19016.0,13.0,16548.0,346.0,0.0,28266.0,51.0,Pass
l3334.txm,102.047,752.0,753.0,135.0,0.0,552.0,101.0,1229.0,9407.0,8905.0,-64.0,27.0,16417.0,19148.0,122.0,16470.0,345.0,1.0,28268.0,51.0,Pass
l3334.txm,103.062,752.0,753.0,133.0,0.0,550.0,100.0,1229.0,9394.0,8918.0,171.0,27.0,16486.0,19088.0,65.0,16480.0,349.0,0.0,28456.0,51.0,Pass
l3334.txm,104.109,752.0,754.0,134.0,0.0,550.0,100.0,1228.0,9363.0,9011.0,382.0,27.0,16543.0,19004.0,-267.0,16598.0,349.0,0.0,28450.0,51.0,Pass
l3334.txm,105.109,751.0,753.0,131.0,0.0,550.0,102.0,1230.0,9375.0,8966.0,58.0,27.0,16680.0,18990.0,-330.0,16594.0,357.0,0.0,28296.0,51.0,Pass
l3334.txm,106.125,751.0,753.0,134.0,0.0,544.0,101.0,1229.0,9358.0,8991.0,476.0,27.0,16545.0,19016.0,274.0,16662.0,347.0,0.0,28434.0,51.0,Pass
l3334.txm,107.172,752.0,754.0,135.0,0.0,547.0,102.0,1227.0,9389.0,8927.0,158.0,27.0,16933.0,19150.0,-336.0,16508.0,344.0,0.0,28416.0,51.0,Pass
l3334.txm,108.203,751.0,753.0,131.0,0.0,546.0,101.0,1227.0,9350.0,8962.0,224.0,27.0,16628.0,19120.0,-417.0,16658.0,347.0,0.0,28430.0,51.0,Pass
l3335.txm,56.1406,751.0,753.0,134.0,0.0,385.0,100.0,1263.0,9366.0,8981.0,-2089.0,29.0,16201.0,19730.0,-828.0,16354.0,344.0,0.0,27846.0,49.0,Pass
l3335.txm,57.1719,752.0,753.0,134.0,0.0,363.0,99.0,1305.0,9381.0,8982.0,-1682.0,30.0,16410.0,19802.0,-364.0,16360.0,347.0,1.0,27856.0,49.0,Pass
l3335.txm,58.1875,752.0,754.0,133.0,0.0,365.0,100.0,1227.0,9392.0,8960.0,951.0,29.0,16623.0,19794.0,-312.0,16726.0,344.0,0.0,27854.0,51.0,Pass
l3335.txm,59.2187,752.0,753.0,133.0,0.0,361.0,101.0,1217.0,9394.0,9006.0,-70.0,29.0,16688.0,19794.0,-440.0,16570.0,349.0,0.0,27844.0,51.0,Pass
l3335.txm,60.25,752.0,754.0,133.0,0.0,360.0,101.0,1235.0,9429.0,8975.0,-594.0,29.0,16448.0,19800.0,372.0,16538.0,348.0,0.0,27846.0,50.0,Pass
l3335.txm,61.25,752.0,753.0,134.0,0.0,358.0,100.0,1228.0,9452.0,8959.0,-622.0,29.0,16478.0,19798.0,-437.0,16664.0,347.0,0.0,27848.0,51.0,Pass
l3335.txm,62.2656,752.0,753.0,133.0,0.0,351.0,99.0,1226.0,9401.0,8982.0,-980.0,29.0,16671.0,19798.0,-333.0,16696.0,346.0,0.0,27816.0,51.0,Pass
l3335.txm,63.2969,752.0,753.0,133.0,0.0,346.0,100.0,1227.0,9391.0,8994.0,-784.0,29.0,16709.0,19798.0,-640.0,16640.0,353.0,0.0,27736.0,51.0,Pass
l3335.txm,64.2969,752.0,754.0,135.0,0.0,350.0,100.0,1230.0,9411.0,9004.0,-1101.0,29.0,16619.0,19920.0,131.0,16410.0,353.0,0.0,27736.0,51.0,Pass
l3335.txm,65.3281,752.0,754.0,136.0,0.0,342.0,100.0,1227.0,9379.0,8954.0,-2045.0,30.0,16584.0,19882.0,-280.0,16666.0,345.0,0.0,27760.0,51.0,Pass
l3335.txm,66.3437,751.0,754.0,132.0,0.0,321.0,102.0,1223.0,9455.0,8964.0,-1000.0,30.0,16278.0,20156.0,-265.0,16238.0,355.0,0.0,27628.0,50.0,Pass
l3335.txm,67.3906,752.0,753.0,136.0,0.0,313.0,99.0,1222.0,9450.0,8966.0,-1917.0,31.0,16315.0,20010.0,410.0,16518.0,351.0,0.0,27630.0,50.0,Pass
l3335.txm,68.375,752.0,752.0,135.0,0.0,301.0,100.0,1223.0,9466.0,9009.0,-927.0,31.0,16238.0,20144.0,-668.0,16568.0,346.0,0.0,27376.0,50.0,Pass
l3335.txm,69.4062,752.0,753.0,132.0,0.0,293.0,100.0,1228.0,9484.0,9011.0,-1511.0,31.0,16182.0,20138.0,-907.0,16688.0,350.0,0.0,27274.0,50.0,Pass
l3335.txm,70.4219,752.0,753.0,131.0,0.0,297.0,100.0,1227.0,9465.0,9023.0,-1096.0,30.0,16030.0,20322.0,-443.0,16432.0,343.0,1.0,27468.0,50.0,Pass
l3335.txm,71.4531,751.0,754.0,135.0,0.0,320.0,100.0,1238.0,9443.0,9101.0,593.0,28.0,16613.0,20294.0,926.0,16190.0,354.0,1.0,27642.0,50.0,Pass
l3335.txm,72.4531,752.0,753.0,133.0,0.0,373.0,100.0,1239.0,9492.0,9009.0,-357.0,27.0,16817.0,19896.0,80.0,16278.0,353.0,0.0,27880.0,50.0,Pass
l3335.txm,73.4844,751.0,755.0,132.0,0.0,426.0,100.0,1233.0,9422.0,9007.0,589.0,26.0,17014.0,19758.0,594.0,16194.0,350.0,1.0,28090.0,51.0,Pass
l3335.txm,74.5156,751.0,753.0,134.0,0.0,482.0,101.0,1231.0,9394.0,9036.0,1082.0,26.0,17142.0,19374.0,57.0,16294.0,345.0,0.0,28318.0,51.0,Pass
l3335.txm,75.5312,752.0,753.0,134.0,0.0,535.0,100.0,1233.0,9456.0,8964.0,1163.0,25.0,16851.0,19044.0,796.0,16324.0,344.0,0.0,28468.0,51.0,Pass
l3335.txm,76.5469,752.0,754.0,133.0,0.0,535.0,101.0,1229.0,9357.0,8934.0,-296.0,27.0,16805.0,18998.0,-421.0,16718.0,351.0,0.0,28306.0,51.0,Pass
l3335.txm,77.5625,752.0,754.0,135.0,0.0,542.0,100.0,1228.0,9428.0,8903.0,-431.0,27.0,16824.0,19136.0,152.0,16558.0,353.0,1.0,28436.0,51.0,Pass
l3335.txm,78.5937,752.0,753.0,133.0,0.0,541.0,102.0,1226.0,9362.0,8967.0,64.0,27.0,16816.0,19134.0,118.0,16596.0,349.0,0.0,28282.0,51.0,Pass
l3335.txm,79.625,752.0,754.0,135.0,0.0,541.0,102.0,1227.0,9429.0,8924.0,0.0,27.0,16946.0,18976.0,-51.0,16608.0,352.0,0.0,28464.0,51.0,Pass
l3335.txm,80.625,752.0,753.0,134.0,0.0,542.0,100.0,1228.0,9356.0,8979.0,-260.0,27.0,16841.0,19080.0,-286.0,16640.0,349.0,0.0,28458.0,51.0,Pass
l3335.txm,81.6406,752.0,754.0,134.0,0.0,543.0,100.0,1231.0,9406.0,8927.0,-305.0,27.0,16820.0,19012.0,35.0,16578.0,347.0,0.0,28440.0,51.0,Pass
l3335.txm,82.6719,752.0,753.0,133.0,0.0,549.0,101.0,1230.0,9406.0,8938.0,-199.0,27.0,16861.0,18982.0,0.0,16574.0,351.0,0.0,28436.0,51.0,Pass
l3335.txm,83.6875,752.0,752.0,134.0,0.0,552.0,102.0,1228.0,9373.0,8946.0,69.0,27.0,16458.0,19058.0,-93.0,16596.0,352.0,0.0,28416.0,51.0,Pass
l3335.txm,84.7031,752.0,754.0,134.0,0.0,547.0,100.0,1230.0,9405.0,8954.0,300.0,27.0,16812.0,19012.0,157.0,16598.0,350.0,0.0,28446.0,51.0,Pass
l3335.txm,85.7187,752.0,752.0,135.0,0.0,547.0,100.0,1227.0,9424.0,8907.0,71.0,27.0,16804.0,18976.0,438.0,16546.0,345.0,0.0,28264.0,51.0,Pass
l3335.txm,86.7813,752.0,752.0,135.0,0.0,551.0,102.0,1227.0,9417.0,8895.0,-528.0,27.0,16713.0,19048.0,566.0,16584.0,348.0,1.0,28468.0,51.0,Pass
l3335.txm,87.7656,752.0,754.0,134.0,0.0,549.0,100.0,1228.0,9338.0,8956.0,-241.0,27.0,16550.0,19010.0,-300.0,16546.0,350.0,0.0,28282.0,51.0,Pass
l3335.txm,88.7969,752.0,753.0,134.0,0.0,548.0,101.0,1226.0,9426.0,8896.0,-351.0,27.0,16884.0,19102.0,-297.0,16586.0,345.0,0.0,28246.0,51.0,Pass
l3335.txm,89.8125,751.0,753.0,131.0,0.0,547.0,100.0,1228.0,9365.0,8972.0,-115.0,27.0,17006.0,19076.0,107.0,16480.0,341.0,0.0,28428.0,51.0,Pass
l3335.txm,90.8281,752.0,753.0,134.0,0.0,549.0,100.0,1228.0,9430.0,8905.0,-366.0,27.0,16641.0,19008.0,106.0,16516.0,350.0,1.0,28464.0,51.0,Pass
l3335.txm,91.8594,751.0,752.0,134.0,0.0,552.0,101.0,1229.0,9391.0,8934.0,-652.0,27.0,16660.0,19058.0,55.0,16480.0,348.0,0.0,28296.0,51.0,Pass
l3335.txm,92.8594,752.0,754.0,133.0,0.0,547.0,100.0,1226.0,9375.0,8926.0,-447.0,27.0,16671.0,19120.0,-83.0,16518.0,355.0,0.0,28268.0,51.0,Pass
l3335.txm,93.8906,752.0,753.0,133.0,0.0,545.0,101.0,1227.0,9421.0,8917.0,-489.0,27.0,16746.0,19086.0,-364.0,16550.0,349.0,0.0,28416.0,51.0,Pass
l3335.txm,94.9063,752.0,754.0,132.0,0.0,549.0,100.0,1227.0,9346.0,8943.0,0.0,27.0,16682.0,19020.0,-18.0,16462.0,342.0,0.0,28258.0,51.0,Pass
l3335.txm,95.9375,752.0,753.0,132.0,0.0,551.0,100.0,1230.0,9431.0,8894.0,-38.0,27.0,16573.0,19124.0,64.0,16678.0,354.0,0.0,28270.0,51.0,Pass
l3335.txm,96.9375,752.0,753.0,134.0,0.0,548.0,99.0,1229.0,9380.0,8960.0,262.0,27.0,16492.0,19080.0,-473.0,16704.0,349.0,0.0,28454.0,51.0,Pass
l3335.txm,97.9844,752.0,752.0,132.0,0.0,548.0,102.0,1229.0,9431.0,8887.0,111.0,27.0,16803.0,18990.0,34.0,16668.0,346.0,0.0,28438.0,51.0,Pass
l3335.txm,99.0156,752.0,753.0,134.0,0.0,548.0,102.0,1230.0,9355.0,8956.0,-558.0,27.0,16701.0,19146.0,27.0,16612.0,361.0,0.0,28416.0,51.0,Pass
l3335.txm,100.016,752.0,753.0,134.0,0.0,546.0,102.0,1228.0,9337.0,8945.0,51.0,27.0,16730.0,19096.0,-314.0,16506.0,350.0,0.0,28460.0,51.0,Pass
l3335.txm,101.031,752.0,754.0,134.0,0.0,546.0,101.0,1227.0,9349.0,8965.0,-201.0,27.0,16803.0,18990.0,-453.0,16482.0,344.0,1.0,28286.0,51.0,Pass
l3335.txm,102.063,752.0,754.0,133.0,0.0,551.0,101.0,1229.0,9415.0,8935.0,153.0,27.0,16686.0,19028.0,-279.0,16612.0,344.0,0.0,28242.0,51.0,Pass
l3335.txm,103.062,751.0,753.0,132.0,0.0,549.0,101.0,1228.0,9425.0,8933.0,175.0,27.0,16809.0,19136.0,-390.0,16684.0,350.0,0.0,28286.0,51.0,Pass
l3335.txm,104.094,751.0,754.0,133.0,0.0,549.0,102.0,1227.0,9396.0,8943.0,-168.0,27.0,16576.0,19034.0,278.0,16634.0,355.0,0.0,28244.0,51.0,Pass
l3335.txm,105.109,752.0,754.0,132.0,0.0,542.0,101.0,1226.0,9403.0,8936.0,173.0,27.0,16435.0,19014.0,33.0,16618.0,353.0,0.0,28426.0,51.0,Pass
l3335.txm,106.156,752.0,753.0,134.0,0.0,549.0,101.0,1227.0,9373.0,8933.0,-499.0,27.0,16929.0,19064.0,43.0,16670.0,355.0,1.0,28246.0,51.0,Pass
l3335.txm,107.172,751.0,754.0,135.0,0.0,545.0,100.0,1226.0,9352.0,8962.0,-928.0,27.0,16770.0,18982.0,-440.0,16548.0,352.0,0.0,28446.0,51.0,Pass
l3335.txm,108.172,751.0,753.0,133.0,0.0,552.0,101.0,1228.0,9356.0,8951.0,140.0,27.0,16647.0,19010.0,77.0,16642.0,359.0,0.0,28286.0,51.0,Pass
l3336.txm,57.1562,752.0,754.0,135.0,0.0,391.0,101.0,1299.0,9422.0,8972.0,-1432.0,30.0,16112.0,19632.0,-491.0,16696.0,356.0,0.0,27878.0,49.0,Pass
l3336.txm,58.1875,752.0,753.0,134.0,0.0,371.0,99.0,1256.0,9430.0,9027.0,619.0,28.0,16718.0,19778.0,10.0,16444.0,346.0,1.0,27882.0,51.0,Pass
l3336.txm,59.2031,752.0,753.0,131.0,0.0,370.0,99.0,1209.0,9435.0,8963.0,-77.0,28.0,16699.0,19776.0,-313.0,16390.0,350.0,0.0,27874.0,51.0,Pass
l3336.txm,60.25,752.0,753.0,132.0,0.0,356.0,101.0,1234.0,9443.0,8961.0,-970.0,29.0,16690.0,19778.0,-9.0,16568.0,345.0,0.0,27880.0,50.0,Pass
l3336.txm,61.2656,752.0,754.0,135.0,0.0,362.0,101.0,1230.0,9435.0,8965.0,-739.0,28.0,16841.0,19770.0,-69.0,16566.0,346.0,0.0,27876.0,51.0,Pass
l3336.txm,62.2969,752.0,754.0,135.0,0.0,354.0,101.0,1225.0,9437.0,8974.0,-767.0,29.0,16846.0,19784.0,-14.0,16742.0,351.0,0.0,27874.0,51.0,Pass
l3336.txm,63.3125,752.0,754.0,133.0,0.0,348.0,100.0,1231.0,9422.0,8989.0,-1013.0,29.0,16808.0,19704.0,-375.0,16616.0,354.0,0.0,27846.0,51.0,Pass
l3336.txm,64.3437,752.0,753.0,135.0,0.0,351.0,102.0,1229.0,9433.0,8954.0,-1189.0,29.0,16950.0,19916.0,-507.0,16562.0,346.0,0.0,27762.0,51.0,Pass
l3336.txm,65.3437,752.0,754.0,133.0,0.0,344.0,100.0,1225.0,9439.0,8978.0,-1208.0,29.0,16431.0,19888.0,-727.0,16516.0,346.0,0.0,27642.0,51.0,Pass
l3336.txm,66.375,752.0,754.0,133.0,0.0,335.0,101.0,1226.0,9452.0,8991.0,-1955.0,29.0,16427.0,19878.0,-72.0,16784.0,358.0,0.0,27738.0,51.0,Pass
l3336.txm,67.4062,751.0,753.0,135.0,0.0,324.0,101.0,1226.0,9436.0,8987.0,-1859.0,29.0,16369.0,20020.0,-93.0,15892.0,357.0,0.0,27578.0,50.0,Pass
l3336.txm,68.4687,752.0,754.0,133.0,0.0,308.0,101.0,1220.0,9384.0,9014.0,-1190.0,30.0,16262.0,20082.0,-439.0,16540.0,350.0,0.0,27642.0,50.0,Pass
l3336.txm,69.4844,752.0,754.0,133.0,0.0,299.0,100.0,1220.0,9460.0,8982.0,-2156.0,31.0,16093.0,20142.0,-292.0,16204.0,353.0,0.0,27496.0,50.0,Pass
l3336.txm,70.5,751.0,752.0,132.0,0.0,300.0,100.0,1228.0,9472.0,9018.0,-935.0,31.0,16182.0,20268.0,-321.0,16418.0,349.0,0.0,27294.0,50.0,Pass
l3336.txm,71.5312,752.0,754.0,132.0,0.0,291.0,100.0,1226.0,9430.0,9046.0,-1461.0,30.0,16016.0,20210.0,-45.0,16230.0,347.0,0.0,27364.0,50.0,Pass
l3336.txm,72.5469,751.0,753.0,131.0,0.0,327.0,102.0,1240.0,9492.0,9056.0,581.0,28.0,16599.0,20248.0,1378.0,16058.0,348.0,0.0,27780.0,50.0,Pass
l3336.txm,73.5625,752.0,753.0,134.0,0.0,378.0,100.0,1238.0,9455.0,9011.0,613.0,26.0,16919.0,19882.0,24.0,16326.0,354.0,0.0,27856.0,50.0,Pass
l3336.txm,74.5781,752.0,755.0,133.0,0.0,426.0,101.0,1233.0,9398.0,9010.0,713.0,26.0,17283.0,19644.0,-15.0,16152.0,355.0,0.0,28094.0,51.0,Pass
l3336.txm,75.6094,751.0,753.0,134.0,0.0,488.0,100.0,1230.0,9472.0,8948.0,617.0,26.0,16941.0,19416.0,486.0,16208.0,343.0,0.0,28302.0,51.0,Pass
l3336.txm,76.625,751.0,754.0,132.0,0.0,528.0,100.0,1224.0,9345.0,8921.0,609.0,28.0,16022.0,19116.0,44.0,16230.0,346.0,1.0,28266.0,51.0,Pass
l3336.txm,77.6406,751.0,753.0,135.0,0.0,531.0,100.0,1236.0,9435.0,8973.0,407.0,26.0,17267.0,19132.0,140.0,16584.0,348.0,0.0,28306.0,51.0,Pass
l3336.txm,78.6562,752.0,754.0,134.0,0.0,538.0,101.0,1222.0,9370.0,8977.0,626.0,27.0,16731.0,19050.0,150.0,16528.0,346.0,0.0,28250.0,51.0,Pass
l3336.txm,79.7187,752.0,754.0,133.0,0.0,541.0,101.0,1233.0,9389.0,8930.0,1048.0,26.0,16773.0,19030.0,-24.0,16552.0,348.0,0.0,28300.0,51.0,Pass
l3336.txm,80.7344,752.0,753.0,135.0,1.0,536.0,102.0,1225.0,9405.0,9017.0,887.0,26.0,16779.0,19004.0,20.0,16508.0,345.0,0.0,28466.0,51.0,Pass
l3336.txm,81.75,752.0,756.0,135.0,0.0,539.0,100.0,1232.0,9370.0,8968.0,1094.0,29.0,15992.0,19072.0,97.0,16544.0,344.0,0.0,28296.0,51.0,Pass
l3336.txm,82.7656,752.0,753.0,133.0,0.0,540.0,101.0,1228.0,9390.0,8986.0,758.0,25.0,16725.0,19114.0,74.0,16700.0,346.0,0.0,28442.0,51.0,Pass
l3336.txm,83.7969,751.0,753.0,134.0,0.0,544.0,100.0,1231.0,9422.0,8946.0,235.0,29.0,15822.0,19036.0,153.0,16588.0,346.0,0.0,28406.0,51.0,Pass
l3336.txm,84.8281,752.0,752.0,132.0,0.0,543.0,102.0,1231.0,9372.0,9033.0,1258.0,25.0,16792.0,19034.0,-324.0,16514.0,351.0,0.0,28270.0,51.0,Pass
l3336.txm,85.8281,752.0,753.0,133.0,0.0,544.0,101.0,1228.0,9341.0,8973.0,337.0,29.0,16114.0,18978.0,126.0,16632.0,349.0,0.0,28272.0,51.0,Pass
l3336.txm,86.8906,751.0,753.0,135.0,0.0,545.0,100.0,1233.0,9395.0,8986.0,468.0,26.0,17069.0,19038.0,450.0,16494.0,346.0,0.0,28256.0,51.0,Pass
l3336.txm,87.875,752.0,752.0,135.0,0.0,540.0,100.0,1225.0,9334.0,8975.0,-354.0,29.0,16021.0,18994.0,-66.0,16620.0,350.0,0.0,28266.0,51.0,Pass
l3336.txm,88.9062,752.0,753.0,135.0,0.0,546.0,100.0,1232.0,9424.0,8922.0,788.0,26.0,17247.0,19084.0,111.0,16308.0,345.0,0.0,28460.0,51.0,Pass
l3336.txm,89.9063,752.0,752.0,132.0,0.0,542.0,100.0,1224.0,9349.0,8934.0,-255.0,29.0,16134.0,18998.0,157.0,16676.0,352.0,1.0,28446.0,51.0,Pass
l3336.txm,90.9375,751.0,753.0,136.0,0.0,548.0,101.0,1234.0,9384.0,8976.0,491.0,25.0,16954.0,18992.0,-16.0,16500.0,348.0,0.0,28300.0,51.0,Pass
l3336.txm,91.9531,751.0,752.0,134.0,0.0,546.0,100.0,1223.0,9419.0,8920.0,-277.0,29.0,16332.0,19140.0,133.0,16648.0,344.0,0.0,28264.0,51.0,Pass
l3336.txm,92.9844,752.0,752.0,131.0,0.0,544.0,100.0,1232.0,9472.0,8950.0,1135.0,25.0,16867.0,19024.0,135.0,16424.0,347.0,0.0,28290.0,51.0,Pass
l3336.txm,93.9844,751.0,752.0,134.0,0.0,545.0,100.0,1222.0,9410.0,8922.0,-381.0,29.0,16183.0,18994.0,52.0,16478.0,350.0,0.0,28464.0,51.0,Pass
l3336.txm,95.0156,752.0,753.0,134.0,0.0,545.0,101.0,1233.0,9431.0,8938.0,610.0,26.0,17104.0,19048.0,-296.0,16516.0,349.0,0.0,28294.0,51.0,Pass
l3336.txm,96.0312,751.0,752.0,135.0,0.0,545.0,100.0,1224.0,9431.0,8902.0,-539.0,29.0,16254.0,19148.0,622.0,16544.0,350.0,0.0,28276.0,51.0,Pass
l3336.txm,97.0625,752.0,753.0,136.0,0.0,546.0,102.0,1235.0,9443.0,8916.0,706.0,25.0,17151.0,19024.0,-54.0,16544.0,346.0,0.0,28288.0,51.0,Pass
l3336.txm,98.0625,751.0,752.0,131.0,0.0,545.0,101.0,1223.0,9384.0,8907.0,289.0,29.0,15724.0,18996.0,127.0,16680.0,351.0,0.0,28432.0,51.0,Pass
l3336.txm,99.125,752.0,753.0,131.0,0.0,549.0,101.0,1235.0,9403.0,8961.0,560.0,26.0,17017.0,19004.0,-288.0,16546.0,348.0,0.0,28272.0,51.0,Pass
l3336.txm,100.156,752.0,753.0,133.0,0.0,544.0,102.0,1223.0,9389.0,8985.0,51.0,27.0,16859.0,19002.0,306.0,16642.0,350.0,0.0,28302.0,51.0,Pass
l3336.txm,101.156,751.0,753.0,135.0,0.0,549.0,99.0,1233.0,9437.0,8934.0,752.0,26.0,17168.0,19108.0,-471.0,16612.0,346.0,0.0,28440.0,51.0,Pass
l3336.txm,102.188,752.0,753.0,135.0,0.0,547.0,99.0,1221.0,9385.0,8927.0,-514.0,29.0,16297.0,19072.0,-447.0,16694.0,352.0,0.0,28292.0,51.0,Pass
l3336.txm,103.203,752.0,752.0,135.0,0.0,550.0,102.0,1234.0,9376.0,8990.0,135.0,26.0,17064.0,19134.0,135.0,16564.0,346.0,0.0,28274.0,51.0,Pass
l3336.txm,104.234,751.0,752.0,132.0,0.0,548.0,101.0,1221.0,9352.0,8960.0,-82.0,29.0,15776.0,19028.0,104.0,16740.0,347.0,0.0,28250.0,51.0,Pass
l3336.txm,105.234,752.0,754.0,133.0,0.0,546.0,101.0,1234.0,9425.0,8957.0,1586.0,26.0,16756.0,19014.0,-3.0,16610.0,352.0,0.0,28420.0,51.0,Pass
l3336.txm,106.297,752.0,754.0,134.0,0.0,540.0,101.0,1221.0,9382.0,8941.0,-407.0,29.0,16207.0,19110.0,-306.0,16718.0,342.0,0.0,28262.0,51.0,Pass
l3337.txm,55.6719,751.0,753.0,135.0,0.0,452.0,101.0,1236.0,9436.0,8965.0,-724.0,30.0,16487.0,19596.0,1.0,16844.0,352.0,0.0,27922.0,50.0,Pass
l3337.txm,56.6875,752.0,754.0,134.0,0.0,389.0,101.0,1296.0,9384.0,8964.0,-1784.0,30.0,16050.0,19756.0,12.0,16230.0,348.0,0.0,27856.0,49.0,Pass
l3337.txm,57.7187,752.0,754.0,135.0,0.0,369.0,100.0,1280.0,9394.0,8972.0,-781.0,30.0,16646.0,19742.0,-364.0,16582.0,347.0,0.0,27860.0,50.0,Pass
l3337.txm,58.7344,752.0,753.0,133.0,0.0,363.0,101.0,1204.0,9419.0,8953.0,-471.0,30.0,16542.0,19794.0,103.0,16534.0,357.0,0.0,27846.0,51.0,Pass
l3337.txm,59.75,751.0,755.0,132.0,0.0,357.0,99.0,1230.0,9442.0,8946.0,-931.0,30.0,16493.0,19796.0,-36.0,16470.0,352.0,0.0,27846.0,50.0,Pass
l3337.txm,60.7656,752.0,754.0,132.0,0.0,359.0,100.0,1235.0,9422.0,8959.0,-806.0,29.0,16430.0,19790.0,71.0,16526.0,351.0,0.0,27842.0,50.0,Pass
l3337.txm,61.7969,752.0,755.0,134.0,0.0,355.0,100.0,1227.0,9430.0,8944.0,-1223.0,29.0,16644.0,19790.0,-493.0,16796.0,350.0,0.0,27838.0,51.0,Pass
l3337.txm,62.8125,752.0,754.0,134.0,0.0,354.0,100.0,1229.0,9383.0,8997.0,-1223.0,30.0,16287.0,19874.0,-369.0,16862.0,352.0,0.0,27830.0,50.0,Pass
l3337.txm,63.8281,752.0,753.0,131.0,0.0,344.0,101.0,1229.0,9401.0,9001.0,-1256.0,29.0,16300.0,19826.0,-611.0,16502.0,342.0,0.0,27754.0,51.0,Pass
l3337.txm,64.8594,752.0,753.0,134.0,0.0,343.0,101.0,1229.0,9423.0,8963.0,-2430.0,29.0,16523.0,19790.0,-302.0,16554.0,352.0,0.0,27754.0,51.0,Pass
l3337.txm,65.875,752.0,752.0,131.0,0.0,342.0,100.0,1226.0,9424.0,8954.0,-1826.0,29.0,16543.0,19870.0,-260.0,16570.0,352.0,0.0,27754.0,51.0,Pass
l3337.txm,66.9062,752.0,753.0,132.0,0.0,326.0,102.0,1225.0,9438.0,8960.0,-1818.0,30.0,16065.0,20122.0,72.0,16098.0,350.0,0.0,27588.0,50.0,Pass
l3337.txm,67.9062,752.0,753.0,135.0,0.0,311.0,101.0,1218.0,9467.0,8974.0,-1593.0,31.0,16117.0,19968.0,-521.0,16810.0,345.0,0.0,27626.0,50.0,Pass
l3337.txm,68.9375,752.0,753.0,134.0,0.0,302.0,102.0,1222.0,9427.0,8981.0,-1681.0,31.0,15811.0,20158.0,-733.0,16622.0,348.0,0.0,27424.0,50.0,Pass
l3337.txm,69.9531,752.0,754.0,131.0,0.0,292.0,101.0,1228.0,9426.0,9072.0,-1195.0,30.0,16336.0,20118.0,-494.0,16716.0,357.0,0.0,27504.0,50.0,Pass
l3337.txm,70.9844,752.0,753.0,136.0,0.0,297.0,99.0,1228.0,9442.0,9060.0,-1085.0,30.0,16185.0,20202.0,-20.0,16124.0,341.0,0.0,27336.0,50.0,Pass
l3337.txm,71.9844,752.0,753.0,132.0,0.0,325.0,102.0,1240.0,9519.0,9000.0,590.0,27.0,16543.0,20092.0,1246.0,16232.0,357.0,0.0,27824.0,50.0,Pass
l3337.txm,73.0469,752.0,754.0,136.0,0.0,376.0,100.0,1235.0,9448.0,9051.0,237.0,26.0,17136.0,19840.0,143.0,16130.0,347.0,1.0,27828.0,50.0,Pass
l3337.txm,74.0312,752.0,754.0,132.0,0.0,423.0,100.0,1232.0,9482.0,8966.0,1295.0,26.0,17088.0,19768.0,29.0,16334.0,359.0,1.0,28122.0,51.0,Pass
l3337.txm,75.0625,752.0,752.0,134.0,0.0,476.0,100.0,1231.0,9382.0,8943.0,7.0,27.0,16656.0,19356.0,732.0,15936.0,353.0,1.0,28322.0,51.0,Pass
l3337.txm,76.0625,751.0,753.0,134.0,0.0,527.0,99.0,1230.0,9371.0,8996.0,849.0,26.0,16775.0,19058.0,-59.0,16226.0,349.0,0.0,28264.0,51.0,Pass
l3337.txm,77.0937,752.0,754.0,133.0,0.0,531.0,100.0,1228.0,9420.0,8993.0,337.0,26.0,16810.0,19012.0,-354.0,16490.0,359.0,0.0,28434.0,51.0,Pass
l3337.txm,78.1094,752.0,753.0,135.0,0.0,535.0,102.0,1231.0,9440.0,8956.0,983.0,26.0,16832.0,19130.0,-64.0,16480.0,345.0,0.0,28252.0,51.0,Pass
l3337.txm,79.1406,752.0,754.0,133.0,0.0,533.0,102.0,1228.0,9434.0,8949.0,348.0,26.0,16955.0,18988.0,-459.0,16464.0,348.0,0.0,28282.0,51.0,Pass
l3337.txm,80.1875,752.0,753.0,134.0,0.0,541.0,102.0,1232.0,9425.0,8995.0,304.0,26.0,16944.0,18986.0,31.0,16512.0,342.0,0.0,28272.0,51.0,Pass
l3337.txm,81.1719,752.0,753.0,131.0,0.0,539.0,101.0,1227.0,9402.0,8989.0,1075.0,27.0,16927.0,19126.0,-73.0,16622.0,347.0,0.0,28400.0,51.0,Pass
l3337.txm,82.2031,751.0,753.0,133.0,0.0,543.0,101.0,1231.0,9455.0,8904.0,1043.0,27.0,16764.0,19024.0,-347.0,16644.0,347.0,0.0,28442.0,51.0,Pass
l3337.txm,83.2187,751.0,753.0,133.0,0.0,536.0,101.0,1227.0,9385.0,9015.0,719.0,26.0,16949.0,18984.0,-261.0,16598.0,352.0,0.0,28274.0,51.0,Pass
l3337.txm,84.2344,752.0,753.0,132.0,0.0,538.0,99.0,1230.0,9360.0,8993.0,552.0,26.0,16993.0,19044.0,-88.0,16664.0,348.0,0.0,28436.0,51.0,Pass
l3337.txm,85.25,752.0,753.0,134.0,0.0,538.0,101.0,1229.0,9377.0,9006.0,683.0,26.0,17124.0,19100.0,-379.0,16648.0,346.0,0.0,28266.0,51.0,Pass
l3337.txm,86.2812,752.0,754.0,135.0,0.0,537.0,101.0,1227.0,9389.0,9031.0,828.0,26.0,16796.0,19050.0,-400.0,16622.0,342.0,0.0,28238.0,51.0,Pass
l3337.txm,87.2969,752.0,754.0,133.0,0.0,539.0,101.0,1228.0,9374.0,9002.0,657.0,26.0,16645.0,18990.0,-383.0,16550.0,346.0,0.0,28268.0,51.0,Pass
l3337.txm,88.3125,751.0,753.0,133.0,0.0,540.0,101.0,1227.0,9412.0,8962.0,849.0,26.0,16992.0,19132.0,-47.0,16610.0,351.0,0.0,28270.0,51.0,Pass
l3337.txm,89.3281,752.0,754.0,133.0,0.0,539.0,101.0,1229.0,9384.0,8978.0,1233.0,26.0,16639.0,19004.0,-72.0,16392.0,356.0,0.0,28420.0,51.0,Pass
l3337.txm,90.3594,752.0,753.0,134.0,0.0,538.0,100.0,1227.0,9378.0,9004.0,546.0,26.0,16975.0,18982.0,143.0,16594.0,346.0,0.0,28286.0,51.0,Pass
l3337.txm,91.375,752.0,753.0,132.0,0.0,542.0,102.0,1227.0,9365.0,8994.0,838.0,26.0,16847.0,19042.0,-291.0,16552.0,346.0,0.0,28428.0,51.0,Pass
l3337.txm,92.4531,752.0,753.0,135.0,0.0,540.0,100.0,1233.0,9392.0,8954.0,720.0,26.0,16968.0,19088.0,-570.0,16548.0,343.0,0.0,28284.0,51.0,Pass
l3337.txm,93.4687,752.0,753.0,134.0,0.0,548.0,99.0,1231.0,9380.0,8985.0,578.0,26.0,17167.0,19100.0,58.0,16408.0,343.0,0.0,28430.0,51.0,Pass
l3337.txm,94.5,751.0,753.0,134.0,0.0,544.0,102.0,1227.0,9448.0,8950.0,430.0,26.0,17009.0,19128.0,-325.0,16538.0,348.0,0.0,28240.0,51.0,Pass
l3337.txm,95.5313,752.0,753.0,134.0,0.0,551.0,102.0,1230.0,9422.0,8979.0,920.0,26.0,16467.0,19056.0,-331.0,16502.0,347.0,0.0,28290.0,51.0,Pass
l3337.txm,96.5469,752.0,753.0,132.0,0.0,548.0,100.0,1230.0,9412.0,8985.0,1111.0,26.0,17058.0,19014.0,-432.0,16492.0,351.0,0.0,28444.0,51.0,Pass
l3337.txm,97.5781,753.0,753.0,135.0,0.0,546.0,101.0,1228.0,9436.0,8927.0,80.0,26.0,16972.0,19010.0,99.0,16586.0,357.0,0.0,28278.0,51.0,Pass
l3337.txm,98.5781,752.0,754.0,133.0,0.0,540.0,101.0,1229.0,9378.0,9013.0,814.0,26.0,16866.0,19130.0,117.0,16500.0,351.0,0.0,28408.0,51.0,Pass
l3337.txm,99.6406,752.0,753.0,131.0,0.0,547.0,101.0,1229.0,9429.0,8953.0,1453.0,26.0,17038.0,18992.0,-47.0,16498.0,349.0,0.0,28428.0,51.0,Pass
l3337.txm,100.625,752.0,753.0,135.0,0.0,546.0,101.0,1227.0,9368.0,8997.0,404.0,26.0,16859.0,19110.0,-493.0,16492.0,352.0,0.0,28400.0,51.0,Pass
l3337.txm,101.641,751.0,752.0,135.0,0.0,544.0,100.0,1229.0,9392.0,9021.0,614.0,26.0,16555.0,19002.0,-3.0,16490.0,346.0,0.0,28248.0,51.0,Pass
l3337.txm,102.656,752.0,753.0,135.0,1.0,540.0,100.0,1227.0,9384.0,9018.0,903.0,26.0,16753.0,19044.0,40.0,16500.0,345.0,0.0,28282.0,51.0,Pass
l3337.txm,103.688,752.0,754.0,134.0,0.0,540.0,100.0,1227.0,9443.0,8937.0,700.0,26.0,16720.0,19126.0,-611.0,16526.0,344.0,0.0,28282.0,51.0,Pass
l3337.txm,104.703,752.0,753.0,132.0,0.0,541.0,99.0,1227.0,9369.0,9008.0,1269.0,26.0,16856.0,19048.0,-59.0,16686.0,345.0,0.0,28236.0,51.0,Pass
l3337.txm,105.734,752.0,754.0,133.0,0.0,542.0,100.0,1229.0,9435.0,8919.0,728.0,26.0,16739.0,19098.0,676.0,16564.0,355.0,1.0,28396.0,51.0,Pass
l3337.txm,106.734,751.0,752.0,132.0,0.0,542.0,100.0,1228.0,9399.0,8970.0,747.0,26.0,16738.0,19116.0,142.0,16570.0,348.0,1.0,28416.0,51.0,Pass
l3337.txm,107.766,752.0,754.0,135.0,0.0,542.0,100.0,1228.0,9431.0,8951.0,899.0,26.0,16727.0,19018.0,59.0,16504.0,354.0,0.0,28432.0,51.0,Pass
l3337.txm,108.781,752.0,753.0,134.0,0.0,539.0,100.0,1228.0,9428.0,8923.0,843.0,26.0,17102.0,19116.0,-602.0,16530.0,348.0,0.0,28392.0,51.0,Pass
l3338.txm,56.8437,752.0,753.0,133.0,0.0,369.0,100.0,1275.0,9458.0,8948.0,-869.0,31.0,15901.0,19794.0,522.0,16234.0,347.0,1.0,27858.0,49.0,Pass
l3338.txm,57.8437,752.0,754.0,136.0,0.0,360.0,100.0,1294.0,9424.0,9001.0,-360.0,28.0,16572.0,19784.0,-273.0,16426.0,354.0,0.0,27820.0,49.0,Pass
l3338.txm,58.875,753.0,754.0,133.0,0.0,362.0,101.0,1214.0,9423.0,8979.0,449.0,28.0,16474.0,19784.0,632.0,16790.0,349.0,0.0,27892.0,51.0,Pass
l3338.txm,59.8906,751.0,753.0,132.0,0.0,357.0,101.0,1221.0,9464.0,8942.0,-220.0,29.0,16187.0,19780.0,658.0,16618.0,358.0,0.0,27878.0,50.0,Pass
l3338.txm,60.9219,752.0,753.0,135.0,0.0,355.0,101.0,1233.0,9473.0,8936.0,-499.0,30.0,16356.0,19782.0,-602.0,16684.0,344.0,0.0,27874.0,50.0,Pass
l3338.txm,61.9219,752.0,754.0,131.0,0.0,347.0,100.0,1228.0,9449.0,8965.0,-1359.0,29.0,16473.0,19782.0,-407.0,16714.0,352.0,0.0,27854.0,50.0,Pass
l3338.txm,62.9531,752.0,754.0,133.0,0.0,345.0,101.0,1227.0,9471.0,8913.0,-1503.0,29.0,16376.0,19790.0,-649.0,16788.0,348.0,0.0,27828.0,50.0,Pass
l3338.txm,64.0,752.0,754.0,135.0,0.0,341.0,100.0,1228.0,9401.0,8992.0,-1970.0,29.0,16585.0,19850.0,-365.0,16480.0,353.0,0.0,27644.0,50.0,Pass
l3338.txm,65.0,751.0,754.0,134.0,0.0,341.0,100.0,1228.0,9441.0,8934.0,-1711.0,29.0,16572.0,19844.0,454.0,16606.0,354.0,0.0,27766.0,50.0,Pass
l3338.txm,66.0,752.0,754.0,134.0,0.0,331.0,100.0,1225.0,9451.0,8950.0,-1757.0,30.0,16242.0,19842.0,-531.0,16914.0,345.0,0.0,27730.0,50.0,Pass
l3338.txm,67.0312,752.0,753.0,136.0,0.0,319.0,100.0,1227.0,9426.0,8994.0,-1288.0,30.0,16213.0,20042.0,73.0,16556.0,343.0,0.0,27634.0,50.0,Pass
l3338.txm,68.0469,752.0,753.0,133.0,0.0,303.0,101.0,1224.0,9474.0,8981.0,-1896.0,30.0,16165.0,20088.0,-278.0,16808.0,343.0,0.0,27614.0,50.0,Pass
l3338.txm,69.0781,752.0,753.0,132.0,0.0,299.0,100.0,1225.0,9483.0,8998.0,-358.0,30.0,16241.0,20262.0,-500.0,16578.0,343.0,0.0,27398.0,50.0,Pass
l3338.txm,70.0781,752.0,754.0,132.0,0.0,295.0,101.0,1231.0,9451.0,9051.0,-311.0,30.0,16019.0,20144.0,-811.0,16672.0,354.0,0.0,27342.0,50.0,Pass
l3338.txm,71.1094,752.0,755.0,132.0,0.0,305.0,100.0,1234.0,9422.0,9089.0,-439.0,29.0,16049.0,20346.0,710.0,16166.0,348.0,0.0,27514.0,50.0,Pass
l3338.txm,72.125,752.0,752.0,134.0,0.0,346.0,100.0,1240.0,9449.0,9028.0,604.0,27.0,16526.0,19904.0,434.0,16484.0,360.0,1.0,27824.0,50.0,Pass
l3338.txm,73.1562,752.0,753.0,134.0,0.0,383.0,100.0,1235.0,9444.0,9005.0,-111.0,28.0,16734.0,19896.0,364.0,16052.0,353.0,1.0,27790.0,50.0,Pass
l3338.txm,74.1719,752.0,754.0,133.0,0.0,440.0,101.0,1232.0,9515.0,8962.0,561.0,26.0,16615.0,19706.0,158.0,15968.0,353.0,0.0,28120.0,50.0,Pass
l3338.txm,75.2031,752.0,753.0,132.0,0.0,510.0,100.0,1231.0,9414.0,8975.0,1551.0,26.0,16834.0,19298.0,572.0,16372.0,346.0,0.0,28364.0,51.0,Pass
l3338.txm,76.2344,752.0,754.0,131.0,0.0,529.0,100.0,1232.0,9446.0,8959.0,776.0,26.0,16777.0,19136.0,688.0,16718.0,347.0,0.0,28432.0,51.0,Pass
l3338.txm,77.2344,752.0,754.0,133.0,0.0,532.0,100.0,1228.0,9465.0,8946.0,795.0,26.0,16965.0,18992.0,-313.0,16584.0,347.0,0.0,28442.0,51.0,Pass
l3338.txm,78.2656,752.0,752.0,133.0,0.0,529.0,100.0,1229.0,9438.0,8950.0,-35.0,27.0,16710.0,19004.0,-296.0,16530.0,345.0,0.0,28258.0,51.0,Pass
l3338.txm,79.2812,751.0,753.0,132.0,0.0,533.0,102.0,1229.0,9430.0,9001.0,890.0,27.0,16677.0,18996.0,-349.0,16532.0,349.0,0.0,28242.0,51.0,Pass
l3338.txm,80.3125,752.0,754.0,133.0,0.0,541.0,101.0,1229.0,9431.0,8915.0,94.0,27.0,16776.0,19124.0,126.0,16524.0,344.0,0.0,28390.0,51.0,Pass
l3338.txm,81.3125,752.0,754.0,132.0,0.0,533.0,100.0,1225.0,9431.0,9139.0,668.0,27.0,16788.0,19072.0,-496.0,16486.0,345.0,0.0,28442.0,51.0,Pass
l3338.txm,82.3437,752.0,753.0,134.0,0.0,536.0,100.0,1227.0,9433.0,8924.0,160.0,27.0,16772.0,19130.0,-376.0,16518.0,346.0,0.0,28298.0,51.0,Pass
l3338.txm,83.3594,751.0,752.0,135.0,0.0,539.0,100.0,1229.0,9406.0,8971.0,-53.0,27.0,16716.0,19090.0,10.0,16408.0,352.0,0.0,28230.0,51.0,Pass
l3338.txm,84.3906,752.0,753.0,135.0,0.0,540.0,100.0,1227.0,9433.0,8967.0,134.0,27.0,16784.0,18992.0,73.0,16520.0,350.0,0.0,28394.0,51.0,Pass
l3338.txm,85.3906,751.0,753.0,131.0,0.0,537.0,101.0,1226.0,9412.0,8950.0,178.0,27.0,16575.0,19062.0,10.0,16562.0,356.0,0.0,28236.0,51.0,Pass
l3338.txm,86.4219,751.0,753.0,132.0,0.0,537.0,100.0,1228.0,9453.0,8929.0,491.0,27.0,16550.0,19022.0,498.0,16482.0,347.0,0.0,28422.0,51.0,Pass
l3338.txm,87.4375,752.0,756.0,132.0,0.0,539.0,100.0,1227.0,9427.0,8924.0,97.0,27.0,16566.0,19020.0,8.0,16396.0,353.0,0.0,28448.0,51.0,Pass
l3338.txm,88.4687,752.0,752.0,133.0,0.0,541.0,100.0,1228.0,9405.0,8989.0,232.0,27.0,16926.0,19056.0,-363.0,16486.0,346.0,0.0,28406.0,51.0,Pass
l3338.txm,89.4687,752.0,753.0,133.0,0.0,540.0,100.0,1227.0,9474.0,8922.0,367.0,27.0,16673.0,18992.0,140.0,16400.0,346.0,0.0,28420.0,51.0,Pass
l3338.txm,90.5313,752.0,754.0,135.0,0.0,539.0,100.0,1227.0,9460.0,8914.0,248.0,27.0,17010.0,19076.0,-40.0,16576.0,355.0,0.0,28404.0,51.0,Pass
l3338.txm,91.5156,752.0,753.0,135.0,0.0,541.0,100.0,1229.0,9393.0,8975.0,205.0,27.0,16698.0,19004.0,146.0,16578.0,347.0,0.0,28420.0,51.0,Pass
l3338.txm,92.5469,751.0,752.0,132.0,0.0,540.0,101.0,1229.0,9395.0,8991.0,162.0,27.0,16382.0,19150.0,89.0,16556.0,355.0,0.0,28446.0,51.0,Pass
l3338.txm,93.5625,752.0,754.0,133.0,0.0,539.0,100.0,1227.0,9386.0,9006.0,455.0,27.0,16795.0,19008.0,158.0,16536.0,351.0,0.0,28258.0,51.0,Pass
l3338.txm,94.5781,752.0,754.0,135.0,0.0,538.0,101.0,1227.0,9442.0,8917.0,267.0,27.0,16517.0,18998.0,528.0,16556.0,346.0,0.0,28436.0,51.0,Pass
l3338.txm,95.6094,752.0,753.0,133.0,0.0,540.0,101.0,1227.0,9451.0,8929.0,594.0,27.0,16672.0,19086.0,133.0,16632.0,347.0,0.0,28294.0,51.0,Pass
l3338.txm,96.625,752.0,753.0,133.0,0.0,543.0,101.0,1227.0,9448.0,8934.0,473.0,27.0,16401.0,18992.0,-277.0,16476.0,346.0,0.0,28452.0,51.0,Pass
l3338.txm,97.6406,752.0,752.0,133.0,0.0,539.0,100.0,1228.0,9443.0,8912.0,383.0,27.0,16631.0,19064.0,-296.0,16564.0,350.0,0.0,28406.0,51.0,Pass
l3338.txm,98.6563,752.0,752.0,133.0,0.0,543.0,102.0,1226.0,9391.0,8972.0,232.0,26.0,16492.0,18992.0,-73.0,16518.0,347.0,0.0,28266.0,51.0,Pass
l3338.txm,99.6875,751.0,753.0,132.0,0.0,540.0,101.0,1227.0,9432.0,8938.0,633.0,27.0,16428.0,19076.0,958.0,16554.0,343.0,0.0,28286.0,51.0,Pass
l3338.txm,100.703,752.0,754.0,134.0,0.0,542.0,101.0,1229.0,9436.0,8932.0,150.0,27.0,16871.0,19142.0,374.0,16638.0,349.0,0.0,28408.0,51.0,Pass
l3338.txm,101.719,751.0,753.0,134.0,0.0,543.0,102.0,1227.0,9459.0,8960.0,190.0,27.0,16722.0,19028.0,442.0,16606.0,356.0,0.0,28238.0,51.0,Pass
l3338.txm,102.766,752.0,753.0,134.0,0.0,536.0,101.0,1227.0,9387.0,8959.0,-207.0,26.0,16439.0,19152.0,-92.0,16520.0,351.0,1.0,28278.0,51.0,Pass
l3338.txm,103.766,752.0,753.0,134.0,0.0,539.0,101.0,1231.0,9388.0,8999.0,4.0,27.0,16801.0,19064.0,101.0,16552.0,347.0,0.0,28446.0,51.0,Pass
l3338.txm,104.797,752.0,753.0,133.0,0.0,541.0,101.0,1230.0,9420.0,8950.0,535.0,27.0,16411.0,19004.0,-399.0,16596.0,347.0,0.0,28422.0,51.0,Pass
l3338.txm,105.828,752.0,754.0,135.0,0.0,539.0,100.0,1230.0,9369.0,8976.0,-48.0,26.0,16717.0,19122.0,-456.0,16670.0,343.0,0.0,28394.0,51.0,Pass
l3338.txm,106.828,752.0,753.0,132.0,0.0,537.0,101.0,1228.0,9430.0,8953.0,123.0,27.0,16828.0,19138.0,-365.0,16682.0,360.0,0.0,28432.0,51.0,Pass
l3338.txm,107.859,752.0,753.0,131.0,0.0,543.0,102.0,1228.0,9431.0,9000.0,672.0,27.0,16778.0,19046.0,-378.0,16650.0,343.0,0.0,28286.0,51.0,Pass
l3338.txm,108.891,752.0,753.0,134.0,0.0,544.0,100.0,1228.0,9443.0,8937.0,248.0,27.0,16982.0,18988.0,-61.0,16520.0,350.0,0.0,28412.0,51.0,Pass
l3342.txm,55.6406,752.0,754.0,135.0,0.0,390.0,101.0,1293.0,9425.0,8955.0,-2178.0,29.0,16518.0,19654.0,-472.0,16658.0,348.0,0.0,27878.0,49.0,Pass
l3342.txm,56.6719,752.0,753.0,132.0,0.0,366.0,101.0,1288.0,9454.0,8979.0,-608.0,29.0,16720.0,19754.0,630.0,16412.0,348.0,0.0,27998.0,50.0,Pass
l3342.txm,57.6875,752.0,753.0,134.0,0.0,361.0,99.0,1206.0,9476.0,8926.0,-204.0,29.0,16436.0,19762.0,320.0,16762.0,352.0,0.0,27822.0,51.0,Pass
l3342.txm,59.2187,752.0,753.0,132.0,0.0,357.0,99.0,1227.0,9465.0,8987.0,-907.0,30.0,16599.0,19788.0,-527.0,16502.0,346.0,0.0,27812.0,50.0,Pass
l3342.txm,60.75,752.0,753.0,133.0,0.0,351.0,99.0,1227.0,9464.0,8949.0,-1407.0,29.0,16799.0,19806.0,490.0,16448.0,357.0,0.0,27828.0,50.0,Pass
l3342.txm,61.7656,752.0,754.0,133.0,0.0,345.0,100.0,1226.0,9416.0,8929.0,-1551.0,29.0,16422.0,19792.0,-88.0,16766.0,350.0,1.0,27822.0,50.0,Pass
l3342.txm,62.7969,752.0,753.0,132.0,0.0,343.0,99.0,1225.0,9477.0,8964.0,-1737.0,30.0,16573.0,19822.0,-520.0,16642.0,342.0,0.0,27764.0,50.0,Pass
l3342.txm,63.7969,752.0,754.0,131.0,0.0,335.0,102.0,1229.0,9481.0,8910.0,-1593.0,30.0,16206.0,19890.0,-406.0,16772.0,348.0,0.0,27758.0,50.0,Pass
l3342.txm,64.8281,751.0,753.0,133.0,0.0,331.0,100.0,1231.0,9476.0,8939.0,-2112.0,30.0,16232.0,19868.0,-454.0,16662.0,346.0,0.0,27582.0,50.0,Pass
l3342.txm,65.875,751.0,753.0,134.0,0.0,318.0,100.0,1225.0,9416.0,8995.0,-2400.0,29.0,16335.0,19920.0,596.0,16246.0,355.0,1.0,27624.0,50.0,Pass
l3342.txm,66.875,752.0,754.0,133.0,0.0,306.0,100.0,1225.0,9486.0,8978.0,-1943.0,30.0,16025.0,20084.0,82.0,16708.0,344.0,0.0,27648.0,50.0,Pass
l3342.txm,67.875,752.0,753.0,131.0,0.0,300.0,101.0,1219.0,9430.0,8985.0,-1960.0,30.0,16229.0,20198.0,-759.0,16520.0,343.0,0.0,27360.0,50.0,Pass
l3342.txm,68.9062,752.0,753.0,132.0,0.0,292.0,100.0,1226.0,9415.0,9035.0,-1337.0,31.0,16137.0,20100.0,-565.0,16764.0,344.0,0.0,27474.0,50.0,Pass
l3342.txm,69.9375,752.0,754.0,131.0,0.0,291.0,100.0,1228.0,9410.0,9048.0,-718.0,31.0,15911.0,20168.0,-462.0,16516.0,343.0,0.0,27398.0,50.0,Pass
l3342.txm,70.9531,752.0,754.0,135.0,0.0,312.0,101.0,1235.0,9422.0,9081.0,-818.0,29.0,16519.0,20282.0,-496.0,16102.0,353.0,0.0,27530.0,50.0,Pass
l3342.txm,71.9687,752.0,753.0,134.0,0.0,359.0,100.0,1242.0,9436.0,9063.0,1118.0,26.0,17281.0,19874.0,784.0,16588.0,348.0,0.0,28004.0,50.0,Pass
l3342.txm,72.9844,752.0,754.0,135.0,0.0,401.0,99.0,1231.0,9496.0,8961.0,748.0,27.0,17389.0,19930.0,360.0,16132.0,350.0,0.0,28000.0,50.0,Pass
l3342.txm,74.0156,752.0,753.0,131.0,0.0,460.0,101.0,1232.0,9408.0,9013.0,1592.0,25.0,17003.0,19348.0,1200.0,16142.0,351.0,0.0,28120.0,51.0,Pass
l3342.txm,75.0312,752.0,753.0,133.0,0.0,516.0,99.0,1227.0,9422.0,8896.0,604.0,29.0,16352.0,19228.0,720.0,16328.0,349.0,0.0,28294.0,51.0,Pass
l3342.txm,76.0469,752.0,753.0,134.0,0.0,524.0,100.0,1226.0,9437.0,8969.0,981.0,28.0,15918.0,19010.0,-490.0,16702.0,347.0,0.0,28244.0,51.0,Pass
l3342.txm,77.0625,752.0,754.0,132.0,0.0,522.0,101.0,1227.0,9410.0,8919.0,585.0,29.0,16040.0,19124.0,1.0,16630.0,345.0,0.0,28438.0,51.0,Pass
l3342.txm,78.125,752.0,754.0,136.0,0.0,530.0,100.0,1230.0,9442.0,8941.0,-148.0,29.0,16334.0,18988.0,554.0,16624.0,354.0,0.0,28250.0,51.0,Pass
l3342.txm,79.1406,752.0,754.0,133.0,0.0,526.0,100.0,1229.0,9419.0,8915.0,587.0,28.0,16442.0,19040.0,492.0,16610.0,354.0,0.0,28478.0,51.0,Pass
l3342.txm,80.1562,752.0,754.0,133.0,0.0,529.0,101.0,1230.0,9387.0,8980.0,261.0,29.0,15925.0,19056.0,472.0,16550.0,355.0,0.0,28300.0,51.0,Pass
l3342.txm,81.1719,752.0,753.0,133.0,0.0,532.0,100.0,1227.0,9388.0,8988.0,151.0,28.0,16517.0,19044.0,104.0,16634.0,359.0,0.0,28474.0,51.0,Pass
l3342.txm,82.2031,752.0,754.0,135.0,0.0,533.0,101.0,1229.0,9443.0,8892.0,455.0,29.0,16472.0,19122.0,-326.0,16550.0,351.0,0.0,28446.0,51.0,Pass
l3342.txm,83.2187,752.0,753.0,133.0,0.0,529.0,101.0,1228.0,9381.0,8946.0,394.0,29.0,15990.0,19130.0,4.0,16626.0,344.0,0.0,28462.0,51.0,Pass
l3342.txm,84.2344,752.0,752.0,131.0,0.0,532.0,100.0,1231.0,9397.0,8971.0,763.0,29.0,15939.0,19008.0,122.0,16658.0,346.0,1.0,28278.0,51.0,Pass
l3342.txm,85.2969,752.0,753.0,132.0,0.0,533.0,100.0,1230.0,9394.0,8931.0,173.0,29.0,16039.0,19118.0,132.0,16694.0,343.0,0.0,28292.0,51.0,Pass
l3342.txm,86.2812,751.0,753.0,133.0,0.0,536.0,102.0,1229.0,9416.0,8928.0,-120.0,29.0,16352.0,19112.0,-297.0,16618.0,342.0,0.0,28484.0,51.0,Pass
l3342.txm,87.3125,753.0,753.0,135.0,0.0,536.0,100.0,1229.0,9441.0,8917.0,-360.0,28.0,16276.0,19122.0,-57.0,16592.0,346.0,0.0,28298.0,51.0,Pass
l3342.txm,88.3125,752.0,753.0,135.0,0.0,535.0,101.0,1228.0,9410.0,8944.0,687.0,28.0,16291.0,19084.0,526.0,16594.0,350.0,0.0,28300.0,51.0,Pass
l3342.txm,89.3437,751.0,754.0,135.0,0.0,536.0,101.0,1230.0,9379.0,8946.0,402.0,29.0,16375.0,19098.0,724.0,16584.0,351.0,0.0,28260.0,51.0,Pass
l3342.txm,90.3594,751.0,754.0,131.0,0.0,538.0,101.0,1229.0,9412.0,8933.0,787.0,29.0,15915.0,19042.0,91.0,16430.0,354.0,0.0,28296.0,51.0,Pass
l3342.txm,91.375,751.0,753.0,133.0,0.0,537.0,100.0,1230.0,9434.0,8924.0,244.0,29.0,15966.0,19152.0,-409.0,16540.0,342.0,0.0,28468.0,51.0,Pass
l3342.txm,92.4219,752.0,753.0,132.0,0.0,533.0,100.0,1227.0,9412.0,8944.0,469.0,28.0,16280.0,18982.0,-32.0,16464.0,351.0,1.0,28292.0,51.0,Pass
l3342.txm,93.4219,752.0,754.0,132.0,0.0,536.0,101.0,1227.0,9467.0,8908.0,173.0,28.0,16296.0,18986.0,-289.0,16506.0,345.0,0.0,28248.0,51.0,Pass
l3342.txm,94.4375,751.0,754.0,133.0,0.0,535.0,101.0,1229.0,9475.0,8910.0,106.0,29.0,16196.0,19078.0,-365.0,16696.0,352.0,0.0,28246.0,51.0,Pass
l3342.txm,95.4687,752.0,753.0,132.0,0.0,531.0,101.0,1227.0,9385.0,8978.0,384.0,28.0,16229.0,19044.0,746.0,16622.0,349.0,0.0,28286.0,51.0,Pass
l3342.txm,96.4688,752.0,752.0,131.0,0.0,532.0,101.0,1228.0,9413.0,8980.0,318.0,28.0,16454.0,19010.0,-258.0,16660.0,349.0,0.0,28468.0,51.0,Pass
l3342.txm,97.5,752.0,753.0,134.0,0.0,533.0,101.0,1231.0,9415.0,8992.0,655.0,28.0,16229.0,19132.0,-11.0,16488.0,348.0,0.0,28430.0,51.0,Pass
l3342.txm,98.5469,752.0,753.0,132.0,0.0,537.0,100.0,1229.0,9405.0,8910.0,451.0,28.0,16173.0,19012.0,133.0,16598.0,351.0,0.0,28242.0,51.0,Pass
l3342.txm,99.5469,751.0,753.0,132.0,0.0,534.0,100.0,1227.0,9403.0,8951.0,316.0,28.0,16046.0,19096.0,121.0,16584.0,350.0,0.0,28306.0,51.0,Pass
l3342.txm,100.547,752.0,753.0,133.0,0.0,535.0,100.0,1230.0,9421.0,8935.0,114.0,28.0,16414.0,19034.0,-262.0,16684.0,349.0,0.0,28246.0,51.0,Pass
l3342.txm,101.578,751.0,753.0,132.0,0.0,532.0,100.0,1232.0,9435.0,8906.0,414.0,28.0,16286.0,19144.0,20.0,16698.0,345.0,0.0,28458.0,51.0,Pass
l3342.txm,102.609,752.0,753.0,131.0,0.0,535.0,100.0,1229.0,9395.0,8955.0,320.0,28.0,16185.0,18980.0,111.0,16664.0,351.0,0.0,28478.0,51.0,Pass
l3342.txm,103.625,752.0,753.0,131.0,0.0,540.0,99.0,1229.0,9373.0,8968.0,463.0,28.0,16258.0,18992.0,378.0,16640.0,356.0,0.0,28428.0,51.0,Pass
l3342.txm,104.672,752.0,754.0,131.0,0.0,539.0,100.0,1231.0,9380.0,8970.0,662.0,28.0,15951.0,19108.0,146.0,16520.0,349.0,0.0,28280.0,51.0,Pass
l3342.txm,105.656,752.0,752.0,133.0,0.0,536.0,99.0,1230.0,9455.0,8897.0,-125.0,28.0,16088.0,18996.0,149.0,16652.0,348.0,0.0,28282.0,51.0,Pass
l3343.txm,56.6875,752.0,753.0,131.0,0.0,387.0,100.0,1291.0,9362.0,8992.0,-1289.0,31.0,16089.0,19624.0,-393.0,16782.0,342.0,0.0,27816.0,49.0,Pass
l3343.txm,57.6875,752.0,753.0,136.0,0.0,356.0,99.0,1298.0,9437.0,8962.0,-681.0,31.0,16747.0,19792.0,1.0,16174.0,358.0,0.0,27876.0,49.0,Pass
l3343.txm,58.75,752.0,753.0,134.0,0.0,362.0,102.0,1217.0,9446.0,8988.0,545.0,29.0,17152.0,19782.0,26.0,16410.0,351.0,0.0,27882.0,51.0,Pass
l3343.txm,59.75,752.0,753.0,132.0,0.0,352.0,101.0,1223.0,9395.0,9025.0,-134.0,30.0,16422.0,19786.0,26.0,16536.0,342.0,0.0,27874.0,50.0,Pass
l3343.txm,60.7656,752.0,754.0,131.0,0.0,352.0,100.0,1235.0,9394.0,8998.0,41.0,30.0,16615.0,19780.0,135.0,16508.0,344.0,0.0,27874.0,50.0,Pass
l3343.txm,61.7812,752.0,754.0,131.0,0.0,351.0,101.0,1228.0,9395.0,9017.0,-91.0,30.0,16375.0,19780.0,-402.0,16672.0,346.0,0.0,27870.0,51.0,Pass
l3343.txm,62.7969,752.0,754.0,135.0,0.0,341.0,101.0,1225.0,9475.0,8941.0,-816.0,30.0,16673.0,19784.0,-413.0,16848.0,355.0,0.0,27860.0,51.0,Pass
l3343.txm,63.8281,752.0,753.0,132.0,0.0,344.0,100.0,1226.0,9388.0,8999.0,-422.0,30.0,16867.0,19784.0,-574.0,16858.0,352.0,0.0,27818.0,50.0,Pass
l3343.txm,64.8437,752.0,753.0,135.0,0.0,334.0,101.0,1230.0,9448.0,8961.0,-979.0,31.0,16378.0,19776.0,103.0,16654.0,342.0,0.0,27742.0,50.0,Pass
l3343.txm,65.8594,752.0,753.0,134.0,0.0,331.0,101.0,1227.0,9455.0,8938.0,-1123.0,31.0,16276.0,19766.0,29.0,16714.0,356.0,0.0,27736.0,51.0,Pass
l3343.txm,66.875,751.0,753.0,132.0,0.0,325.0,101.0,1223.0,9430.0,8945.0,-1365.0,31.0,16277.0,19774.0,-6.0,16844.0,351.0,0.0,27738.0,50.0,Pass
l3343.txm,67.9062,752.0,754.0,134.0,0.0,308.0,101.0,1222.0,9427.0,8980.0,-1615.0,31.0,16110.0,20110.0,-299.0,16428.0,355.0,0.0,27596.0,50.0,Pass
l3343.txm,68.9219,751.0,753.0,135.0,0.0,301.0,102.0,1218.0,9470.0,8975.0,-1401.0,31.0,16243.0,19964.0,-453.0,16746.0,341.0,0.0,27526.0,50.0,Pass
l3343.txm,69.9375,752.0,753.0,132.0,0.0,289.0,100.0,1228.0,9463.0,8986.0,-1626.0,32.0,16240.0,20102.0,-680.0,16428.0,357.0,0.0,27394.0,50.0,Pass
l3343.txm,70.9844,752.0,753.0,133.0,0.0,289.0,99.0,1226.0,9477.0,8979.0,-1508.0,32.0,16406.0,20266.0,-464.0,16744.0,353.0,0.0,27384.0,50.0,Pass
l3343.txm,72.0156,752.0,753.0,134.0,0.0,308.0,102.0,1233.0,9488.0,8991.0,-885.0,31.0,16550.0,20172.0,-55.0,16120.0,345.0,0.0,27548.0,50.0,Pass
l3343.txm,73.0156,752.0,753.0,133.0,0.0,336.0,100.0,1240.0,9421.0,9060.0,1292.0,28.0,16854.0,19916.0,162.0,16818.0,347.0,0.0,27900.0,50.0,Pass
l3343.txm,74.0469,752.0,754.0,134.0,0.0,390.0,100.0,1237.0,9465.0,8975.0,664.0,27.0,17466.0,19938.0,752.0,16054.0,347.0,0.0,28032.0,50.0,Pass
l3343.txm,75.0781,752.0,753.0,132.0,0.0,443.0,100.0,1235.0,9360.0,9002.0,822.0,28.0,16950.0,19602.0,66.0,16320.0,347.0,0.0,28106.0,51.0,Pass
l3343.txm,76.0937,752.0,754.0,135.0,0.0,502.0,100.0,1231.0,9399.0,8982.0,754.0,27.0,17041.0,19310.0,-271.0,16422.0,351.0,0.0,28378.0,51.0,Pass
l3343.txm,77.125,752.0,754.0,133.0,0.0,522.0,102.0,1228.0,9433.0,8929.0,1324.0,28.0,16647.0,19028.0,102.0,16646.0,355.0,0.0,28410.0,51.0,Pass
l3343.txm,78.1562,752.0,753.0,132.0,0.0,527.0,102.0,1228.0,9374.0,8973.0,823.0,28.0,16702.0,18996.0,100.0,16514.0,343.0,0.0,28278.0,51.0,Pass
l3343.txm,79.1562,752.0,753.0,131.0,0.0,528.0,100.0,1227.0,9427.0,8907.0,1267.0,28.0,16848.0,19022.0,75.0,16440.0,344.0,0.0,28464.0,51.0,Pass
l3343.txm,80.1719,752.0,754.0,134.0,0.0,528.0,101.0,1228.0,9374.0,8987.0,680.0,28.0,16995.0,19042.0,101.0,16424.0,353.0,0.0,28282.0,51.0,Pass
l3343.txm,81.1875,752.0,753.0,134.0,0.0,531.0,101.0,1227.0,9349.0,9016.0,51.0,28.0,17047.0,19140.0,152.0,16556.0,347.0,0.0,28450.0,51.0,Pass
l3343.txm,82.2031,752.0,754.0,132.0,0.0,528.0,101.0,1227.0,9373.0,8948.0,1052.0,28.0,16744.0,19150.0,145.0,16474.0,339.0,0.0,28276.0,51.0,Pass
l3343.txm,83.2344,752.0,754.0,132.0,0.0,532.0,101.0,1230.0,9374.0,8965.0,822.0,28.0,16757.0,19102.0,-95.0,16512.0,342.0,0.0,28410.0,51.0,Pass
l3343.txm,84.25,752.0,753.0,135.0,0.0,528.0,102.0,1226.0,9370.0,8988.0,1154.0,28.0,17003.0,18986.0,-8.0,16566.0,343.0,0.0,28458.0,51.0,Pass
l3343.txm,85.2812,752.0,753.0,133.0,0.0,537.0,101.0,1226.0,9356.0,8936.0,701.0,28.0,16687.0,19144.0,-59.0,16694.0,355.0,0.0,28418.0,51.0,Pass
l3343.txm,86.2812,751.0,753.0,131.0,0.0,531.0,102.0,1229.0,9404.0,8926.0,714.0,28.0,16934.0,19152.0,122.0,16500.0,355.0,0.0,28462.0,51.0,Pass
l3343.txm,87.3125,752.0,753.0,134.0,0.0,536.0,99.0,1228.0,9346.0,9012.0,964.0,28.0,16689.0,19086.0,-7.0,16496.0,345.0,0.0,28474.0,51.0,Pass
l3343.txm,88.3281,752.0,754.0,135.0,0.0,533.0,101.0,1229.0,9350.0,8986.0,478.0,28.0,17058.0,19014.0,130.0,16568.0,351.0,0.0,28418.0,51.0,Pass
l3343.txm,89.3594,752.0,753.0,132.0,0.0,534.0,101.0,1227.0,9433.0,8932.0,1008.0,28.0,16606.0,19122.0,542.0,16602.0,345.0,0.0,28238.0,51.0,Pass
l3343.txm,90.4062,751.0,753.0,133.0,0.0,535.0,101.0,1226.0,9359.0,8986.0,803.0,28.0,16730.0,19114.0,114.0,16580.0,346.0,0.0,28446.0,51.0,Pass
l3343.txm,91.4219,751.0,754.0,133.0,0.0,535.0,102.0,1226.0,9389.0,8960.0,1065.0,28.0,16900.0,19040.0,-94.0,16402.0,350.0,0.0,28428.0,51.0,Pass
l3343.txm,92.4531,752.0,752.0,133.0,0.0,534.0,101.0,1227.0,9347.0,8989.0,889.0,28.0,16531.0,19078.0,-459.0,16388.0,347.0,0.0,28452.0,51.0,Pass
l3343.txm,93.4531,752.0,755.0,134.0,0.0,529.0,101.0,1226.0,9357.0,9001.0,1004.0,28.0,16739.0,19088.0,-46.0,16552.0,347.0,0.0,28422.0,51.0,Pass
l3343.txm,94.4844,752.0,753.0,133.0,0.0,537.0,101.0,1230.0,9336.0,8954.0,285.0,28.0,17098.0,19146.0,70.0,16556.0,345.0,0.0,28248.0,51.0,Pass
l3343.txm,95.5,752.0,752.0,132.0,0.0,535.0,100.0,1228.0,9398.0,8973.0,1105.0,28.0,16776.0,19138.0,-39.0,16642.0,352.0,0.0,28280.0,51.0,Pass
l3343.txm,96.5312,752.0,754.0,134.0,0.0,535.0,101.0,1228.0,9418.0,8953.0,201.0,28.0,16998.0,19050.0,128.0,16438.0,351.0,0.0,28280.0,51.0,Pass
l3343.txm,97.5625,752.0,754.0,131.0,0.0,533.0,101.0,1227.0,9347.0,9006.0,967.0,28.0,16785.0,19070.0,39.0,16522.0,350.0,0.0,28232.0,51.0,Pass
l3343.txm,98.5625,752.0,753.0,136.0,0.0,534.0,100.0,1228.0,9368.0,8965.0,78.0,28.0,16890.0,19054.0,-85.0,16560.0,347.0,0.0,28428.0,51.0,Pass
l3343.txm,99.5781,751.0,754.0,132.0,0.0,534.0,100.0,1228.0,9397.0,8931.0,874.0,28.0,16762.0,19076.0,-92.0,16572.0,345.0,0.0,28458.0,51.0,Pass
l3343.txm,100.609,752.0,754.0,132.0,0.0,535.0,99.0,1226.0,9414.0,8901.0,1127.0,28.0,16832.0,18978.0,-445.0,16612.0,351.0,0.0,28424.0,51.0,Pass
l3343.txm,101.609,751.0,753.0,132.0,0.0,537.0,100.0,1227.0,9419.0,8929.0,1313.0,28.0,16593.0,19144.0,78.0,16610.0,350.0,0.0,28252.0,51.0,Pass
l3343.txm,102.641,751.0,753.0,132.0,0.0,539.0,102.0,1228.0,9387.0,8907.0,832.0,28.0,16683.0,19094.0,28.0,16588.0,351.0,0.0,28446.0,51.0,Pass
l3343.txm,103.656,752.0,754.0,134.0,0.0,533.0,102.0,1227.0,9379.0,8958.0,1135.0,28.0,16740.0,19016.0,89.0,16602.0,350.0,0.0,28428.0,51.0,Pass
l3343.txm,104.688,752.0,753.0,131.0,0.0,538.0,102.0,1226.0,9365.0,8973.0,1161.0,28.0,16920.0,19110.0,7.0,16464.0,346.0,0.0,28446.0,51.0,Pass
l3343.txm,105.687,752.0,754.0,134.0,0.0,534.0,102.0,1227.0,9426.0,8934.0,606.0,28.0,16640.0,18982.0,134.0,16658.0,346.0,0.0,28444.0,51.0,Pass
l3343.txm,106.719,752.0,754.0,132.0,0.0,531.0,102.0,1227.0,9357.0,8937.0,1249.0,28.0,16593.0,19056.0,-34.0,16714.0,348.0,0.0,28230.0,51.0,Pass
l3343.txm,107.75,752.0,754.0,132.0,0.0,534.0,100.0,1227.0,9434.0,8920.0,1155.0,28.0,16522.0,19046.0,139.0,16560.0,353.0,0.0,28278.0,51.0,Pass
l3343.txm,108.766,751.0,752.0,132.0,0.0,529.0,101.0,1226.0,9346.0,8990.0,799.0,28.0,16815.0,19114.0,72.0,16630.0,355.0,0.0,28240.0,51.0,Pass
l2915.txm,58.1982,751.0,754.0,132.0,0.0,945.0,101.0,1219.0,9477.0,8897.0,-643.0,23.0,16522.0,19478.0,-94.0,16318.0,350.8627450980395,0.0,27696.0,49.0,Fail
l2915.txm,59.248,752.0,753.0,134.0,0.0,921.0,100.0,1206.0,9505.0,8891.0,-250.0,23.0,16466.0,19506.0,-570.0,16510.0,350.8627450980395,0.0,27598.0,49.0,Fail
l2915.txm,60.2373,752.0,753.0,134.0,0.0,910.0,101.0,1191.0,9472.0,8963.0,72.0,22.0,16702.0,19516.0,70.0,16568.0,352.8627450980395,0.0,27746.0,50.0,Fail
l2915.txm,61.2583,752.0,753.0,133.0,0.0,899.0,100.0,1183.0,9469.0,8969.0,823.0,21.0,16680.0,19548.0,-347.0,16586.0,342.8627450980395,0.0,27666.0,50.0,Fail
l2915.txm,62.2793,752.0,753.0,132.0,0.0,894.0,100.0,1188.0,9544.0,8894.0,676.0,21.0,16730.0,19532.0,-86.0,16512.0,346.8627450980395,0.0,27742.0,50.0,Fail
l2915.txm,63.2983,752.0,752.0,135.0,0.0,879.0,100.0,1181.0,9504.0,8904.0,-222.0,22.0,16446.0,19528.0,-298.0,16680.0,352.8627450980395,0.0,27706.0,50.0,Fail
l2915.txm,64.3472,752.0,753.0,132.0,0.0,867.0,101.0,1187.0,9543.0,8882.0,567.0,21.0,16979.0,19538.0,-661.0,16596.0,346.8627450980395,0.0,27748.0,50.0,Fail
l2915.txm,65.3682,751.0,753.0,134.0,0.0,866.0,102.0,1181.0,9498.0,8906.0,24.0,23.0,16363.0,19564.0,121.0,16796.0,354.8627450980395,0.0,27696.0,50.0,Fail
l2915.txm,66.3882,752.0,754.0,135.0,0.0,849.0,100.0,1187.0,9529.0,8947.0,-239.0,21.0,16964.0,19426.0,-520.0,16692.0,348.8627450980395,0.0,27670.0,50.0,Fail
l2915.txm,67.4082,752.0,755.0,134.0,0.0,841.0,101.0,1180.0,9508.0,8906.0,-699.0,23.0,16152.0,19554.0,-380.0,16686.0,344.8627450980395,0.0,27710.0,50.0,Fail
l2915.txm,68.4282,751.0,753.0,132.0,0.0,820.0,101.0,1189.0,9462.0,8970.0,-723.0,23.0,16259.0,19472.0,-296.0,16804.0,349.8627450980395,0.0,27626.0,50.0,Fail
l2915.txm,69.4482,752.0,752.0,135.0,0.0,787.0,100.0,1176.0,9504.0,8929.0,-1305.0,24.0,15933.0,19706.0,-485.0,16464.0,355.8627450980395,0.0,27478.0,50.0,Fail
l2915.txm,70.4683,752.0,753.0,136.0,0.0,756.0,100.0,1177.0,9493.0,8908.0,-1408.0,25.0,16099.0,19790.0,-258.0,16798.0,346.8627450980395,0.0,27486.0,49.0,Fail
l2915.txm,71.5132,751.0,753.0,133.0,0.0,734.0,99.0,1182.0,9489.0,8935.0,-1374.0,25.0,16041.0,19860.0,-670.0,16844.0,342.8627450980395,0.0,27354.0,49.0,Fail
l2915.txm,72.5083,752.0,753.0,133.0,0.0,740.0,101.0,1187.0,9462.0,8994.0,-1055.0,24.0,16125.0,20058.0,-435.0,16466.0,349.8627450980395,0.0,27412.0,49.0,Fail
l2915.txm,73.5283,752.0,753.0,134.0,0.0,795.0,101.0,1194.0,9471.0,9011.0,-487.0,22.0,16549.0,19818.0,492.0,16040.0,343.8627450980395,0.0,27576.0,49.0,Fail
l2915.txm,74.5483,751.0,753.0,135.0,0.0,902.0,102.0,1194.0,9532.0,8913.0,911.0,20.0,17153.0,19618.0,16.0,16462.0,344.8627450980395,0.0,27848.0,49.0,Fail
l2915.txm,75.5693,752.0,754.0,134.0,0.0,1024.0,101.0,1191.0,9424.0,8982.0,1329.0,20.0,16901.0,19550.0,472.0,16262.0,345.8627450980395,0.0,28040.0,50.0,Fail
l2915.txm,76.5884,752.0,753.0,135.0,0.0,1127.0,101.0,1186.0,9497.0,8891.0,734.0,19.0,17260.0,19352.0,1090.0,16378.0,348.8627450980395,0.0,28066.0,50.0,Fail
l2915.txm,77.6084,751.0,753.0,132.0,0.0,1268.0,102.0,1183.0,9386.0,8887.0,-155.0,21.0,16397.0,19074.0,27.0,16760.0,342.8627450980395,0.0,28036.0,50.0,Fail
l2915.txm,78.6284,752.0,754.0,134.0,0.0,1306.0,101.0,1186.0,9418.0,8874.0,-486.0,21.0,16753.0,18842.0,-79.0,16712.0,346.8627450980395,0.0,28088.0,50.0,Fail
l2915.txm,79.6479,752.0,754.0,134.0,0.0,1307.0,100.0,1185.0,9390.0,8917.0,-66.0,21.0,16662.0,18730.0,49.0,16594.0,353.8627450980395,0.0,28134.0,50.0,Fail
l2915.txm,80.668,751.0,753.0,132.0,0.0,1311.0,101.0,1183.0,9417.0,8886.0,292.0,21.0,16199.0,18986.0,-2.0,16698.0,349.8627450980395,0.0,28070.0,50.0,Fail
l2915.txm,81.688,752.0,753.0,132.0,0.0,1313.0,100.0,1184.0,9397.0,8919.0,-34.0,21.0,16533.0,18770.0,716.0,16674.0,347.8627450980395,0.0,28130.0,50.0,Fail
l2915.txm,82.708,752.0,753.0,133.0,0.0,1312.0,102.0,1183.0,9439.0,8894.0,-75.0,22.0,16725.0,18768.0,156.0,16712.0,354.8627450980395,0.0,28056.0,50.0,Fail
l2915.txm,83.7534,751.0,754.0,135.0,0.0,1320.0,100.0,1186.0,9385.0,8888.0,196.0,21.0,16513.0,18908.0,662.0,16692.0,350.8627450980395,0.0,28208.0,50.0,Fail
l2915.txm,84.7783,751.0,753.0,134.0,0.0,1319.0,100.0,1184.0,9423.0,8851.0,-424.0,21.0,16492.0,19006.0,-31.0,16610.0,343.8627450980395,0.0,28068.0,50.0,Fail
l2915.txm,85.7983,752.0,753.0,134.0,0.0,1321.0,102.0,1185.0,9435.0,8829.0,58.0,22.0,16427.0,18762.0,115.0,16624.0,359.8627450980395,0.0,28232.0,50.0,Fail
l2915.txm,86.8184,752.0,753.0,132.0,0.0,1326.0,100.0,1185.0,9432.0,8811.0,-498.0,22.0,16584.0,18742.0,700.0,16706.0,355.8627450980395,0.0,28150.0,50.0,Fail
l2915.txm,87.8384,751.0,754.0,135.0,0.0,1323.0,100.0,1186.0,9411.0,8829.0,-599.0,21.0,16453.0,18860.0,76.0,16634.0,356.8627450980395,0.0,28188.0,50.0,Fail
l2915.txm,88.8584,752.0,754.0,133.0,0.0,1326.0,100.0,1184.0,9396.0,8904.0,193.0,21.0,16225.0,18962.0,146.0,16734.0,346.8627450980395,0.0,28086.0,50.0,Fail
l2915.txm,89.8813,752.0,752.0,133.0,0.0,1330.0,101.0,1184.0,9401.0,8903.0,-144.0,21.0,16654.0,18964.0,-290.0,16600.0,342.8627450980395,0.0,28138.0,50.0,Fail
l2915.txm,90.9082,752.0,753.0,135.0,0.0,1334.0,100.0,1186.0,9439.0,8859.0,-44.0,21.0,16276.0,18724.0,152.0,16644.0,356.8627450980395,0.0,28226.0,50.0,Fail
l2915.txm,91.9551,752.0,753.0,134.0,0.0,1337.0,100.0,1187.0,9431.0,8825.0,-95.0,21.0,16229.0,18724.0,832.0,16776.0,341.8627450980395,0.0,28140.0,50.0,Fail
l2915.txm,92.9482,752.0,754.0,132.0,0.0,1331.0,101.0,1186.0,9417.0,8857.0,-9.0,21.0,16387.0,18990.0,-394.0,16552.0,343.8627450980395,0.0,28148.0,50.0,Fail
l2915.txm,93.9683,752.0,753.0,131.0,0.0,1330.0,100.0,1183.0,9458.0,8832.0,-61.0,21.0,16437.0,18894.0,103.0,16572.0,343.8627450980395,0.0,28126.0,50.0,Fail
l2915.txm,94.9883,752.0,755.0,134.0,0.0,1337.0,100.0,1185.0,9427.0,8875.0,-313.0,22.0,16690.0,18784.0,49.0,16594.0,353.8627450980395,0.0,28190.0,50.0,Fail
l2915.txm,96.0083,752.0,754.0,134.0,0.0,1338.0,101.0,1184.0,9439.0,8839.0,-256.0,21.0,16645.0,18826.0,85.0,16642.0,354.8627450980395,0.0,28180.0,50.0,Fail
l2915.txm,97.0283,752.0,754.0,134.0,0.0,1341.0,102.0,1185.0,9381.0,8906.0,-569.0,21.0,16553.0,18746.0,146.0,16808.0,347.8627450980395,0.0,28160.0,50.0,Fail
l2915.txm,98.0591,751.0,752.0,133.0,0.0,1339.0,100.0,1184.0,9440.0,8869.0,497.0,21.0,16091.0,18730.0,-422.0,16866.0,341.8627450980395,0.0,28152.0,50.0,Fail
l2915.txm,99.104,752.0,754.0,131.0,0.0,1342.0,100.0,1186.0,9455.0,8813.0,67.0,21.0,16185.0,18732.0,418.0,16748.0,342.8627450980395,0.0,28056.0,50.0,Fail
l2915.txm,100.097,751.0,753.0,133.0,0.0,1341.0,100.0,1186.0,9397.0,8888.0,-448.0,21.0,16466.0,18752.0,37.0,16634.0,342.8627450980395,0.0,28068.0,50.0,Fail
l2915.txm,101.118,752.0,753.0,131.0,0.0,1344.0,101.0,1187.0,9403.0,8867.0,19.0,21.0,16698.0,18810.0,58.0,16556.0,350.8627450980395,0.0,28076.0,50.0,Fail
l2915.txm,102.138,752.0,753.0,133.0,0.0,1339.0,101.0,1184.0,9400.0,8880.0,-192.0,22.0,16152.0,18754.0,152.0,16614.0,350.8627450980395,0.0,28146.0,50.0,Fail
l2915.txm,103.158,751.0,753.0,131.0,0.0,1344.0,102.0,1186.0,9401.0,8889.0,-4.0,22.0,16524.0,18798.0,264.0,16640.0,353.8627450980395,0.0,28158.0,50.0,Fail
l2915.txm,104.179,752.0,753.0,135.0,0.0,1344.0,101.0,1186.0,9386.0,8874.0,-392.0,21.0,16618.0,18860.0,38.0,16632.0,355.8627450980395,0.0,28182.0,50.0,Fail
l2915.txm,105.198,752.0,753.0,133.0,0.0,1342.0,100.0,1186.0,9371.0,8849.0,-38.0,21.0,16672.0,18908.0,666.0,16772.0,347.8627450980395,0.0,28072.0,50.0,Fail
l2915.txm,106.219,752.0,753.0,134.0,0.0,1340.0,101.0,1187.0,9436.0,8870.0,-177.0,21.0,16289.0,18834.0,508.0,16686.0,349.8627450980395,0.0,28086.0,50.0,Fail
l2915.txm,107.239,751.0,753.0,132.0,0.0,1340.0,102.0,1185.0,9430.0,8847.0,374.0,21.0,16309.0,18816.0,-287.0,16640.0,343.8627450980395,0.0,28100.0,50.0,Fail
l2915.txm,108.258,752.0,754.0,132.0,0.0,1340.0,100.0,1185.0,9437.0,8873.0,187.0,21.0,16416.0,18912.0,122.0,16794.0,354.8627450980395,0.0,28138.0,50.0,Fail
l2915.txm,109.279,752.0,754.0,134.0,0.0,1338.0,101.0,1184.0,9446.0,8836.0,-102.0,21.0,16474.0,18808.0,117.0,16744.0,353.8627450980395,1.0,28112.0,50.0,Fail
l2915.txm,110.298,752.0,753.0,133.0,0.0,1344.0,101.0,1186.0,9395.0,8919.0,-234.0,21.0,16593.0,18788.0,32.0,16646.0,344.8627450980395,0.0,28140.0,50.0,Fail
l2915.txm,111.318,751.0,753.0,132.0,0.0,1340.0,100.0,1184.0,9455.0,8830.0,-231.0,21.0,16271.0,18738.0,98.0,16516.0,352.8627450980395,0.0,28046.0,50.0,Fail
l2915.txm,112.364,751.0,753.0,131.0,0.0,1343.0,102.0,1186.0,9455.0,8832.0,-355.0,21.0,16632.0,18740.0,-322.0,16790.0,345.8627450980395,0.0,28042.0,50.0,Fail
l2916.txm,60.7798,752.0,753.0,136.16778711484596,0.0,776.0,101.0,1203.0,9410.0,9000.0,-392.0,24.0,16172.0,19830.0,35.0,16354.0,350.0,0.0,27368.0,49.0,Fail
l2916.txm,61.7988,752.0,754.0,134.16778711484596,0.0,719.0,102.0,1199.0,9427.0,9017.0,-297.0,24.0,16149.0,19864.0,-395.0,16388.0,345.0,0.0,27372.0,49.0,Fail
l2916.txm,62.8188,752.0,753.0,134.16778711484596,0.0,707.0,101.0,1189.0,9420.0,8976.0,-142.0,24.0,16288.0,19876.0,-323.0,16420.0,346.0,0.0,27458.0,49.0,Fail
l2916.txm,63.8389,751.0,754.0,135.16778711484596,0.0,702.0,100.0,1183.0,9466.0,8961.0,-240.0,24.0,16109.0,19888.0,-871.0,16664.0,351.0,0.0,27512.0,49.0,Fail
l2916.txm,64.8599,752.0,754.0,132.16778711484596,0.0,688.0,101.0,1186.0,9429.0,9006.0,-478.0,24.0,16006.0,19894.0,-423.0,16730.0,352.0,0.0,27362.0,49.0,Fail
l2916.txm,65.8799,752.0,754.0,133.16778711484596,0.0,682.0,100.0,1188.0,9456.0,8948.0,-250.0,24.0,16335.0,20034.0,-707.0,16500.0,350.0,0.0,27520.0,49.0,Fail
l2916.txm,66.8999,752.0,754.0,135.16778711484596,0.0,674.0,100.0,1184.0,9496.0,8974.0,-1100.0,24.0,16239.0,19978.0,-18.0,16678.0,355.0,0.0,27486.0,49.0,Fail
l2916.txm,67.9761,752.0,753.0,133.16778711484596,0.0,671.0,100.0,1185.0,9468.0,8977.0,-857.0,24.0,16090.0,20018.0,-298.0,16684.0,354.0,0.0,27414.0,49.0,Fail
l2916.txm,68.9888,752.0,755.0,131.16778711484596,0.0,660.0,100.0,1187.0,9439.0,8936.0,-1498.0,23.0,16323.0,20006.0,434.0,16610.0,359.0,0.0,27340.0,49.0,Fail
l2916.txm,70.0098,752.0,752.0,132.16778711484596,0.0,656.0,100.0,1185.0,9463.0,8954.0,-1135.0,23.0,16031.0,19990.0,-393.0,16558.0,347.0,0.0,27334.0,49.0,Fail
l2916.txm,71.0288,751.0,751.0,135.16778711484596,0.0,642.0,101.0,1183.0,9429.0,8971.0,-1404.0,23.0,16242.0,20052.0,68.0,16554.0,346.0,1.0,27322.0,49.0,Fail
l2916.txm,72.0488,752.0,753.0,132.16778711484596,0.0,627.0,102.0,1181.0,9425.0,9015.0,-1606.0,23.0,16034.0,20000.0,-397.0,16414.0,359.0,0.0,27286.0,49.0,Fail
l2916.txm,73.0688,752.0,753.0,136.16778711484596,0.0,614.0,102.0,1182.0,9430.0,9022.0,-1076.0,23.0,16423.0,19956.0,-580.0,16712.0,355.0,0.0,27344.0,49.0,Fail
l2916.txm,74.1147,752.0,753.0,131.16778711484596,0.0,584.0,100.0,1179.0,9445.0,9044.0,-1349.0,24.0,16266.0,20164.0,-678.0,16544.0,343.0,0.0,27198.0,49.0,Fail
l2916.txm,75.1089,752.0,753.0,135.16778711484596,0.0,565.0,101.0,1179.0,9503.0,9047.0,-1817.0,24.0,16003.0,20232.0,-533.0,16318.0,352.0,0.0,27068.0,49.0,Fail
l2916.txm,76.1299,752.0,752.0,132.16778711484596,0.0,550.0,100.0,1181.0,9507.0,9063.0,-525.0,23.0,16129.0,20364.0,-498.0,16470.0,350.0,0.0,27096.0,49.0,Fail
l2916.txm,77.1499,752.0,754.0,133.16778711484596,0.0,570.0,100.0,1189.0,9492.0,9051.0,-1361.0,23.0,16109.0,20312.0,34.0,16188.0,355.0,0.0,27068.0,49.0,Fail
l2916.txm,78.1699,751.0,754.0,134.16778711484596,0.0,628.0,100.0,1194.0,9589.0,8971.0,-699.0,23.0,16322.0,20368.0,1240.0,16204.0,344.0,0.0,27504.0,49.0,Fail
l2916.txm,79.1899,753.0,753.0,133.16778711484596,0.0,682.0,101.0,1196.0,9514.0,9044.0,288.0,21.0,16605.0,20060.0,990.0,16524.0,344.0,0.0,27582.0,49.0,Fail
l2916.txm,80.21,752.0,753.0,132.16778711484596,0.0,778.0,101.0,1191.0,9468.0,9015.0,483.0,21.0,17064.0,20022.0,288.0,16136.0,342.0,0.0,27732.0,49.0,Fail
l2916.txm,81.229,752.0,753.0,134.16778711484596,0.0,879.0,102.0,1186.0,9474.0,8977.0,702.0,21.0,17207.0,19770.0,414.0,16300.0,343.0,0.0,27782.0,50.0,Fail
l2916.txm,82.25,751.0,754.0,131.16778711484596,0.0,989.0,100.0,1190.0,9436.0,8947.0,1219.0,20.0,16877.0,19380.0,154.0,16442.0,350.0,0.0,27792.0,50.0,Fail
l2916.txm,83.269,751.0,753.0,133.16778711484596,0.0,1019.0,100.0,1185.0,9445.0,9025.0,587.0,20.0,16814.0,19334.0,-332.0,16524.0,349.0,0.0,27992.0,50.0,Fail
l2916.txm,84.2891,752.0,754.0,132.16778711484596,0.0,1020.0,101.0,1187.0,9420.0,9024.0,1143.0,20.0,16756.0,19294.0,-333.0,16606.0,345.0,0.0,28012.0,50.0,Fail
l2916.txm,85.3101,751.0,753.0,135.16778711484596,0.0,1027.0,100.0,1187.0,9472.0,8958.0,921.0,21.0,16851.0,19102.0,350.0,16430.0,347.0,0.0,27986.0,50.0,Fail
l2916.txm,86.355,752.0,754.0,134.16778711484596,0.0,1027.0,100.0,1181.0,9411.0,9009.0,125.0,21.0,16965.0,19302.0,-90.0,16528.0,349.0,0.0,28006.0,50.0,Fail
l2916.txm,87.3789,752.0,752.0,132.16778711484596,0.0,1033.0,100.0,1189.0,9449.0,8993.0,829.0,21.0,17036.0,19248.0,78.0,16512.0,346.0,0.0,27758.0,50.0,Fail
l2916.txm,88.3999,751.0,752.0,132.16778711484596,0.0,1032.0,100.0,1185.0,9479.0,8924.0,837.0,21.0,16803.0,19200.0,101.0,16594.0,352.0,0.0,28014.0,50.0,Fail
l2916.txm,89.4199,752.0,754.0,135.16778711484596,0.0,1040.0,101.0,1191.0,9425.0,9004.0,777.0,20.0,16824.0,19258.0,29.0,16558.0,352.0,0.0,27756.0,50.0,Fail
l2916.txm,90.439,752.0,752.0,133.16778711484596,0.0,1038.0,101.0,1180.0,9417.0,9004.0,863.0,21.0,16652.0,19180.0,137.0,16610.0,356.0,0.0,27872.0,50.0,Fail
l2916.txm,91.459,752.0,753.0,134.16778711484596,0.0,1042.0,102.0,1190.0,9470.0,8977.0,671.0,21.0,16965.0,19224.0,27.0,16418.0,356.0,0.0,27894.0,50.0,Fail
l2916.txm,92.48,751.0,753.0,134.16778711484596,0.0,1037.0,101.0,1182.0,9442.0,9005.0,374.0,21.0,17145.0,19148.0,16.0,16678.0,349.0,0.0,27760.0,50.0,Fail
l2916.txm,93.499,752.0,753.0,132.16778711484596,0.0,1040.0,100.0,1188.0,9466.0,8946.0,1052.0,20.0,16981.0,19172.0,-84.0,16576.0,347.0,0.0,27774.0,50.0,Fail
l2916.txm,94.52,752.0,753.0,132.16778711484596,0.0,1043.0,100.0,1182.0,9401.0,9001.0,799.0,21.0,16433.0,19240.0,61.0,16512.0,347.0,0.0,28020.0,50.0,Fail
l2916.txm,95.5391,752.0,754.0,134.16778711484596,0.0,1041.0,100.0,1191.0,9426.0,9000.0,452.0,20.0,17087.0,19112.0,155.0,16632.0,351.0,0.0,27754.0,50.0,Fail
l2916.txm,96.5601,751.0,753.0,133.16778711484596,0.0,1038.0,101.0,1181.0,9405.0,9004.0,270.0,21.0,16976.0,19306.0,89.0,16598.0,346.0,0.0,28016.0,50.0,Fail
l2916.txm,97.5801,752.0,753.0,132.16778711484596,0.0,1053.0,101.0,1189.0,9472.0,8956.0,1425.0,20.0,17079.0,19302.0,52.0,16574.0,348.0,0.0,28042.0,50.0,Fail
l2916.txm,98.646,751.0,753.0,131.16778711484596,0.0,1046.0,101.0,1181.0,9457.0,8926.0,1138.0,21.0,16650.0,19084.0,126.0,16600.0,344.0,0.0,27968.0,50.0,Fail
l2916.txm,99.6689,752.0,754.0,132.16778711484596,0.0,1050.0,102.0,1189.0,9444.0,8992.0,928.0,20.0,16707.0,19330.0,-50.0,16402.0,347.0,0.0,27820.0,50.0,Fail
l2916.txm,100.69,752.0,753.0,133.16778711484596,0.0,1049.0,100.0,1181.0,9389.0,8974.0,659.0,21.0,16935.0,19330.0,45.0,16626.0,355.0,0.0,27826.0,50.0,Fail
l2916.txm,101.71,751.0,753.0,134.16778711484596,0.0,1048.0,100.0,1189.0,9472.0,8952.0,366.0,21.0,16798.0,19326.0,548.0,16268.0,353.0,0.0,27820.0,50.0,Fail
l2916.txm,102.73,752.0,753.0,133.16778711484596,0.0,1050.0,101.0,1184.0,9468.0,8968.0,-97.0,21.0,16996.0,19250.0,342.0,16416.0,356.0,0.0,27910.0,50.0,Fail
l2916.txm,103.75,752.0,753.0,132.16778711484596,0.0,1050.0,102.0,1191.0,9437.0,8941.0,1090.0,20.0,16680.0,19244.0,106.0,16492.0,354.0,1.0,27914.0,50.0,Fail
l2916.txm,104.77,751.0,754.0,132.16778711484596,0.0,1051.0,101.0,1183.0,9422.0,8999.0,1105.0,21.0,16796.0,19194.0,-86.0,16690.0,344.0,0.0,27892.0,50.0,Fail
l2916.txm,105.79,752.0,755.0,135.16778711484596,0.0,1050.0,100.0,1186.0,9472.0,8956.0,875.0,20.0,17163.0,19280.0,143.0,16280.0,353.0,0.0,27792.0,50.0,Fail
l2916.txm,106.81,752.0,753.0,131.16778711484596,0.0,1049.0,100.0,1182.0,9402.0,9005.0,918.0,21.0,16444.0,19104.0,872.0,16562.0,355.0,0.0,27790.0,50.0,Fail
l2916.txm,107.83,752.0,754.0,133.16778711484596,0.0,1051.0,101.0,1190.0,9417.0,8925.0,375.0,21.0,16855.0,19094.0,108.0,16388.0,349.0,0.0,27790.0,50.0,Fail
l2916.txm,108.849,752.0,753.0,133.16778711484596,0.0,1054.0,101.0,1184.0,9397.0,8998.0,431.0,21.0,16863.0,19302.0,71.0,16632.0,355.0,0.0,27830.0,50.0,Fail
l2916.txm,109.87,752.0,754.0,135.16778711484596,0.0,1050.0,100.0,1188.0,9494.0,8919.0,390.0,21.0,16698.0,19270.0,18.0,16558.0,354.0,0.0,27862.0,50.0,Fail
l2916.txm,110.914,751.0,752.0,131.16778711484596,0.0,1051.0,100.0,1181.0,9395.0,9013.0,1114.0,21.0,16524.0,19238.0,324.0,16674.0,350.0,0.0,27876.0,50.0,Fail
l2916.txm,111.909,752.0,754.0,133.16778711484596,0.0,1053.0,101.0,1190.0,9474.0,8965.0,953.0,21.0,16650.0,19218.0,760.0,16706.0,347.0,0.0,27898.0,50.0,Fail
l2916.txm,112.93,751.0,753.0,134.16778711484596,0.0,1051.0,102.0,1182.0,9486.0,8931.0,891.0,21.0,16731.0,19104.0,54.0,16622.0,345.0,0.0,27982.0,50.0,Fail
l2916.txm,113.95,751.0,754.0,133.16778711484596,0.0,1046.0,101.0,1188.0,9440.0,9006.0,840.0,20.0,16756.0,19094.0,166.0,16564.0,343.0,0.0,27960.0,50.0,Fail
l2916.txm,114.97,752.0,753.0,133.16778711484596,0.0,1048.0,100.0,1182.0,9390.0,9011.0,-230.0,21.0,16937.0,19168.0,14.0,16644.0,354.0,1.0,27896.0,50.0,Fail
l2916.txm,115.99,751.0,753.0,132.16778711484596,0.0,1052.0,101.0,1188.0,9480.0,8933.0,1244.0,20.0,16915.0,19212.0,-65.0,16608.0,350.0,0.0,27872.0,50.0,Fail
l2916.txm,117.009,752.0,754.0,132.16778711484596,0.0,1050.0,100.0,1181.0,9461.0,8940.0,873.0,21.0,16664.0,19124.0,-365.0,16610.0,345.0,0.0,27778.0,50.0,Fail
l2917.txm,59.2881,752.0,754.0,131.78013977868378,0.0,834.0,100.0,1227.0,9472.0,9060.0,-530.0,25.0,16211.0,19822.0,-378.0,16856.0,353.0,0.0,27610.0,49.0,Fail
l2917.txm,60.3081,752.0,753.0,132.78013977868378,0.0,729.0,101.0,1224.0,9466.0,9089.0,-202.0,24.0,16528.0,19920.0,-511.0,16606.0,350.0,0.0,27530.0,50.0,Fail
l2917.txm,61.3291,752.0,754.0,131.78013977868378,0.0,708.0,100.0,1196.0,9557.0,9027.0,403.0,23.0,16647.0,19922.0,-766.0,16554.0,344.0,0.0,27530.0,50.0,Fail
l2917.txm,62.3477,752.0,752.0,134.78013977868378,0.0,705.0,100.0,1179.0,9506.0,9032.0,-352.0,24.0,16481.0,19948.0,-469.0,16722.0,348.0,0.0,27528.0,50.0,Fail
l2917.txm,63.397,752.0,754.0,131.78013977868378,0.0,690.0,101.0,1185.0,9507.0,8992.0,-1095.0,25.0,16304.0,19952.0,-392.0,16552.0,351.0,0.0,27540.0,50.0,Fail
l2917.txm,64.3877,752.0,754.0,132.78013977868378,0.0,688.0,101.0,1186.0,9487.0,9034.0,-1638.0,25.0,16463.0,19946.0,564.0,16608.0,354.0,0.0,27528.0,50.0,Fail
l2917.txm,65.4067,752.0,754.0,131.78013977868378,0.0,676.0,100.0,1185.0,9452.0,9088.0,-813.0,25.0,16223.0,19956.0,-62.0,16746.0,357.0,0.0,27526.0,50.0,Fail
l2917.txm,66.4277,752.0,752.0,133.78013977868378,0.0,670.0,101.0,1186.0,9543.0,8999.0,-1342.0,25.0,16526.0,20084.0,-359.0,16784.0,347.0,0.0,27498.0,50.0,Fail
l2917.txm,67.4487,752.0,753.0,131.78013977868378,0.0,660.0,101.0,1185.0,9523.0,9001.0,-889.0,25.0,16155.0,20116.0,-317.0,16592.0,353.0,0.0,27416.0,50.0,Fail
l2917.txm,68.5967,751.0,754.0,134.78013977868378,0.0,651.0,102.0,1185.0,9511.0,9020.0,-1430.0,25.0,16302.0,20120.0,-331.0,16760.0,353.0,0.0,27494.0,50.0,Fail
l2917.txm,69.6279,752.0,753.0,131.78013977868378,0.0,642.0,101.0,1183.0,9494.0,9093.0,-979.0,25.0,16295.0,20132.0,-464.0,16886.0,347.0,1.0,27500.0,50.0,Fail
l2917.txm,70.6479,752.0,753.0,131.78013977868378,0.0,621.0,101.0,1186.0,9446.0,9101.0,-1327.0,26.0,16167.0,20174.0,-414.0,16870.0,348.0,0.0,27262.0,50.0,Fail
l2917.txm,71.668,751.0,754.0,132.78013977868378,0.0,601.0,102.0,1182.0,9459.0,9084.0,-1545.0,26.0,15994.0,20130.0,-546.0,16502.0,342.0,0.0,27308.0,50.0,Fail
l2917.txm,72.689,752.0,754.0,133.78013977868378,0.0,579.0,100.0,1182.0,9511.0,9095.0,-985.0,25.0,16298.0,20296.0,-637.0,17012.0,347.0,0.0,27236.0,50.0,Fail
l2917.txm,73.71,752.0,753.0,131.78013977868378,0.0,560.0,100.0,1183.0,9495.0,9071.0,-1092.0,25.0,16166.0,20342.0,-720.0,16600.0,357.0,0.0,27162.0,50.0,Fail
l2917.txm,74.729,751.0,752.0,134.78013977868378,0.0,561.0,100.0,1184.0,9538.0,9136.0,-796.0,25.0,16307.0,20232.0,-813.0,16446.0,349.0,0.0,27148.0,49.0,Fail
l2917.txm,75.7729,752.0,753.0,133.78013977868378,0.0,598.0,100.0,1191.0,9481.0,9145.0,0.0,23.0,16703.0,20232.0,-559.0,15910.0,343.0,0.0,27112.0,50.0,Fail
l2917.txm,76.7681,752.0,753.0,132.78013977868378,0.0,656.0,101.0,1191.0,9524.0,9151.0,51.0,22.0,16615.0,20214.0,856.0,16386.0,343.0,1.0,27772.0,50.0,Fail
l2917.txm,77.7881,752.0,753.0,132.78013977868378,1.0,747.0,102.0,1188.0,9574.0,9101.0,876.0,21.0,17008.0,19914.0,600.0,16044.0,344.0,0.0,27754.0,50.0,Fail
l2917.txm,78.8081,752.0,753.0,132.78013977868378,0.0,848.0,102.0,1189.0,9520.0,9066.0,551.0,22.0,16825.0,19606.0,764.0,16132.0,355.0,0.0,27858.0,50.0,Fail
l2917.txm,79.8276,752.0,753.0,130.78013977868378,0.0,948.0,102.0,1180.0,9392.0,9027.0,-77.0,24.0,15925.0,19576.0,-54.0,16424.0,360.0,0.0,27894.0,50.0,Fail
l2917.txm,80.8477,752.0,753.0,130.78013977868378,0.0,1032.0,100.0,1188.0,9438.0,8946.0,99.0,25.0,15680.0,19144.0,638.0,16392.0,348.0,0.0,28030.0,50.0,Fail
l2917.txm,81.8686,751.0,754.0,132.78013977868378,0.0,1039.0,100.0,1185.0,9614.0,8976.0,-116.0,20.0,17182.0,19148.0,115.0,16468.0,344.0,1.0,28038.0,50.0,Fail
l2917.txm,82.8877,751.0,754.0,133.78013977868378,0.0,1037.0,101.0,1189.0,9537.0,9030.0,-379.0,20.0,16670.0,19186.0,648.0,16532.0,347.0,0.0,28028.0,50.0,Fail
l2917.txm,83.9077,752.0,753.0,133.78013977868378,0.0,1043.0,101.0,1184.0,9455.0,9048.0,-548.0,22.0,16683.0,19144.0,342.0,16540.0,349.0,0.0,28042.0,50.0,Fail
l2917.txm,84.9287,752.0,753.0,134.78013977868378,0.0,1046.0,102.0,1187.0,9492.0,8993.0,-482.0,22.0,16738.0,19326.0,-46.0,16500.0,351.0,0.0,28038.0,50.0,Fail
l2917.txm,85.9477,752.0,754.0,133.78013977868378,0.0,1049.0,102.0,1185.0,9460.0,9026.0,-386.0,22.0,16824.0,19258.0,-295.0,16538.0,346.0,0.0,28028.0,50.0,Fail
l2917.txm,86.9678,751.0,753.0,134.78013977868378,0.0,1044.0,101.0,1185.0,9440.0,9035.0,-695.0,22.0,16470.0,19196.0,490.0,16558.0,348.0,0.0,28022.0,50.0,Fail
l2917.txm,88.0181,752.0,753.0,131.78013977868378,0.0,1047.0,100.0,1184.0,9521.0,8992.0,-353.0,22.0,16630.0,19202.0,61.0,16424.0,347.0,1.0,28062.0,50.0,Fail
l2917.txm,89.0381,752.0,753.0,133.78013977868378,0.0,1050.0,102.0,1184.0,9550.0,8996.0,-781.0,22.0,16812.0,19272.0,-63.0,16542.0,351.0,0.0,27892.0,50.0,Fail
l2917.txm,90.0581,752.0,754.0,132.78013977868378,0.0,1047.0,101.0,1185.0,9494.0,9006.0,-5.0,22.0,16490.0,19180.0,-331.0,16484.0,348.0,0.0,28060.0,50.0,Fail
l2917.txm,91.0776,752.0,753.0,131.78013977868378,0.0,1054.0,101.0,1185.0,9556.0,8970.0,-315.0,22.0,16586.0,19144.0,580.0,16578.0,359.0,0.0,27878.0,50.0,Fail
l2917.txm,92.0977,752.0,754.0,133.78013977868378,0.0,1054.0,101.0,1184.0,9526.0,8970.0,-996.0,22.0,16904.0,19106.0,127.0,16390.0,355.0,0.0,27892.0,50.0,Fail
l2917.txm,93.1177,751.0,753.0,134.78013977868378,0.0,1058.0,102.0,1186.0,9461.0,9045.0,-853.0,22.0,16777.0,19356.0,460.0,16594.0,350.0,0.0,27884.0,50.0,Fail
l2917.txm,94.1387,752.0,754.0,134.78013977868378,0.0,1055.0,100.0,1185.0,9475.0,9053.0,-658.0,22.0,16779.0,19310.0,21.0,16606.0,345.0,1.0,28026.0,50.0,Fail
l2917.txm,95.1841,752.0,753.0,133.78013977868378,0.0,1064.0,101.0,1187.0,9451.0,9048.0,-328.0,21.0,16445.0,19154.0,-86.0,16558.0,352.0,0.0,28034.0,50.0,Fail
l2917.txm,96.1777,752.0,752.0,132.78013977868378,0.0,1059.0,101.0,1184.0,9473.0,8995.0,-863.0,22.0,16495.0,19272.0,50.0,16514.0,350.0,1.0,28048.0,50.0,Fail
l2917.txm,97.1987,751.0,753.0,130.78013977868378,0.0,1063.0,101.0,1183.0,9495.0,9020.0,-201.0,22.0,16497.0,19150.0,-7.0,16574.0,348.0,0.0,27894.0,50.0,Fail
l2917.txm,98.3047,751.0,754.0,131.78013977868378,0.0,1057.0,100.0,1184.0,9478.0,9027.0,-563.0,22.0,16819.0,19148.0,-399.0,16582.0,344.0,0.0,27898.0,50.0,Fail
l2917.txm,99.2378,751.0,753.0,132.78013977868378,0.0,1059.0,100.0,1184.0,9529.0,8975.0,-652.0,22.0,16535.0,19142.0,-15.0,16480.0,341.0,0.0,28012.0,50.0,Fail
l2917.txm,100.282,752.0,753.0,132.78013977868378,0.0,1066.0,100.0,1188.0,9517.0,8978.0,-740.0,22.0,16522.0,19112.0,-329.0,16756.0,351.0,0.0,27898.0,50.0,Fail
l2917.txm,101.308,752.0,753.0,130.78013977868378,0.0,1062.0,100.0,1184.0,9500.0,9010.0,-625.0,22.0,16774.0,19152.0,514.0,16686.0,345.0,0.0,28028.0,50.0,Fail
l2917.txm,102.328,752.0,754.0,134.78013977868378,0.0,1063.0,100.0,1184.0,9464.0,9015.0,-998.0,22.0,16548.0,19170.0,-27.0,16664.0,352.0,0.0,28034.0,50.0,Fail
l2917.txm,103.349,751.0,753.0,133.78013977868378,0.0,1065.0,100.0,1184.0,9532.0,8993.0,-459.0,22.0,16683.0,19234.0,-56.0,16460.0,350.0,0.0,28022.0,50.0,Fail
l2917.txm,104.368,751.0,753.0,132.78013977868378,0.0,1061.0,102.0,1183.0,9510.0,8993.0,-497.0,22.0,16831.0,19116.0,101.0,16538.0,356.0,0.0,28040.0,50.0,Fail
l2917.txm,105.388,752.0,753.0,132.78013977868378,0.0,1060.0,100.0,1182.0,9526.0,8981.0,-458.0,22.0,16483.0,19150.0,578.0,16392.0,349.0,0.0,28032.0,50.0,Fail
l2917.txm,106.408,752.0,754.0,133.78013977868378,0.0,1063.0,101.0,1185.0,9481.0,9008.0,-508.0,22.0,16712.0,19182.0,32.0,16408.0,351.0,0.0,28032.0,50.0,Fail
l2917.txm,107.428,752.0,753.0,130.78013977868378,0.0,1065.0,101.0,1187.0,9505.0,8971.0,194.0,22.0,16763.0,19212.0,706.0,16614.0,360.0,0.0,28010.0,50.0,Fail
l2917.txm,108.448,751.0,753.0,133.78013977868378,0.0,1060.0,101.0,1184.0,9476.0,9060.0,-972.0,22.0,16539.0,19178.0,-421.0,16488.0,345.0,0.0,28060.0,50.0,Fail
l2917.txm,109.469,752.0,753.0,133.78013977868378,0.0,1062.0,101.0,1184.0,9468.0,9037.0,-803.0,21.0,16529.0,19102.0,92.0,16700.0,348.0,0.0,28014.0,50.0,Fail
l2917.txm,110.489,752.0,753.0,131.78013977868378,0.0,1059.0,101.0,1183.0,9537.0,8976.0,-596.0,22.0,16646.0,19126.0,-35.0,16776.0,348.0,0.0,28042.0,50.0,Fail
l2917.txm,111.508,752.0,753.0,131.78013977868378,0.0,1063.0,101.0,1183.0,9455.0,9053.0,-457.0,22.0,16519.0,19264.0,145.0,16596.0,358.0,0.0,27900.0,50.0,Fail
l2917.txm,112.553,752.0,753.0,130.78013977868378,0.0,1063.0,101.0,1185.0,9487.0,9025.0,-325.0,22.0,16652.0,19126.0,-30.0,16618.0,356.0,0.0,28040.0,50.0,Fail
l2917.txm,113.578,752.0,754.0,133.78013977868378,0.0,1063.0,101.0,1185.0,9511.0,8992.0,-594.0,22.0,16473.0,19316.0,70.0,16590.0,346.0,0.0,28026.0,50.0,Fail
l2918.txm,54.6489,752.0,756.0,135.0,0.0,851.0,101.0,1144.05179028133,9650.0,9036.0,301.0,20.0,17267.0,19728.0,892.0,16912.0,346.0,0.0,27804.0,48.0,Fail
l2918.txm,55.6699,752.0,753.0,133.0,0.0,736.0,100.0,973.05179028133,9569.0,9002.0,-1539.0,24.0,16612.0,19794.0,-1052.0,16872.0,343.0,0.0,27524.0,48.0,Fail
l2918.txm,56.6899,752.0,753.0,136.0,0.0,670.0,101.0,1102.05179028133,9489.0,9160.0,-607.0,25.0,16029.0,19962.0,-361.0,16376.0,360.0,0.0,27760.0,46.0,Fail
l2918.txm,57.7109,752.0,753.0,134.0,0.0,630.0,101.0,1181.05179028133,9584.0,9109.0,-1633.0,26.0,15974.0,19948.0,-493.0,16566.0,343.0,0.0,27792.0,45.0,Fail
l2918.txm,58.73,751.0,753.0,135.0,0.0,628.0,102.0,1213.05179028133,9605.0,9131.0,-302.0,24.0,16220.0,19944.0,-353.0,16626.0,347.0,0.0,27792.0,45.0,Fail
l2918.txm,59.75,752.0,753.0,134.0,0.0,614.0,100.0,1201.05179028133,9553.0,9218.0,231.0,24.0,16162.0,19948.0,-85.0,16424.0,341.0,0.0,27794.0,45.0,Fail
l2918.txm,60.7695,752.0,754.0,132.0,0.0,612.0,101.0,1199.05179028133,9655.0,9142.0,483.0,24.0,16317.0,19962.0,-608.0,16430.0,348.0,0.0,27786.0,45.0,Fail
l2918.txm,61.7895,752.0,754.0,131.0,0.0,602.0,101.0,1202.05179028133,9666.0,9117.0,-622.0,25.0,16137.0,19992.0,-410.0,16770.0,355.0,0.0,27774.0,45.0,Fail
l2918.txm,62.8086,753.0,753.0,132.0,0.0,597.0,100.0,1202.05179028133,9557.0,9234.0,-784.0,25.0,16063.0,20012.0,-447.0,16508.0,347.0,0.0,27768.0,45.0,Fail
l2918.txm,63.8296,752.0,753.0,134.0,0.0,584.0,101.0,1199.05179028133,9546.0,9236.0,-1356.0,25.0,16113.0,20014.0,-636.0,16596.0,349.0,0.0,27608.0,45.0,Fail
l2918.txm,64.8496,752.0,754.0,136.0,0.0,580.0,100.0,1199.05179028133,9652.0,9132.0,-1419.0,25.0,16225.0,20060.0,-453.0,16606.0,342.0,0.0,27580.0,45.0,Fail
l2918.txm,65.8696,752.0,754.0,132.0,0.0,560.0,100.0,1203.05179028133,9559.0,9243.0,-1408.0,25.0,15932.0,20010.0,-3.0,16860.0,344.0,0.0,27780.0,45.0,Fail
l2918.txm,66.8906,752.0,754.0,135.0,0.0,542.0,100.0,1195.05179028133,9594.0,9258.0,-1627.0,25.0,16305.0,20068.0,-65.0,16580.0,341.0,0.0,27582.0,45.0,Fail
l2918.txm,68.063,752.0,755.0,132.0,0.0,512.0,102.0,1195.05179028133,9599.0,9261.0,-1069.0,25.0,15876.0,20176.0,-287.0,16276.0,357.0,0.0,27470.0,45.0,Fail
l2918.txm,69.439,752.0,753.0,135.0,0.0,485.0,101.0,1192.05179028133,9693.0,9180.0,-1003.0,25.0,16148.0,20452.0,-40.0,16612.0,356.0,0.0,27476.0,45.0,Fail
l2918.txm,70.46,752.0,755.0,132.0,0.0,498.0,100.0,1205.05179028133,9731.0,9165.0,-1261.0,25.0,16237.0,20278.0,-752.0,16666.0,350.0,0.0,27422.0,45.0,Fail
l2918.txm,71.48,752.0,753.0,135.0,0.0,530.0,100.0,1212.05179028133,9613.0,9233.0,-1447.0,24.0,16261.0,20226.0,-50.0,16042.0,342.0,0.0,27458.0,45.0,Fail
l2918.txm,72.5,752.0,753.0,132.0,0.0,600.0,100.0,1212.05179028133,9754.0,9163.0,1900.0,21.0,16354.0,19986.0,398.0,16800.0,354.0,0.0,27820.0,45.0,Fail
l2918.txm,73.5449,752.0,754.0,134.0,1.0,694.0,102.0,1212.05179028133,9781.0,9190.0,671.0,19.0,16917.0,20018.0,498.0,16164.0,357.0,0.0,27832.0,45.0,Fail
l2918.txm,74.5395,751.0,753.0,132.0,0.0,824.0,102.0,1224.05179028133,9625.0,9153.0,1143.0,20.0,16764.0,19440.0,58.0,16450.0,346.0,0.0,28150.0,45.0,Fail
l2918.txm,75.5596,751.0,754.0,132.0,0.0,943.0,100.0,1217.05179028133,9601.0,9240.0,1440.0,20.0,17021.0,19284.0,286.0,16480.0,354.0,0.0,28280.0,46.0,Fail
l2918.txm,76.5806,752.0,753.0,131.0,0.0,967.0,100.0,1194.05179028133,9520.0,9139.0,1516.0,21.0,16579.0,19306.0,-320.0,16462.0,344.0,0.0,28126.0,46.0,Fail
l2918.txm,77.6006,752.0,754.0,135.0,0.0,969.0,100.0,1203.05179028133,9516.0,9161.0,268.0,22.0,16960.0,19198.0,-386.0,16552.0,342.0,0.0,28242.0,46.0,Fail
l2918.txm,78.6196,752.0,753.0,133.0,0.0,973.0,100.0,1203.05179028133,9501.0,9143.0,1312.0,22.0,16531.0,19190.0,124.0,16356.0,342.0,0.0,28286.0,46.0,Fail
l2918.txm,79.6396,752.0,753.0,134.0,1.0,976.0,101.0,1204.05179028133,9496.0,9165.0,1158.0,22.0,16625.0,19256.0,0.0,16404.0,350.0,0.0,28102.0,46.0,Fail
l2918.txm,80.6597,751.0,753.0,131.0,0.0,974.0,100.0,1201.05179028133,9504.0,9164.0,1490.0,21.0,16801.0,19092.0,192.0,16374.0,345.0,0.0,28090.0,46.0,Fail
l2918.txm,81.6797,751.0,753.0,132.0,0.0,977.0,100.0,1204.05179028133,9474.0,9242.0,1076.0,21.0,16439.0,19106.0,95.0,16398.0,351.0,0.0,28086.0,46.0,Fail
l2918.txm,82.6997,752.0,753.0,135.0,0.0,979.0,102.0,1203.05179028133,9553.0,9145.0,602.0,21.0,16710.0,19094.0,18.0,16366.0,350.0,1.0,28286.0,46.0,Fail
l2918.txm,83.7197,752.0,754.0,133.0,0.0,980.0,100.0,1200.05179028133,9477.0,9177.0,910.0,21.0,16323.0,19326.0,-34.0,16402.0,347.0,0.0,28110.0,46.0,Fail
l2918.txm,84.7397,752.0,753.0,133.0,0.0,979.0,100.0,1201.05179028133,9469.0,9215.0,1183.0,21.0,16867.0,19330.0,103.0,16328.0,341.0,0.0,28110.0,46.0,Fail
l2918.txm,85.7886,752.0,753.0,132.0,0.0,982.0,102.0,1203.05179028133,9560.0,9164.0,1080.0,21.0,16525.0,19140.0,150.0,16350.0,347.0,0.0,28116.0,46.0,Fail
l2918.txm,86.8096,752.0,753.0,132.0,0.0,987.0,102.0,1202.05179028133,9576.0,9151.0,1112.0,21.0,16603.0,19310.0,0.0,16390.0,356.0,0.0,28110.0,46.0,Fail
l2918.txm,87.8296,752.0,754.0,132.0,0.0,989.0,101.0,1200.05179028133,9569.0,9161.0,1169.0,21.0,16932.0,19226.0,159.0,16500.0,347.0,0.0,28150.0,46.0,Fail
l2918.txm,88.8496,752.0,754.0,133.0,0.0,988.0,101.0,1202.05179028133,9527.0,9129.0,1473.0,21.0,16845.0,19218.0,85.0,16484.0,343.0,0.0,28142.0,46.0,Fail
l2918.txm,89.8696,752.0,753.0,135.0,0.0,993.0,101.0,1200.05179028133,9531.0,9208.0,1093.0,21.0,16956.0,19200.0,16.0,16424.0,342.0,0.0,28146.0,46.0,Fail
l2918.txm,90.8926,752.0,754.0,134.0,0.0,990.0,102.0,1201.05179028133,9472.0,9249.0,1374.0,21.0,16769.0,19294.0,728.0,16424.0,348.0,0.0,28286.0,46.0,Fail
l2918.txm,91.9097,751.0,752.0,134.0,0.0,991.0,101.0,1203.05179028133,9469.0,9240.0,580.0,21.0,16914.0,19294.0,622.0,16364.0,348.0,0.0,28094.0,46.0,Fail
l2918.txm,92.9556,752.0,754.0,132.0,0.0,991.0,101.0,1201.05179028133,9555.0,9149.0,1460.0,21.0,16457.0,19304.0,872.0,16584.0,342.0,0.0,28094.0,46.0,Fail
l2918.txm,93.9487,752.0,753.0,134.0,0.0,998.0,100.0,1201.05179028133,9490.0,9202.0,1431.0,21.0,16604.0,19096.0,-76.0,16574.0,345.0,0.0,28098.0,46.0,Fail
l2918.txm,94.9697,752.0,754.0,136.0,1.0,995.0,100.0,1199.05179028133,9474.0,9250.0,1056.0,21.0,16832.0,19176.0,32.0,16548.0,350.0,0.0,28126.0,46.0,Fail
l2918.txm,95.9897,752.0,753.0,132.0,0.0,993.0,101.0,1201.05179028133,9540.0,9159.0,1445.0,21.0,16687.0,19170.0,133.0,16332.0,350.0,0.0,28154.0,46.0,Fail
l2918.txm,97.0098,752.0,755.0,135.0,0.0,994.0,100.0,1201.05179028133,9496.0,9186.0,908.0,21.0,16905.0,19316.0,-357.0,16430.0,343.0,0.0,28106.0,46.0,Fail
l2918.txm,98.0596,752.0,753.0,136.0,0.0,994.0,100.0,1199.05179028133,9470.0,9252.0,729.0,21.0,16760.0,19100.0,-73.0,16454.0,344.0,0.0,28112.0,46.0,Fail
l2918.txm,99.0796,752.0,753.0,131.0,0.0,994.0,100.0,1200.05179028133,9558.0,9136.0,1438.0,21.0,16603.0,19122.0,-60.0,16500.0,342.0,0.0,28120.0,46.0,Fail
l2918.txm,100.101,752.0,753.0,133.0,0.0,993.0,100.0,1199.05179028133,9467.0,9250.0,1055.0,21.0,16479.0,19154.0,-269.0,16490.0,342.0,0.0,28286.0,46.0,Fail
l2918.txm,101.121,751.0,754.0,134.0,0.0,993.0,102.0,1202.05179028133,9552.0,9148.0,783.0,21.0,16853.0,19310.0,-480.0,16356.0,345.0,0.0,28304.0,46.0,Fail
l2918.txm,102.14,752.0,753.0,134.0,0.0,992.0,101.0,1202.05179028133,9576.0,9137.0,902.0,21.0,16719.0,19100.0,-53.0,16428.0,345.0,0.0,28098.0,46.0,Fail
l2918.txm,103.16,752.0,754.0,136.0,0.0,996.0,101.0,1201.05179028133,9527.0,9174.0,792.0,21.0,16938.0,19222.0,-288.0,16424.0,343.0,0.0,28262.0,46.0,Fail
l2918.txm,104.18,752.0,753.0,132.0,0.0,990.0,100.0,1201.05179028133,9514.0,9197.0,929.0,21.0,16534.0,19160.0,-280.0,16438.0,359.0,1.0,28290.0,46.0,Fail
l2936.txm,55.6543,752.0,752.0,134.0,0.0,892.0,100.0,1193.0,9446.0,8977.0,-1862.0,26.0,16094.0,19670.0,-312.0,16848.0,347.6720618556701,0.0,27624.0,49.0,Fail
l2936.txm,56.6387,752.0,754.0,132.0,0.0,760.0,101.0,1212.0,9536.0,8940.0,-1088.0,25.0,16151.0,19778.0,-366.0,16816.0,351.6720618556701,0.0,27586.0,49.0,Fail
l2936.txm,57.6592,752.0,754.0,132.0,0.0,737.0,100.0,1196.0,9523.0,8957.0,-557.0,24.0,16312.0,19788.0,-505.0,16764.0,355.6720618556701,0.0,27570.0,49.0,Fail
l2936.txm,58.6797,751.0,753.0,133.0,0.0,725.0,100.0,1181.0,9472.0,8984.0,207.0,23.0,16406.0,19828.0,127.0,16650.0,354.6720618556701,0.0,27578.0,50.0,Fail
l2936.txm,59.7002,752.0,754.0,134.0,0.0,715.0,101.0,1183.0,9489.0,8994.0,-1516.0,24.0,16551.0,19836.0,-383.0,16848.0,356.6720618556701,0.0,27568.0,49.0,Fail
l2936.txm,60.7451,752.0,752.0,133.0,0.0,705.0,101.0,1187.0,9499.0,9008.0,-829.0,24.0,16330.0,19826.0,36.0,16718.0,353.6720618556701,0.0,27568.0,49.0,Fail
l2936.txm,61.7695,752.0,754.0,133.0,0.0,693.0,101.0,1184.0,9488.0,8956.0,-1416.0,23.0,16740.0,19846.0,-438.0,16866.0,346.6720618556701,0.0,27512.0,50.0,Fail
l2936.txm,62.79,751.0,753.0,135.0,0.0,677.0,100.0,1183.0,9466.0,9012.0,-1530.0,24.0,16393.0,19902.0,-422.0,16562.0,347.6720618556701,0.0,27524.0,50.0,Fail
l2936.txm,63.8096,752.0,753.0,132.0,0.0,669.0,101.0,1184.0,9536.0,8950.0,-1852.0,24.0,16308.0,19912.0,-636.0,16590.0,350.6720618556701,0.0,27516.0,49.0,Fail
l2936.txm,64.8301,751.0,752.0,133.0,0.0,654.0,101.0,1187.0,9465.0,9037.0,-2187.0,24.0,16233.0,20094.0,23.0,16766.0,344.6720618556701,0.0,27484.0,49.0,Fail
l2936.txm,65.8496,752.0,754.0,134.0,0.0,648.0,100.0,1184.0,9469.0,9036.0,-1618.0,24.0,16201.0,20142.0,-605.0,16566.0,352.6720618556701,0.0,27416.0,49.0,Fail
l2936.txm,66.8701,752.0,754.0,132.0,0.0,626.0,100.0,1180.0,9471.0,9060.0,-1323.0,25.0,16108.0,19954.0,-300.0,16870.0,344.6720618556701,0.0,27406.0,49.0,Fail
l2936.txm,67.915,752.0,752.0,136.0,0.0,607.0,101.0,1179.0,9468.0,9012.0,-1733.0,25.0,16263.0,19894.0,-408.0,16850.0,346.6720618556701,0.0,27324.0,49.0,Fail
l2936.txm,68.9092,752.0,753.0,135.0,0.0,583.0,100.0,1179.0,9539.0,9005.0,-730.0,25.0,16258.0,20236.0,-384.0,16798.0,350.6720618556701,0.0,27272.0,49.0,Fail
l2936.txm,69.9297,752.0,752.0,131.0,0.0,567.0,101.0,1181.0,9530.0,9020.0,-959.0,25.0,15859.0,20264.0,51.0,16648.0,352.6720618556701,0.0,27066.0,49.0,Fail
l2936.txm,70.9502,752.0,754.0,131.0,0.0,561.0,101.0,1185.0,9495.0,9052.0,-959.0,25.0,16054.0,20142.0,-805.0,16540.0,342.6720618556701,0.0,27224.0,49.0,Fail
l2936.txm,71.9697,751.0,752.0,133.0,0.0,604.0,102.0,1189.0,9527.0,9117.0,-49.0,23.0,16386.0,20260.0,-293.0,15876.0,342.6720618556701,1.0,27254.0,49.0,Fail
l2936.txm,72.9893,752.0,753.0,132.0,0.0,683.0,100.0,1195.0,9567.0,9052.0,680.0,21.0,16797.0,19780.0,151.0,16956.0,347.6720618556701,0.0,27626.0,49.0,Fail
l2936.txm,74.0098,752.0,754.0,132.0,0.0,768.0,100.0,1190.0,9537.0,8982.0,797.0,21.0,17030.0,19822.0,-8.0,16048.0,356.6720618556701,1.0,27678.0,49.0,Fail
l2936.txm,75.0293,752.0,753.0,132.0,0.0,885.0,101.0,1189.0,9437.0,8979.0,-72.0,22.0,16489.0,19592.0,49.0,16306.0,352.6720618556701,0.0,27894.0,50.0,Fail
l2936.txm,76.0498,752.0,752.0,135.0,0.0,1010.0,100.0,1188.0,9528.0,8946.0,-175.0,22.0,16967.0,19168.0,62.0,16280.0,342.6720618556701,0.0,27894.0,50.0,Fail
l2936.txm,77.0898,752.0,754.0,131.0,0.0,1061.0,101.0,1184.0,9431.0,9045.0,112.0,21.0,16872.0,19160.0,126.0,16512.0,347.6720618556701,0.0,28082.0,50.0,Fail
l2936.txm,78.0928,751.0,753.0,131.0,0.0,1066.0,100.0,1185.0,9473.0,8952.0,185.0,21.0,16879.0,19164.0,514.0,16712.0,345.6720618556701,0.0,27896.0,50.0,Fail
l2936.txm,79.1094,751.0,752.0,131.0,0.0,1073.0,101.0,1187.0,9428.0,9034.0,365.0,21.0,16781.0,19226.0,-397.0,16582.0,348.6720618556701,1.0,28070.0,50.0,Fail
l2936.txm,80.1543,752.0,754.0,133.0,0.0,1078.0,100.0,1184.0,9502.0,8958.0,1012.0,21.0,16508.0,19128.0,690.0,16534.0,359.6720618556701,1.0,28076.0,50.0,Fail
l2936.txm,81.1484,751.0,753.0,134.0,1.0,1077.0,101.0,1182.0,9512.0,8987.0,324.0,21.0,16813.0,19236.0,84.0,16638.0,351.6720618556701,0.0,28072.0,50.0,Fail
l2936.txm,82.1699,752.0,754.0,135.0,0.0,1081.0,100.0,1184.0,9450.0,9024.0,247.0,21.0,16917.0,18972.0,752.0,16456.0,351.6720618556701,0.0,27900.0,50.0,Fail
l2936.txm,83.1894,751.0,752.0,132.0,0.0,1085.0,101.0,1185.0,9534.0,8972.0,1138.0,20.0,16645.0,19228.0,124.0,16548.0,351.6720618556701,0.0,27884.0,50.0,Fail
l2936.txm,84.21,751.0,754.0,133.0,0.0,1085.0,100.0,1186.0,9474.0,8986.0,358.0,21.0,16616.0,18956.0,-268.0,16420.0,355.6720618556701,0.0,28064.0,50.0,Fail
l2936.txm,85.2295,752.0,753.0,133.0,0.0,1084.0,102.0,1186.0,9546.0,8944.0,626.0,20.0,16778.0,19052.0,33.0,16576.0,350.6720618556701,0.0,28052.0,50.0,Fail
l2936.txm,86.2568,752.0,752.0,134.0,0.0,1088.0,101.0,1186.0,9526.0,8969.0,656.0,21.0,16481.0,18966.0,866.0,16716.0,343.6720618556701,0.0,28022.0,50.0,Fail
l2936.txm,87.2686,752.0,753.0,135.0,0.0,1091.0,101.0,1184.0,9451.0,9038.0,891.0,21.0,16647.0,19078.0,30.0,16592.0,346.6720618556701,0.0,28016.0,50.0,Fail
l2936.txm,88.29,752.0,753.0,132.0,0.0,1090.0,100.0,1185.0,9491.0,9020.0,446.0,21.0,16945.0,18964.0,582.0,16658.0,347.6720618556701,0.0,28080.0,50.0,Fail
l2936.txm,89.3096,752.0,753.0,133.0,0.0,1092.0,101.0,1185.0,9419.0,9027.0,649.0,21.0,17123.0,19170.0,564.0,16676.0,350.6720618556701,0.0,28074.0,50.0,Fail
l2936.txm,90.3301,752.0,753.0,134.0,0.0,1093.0,101.0,1187.0,9436.0,9032.0,56.0,21.0,16979.0,19236.0,-427.0,16588.0,342.6720618556701,0.0,28062.0,50.0,Fail
l2936.txm,91.3496,752.0,753.0,131.0,0.0,1094.0,101.0,1184.0,9436.0,9037.0,566.0,21.0,16739.0,18982.0,134.0,16602.0,359.6720618556701,0.0,27876.0,50.0,Fail
l2936.txm,92.3935,752.0,753.0,132.0,0.0,1093.0,101.0,1185.0,9465.0,8984.0,439.0,21.0,17107.0,18976.0,-346.0,16660.0,348.6720618556701,0.0,28066.0,50.0,Fail
l2936.txm,93.3887,752.0,753.0,132.0,0.0,1103.0,101.0,1185.0,9440.0,9005.0,248.0,21.0,16741.0,18962.0,160.0,16526.0,342.6720618556701,0.0,28068.0,50.0,Fail
l2936.txm,94.4102,752.0,753.0,135.0,0.0,1098.0,100.0,1187.0,9433.0,8990.0,120.0,21.0,16902.0,19034.0,-478.0,16588.0,353.6720618556701,1.0,28044.0,50.0,Fail
l2936.txm,95.4297,752.0,752.0,134.0,0.0,1100.0,101.0,1185.0,9461.0,8986.0,306.0,20.0,16850.0,19014.0,156.0,16622.0,344.6720618556701,0.0,28084.0,50.0,Fail
l2936.txm,96.4502,752.0,753.0,134.0,0.0,1103.0,101.0,1186.0,9439.0,9042.0,852.0,21.0,16813.0,19102.0,-7.0,16390.0,350.6720618556701,0.0,28030.0,50.0,Fail
l2936.txm,97.4697,752.0,752.0,133.0,0.0,1099.0,100.0,1186.0,9487.0,9007.0,1126.0,20.0,16639.0,19250.0,-317.0,16608.0,345.6720618556701,0.0,28076.0,50.0,Fail
l2936.txm,98.4893,752.0,753.0,133.0,0.0,1098.0,101.0,1183.0,9471.0,8969.0,577.0,21.0,16945.0,19132.0,-32.0,16454.0,348.6720618556701,0.0,28048.0,50.0,Fail
l2936.txm,99.5098,752.0,754.0,133.0,0.0,1102.0,101.0,1185.0,9494.0,8980.0,643.0,21.0,16968.0,19200.0,-91.0,16528.0,349.6720618556701,0.0,28060.0,50.0,Fail
l2936.txm,100.529,752.0,753.0,132.0,0.0,1098.0,101.0,1185.0,9428.0,8968.0,478.0,21.0,16400.0,19024.0,732.0,16626.0,349.6720618556701,0.0,28072.0,50.0,Fail
l2936.txm,101.55,752.0,753.0,133.0,0.0,1101.0,100.0,1184.0,9517.0,8961.0,557.0,21.0,16525.0,18980.0,-380.0,16540.0,351.6720618556701,0.0,28022.0,50.0,Fail
l2936.txm,102.569,752.0,754.0,133.0,0.0,1102.0,101.0,1184.0,9507.0,8961.0,570.0,21.0,16362.0,19252.0,280.0,16390.0,347.6720618556701,0.0,28082.0,50.0,Fail
l2936.txm,103.591,751.0,753.0,133.0,0.0,1100.0,100.0,1184.0,9422.0,8987.0,280.0,21.0,16651.0,19068.0,157.0,16634.0,353.6720618556701,0.0,28020.0,50.0,Fail
l2936.txm,104.635,751.0,753.0,132.0,0.0,1103.0,101.0,1185.0,9469.0,8996.0,855.0,21.0,16622.0,19242.0,157.0,16618.0,353.6720618556701,0.0,27892.0,50.0,Fail
l2936.txm,105.629,752.0,753.0,135.0,0.0,1097.0,100.0,1184.0,9423.0,9003.0,335.0,21.0,16849.0,19228.0,17.0,16464.0,348.6720618556701,1.0,28080.0,50.0,Fail
l2936.txm,106.649,752.0,753.0,132.0,0.0,1108.0,101.0,1185.0,9532.0,8933.0,601.0,21.0,16682.0,19034.0,-400.0,16710.0,348.6720618556701,0.0,28050.0,50.0,Fail
l2936.txm,107.67,751.0,753.0,133.0,0.0,1104.0,100.0,1187.0,9505.0,8967.0,940.0,21.0,16977.0,18976.0,-357.0,16440.0,347.6720618556701,0.0,28084.0,50.0,Fail
l2937.txm,59.3018,752.1061386138614,753.0,131.0,0.0,711.0,100.0,1238.0,9444.0,9043.0,-1047.0,25.0,16310.0,19834.0,-469.0,16388.0,353.0,0.0,27542.0,49.0,Fail
l2937.txm,60.2959,751.1061386138614,752.0,132.0,0.0,703.0,101.0,1239.0,9474.0,9088.0,9.0,23.0,16560.0,19858.0,-280.0,16502.0,343.0,0.0,27558.0,50.0,Fail
l2937.txm,61.3154,752.1061386138614,754.0,133.0,0.0,698.0,101.0,1203.0,9452.0,9088.0,511.0,23.0,16566.0,19866.0,-411.0,16810.0,355.0,0.0,27548.0,50.0,Fail
l2937.txm,62.3359,751.1061386138614,754.0,134.0,0.0,689.0,100.0,1178.0,9445.0,9092.0,-6.0,23.0,16901.0,19866.0,-569.0,16788.0,346.0,0.0,27526.0,50.0,Fail
l2937.txm,63.3564,752.1061386138614,754.0,135.0,0.0,681.0,100.0,1184.0,9543.0,9044.0,-91.0,23.0,16869.0,19920.0,-849.0,16560.0,347.0,0.0,27376.0,50.0,Fail
l2937.txm,64.377,752.1061386138614,754.0,133.0,0.0,670.0,101.0,1184.0,9523.0,9021.0,-129.0,23.0,16495.0,19922.0,42.0,16692.0,350.0,0.0,27458.0,50.0,Fail
l2937.txm,65.3955,751.1061386138614,753.0,135.0,0.0,662.0,101.0,1184.0,9510.0,9004.0,-220.0,23.0,16977.0,19932.0,-286.0,16488.0,356.0,0.0,27382.0,50.0,Fail
l2937.txm,66.417,752.1061386138614,753.0,135.0,0.0,652.0,101.0,1186.0,9484.0,9005.0,-356.0,24.0,16788.0,19904.0,-594.0,16860.0,354.0,0.0,27476.0,50.0,Fail
l2937.txm,67.4355,751.1061386138614,755.0,135.0,0.0,640.0,100.0,1181.0,9521.0,9009.0,-792.0,24.0,16436.0,19926.0,-89.0,16786.0,348.0,0.0,27388.0,50.0,Fail
l2937.txm,68.457,752.1061386138614,754.0,132.0,0.0,627.0,101.0,1186.0,9435.0,9069.0,-866.0,24.0,16577.0,20148.0,-25.0,16460.0,348.0,0.0,27250.0,50.0,Fail
l2937.txm,69.4756,752.1061386138614,752.0,133.0,0.0,621.0,100.0,1184.0,9456.0,9066.0,-1149.0,25.0,16120.0,20026.0,111.0,16628.0,354.0,0.0,27210.0,50.0,Fail
l2937.txm,70.4961,752.1061386138614,754.0,135.0,0.0,603.0,102.0,1181.0,9432.0,9067.0,-1598.0,25.0,16535.0,19926.0,-936.0,16862.0,351.0,0.0,27290.0,50.0,Fail
l2937.txm,71.5459,752.1061386138614,754.0,131.0,0.0,573.0,100.0,1180.0,9431.0,9073.0,-1269.0,26.0,16101.0,20102.0,-390.0,16530.0,351.0,0.0,27222.0,50.0,Fail
l2937.txm,72.5654,751.1061386138614,753.0,131.0,0.0,556.0,101.0,1184.0,9515.0,9015.0,-1314.0,26.0,16085.0,20340.0,-366.0,16716.0,361.0,0.0,27220.0,50.0,Fail
l2937.txm,73.5859,751.1061386138614,754.0,131.0,0.0,555.0,101.0,1180.0,9501.0,9048.0,-443.0,25.0,16099.0,20278.0,-333.0,16498.0,353.0,0.0,27160.0,50.0,Fail
l2937.txm,74.6055,752.1061386138614,754.0,131.0,0.0,568.0,101.0,1188.0,9566.0,9132.0,-146.0,23.0,16275.0,20390.0,67.0,16554.0,348.0,0.0,27232.0,50.0,Fail
l2937.txm,75.627,752.1061386138614,753.0,132.0,0.0,642.0,101.0,1194.0,9543.0,9053.0,1117.0,21.0,16515.0,20432.0,1124.0,15952.0,358.0,1.0,27524.0,50.0,Fail
l2937.txm,76.6465,752.1061386138614,753.0,132.0,0.0,714.0,101.0,1188.0,9591.0,9057.0,559.0,20.0,17048.0,19930.0,-326.0,16540.0,347.0,0.0,27678.0,50.0,Fail
l2937.txm,77.666,751.1061386138614,753.0,135.0,0.0,806.0,101.0,1188.0,9445.0,9048.0,353.0,21.0,16926.0,19720.0,115.0,16354.0,351.0,0.0,27888.0,50.0,Fail
l2937.txm,78.7129,752.1061386138614,754.0,132.0,0.0,893.0,100.0,1186.0,9446.0,9068.0,787.0,21.0,16772.0,19618.0,18.0,16342.0,343.0,1.0,28020.0,50.0,Fail
l2937.txm,79.7061,752.1061386138614,752.0,133.0,0.0,1001.0,101.0,1189.0,9422.0,9055.0,659.0,22.0,16587.0,19228.0,-36.0,16178.0,360.0,0.0,27852.0,50.0,Fail
l2937.txm,80.7256,752.1061386138614,754.0,133.0,0.0,1017.0,100.0,1185.0,9452.0,9083.0,380.0,21.0,16487.0,19078.0,-355.0,16256.0,349.0,0.0,27948.0,51.0,Fail
l2937.txm,81.7461,752.1061386138614,753.0,134.0,0.0,1023.0,100.0,1183.0,9511.0,8977.0,-161.0,21.0,16721.0,19104.0,-303.0,16584.0,348.0,0.0,27852.0,51.0,Fail
l2937.txm,82.7656,752.1061386138614,753.0,134.0,0.0,1028.0,101.0,1184.0,9455.0,9063.0,267.0,21.0,16877.0,19358.0,140.0,16560.0,346.0,0.0,27884.0,51.0,Fail
l2937.txm,83.7871,752.1061386138614,753.0,133.0,0.0,1025.0,100.0,1183.0,9487.0,9051.0,353.0,22.0,16697.0,19144.0,-11.0,16422.0,346.0,1.0,27830.0,51.0,Fail
l2937.txm,84.8066,752.1061386138614,753.0,133.0,0.0,1032.0,101.0,1182.0,9487.0,9008.0,700.0,21.0,16587.0,19068.0,120.0,16404.0,349.0,0.0,27970.0,51.0,Fail
l2937.txm,85.8271,752.1061386138614,754.0,133.0,0.0,1029.0,100.0,1183.0,9504.0,8991.0,402.0,22.0,17023.0,19146.0,340.0,16472.0,344.0,0.0,27828.0,51.0,Fail
l2937.txm,86.8457,751.1061386138614,753.0,135.0,0.0,1036.0,101.0,1185.0,9440.0,9007.0,-26.0,21.0,16839.0,19274.0,846.0,16434.0,352.0,1.0,27838.0,51.0,Fail
l2937.txm,87.8672,751.1061386138614,754.0,135.0,0.0,1038.0,100.0,1186.0,9512.0,8990.0,210.0,22.0,16929.0,19156.0,576.0,16378.0,355.0,0.0,27810.0,51.0,Fail
l2937.txm,88.8857,752.1061386138614,754.0,132.0,0.0,1033.0,101.0,1183.0,9437.0,9061.0,1093.0,21.0,16647.0,19160.0,36.0,16370.0,361.0,0.0,27990.0,51.0,Fail
l2937.txm,89.9063,752.1061386138614,754.0,133.0,0.0,1038.0,101.0,1182.0,9514.0,8976.0,481.0,22.0,16623.0,19278.0,-367.0,16342.0,342.0,0.0,27998.0,51.0,Fail
l2937.txm,90.9531,753.1061386138614,753.0,134.0,0.0,1040.0,101.0,1184.0,9448.0,8997.0,200.0,21.0,16624.0,19126.0,149.0,16384.0,354.0,1.0,27992.0,50.0,Fail
l2937.txm,91.9463,752.1061386138614,753.0,135.0,0.0,1035.0,101.0,1184.0,9486.0,9005.0,348.0,22.0,16572.0,19330.0,-75.0,16324.0,350.0,0.0,27944.0,50.0,Fail
l2937.txm,92.9658,751.1061386138614,753.0,132.0,0.0,1042.0,100.0,1184.0,9490.0,8987.0,793.0,21.0,16841.0,19354.0,596.0,16280.0,356.0,0.0,27990.0,50.0,Fail
l2937.txm,93.9863,751.1061386138614,754.0,133.0,0.0,1041.0,102.0,1184.0,9465.0,9007.0,730.0,22.0,16723.0,19124.0,115.0,16324.0,349.0,0.0,27830.0,50.0,Fail
l2937.txm,95.0059,752.1061386138614,754.0,132.0,0.0,1042.0,101.0,1185.0,9432.0,9021.0,457.0,22.0,16450.0,19184.0,-421.0,16292.0,351.0,0.0,27990.0,50.0,Fail
l2937.txm,96.0273,752.1061386138614,754.0,131.0,0.0,1049.0,100.0,1188.0,9511.0,8954.0,383.0,22.0,16422.0,19274.0,348.0,16394.0,343.0,0.0,28006.0,50.0,Fail
l2937.txm,97.0459,751.1061386138614,753.0,132.0,0.0,1047.0,101.0,1184.0,9432.0,9065.0,393.0,22.0,16898.0,19098.0,-466.0,16482.0,347.0,0.0,27974.0,50.0,Fail
l2937.txm,98.0654,752.1061386138614,753.0,134.0,0.0,1048.0,100.0,1183.0,9510.0,8987.0,497.0,22.0,16750.0,19170.0,-286.0,16408.0,347.0,0.0,27988.0,50.0,Fail
l2937.txm,99.0869,751.1061386138614,753.0,132.0,0.0,1049.0,101.0,1187.0,9468.0,9022.0,777.0,21.0,16384.0,19084.0,-474.0,16518.0,350.0,0.0,27864.0,50.0,Fail
l2937.txm,100.105,751.1061386138614,752.0,135.0,0.0,1053.0,101.0,1187.0,9450.0,9014.0,262.0,22.0,16805.0,19250.0,730.0,16368.0,354.0,0.0,27812.0,50.0,Fail
l2937.txm,101.126,751.1061386138614,752.0,135.0,0.0,1052.0,100.0,1184.0,9481.0,8992.0,943.0,22.0,16745.0,19096.0,-75.0,16364.0,349.0,1.0,27944.0,50.0,Fail
l2937.txm,102.146,752.1061386138614,753.0,132.0,0.0,1051.0,101.0,1185.0,9413.0,9040.0,463.0,22.0,16798.0,19262.0,-40.0,16308.0,352.0,0.0,27836.0,50.0,Fail
l2937.txm,103.192,752.1061386138614,754.0,135.0,0.0,1052.0,101.0,1185.0,9470.0,9009.0,146.0,22.0,16875.0,19350.0,406.0,16312.0,351.0,0.0,27866.0,50.0,Fail
l2937.txm,104.186,752.1061386138614,754.0,134.0,0.0,1050.0,102.0,1185.0,9520.0,8982.0,78.0,21.0,16881.0,19088.0,-310.0,16162.0,350.0,1.0,27986.0,50.0,Fail
l2937.txm,105.207,752.1061386138614,752.0,133.0,0.0,1049.0,100.0,1184.0,9438.0,9005.0,562.0,21.0,16622.0,19142.0,97.0,16382.0,344.0,0.0,28020.0,50.0,Fail
l2937.txm,106.227,752.1061386138614,754.0,132.0,0.0,1051.0,100.0,1184.0,9429.0,9065.0,689.0,22.0,16693.0,19120.0,-323.0,16404.0,342.0,0.0,27828.0,50.0,Fail
l2937.txm,107.246,752.1061386138614,754.0,134.0,0.0,1047.0,100.0,1183.0,9427.0,9002.0,82.0,22.0,16836.0,19248.0,-77.0,16496.0,350.0,0.0,27990.0,50.0,Fail
l2937.txm,108.266,752.1061386138614,753.0,134.0,0.0,1048.0,101.0,1184.0,9499.0,8961.0,501.0,22.0,16964.0,19074.0,107.0,16410.0,358.0,0.0,27964.0,50.0,Fail
l2937.txm,109.287,752.1061386138614,754.0,134.0,0.0,1049.0,100.0,1185.0,9509.0,9027.0,1183.0,21.0,16880.0,19228.0,-448.0,16302.0,348.0,1.0,28002.0,50.0,Fail
l2937.txm,110.307,751.1061386138614,754.0,132.0,0.0,1049.0,100.0,1184.0,9491.0,9032.0,662.0,22.0,16364.0,19154.0,123.0,16404.0,344.0,0.0,27924.0,50.0,Fail
l2937.txm,111.329,751.1061386138614,754.0,134.0,0.0,1049.0,102.0,1184.0,9472.0,9062.0,369.0,21.0,16467.0,19338.0,149.0,16418.0,350.0,1.0,27992.0,50.0,Fail
l2937.txm,112.346,751.1061386138614,754.0,135.0,0.0,1048.0,101.0,1188.0,9489.0,8976.0,-70.0,22.0,16878.0,19172.0,126.0,16456.0,343.0,1.0,28030.0,50.0,Fail
l2937.txm,113.367,752.1061386138614,752.0,134.0,0.0,1050.0,100.0,1186.0,9518.0,8971.0,1385.0,22.0,16816.0,19084.0,138.0,16424.0,351.0,0.0,27858.0,50.0,Fail
l2938.txm,59.7793,752.0,753.0,132.0,0.0,830.0,100.0,1180.3295238095238,9445.0,8870.0,707.0,24.0,16059.0,19864.0,-725.0,16630.0,345.0,0.0,27266.0,55.0,Fail
l2938.txm,60.7988,752.0,753.0,135.0,0.0,698.0,100.0,1393.3295238095238,9427.0,9025.0,-899.0,25.0,16327.0,19958.0,-488.0,16174.0,357.0,0.0,27558.0,49.0,Fail
l2938.txm,61.8437,752.0,753.0,135.0,0.0,711.0,100.0,1276.3295238095238,9515.0,8947.0,267.0,22.0,16940.0,19932.0,-275.0,16824.0,351.0,0.0,27544.0,53.0,Fail
l2938.txm,62.8389,751.0,753.0,135.0,0.0,718.0,101.0,1209.3295238095238,9465.0,8977.0,403.0,22.0,16997.0,19922.0,440.0,17018.0,347.0,0.0,27528.0,55.0,Fail
l2938.txm,63.8584,752.0,754.0,133.0,0.0,720.0,100.0,1157.3295238095238,9503.0,8936.0,-525.0,22.0,16366.0,19952.0,-443.0,16844.0,349.0,0.0,27318.0,56.0,Fail
l2938.txm,64.8789,752.0,754.0,135.0,0.0,706.0,100.0,1175.3295238095238,9542.0,8865.0,-1592.0,22.0,16627.0,20028.0,92.0,16288.0,346.0,0.0,27332.0,55.0,Fail
l2938.txm,65.8984,752.0,753.0,132.0,0.0,704.0,101.0,1178.3295238095238,9470.0,8905.0,-805.0,22.0,16714.0,20034.0,-299.0,16554.0,350.0,0.0,27344.0,55.0,Fail
l2938.txm,66.9189,752.0,754.0,135.0,0.0,691.0,101.0,1176.3295238095238,9507.0,8887.0,69.0,22.0,16954.0,20012.0,-406.0,16642.0,351.0,0.0,27308.0,55.0,Fail
l2938.txm,67.9385,752.0,753.0,134.0,0.0,685.0,101.0,1173.3295238095238,9472.0,8941.0,442.0,22.0,16492.0,19938.0,-458.0,16472.0,346.0,0.0,27374.0,55.0,Fail
l2938.txm,68.96,752.0,754.0,134.0,0.0,675.0,101.0,1174.3295238095238,9471.0,8869.0,389.0,22.0,17110.0,19984.0,-662.0,16662.0,348.0,0.0,27354.0,55.0,Fail
l2938.txm,69.9785,752.0,753.0,133.0,0.0,667.0,101.0,1174.3295238095238,9462.0,8953.0,-53.0,22.0,16734.0,20006.0,-553.0,16774.0,356.0,0.0,27268.0,55.0,Fail
l2938.txm,71.0,752.0,754.0,134.0,0.0,651.0,101.0,1173.3295238095238,9511.0,8885.0,-431.0,22.0,16884.0,20314.0,-376.0,16556.0,350.0,0.0,27248.0,55.0,Fail
l2938.txm,72.0195,752.0,753.0,133.0,0.0,636.0,100.0,1173.3295238095238,9472.0,8977.0,-1607.0,23.0,16849.0,20002.0,49.0,16830.0,351.0,0.0,27128.0,55.0,Fail
l2938.txm,73.04,751.0,753.0,134.0,0.0,614.0,100.0,1168.3295238095238,9452.0,8986.0,-1507.0,23.0,16857.0,20282.0,-672.0,16690.0,348.0,0.0,26950.0,55.0,Fail
l2938.txm,74.084,752.0,753.0,132.0,0.0,594.0,100.0,1170.3295238095238,9477.0,8933.0,-1288.0,23.0,16503.0,20434.0,-375.0,16562.0,353.0,0.0,26988.0,55.0,Fail
l2938.txm,75.0791,752.0,754.0,132.0,0.0,590.0,101.0,1171.3295238095238,9521.0,8911.0,-1354.0,23.0,16488.0,20260.0,18.0,16644.0,355.0,0.0,26994.0,54.0,Fail
l2938.txm,76.0986,752.0,752.0,134.0,0.0,598.0,100.0,1171.3295238095238,9526.0,8996.0,-980.0,23.0,16728.0,20330.0,59.0,16218.0,352.0,0.0,26974.0,54.0,Fail
l2938.txm,77.1191,752.0,752.0,132.0,0.0,646.0,102.0,1176.3295238095238,9452.0,8974.0,-10.0,22.0,16624.0,20518.0,-12.0,16004.0,345.0,0.0,27128.0,55.0,Fail
l2938.txm,78.1387,752.0,754.0,134.0,0.0,711.0,102.0,1178.3295238095238,9465.0,9002.0,876.0,21.0,16942.0,19990.0,89.0,16920.0,357.0,1.0,27572.0,55.0,Fail
l2938.txm,79.1592,752.0,753.0,134.0,0.0,795.0,101.0,1175.3295238095238,9471.0,8953.0,696.0,21.0,16843.0,19828.0,14.0,16288.0,350.0,0.0,27574.0,55.0,Fail
l2938.txm,80.1787,752.0,755.0,133.0,0.0,892.0,100.0,1177.3295238095238,9452.0,8927.0,902.0,20.0,16735.0,19862.0,4.0,16368.0,343.0,0.0,27804.0,55.0,Fail
l2938.txm,81.2246,752.0,753.0,132.0,0.0,981.0,100.0,1176.3295238095238,9502.0,8915.0,840.0,20.0,16752.0,19332.0,384.0,16318.0,355.0,0.0,27896.0,55.0,Fail
l2938.txm,82.2187,752.0,753.0,132.0,0.0,1032.0,101.0,1177.3295238095238,9563.0,8903.0,878.0,18.0,17467.0,19168.0,60.0,16548.0,350.0,0.0,27798.0,55.0,Fail
l2938.txm,83.2402,752.0,752.0,133.0,0.0,1038.0,100.0,1176.3295238095238,9489.0,8851.0,645.0,20.0,16766.0,19270.0,150.0,16614.0,350.0,0.0,28012.0,55.0,Fail
l2938.txm,84.2588,752.0,752.0,135.0,0.0,1046.0,100.0,1174.3295238095238,9504.0,8849.0,410.0,20.0,16754.0,19234.0,160.0,16544.0,353.0,0.0,27830.0,55.0,Fail
l2938.txm,85.2803,752.0,754.0,132.0,0.0,1048.0,100.0,1175.3295238095238,9513.0,8903.0,801.0,20.0,16929.0,19076.0,114.0,16766.0,345.0,0.0,27866.0,55.0,Fail
l2938.txm,86.2988,752.0,753.0,132.0,0.0,1044.0,101.0,1174.3295238095238,9521.0,8848.0,518.0,21.0,16613.0,19382.0,432.0,16794.0,350.0,0.0,27782.0,55.0,Fail
l2938.txm,87.3203,752.0,754.0,134.0,0.0,1047.0,101.0,1176.3295238095238,9452.0,8904.0,-264.0,20.0,16621.0,19274.0,32.0,16602.0,350.0,0.0,27888.0,55.0,Fail
l2938.txm,88.3389,752.0,753.0,131.0,0.0,1046.0,100.0,1175.3295238095238,9446.0,8910.0,186.0,20.0,16793.0,19180.0,494.0,16690.0,348.0,0.0,27842.0,55.0,Fail
l2938.txm,89.3603,752.0,752.0,132.0,0.0,1050.0,100.0,1172.3295238095238,9551.0,8855.0,810.0,20.0,16574.0,19288.0,234.0,16512.0,356.0,0.0,27888.0,55.0,Fail
l2938.txm,90.3789,752.0,753.0,134.0,0.0,1053.0,101.0,1175.3295238095238,9444.0,8932.0,218.0,20.0,16868.0,19238.0,40.0,16614.0,350.0,0.0,27852.0,55.0,Fail
l2938.txm,91.3994,752.0,754.0,133.0,0.0,1049.0,101.0,1174.3295238095238,9441.0,8924.0,515.0,21.0,16503.0,19072.0,143.0,16790.0,351.0,0.0,27934.0,55.0,Fail
l2938.txm,92.4199,752.0,753.0,133.0,0.0,1054.0,100.0,1175.3295238095238,9499.0,8869.0,-81.0,20.0,16584.0,19388.0,-259.0,16890.0,345.0,0.0,27954.0,55.0,Fail
l2938.txm,93.4648,751.0,752.0,132.0,0.0,1053.0,100.0,1174.3295238095238,9478.0,8882.0,409.0,20.0,16427.0,19388.0,-5.0,16530.0,346.0,0.0,27800.0,55.0,Fail
l2938.txm,94.459,752.0,753.0,132.0,0.0,1050.0,101.0,1172.3295238095238,9515.0,8874.0,514.0,21.0,16411.0,19090.0,-6.0,16746.0,347.0,0.0,27806.0,55.0,Fail
l2938.txm,95.4795,752.0,753.0,132.0,0.0,1055.0,100.0,1175.3295238095238,9464.0,8890.0,362.0,20.0,16575.0,19238.0,31.0,16614.0,357.0,0.0,28010.0,55.0,Fail
l2938.txm,96.5,752.0,754.0,132.0,0.0,1056.0,101.0,1172.3295238095238,9470.0,8895.0,293.0,20.0,16718.0,19166.0,-78.0,16822.0,351.0,0.0,27822.0,55.0,Fail
l2938.txm,97.5186,752.0,754.0,132.0,0.0,1055.0,100.0,1178.3295238095238,9495.0,8865.0,556.0,21.0,16798.0,19326.0,-326.0,16724.0,351.0,0.0,27840.0,55.0,Fail
l2938.txm,98.54,752.0,753.0,131.0,0.0,1058.0,100.0,1173.3295238095238,9495.0,8876.0,317.0,21.0,16740.0,19344.0,145.0,16502.0,346.0,0.0,27842.0,55.0,Fail
l2938.txm,99.5596,752.0,753.0,134.0,0.0,1062.0,101.0,1175.3295238095238,9517.0,8874.0,571.0,21.0,16314.0,19148.0,55.0,16786.0,350.0,0.0,27880.0,55.0,Fail
l2938.txm,100.58,751.0,755.0,132.0,0.0,1059.0,101.0,1175.3295238095238,9433.0,8929.0,116.0,20.0,16302.0,19274.0,302.0,16416.0,359.0,0.0,27720.0,55.0,Fail
l2938.txm,101.599,752.0,753.0,135.0,0.0,1063.0,100.0,1176.3295238095238,9460.0,8899.0,362.0,20.0,16704.0,19246.0,-308.0,16508.0,349.0,0.0,27824.0,55.0,Fail
l2938.txm,102.62,751.0,753.0,134.0,0.0,1061.0,100.0,1175.3295238095238,9448.0,8969.0,55.0,21.0,16349.0,19382.0,79.0,16892.0,351.0,0.0,27798.0,55.0,Fail
l2938.txm,103.639,751.0,755.0,131.0,0.0,1062.0,102.0,1175.3295238095238,9451.0,8913.0,127.0,20.0,16413.0,19332.0,-75.0,16456.0,350.0,0.0,27896.0,55.0,Fail
l2938.txm,104.659,752.0,754.0,135.0,0.0,1061.0,101.0,1177.3295238095238,9447.0,8878.0,-10.0,20.0,16606.0,19104.0,80.0,16682.0,349.0,0.0,27732.0,55.0,Fail
l2938.txm,105.704,752.0,751.0,132.0,0.0,1057.0,101.0,1172.3295238095238,9446.0,8917.0,643.0,20.0,16598.0,19082.0,104.0,16714.0,348.0,0.0,27774.0,55.0,Fail
l2938.txm,106.717,752.0,754.0,132.0,0.0,1061.0,100.0,1174.3295238095238,9427.0,8926.0,-49.0,21.0,16723.0,19372.0,-362.0,16676.0,348.0,0.0,27800.0,55.0,Fail
l2938.txm,107.719,752.0,754.0,135.0,0.0,1063.0,102.0,1175.3295238095238,9461.0,8924.0,-85.0,20.0,16973.0,19318.0,690.0,16698.0,357.0,0.0,27872.0,55.0,Fail
l2938.txm,108.739,752.0,753.0,134.0,0.0,1062.0,101.0,1175.3295238095238,9469.0,8917.0,453.0,20.0,16432.0,19374.0,578.0,16518.0,352.0,1.0,27840.0,55.0,Fail
l2938.txm,109.759,752.0,753.0,133.0,0.0,1057.0,100.0,1175.3295238095238,9487.0,8873.0,819.0,20.0,16503.0,19088.0,-13.0,16664.0,342.0,0.0,27860.0,55.0,Fail
l2938.txm,110.779,752.0,752.0,132.0,0.0,1064.0,101.0,1175.3295238095238,9445.0,8944.0,576.0,20.0,16795.0,19186.0,121.0,16736.0,350.0,0.0,27814.0,55.0,Fail
l2938.txm,111.8,752.0,753.0,134.0,0.0,1065.0,100.0,1173.3295238095238,9484.0,8901.0,345.0,20.0,16814.0,19372.0,482.0,16550.0,344.0,0.0,27842.0,55.0,Fail
l2938.txm,112.82,752.0,754.0,133.0,0.0,1060.0,102.0,1175.3295238095238,9463.0,8914.0,849.0,20.0,16402.0,19136.0,-62.0,16766.0,343.0,0.0,27898.0,55.0,Fail
l2938.txm,113.84,752.0,753.0,135.0,0.0,1056.0,100.0,1175.3295238095238,9517.0,8880.0,56.0,20.0,16708.0,19272.0,67.0,16620.0,343.0,0.0,27846.0,55.0,Fail
l2938.txm,114.858,752.0,752.0,131.0,0.0,1057.0,100.0,1175.3295238095238,9535.0,8873.0,665.0,20.0,16617.0,19314.0,39.0,16572.0,357.0,0.0,27868.0,55.0,Fail
l2938.txm,115.879,752.0,753.0,133.0,0.0,1060.0,101.0,1173.3295238095238,9450.0,8969.0,334.0,20.0,16743.0,19176.0,117.0,16724.0,348.0,0.0,27852.0,55.0,Fail
l2939.txm,60.8486,751.0,752.0855339805825,134.0,0.0,774.0,100.0,1184.0,9444.0,9018.0,299.0,25.0,16248.0,19834.0,-270.0,16728.0,358.0,0.0,27490.0,49.0,Fail
l2939.txm,61.8691,752.0,754.0855339805825,134.0,0.0,700.0,101.0,1182.0,9446.0,9081.0,-414.0,25.0,16089.0,19886.0,59.0,16814.0,344.0,0.0,27500.0,49.0,Fail
l2939.txm,62.8887,752.0,753.0855339805825,132.0,0.0,695.0,101.0,1184.0,9456.0,9048.0,134.0,25.0,16148.0,19912.0,-600.0,16680.0,347.0,0.0,27370.0,49.0,Fail
l2939.txm,63.9092,752.0,753.0855339805825,133.0,0.0,678.0,101.0,1186.0,9521.0,9024.0,175.0,25.0,16120.0,19906.0,-709.0,16812.0,344.0,0.0,27466.0,49.0,Fail
l2939.txm,64.9551,752.0,754.0855339805825,131.0,0.0,670.0,101.0,1186.0,9527.0,9015.0,-102.0,25.0,16327.0,19918.0,-331.0,16824.0,345.0,0.0,27502.0,49.0,Fail
l2939.txm,65.9482,752.0,753.0855339805825,131.0,0.0,664.0,100.0,1187.0,9492.0,9020.0,-266.0,25.0,16137.0,19946.0,-303.0,16650.0,345.0,0.0,27498.0,49.0,Fail
l2939.txm,66.9687,752.0,753.0855339805825,134.0,0.0,653.0,101.0,1184.0,9527.0,8987.0,34.0,25.0,16029.0,19804.0,-360.0,16872.0,351.0,0.0,27452.0,49.0,Fail
l2939.txm,67.9893,751.0,752.0855339805825,132.0,0.0,643.0,100.0,1188.0,9454.0,9044.0,-660.0,25.0,15984.0,20200.0,-302.0,16492.0,350.0,0.0,27266.0,49.0,Fail
l2939.txm,69.0088,752.0,753.0855339805825,131.0,0.0,637.0,101.0,1185.0,9481.0,9064.0,-1049.0,26.0,16124.0,19880.0,129.0,16774.0,354.0,0.0,27286.0,49.0,Fail
l2939.txm,70.0303,752.0,754.0855339805825,133.0,0.0,628.0,101.0,1182.0,9504.0,9003.0,-876.0,26.0,15960.0,19892.0,-408.0,16730.0,347.0,0.0,27368.0,49.0,Fail
l2939.txm,71.0488,752.0,754.0855339805825,134.0,0.0,617.0,101.0,1184.0,9459.0,9057.0,-923.0,26.0,16352.0,20180.0,-395.0,16838.0,342.0,0.0,27358.0,49.0,Fail
l2939.txm,72.0693,751.0,753.0855339805825,134.0,0.0,599.0,101.0,1184.0,9435.0,9095.0,-1530.0,26.0,16157.0,19996.0,-384.0,16790.0,345.0,0.0,27354.0,49.0,Fail
l2939.txm,73.0889,752.0,753.0855339805825,131.0,0.0,576.0,100.0,1181.0,9498.0,9099.0,-1544.0,26.0,16077.0,20202.0,-489.0,16878.0,349.0,0.0,27206.0,49.0,Fail
l2939.txm,74.1103,751.0,753.0855339805825,131.0,0.0,559.0,101.0,1183.0,9481.0,9087.0,-1420.0,26.0,15884.0,20410.0,-760.0,16670.0,351.0,0.0,27132.0,48.0,Fail
l2939.txm,75.1289,752.0,755.0855339805825,134.0,0.0,546.0,101.0,1180.0,9517.0,9093.0,-624.0,25.0,16211.0,20460.0,-309.0,16778.0,344.0,0.0,27082.0,48.0,Fail
l2939.txm,76.1504,752.0,753.0855339805825,132.0,0.0,543.0,100.0,1186.0,9504.0,9099.0,-1024.0,25.0,15874.0,20378.0,-266.0,16838.0,342.0,0.0,27108.0,48.0,Fail
l2939.txm,77.1943,752.0,752.0855339805825,130.0,0.0,554.0,102.0,1187.0,9501.0,9112.0,-238.0,24.0,16008.0,20226.0,-472.0,16422.0,350.0,0.0,27078.0,48.0,Fail
l2939.txm,78.1885,752.0,753.0855339805825,132.0,0.0,608.0,100.0,1197.0,9617.0,9109.0,747.0,22.0,16716.0,20246.0,262.0,16020.0,348.0,1.0,27484.0,48.0,Fail
l2939.txm,79.209,752.0,752.0855339805825,135.0,0.0,704.0,101.0,1191.0,9493.0,9083.0,49.0,22.0,16757.0,20100.0,-61.0,16274.0,350.0,0.0,27570.0,49.0,Fail
l2939.txm,80.2285,752.0,754.0855339805825,133.0,0.0,783.0,100.0,1186.0,9465.0,9096.0,577.0,22.0,16740.0,19754.0,342.0,16368.0,355.0,0.0,27762.0,49.0,Fail
l2939.txm,81.249,751.0,753.0855339805825,135.0,0.0,902.0,101.0,1188.0,9566.0,8978.0,144.0,21.0,16883.0,19460.0,105.0,16288.0,347.0,1.0,27828.0,49.0,Fail
l2939.txm,82.2686,752.0,754.0855339805825,135.0,0.0,988.0,100.0,1187.0,9446.0,9031.0,-160.0,21.0,16874.0,19302.0,284.0,16558.0,346.0,0.0,27878.0,49.0,Fail
l2939.txm,83.2891,752.0,753.0855339805825,136.0,0.0,1008.0,101.0,1184.0,9433.0,9092.0,588.0,21.0,16845.0,19384.0,566.0,16428.0,346.0,0.0,27954.0,49.0,Fail
l2939.txm,84.3359,752.0,753.0855339805825,132.0,0.0,1013.0,101.0,1185.0,9493.0,9009.0,443.0,21.0,17000.0,19084.0,84.0,16522.0,346.0,0.0,27966.0,49.0,Fail
l2939.txm,85.3281,752.0,754.0855339805825,135.0,0.0,1013.0,101.0,1187.0,9467.0,9040.0,190.0,22.0,16764.0,19320.0,-46.0,16510.0,351.0,0.0,27982.0,49.0,Fail
l2939.txm,86.3486,751.0,753.0855339805825,134.0,0.0,1020.0,100.0,1187.0,9481.0,8985.0,184.0,21.0,16870.0,19390.0,-317.0,16406.0,351.0,0.0,27854.0,49.0,Fail
l2939.txm,87.3691,752.0,753.0855339805825,133.0,0.0,1016.0,101.0,1186.0,9477.0,8993.0,323.0,22.0,16648.0,19378.0,-88.0,16430.0,344.0,0.0,27964.0,49.0,Fail
l2939.txm,88.3887,752.0,754.0855339805825,133.0,0.0,1023.0,100.0,1185.0,9442.0,9036.0,285.0,21.0,16516.0,19110.0,512.0,16432.0,355.0,0.0,27812.0,49.0,Fail
l2939.txm,89.4092,752.0,753.0855339805825,132.0,0.0,1021.0,101.0,1185.0,9449.0,9051.0,362.0,21.0,16692.0,19372.0,-88.0,16300.0,344.0,0.0,27932.0,49.0,Fail
l2939.txm,90.4287,752.0,754.0855339805825,133.0,0.0,1022.0,102.0,1187.0,9544.0,8953.0,150.0,21.0,16657.0,19066.0,59.0,16496.0,355.0,0.0,27962.0,49.0,Fail
l2939.txm,91.4492,751.0,754.0855339805825,134.0,0.0,1020.0,101.0,1183.0,9530.0,8968.0,688.0,21.0,16864.0,19390.0,-68.0,16308.0,358.0,0.0,27980.0,49.0,Fail
l2939.txm,92.4687,752.0,753.0855339805825,135.0,0.0,1028.0,101.0,1186.0,9502.0,9014.0,595.0,21.0,17080.0,19346.0,122.0,16246.0,357.0,0.0,27918.0,49.0,Fail
l2939.txm,93.4893,751.0,753.0855339805825,134.0,0.0,1023.0,100.0,1186.0,9457.0,9005.0,216.0,22.0,16899.0,19094.0,-421.0,16612.0,348.0,0.0,27864.0,49.0,Fail
l2939.txm,94.5088,752.0,753.0855339805825,135.0,0.0,1030.0,101.0,1184.0,9435.0,9056.0,299.0,21.0,16896.0,19382.0,30.0,16336.0,357.0,0.0,27956.0,49.0,Fail
l2939.txm,95.5293,752.0,754.0855339805825,133.0,0.0,1030.0,101.0,1184.0,9519.0,8985.0,667.0,22.0,16492.0,19374.0,131.0,16418.0,342.0,1.0,27834.0,49.0,Fail
l2939.txm,96.5752,752.0,752.0855339805825,134.0,0.0,1035.0,100.0,1186.0,9522.0,8971.0,-189.0,22.0,16920.0,19312.0,-84.0,16338.0,351.0,0.0,28020.0,49.0,Fail
l2939.txm,97.5684,752.0,753.0855339805825,134.0,0.0,1031.0,101.0,1185.0,9500.0,8980.0,347.0,21.0,16924.0,19132.0,496.0,16306.0,350.0,0.0,27920.0,49.0,Fail
l2939.txm,98.5898,752.0,754.0855339805825,135.0,0.0,1037.0,100.0,1186.0,9448.0,8988.0,-290.0,21.0,16968.0,19118.0,-34.0,16358.0,354.0,0.0,27888.0,49.0,Fail
l2939.txm,99.6103,752.0,753.0855339805825,132.0,0.0,1033.0,100.0,1185.0,9481.0,8988.0,829.0,21.0,16839.0,19304.0,-85.0,16456.0,355.0,1.0,27996.0,49.0,Fail
l2939.txm,100.63,752.0,752.0855339805825,131.0,0.0,1036.0,101.0,1184.0,9452.0,9024.0,859.0,21.0,16470.0,19162.0,4.0,16342.0,348.0,0.0,27796.0,49.0,Fail
l2939.txm,101.649,751.0,754.0855339805825,132.0,0.0,1037.0,100.0,1185.0,9460.0,9024.0,700.0,21.0,16794.0,19178.0,149.0,16340.0,350.0,1.0,27994.0,49.0,Fail
l2939.txm,102.669,752.0,753.0855339805825,131.0,0.0,1042.0,100.0,1184.0,9507.0,8978.0,546.0,21.0,16434.0,19066.0,-290.0,16186.0,349.0,0.0,27956.0,49.0,Fail
l2939.txm,103.689,752.0,755.0855339805825,132.0,0.0,1035.0,100.0,1188.0,9434.0,8991.0,266.0,21.0,16915.0,19062.0,82.0,16144.0,345.0,0.0,27974.0,49.0,Fail
l2939.txm,104.709,752.0,754.0855339805825,135.0,0.0,1046.0,101.0,1185.0,9445.0,9050.0,311.0,22.0,16760.0,19072.0,28.0,16570.0,352.0,0.0,27838.0,49.0,Fail
l2939.txm,105.729,752.0,752.0855339805825,132.0,0.0,1037.0,101.0,1187.0,9437.0,9022.0,476.0,22.0,16656.0,19370.0,-75.0,16130.0,349.0,0.0,27964.0,49.0,Fail
l2939.txm,106.749,751.0,752.0855339805825,133.0,0.0,1040.0,101.0,1184.0,9438.0,9047.0,795.0,21.0,16792.0,19208.0,150.0,16364.0,349.0,0.0,28008.0,49.0,Fail
l2939.txm,107.769,752.0,753.0855339805825,132.0,0.0,1044.0,100.0,1186.0,9443.0,9031.0,418.0,21.0,17036.0,19232.0,-76.0,16430.0,344.0,0.0,28008.0,49.0,Fail
l2939.txm,108.816,752.0,754.0855339805825,135.0,0.0,1043.0,101.0,1184.0,9447.0,9060.0,681.0,21.0,16875.0,19182.0,119.0,16436.0,348.0,0.0,28016.0,49.0,Fail
l2939.txm,109.809,752.0,753.0855339805825,133.0,0.0,1047.0,100.0,1186.0,9442.0,9062.0,438.0,22.0,16602.0,19142.0,118.0,16476.0,355.0,0.0,27814.0,49.0,Fail
l2939.txm,110.829,752.0,754.0855339805825,133.0,0.0,1038.0,101.0,1184.0,9468.0,9039.0,608.0,22.0,16836.0,19346.0,-311.0,16468.0,345.0,0.0,27936.0,49.0,Fail
l2939.txm,111.85,751.0,754.0855339805825,132.0,0.0,1040.0,100.0,1186.0,9523.0,8972.0,980.0,21.0,16593.0,19320.0,-275.0,16574.0,350.0,0.0,27878.0,49.0,Fail
l2939.txm,112.869,752.0,752.0855339805825,132.0,0.0,1041.0,101.0,1187.0,9478.0,8993.0,949.0,21.0,16560.0,19352.0,-93.0,16410.0,346.0,0.0,27988.0,49.0,Fail
l2939.txm,113.889,752.0,753.0855339805825,133.0,0.0,1039.0,101.0,1185.0,9448.0,9010.0,446.0,21.0,16515.0,19082.0,762.0,16506.0,358.0,0.0,27806.0,49.0,Fail
l2939.txm,114.909,752.0,753.0855339805825,135.0,0.0,1044.0,101.0,1186.0,9433.0,9064.0,289.0,21.0,16827.0,19386.0,-338.0,16606.0,350.0,0.0,27834.0,49.0,Fail
l2939.txm,115.929,751.0,752.0855339805825,132.0,0.0,1041.0,101.0,1183.0,9514.0,8957.0,546.0,21.0,16520.0,19084.0,998.0,16492.0,353.0,0.0,27848.0,49.0,Fail
l2940.txm,58.1816,752.0,753.0,135.0,0.0,817.0,100.12061224489796,1191.0,9423.0,9018.0,9.0,26.0,16481.0,19744.0,-869.0,16884.0,358.0,0.0,27532.0,50.0,Fail
l2940.txm,59.2031,752.0,754.0,134.0,0.0,705.0,102.12061224489796,1232.0,9504.0,8969.0,-320.0,26.0,15883.0,19898.0,91.0,16318.0,354.0,0.0,27500.0,49.0,Fail
l2940.txm,60.2217,752.0,754.0,133.0,0.0,689.0,102.12061224489796,1204.0,9523.0,8997.0,-714.0,25.0,16205.0,19908.0,6.0,16496.0,354.0,0.0,27498.0,50.0,Fail
l2940.txm,61.2412,751.0,754.0,134.0,0.0,684.0,99.12061224489796,1188.0,9462.0,9002.0,1075.0,24.0,16545.0,19914.0,-649.0,16580.0,350.0,0.0,27504.0,50.0,Fail
l2940.txm,62.2627,752.0,753.0,135.0,0.0,675.0,102.12061224489796,1182.0,9466.0,9021.0,-38.0,24.0,16493.0,19952.0,-50.0,16470.0,348.0,0.0,27506.0,50.0,Fail
l2940.txm,63.2812,752.0,755.0,131.0,0.0,659.0,99.12061224489796,1187.0,9429.0,9055.0,-1296.0,25.0,16258.0,19952.0,-566.0,16608.0,347.0,0.0,27508.0,50.0,Fail
l2940.txm,64.3018,752.0,754.0,133.0,0.0,661.0,99.12061224489796,1181.0,9518.0,8964.0,153.0,25.0,16088.0,19938.0,-370.0,16796.0,349.0,0.0,27496.0,50.0,Fail
l2940.txm,65.3213,752.0,753.0,134.0,0.0,644.0,103.12061224489796,1182.0,9470.0,9023.0,-1776.0,25.0,16213.0,19952.0,-690.0,16808.0,345.0,0.0,27478.0,50.0,Fail
l2940.txm,66.3418,752.0,754.0,135.0,0.0,627.0,102.12061224489796,1187.0,9504.0,8998.0,-1629.0,26.0,16190.0,19954.0,-503.0,16506.0,357.0,0.0,27330.0,50.0,Fail
l2940.txm,67.3613,752.0,753.0,132.0,0.0,616.0,101.12061224489796,1185.0,9516.0,9027.0,-1241.0,26.0,16005.0,19920.0,-494.0,16558.0,352.0,0.0,27412.0,50.0,Fail
l2940.txm,68.4102,751.0,753.0,135.0,0.0,609.0,102.12061224489796,1183.0,9426.0,9067.0,-1415.0,26.0,16091.0,19992.0,-301.0,16748.0,349.0,0.0,27374.0,50.0,Fail
l2940.txm,69.4316,752.0,754.0,134.0,0.0,592.0,101.12061224489796,1182.0,9456.0,9026.0,-1749.0,26.0,16048.0,20158.0,-274.0,16334.0,352.0,0.0,27230.0,50.0,Fail
l2940.txm,70.4512,752.0,755.0,135.0,0.0,575.0,100.12061224489796,1179.0,9474.0,9068.0,-1790.0,26.0,16152.0,20098.0,-498.0,17112.0,351.0,0.0,27320.0,50.0,Fail
l2940.txm,71.4717,752.0,753.0,133.0,0.0,550.0,101.12061224489796,1179.0,9490.0,9087.0,-1953.0,26.0,15956.0,20358.0,-471.0,16814.0,343.0,0.0,27270.0,49.0,Fail
l2940.txm,72.4912,752.0,753.0,135.0,0.0,536.0,101.12061224489796,1183.0,9478.0,9113.0,-962.0,25.0,16487.0,20250.0,-338.0,16888.0,352.0,0.0,27038.0,49.0,Fail
l2940.txm,73.5127,752.0,755.0,135.0,0.0,532.0,100.12061224489796,1184.0,9526.0,9108.0,-1320.0,26.0,16044.0,20452.0,55.0,16452.0,359.0,0.0,27072.0,49.0,Fail
l2940.txm,74.5312,752.0,753.0,134.0,1.0,581.0,99.12061224489796,1197.0,9557.0,9149.0,294.0,22.0,16511.0,20410.0,-284.0,16116.0,348.0,0.0,27262.0,49.0,Fail
l2940.txm,75.5518,752.0,753.0,133.0,0.0,649.0,99.12061224489796,1194.0,9536.0,9092.0,631.0,21.0,16866.0,20070.0,-79.0,16772.0,354.0,0.0,27630.0,49.0,Fail
l2940.txm,76.5703,752.0,754.0,135.0,0.0,732.0,98.12061224489796,1197.0,9571.0,9026.0,425.0,21.0,16832.0,19974.0,-78.0,16070.0,356.0,1.0,27642.0,50.0,Fail
l2940.txm,77.5918,751.0,753.0,135.0,0.0,833.0,100.12061224489796,1185.0,9500.0,9026.0,-425.0,22.0,16873.0,19566.0,934.0,16138.0,342.0,0.0,27816.0,50.0,Fail
l2940.txm,78.6133,752.0,753.0,132.0,0.0,958.0,99.12061224489796,1189.0,9457.0,8993.0,-226.0,21.0,16766.0,19468.0,-37.0,16228.0,350.0,0.0,27854.0,50.0,Fail
l2940.txm,79.6309,752.0,753.0,131.0,0.0,1011.0,99.12061224489796,1184.0,9441.0,9031.0,-245.0,22.0,16798.0,19266.0,155.0,16502.0,345.0,0.0,28030.0,50.0,Fail
l2940.txm,80.6807,751.0,752.0,132.0,0.0,1013.0,100.12061224489796,1186.0,9520.0,8964.0,-271.0,22.0,16735.0,19172.0,490.0,16576.0,356.0,0.0,28054.0,50.0,Fail
l2940.txm,81.7012,752.0,753.0,135.0,0.0,1016.0,102.12061224489796,1184.0,9532.0,8954.0,-1032.0,22.0,16893.0,19332.0,-13.0,16400.0,345.0,0.0,28042.0,50.0,Fail
l2940.txm,82.7217,752.0,753.0,133.0,0.0,1021.0,101.12061224489796,1183.0,9539.0,8950.0,-123.0,22.0,16842.0,19034.0,466.0,16764.0,353.0,0.0,27884.0,50.0,Fail
l2940.txm,83.7412,752.0,752.0,135.0,0.0,1023.0,100.12061224489796,1185.0,9510.0,8967.0,-233.0,22.0,16845.0,19184.0,-282.0,16596.0,343.0,0.0,28064.0,50.0,Fail
l2940.txm,84.7627,752.0,752.0,132.0,0.0,1023.0,100.12061224489796,1184.0,9456.0,9043.0,-209.0,22.0,16720.0,19260.0,93.0,16442.0,344.0,0.0,28062.0,50.0,Fail
l2940.txm,85.7812,752.0,753.0,133.0,0.0,1024.0,100.12061224489796,1182.0,9536.0,8957.0,-908.0,22.0,16956.0,19222.0,118.0,16676.0,346.0,0.0,28046.0,50.0,Fail
l2940.txm,86.8018,752.0,752.0,131.0,0.0,1020.0,101.12061224489796,1182.0,9474.0,8998.0,-304.0,22.0,16709.0,19008.0,70.0,16692.0,344.0,0.0,28036.0,50.0,Fail
l2940.txm,87.8477,751.0,752.0,135.0,0.0,1026.0,102.12061224489796,1183.0,9512.0,9030.0,-289.0,22.0,16860.0,19062.0,36.0,16560.0,350.0,0.0,28024.0,50.0,Fail
l2940.txm,88.8408,752.0,754.0,132.0,0.0,1026.0,101.12061224489796,1184.0,9533.0,8937.0,-207.0,22.0,16694.0,19324.0,78.0,16744.0,348.0,0.0,27900.0,50.0,Fail
l2940.txm,89.8613,752.0,753.0,134.0,0.0,1028.0,99.12061224489796,1185.0,9471.0,9017.0,-404.0,22.0,16973.0,19276.0,604.0,16540.0,350.0,0.0,28066.0,50.0,Fail
l2940.txm,90.8809,751.0,752.0,132.0,0.0,1032.0,100.12061224489796,1182.0,9493.0,8984.0,-483.0,22.0,16783.0,19324.0,556.0,16478.0,353.0,0.0,28054.0,50.0,Fail
l2940.txm,91.9014,752.0,753.0,136.0,0.0,1029.0,99.12061224489796,1182.0,9522.0,8932.0,-557.0,22.0,16760.0,19126.0,-360.0,16560.0,345.0,0.0,28012.0,50.0,Fail
l2940.txm,92.9209,752.0,753.0,135.0,0.0,1038.0,101.12061224489796,1185.0,9525.0,8960.0,-835.0,22.0,16967.0,19080.0,654.0,16584.0,346.0,0.0,28042.0,50.0,Fail
l2940.txm,93.9414,751.0,752.0,134.0,0.0,1035.0,102.12061224489796,1184.0,9482.0,9009.0,-539.0,22.0,16854.0,19192.0,152.0,16552.0,359.0,0.0,28050.0,50.0,Fail
l2940.txm,94.9609,752.0,753.0,135.0,0.0,1035.0,101.12061224489796,1183.0,9444.0,9012.0,-477.0,22.0,16956.0,19278.0,-461.0,16540.0,349.0,0.0,28048.0,50.0,Fail
l2940.txm,95.9814,752.0,753.0,131.0,0.0,1038.0,100.12061224489796,1185.0,9474.0,9030.0,-253.0,22.0,16516.0,19322.0,298.0,16530.0,349.0,0.0,28028.0,50.0,Fail
l2940.txm,97.001,752.0,754.0,134.0,0.0,1038.0,100.12061224489796,1184.0,9498.0,8954.0,-106.0,22.0,16619.0,19066.0,67.0,16606.0,345.0,0.0,28030.0,50.0,Fail
l2940.txm,98.0215,752.0,753.0,132.0,0.0,1041.0,99.12061224489796,1184.0,9522.0,8937.0,-506.0,21.0,16839.0,19032.0,458.0,16572.0,348.0,0.0,28034.0,50.0,Fail
l2940.txm,99.041,751.0,752.0,134.0,0.0,1038.0,101.12061224489796,1183.0,9533.0,8938.0,-648.0,22.0,16997.0,19326.0,51.0,16468.0,348.0,0.0,28050.0,50.0,Fail
l2940.txm,100.087,752.0,754.0,134.0,0.0,1040.0,102.12061224489796,1183.0,9497.0,8964.0,-306.0,22.0,16681.0,19066.0,23.0,16612.0,343.0,0.0,27894.0,50.0,Fail
l2940.txm,101.08,752.0,753.0,131.0,0.0,1042.0,101.12061224489796,1187.0,9455.0,9035.0,39.0,22.0,16622.0,19014.0,154.0,16556.0,352.0,0.0,28034.0,50.0,Fail
l2940.txm,102.102,752.0,753.0,134.0,0.0,1038.0,101.12061224489796,1184.0,9462.0,9040.0,-523.0,22.0,16974.0,19318.0,656.0,16504.0,343.0,0.0,27896.0,50.0,Fail
l2940.txm,103.121,752.0,753.0,135.0,0.0,1042.0,100.12061224489796,1183.0,9465.0,9036.0,-171.0,22.0,16781.0,19082.0,-531.0,16460.0,353.0,1.0,28068.0,50.0,Fail
l2940.txm,104.142,751.0,753.0,133.0,0.0,1039.0,101.12061224489796,1182.0,9451.0,9022.0,-482.0,21.0,16882.0,19322.0,120.0,16420.0,350.0,0.0,27900.0,50.0,Fail
l2940.txm,105.162,751.0,754.0,132.0,0.0,1045.0,99.12061224489796,1186.0,9489.0,8964.0,-62.0,22.0,16606.0,19312.0,340.0,16742.0,349.0,0.0,27894.0,50.0,Fail
l2940.txm,106.182,752.0,753.0,135.0,0.0,1043.0,102.12061224489796,1185.0,9478.0,9006.0,-408.0,21.0,16809.0,19312.0,-32.0,16486.0,352.0,0.0,27882.0,50.0,Fail
l2940.txm,107.201,752.0,753.0,134.0,0.0,1037.0,101.12061224489796,1186.0,9493.0,8989.0,-319.0,22.0,17002.0,19316.0,606.0,16498.0,357.0,0.0,28042.0,50.0,Fail
l2940.txm,108.222,751.0,753.0,132.0,0.0,1042.0,100.12061224489796,1185.0,9533.0,8992.0,-135.0,22.0,16432.0,19320.0,111.0,16806.0,344.0,0.0,27900.0,50.0,Fail
l2940.txm,109.241,752.0,754.0,134.0,0.0,1039.0,101.12061224489796,1182.0,9482.0,8992.0,-192.0,22.0,16636.0,19332.0,252.0,16428.0,343.0,0.0,28054.0,50.0,Fail
l2940.txm,110.263,752.0,753.0,134.0,0.0,1042.0,100.12061224489796,1184.0,9439.0,9015.0,-718.0,21.0,16887.0,19028.0,9.0,16662.0,354.0,0.0,27892.0,50.0,Fail
l2940.txm,111.292,752.0,754.0,135.0,0.0,1041.0,99.12061224489796,1183.0,9493.0,8950.0,-361.0,22.0,16632.0,19292.0,14.0,16450.0,350.0,0.0,28036.0,50.0,Fail
l3120.txm,57.6602,752.0,753.0,134.0,0.0,1349.0,101.0,1252.0,9421.0,8979.0,-1875.0,28.0,16132.0,19724.0,16.0,16116.0,344.2766276627663,0.0,27774.0,49.0,Fail
l3120.txm,58.6816,751.0,753.0,136.0,0.0,1326.0,101.0,1228.0,9523.0,8909.0,264.0,27.0,16697.0,19724.0,154.0,16560.0,346.2766276627663,0.0,27630.0,50.0,Fail
l3120.txm,59.7012,752.0,754.0,134.0,0.0,1317.0,100.0,1198.0,9421.0,8989.0,854.0,26.0,16313.0,19716.0,-37.0,16700.0,349.2766276627663,0.0,27686.0,50.0,Fail
l3120.txm,60.7207,752.0,754.0,131.0,0.0,1310.0,101.0,1179.0,9443.0,8981.0,895.0,26.0,16614.0,19724.0,262.0,16854.0,349.2766276627663,0.0,27556.0,50.0,Fail
l3120.txm,61.7402,752.0,752.0,135.0,0.0,1295.0,101.0,1184.0,9508.0,8921.0,429.0,27.0,16853.0,19724.0,7.0,16666.0,354.2766276627663,0.0,27544.0,50.0,Fail
l3120.txm,62.7852,752.0,753.0,132.0,0.0,1270.0,101.0,1186.0,9431.0,8959.0,-150.0,27.0,16422.0,19724.0,-674.0,16722.0,345.2766276627663,0.0,27578.0,50.0,Fail
l3120.txm,63.8105,752.0,754.0,132.0,0.0,1257.0,100.0,1186.0,9447.0,8970.0,-352.0,27.0,16491.0,19752.0,-260.0,16736.0,348.2766276627663,0.0,27574.0,50.0,Fail
l3120.txm,64.8301,751.0,753.0,135.0,0.0,1232.0,102.0,1185.0,9422.0,8967.0,-728.0,28.0,16509.0,19756.0,-807.0,16802.0,342.2766276627663,0.0,27564.0,50.0,Fail
l3120.txm,65.8496,752.0,753.0,136.0,0.0,1199.0,100.0,1186.0,9520.0,8907.0,-1398.0,28.0,16617.0,19860.0,149.0,16252.0,343.2766276627663,0.0,27372.0,50.0,Fail
l3120.txm,66.8691,752.0,753.0,131.0,0.0,1158.0,100.0,1180.0,9503.0,8897.0,-965.0,28.0,16413.0,19796.0,-311.0,16760.0,344.2766276627663,0.0,27524.0,50.0,Fail
l3120.txm,67.8906,752.0,754.0,133.0,0.0,1099.0,100.0,1176.0,9412.0,8974.0,-2580.0,29.0,16042.0,19768.0,-281.0,16630.0,343.2766276627663,0.0,27354.0,50.0,Fail
l3120.txm,68.9102,752.0,754.0,136.0,0.0,1068.0,101.0,1183.0,9425.0,9019.0,-646.0,29.0,16105.0,19926.0,-857.0,16500.0,353.2766276627663,0.0,27226.0,50.0,Fail
l3120.txm,69.959,752.0,753.0,134.0,0.0,1049.0,101.0,1182.0,9437.0,9022.0,-1067.0,29.0,16081.0,20122.0,-351.0,16358.0,341.2766276627663,1.0,27204.0,50.0,Fail
l3120.txm,70.9492,752.0,752.0,135.0,0.0,1072.0,101.0,1188.0,9487.0,8981.0,-1965.0,29.0,16316.0,20092.0,-486.0,16454.0,345.2766276627663,1.0,27238.0,50.0,Fail
l3120.txm,71.9707,752.0,755.0,132.0,0.0,1220.0,100.0,1199.0,9550.0,8965.0,570.0,25.0,17046.0,20088.0,1178.0,15972.0,354.2766276627663,1.0,27528.0,50.0,Fail
l3120.txm,72.9902,752.0,754.0,132.0,0.0,1376.0,100.0,1191.0,9530.0,8911.0,285.0,26.0,16586.0,19926.0,78.0,16660.0,352.2766276627663,0.0,27626.0,50.0,Fail
l3120.txm,74.0098,752.0,752.0,134.0,0.0,1546.0,102.0,1187.0,9490.0,8937.0,66.0,25.0,17132.0,19664.0,344.0,16168.0,349.2766276627663,1.0,27854.0,50.0,Fail
l3120.txm,75.0293,752.0,753.0,132.0,0.0,1751.0,101.0,1183.0,9478.0,8876.0,813.0,25.0,16472.0,19322.0,228.0,16202.0,342.2766276627663,0.0,28056.0,51.0,Fail
l3120.txm,76.0508,752.0,754.0,135.0,1.0,1914.0,101.0,1185.0,9397.0,8939.0,759.0,25.0,16402.0,19114.0,988.0,16528.0,348.2766276627663,0.0,28078.0,51.0,Fail
l3120.txm,77.0703,752.0,753.0,135.0,0.0,1936.0,100.0,1184.0,9465.0,8855.0,719.0,25.0,16574.0,19186.0,-277.0,16416.0,349.2766276627663,1.0,28116.0,51.0,Fail
l3120.txm,78.0898,752.0,753.0,135.0,0.0,1940.0,100.0,1185.0,9449.0,8881.0,649.0,25.0,16367.0,18892.0,94.0,16410.0,353.2766276627663,1.0,28106.0,51.0,Fail
l3120.txm,79.1094,752.0,753.0,131.0,0.0,1947.0,100.0,1185.0,9446.0,8827.0,881.0,25.0,16459.0,19166.0,-480.0,16536.0,345.2766276627663,0.0,28002.0,51.0,Fail
l3120.txm,80.1309,752.0,754.0,133.0,0.0,1952.0,100.0,1185.0,9420.0,9052.0,485.0,25.0,16174.0,18966.0,93.0,16714.0,346.2766276627663,0.0,28018.0,51.0,Fail
l3120.txm,81.1504,752.0,753.0,134.0,0.0,1960.0,101.0,1189.0,9426.0,8941.0,263.0,25.0,16529.0,18966.0,252.0,16532.0,348.2766276627663,0.0,28074.0,51.0,Fail
l3120.txm,82.1973,752.0,753.0,132.0,0.0,1961.0,102.0,1186.0,9422.0,8857.0,350.0,25.0,16238.0,19000.0,640.0,16460.0,344.2766276627663,0.0,27998.0,51.0,Fail
l3120.txm,83.1894,752.0,754.0,135.0,0.0,1965.0,100.0,1187.0,9490.0,8850.0,407.0,25.0,16553.0,18966.0,480.0,16576.0,357.2766276627663,1.0,28068.0,51.0,Fail
l3120.txm,84.2109,752.0,753.0,131.0,0.0,1965.0,100.0,1185.0,9457.0,8882.0,558.0,25.0,16059.0,19046.0,-368.0,16426.0,351.2766276627663,1.0,28138.0,51.0,Fail
l3120.txm,85.2305,752.0,752.0,133.0,0.0,1973.0,101.0,1188.0,9426.0,8853.0,1260.0,25.0,16363.0,19014.0,-1.0,16484.0,344.2766276627663,0.0,28076.0,51.0,Fail
l3120.txm,86.25,752.0,753.0,134.0,0.0,1973.0,101.0,1184.0,9495.0,8841.0,868.0,25.0,16557.0,18976.0,146.0,16498.0,345.2766276627663,0.0,27978.0,51.0,Fail
l3120.txm,87.2695,752.0,754.0,133.0,0.0,1976.0,101.0,1185.0,9430.0,8941.0,610.0,25.0,16228.0,18952.0,22.0,16558.0,351.2766276627663,1.0,28156.0,51.0,Fail
l3120.txm,88.2891,752.0,753.0,134.0,0.0,1977.0,100.0,1184.0,9468.0,8865.0,849.0,25.0,16709.0,19058.0,95.0,16278.0,348.2766276627663,0.0,28102.0,51.0,Fail
l3120.txm,89.3105,752.0,752.0,131.0,0.0,1982.0,100.0,1185.0,9392.0,8929.0,664.0,25.0,16232.0,19120.0,322.0,16518.0,346.2766276627663,0.0,28026.0,51.0,Fail
l3120.txm,90.3301,752.0,753.0,134.0,0.0,1982.0,102.0,1184.0,9476.0,8841.0,510.0,25.0,16662.0,18990.0,636.0,16550.0,342.2766276627663,0.0,28062.0,51.0,Fail
l3120.txm,91.3496,752.0,753.0,131.0,0.0,1988.0,101.0,1185.0,9457.0,8886.0,1106.0,25.0,16295.0,18934.0,-76.0,16550.0,356.2766276627663,0.0,28130.0,51.0,Fail
l3120.txm,92.3691,752.0,753.0,134.0,1.0,1990.0,100.0,1184.0,9491.0,8854.0,761.0,25.0,16398.0,19126.0,13.0,16466.0,351.2766276627663,0.0,28042.0,51.0,Fail
l3120.txm,93.3906,752.0,753.0,135.0,0.0,1995.0,100.0,1185.0,9394.0,8888.0,1023.0,25.0,16381.0,19154.0,-316.0,16498.0,346.2766276627663,0.0,27998.0,51.0,Fail
l3120.txm,94.4375,752.0,752.0,134.0,0.0,1992.0,102.0,1184.0,9502.0,8824.0,664.0,25.0,16509.0,19066.0,-60.0,16390.0,348.2766276627663,0.0,28118.0,51.0,Fail
l3120.txm,95.4297,752.0,754.0,133.0,0.0,2003.0,101.0,1186.0,9472.0,8864.0,1062.0,25.0,16136.0,18998.0,-61.0,16566.0,344.2766276627663,0.0,28100.0,51.0,Fail
l3120.txm,96.4492,752.0,754.0,134.0,1.0,2001.0,100.0,1185.0,9457.0,8881.0,554.0,25.0,15978.0,18972.0,648.0,16498.0,350.2766276627663,1.0,28122.0,51.0,Fail
l3120.txm,97.4707,752.0,752.0,135.0,0.0,2003.0,100.0,1184.0,9484.0,8831.0,631.0,25.0,16431.0,19160.0,22.0,16412.0,345.2766276627663,1.0,28100.0,51.0,Fail
l3120.txm,98.4902,752.0,754.0,134.0,1.0,2004.0,101.0,1185.0,9461.0,8885.0,169.0,25.0,16522.0,19166.0,164.0,16458.0,346.2766276627663,0.0,28056.0,51.0,Fail
l3120.txm,99.5098,752.0,753.0,136.0,0.0,1998.0,101.0,1184.0,9511.0,8827.0,1059.0,25.0,16542.0,18886.0,300.0,16264.0,353.2766276627663,0.0,28142.0,51.0,Fail
l3120.txm,100.533,751.0,752.0,135.0,0.0,2006.0,100.0,1186.0,9434.0,8867.0,198.0,25.0,16235.0,18886.0,654.0,16408.0,358.2766276627663,0.0,28114.0,51.0,Fail
l3120.txm,101.551,752.0,753.0,135.0,0.0,1997.0,101.0,1184.0,9414.0,8919.0,547.0,25.0,16439.0,19032.0,100.0,16432.0,348.2766276627663,1.0,28086.0,51.0,Fail
l3120.txm,102.57,751.0,753.0,133.0,0.0,2003.0,101.0,1186.0,9498.0,8827.0,1253.0,25.0,16055.0,19134.0,-295.0,16440.0,345.2766276627663,0.0,28008.0,51.0,Fail
l3120.txm,103.59,753.0,754.0,134.0,1.0,1999.0,100.0,1183.0,9493.0,8859.0,1045.0,24.0,16003.0,19178.0,44.0,16568.0,358.2766276627663,1.0,28142.0,51.0,Fail
l3120.txm,104.611,752.0,754.0,132.0,0.0,2001.0,101.0,1187.0,9429.0,8907.0,664.0,25.0,16267.0,18928.0,-81.0,16588.0,348.2766276627663,0.0,28082.0,51.0,Fail
l3120.txm,105.631,752.0,753.0,133.0,0.0,1998.0,100.0,1184.0,9410.0,8892.0,1136.0,25.0,16033.0,19112.0,2.0,16554.0,351.2766276627663,0.0,28028.0,51.0,Fail
l3120.txm,106.678,752.0,752.0,132.0,0.0,2001.0,101.0,1186.0,9504.0,8848.0,741.0,25.0,16566.0,19074.0,88.0,16534.0,355.2766276627663,0.0,28120.0,51.0,Fail
l3120.txm,107.67,752.0,754.0,132.0,0.0,2007.0,101.0,1189.0,9394.0,8922.0,1308.0,24.0,16399.0,19182.0,-48.0,16460.0,345.2766276627663,1.0,27988.0,51.0,Fail
l3120.txm,108.693,751.0,752.0,135.0,0.0,2000.0,101.0,1185.0,9402.0,8891.0,112.0,25.0,16239.0,19012.0,120.0,16550.0,342.2766276627663,0.0,28130.0,51.0,Fail
l3120.txm,109.711,752.0,753.0,134.0,0.0,2003.0,100.0,1186.0,9458.0,8888.0,9.0,25.0,16458.0,18968.0,942.0,16650.0,349.2766276627663,0.0,28070.0,51.0,Fail
l3120.txm,110.732,752.0,753.0,132.0,0.0,2003.0,102.0,1185.0,9430.0,8878.0,1329.0,24.0,16392.0,19154.0,111.0,16634.0,350.2766276627663,0.0,27996.0,51.0,Fail
l3121.txm,54.5879,752.0,753.9467031809564,136.0,0.0,1432.0,101.0,1190.0,9514.0,8936.0,-1289.0,28.0,16136.0,19758.0,-771.0,16714.0,348.0,0.0,27568.0,51.0,Fail
l3121.txm,55.6074,752.0,752.9467031809564,135.0,0.0,1161.0,100.0,1277.0,9458.0,9076.0,-1016.0,28.0,16494.0,19880.0,-272.0,16682.0,342.0,0.0,27574.0,49.0,Fail
l3121.txm,56.627,751.0,752.9467031809564,131.0,0.0,1125.0,101.0,1221.0,9505.0,8992.0,-191.0,28.0,16359.0,19886.0,-471.0,16858.0,348.0,0.0,27370.0,51.0,Fail
l3121.txm,57.6465,752.0,753.9467031809564,132.0,0.0,1115.0,101.0,1191.0,9521.0,8974.0,672.0,27.0,16495.0,19978.0,87.0,16478.0,353.0,0.0,27404.0,51.0,Fail
l3121.txm,58.668,752.0,752.9467031809564,133.0,0.0,1102.0,100.0,1176.0,9497.0,8954.0,442.0,27.0,16440.0,19984.0,-603.0,16410.0,345.0,0.0,27294.0,51.0,Fail
l3121.txm,59.6875,752.0,753.9467031809564,135.0,0.0,1087.0,101.0,1187.0,9482.0,9012.0,-520.0,27.0,16587.0,19984.0,-581.0,16572.0,348.0,0.0,27298.0,51.0,Fail
l3121.txm,60.7773,752.0,752.9467031809564,135.0,0.0,1056.0,100.0,1183.0,9529.0,8952.0,-927.0,28.0,16596.0,20062.0,58.0,16470.0,348.0,0.0,27344.0,51.0,Fail
l3121.txm,61.7988,752.0,751.9467031809564,136.0,0.0,1044.0,102.0,1185.0,9538.0,8943.0,-1134.0,28.0,16728.0,20052.0,562.0,16522.0,349.0,0.0,27348.0,51.0,Fail
l3121.txm,62.8164,752.0,752.9467031809564,133.0,0.0,1025.0,100.0,1187.0,9448.0,9024.0,-355.0,28.0,16558.0,20056.0,-82.0,16500.0,353.0,0.0,27358.0,51.0,Fail
l3121.txm,63.8633,752.0,752.9467031809564,133.0,0.0,1003.0,100.0,1183.0,9439.0,9026.0,-1353.0,28.0,16683.0,20056.0,53.0,16664.0,360.0,0.0,27358.0,51.0,Fail
l3121.txm,64.8574,752.0,753.9467031809564,134.0,0.0,964.0,101.0,1178.0,9497.0,8960.0,-1908.0,28.0,16757.0,20062.0,-358.0,16838.0,350.0,0.0,27248.0,51.0,Fail
l3121.txm,65.8769,752.0,751.9467031809564,134.0,0.0,919.0,100.0,1177.0,9431.0,9054.0,-1718.0,29.0,16187.0,20270.0,-405.0,16636.0,352.0,0.0,27052.0,51.0,Fail
l3121.txm,66.8965,753.0,753.9467031809564,132.0,0.0,878.0,101.0,1182.0,9443.0,9073.0,-1591.0,30.0,15880.0,20152.0,-278.0,16588.0,352.0,0.0,26984.0,51.0,Fail
l3121.txm,67.918,752.0,751.9467031809564,134.0,0.0,873.0,100.0,1181.0,9519.0,8999.0,-540.0,30.0,15988.0,20362.0,-815.0,16776.0,343.0,1.0,27086.0,50.0,Fail
l3121.txm,68.9394,752.0,753.9467031809564,131.0,0.0,868.0,101.0,1184.0,9408.0,9074.0,-1751.0,30.0,15994.0,20570.0,-270.0,16276.0,353.0,1.0,26986.0,50.0,Fail
l3121.txm,69.959,752.0,752.9467031809564,132.0,0.0,978.0,101.0,1195.0,9542.0,9023.0,568.0,26.0,16580.0,20174.0,296.0,16874.0,348.0,0.0,27508.0,51.0,Fail
l3121.txm,70.9766,752.0,752.9467031809564,132.0,0.0,1130.0,100.0,1190.0,9480.0,8976.0,531.0,26.0,16993.0,20188.0,-89.0,16130.0,354.0,0.0,27474.0,51.0,Fail
l3121.txm,71.9961,752.0,752.9467031809564,133.0,0.0,1264.0,100.0,1188.0,9456.0,9046.0,668.0,25.0,16889.0,19954.0,430.0,16570.0,357.0,0.0,27628.0,51.0,Fail
l3121.txm,73.0176,752.0,754.9467031809564,134.0,0.0,1446.0,102.0,1190.0,9535.0,8937.0,-492.0,26.0,16902.0,19614.0,686.0,16226.0,342.0,0.0,27836.0,51.0,Fail
l3121.txm,74.0391,752.0,753.9467031809564,133.0,0.0,1628.0,101.0,1180.0,9487.0,9010.0,492.0,26.0,16268.0,19286.0,122.0,16534.0,346.0,0.0,28034.0,51.0,Fail
l3121.txm,75.0566,752.0,752.9467031809564,133.0,0.0,1650.0,102.0,1186.0,9475.0,8965.0,-1055.0,25.0,16848.0,19358.0,262.0,16468.0,350.0,1.0,28004.0,51.0,Fail
l3121.txm,76.1035,751.0,751.9467031809564,132.0,0.0,1654.0,100.0,1185.0,9452.0,8979.0,219.0,25.0,16970.0,19356.0,416.0,16388.0,347.0,0.0,28014.0,51.0,Fail
l3121.txm,77.0977,751.0,752.9467031809564,131.0,0.0,1665.0,100.0,1185.0,9517.0,8937.0,263.0,25.0,17077.0,19004.0,150.0,16666.0,344.0,0.0,27886.0,51.0,Fail
l3121.txm,78.1172,752.0,751.9467031809564,134.0,0.0,1665.0,100.0,1186.0,9515.0,8931.0,-325.0,25.0,17012.0,19330.0,256.0,16506.0,348.0,0.0,27896.0,51.0,Fail
l3121.txm,79.1348,752.0,753.9467031809564,133.0,0.0,1665.0,100.0,1184.0,9513.0,8934.0,-225.0,25.0,16870.0,19434.0,134.0,16494.0,352.0,0.0,27880.0,51.0,Fail
l3121.txm,80.1543,751.0,752.9467031809564,133.0,0.0,1674.0,101.0,1187.0,9502.0,8923.0,-523.0,25.0,16798.0,19376.0,121.0,16570.0,353.0,0.0,28016.0,51.0,Fail
l3121.txm,81.1777,752.0,753.9467031809564,136.0,0.0,1675.0,100.0,1185.0,9490.0,8997.0,-333.0,25.0,17127.0,19140.0,412.0,16782.0,350.0,0.0,27890.0,51.0,Fail
l3121.txm,82.1953,752.0,753.9467031809564,132.0,0.0,1683.0,100.0,1187.0,9490.0,8972.0,-56.0,25.0,16819.0,19334.0,107.0,16726.0,349.0,0.0,28016.0,51.0,Fail
l3121.txm,83.2168,752.0,752.9467031809564,135.0,0.0,1679.0,101.0,1183.0,9447.0,8946.0,-330.0,26.0,17136.0,19188.0,22.0,16824.0,347.0,0.0,28018.0,51.0,Fail
l3121.txm,84.2344,752.0,754.9467031809564,131.0,0.0,1684.0,101.0,1184.0,9449.0,8999.0,-419.0,26.0,16756.0,19112.0,346.0,16674.0,351.0,0.0,28012.0,51.0,Fail
l3121.txm,85.2578,752.0,752.9467031809564,134.0,0.0,1687.0,102.0,1184.0,9472.0,8957.0,-374.0,25.0,16803.0,19034.0,95.0,16780.0,344.0,0.0,28004.0,51.0,Fail
l3121.txm,86.2754,751.0,752.9467031809564,134.0,0.0,1692.0,102.0,1187.0,9460.0,9002.0,34.0,25.0,17225.0,19252.0,111.0,16712.0,345.0,0.0,28030.0,51.0,Fail
l3121.txm,87.2949,752.0,753.9467031809564,133.0,0.0,1699.0,101.0,1187.0,9521.0,8923.0,-89.0,25.0,16847.0,19040.0,-415.0,16708.0,356.0,1.0,28008.0,51.0,Fail
l3121.txm,88.3438,751.0,752.9467031809564,134.0,0.0,1696.0,102.0,1185.0,9523.0,8922.0,40.0,25.0,17066.0,19198.0,41.0,16752.0,346.0,0.0,28036.0,51.0,Fail
l3121.txm,89.3359,752.0,752.9467031809564,132.0,0.0,1702.0,100.0,1187.0,9478.0,8955.0,540.0,25.0,16707.0,19318.0,-301.0,16740.0,353.0,0.0,28022.0,51.0,Fail
l3121.txm,90.3574,752.0,753.9467031809564,134.0,0.0,1699.0,101.0,1184.0,9490.0,8948.0,-213.0,25.0,16786.0,19052.0,414.0,16670.0,348.0,1.0,27992.0,51.0,Fail
l3121.txm,91.3789,752.0,753.9467031809564,132.0,0.0,1700.0,100.0,1186.0,9503.0,8942.0,-189.0,25.0,16645.0,19024.0,-267.0,16666.0,356.0,0.0,27900.0,51.0,Fail
l3121.txm,92.3965,752.0,753.9467031809564,133.0,0.0,1702.0,100.0,1187.0,9511.0,8954.0,-600.0,25.0,17143.0,18968.0,606.0,16664.0,345.0,1.0,28002.0,51.0,Fail
l3121.txm,93.4199,751.0,752.9467031809564,133.0,0.0,1707.0,100.0,1185.0,9461.0,9020.0,-465.0,25.0,17117.0,19066.0,84.0,16588.0,353.0,0.0,27894.0,51.0,Fail
l3121.txm,94.4375,751.0,752.9467031809564,132.0,0.0,1708.0,102.0,1186.0,9481.0,8925.0,-200.0,25.0,16746.0,19136.0,121.0,16766.0,354.0,0.0,27898.0,51.0,Fail
l3121.txm,95.459,752.0,753.9467031809564,135.0,0.0,1706.0,100.0,1184.0,9525.0,8931.0,-690.0,25.0,16985.0,19218.0,-479.0,16762.0,345.0,0.0,27990.0,51.0,Fail
l3121.txm,96.4766,752.0,752.9467031809564,134.0,0.0,1709.0,100.0,1185.0,9456.0,8957.0,-269.0,25.0,16711.0,19372.0,-355.0,16656.0,349.0,0.0,28012.0,51.0,Fail
l3121.txm,97.5,751.0,752.9467031809564,133.0,0.0,1707.0,102.0,1187.0,9442.0,9014.0,-126.0,25.0,16807.0,18996.0,111.0,16654.0,350.0,0.0,27984.0,51.0,Fail
l3121.txm,98.5195,751.0,752.9467031809564,132.0,0.0,1706.0,100.0,1185.0,9435.0,9011.0,197.0,25.0,16690.0,19298.0,650.0,16496.0,355.0,0.0,27874.0,51.0,Fail
l3121.txm,99.5391,752.0,752.9467031809564,136.0,0.0,1703.0,102.0,1186.0,9446.0,9027.0,-163.0,25.0,16984.0,19212.0,-32.0,16770.0,354.0,0.0,27900.0,51.0,Fail
l3121.txm,100.584,752.0,752.9467031809564,135.0,0.0,1704.0,101.0,1186.0,9503.0,8934.0,-525.0,25.0,16905.0,19314.0,-40.0,16712.0,347.0,0.0,28046.0,51.0,Fail
l3121.txm,101.578,752.0,753.9467031809564,135.0,0.0,1711.0,101.0,1186.0,9497.0,8931.0,34.0,25.0,17033.0,19332.0,0.0,16788.0,347.0,1.0,27976.0,51.0,Fail
l3121.txm,102.6,752.0,753.9467031809564,134.0,0.0,1704.0,100.0,1184.0,9475.0,8969.0,-553.0,25.0,16873.0,19278.0,121.0,16752.0,348.0,0.0,27980.0,51.0,Fail
l3121.txm,103.619,752.0,753.9467031809564,134.0,0.0,1716.0,102.0,1188.0,9509.0,8933.0,-665.0,25.0,16900.0,19448.0,-78.0,16522.0,350.0,0.0,27858.0,51.0,Fail
l3121.txm,104.639,752.0,752.9467031809564,135.0,0.0,1705.0,100.0,1184.0,9457.0,8983.0,-931.0,25.0,17114.0,19290.0,-415.0,16742.0,350.0,0.0,28006.0,51.0,Fail
l3122.txm,57.2246,752.0,754.0,132.76813681368137,0.0,1414.0,100.0,1186.0,9443.0,9045.0,1145.0,28.0,16147.0,19842.0,-730.0,16596.0,342.0,0.0,27572.0,50.0,Fail
l3122.txm,58.2461,752.0,753.0,131.76813681368137,0.0,1173.0,100.0,1252.0,9503.0,8960.0,-886.0,29.0,16142.0,19850.0,-291.0,17032.0,357.0,0.0,27572.0,49.0,Fail
l3122.txm,59.2656,752.0,754.0,131.76813681368137,0.0,1133.0,100.0,1215.0,9429.0,9024.0,915.0,27.0,16283.0,19948.0,-266.0,16588.0,346.0,0.0,27414.0,50.0,Fail
l3122.txm,60.2852,752.0,753.0,133.76813681368137,0.0,1126.0,100.0,1188.0,9439.0,9061.0,662.0,27.0,16371.0,19946.0,-86.0,16622.0,342.0,0.0,27412.0,50.0,Fail
l3122.txm,61.3047,752.0,753.0,131.76813681368137,0.0,1113.0,100.0,1178.0,9500.0,8957.0,585.0,27.0,16514.0,19938.0,-324.0,16820.0,352.0,0.0,27472.0,50.0,Fail
l3122.txm,62.3262,752.0,754.0,133.76813681368137,0.0,1099.0,101.0,1188.0,9437.0,9047.0,-157.0,28.0,16215.0,19978.0,-283.0,16550.0,345.0,0.0,27358.0,50.0,Fail
l3122.txm,63.3457,752.0,753.0,134.76813681368137,0.0,1077.0,101.0,1184.0,9491.0,8971.0,-302.0,28.0,16731.0,19970.0,-556.0,16876.0,346.0,0.0,27360.0,50.0,Fail
l3122.txm,64.3652,752.0,753.0,131.76813681368137,0.0,1059.0,101.0,1185.0,9471.0,8996.0,-922.0,28.0,16624.0,20156.0,75.0,16258.0,359.0,0.0,27458.0,50.0,Fail
l3122.txm,65.3848,752.0,754.0,132.76813681368137,0.0,1048.0,100.0,1187.0,9430.0,9029.0,-908.0,29.0,16552.0,20104.0,-38.0,16610.0,350.0,0.0,27254.0,50.0,Fail
l3122.txm,66.4062,752.0,754.0,131.76813681368137,0.0,1030.0,101.0,1184.0,9489.0,9004.0,-677.0,29.0,16368.0,20100.0,-341.0,16408.0,348.0,0.0,27358.0,50.0,Fail
l3122.txm,67.4492,752.0,753.0,133.76813681368137,0.0,1002.0,102.0,1181.0,9474.0,9001.0,-969.0,29.0,16226.0,20190.0,-370.0,16728.0,346.0,0.0,27298.0,50.0,Fail
l3122.txm,68.4453,752.0,753.0,134.76813681368137,0.0,955.0,101.0,1179.0,9423.0,9023.0,-2036.0,29.0,16386.0,19978.0,-4.0,16510.0,350.0,0.0,27034.0,50.0,Fail
l3122.txm,69.4648,752.0,753.0,134.76813681368137,0.0,915.0,100.0,1180.0,9417.0,9091.0,-605.0,29.0,16327.0,20042.0,-522.0,16710.0,353.0,0.0,27050.0,50.0,Fail
l3122.txm,70.4863,751.0,754.0,134.76813681368137,0.0,888.0,101.0,1184.0,9415.0,9065.0,-1668.0,30.0,15986.0,20234.0,36.0,16568.0,354.0,0.0,26998.0,50.0,Fail
l3122.txm,71.5059,752.0,754.0,130.76813681368137,0.0,883.0,100.0,1184.0,9502.0,9116.0,-153.0,28.0,16318.0,20428.0,-330.0,16304.0,342.0,0.0,26968.0,50.0,Fail
l3122.txm,72.5254,752.0,753.0,130.76813681368137,0.0,935.0,101.0,1188.0,9559.0,9045.0,-260.0,27.0,16401.0,20392.0,18.0,15890.0,351.0,1.0,27214.0,50.0,Fail
l3122.txm,73.5449,752.0,753.0,135.76813681368137,0.0,1049.0,101.0,1197.0,9548.0,9035.0,-395.0,25.0,17113.0,20094.0,-34.0,16508.0,348.0,0.0,27514.0,50.0,Fail
l3122.txm,74.5644,752.0,753.0,132.76813681368137,0.0,1202.0,100.0,1186.0,9496.0,9032.0,1233.0,24.0,16723.0,20174.0,8.0,16256.0,350.0,1.0,27752.0,50.0,Fail
l3122.txm,75.5859,752.0,752.0,131.76813681368137,0.0,1374.0,102.0,1184.0,9610.0,8943.0,501.0,24.0,17364.0,19650.0,3.0,16574.0,349.0,0.0,27854.0,50.0,Fail
l3122.txm,76.6055,752.0,753.0,131.76813681368137,0.0,1547.0,101.0,1188.0,9433.0,9008.0,399.0,27.0,16243.0,19466.0,864.0,16260.0,351.0,0.0,27806.0,50.0,Fail
l3122.txm,77.625,752.0,753.0,132.76813681368137,0.0,1666.0,100.0,1187.0,9513.0,8937.0,196.0,27.0,16242.0,19068.0,-34.0,16850.0,352.0,0.0,27884.0,51.0,Fail
l3122.txm,78.6445,752.0,753.0,132.76813681368137,0.0,1674.0,100.0,1185.0,9515.0,8900.0,812.0,27.0,16429.0,19384.0,116.0,16544.0,343.0,0.0,27998.0,51.0,Fail
l3122.txm,79.6914,751.0,752.0,133.76813681368137,0.0,1679.0,102.0,1185.0,9430.0,8994.0,523.0,27.0,16501.0,19194.0,496.0,16554.0,353.0,0.0,28006.0,51.0,Fail
l3122.txm,80.6855,752.0,753.0,132.76813681368137,0.0,1688.0,100.0,1185.0,9500.0,8932.0,293.0,27.0,16260.0,19348.0,-90.0,16692.0,342.0,0.0,28002.0,51.0,Fail
l3122.txm,81.7051,752.0,753.0,131.76813681368137,0.0,1685.0,100.0,1186.0,9442.0,8988.0,288.0,27.0,16251.0,19184.0,366.0,16504.0,348.0,0.0,27978.0,51.0,Fail
l3122.txm,82.7246,751.0,753.0,134.76813681368137,0.0,1690.0,102.0,1187.0,9534.0,8897.0,117.0,27.0,16353.0,19124.0,110.0,16418.0,345.0,0.0,27878.0,51.0,Fail
l3122.txm,83.7461,752.0,754.0,133.76813681368137,0.0,1695.0,100.0,1185.0,9459.0,8967.0,-93.0,27.0,15929.0,19286.0,448.0,16370.0,349.0,0.0,27982.0,51.0,Fail
l3122.txm,84.7656,752.0,753.0,131.76813681368137,0.0,1694.0,102.0,1186.0,9493.0,8948.0,208.0,27.0,15988.0,19058.0,81.0,16494.0,353.0,0.0,28010.0,51.0,Fail
l3122.txm,85.7852,751.0,753.0,131.76813681368137,0.0,1701.0,101.0,1185.0,9503.0,8914.0,534.0,27.0,16089.0,19254.0,476.0,16534.0,345.0,0.0,27900.0,51.0,Fail
l3122.txm,86.8047,752.0,752.0,132.76813681368137,0.0,1703.0,100.0,1185.0,9440.0,9013.0,379.0,27.0,16219.0,19192.0,152.0,16532.0,347.0,0.0,28006.0,51.0,Fail
l3122.txm,87.8262,751.0,753.0,132.76813681368137,0.0,1705.0,102.0,1183.0,9426.0,8995.0,341.0,27.0,16371.0,19448.0,478.0,16524.0,348.0,0.0,28030.0,51.0,Fail
l3122.txm,88.8457,752.0,754.0,131.76813681368137,0.0,1715.0,101.0,1184.0,9474.0,8935.0,253.0,27.0,16237.0,19452.0,125.0,16460.0,354.0,0.0,27890.0,51.0,Fail
l3122.txm,89.8652,752.0,752.0,131.76813681368137,0.0,1712.0,102.0,1186.0,9506.0,8907.0,639.0,27.0,15952.0,19412.0,-41.0,16500.0,350.0,0.0,27878.0,51.0,Fail
l3122.txm,90.8848,752.0,753.0,134.76813681368137,0.0,1711.0,101.0,1186.0,9425.0,9011.0,379.0,27.0,15974.0,19250.0,440.0,16508.0,354.0,1.0,27894.0,51.0,Fail
l3122.txm,91.9316,751.0,753.0,132.76813681368137,0.0,1714.0,100.0,1183.0,9537.0,8903.0,361.0,27.0,16099.0,19328.0,74.0,16436.0,349.0,0.0,27898.0,51.0,Fail
l3122.txm,92.9297,751.0,750.0,131.76813681368137,0.0,1714.0,100.0,1183.0,9443.0,9009.0,736.0,27.0,16057.0,19104.0,-301.0,16450.0,351.0,1.0,27996.0,51.0,Fail
l3122.txm,93.9453,751.0,752.0,132.76813681368137,0.0,1715.0,101.0,1184.0,9470.0,8914.0,291.0,27.0,16217.0,19264.0,-432.0,16514.0,352.0,0.0,28022.0,51.0,Fail
l3122.txm,94.9648,752.0,753.0,131.76813681368137,0.0,1727.0,101.0,1186.0,9514.0,8913.0,193.0,27.0,16032.0,19300.0,-70.0,16594.0,349.0,0.0,27876.0,51.0,Fail
l3122.txm,95.9863,752.0,755.0,133.76813681368137,0.0,1718.0,100.0,1183.0,9428.0,8998.0,282.0,27.0,16329.0,19372.0,126.0,16410.0,355.0,1.0,28006.0,51.0,Fail
l3122.txm,97.0059,752.0,753.0,134.76813681368137,0.0,1727.0,100.0,1184.0,9479.0,8950.0,73.0,27.0,16173.0,19336.0,127.0,16396.0,352.0,0.0,27986.0,51.0,Fail
l3122.txm,98.0254,752.0,753.0,132.76813681368137,0.0,1722.0,101.0,1185.0,9451.0,8960.0,614.0,27.0,15847.0,19442.0,67.0,16356.0,350.0,0.0,27996.0,51.0,Fail
l3122.txm,99.0449,752.0,755.0,131.76813681368137,0.0,1723.0,100.0,1185.0,9456.0,8959.0,438.0,27.0,16444.0,19172.0,-59.0,16438.0,353.0,0.0,27996.0,51.0,Fail
l3122.txm,100.064,751.0,753.0,134.76813681368137,1.0,1727.0,101.0,1186.0,9515.0,8910.0,510.0,27.0,16222.0,19352.0,-66.0,16434.0,347.0,0.0,27998.0,51.0,Fail
l3122.txm,101.086,752.0,753.0,133.76813681368137,0.0,1727.0,101.0,1184.0,9471.0,8956.0,156.0,27.0,16094.0,19450.0,98.0,16430.0,350.0,1.0,28012.0,51.0,Fail
l3122.txm,102.105,752.0,754.0,135.76813681368137,1.0,1730.0,101.0,1186.0,9442.0,8970.0,410.0,27.0,15932.0,19422.0,136.0,16610.0,343.0,1.0,27994.0,51.0,Fail
l3122.txm,103.125,752.0,753.0,131.76813681368137,0.0,1726.0,100.0,1184.0,9497.0,8932.0,461.0,27.0,16161.0,19398.0,-94.0,16460.0,345.0,0.0,28026.0,51.0,Fail
l3122.txm,104.174,752.0,752.0,134.76813681368137,0.0,1729.0,102.0,1184.0,9422.0,8937.0,559.0,27.0,16131.0,19380.0,-94.0,16446.0,349.0,0.0,27892.0,51.0,Fail
l3122.txm,105.168,752.0,753.0,133.76813681368137,0.0,1726.0,101.0,1185.0,9488.0,8917.0,69.0,27.0,16170.0,19412.0,78.0,16466.0,343.0,0.0,28016.0,51.0,Fail
l3122.txm,106.186,752.0,754.0,132.76813681368137,0.0,1729.0,100.0,1185.0,9532.0,8927.0,-73.0,27.0,16458.0,19194.0,131.0,16414.0,349.0,0.0,28026.0,51.0,Fail
l3122.txm,107.207,752.0,753.0,133.76813681368137,0.0,1726.0,101.0,1183.0,9490.0,8936.0,182.0,27.0,16092.0,19366.0,105.0,16528.0,351.0,0.0,27984.0,51.0,Fail
l3122.txm,108.225,752.0,753.0,131.76813681368137,0.0,1725.0,100.0,1184.0,9432.0,9004.0,-260.0,27.0,16402.0,19306.0,344.0,16510.0,350.0,0.0,27884.0,51.0,Fail
l3122.txm,109.246,751.0,753.0,132.76813681368137,0.0,1728.0,100.0,1183.0,9468.0,8950.0,755.0,27.0,15967.0,19370.0,346.0,16688.0,349.0,0.0,27964.0,51.0,Fail
l3122.txm,110.266,751.0,753.0,132.76813681368137,0.0,1728.0,100.0,1183.0,9464.0,8988.0,101.0,27.0,15958.0,19058.0,66.0,16402.0,351.0,0.0,27986.0,51.0,Fail
l3141.txm,57.6953,776.4693877551019,753.0,132.0,0.0,1145.0,100.0,1241.0,9428.0,9031.0,-1624.0,29.0,16300.0,19902.0,-364.0,16356.0,345.0,0.0,27352.0,49.0,Fail
l3141.txm,58.6875,775.4693877551019,753.0,133.0,0.0,1101.0,100.0,1233.0,9516.0,8987.0,120.0,28.0,16593.0,19974.0,458.0,16362.0,352.0,0.0,27498.0,50.0,Fail
l3141.txm,59.707,774.4693877551019,753.0,133.0,0.0,1087.0,100.0,1200.0,9453.0,9031.0,238.0,27.0,16738.0,19980.0,-260.0,16402.0,346.0,0.0,27508.0,50.0,Fail
l3141.txm,60.7266,775.4693877551019,753.0,135.0,0.0,1088.0,100.0,1176.0,9504.0,8968.0,632.0,27.0,16364.0,19976.0,552.0,16620.0,352.0,0.0,27484.0,51.0,Fail
l3141.txm,61.7461,775.4693877551019,754.0,134.0,0.0,1064.0,102.0,1186.0,9495.0,8964.0,-1048.0,28.0,16568.0,19982.0,-289.0,16610.0,353.0,0.0,27486.0,50.0,Fail
l3141.txm,62.7656,775.4693877551019,754.0,133.0,0.0,1064.0,100.0,1184.0,9447.0,8990.0,-1553.0,28.0,16800.0,19970.0,-614.0,16706.0,347.0,0.0,27492.0,51.0,Fail
l3141.txm,63.7852,775.4693877551019,755.0,131.0,0.0,1054.0,101.0,1184.0,9472.0,8962.0,-803.0,28.0,16848.0,19972.0,-18.0,16696.0,358.0,0.0,27486.0,50.0,Fail
l3141.txm,64.8086,775.4693877551019,753.0,133.0,0.0,1044.0,101.0,1186.0,9479.0,8998.0,-1126.0,28.0,16373.0,19970.0,-321.0,16858.0,347.0,0.0,27362.0,50.0,Fail
l3141.txm,65.8281,775.4693877551019,754.0,131.0,0.0,1031.0,100.0,1183.0,9437.0,9004.0,-1487.0,28.0,16469.0,19862.0,-506.0,16758.0,348.0,0.0,27338.0,50.0,Fail
l3141.txm,66.8516,775.4693877551019,753.0,133.0,0.0,1026.0,101.0,1187.0,9440.0,9049.0,-1872.0,28.0,16446.0,20124.0,-584.0,16844.0,349.0,0.0,27364.0,51.0,Fail
l3141.txm,67.8906,775.4693877551019,754.0,133.0,0.0,997.0,101.0,1182.0,9448.0,9031.0,-2217.0,28.0,16507.0,20132.0,648.0,16340.0,353.0,1.0,27378.0,51.0,Fail
l3141.txm,68.9062,775.4693877551019,754.0,131.0,0.0,964.0,100.0,1182.0,9520.0,8960.0,-1602.0,28.0,16369.0,20136.0,-545.0,16680.0,357.0,1.0,27256.0,50.0,Fail
l3141.txm,69.9492,775.4693877551019,754.0,132.0,0.0,912.0,101.0,1178.0,9505.0,8964.0,-1377.0,29.0,16409.0,20442.0,-599.0,16356.0,349.0,0.0,27036.0,50.0,Fail
l3141.txm,70.9805,775.4693877551019,755.0,131.0,0.0,880.0,100.0,1180.0,9426.0,9074.0,-923.0,30.0,15854.0,20386.0,-406.0,16780.0,357.0,0.0,27052.0,50.0,Fail
l3141.txm,72.0,775.4693877551019,753.0,132.0,0.0,867.0,100.0,1185.0,9420.0,9077.0,-1080.0,30.0,15933.0,20098.0,132.0,16782.0,353.0,0.0,27036.0,50.0,Fail
l3141.txm,73.0195,775.4693877551019,755.0,133.0,0.0,873.0,101.0,1186.0,9471.0,9017.0,-1608.0,30.0,15858.0,20368.0,57.0,16144.0,343.0,0.0,26982.0,50.0,Fail
l3141.txm,74.0391,775.4693877551019,753.0,131.0,0.0,959.0,101.0,1193.0,9522.0,9021.0,501.0,27.0,16706.0,20346.0,476.0,16582.0,344.0,0.0,27486.0,50.0,Fail
l3141.txm,75.0586,775.4693877551019,754.0,133.0,0.0,1108.0,100.0,1193.0,9445.0,9044.0,872.0,27.0,16763.0,19994.0,116.0,16166.0,353.0,0.0,27482.0,50.0,Fail
l3141.txm,76.0781,775.4693877551019,754.0,134.0,0.0,1229.0,101.0,1188.0,9495.0,9065.0,488.0,25.0,17175.0,19732.0,77.0,16308.0,346.0,0.0,27680.0,50.0,Fail
l3141.txm,77.0977,775.4693877551019,753.0,133.0,0.0,1404.0,100.0,1184.0,9459.0,9054.0,707.0,25.0,16791.0,19576.0,686.0,16430.0,357.0,0.0,27824.0,51.0,Fail
l3141.txm,78.1172,775.4693877551019,754.0,134.0,0.0,1597.0,102.0,1191.0,9441.0,8975.0,408.0,25.0,17118.0,19130.0,-305.0,16780.0,348.0,0.0,27886.0,51.0,Fail
l3141.txm,79.1406,775.4693877551019,753.0,135.0,0.0,1620.0,101.0,1184.0,9428.0,9023.0,373.0,25.0,16887.0,19216.0,149.0,16608.0,348.0,0.0,27940.0,51.0,Fail
l3141.txm,80.1602,775.4693877551019,754.0,135.0,0.0,1633.0,101.0,1183.0,9501.0,8971.0,266.0,25.0,17061.0,19330.0,-35.0,16724.0,354.0,1.0,27914.0,51.0,Fail
l3141.txm,81.1797,775.4693877551019,753.0,134.0,0.0,1638.0,100.0,1183.0,9437.0,9056.0,457.0,25.0,17030.0,19246.0,-85.0,16654.0,351.0,0.0,27892.0,51.0,Fail
l3141.txm,82.2266,775.4693877551019,754.0,131.0,0.0,1644.0,101.0,1187.0,9447.0,8997.0,564.0,25.0,16806.0,19326.0,50.0,16696.0,345.0,0.0,27866.0,51.0,Fail
l3141.txm,83.2461,774.4693877551019,753.0,133.0,0.0,1642.0,100.0,1183.0,9441.0,9025.0,235.0,25.0,17046.0,19344.0,150.0,16480.0,349.0,1.0,27912.0,51.0,Fail
l3141.txm,84.2656,775.4693877551019,753.0,134.0,0.0,1647.0,102.0,1184.0,9455.0,9000.0,476.0,25.0,17078.0,19304.0,148.0,16496.0,344.0,1.0,27908.0,51.0,Fail
l3141.txm,85.2852,775.4693877551019,753.0,133.0,0.0,1655.0,101.0,1187.0,9480.0,8976.0,758.0,25.0,17039.0,19110.0,-395.0,16718.0,350.0,1.0,27886.0,51.0,Fail
l3141.txm,86.3398,775.4693877551019,754.0,134.0,0.0,1652.0,100.0,1184.0,9444.0,8974.0,340.0,25.0,16670.0,19192.0,46.0,16468.0,346.0,0.0,27884.0,51.0,Fail
l3141.txm,87.3594,775.4693877551019,753.0,135.0,0.0,1656.0,102.0,1184.0,9442.0,9031.0,-108.0,26.0,16789.0,19238.0,240.0,16358.0,358.0,0.0,27876.0,51.0,Fail
l3141.txm,88.3789,775.4693877551019,754.0,134.0,0.0,1664.0,101.0,1183.0,9486.0,8961.0,168.0,25.0,16796.0,19260.0,103.0,16574.0,343.0,0.0,27874.0,51.0,Fail
l3141.txm,89.4219,775.4693877551019,753.0,135.0,0.0,1664.0,100.0,1184.0,9492.0,8958.0,143.0,25.0,16958.0,19324.0,252.0,16564.0,347.0,1.0,27914.0,51.0,Fail
l3141.txm,90.4141,775.4693877551019,753.0,135.0,0.0,1666.0,101.0,1184.0,9437.0,8980.0,365.0,25.0,16973.0,19438.0,20.0,16580.0,355.0,1.0,27828.0,51.0,Fail
l3141.txm,91.4375,774.4693877551019,751.0,134.0,0.0,1670.0,102.0,1185.0,9514.0,8972.0,184.0,25.0,17127.0,19126.0,15.0,16550.0,354.0,0.0,27858.0,51.0,Fail
l3141.txm,92.4531,775.4693877551019,754.0,134.0,0.0,1667.0,101.0,1184.0,9506.0,8954.0,-103.0,25.0,16970.0,19200.0,132.0,16474.0,347.0,0.0,27822.0,51.0,Fail
l3141.txm,93.4805,775.4693877551019,753.0,132.0,0.0,1672.0,102.0,1186.0,9426.0,9047.0,155.0,25.0,16788.0,19382.0,50.0,16412.0,349.0,0.0,28012.0,51.0,Fail
l3141.txm,94.4961,775.4693877551019,753.0,134.0,0.0,1677.0,101.0,1186.0,9457.0,8994.0,550.0,25.0,16810.0,19130.0,-44.0,16518.0,340.0,0.0,27882.0,51.0,Fail
l3141.txm,95.5195,775.4693877551019,754.0,135.0,0.0,1673.0,100.0,1184.0,9426.0,9014.0,218.0,25.0,16555.0,18982.0,139.0,16484.0,349.0,0.0,27906.0,51.0,Fail
l3141.txm,96.5352,775.4693877551019,753.0,135.0,0.0,1677.0,100.0,1184.0,9411.0,9027.0,92.0,25.0,16878.0,19396.0,476.0,16606.0,359.0,0.0,27888.0,51.0,Fail
l3141.txm,97.5586,775.4693877551019,754.0,136.0,0.0,1682.0,101.0,1187.0,9429.0,8987.0,248.0,25.0,16696.0,19328.0,-14.0,16562.0,354.0,0.0,27884.0,51.0,Fail
l3141.txm,98.582,775.4693877551019,753.0,133.0,0.0,1678.0,101.0,1185.0,9415.0,9023.0,477.0,25.0,16818.0,18982.0,150.0,16494.0,343.0,0.0,27874.0,51.0,Fail
l3141.txm,99.5977,775.4693877551019,753.0,133.0,0.0,1679.0,100.0,1185.0,9432.0,9012.0,624.0,25.0,17113.0,19008.0,72.0,16606.0,350.0,0.0,27870.0,51.0,Fail
l3141.txm,100.617,774.4693877551019,754.0,132.0,0.0,1677.0,100.0,1184.0,9418.0,9016.0,386.0,25.0,17011.0,19012.0,-67.0,16418.0,350.0,0.0,27932.0,51.0,Fail
l3141.txm,101.664,775.4693877551019,753.0,132.0,0.0,1679.0,102.0,1187.0,9436.0,8986.0,201.0,25.0,16572.0,19246.0,-294.0,16630.0,348.0,0.0,27938.0,51.0,Fail
l3141.txm,102.66,775.4693877551019,752.0,134.0,0.0,1678.0,101.0,1183.0,9454.0,8950.0,121.0,25.0,16911.0,19244.0,65.0,16568.0,347.0,0.0,27876.0,51.0,Fail
l3141.txm,103.68,775.4693877551019,752.0,134.0,0.0,1680.0,100.0,1183.0,9460.0,8995.0,610.0,25.0,16475.0,19194.0,64.0,16388.0,349.0,1.0,27928.0,51.0,Fail
l3141.txm,104.699,775.4693877551019,754.0,133.0,0.0,1679.0,102.0,1184.0,9483.0,8929.0,1060.0,25.0,16708.0,19448.0,95.0,16316.0,348.0,0.0,27890.0,51.0,Fail
l3141.txm,105.719,775.4693877551019,753.0,134.0,0.0,1687.0,100.0,1185.0,9416.0,9038.0,879.0,25.0,16855.0,19358.0,93.0,16628.0,348.0,0.0,27876.0,51.0,Fail
l3141.txm,106.762,774.4693877551019,754.0,136.0,0.0,1680.0,101.0,1185.0,9454.0,8994.0,595.0,25.0,16749.0,19112.0,312.0,16348.0,352.0,0.0,27876.0,51.0,Fail
l3141.txm,107.785,775.4693877551019,754.0,133.0,0.0,1686.0,101.0,1184.0,9507.0,8954.0,177.0,25.0,16918.0,19156.0,-20.0,16540.0,359.0,0.0,27876.0,51.0,Fail
l3141.txm,108.809,775.4693877551019,754.0,135.0,0.0,1685.0,100.0,1187.0,9506.0,8940.0,549.0,25.0,16817.0,19252.0,-32.0,16542.0,348.0,0.0,27878.0,51.0,Fail
l3141.txm,109.828,775.4693877551019,753.0,131.0,0.0,1683.0,100.0,1183.0,9472.0,8944.0,949.0,25.0,16533.0,19150.0,79.0,16600.0,345.0,0.0,27924.0,51.0,Fail
l3142.txm,54.6289,752.0,754.0,133.0,0.0,1189.0,100.0,1105.4678178963893,9557.0,9037.0,440.0,26.0,17097.0,19804.0,30.0,16876.0,356.0,0.0,27590.0,49.0,Fail
l3142.txm,55.6758,752.0,755.0,136.0,0.0,1089.0,100.0,1108.4678178963893,9586.0,8989.0,-2061.0,27.0,16707.0,19920.0,-585.0,16508.0,351.0,0.0,27504.0,48.0,Fail
l3142.txm,56.6719,752.0,754.0,136.0,0.0,1033.0,102.0,1158.4678178963893,9556.0,9021.0,-1417.0,28.0,16644.0,19978.0,-542.0,16246.0,350.0,1.0,27546.0,47.0,Fail
l3142.txm,58.2031,752.0,753.0,134.0,0.0,1003.0,100.0,1200.4678178963893,9561.0,9072.0,-1165.0,29.0,16145.0,19980.0,-693.0,16292.0,344.0,0.0,27558.0,47.0,Fail
l3142.txm,59.7305,751.0,753.0,134.0,0.0,984.0,101.0,1196.4678178963893,9517.0,9097.0,-586.0,29.0,16153.0,20052.0,598.0,16490.0,348.0,0.0,27656.0,47.0,Fail
l3142.txm,60.7539,752.0,753.0,136.0,0.0,974.0,101.0,1197.4678178963893,9514.0,9129.0,-1512.0,28.0,16529.0,19882.0,516.0,16600.0,349.0,1.0,27694.0,47.0,Fail
l3142.txm,61.7695,752.0,753.0,132.0,0.0,967.0,100.0,1195.4678178963893,9520.0,9146.0,-1335.0,29.0,16263.0,19888.0,-484.0,16586.0,352.0,0.0,27628.0,47.0,Fail
l3142.txm,62.7891,752.0,753.0,131.0,0.0,957.0,101.0,1196.4678178963893,9540.0,9096.0,-910.0,28.0,16489.0,19892.0,-444.0,16842.0,353.0,0.0,27588.0,47.0,Fail
l3142.txm,63.8086,752.0,753.0,135.0,0.0,944.0,101.0,1193.4678178963893,9532.0,9084.0,-1828.0,29.0,16286.0,19908.0,157.0,16712.0,350.0,0.0,27558.0,47.0,Fail
l3142.txm,64.8281,752.0,754.0,137.0,0.0,922.0,100.0,1196.4678178963893,9590.0,9077.0,-1545.0,29.0,16547.0,20060.0,-673.0,16422.0,346.0,0.0,27372.0,47.0,Fail
l3142.txm,65.8477,752.0,753.0,135.0,0.0,892.0,100.0,1195.4678178963893,9516.0,9156.0,-1380.0,29.0,16038.0,20178.0,-69.0,16518.0,353.0,0.0,27448.0,47.0,Fail
l3142.txm,66.8711,752.0,753.0,135.0,0.0,834.0,102.0,1189.4678178963893,9575.0,9139.0,-1608.0,28.0,16414.0,20222.0,-570.0,16462.0,345.0,1.0,27274.0,47.0,Fail
l3142.txm,67.8906,752.0,753.0,134.0,0.0,801.0,102.0,1190.4678178963893,9526.0,9166.0,-1539.0,29.0,16388.0,20254.0,-82.0,16854.0,349.0,0.0,27242.0,47.0,Fail
l3142.txm,68.9141,752.0,754.0,134.0,0.0,770.0,100.0,1196.4678178963893,9524.0,9168.0,-1149.0,29.0,16226.0,20420.0,606.0,16260.0,351.0,0.0,27212.0,46.0,Fail
l3142.txm,69.9297,752.0,753.0,135.0,0.0,792.0,101.0,1196.4678178963893,9552.0,9160.0,-575.0,29.0,16286.0,20574.0,-609.0,16250.0,344.0,0.0,27284.0,46.0,Fail
l3142.txm,70.9805,752.0,753.0,135.0,0.0,869.0,101.0,1207.4678178963893,9637.0,9112.0,-188.0,28.0,16410.0,20338.0,856.0,16280.0,354.0,0.0,27522.0,46.0,Fail
l3142.txm,72.0,751.0,753.0,136.0,0.0,1014.0,101.0,1202.4678178963893,9559.0,9245.0,213.0,26.0,16386.0,19856.0,756.0,16304.0,347.0,0.0,27522.0,47.0,Fail
l3142.txm,73.0195,752.0,754.0,133.0,0.0,1194.0,102.0,1214.4678178963893,9544.0,9198.0,1292.0,24.0,17148.0,19816.0,294.0,16302.0,353.0,1.0,27848.0,47.0,Fail
l3142.txm,74.043,752.0,753.0,132.0,0.0,1386.0,101.0,1205.4678178963893,9510.0,9078.0,1154.0,25.0,16995.0,19240.0,482.0,16448.0,353.0,0.0,27890.0,47.0,Fail
l3142.txm,75.0625,752.0,753.0,134.0,0.0,1553.0,100.0,1192.4678178963893,9516.0,9024.0,769.0,26.0,16714.0,19422.0,428.0,16528.0,350.0,1.0,28022.0,47.0,Fail
l3142.txm,76.082,752.0,753.0,134.0,0.0,1564.0,102.0,1195.4678178963893,9485.0,9073.0,-45.0,27.0,16657.0,19320.0,416.0,16380.0,345.0,1.0,28140.0,47.0,Fail
l3142.txm,77.1016,752.0,753.0,134.0,0.0,1575.0,100.0,1198.4678178963893,9541.0,9013.0,-180.0,27.0,16597.0,19342.0,460.0,16428.0,356.0,0.0,28140.0,47.0,Fail
l3142.txm,78.1445,751.0,753.0,131.0,0.0,1578.0,100.0,1198.4678178963893,9509.0,9041.0,-619.0,27.0,16883.0,18976.0,21.0,16600.0,354.0,1.0,28176.0,47.0,Fail
l3142.txm,79.1367,752.0,753.0,131.0,0.0,1583.0,100.0,1194.4678178963893,9461.0,9103.0,83.0,27.0,16544.0,18970.0,-359.0,16574.0,341.0,1.0,28182.0,47.0,Fail
l3142.txm,80.1602,752.0,753.0,135.0,0.0,1589.0,101.0,1198.4678178963893,9458.0,9107.0,-577.0,27.0,16838.0,19160.0,560.0,16604.0,354.0,1.0,28124.0,47.0,Fail
l3142.txm,81.1758,752.0,754.0,134.0,0.0,1589.0,102.0,1197.4678178963893,9497.0,9073.0,-212.0,27.0,16880.0,19388.0,-23.0,16608.0,349.0,0.0,28108.0,47.0,Fail
l3142.txm,82.2031,752.0,754.0,132.0,0.0,1594.0,101.0,1197.4678178963893,9468.0,9099.0,129.0,27.0,16572.0,19246.0,550.0,16438.0,353.0,1.0,28178.0,47.0,Fail
l3142.txm,83.2227,752.0,755.0,135.0,0.0,1596.0,101.0,1196.4678178963893,9487.0,9056.0,-273.0,27.0,16518.0,19114.0,86.0,16460.0,349.0,0.0,28016.0,47.0,Fail
l3142.txm,84.2422,752.0,753.0,134.0,0.0,1601.0,102.0,1196.4678178963893,9474.0,9051.0,634.0,26.0,16680.0,19094.0,130.0,16440.0,349.0,0.0,28072.0,47.0,Fail
l3142.txm,85.2578,752.0,752.0,133.0,0.0,1603.0,101.0,1195.4678178963893,9512.0,9011.0,318.0,27.0,16881.0,19344.0,131.0,16540.0,349.0,0.0,28154.0,47.0,Fail
l3142.txm,86.2812,752.0,754.0,134.0,0.0,1612.0,101.0,1196.4678178963893,9506.0,9042.0,263.0,27.0,16646.0,19394.0,53.0,16500.0,350.0,1.0,28168.0,47.0,Fail
l3142.txm,87.2969,752.0,754.0,134.0,0.0,1616.0,101.0,1197.4678178963893,9523.0,9043.0,-63.0,27.0,16868.0,18976.0,109.0,16510.0,354.0,0.0,28014.0,47.0,Fail
l3142.txm,88.3203,751.0,753.0,132.0,0.0,1611.0,101.0,1195.4678178963893,9536.0,9014.0,395.0,26.0,16795.0,18994.0,54.0,16444.0,356.0,0.0,28166.0,47.0,Fail
l3142.txm,89.3398,752.0,754.0,133.0,0.0,1613.0,100.0,1194.4678178963893,9546.0,9019.0,270.0,27.0,16336.0,19202.0,136.0,16458.0,353.0,0.0,28100.0,47.0,Fail
l3142.txm,90.3867,752.0,753.0,134.0,0.0,1618.0,101.0,1195.4678178963893,9553.0,9018.0,31.0,27.0,16745.0,18970.0,-271.0,16470.0,343.0,0.0,28078.0,47.0,Fail
l3142.txm,91.3828,752.0,753.0,133.0,0.0,1620.0,101.0,1195.4678178963893,9501.0,9081.0,515.0,26.0,16536.0,19444.0,50.0,16262.0,351.0,1.0,28182.0,47.0,Fail
l3142.txm,92.4023,752.0,754.0,133.0,0.0,1625.0,100.0,1198.4678178963893,9531.0,9032.0,0.0,27.0,16618.0,19426.0,71.0,16530.0,348.0,0.0,28014.0,47.0,Fail
l3142.txm,93.4219,751.0,753.0,132.0,0.0,1623.0,100.0,1196.4678178963893,9557.0,9019.0,128.0,26.0,16572.0,19266.0,104.0,16464.0,352.0,0.0,28014.0,47.0,Fail
l3142.txm,94.4414,752.0,753.0,131.0,0.0,1626.0,100.0,1196.4678178963893,9457.0,9127.0,170.0,27.0,16566.0,19316.0,-460.0,16494.0,349.0,1.0,28146.0,47.0,Fail
l3142.txm,95.4609,752.0,753.0,134.0,0.0,1631.0,102.0,1197.4678178963893,9487.0,9123.0,336.0,26.0,16427.0,19150.0,129.0,16474.0,345.0,1.0,28102.0,47.0,Fail
l3142.txm,96.4805,752.0,754.0,132.0,0.0,1624.0,101.0,1197.4678178963893,9528.0,9046.0,320.0,27.0,16415.0,19040.0,70.0,16632.0,345.0,0.0,28118.0,47.0,Fail
l3142.txm,97.5078,752.0,753.0,133.0,0.0,1627.0,100.0,1198.4678178963893,9498.0,9077.0,334.0,26.0,16340.0,18980.0,536.0,16454.0,345.0,1.0,28146.0,47.0,Fail
l3142.txm,98.5195,752.0,753.0,132.0,0.0,1630.0,101.0,1197.4678178963893,9479.0,9094.0,273.0,26.0,16253.0,19088.0,38.0,16410.0,343.0,1.0,28182.0,47.0,Fail
l3142.txm,99.543,752.0,753.0,132.0,0.0,1627.0,101.0,1195.4678178963893,9480.0,9105.0,571.0,26.0,16502.0,19428.0,-400.0,16454.0,350.0,1.0,28014.0,47.0,Fail
l3142.txm,100.563,752.0,752.0,133.0,0.0,1628.0,100.0,1195.4678178963893,9544.0,9011.0,157.0,27.0,16631.0,19180.0,348.0,16598.0,351.0,0.0,28008.0,47.0,Fail
l3142.txm,101.582,751.0,752.0,133.0,0.0,1634.0,101.0,1198.4678178963893,9448.0,9100.0,296.0,26.0,16320.0,19430.0,42.0,16458.0,356.0,0.0,28196.0,47.0,Fail
l3142.txm,102.625,751.0,752.0,135.0,0.0,1632.0,101.0,1196.4678178963893,9511.0,9079.0,-96.0,26.0,16705.0,19402.0,-78.0,16424.0,344.0,0.0,28170.0,47.0,Fail
l3142.txm,103.621,752.0,754.0,133.0,0.0,1632.0,100.0,1195.4678178963893,9535.0,9031.0,42.0,26.0,16570.0,19330.0,130.0,16464.0,346.0,1.0,28060.0,47.0,Fail
l3143.txm,56.6523,752.0,753.0,134.0,0.0,1286.0,100.0,1186.0,9467.0,9001.0,-718.0,31.0,16215.0,19906.0,67.0,16820.0,360.4576376004947,0.0,27492.0,50.0,Fail
l3143.txm,57.668,752.0,754.0,132.0,0.0,1035.0,101.0,1254.0,9421.0,9131.0,594.0,31.0,16022.0,20100.0,-461.0,16266.0,353.4576376004947,0.0,27306.0,49.0,Fail
l3143.txm,58.6914,752.0,753.0,133.0,0.0,989.0,101.0,1222.0,9513.0,9059.0,271.0,29.0,16853.0,20126.0,-306.0,16444.0,345.4576376004947,0.0,27346.0,50.0,Fail
l3143.txm,59.7383,752.0,753.0,135.0,0.0,981.0,100.0,1191.0,9460.0,9021.0,295.0,30.0,16645.0,20108.0,-92.0,16652.0,344.4576376004947,0.0,27344.0,50.0,Fail
l3143.txm,60.7305,751.0,753.0,134.0,0.0,959.0,101.0,1177.0,9453.0,9033.0,-867.0,30.0,16462.0,20094.0,-358.0,16890.0,345.4576376004947,0.0,27334.0,51.0,Fail
l3143.txm,61.75,752.0,753.0,132.0,0.0,960.0,100.0,1188.0,9467.0,9053.0,-1876.0,30.0,16536.0,20112.0,-289.0,16582.0,358.4576376004947,0.0,27308.0,50.0,Fail
l3143.txm,62.7695,752.0,754.0,131.0,0.0,948.0,100.0,1188.0,9414.0,9094.0,-1368.0,30.0,16308.0,20110.0,-372.0,16786.0,349.4576376004947,0.0,27292.0,50.0,Fail
l3143.txm,63.7891,752.0,753.0,134.0,0.0,935.0,101.0,1182.0,9426.0,9092.0,-1099.0,30.0,16423.0,20178.0,-22.0,16138.0,355.4576376004947,0.0,27254.0,50.0,Fail
l3143.txm,64.8086,752.0,753.0,136.0,0.0,929.0,101.0,1185.0,9422.0,9100.0,-1770.0,30.0,16519.0,20176.0,-536.0,16344.0,356.4576376004947,0.0,27262.0,50.0,Fail
l3143.txm,65.8281,752.0,753.0,134.0,0.0,919.0,100.0,1185.0,9481.0,9040.0,-1829.0,30.0,16271.0,20220.0,74.0,16550.0,349.4576376004947,0.0,27308.0,50.0,Fail
l3143.txm,66.9219,751.0,753.0,132.0,0.0,908.0,102.0,1185.0,9431.0,9099.0,-750.0,30.0,16330.0,20148.0,43.0,16712.0,350.4576376004947,0.0,27254.0,50.0,Fail
l3143.txm,67.9141,751.0,753.0,134.0,0.0,892.0,101.0,1186.0,9419.0,9085.0,-854.0,30.0,16341.0,20014.0,88.0,16774.0,353.4576376004947,0.0,27110.0,50.0,Fail
l3143.txm,68.9297,751.0,753.0,132.0,0.0,866.0,102.0,1180.0,9422.0,9134.0,763.0,29.0,16333.0,20186.0,-600.0,16722.0,345.4576376004947,0.0,27094.0,50.0,Fail
l3143.txm,69.9492,752.0,753.0,131.0,0.0,830.0,100.0,1179.0,9480.0,9071.0,-741.0,31.0,16117.0,20110.0,-807.0,16926.0,346.4576376004947,0.0,27124.0,50.0,Fail
l3143.txm,70.9687,752.0,754.0,134.0,0.0,784.0,100.0,1184.0,9403.0,9109.0,-928.0,31.0,16146.0,20274.0,142.0,16340.0,355.4576376004947,0.0,26858.0,50.0,Fail
l3143.txm,72.0195,751.0,752.0,134.0,0.0,771.0,101.0,1182.0,9535.0,9065.0,-266.0,30.0,16052.0,20418.0,-735.0,16754.0,350.4576376004947,0.0,26818.0,50.0,Fail
l3143.txm,73.0391,752.0,754.0,135.0,0.0,776.0,100.0,1185.0,9500.0,9085.0,-654.0,30.0,16298.0,20680.0,-63.0,16170.0,342.4576376004947,0.0,26940.0,50.0,Fail
l3143.txm,74.0625,752.0,754.0,132.0,0.0,811.0,101.0,1189.0,9501.0,9111.0,-415.0,30.0,16620.0,20628.0,1274.0,15984.0,344.4576376004947,0.0,27128.0,50.0,Fail
l3143.txm,75.082,751.0,753.0,132.0,0.0,932.0,101.0,1195.0,9519.0,9109.0,1053.0,27.0,16733.0,20220.0,-12.0,16170.0,353.4576376004947,0.0,27314.0,50.0,Fail
l3143.txm,76.1016,752.0,753.0,134.0,0.0,1040.0,101.0,1190.0,9492.0,9092.0,564.0,27.0,17113.0,20128.0,-260.0,16142.0,343.4576376004947,0.0,27460.0,50.0,Fail
l3143.txm,77.1211,752.0,753.0,131.0,0.0,1194.0,100.0,1187.0,9538.0,9075.0,1017.0,26.0,17279.0,19766.0,-52.0,16500.0,356.4576376004947,1.0,27768.0,51.0,Fail
l3143.txm,78.1406,752.0,754.0,134.0,0.0,1362.0,100.0,1188.0,9396.0,9027.0,-193.0,28.0,16870.0,19636.0,132.0,16186.0,349.4576376004947,0.0,27846.0,51.0,Fail
l3143.txm,79.1836,752.0,753.0,132.0,0.0,1472.0,101.0,1183.0,9452.0,8987.0,7.0,30.0,16081.0,19440.0,-87.0,16834.0,350.4576376004947,0.0,27816.0,51.0,Fail
l3143.txm,80.1797,752.0,753.0,131.0,0.0,1469.0,101.0,1191.0,9401.0,8977.0,-402.0,28.0,16572.0,19576.0,754.0,16326.0,355.4576376004947,1.0,27900.0,51.0,Fail
l3143.txm,81.1953,752.0,753.0,134.0,0.0,1480.0,100.0,1186.0,9413.0,9018.0,-1109.0,29.0,16475.0,19380.0,37.0,16394.0,343.4576376004947,1.0,27870.0,51.0,Fail
l3143.txm,82.2227,752.0,753.0,134.0,0.0,1480.0,100.0,1186.0,9408.0,9046.0,-782.0,29.0,16792.0,19416.0,156.0,16596.0,352.4576376004947,0.0,27822.0,51.0,Fail
l3143.txm,83.2383,752.0,754.0,131.0,0.0,1486.0,100.0,1183.0,9490.0,8987.0,-238.0,28.0,16828.0,19202.0,122.0,16594.0,345.4576376004947,0.0,27834.0,51.0,Fail
l3143.txm,84.2617,751.0,753.0,133.0,0.0,1494.0,101.0,1184.0,9454.0,8995.0,-647.0,29.0,16485.0,19324.0,131.0,16594.0,348.4576376004947,0.0,27828.0,51.0,Fail
l3143.txm,85.2773,752.0,754.0,132.0,0.0,1488.0,101.0,1184.0,9453.0,8999.0,-280.0,29.0,16331.0,19358.0,107.0,16430.0,349.4576376004947,0.0,27830.0,51.0,Fail
l3143.txm,86.3008,752.0,753.0,135.0,0.0,1495.0,100.0,1185.0,9444.0,8994.0,-953.0,28.0,16647.0,19240.0,109.0,16600.0,347.4576376004947,0.0,27830.0,51.0,Fail
l3143.txm,87.3164,752.0,754.0,132.0,0.0,1496.0,101.0,1182.0,9450.0,8960.0,20.0,28.0,16352.0,19546.0,-86.0,16558.0,343.4576376004947,0.0,27812.0,51.0,Fail
l3143.txm,88.3398,752.0,754.0,132.0,0.0,1501.0,100.0,1184.0,9389.0,9053.0,21.0,28.0,16449.0,19422.0,-91.0,16618.0,342.4576376004947,0.0,27856.0,51.0,Fail
l3143.txm,89.3594,752.0,753.0,134.0,0.0,1504.0,101.0,1186.0,9418.0,9036.0,-664.0,29.0,16774.0,19268.0,83.0,16522.0,354.4576376004947,0.0,27810.0,51.0,Fail
l3143.txm,90.3828,752.0,753.0,134.0,0.0,1504.0,101.0,1185.0,9378.0,9065.0,-399.0,29.0,16304.0,19418.0,139.0,16426.0,358.4576376004947,1.0,27900.0,51.0,Fail
l3143.txm,91.4258,752.0,753.0,134.0,0.0,1511.0,100.0,1187.0,9401.0,9047.0,-1252.0,29.0,16697.0,19206.0,65.0,16554.0,353.4576376004947,1.0,27818.0,51.0,Fail
l3143.txm,92.4219,751.0,753.0,135.0,0.0,1505.0,101.0,1185.0,9378.0,9080.0,-531.0,28.0,16597.0,19302.0,-5.0,16418.0,357.4576376004947,0.0,27852.0,51.0,Fail
l3143.txm,93.4414,752.0,753.0,135.0,0.0,1513.0,101.0,1186.0,9395.0,9043.0,-489.0,29.0,16500.0,19244.0,-47.0,16548.0,348.4576376004947,0.0,27826.0,51.0,Fail
l3143.txm,94.4609,752.0,753.0,134.0,0.0,1510.0,101.0,1185.0,9366.0,9029.0,-1318.0,28.0,16762.0,19202.0,-451.0,16506.0,342.4576376004947,1.0,27820.0,51.0,Fail
l3143.txm,95.4805,752.0,753.0,133.0,0.0,1514.0,101.0,1186.0,9417.0,8988.0,-341.0,29.0,16583.0,19396.0,102.0,16540.0,353.4576376004947,1.0,27836.0,51.0,Fail
l3143.txm,96.5,752.0,754.0,131.0,0.0,1512.0,100.0,1184.0,9455.0,9008.0,-105.0,29.0,16434.0,19438.0,44.0,16446.0,346.4576376004947,1.0,27888.0,51.0,Fail
l3143.txm,97.5742,752.0,753.0,131.0,0.0,1514.0,101.0,1184.0,9395.0,9053.0,-104.0,29.0,16665.0,19418.0,-32.0,16588.0,344.4576376004947,0.0,27806.0,51.0,Fail
l3143.txm,98.5391,752.0,753.0,134.0,0.0,1515.0,101.0,1187.0,9441.0,8990.0,-1130.0,28.0,16381.0,19312.0,67.0,16424.0,354.4576376004947,1.0,27822.0,51.0,Fail
l3143.txm,99.5625,752.0,753.0,133.0,0.0,1516.0,102.0,1185.0,9409.0,9048.0,-88.0,29.0,16650.0,19488.0,-268.0,16462.0,345.4576376004947,1.0,27830.0,51.0,Fail
l3143.txm,100.602,752.0,752.0,135.0,0.0,1514.0,101.0,1186.0,9414.0,9014.0,-740.0,29.0,16885.0,19310.0,-30.0,16482.0,345.4576376004947,0.0,27834.0,51.0,Fail
l3143.txm,101.621,752.0,754.0,133.0,0.0,1515.0,100.0,1185.0,9411.0,9003.0,-527.0,28.0,16445.0,19470.0,614.0,16470.0,349.4576376004947,0.0,27896.0,51.0,Fail
l3143.txm,102.641,752.0,753.0,134.0,0.0,1519.0,102.0,1186.0,9420.0,9021.0,-767.0,28.0,16741.0,19284.0,-297.0,16554.0,346.4576376004947,0.0,27874.0,51.0,Fail
l3143.txm,103.688,752.0,753.0,132.0,0.0,1520.0,101.0,1184.0,9448.0,8996.0,-1109.0,28.0,16781.0,19354.0,126.0,16388.0,341.4576376004947,1.0,27808.0,51.0,Fail
l3143.txm,104.68,751.0,752.0,133.0,0.0,1520.0,102.0,1187.0,9435.0,8996.0,-878.0,28.0,16707.0,19242.0,-62.0,16594.0,344.4576376004947,0.0,27830.0,51.0,Fail
l3143.txm,105.699,752.0,755.0,134.0,0.0,1514.0,101.0,1184.0,9391.0,9059.0,-864.0,29.0,16546.0,19324.0,-27.0,16506.0,349.4576376004947,0.0,27826.0,51.0,Fail
l3143.txm,106.723,752.0,753.0,132.0,0.0,1524.0,101.0,1184.0,9407.0,9019.0,-640.0,28.0,16689.0,19580.0,59.0,16612.0,345.4576376004947,1.0,27830.0,51.0,Fail
l3143.txm,107.742,751.0,754.0,134.0,0.0,1519.0,102.0,1184.0,9436.0,8977.0,-788.0,28.0,16624.0,19538.0,147.0,16566.0,346.4576376004947,0.0,27824.0,51.0,Fail
l3143.txm,108.762,752.0,755.0,135.0,0.0,1519.0,102.0,1185.0,9469.0,8975.0,-293.0,28.0,16751.0,19526.0,118.0,16416.0,351.4576376004947,1.0,27898.0,51.0,Fail
l3143.txm,109.781,752.0,753.0,133.0,0.0,1520.0,101.0,1186.0,9381.0,9038.0,-591.0,29.0,16420.0,19398.0,-393.0,16552.0,349.4576376004947,0.0,27846.0,51.0,Fail
l3318.txm,56.6719,751.0,754.0,134.0,0.0,398.0,100.0,1234.0,9426.0,9001.0,-435.0,29.0,16388.0,19794.0,-281.0,16730.0,347.16161616161617,0.0,27770.0,50.0,Fail
l3318.txm,57.7031,752.0,753.0,132.0,0.0,351.0,100.0,1293.0,9457.0,9056.0,-858.0,29.0,16742.0,19854.0,-1163.0,16654.0,348.16161616161617,0.0,27778.0,49.0,Fail
l3318.txm,58.7187,752.0,753.0,135.0,0.0,342.0,100.0,1238.0,9537.0,8985.0,405.0,28.0,16760.0,19962.0,105.0,16410.0,350.16161616161617,0.0,27780.0,50.0,Fail
l3318.txm,59.75,752.0,753.0,136.0,0.0,341.0,101.0,1211.0,9439.0,9073.0,101.0,29.0,16610.0,19956.0,674.0,16804.0,345.16161616161617,0.0,27778.0,50.0,Fail
l3318.txm,60.7656,751.0,752.0,131.0,0.0,331.0,100.0,1237.0,9518.0,8992.0,-155.0,28.0,16621.0,19958.0,-86.0,16538.0,349.16161616161617,0.0,27770.0,50.0,Fail
l3318.txm,61.7812,752.0,753.0,136.0,0.0,329.0,101.0,1223.0,9506.0,9002.0,-500.0,29.0,16570.0,19956.0,-95.0,16874.0,357.16161616161617,0.0,27768.0,50.0,Fail
l3318.txm,62.8125,752.0,754.0,135.0,0.0,327.0,100.0,1232.0,9514.0,9011.0,-1151.0,28.0,16913.0,19964.0,-96.0,16732.0,352.16161616161617,0.0,27754.0,50.0,Fail
l3318.txm,63.8281,752.0,753.0,133.0,0.0,316.0,101.0,1223.0,9489.0,9018.0,-1592.0,29.0,16915.0,19968.0,-746.0,16708.0,344.16161616161617,0.0,27620.0,50.0,Fail
l3318.txm,64.875,752.0,753.0,135.0,0.0,316.0,100.0,1229.0,9502.0,9021.0,-736.0,28.0,16861.0,20022.0,-297.0,16622.0,353.16161616161617,0.0,27580.0,50.0,Fail
l3318.txm,65.8594,752.0,755.0,134.0,0.0,310.0,101.0,1226.0,9448.0,9080.0,-1268.0,29.0,16676.0,20064.0,-301.0,16774.0,343.16161616161617,0.0,27592.0,50.0,Fail
l3318.txm,66.8906,753.0,754.0,134.0,0.0,307.0,101.0,1230.0,9514.0,9032.0,-1508.0,29.0,16774.0,19982.0,-550.0,16802.0,355.16161616161617,0.0,27576.0,50.0,Fail
l3318.txm,67.9062,752.0,754.0,134.0,0.0,300.0,101.0,1226.0,9463.0,9097.0,-1544.0,29.0,16677.0,20214.0,134.0,16452.0,353.16161616161617,0.0,27504.0,50.0,Fail
l3318.txm,68.9219,751.0,753.0,135.0,0.0,288.0,101.0,1222.0,9447.0,9099.0,-1858.0,30.0,16638.0,20134.0,-668.0,16772.0,343.16161616161617,0.0,27510.0,50.0,Fail
l3318.txm,69.9375,752.0,754.0,134.0,0.0,278.0,100.0,1220.0,9441.0,9086.0,-2004.0,30.0,16125.0,20330.0,-686.0,16242.0,340.16161616161617,0.0,27268.0,50.0,Fail
l3318.txm,70.9687,751.0,753.0,133.0,0.0,276.0,102.0,1223.0,9484.0,9029.0,-1309.0,31.0,15891.0,20306.0,15.0,16544.0,350.16161616161617,0.0,27292.0,50.0,Fail
l3318.txm,72.0,751.0,753.0,132.0,0.0,273.0,100.0,1227.0,9434.0,9134.0,-359.0,31.0,15844.0,20422.0,-51.0,16490.0,341.16161616161617,0.0,27334.0,49.0,Fail
l3318.txm,73.0,752.0,753.0,132.0,0.0,286.0,100.0,1233.0,9488.0,9034.0,-685.0,29.0,16181.0,20400.0,-432.0,15874.0,356.16161616161617,0.0,27286.0,49.0,Fail
l3318.txm,74.0156,752.0,754.0,135.0,1.0,316.0,101.0,1240.0,9505.0,9062.0,1334.0,26.0,16884.0,20078.0,650.0,16678.0,354.16161616161617,0.0,27748.0,50.0,Fail
l3318.txm,75.0469,751.0,752.0,133.0,0.0,359.0,101.0,1238.0,9567.0,9031.0,1106.0,25.0,17263.0,20108.0,-264.0,16136.0,346.16161616161617,0.0,27796.0,50.0,Fail
l3318.txm,76.0625,752.0,754.0,134.0,0.0,406.0,100.0,1232.0,9493.0,9089.0,715.0,25.0,17411.0,19854.0,106.0,16542.0,350.16161616161617,0.0,28030.0,50.0,Fail
l3318.txm,77.0781,752.0,753.0,134.0,0.0,466.0,100.0,1231.0,9428.0,8987.0,369.0,28.0,16668.0,19386.0,686.0,16294.0,352.16161616161617,1.0,28230.0,50.0,Fail
l3318.txm,78.1094,752.0,753.0,132.0,0.0,501.0,102.0,1232.0,9360.0,9057.0,1334.0,26.0,16798.0,19296.0,152.0,16430.0,357.16161616161617,0.0,28146.0,50.0,Fail
l3318.txm,79.125,751.0,753.0,133.0,0.0,506.0,101.0,1220.0,9449.0,9039.0,1050.0,27.0,16796.0,19318.0,276.0,16476.0,356.16161616161617,0.0,28144.0,51.0,Fail
l3318.txm,80.1562,751.0,753.0,134.0,0.0,507.0,100.0,1230.0,9373.0,9055.0,175.0,28.0,16438.0,19266.0,-262.0,16478.0,347.16161616161617,0.0,28304.0,50.0,Fail
l3318.txm,81.1563,751.0,753.0,135.0,0.0,505.0,101.0,1230.0,9379.0,9025.0,1252.0,28.0,16572.0,19156.0,-350.0,16456.0,354.16161616161617,0.0,28152.0,51.0,Fail
l3318.txm,82.1875,752.0,753.0,134.0,0.0,507.0,101.0,1227.0,9428.0,8979.0,504.0,27.0,16935.0,19294.0,128.0,16352.0,357.16161616161617,0.0,28148.0,50.0,Fail
l3318.txm,83.2031,752.0,753.0,133.0,0.0,505.0,101.0,1230.0,9394.0,9007.0,616.0,28.0,16472.0,19212.0,984.0,16540.0,345.16161616161617,0.0,28278.0,50.0,Fail
l3318.txm,84.25,752.0,753.0,132.0,0.0,510.0,100.0,1231.0,9374.0,9016.0,360.0,27.0,16438.0,19286.0,-93.0,16422.0,342.16161616161617,0.0,28312.0,50.0,Fail
l3318.txm,85.2656,752.0,754.0,132.0,0.0,507.0,101.0,1228.0,9414.0,9013.0,343.0,28.0,16590.0,19236.0,126.0,16316.0,345.16161616161617,0.0,28282.0,50.0,Fail
l3318.txm,86.2812,751.0,753.0,132.0,0.0,508.0,101.0,1231.0,9423.0,8981.0,211.0,28.0,16623.0,19310.0,113.0,16566.0,353.16161616161617,0.0,28286.0,50.0,Fail
l3318.txm,87.2969,751.0,754.0,134.0,0.0,516.0,101.0,1230.0,9421.0,8982.0,453.0,28.0,16609.0,19164.0,-24.0,16516.0,347.16161616161617,0.0,28150.0,50.0,Fail
l3318.txm,88.3281,752.0,753.0,132.0,0.0,503.0,100.0,1229.0,9390.0,9031.0,357.0,28.0,16825.0,19298.0,-47.0,16370.0,343.16161616161617,0.0,28156.0,50.0,Fail
l3318.txm,89.3437,752.0,753.0,132.0,0.0,510.0,101.0,1230.0,9415.0,8981.0,503.0,28.0,16833.0,19168.0,139.0,16366.0,354.16161616161617,1.0,28308.0,50.0,Fail
l3318.txm,90.3594,752.0,754.0,133.0,0.0,509.0,101.0,1228.0,9377.0,9060.0,140.0,28.0,16380.0,19252.0,950.0,16458.0,357.16161616161617,0.0,28150.0,50.0,Fail
l3318.txm,91.4062,751.0,753.0,135.0,0.0,511.0,100.0,1230.0,9371.0,8990.0,-450.0,28.0,16637.0,19276.0,406.0,16510.0,354.16161616161617,0.0,28154.0,50.0,Fail
l3318.txm,92.4063,752.0,753.0,134.0,0.0,511.0,100.0,1228.0,9365.0,9044.0,-324.0,28.0,16576.0,19268.0,-402.0,16558.0,345.16161616161617,0.0,28292.0,50.0,Fail
l3318.txm,93.4375,752.0,754.0,134.0,0.0,517.0,101.0,1230.0,9385.0,9002.0,-14.0,28.0,16809.0,19158.0,116.0,16356.0,343.16161616161617,0.0,28308.0,50.0,Fail
l3318.txm,94.4375,752.0,753.0,134.0,0.0,515.0,102.0,1231.0,9366.0,9031.0,-47.0,28.0,16854.0,19160.0,-72.0,16340.0,351.16161616161617,0.0,28278.0,50.0,Fail
l3318.txm,95.4687,753.0,753.0,133.0,0.0,517.0,100.0,1230.0,9349.0,9029.0,313.0,28.0,16808.0,19282.0,660.0,16414.0,351.16161616161617,1.0,28306.0,50.0,Fail
l3318.txm,96.4844,752.0,753.0,133.0,0.0,520.0,100.0,1231.0,9413.0,8971.0,156.0,28.0,16422.0,19264.0,1020.0,16372.0,348.16161616161617,0.0,28296.0,50.0,Fail
l3318.txm,97.5156,752.0,753.0,133.0,0.0,516.0,101.0,1230.0,9404.0,8984.0,206.0,28.0,16754.0,19208.0,55.0,16510.0,345.16161616161617,0.0,28306.0,50.0,Fail
l3318.txm,98.5156,752.0,754.0,133.0,0.0,519.0,100.0,1230.0,9409.0,8986.0,89.0,28.0,16522.0,19152.0,-76.0,16350.0,356.16161616161617,0.0,28292.0,50.0,Fail
l3318.txm,99.5469,752.0,753.0,134.0,0.0,516.0,100.0,1229.0,9449.0,8977.0,-317.0,28.0,16672.0,19276.0,320.0,16540.0,357.16161616161617,0.0,28140.0,50.0,Fail
l3318.txm,100.563,752.0,752.0,135.0,0.0,515.0,101.0,1228.0,9411.0,8995.0,309.0,28.0,16523.0,19300.0,874.0,16468.0,345.16161616161617,0.0,28142.0,50.0,Fail
l3318.txm,101.594,751.0,752.0,133.0,0.0,518.0,101.0,1228.0,9364.0,9035.0,-29.0,28.0,16955.0,19198.0,17.0,16362.0,342.16161616161617,0.0,28294.0,50.0,Fail
l3318.txm,102.594,752.0,753.0,134.0,0.0,515.0,102.0,1229.0,9368.0,9020.0,260.0,28.0,16301.0,19308.0,-262.0,16340.0,347.16161616161617,0.0,28304.0,50.0,Fail
l3318.txm,103.625,752.0,754.0,134.0,0.0,508.0,100.0,1226.0,9357.0,9060.0,683.0,28.0,16755.0,19154.0,92.0,16530.0,349.16161616161617,1.0,28302.0,50.0,Fail
l3318.txm,104.641,752.0,753.0,131.0,0.0,519.0,101.0,1229.0,9356.0,9029.0,764.0,28.0,16349.0,19226.0,5.0,16424.0,356.16161616161617,0.0,28156.0,50.0,Fail
l3318.txm,105.672,752.0,753.0,134.0,0.0,516.0,100.0,1227.0,9402.0,8992.0,231.0,28.0,16626.0,19252.0,622.0,16364.0,354.16161616161617,0.0,28156.0,50.0,Fail
l3318.txm,106.672,752.0,753.0,134.0,0.0,514.0,101.0,1229.0,9367.0,9051.0,410.0,28.0,16735.0,19148.0,107.0,16448.0,340.16161616161617,0.0,28308.0,50.0,Fail
l3318.txm,107.703,752.0,753.0,132.0,0.0,515.0,102.0,1228.0,9400.0,8988.0,506.0,28.0,16370.0,19244.0,484.0,16504.0,351.16161616161617,0.0,28152.0,50.0,Fail
l3318.txm,108.719,752.0,753.0,133.0,0.0,512.0,101.0,1227.0,9422.0,8979.0,-44.0,28.0,16671.0,19262.0,82.0,16310.0,345.16161616161617,0.0,28316.0,50.0,Fail
l3318.txm,109.75,752.0,752.0,135.0,0.0,512.0,100.0,1225.0,9363.0,9032.0,612.0,28.0,16502.0,19156.0,87.0,16366.0,353.16161616161617,0.0,28310.0,50.0,Fail
l3319.txm,61.7344,752.0,752.8431039365619,131.0,0.0,405.0,100.0,1232.0,9397.0,9000.0,-279.0,30.0,15904.0,19802.0,-527.0,16370.0,347.0,0.0,27800.0,49.0,Fail
l3319.txm,62.75,752.0,753.8431039365619,135.0,0.0,389.0,100.0,1220.0,9422.0,8923.0,-1034.0,30.0,15973.0,19796.0,-62.0,16702.0,353.0,0.0,27792.0,49.0,Fail
l3319.txm,63.7969,752.0,752.8431039365619,134.0,0.0,380.0,100.0,1231.0,9439.0,8928.0,-1305.0,29.0,16643.0,19800.0,-266.0,16550.0,349.0,0.0,27800.0,49.0,Fail
l3319.txm,64.7812,751.0,753.8431039365619,131.0,0.0,377.0,100.0,1230.0,9472.0,8937.0,-1559.0,29.0,16748.0,19792.0,-507.0,16746.0,351.0,0.0,27790.0,49.0,Fail
l3319.txm,65.8125,752.0,753.8431039365619,135.0,0.0,378.0,101.0,1229.0,9405.0,9020.0,-1477.0,29.0,16584.0,19788.0,-485.0,16560.0,349.0,0.0,27704.0,49.0,Fail
l3319.txm,66.8125,752.0,752.8431039365619,133.0,0.0,375.0,101.0,1230.0,9403.0,9015.0,-1844.0,29.0,16570.0,19946.0,578.0,16530.0,343.0,0.0,27742.0,49.0,Fail
l3319.txm,67.8437,752.0,752.8431039365619,133.0,0.0,364.0,101.0,1227.0,9400.0,9011.0,-1660.0,29.0,16597.0,19876.0,-793.0,16502.0,347.0,0.0,27624.0,49.0,Fail
l3319.txm,68.8906,752.0,753.8431039365619,133.0,0.0,367.0,100.0,1230.0,9418.0,8961.0,-1578.0,29.0,16563.0,19780.0,-486.0,16552.0,353.0,0.0,27750.0,49.0,Fail
l3319.txm,69.9062,751.0,752.8431039365619,131.0,0.0,355.0,101.0,1227.0,9477.0,8936.0,-1602.0,29.0,16224.0,19880.0,-265.0,16770.0,354.0,0.0,27632.0,49.0,Fail
l3319.txm,70.9375,752.0,754.8431039365619,135.0,0.0,351.0,100.0,1226.0,9399.0,8999.0,-2148.0,29.0,16330.0,19982.0,666.0,16434.0,350.0,0.0,27588.0,49.0,Fail
l3319.txm,71.9375,752.0,752.8431039365619,134.0,0.0,350.0,100.0,1226.0,9386.0,9012.0,-2008.0,29.0,16358.0,20014.0,-282.0,16434.0,350.0,0.0,27698.0,49.0,Fail
l3319.txm,72.9687,752.0,753.8431039365619,131.0,0.0,346.0,101.0,1227.0,9417.0,9041.0,-1386.0,30.0,16433.0,20054.0,44.0,16506.0,343.0,0.0,27604.0,49.0,Fail
l3319.txm,73.9844,752.0,752.8431039365619,134.0,0.0,335.0,102.0,1219.0,9378.0,9034.0,-1141.0,31.0,15872.0,19980.0,-580.0,16882.0,351.0,0.0,27538.0,49.0,Fail
l3319.txm,75.0156,752.0,752.8431039365619,136.0,0.0,321.0,100.0,1226.0,9431.0,9038.0,-2164.0,30.0,16235.0,20024.0,-620.0,16834.0,361.0,0.0,27476.0,49.0,Fail
l3319.txm,76.0469,752.0,753.8431039365619,131.0,0.0,317.0,100.0,1223.0,9449.0,8988.0,-1963.0,30.0,16293.0,20270.0,54.0,16402.0,347.0,1.0,27338.0,49.0,Fail
l3319.txm,77.0781,752.0,753.8431039365619,133.0,0.0,312.0,100.0,1227.0,9463.0,9065.0,-1881.0,31.0,16011.0,20162.0,-336.0,16510.0,347.0,0.0,27490.0,48.0,Fail
l3319.txm,78.0937,752.0,753.8431039365619,136.0,0.0,317.0,102.0,1233.0,9445.0,9047.0,-1482.0,30.0,16303.0,20332.0,-340.0,16572.0,347.0,0.0,27262.0,48.0,Fail
l3319.txm,79.1094,752.0,751.8431039365619,131.0,0.0,336.0,101.0,1237.0,9500.0,8996.0,-467.0,29.0,16117.0,20216.0,92.0,15982.0,348.0,0.0,27516.0,48.0,Fail
l3319.txm,80.125,751.0,752.8431039365619,132.0,0.0,378.0,101.0,1238.0,9451.0,9024.0,643.0,27.0,16895.0,20052.0,278.0,16600.0,358.0,0.0,27862.0,49.0,Fail
l3319.txm,81.1563,751.0,752.8431039365619,132.0,0.0,420.0,101.0,1231.0,9423.0,9009.0,602.0,26.0,16675.0,19870.0,188.0,16146.0,352.0,0.0,27898.0,49.0,Fail
l3319.txm,82.1719,752.0,753.8431039365619,135.0,0.0,477.0,101.0,1233.0,9522.0,8975.0,22.0,26.0,17035.0,19666.0,91.0,15896.0,351.0,0.0,28132.0,49.0,Fail
l3319.txm,83.2187,751.0,752.8431039365619,132.0,0.0,530.0,100.0,1232.0,9457.0,8950.0,1344.0,26.0,16970.0,19206.0,1054.0,16324.0,354.0,0.0,28276.0,49.0,Fail
l3319.txm,84.2187,751.0,752.8431039365619,134.0,0.0,547.0,100.0,1228.0,9473.0,8979.0,700.0,26.0,17098.0,19072.0,130.0,16460.0,353.0,1.0,28328.0,49.0,Fail
l3319.txm,85.2344,752.0,753.8431039365619,133.0,0.0,553.0,100.0,1227.0,9415.0,8996.0,593.0,26.0,17098.0,19138.0,658.0,16554.0,351.0,0.0,28286.0,49.0,Fail
l3319.txm,86.2656,752.0,752.8431039365619,132.0,0.0,555.0,101.0,1228.0,9484.0,8924.0,562.0,26.0,16901.0,19084.0,224.0,16332.0,342.0,0.0,28290.0,49.0,Fail
l3319.txm,87.2812,752.0,752.8431039365619,132.0,0.0,558.0,102.0,1230.0,9422.0,9013.0,732.0,26.0,16953.0,19106.0,126.0,16284.0,351.0,0.0,28292.0,49.0,Fail
l3319.txm,88.2969,752.0,752.8431039365619,133.0,0.0,555.0,101.0,1230.0,9412.0,8969.0,869.0,26.0,17021.0,19216.0,119.0,16284.0,350.0,1.0,28328.0,49.0,Fail
l3319.txm,89.3125,752.0,753.8431039365619,132.0,0.0,558.0,102.0,1231.0,9424.0,8972.0,288.0,26.0,16667.0,19214.0,149.0,16476.0,358.0,0.0,28316.0,49.0,Fail
l3319.txm,90.3437,752.0,752.8431039365619,135.0,0.0,558.0,100.0,1228.0,9465.0,8951.0,572.0,26.0,17003.0,19084.0,73.0,16428.0,346.0,0.0,28336.0,49.0,Fail
l3319.txm,91.3594,751.0,752.8431039365619,131.0,0.0,563.0,100.0,1230.0,9497.0,8963.0,845.0,26.0,16919.0,19192.0,606.0,16452.0,357.0,0.0,28298.0,49.0,Fail
l3319.txm,92.375,752.0,752.8431039365619,135.0,0.0,563.0,102.0,1229.0,9413.0,8973.0,805.0,26.0,17086.0,19156.0,560.0,16358.0,355.0,0.0,28340.0,49.0,Fail
l3319.txm,93.3906,752.0,751.8431039365619,134.0,0.0,559.0,100.0,1227.0,9407.0,8997.0,229.0,26.0,17163.0,19204.0,844.0,16524.0,350.0,0.0,28312.0,49.0,Fail
l3319.txm,94.4219,751.0,752.8431039365619,133.0,0.0,561.0,102.0,1230.0,9468.0,8954.0,818.0,26.0,17087.0,19186.0,264.0,16408.0,346.0,0.0,28294.0,49.0,Fail
l3319.txm,95.4531,752.0,752.8431039365619,132.0,0.0,560.0,100.0,1230.0,9455.0,9025.0,921.0,26.0,17054.0,19212.0,92.0,16386.0,350.0,0.0,28294.0,49.0,Fail
l3319.txm,96.4844,753.0,752.8431039365619,133.0,0.0,563.0,101.0,1230.0,9478.0,8935.0,499.0,26.0,17168.0,19124.0,64.0,16476.0,351.0,0.0,28334.0,49.0,Fail
l3319.txm,97.5,751.0,752.8431039365619,133.0,0.0,562.0,100.0,1230.0,9443.0,8974.0,817.0,26.0,16843.0,19062.0,-67.0,16224.0,343.0,0.0,28304.0,49.0,Fail
l3319.txm,98.5312,752.0,753.8431039365619,135.0,0.0,559.0,102.0,1226.0,9464.0,8965.0,490.0,26.0,16954.0,19170.0,67.0,16322.0,353.0,0.0,28328.0,49.0,Fail
l3319.txm,99.5312,752.0,753.8431039365619,134.0,0.0,555.0,100.0,1227.0,9469.0,8935.0,856.0,26.0,16801.0,19092.0,180.0,16494.0,348.0,0.0,28338.0,49.0,Fail
l3319.txm,100.563,751.0,751.8431039365619,135.0,0.0,564.0,101.0,1228.0,9423.0,8999.0,844.0,26.0,16904.0,19184.0,228.0,16408.0,348.0,0.0,28306.0,49.0,Fail
l3319.txm,101.594,752.0,753.8431039365619,132.0,0.0,562.0,101.0,1229.0,9390.0,9005.0,785.0,26.0,16813.0,19140.0,998.0,16540.0,347.0,0.0,28336.0,49.0,Fail
l3319.txm,102.625,752.0,752.8431039365619,133.0,0.0,563.0,101.0,1229.0,9392.0,9016.0,889.0,26.0,16625.0,19224.0,756.0,16336.0,351.0,1.0,28318.0,49.0,Fail
l3319.txm,103.625,752.0,751.8431039365619,133.0,0.0,562.0,100.0,1229.0,9431.0,8977.0,814.0,26.0,17058.0,19166.0,322.0,16462.0,350.0,0.0,28282.0,49.0,Fail
l3319.txm,104.641,752.0,753.8431039365619,132.0,0.0,567.0,100.0,1230.0,9437.0,8982.0,807.0,26.0,16778.0,19068.0,159.0,16430.0,352.0,0.0,28302.0,49.0,Fail
l3319.txm,105.672,752.0,752.8431039365619,135.0,0.0,565.0,102.0,1231.0,9429.0,8971.0,341.0,26.0,17117.0,19208.0,-386.0,16286.0,353.0,0.0,28312.0,49.0,Fail
l3319.txm,106.687,752.0,752.8431039365619,132.0,0.0,567.0,100.0,1228.0,9411.0,9010.0,586.0,26.0,16586.0,19114.0,3.0,16374.0,354.0,1.0,28330.0,49.0,Fail
l3319.txm,107.703,752.0,752.8431039365619,134.0,0.0,565.0,100.0,1229.0,9447.0,8969.0,630.0,26.0,17089.0,19208.0,334.0,16542.0,347.0,0.0,28306.0,49.0,Fail
l3319.txm,108.719,752.0,752.8431039365619,134.0,0.0,568.0,101.0,1231.0,9477.0,8948.0,477.0,26.0,17127.0,19216.0,-46.0,16388.0,351.0,0.0,28322.0,49.0,Fail
l3319.txm,109.75,752.0,752.8431039365619,135.0,0.0,566.0,100.0,1229.0,9489.0,8952.0,715.0,26.0,16921.0,19130.0,63.0,16376.0,355.0,0.0,28286.0,49.0,Fail
l3319.txm,110.766,752.0,753.8431039365619,133.0,0.0,565.0,101.0,1228.0,9481.0,8953.0,826.0,26.0,16906.0,19060.0,-82.0,16444.0,354.0,0.0,28304.0,49.0,Fail
l3319.txm,111.781,751.0,752.8431039365619,135.0,0.0,563.0,102.0,1227.0,9476.0,8976.0,143.0,26.0,16902.0,19068.0,-45.0,16442.0,347.0,0.0,28308.0,49.0,Fail
l3319.txm,112.797,752.0,753.8431039365619,133.0,0.0,564.0,100.0,1230.0,9415.0,9036.0,471.0,26.0,17057.0,19154.0,-319.0,16506.0,343.0,0.0,28342.0,49.0,Fail
l3319.txm,113.828,752.0,752.8431039365619,135.0,0.0,561.0,100.0,1229.0,9406.0,9006.0,145.0,26.0,17260.0,19194.0,834.0,16410.0,357.0,0.0,28334.0,49.0,Fail
l3319.txm,114.859,752.0,753.8431039365619,135.0,0.0,567.0,102.0,1229.0,9504.0,8947.0,765.0,25.0,16673.0,19074.0,482.0,16500.0,351.0,0.0,28332.0,49.0,Fail
l3319.txm,115.875,752.0,752.8431039365619,132.0,0.0,561.0,100.0,1228.0,9465.0,8948.0,418.0,26.0,16604.0,19212.0,188.0,16378.0,347.0,0.0,28314.0,49.0,Fail
l3319.txm,116.891,751.0,752.8431039365619,132.0,0.0,562.0,101.0,1227.0,9465.0,8945.0,886.0,26.0,16677.0,19150.0,155.0,16428.0,355.0,0.0,28290.0,49.0,Fail
l3319.txm,117.906,752.0,753.8431039365619,135.0,0.0,562.0,100.0,1227.0,9424.0,9021.0,403.0,26.0,17068.0,19138.0,626.0,16374.0,353.0,0.0,28282.0,49.0,Fail
l3319.txm,118.938,752.0,753.8431039365619,135.0,0.0,567.0,100.0,1228.0,9409.0,8994.0,503.0,26.0,17190.0,19084.0,27.0,16490.0,349.0,0.0,28332.0,49.0,Fail
l3320.txm,58.75,752.0,754.0,134.005400540054,0.0,413.0,101.0,1233.0,9419.0,8946.0,-387.0,28.0,16043.0,19644.0,-265.0,16706.0,355.0,0.0,27802.0,49.0,Fail
l3320.txm,59.7656,752.0,753.0,136.005400540054,0.0,377.0,100.0,1264.0,9479.0,8917.0,-1013.0,27.0,16562.0,19782.0,-3.0,16396.0,344.0,0.0,27836.0,49.0,Fail
l3320.txm,60.7969,752.0,754.0,132.005400540054,0.0,380.0,100.0,1230.0,9515.0,8906.0,269.0,27.0,16640.0,19784.0,36.0,16596.0,349.0,0.0,27822.0,50.0,Fail
l3320.txm,61.8281,752.0,754.0,134.005400540054,0.0,372.0,100.0,1220.0,9432.0,8979.0,421.0,28.0,16542.0,19780.0,-12.0,16798.0,354.0,0.0,27820.0,50.0,Fail
l3320.txm,62.8281,752.0,753.0,135.005400540054,0.0,361.0,100.0,1229.0,9492.0,8917.0,-624.0,28.0,16685.0,19782.0,-1003.0,16598.0,343.0,0.0,27746.0,50.0,Fail
l3320.txm,63.8594,752.0,753.0,132.005400540054,0.0,365.0,99.0,1229.0,9486.0,8914.0,-428.0,28.0,16249.0,19806.0,-482.0,16758.0,355.0,0.0,27638.0,50.0,Fail
l3320.txm,64.875,752.0,753.0,134.005400540054,0.0,356.0,100.0,1231.0,9497.0,8909.0,-604.0,28.0,16516.0,19786.0,362.0,16454.0,345.0,0.0,27718.0,50.0,Fail
l3320.txm,65.9062,752.0,753.0,131.005400540054,0.0,346.0,100.0,1226.0,9418.0,8988.0,-744.0,28.0,16395.0,19916.0,-481.0,16728.0,354.0,0.0,27768.0,50.0,Fail
l3320.txm,66.9062,752.0,753.0,133.005400540054,0.0,348.0,100.0,1226.0,9485.0,8906.0,-925.0,27.0,16090.0,19774.0,-447.0,16880.0,352.0,0.0,27680.0,50.0,Fail
l3320.txm,67.9375,752.0,754.0,131.005400540054,0.0,341.0,101.0,1229.0,9424.0,8959.0,-1300.0,27.0,16212.0,19990.0,158.0,16264.0,342.0,0.0,27508.0,50.0,Fail
l3320.txm,68.9531,752.0,753.0,135.005400540054,0.0,332.0,101.0,1229.0,9456.0,8913.0,-1946.0,26.0,16362.0,19894.0,458.0,16492.0,350.0,0.0,27586.0,50.0,Fail
l3320.txm,69.9844,752.0,753.0,134.005400540054,0.0,329.0,100.0,1226.0,9425.0,8975.0,-1499.0,26.0,16104.0,19918.0,40.0,16618.0,342.0,0.0,27626.0,50.0,Fail
l3320.txm,70.9844,752.0,754.0,135.005400540054,0.0,321.0,100.0,1227.0,9519.0,8950.0,-2046.0,25.0,16050.0,20014.0,-290.0,16500.0,345.0,0.0,27484.0,49.0,Fail
l3320.txm,72.0469,752.0,753.0,134.005400540054,0.0,313.0,101.0,1222.0,9448.0,9003.0,-368.0,27.0,16200.0,20156.0,-408.0,16778.0,351.0,0.0,27486.0,49.0,Fail
l3320.txm,73.0312,752.0,755.0,133.005400540054,0.0,296.0,101.0,1224.0,9531.0,8974.0,-350.0,26.0,16586.0,20190.0,-679.0,16772.0,343.0,0.0,27372.0,49.0,Fail
l3320.txm,74.0469,752.0,752.0,135.005400540054,0.0,302.0,101.0,1230.0,9479.0,9036.0,-1283.0,27.0,16681.0,20324.0,-43.0,16498.0,355.0,0.0,27470.0,49.0,Fail
l3320.txm,75.0625,751.0,754.0,135.005400540054,0.0,317.0,100.0,1232.0,9494.0,9031.0,-306.0,26.0,16677.0,20264.0,-6.0,16012.0,353.0,0.0,27502.0,49.0,Fail
l3320.txm,76.0937,752.0,753.0,134.005400540054,0.0,345.0,101.0,1238.0,9480.0,8989.0,585.0,26.0,16833.0,20032.0,76.0,16688.0,354.0,0.0,27794.0,49.0,Fail
l3320.txm,77.1094,752.0,753.0,131.005400540054,0.0,395.0,100.0,1240.0,9504.0,9023.0,1468.0,25.0,17211.0,19972.0,310.0,16110.0,356.0,1.0,27882.0,50.0,Fail
l3320.txm,78.1406,751.0,753.0,133.005400540054,0.0,441.0,100.0,1230.0,9500.0,8971.0,1385.0,25.0,17284.0,19668.0,404.0,16378.0,357.0,0.0,28032.0,50.0,Fail
l3320.txm,79.1875,752.0,754.0,132.005400540054,0.0,497.0,101.0,1234.0,9412.0,8875.0,-305.0,26.0,17047.0,19238.0,916.0,16456.0,342.0,0.0,28142.0,50.0,Fail
l3320.txm,80.1719,752.0,753.0,134.005400540054,0.0,534.0,101.0,1227.0,9379.0,8885.0,734.0,26.0,16805.0,19116.0,-348.0,16388.0,352.0,0.0,28138.0,50.0,Fail
l3320.txm,81.2031,752.0,754.0,134.005400540054,0.0,542.0,100.0,1227.0,9442.0,8880.0,-361.0,26.0,17125.0,19186.0,158.0,16280.0,342.0,0.0,28284.0,50.0,Fail
l3320.txm,82.2031,751.0,753.0,134.005400540054,0.0,544.0,101.0,1230.0,9442.0,8903.0,-614.0,26.0,16923.0,19056.0,108.0,16224.0,348.0,0.0,28264.0,50.0,Fail
l3320.txm,83.2344,752.0,754.0,132.005400540054,0.0,547.0,101.0,1229.0,9414.0,8897.0,166.0,26.0,16813.0,19172.0,232.0,16388.0,348.0,0.0,28132.0,50.0,Fail
l3320.txm,84.25,752.0,754.0,132.005400540054,0.0,541.0,100.0,1228.0,9437.0,8897.0,-351.0,26.0,17154.0,19114.0,-418.0,16470.0,343.0,0.0,28276.0,50.0,Fail
l3320.txm,85.3281,751.0,754.0,135.005400540054,0.0,541.0,101.0,1227.0,9435.0,8903.0,-936.0,26.0,16877.0,19108.0,344.0,16352.0,344.0,0.0,28142.0,50.0,Fail
l3320.txm,86.3281,752.0,753.0,131.005400540054,0.0,553.0,100.0,1227.0,9440.0,8896.0,-24.0,26.0,16894.0,19168.0,48.0,16252.0,359.0,0.0,28142.0,50.0,Fail
l3320.txm,87.3594,752.0,753.0,134.005400540054,0.0,546.0,100.0,1227.0,9441.0,8896.0,26.0,26.0,17038.0,19100.0,566.0,16306.0,357.0,0.0,28280.0,50.0,Fail
l3320.txm,88.375,752.0,753.0,132.005400540054,0.0,546.0,101.0,1225.0,9442.0,8870.0,-475.0,26.0,16970.0,19162.0,106.0,16478.0,348.0,1.0,28146.0,50.0,Fail
l3320.txm,89.3906,752.0,753.0,134.005400540054,0.0,550.0,101.0,1228.0,9415.0,8923.0,-316.0,26.0,16947.0,19156.0,38.0,16358.0,354.0,0.0,28126.0,50.0,Fail
l3320.txm,90.4219,752.0,754.0,131.005400540054,0.0,547.0,100.0,1227.0,9458.0,8900.0,-639.0,25.0,16893.0,19086.0,-297.0,16418.0,349.0,0.0,28282.0,50.0,Fail
l3320.txm,91.4375,752.0,754.0,131.005400540054,0.0,551.0,100.0,1225.0,9374.0,8938.0,-23.0,26.0,17088.0,19072.0,-2.0,16284.0,347.0,0.0,28126.0,50.0,Fail
l3320.txm,92.4687,752.0,753.0,136.005400540054,0.0,548.0,101.0,1227.0,9379.0,8928.0,-371.0,26.0,16766.0,19024.0,692.0,16240.0,350.0,0.0,28134.0,50.0,Fail
l3320.txm,93.4844,752.0,754.0,134.005400540054,0.0,547.0,100.0,1229.0,9401.0,8925.0,53.0,26.0,16710.0,19080.0,-54.0,16236.0,346.0,1.0,28272.0,50.0,Fail
l3320.txm,94.5156,752.0,754.0,132.005400540054,0.0,554.0,101.0,1230.0,9371.0,8919.0,-432.0,26.0,16901.0,19080.0,492.0,16278.0,354.0,0.0,28274.0,50.0,Fail
l3320.txm,95.5156,752.0,754.0,134.005400540054,0.0,553.0,102.0,1229.0,9408.0,8893.0,166.0,26.0,16667.0,19026.0,406.0,16358.0,355.0,1.0,28292.0,50.0,Fail
l3320.txm,96.5469,752.0,754.0,132.005400540054,0.0,557.0,100.0,1227.0,9410.0,8907.0,114.0,26.0,16849.0,18958.0,133.0,16588.0,361.0,0.0,28342.0,50.0,Fail
l3320.txm,97.5625,752.0,753.0,132.005400540054,0.0,553.0,100.0,1225.0,9420.0,8898.0,258.0,26.0,16866.0,18994.0,324.0,16734.0,350.0,0.0,28302.0,50.0,Fail
l3320.txm,98.6094,751.0,753.0,132.005400540054,0.0,559.0,101.0,1228.0,9441.0,8883.0,-213.0,26.0,16935.0,19094.0,-373.0,16532.0,344.0,0.0,28306.0,50.0,Fail
l3320.txm,99.5938,752.0,755.0,132.005400540054,0.0,556.0,100.0,1227.0,9442.0,8891.0,156.0,26.0,16815.0,19076.0,-263.0,16654.0,359.0,0.0,28326.0,50.0,Fail
l3320.txm,100.625,751.0,753.0,135.005400540054,0.0,557.0,100.0,1227.0,9386.0,8950.0,-494.0,26.0,17161.0,19120.0,-500.0,16628.0,350.0,0.0,28298.0,50.0,Fail
l3320.txm,101.641,752.0,753.0,134.005400540054,0.0,559.0,101.0,1228.0,9383.0,8939.0,-20.0,26.0,16695.0,19130.0,-290.0,16544.0,352.0,0.0,28298.0,50.0,Fail
l3320.txm,102.672,752.0,753.0,134.005400540054,0.0,556.0,101.0,1226.0,9386.0,8942.0,-119.0,26.0,16608.0,19022.0,-305.0,16632.0,342.0,0.0,28326.0,50.0,Fail
l3320.txm,103.672,752.0,754.0,132.005400540054,0.0,558.0,101.0,1227.0,9444.0,8912.0,-699.0,26.0,17003.0,19042.0,-511.0,16588.0,352.0,0.0,28318.0,50.0,Fail
l3320.txm,104.703,752.0,754.0,133.005400540054,0.0,560.0,101.0,1227.0,9400.0,8958.0,-7.0,26.0,16894.0,19110.0,72.0,16652.0,356.0,0.0,28280.0,50.0,Fail
l3320.txm,105.719,752.0,753.0,133.005400540054,0.0,560.0,102.0,1228.0,9442.0,8903.0,152.0,26.0,16954.0,18972.0,75.0,16498.0,343.0,0.0,28298.0,50.0,Fail
l3320.txm,106.75,752.0,754.0,133.005400540054,0.0,550.0,101.0,1226.0,9406.0,8918.0,-196.0,26.0,17114.0,19040.0,-36.0,16702.0,356.0,0.0,28292.0,50.0,Fail
l3320.txm,107.75,751.0,753.0,132.005400540054,0.0,559.0,101.0,1227.0,9449.0,8908.0,475.0,26.0,16693.0,19060.0,119.0,16660.0,355.0,0.0,28312.0,50.0,Fail
l3320.txm,108.781,751.0,753.0,132.005400540054,0.0,555.0,102.0,1227.0,9436.0,8871.0,-416.0,26.0,17087.0,18994.0,29.0,16664.0,348.0,0.0,28320.0,50.0,Fail
l3320.txm,109.812,752.0,752.0,133.005400540054,0.0,554.0,100.0,1225.0,9377.0,8958.0,190.0,26.0,16734.0,18988.0,-393.0,16608.0,341.0,0.0,28282.0,50.0,Fail
l3320.txm,110.844,752.0,754.0,132.005400540054,0.0,555.0,100.0,1225.0,9371.0,8904.0,190.0,26.0,16649.0,19114.0,-327.0,16676.0,358.0,0.0,28310.0,50.0,Fail
l3320.txm,111.875,752.0,755.0,133.005400540054,0.0,552.0,100.0,1226.0,9379.0,8962.0,-311.0,26.0,17026.0,19082.0,37.0,16702.0,350.0,0.0,28288.0,50.0,Fail
l3320.txm,112.891,752.0,752.0,134.005400540054,0.0,557.0,101.0,1226.0,9400.0,8897.0,-316.0,26.0,16890.0,19008.0,-287.0,16708.0,351.0,0.0,28318.0,50.0,Fail
l3339.txm,57.7344,752.1589262018986,753.0,134.0,0.0,402.0,101.0,1234.0,9409.0,8955.0,-400.0,28.0,16614.0,19622.0,-481.0,16600.0,357.0,0.0,27918.0,52.0,Fail
l3339.txm,58.7344,752.1589262018986,753.0,134.0,0.0,360.0,101.0,1378.0,9400.0,9027.0,-1030.0,31.0,16219.0,19788.0,43.0,16096.0,343.0,0.0,28062.0,49.0,Fail
l3339.txm,59.7656,752.1589262018986,754.0,134.0,0.0,373.0,99.0,1325.0,9495.0,8982.0,394.0,27.0,16989.0,19598.0,43.0,17050.0,344.0,0.0,28148.0,52.0,Fail
l3339.txm,60.7812,752.1589262018986,753.0,134.0,0.0,384.0,99.0,1184.0,9410.0,8981.0,127.0,28.0,16612.0,19632.0,-788.0,16550.0,347.0,0.0,27832.0,53.0,Fail
l3339.txm,61.7969,752.1589262018986,753.0,133.0,0.0,374.0,100.0,1234.0,9425.0,8954.0,-1068.0,28.0,16774.0,19794.0,-419.0,16098.0,349.0,0.0,27880.0,52.0,Fail
l3339.txm,62.8437,752.1589262018986,754.0,135.0,0.0,369.0,99.0,1235.0,9417.0,8991.0,-1676.0,28.0,16723.0,19756.0,64.0,16546.0,347.0,0.0,28014.0,52.0,Fail
l3339.txm,63.8437,752.1589262018986,753.0,132.0,0.0,371.0,100.0,1232.0,9463.0,8956.0,-1069.0,28.0,17201.0,19672.0,-364.0,16500.0,349.0,0.0,28028.0,52.0,Fail
l3339.txm,64.8594,751.1589262018986,754.0,132.0,0.0,366.0,101.0,1228.0,9452.0,8939.0,-1098.0,28.0,16789.0,19692.0,93.0,16454.0,348.0,0.0,27988.0,52.0,Fail
l3339.txm,65.8906,752.1589262018986,754.0,134.0,0.0,359.0,100.0,1229.0,9428.0,8982.0,-2222.0,27.0,17041.0,19700.0,332.0,16602.0,343.0,0.0,27928.0,52.0,Fail
l3339.txm,66.8906,752.1589262018986,754.0,135.0,0.0,363.0,100.0,1227.0,9419.0,8961.0,-1469.0,27.0,17150.0,19682.0,306.0,16800.0,343.0,0.0,27892.0,52.0,Fail
l3339.txm,67.9219,752.1589262018986,753.0,131.0,0.0,354.0,101.0,1226.0,9472.0,8954.0,-1660.0,28.0,16806.0,19758.0,-562.0,16776.0,353.0,0.0,27848.0,52.0,Fail
l3339.txm,68.9375,751.1589262018986,753.0,132.0,0.0,343.0,101.0,1222.0,9421.0,9011.0,-1843.0,28.0,16659.0,19852.0,-520.0,16562.0,359.0,0.0,27584.0,52.0,Fail
l3339.txm,69.9531,751.1589262018986,753.0,131.0,0.0,327.0,101.0,1224.0,9420.0,9031.0,-1312.0,29.0,16707.0,19878.0,-441.0,16636.0,342.0,0.0,27500.0,52.0,Fail
l3339.txm,70.9687,752.1589262018986,753.0,134.0,0.0,313.0,101.0,1226.0,9414.0,9050.0,-1822.0,29.0,16650.0,20046.0,143.0,16412.0,342.0,0.0,27528.0,52.0,Fail
l3339.txm,72.0,752.1589262018986,753.0,131.0,0.0,308.0,102.0,1226.0,9451.0,8986.0,-1134.0,30.0,16445.0,20116.0,-333.0,16664.0,345.0,0.0,27536.0,52.0,Fail
l3339.txm,73.0156,752.1589262018986,752.0,133.0,0.0,316.0,102.0,1228.0,9425.0,9007.0,-1677.0,30.0,16238.0,20202.0,-389.0,16380.0,355.0,0.0,27490.0,52.0,Fail
l3339.txm,74.0625,752.1589262018986,754.0,131.0,0.0,348.0,102.0,1242.0,9440.0,9037.0,1048.0,27.0,17009.0,20110.0,866.0,16114.0,342.0,1.0,27864.0,52.0,Fail
l3339.txm,75.1094,752.1589262018986,753.0,132.0,0.0,385.0,102.0,1235.0,9383.0,9062.0,1145.0,26.0,17071.0,19850.0,98.0,16260.0,356.0,0.0,27906.0,52.0,Fail
l3339.txm,76.125,752.1589262018986,753.0,133.0,0.0,436.0,101.0,1230.0,9440.0,9016.0,924.0,26.0,16774.0,19622.0,-41.0,16456.0,360.0,0.0,28088.0,52.0,Fail
l3339.txm,77.1562,751.1589262018986,752.0,135.0,0.0,488.0,102.0,1232.0,9394.0,8941.0,770.0,27.0,17059.0,19446.0,133.0,16176.0,347.0,0.0,28338.0,52.0,Fail
l3339.txm,78.1719,751.1589262018986,754.0,133.0,0.0,524.0,102.0,1225.0,9380.0,8913.0,-398.0,30.0,16270.0,19106.0,52.0,16446.0,349.0,0.0,28414.0,53.0,Fail
l3339.txm,79.1875,752.1589262018986,753.0,133.0,0.0,531.0,100.0,1228.0,9366.0,8968.0,533.0,27.0,16853.0,19120.0,572.0,16622.0,347.0,0.0,28448.0,53.0,Fail
l3339.txm,80.2031,751.1589262018986,754.0,132.0,0.0,534.0,101.0,1225.0,9354.0,8922.0,-37.0,30.0,15986.0,19056.0,-291.0,16710.0,357.0,0.0,28390.0,53.0,Fail
l3339.txm,81.2344,752.1589262018986,753.0,133.0,0.0,540.0,102.0,1232.0,9374.0,9017.0,403.0,27.0,16713.0,19060.0,147.0,16524.0,348.0,0.0,28234.0,53.0,Fail
l3339.txm,82.2656,751.1589262018986,752.0,131.0,0.0,535.0,100.0,1227.0,9374.0,8923.0,-425.0,30.0,15831.0,19004.0,84.0,16556.0,346.0,0.0,28284.0,53.0,Fail
l3339.txm,83.2656,751.1589262018986,753.0,133.0,0.0,538.0,100.0,1231.0,9355.0,9030.0,337.0,27.0,16561.0,19120.0,-346.0,16522.0,344.0,0.0,28432.0,53.0,Fail
l3339.txm,84.2813,752.1589262018986,754.0,135.0,0.0,536.0,101.0,1227.0,9416.0,8964.0,225.0,27.0,17015.0,19072.0,-91.0,16480.0,350.0,0.0,28286.0,53.0,Fail
l3339.txm,85.3125,752.1589262018986,753.0,132.0,0.0,537.0,100.0,1227.0,9314.0,8987.0,507.0,29.0,15985.0,19162.0,744.0,16662.0,351.0,0.0,28232.0,53.0,Fail
l3339.txm,86.3281,752.1589262018986,754.0,131.0,0.0,535.0,100.0,1228.0,9328.0,9024.0,1017.0,27.0,16805.0,19112.0,66.0,16550.0,349.0,0.0,28384.0,53.0,Fail
l3339.txm,87.3437,752.1589262018986,752.0,132.0,0.0,538.0,101.0,1227.0,9370.0,8970.0,152.0,27.0,16982.0,19072.0,-12.0,16610.0,351.0,0.0,28438.0,53.0,Fail
l3339.txm,88.3594,751.1589262018986,753.0,135.0,0.0,540.0,100.0,1229.0,9375.0,8970.0,-101.0,27.0,16741.0,18994.0,318.0,16602.0,356.0,1.0,28386.0,53.0,Fail
l3339.txm,89.4062,751.1589262018986,753.0,133.0,0.0,538.0,101.0,1229.0,9347.0,9008.0,583.0,27.0,16708.0,19040.0,69.0,16664.0,350.0,0.0,28222.0,53.0,Fail
l3339.txm,90.4219,752.1589262018986,752.0,135.0,0.0,541.0,101.0,1230.0,9334.0,9018.0,-172.0,27.0,16915.0,19058.0,526.0,16570.0,353.0,0.0,28384.0,53.0,Fail
l3339.txm,91.4219,752.1589262018986,753.0,134.0,0.0,544.0,100.0,1230.0,9343.0,9021.0,373.0,27.0,16619.0,19150.0,75.0,16626.0,353.0,0.0,28434.0,53.0,Fail
l3339.txm,92.4531,751.1589262018986,753.0,133.0,0.0,543.0,100.0,1227.0,9397.0,8955.0,163.0,27.0,16721.0,19062.0,-38.0,16576.0,352.0,0.0,28390.0,53.0,Fail
l3339.txm,93.4687,752.1589262018986,753.0,131.0,0.0,541.0,100.0,1227.0,9417.0,8965.0,904.0,27.0,16485.0,19042.0,-73.0,16394.0,352.0,0.0,28230.0,53.0,Fail
l3339.txm,94.5,752.1589262018986,753.0,134.0,0.0,539.0,100.0,1228.0,9381.0,9005.0,-41.0,27.0,16430.0,19014.0,29.0,16466.0,353.0,0.0,28270.0,53.0,Fail
l3339.txm,95.5,752.1589262018986,753.0,135.0,0.0,544.0,101.0,1229.0,9351.0,9007.0,193.0,27.0,16679.0,19034.0,558.0,16462.0,354.0,0.0,28238.0,53.0,Fail
l3339.txm,96.5312,752.1589262018986,753.0,133.0,0.0,536.0,101.0,1227.0,9409.0,8928.0,540.0,27.0,16996.0,19100.0,0.0,16696.0,342.0,0.0,28382.0,53.0,Fail
l3339.txm,97.5469,751.1589262018986,753.0,136.0,0.0,541.0,101.0,1227.0,9381.0,8925.0,299.0,27.0,16469.0,19114.0,16.0,16568.0,354.0,0.0,28418.0,53.0,Fail
l3339.txm,98.5781,752.1589262018986,754.0,131.0,0.0,540.0,100.0,1228.0,9354.0,8996.0,206.0,27.0,16563.0,19158.0,-44.0,16514.0,348.0,0.0,28430.0,53.0,Fail
l3339.txm,99.5781,752.1589262018986,754.0,132.0,0.0,536.0,100.0,1227.0,9361.0,8971.0,694.0,27.0,16612.0,19034.0,-31.0,16518.0,352.0,0.0,28238.0,53.0,Fail
l3339.txm,100.609,752.1589262018986,754.0,132.0,0.0,539.0,100.0,1227.0,9408.0,8945.0,1071.0,27.0,16732.0,19000.0,-75.0,16554.0,352.0,0.0,28420.0,53.0,Fail
l3339.txm,101.656,752.1589262018986,752.0,134.0,0.0,542.0,102.0,1225.0,9339.0,9011.0,-251.0,27.0,16528.0,19046.0,130.0,16572.0,356.0,0.0,28380.0,53.0,Fail
l3339.txm,102.656,752.1589262018986,754.0,134.0,0.0,537.0,100.0,1226.0,9352.0,8988.0,351.0,27.0,16622.0,19000.0,652.0,16712.0,348.0,0.0,28428.0,53.0,Fail
l3339.txm,103.703,752.1589262018986,754.0,134.0,0.0,543.0,101.0,1227.0,9416.0,8930.0,112.0,27.0,16703.0,19040.0,-470.0,16580.0,344.0,0.0,28270.0,53.0,Fail
l3339.txm,105.219,752.1589262018986,752.0,135.0,0.0,536.0,102.0,1227.0,9336.0,9008.0,68.0,27.0,17026.0,19106.0,154.0,16588.0,351.0,1.0,28404.0,53.0,Fail
l3339.txm,106.234,752.1589262018986,754.0,131.0,0.0,537.0,101.0,1230.0,9413.0,8937.0,344.0,27.0,16817.0,19092.0,137.0,16648.0,351.0,0.0,28262.0,53.0,Fail
l3339.txm,107.266,751.1589262018986,753.0,131.0,0.0,538.0,101.0,1226.0,9394.0,8966.0,806.0,27.0,16936.0,19060.0,80.0,16564.0,346.0,0.0,28228.0,53.0,Fail
l3339.txm,108.281,752.1589262018986,754.0,135.0,0.0,542.0,100.0,1226.0,9351.0,9018.0,743.0,27.0,16544.0,19152.0,24.0,16604.0,358.0,0.0,28244.0,53.0,Fail
l3339.txm,109.297,752.1589262018986,752.0,131.0,0.0,545.0,101.0,1228.0,9361.0,8985.0,405.0,27.0,16642.0,19118.0,37.0,16624.0,346.0,1.0,28390.0,53.0,Fail
l3339.txm,110.312,751.1589262018986,752.0,135.0,0.0,544.0,102.0,1228.0,9344.0,8970.0,349.0,27.0,16677.0,19002.0,15.0,16522.0,360.0,0.0,28426.0,53.0,Fail
l3339.txm,111.344,752.1589262018986,754.0,134.0,0.0,541.0,102.0,1226.0,9398.0,8940.0,-114.0,27.0,16846.0,19084.0,-438.0,16630.0,354.0,1.0,28384.0,53.0,Fail
l3339.txm,112.344,752.1589262018986,754.0,132.0,0.0,540.0,101.0,1227.0,9338.0,9012.0,562.0,27.0,16674.0,18996.0,104.0,16546.0,345.0,0.0,28394.0,53.0,Fail
l3340.txm,55.7031,752.0,753.0,133.0,0.0,389.0,99.0,1247.1357753893396,9421.0,9016.0,-231.0,30.0,16237.0,19678.0,-605.0,16448.0,358.0,0.0,27964.0,48.0,Fail
l3340.txm,56.7344,752.0,754.0,134.0,0.0,367.0,100.0,1213.1357753893396,9443.0,8981.0,-47.0,28.0,16864.0,19718.0,-309.0,16460.0,349.0,0.0,27854.0,49.0,Fail
l3340.txm,57.75,752.0,753.0,134.0,0.0,357.0,100.0,1216.1357753893396,9426.0,9009.0,-57.0,30.0,16256.0,19720.0,-469.0,16730.0,344.0,0.0,27934.0,49.0,Fail
l3340.txm,58.7656,752.0,754.0,132.0,0.0,347.0,101.0,1240.1357753893396,9417.0,9043.0,-1888.0,29.0,16403.0,19722.0,-392.0,16764.0,345.0,0.0,27964.0,48.0,Fail
l3340.txm,59.7969,752.0,753.0,135.0,0.0,348.0,100.0,1226.1357753893396,9422.0,9023.0,-1094.0,30.0,16185.0,19804.0,716.0,16496.0,346.0,0.0,27890.0,49.0,Fail
l3340.txm,60.8125,752.0,754.0,134.0,0.0,346.0,102.0,1241.1357753893396,9447.0,8982.0,-1792.0,29.0,16342.0,19806.0,68.0,16498.0,351.0,0.0,27882.0,48.0,Fail
l3340.txm,61.8437,752.0,754.0,133.0,0.0,339.0,100.0,1224.1357753893396,9409.0,9030.0,-781.0,31.0,16253.0,19800.0,41.0,16758.0,349.0,0.0,27896.0,49.0,Fail
l3340.txm,62.8437,752.0,753.0,131.0,0.0,332.0,101.0,1236.1357753893396,9452.0,8995.0,-1575.0,30.0,16500.0,19800.0,33.0,16700.0,353.0,0.0,27976.0,48.0,Fail
l3340.txm,63.875,751.0,753.0,133.0,0.0,330.0,101.0,1228.1357753893396,9398.0,9028.0,-1080.0,31.0,16185.0,19794.0,470.0,16680.0,354.0,0.0,27902.0,49.0,Fail
l3340.txm,64.8906,752.0,753.0,134.0,0.0,325.0,101.0,1233.1357753893396,9425.0,9059.0,-1971.0,30.0,16183.0,19804.0,-84.0,16728.0,346.0,0.0,27844.0,48.0,Fail
l3340.txm,65.9375,752.0,753.0,133.0,0.0,317.0,100.0,1232.1357753893396,9474.0,9002.0,-1243.0,30.0,16118.0,19768.0,-674.0,16630.0,342.0,0.0,27596.0,48.0,Fail
l3340.txm,66.9219,752.0,755.0,132.0,0.0,301.0,100.0,1222.1357753893396,9421.0,9097.0,-405.0,30.0,16164.0,20032.0,866.0,16592.0,344.0,0.0,27746.0,48.0,Fail
l3340.txm,67.9531,752.0,753.0,132.0,0.0,283.0,101.0,1223.1357753893396,9471.0,9110.0,-711.0,30.0,16327.0,20068.0,-581.0,16944.0,356.0,0.0,27580.0,48.0,Fail
l3340.txm,68.9687,752.0,753.0,132.0,0.0,281.0,100.0,1229.1357753893396,9473.0,9032.0,-1258.0,31.0,15838.0,20294.0,-310.0,16484.0,349.0,0.0,27504.0,48.0,Fail
l3340.txm,70.0,751.0,752.0,135.0,0.0,272.0,101.0,1229.1357753893396,9435.0,9040.0,-418.0,30.0,16194.0,20356.0,145.0,16438.0,346.0,1.0,27540.0,48.0,Fail
l3340.txm,71.0,752.0,754.0,133.0,0.0,301.0,100.0,1238.1357753893396,9478.0,9112.0,71.0,29.0,15745.0,20332.0,1078.0,16096.0,350.0,0.0,27636.0,48.0,Fail
l3340.txm,72.0312,752.0,754.0,135.0,1.0,333.0,100.0,1243.1357753893396,9517.0,9040.0,1160.0,27.0,16178.0,19918.0,632.0,16294.0,351.0,0.0,27904.0,48.0,Fail
l3340.txm,73.0937,752.0,753.0,134.0,0.0,383.0,99.0,1244.1357753893396,9482.0,9008.0,-789.0,28.0,16992.0,19718.0,1070.0,16304.0,356.0,0.0,28074.0,48.0,Fail
l3340.txm,74.0781,751.0,753.0,134.0,1.0,451.0,101.0,1236.1357753893396,9467.0,9071.0,854.0,25.0,17190.0,19644.0,482.0,16238.0,351.0,0.0,28350.0,49.0,Fail
l3340.txm,75.0937,752.0,753.0,131.0,0.0,505.0,102.0,1239.1357753893396,9476.0,8996.0,258.0,26.0,16584.0,19060.0,502.0,16366.0,349.0,1.0,28300.0,49.0,Fail
l3340.txm,76.1875,752.0,752.0,135.0,0.0,514.0,100.0,1238.1357753893396,9450.0,9028.0,-326.0,26.0,17191.0,19030.0,422.0,16192.0,351.0,0.0,28536.0,49.0,Fail
l3340.txm,77.2187,752.0,753.0,132.0,0.0,523.0,100.0,1232.1357753893396,9472.0,8957.0,-554.0,27.0,16811.0,19084.0,-357.0,16438.0,342.0,0.0,28598.0,49.0,Fail
l3340.txm,78.2344,752.0,754.0,136.0,0.0,525.0,100.0,1229.1357753893396,9446.0,8990.0,-885.0,27.0,16937.0,18968.0,-261.0,16544.0,344.0,0.0,28530.0,49.0,Fail
l3340.txm,79.25,752.0,753.0,132.0,0.0,524.0,101.0,1231.1357753893396,9411.0,9032.0,44.0,27.0,17012.0,19084.0,83.0,16698.0,350.0,0.0,28306.0,49.0,Fail
l3340.txm,80.2656,752.0,753.0,134.0,0.0,521.0,100.0,1230.1357753893396,9460.0,8972.0,-266.0,27.0,16802.0,18936.0,3.0,16684.0,351.0,0.0,28316.0,49.0,Fail
l3340.txm,81.2969,751.0,753.0,132.0,0.0,528.0,100.0,1231.1357753893396,9438.0,9029.0,-419.0,27.0,17046.0,19102.0,670.0,16516.0,352.0,0.0,28302.0,49.0,Fail
l3340.txm,82.3125,752.0,753.0,133.0,0.0,528.0,101.0,1229.1357753893396,9461.0,8949.0,133.0,27.0,16632.0,19004.0,504.0,16570.0,350.0,0.0,28286.0,49.0,Fail
l3340.txm,83.3281,752.0,753.0,135.0,0.0,531.0,100.0,1231.1357753893396,9426.0,8964.0,-19.0,27.0,17275.0,19020.0,136.0,16456.0,342.0,0.0,28346.0,49.0,Fail
l3340.txm,84.3437,752.0,754.0,134.0,0.0,527.0,100.0,1231.1357753893396,9411.0,8982.0,-148.0,27.0,16838.0,19038.0,-325.0,16528.0,344.0,0.0,28566.0,49.0,Fail
l3340.txm,85.375,752.0,753.0,133.0,0.0,526.0,99.0,1232.1357753893396,9419.0,8990.0,-251.0,27.0,16999.0,18948.0,-46.0,16496.0,347.0,0.0,28542.0,49.0,Fail
l3340.txm,86.4062,752.0,753.0,133.0,0.0,532.0,100.0,1232.1357753893396,9445.0,8966.0,-475.0,27.0,16852.0,19094.0,-279.0,16636.0,347.0,0.0,28286.0,49.0,Fail
l3340.txm,87.4063,752.0,753.0,133.0,0.0,532.0,101.0,1233.1357753893396,9403.0,9004.0,-87.0,27.0,16777.0,18964.0,-305.0,16636.0,350.0,0.0,28338.0,49.0,Fail
l3340.txm,88.4375,752.0,753.0,135.0,0.0,531.0,102.0,1232.1357753893396,9456.0,8954.0,-780.0,27.0,16780.0,18990.0,108.0,16674.0,349.0,0.0,28288.0,49.0,Fail
l3340.txm,89.4531,752.0,754.0,134.0,0.0,536.0,101.0,1233.1357753893396,9461.0,8958.0,-199.0,27.0,16982.0,18934.0,-39.0,16588.0,353.0,0.0,28548.0,49.0,Fail
l3340.txm,90.4844,752.0,753.0,135.0,0.0,532.0,100.0,1233.1357753893396,9436.0,8951.0,-197.0,27.0,17039.0,19092.0,152.0,16612.0,343.0,0.0,28286.0,49.0,Fail
l3340.txm,91.4844,751.0,753.0,132.0,0.0,531.0,102.0,1230.1357753893396,9475.0,8983.0,-95.0,27.0,17176.0,19064.0,153.0,16614.0,343.0,0.0,28562.0,49.0,Fail
l3340.txm,92.5469,752.0,753.0,133.0,0.0,534.0,100.0,1234.1357753893396,9440.0,8942.0,-226.0,27.0,16669.0,18954.0,390.0,16458.0,349.0,0.0,28550.0,49.0,Fail
l3340.txm,93.5312,752.0,752.0,132.0,0.0,534.0,101.0,1231.1357753893396,9472.0,8936.0,-295.0,27.0,16936.0,18926.0,404.0,16486.0,352.0,0.0,28538.0,49.0,Fail
l3340.txm,94.5625,752.0,754.0,132.0,0.0,535.0,101.0,1234.1357753893396,9462.0,8959.0,-637.0,27.0,16867.0,19028.0,62.0,16454.0,359.0,0.0,28332.0,49.0,Fail
l3340.txm,95.5625,751.0,753.0,133.0,0.0,537.0,100.0,1234.1357753893396,9416.0,8995.0,290.0,27.0,16847.0,19076.0,-88.0,16566.0,352.0,0.0,28558.0,49.0,Fail
l3340.txm,96.5937,752.0,753.0,132.0,0.0,536.0,100.0,1233.1357753893396,9424.0,8983.0,141.0,27.0,16622.0,18988.0,-84.0,16504.0,347.0,0.0,28334.0,49.0,Fail
l3340.txm,97.6094,752.0,752.0,131.0,0.0,531.0,102.0,1231.1357753893396,9417.0,8987.0,251.0,27.0,16679.0,19048.0,400.0,16524.0,354.0,0.0,28294.0,49.0,Fail
l3340.txm,98.6563,752.0,754.0,132.0,0.0,536.0,101.0,1231.1357753893396,9470.0,8933.0,-323.0,27.0,17249.0,18958.0,46.0,16600.0,358.0,0.0,28560.0,49.0,Fail
l3340.txm,99.7031,752.0,753.0,134.0,0.0,534.0,99.0,1231.1357753893396,9403.0,9022.0,89.0,27.0,16589.0,19022.0,26.0,16604.0,357.0,0.0,28286.0,49.0,Fail
l3340.txm,100.688,752.0,753.0,131.0,0.0,535.0,102.0,1232.1357753893396,9405.0,9016.0,-319.0,27.0,16909.0,18978.0,75.0,16592.0,355.0,0.0,28540.0,49.0,Fail
l3340.txm,101.703,751.0,754.0,133.0,0.0,535.0,101.0,1233.1357753893396,9426.0,8961.0,0.0,27.0,16785.0,18938.0,538.0,16464.0,351.0,0.0,28542.0,49.0,Fail
l3340.txm,102.734,752.0,753.0,135.0,0.0,529.0,100.0,1233.1357753893396,9394.0,9013.0,-184.0,27.0,17090.0,18980.0,-45.0,16512.0,348.0,0.0,28336.0,49.0,Fail
l3340.txm,103.766,751.0,753.0,131.0,0.0,531.0,100.0,1230.1357753893396,9475.0,8933.0,140.0,27.0,16895.0,19082.0,-344.0,16548.0,343.0,1.0,28308.0,49.0,Fail
l3340.txm,104.766,752.0,753.0,136.0,0.0,535.0,100.0,1231.1357753893396,9451.0,8943.0,-789.0,26.0,16945.0,18930.0,-65.0,16588.0,347.0,0.0,28574.0,49.0,Fail
l3340.txm,105.797,752.0,754.0,135.0,0.0,532.0,100.0,1231.1357753893396,9452.0,8976.0,-619.0,27.0,16878.0,19058.0,64.0,16676.0,347.0,0.0,28296.0,49.0,Fail
l3341.txm,57.75,752.0,753.0,132.0,0.0,401.0,101.0,1299.0,9446.0,8893.0,-1959.0,29.0,16204.0,19564.0,-486.0,16556.0,344.5360824742268,0.0,27966.0,49.0,Fail
l3341.txm,58.7812,752.0,753.0,133.0,0.0,398.0,100.0,1263.0,9431.0,8949.0,-507.0,29.0,16773.0,19572.0,-489.0,16734.0,350.5360824742268,0.0,27970.0,50.0,Fail
l3341.txm,59.7969,751.0,753.0,135.0,0.0,403.0,101.0,1208.0,9456.0,8890.0,168.0,29.0,16384.0,19612.0,-728.0,16738.0,359.5360824742268,0.0,27870.0,51.0,Fail
l3341.txm,60.8281,752.0,754.0,133.0,0.0,394.0,102.0,1234.0,9454.0,8896.0,-752.0,29.0,16630.0,19676.0,538.0,16368.0,346.5360824742268,0.0,27878.0,50.0,Fail
l3341.txm,61.8281,752.0,753.0,131.0,0.0,385.0,101.0,1225.0,9424.0,8920.0,-362.0,30.0,16098.0,19658.0,-403.0,16536.0,345.5360824742268,0.0,28016.0,51.0,Fail
l3341.txm,62.8594,752.0,753.0,135.0,0.0,380.0,100.0,1227.0,9420.0,8928.0,-1444.0,29.0,16384.0,19656.0,1004.0,16496.0,352.5360824742268,1.0,27892.0,50.0,Fail
l3341.txm,63.875,752.0,755.0,133.0,0.0,376.0,101.0,1224.0,9455.0,8891.0,-146.0,30.0,15996.0,19656.0,-80.0,16550.0,359.5360824742268,0.0,27888.0,51.0,Fail
l3341.txm,64.9219,752.0,753.0,135.0,0.0,377.0,100.0,1230.0,9447.0,8893.0,-1635.0,29.0,16374.0,19698.0,32.0,16630.0,355.5360824742268,0.0,27984.0,50.0,Fail
l3341.txm,65.9062,752.0,754.0,132.0,0.0,372.0,100.0,1225.0,9389.0,8934.0,-1148.0,30.0,16127.0,19730.0,-324.0,16804.0,346.5360824742268,0.0,27894.0,51.0,Fail
l3341.txm,66.9375,752.0,753.0,134.0,0.0,363.0,100.0,1226.0,9395.0,8933.0,-2525.0,29.0,16209.0,19860.0,344.0,16436.0,343.5360824742268,0.0,27738.0,50.0,Fail
l3341.txm,67.9531,752.0,754.0,131.0,0.0,340.0,99.0,1221.0,9400.0,8942.0,-2067.0,30.0,16320.0,19768.0,-752.0,16616.0,358.5360824742268,0.0,27586.0,50.0,Fail
l3341.txm,68.9844,751.0,752.0,135.0,0.0,330.0,100.0,1218.0,9459.0,8934.0,-1856.0,31.0,16035.0,20042.0,-341.0,16080.0,346.5360824742268,0.0,27592.0,50.0,Fail
l3341.txm,70.0,752.0,754.0,135.0,0.0,327.0,99.0,1229.0,9496.0,8911.0,-1813.0,30.0,16298.0,20096.0,-347.0,16368.0,343.5360824742268,0.0,27540.0,50.0,Fail
l3341.txm,71.0156,752.0,754.0,136.0,0.0,329.0,100.0,1229.0,9456.0,8981.0,-1509.0,30.0,16260.0,20140.0,-655.0,16306.0,341.5360824742268,0.0,27602.0,50.0,Fail
l3341.txm,72.0781,752.0,753.0,131.0,0.0,362.0,100.0,1240.0,9459.0,8965.0,652.0,27.0,16494.0,20060.0,902.0,16094.0,348.5360824742268,0.0,27854.0,50.0,Fail
l3341.txm,73.0625,751.0,753.0,133.0,0.0,422.0,101.0,1241.0,9460.0,9013.0,778.0,25.0,17473.0,19704.0,498.0,16380.0,350.5360824742268,0.0,28074.0,50.0,Fail
l3341.txm,74.0781,752.0,754.0,132.0,0.0,488.0,101.0,1232.0,9440.0,8928.0,898.0,25.0,17172.0,19542.0,220.0,16304.0,344.5360824742268,0.0,28140.0,51.0,Fail
l3341.txm,75.1094,751.0,754.0,134.0,0.0,536.0,102.0,1230.0,9368.0,8941.0,1192.0,25.0,16867.0,19272.0,164.0,16326.0,353.5360824742268,0.0,28468.0,51.0,Fail
l3341.txm,76.625,751.0,753.0,134.0,0.0,579.0,102.0,1225.0,9393.0,8916.0,966.0,27.0,16305.0,18942.0,142.0,16578.0,350.5360824742268,0.0,28316.0,51.0,Fail
l3341.txm,77.6562,752.0,753.0,134.0,0.0,580.0,100.0,1228.0,9424.0,8867.0,885.0,27.0,16299.0,18850.0,-83.0,16500.0,343.5360824742268,0.0,28598.0,51.0,Fail
l3341.txm,78.6562,752.0,753.0,134.0,0.0,587.0,100.0,1231.0,9405.0,8879.0,972.0,27.0,16509.0,19006.0,-407.0,16546.0,349.5360824742268,0.0,28574.0,51.0,Fail
l3341.txm,79.6875,752.0,752.0,133.0,0.0,584.0,101.0,1228.0,9428.0,8896.0,999.0,27.0,16381.0,19002.0,113.0,16510.0,343.5360824742268,0.0,28588.0,51.0,Fail
l3341.txm,80.7031,752.0,752.0,132.0,0.0,588.0,101.0,1228.0,9353.0,8918.0,1131.0,27.0,16555.0,18980.0,376.0,16488.0,347.5360824742268,0.0,28314.0,51.0,Fail
l3341.txm,81.7344,752.0,754.0,133.0,0.0,592.0,102.0,1228.0,9346.0,8900.0,798.0,27.0,16425.0,18864.0,-77.0,16466.0,353.5360824742268,1.0,28362.0,51.0,Fail
l3341.txm,82.75,752.0,752.0,133.0,0.0,587.0,100.0,1229.0,9358.0,8884.0,215.0,27.0,16425.0,18848.0,686.0,16444.0,340.5360824742268,0.0,28620.0,51.0,Fail
l3341.txm,83.7656,751.0,752.0,134.0,1.0,583.0,100.0,1227.0,9430.0,8849.0,822.0,27.0,16608.0,18876.0,9.0,16376.0,350.5360824742268,0.0,28600.0,51.0,Fail
l3341.txm,84.7969,752.0,753.0,135.0,0.0,595.0,100.0,1231.0,9348.0,8910.0,1646.0,27.0,16288.0,18956.0,272.0,16386.0,352.5360824742268,0.0,28340.0,51.0,Fail
l3341.txm,85.8125,751.0,753.0,134.0,0.0,589.0,102.0,1227.0,9340.0,8927.0,1416.0,26.0,16514.0,18844.0,0.0,16388.0,350.5360824742268,1.0,28608.0,51.0,Fail
l3341.txm,86.8281,752.0,754.0,133.0,0.0,597.0,101.0,1227.0,9409.0,8851.0,1648.0,27.0,16159.0,18848.0,62.0,16328.0,343.5360824742268,0.0,28562.0,51.0,Fail
l3341.txm,87.8437,751.0,753.0,135.0,0.0,593.0,100.0,1228.0,9395.0,8898.0,617.0,27.0,16379.0,18850.0,-10.0,16382.0,351.5360824742268,0.0,28306.0,51.0,Fail
l3341.txm,88.875,752.0,754.0,133.0,0.0,592.0,102.0,1227.0,9367.0,8925.0,1342.0,26.0,16294.0,18868.0,0.0,16376.0,343.5360824742268,0.0,28318.0,51.0,Fail
l3341.txm,89.8906,752.0,754.0,134.0,0.0,594.0,102.0,1227.0,9364.0,8925.0,793.0,27.0,16420.0,18984.0,122.0,16456.0,348.5360824742268,0.0,28330.0,51.0,Fail
l3341.txm,90.9062,752.0,753.0,134.0,0.0,596.0,100.0,1229.0,9403.0,8870.0,931.0,27.0,16681.0,18958.0,-59.0,16280.0,342.5360824742268,1.0,28618.0,51.0,Fail
l3341.txm,91.9531,751.0,752.0,135.0,0.0,593.0,100.0,1229.0,9416.0,8857.0,921.0,27.0,16734.0,18894.0,116.0,16276.0,356.5360824742268,0.0,28368.0,51.0,Fail
l3341.txm,92.9531,752.0,754.0,134.0,0.0,592.0,100.0,1228.0,9395.0,8929.0,1123.0,27.0,16494.0,18926.0,-38.0,16388.0,354.5360824742268,0.0,28310.0,51.0,Fail
l3341.txm,93.9688,752.0,752.0,133.0,0.0,593.0,101.0,1227.0,9364.0,8906.0,1412.0,27.0,16263.0,19010.0,86.0,16344.0,354.5360824742268,0.0,28342.0,51.0,Fail
l3341.txm,94.9844,751.0,754.0,131.0,0.0,593.0,101.0,1230.0,9339.0,8903.0,1221.0,27.0,16432.0,18850.0,82.0,16450.0,354.5360824742268,1.0,28610.0,51.0,Fail
l3341.txm,96.0,752.0,755.0,132.0,0.0,596.0,101.0,1227.0,9396.0,8893.0,1433.0,27.0,16328.0,18856.0,674.0,16356.0,355.5360824742268,0.0,28568.0,51.0,Fail
l3341.txm,97.0312,752.0,752.0,132.0,0.0,596.0,100.0,1231.0,9440.0,8837.0,1442.0,27.0,16131.0,18964.0,56.0,16276.0,347.5360824742268,0.0,28346.0,51.0,Fail
l3341.txm,98.0625,752.0,754.0,131.0,0.0,591.0,101.0,1227.0,9424.0,8878.0,1246.0,27.0,16490.0,18840.0,57.0,16408.0,354.5360824742268,0.0,28580.0,51.0,Fail
l3341.txm,99.0625,752.0,753.0,133.0,0.0,595.0,101.0,1229.0,9380.0,8855.0,837.0,27.0,16405.0,18928.0,220.0,16440.0,356.5360824742268,1.0,28358.0,51.0,Fail
l3341.txm,100.094,751.0,753.0,134.0,1.0,597.0,100.0,1229.0,9355.0,8873.0,1092.0,27.0,16752.0,18934.0,17.0,16432.0,350.5360824742268,0.0,28612.0,51.0,Fail
l3341.txm,101.109,752.0,753.0,135.0,1.0,594.0,100.0,1227.0,9345.0,8917.0,1367.0,26.0,16247.0,18884.0,113.0,16402.0,349.5360824742268,0.0,28580.0,51.0,Fail
l3341.txm,102.141,752.0,754.0,134.0,0.0,598.0,99.0,1228.0,9365.0,8925.0,582.0,27.0,16129.0,18984.0,157.0,16452.0,354.5360824742268,0.0,28302.0,51.0,Fail
l3341.txm,103.141,752.0,755.0,133.0,0.0,599.0,101.0,1227.0,9430.0,8846.0,644.0,26.0,16405.0,18960.0,264.0,16432.0,348.5360824742268,0.0,28568.0,51.0,Fail
l3341.txm,104.203,751.0,752.0,133.0,0.0,592.0,100.0,1226.0,9415.0,8920.0,832.0,26.0,16568.0,18922.0,23.0,16570.0,347.5360824742268,0.0,28606.0,51.0,Fail
l3341.txm,105.219,752.0,754.0,134.0,0.0,592.0,100.0,1227.0,9430.0,8832.0,463.0,26.0,16686.0,18844.0,-273.0,16434.0,344.5360824742268,0.0,28570.0,51.0,Fail
l3341.txm,106.281,751.0,753.0,131.0,0.0,595.0,102.0,1227.0,9349.0,8902.0,1473.0,26.0,16165.0,18854.0,-343.0,16474.0,342.5360824742268,0.0,28348.0,51.0,Fail
l3341.txm,107.297,752.0,752.0,134.0,0.0,591.0,101.0,1227.0,9359.0,8906.0,1228.0,27.0,16297.0,18914.0,458.0,16504.0,356.5360824742268,0.0,28360.0,51.0,Fail
l3341.txm,108.312,752.0,754.0,135.0,1.0,591.0,101.0,1225.0,9445.0,8831.0,189.0,26.0,16571.0,18960.0,614.0,16624.0,351.5360824742268,0.0,28318.0,51.0,Fail
l3341.txm,109.328,752.0,753.0,135.0,0.0,594.0,100.0,1227.0,9354.0,8877.0,750.0,26.0,16598.0,18974.0,300.0,16416.0,352.5360824742268,1.0,28350.0,51.0,Fail
