sensor_060,sensor_104,sensor_511,sensor_349,sensor_022,sensor_029,sensor_437,sensor_130,sensor_125,sensor_296,sensor_317,sensor_301,sensor_126,sensor_295,sensor_027,sensor_034,sensor_080,sensor_453,sensor_131,sensor_065,result
-1.7264,-0.0042,64.6707,0.0215,-5419.0,64.2333,3.1158,-0.0473,15.93,398.3185,6.2698,0.0462,0.8656,418.1363,1.773,9.5126,-0.0083,5.9396,0.7243,21.7264,양품
0.8073,-0.0045,141.4365,0.0142,-5441.5,68.4222,1.6779,-0.0946,15.88,26.5879,5.6522,0.0591,0.8703,233.9865,2.0143,9.7997,-0.0358,5.1072,0.8122,19.1927,양품
23.8245,-0.0026,240.7767,0.0105,-5447.75,67.1333,0.8972,-0.1892,15.95,329.6406,5.7247,0.0326,0.8798,251.4536,2.0295,8.659,-0.0054,4.8795,0.8194,16.1755,불량
24.3791,-0.0059,113.5593,0.0407,-5468.25,62.9333,1.3671,0.2838,15.59,157.0889,5.444,0.0465,1.366,415.5048,2.0038,8.6789,0.0676,4.468,0.7244,15.6209,양품
-12.2945,-0.0045,148.0663,0.0246,-5476.25,62.8333,1.5533,-0.5677,15.71,128.0296,4.8956,0.0476,0.946,319.1252,1.9912,8.7677,0.0034,4.3131,0.778,32.2945,양품
28.2955,-0.0052,68.7351,0.0166,-6058.0,62.3778,1.4752,-0.0946,15.88,384.6101,5.5901,0.0203,0.8703,982.8228,1.7775,9.6484,-0.0026,5.4679,0.8122,11.7045,양품
2.1109,-0.0042,159.5238,0.0177,-6154.0,60.8,4.2602,-0.4731,15.84,276.541,4.9162,0.0578,0.8089,1000.9579,1.7715,9.1502,-0.0154,5.1876,0.7589,17.8891,양품
29.1309,-0.0057,79.1209,0.0216,-5395.5,67.3,1.4888,0.7096,15.8,151.6605,4.8066,0.0513,0.7568,106.4973,1.9893,8.7289,0.0002,3.881,0.7863,10.8691,양품
26.9791,-0.0048,138.5827,0.0103,-4196.5,62.8,134.0243,0.7096,15.8,1377.7589,4.3824,1.5118,0.7568,2803.1611,1.323,9.6234,-0.0047,3.4767,0.7863,13.0209,양품
28.3118,-0.0073,86.0068,0.0317,-5357.5,67.0333,0.7098,0.7096,15.8,392.7259,4.9838,0.0102,0.7568,354.072,1.778,8.7289,0.0102,4.1309,0.7863,11.6882,양품
27.8373,-0.0056,87.1111,0.0167,-2727.5,68.7111,200.8486,-0.5677,15.71,1620.7332,5.2778,1.769,0.946,3153.6764,0.8847,8.659,-0.0002,4.4107,0.778,12.1627,불량
25.0836,-0.0059,67.9406,0.037,-6097.75,64.7667,3.3943,-0.5677,15.86,255.566,4.6853,0.043,0.9082,1081.3385,1.7695,9.6234,0.0035,4.1797,0.8038,14.9164,불량
22.6227,-0.0075,94.8247,0.0156,-5521.25,63.3778,0.743,-0.4731,15.84,133.5649,5.2108,0.024,0.8089,444.4295,2.0107,8.6789,0.004,4.4238,0.7589,17.3773,양품
-1.1927,-0.0047,55.0265,0.0473,-6069.75,67.9889,2.2787,0.0,15.8,266.8562,6.4674,0.0303,0.8467,1073.8102,1.7822,8.7977,0.0298,6.0827,0.7661,21.1927,양품
17.6382,-0.0041,125.5385,0.0428,-1431.5,62.5,400.0,0.0,15.8,1239.0,4.9515,1.5345,0.8467,2863.0,0.439,9.2007,0.0573,5.2329,0.7661,22.3618,불량
20.4209,-0.0031,263.4538,0.0449,-2694.75,61.2333,203.9557,-0.0473,15.82,1768.6406,4.9296,1.7229,0.8987,3129.8922,0.8882,9.2007,0.0643,4.1316,0.7446,19.5791,양품
-8.1182,-0.0071,68.5315,0.0113,-5757.25,63.3556,3.8793,-0.0473,15.82,96.8035,6.5511,0.1296,0.8987,301.6514,2.0055,9.1283,-0.0353,5.6105,0.7446,28.1182,양품
-5.5327,-0.0066,89.7338,0.0225,-5612.5,60.2444,2.2842,-0.0473,15.82,145.962,5.8924,0.0383,0.8987,733.2587,1.7835,8.5762,-0.0423,5.3063,0.7446,25.5327,양품
0.4836,-0.0052,102.9126,0.0185,-5575.25,66.2,0.8776,-0.4258,15.84,279.3486,6.8608,0.0296,1.045,441.7317,1.9803,8.6397,-0.0156,6.1211,0.7785,19.5164,양품
22.4736,-0.0016,349.2063,0.0429,-5469.25,65.0778,3.4856,-0.4258,15.84,171.1695,5.2005,0.1167,1.045,432.2865,2.0157,8.6789,0.0673,4.4555,0.7785,17.5264,양품
3.97,-0.0051,87.8049,0.0268,-5441.0,67.2,3.0524,-0.4258,15.84,181.3781,7.2532,0.1039,1.045,103.8813,1.97,8.6572,0.0308,6.1184,0.7785,16.03,양품
0.12,-0.0092,64.3929,0.0241,-5434.0,65.1667,2.6823,-0.4258,15.84,175.7811,6.7289,0.0817,1.045,430.2875,2.0095,8.6397,0.0042,5.9383,0.7785,19.88,양품
-3.6564,-0.0072,42.9066,0.0315,-5310.25,66.3556,2.4268,0.0473,15.88,185.2647,6.6914,0.0851,1.087,286.4628,1.9715,8.6397,0.0498,5.9722,0.7777,23.6564,양품
18.3936,-0.0108,60.1156,0.0386,-2664.25,62.5,205.0885,-0.4731,16.03,1834.1299,5.1588,1.7144,0.9838,3088.6554,0.8915,9.2007,0.0405,5.4097,0.8093,21.6064,불량
15.3536,-0.0076,60.3279,0.0502,-2681.75,64.6778,202.158,0.0946,15.7,1731.3645,5.7899,1.6589,0.7285,3096.6188,0.8862,8.7487,0.0602,5.2309,0.8743,24.6464,양품
2.9964,-0.0071,65.8494,0.0125,-2706.0,67.0333,205.1004,-0.615,16.01,1702.5621,5.196,1.8123,0.9365,3151.2826,0.8895,8.6942,0.0064,4.0309,0.7839,17.0036,양품
-6.9155,-0.0062,48.0962,0.0131,-5611.75,68.0333,2.7947,-0.615,16.01,307.8943,5.45,0.0931,0.9365,243.4904,2.0137,9.7997,0.0055,5.1047,0.7839,26.9155,양품
17.3873,-0.0078,69.6774,0.0461,-5369.0,62.8889,3.0617,-0.0473,16.05,177.2362,4.4239,0.0958,0.9554,190.1736,2.0017,8.9336,0.0615,4.0379,0.6287,22.6127,양품
13.1136,-0.0087,60.6581,0.0539,-5217.5,66.1667,2.7974,-0.615,16.01,334.9113,4.1865,0.0388,0.9365,305.296,1.802,8.8388,0.0775,3.9272,0.7839,26.8864,양품
14.7073,-0.0112,51.8436,0.0487,-5416.0,65.6333,2.5445,-0.0473,15.93,259.6344,6.2102,0.0841,0.6055,117.6124,1.9817,8.7588,0.0602,5.9652,0.8139,25.2927,양품
29.5109,-0.0098,49.1677,0.056,-5500.5,68.6444,1.6694,-0.0473,16.05,172.3359,4.6253,0.0584,0.9554,243.9242,1.9888,23.3453,0.0729,4.2183,0.6287,10.4891,양품
13.1482,-0.0093,59.4595,0.0463,-5497.75,65.3667,2.7617,-0.615,16.01,116.7144,5.8491,0.092,0.9365,131.5862,1.9773,8.8033,0.079,5.3702,0.7839,26.8518,양품
-3.3864,-0.0087,67.6218,0.0311,-5507.75,62.6667,2.1129,0.0946,15.87,172.5097,5.3701,0.0613,0.3122,274.026,1.9745,9.1283,0.032,4.3122,0.8884,23.3864,양품
4.4036,-0.0084,37.9822,0.027,-2622.5,65.4556,202.3184,0.0946,15.87,1820.9743,4.6444,1.7684,0.3122,3040.1658,0.8912,8.8249,0.0567,4.0516,0.8884,15.5964,양품
17.5473,-0.0093,78.7062,0.0433,-6010.25,66.8889,3.1142,-0.0473,15.93,240.0783,4.6263,0.0437,0.6055,993.652,1.7778,8.9336,0.0543,4.0999,0.8139,22.4527,양품
-10.1245,-0.006,95.0,0.0337,-5548.0,66.4778,1.6897,0.0946,15.87,51.9102,4.5125,0.0534,0.3122,242.4967,2.0092,10.0686,0.0122,4.2166,0.8884,30.1245,양품
13.9782,-0.0091,75.513,0.0466,-1362.0,65.2667,400.0,-0.0473,15.93,1420.5,4.5344,1.4395,0.6055,2724.0,0.4407,8.7588,0.0688,4.3818,0.8139,26.0218,양품
13.4891,-0.0087,57.2246,0.0438,-5452.75,65.2222,0.8808,-0.0473,15.93,118.9856,5.9735,0.0264,0.6055,253.4106,1.9728,8.7588,0.0536,5.6377,0.8139,26.5109,양품
24.9027,-0.0033,172.0755,0.0433,-5493.75,68.3222,3.076,-0.0473,15.93,116.2999,4.0902,0.1222,0.6055,34.0722,2.0135,8.659,0.0549,3.9054,0.8139,15.0973,불량
23.4736,-0.0093,40.7507,0.0309,-5525.5,70.5111,0.7846,-1.108,15.96,260.8184,5.4109,0.0281,1.483,77.9081,2.0092,23.3453,0.0024,3.8916,0.8142,16.5264,양품
15.1509,-0.0085,75.2941,0.0428,-5085.25,63.5111,2.1657,-0.0473,15.93,2005.8744,4.1708,0.071,0.6055,876.6031,1.9875,9.1585,0.0593,3.923,0.8139,24.8491,불량
-2.6636,-0.0077,21.9709,0.0128,-5626.25,64.1778,2.004,0.0946,15.87,86.0867,5.8979,0.0641,0.3122,36.8273,1.987,8.6074,-0.0084,6.3399,0.8884,22.6636,양품
-2.4636,-0.0082,70.5167,0.0161,-6033.25,62.2889,2.1196,0.0946,15.87,87.9147,4.9579,0.0613,0.3122,1335.7012,1.97,9.1502,-0.0059,4.1468,0.8884,22.4636,양품
19.3136,-0.0088,42.1053,0.0528,-5415.75,69.0,2.4013,-1.204,16.1,72.7232,4.2384,0.0805,1.252,297.0492,2.0063,10.6376,0.0665,3.7729,0.8034,20.6864,양품
8.3045,-0.0068,76.8946,0.0189,-4731.0,60.8444,133.4481,-0.4258,15.83,1471.4602,5.5408,1.5487,1.125,3280.8927,1.3322,9.1585,0.0103,5.1372,0.7692,31.6955,양품
5.03,-0.0056,113.0045,0.013,-5546.5,69.0667,0.9624,-0.4258,15.83,87.9825,5.3607,0.0335,1.125,134.7207,1.9992,10.6376,0.015,5.2595,0.7692,34.97,불량
12.0945,-0.0071,41.0619,0.0165,-3281.0,63.1333,201.9788,0.0946,15.9,1770.0986,5.1749,1.6924,1.021,3882.2129,0.8885,8.7487,0.0155,4.9499,0.7484,27.9055,양품
23.1373,-0.008,42.7002,0.0253,-4667.25,61.8667,133.904,0.0946,15.9,1586.2346,4.9516,1.4797,1.021,3307.3123,1.3305,9.2007,0.0253,4.8677,0.7484,16.8627,양품
25.0382,-0.0091,96.9697,0.0235,-5300.25,69.0667,1.553,-1.108,15.96,262.8269,4.7265,0.0525,1.483,48.9583,2.0105,23.3453,0.0266,4.8263,0.8142,14.9618,불량
23.3109,-0.0078,18.0064,0.0217,-5553.0,69.5556,1.6511,-0.4258,15.83,83.0682,5.1077,0.0511,1.125,318.781,2.0433,8.7495,0.0073,4.9748,0.7692,16.6891,불량
23.9555,-0.0094,49.0667,0.012,-5394.0,68.3556,2.5771,-0.4258,15.83,157.5423,5.5385,0.0791,1.125,75.7144,2.0032,23.3453,0.0148,5.7172,0.7692,16.0445,불량
21.39,-0.007,90.4847,0.0259,-2575.5,64.4222,200.9041,-0.1419,15.82,1791.2725,4.665,1.7243,0.9933,2980.3803,0.892,8.7487,0.0269,3.7214,0.7304,18.61,양품
1.5882,-0.0075,67.8869,0.0169,-5175.5,67.2667,2.4382,-0.1419,15.82,96.4793,5.5737,0.0909,0.9933,362.8135,2.0,10.6376,0.0159,5.2825,0.7304,38.4118,양품
0.6782,-0.0078,50.0803,0.0184,-5545.0,64.0778,1.3659,0.0946,15.9,134.3577,4.3439,0.0474,1.021,206.3121,1.9772,8.8249,-0.0085,3.4653,0.7484,19.3218,양품
20.0455,-0.007,200.7117,0.0211,-4520.75,62.3667,135.1927,0.0946,15.9,1537.8514,5.3269,1.5182,1.021,3235.5781,1.3458,9.1784,0.0083,4.8115,0.7484,19.9545,양품
21.8964,-0.0087,33.1903,0.0211,-5683.75,64.7111,3.2935,0.0946,15.9,306.3934,5.4366,0.1029,1.021,246.9458,1.9597,9.1784,0.0187,5.1405,0.7484,18.1036,양품
22.8809,-0.0037,111.9454,0.0418,-5460.5,70.0889,2.194,0.0473,15.81,76.4608,5.6503,0.0897,1.021,314.963,2.031,8.7599,0.0817,4.5452,0.7145,17.1191,양품
2.5209,-0.0055,101.1287,0.0168,-1368.75,63.4,400.0,-0.1419,15.82,1307.5,5.1458,1.4795,0.9933,2737.5,0.4425,8.7487,0.0122,5.01,0.7304,37.4791,불량
15.9527,-0.0101,31.6049,0.0397,-4490.5,63.6,134.0533,-0.615,15.71,1560.1131,6.4035,1.5125,1.05,3234.6965,1.3438,9.1784,0.0796,5.8773,0.7382,24.0473,불량
-1.6545,-0.0066,80.0,0.0388,-5433.25,66.7222,1.2248,0.1892,15.72,157.2819,5.5012,0.0441,0.8467,355.3237,2.0187,9.7997,0.0119,5.0184,0.8482,21.6545,양품
6.7391,-0.0038,102.6316,0.0392,-5493.75,68.0222,1.3803,0.0,15.68,190.7658,6.0092,0.0496,0.8703,240.8213,1.9828,10.6376,0.0803,6.3091,0.8485,33.2609,양품
13.8118,-0.0033,218.1818,0.0501,-2597.0,63.9778,201.2587,0.0473,15.73,1713.1426,4.3153,1.6972,0.9034,3007.6466,0.891,8.7588,0.0713,3.8246,0.8434,26.1882,양품
18.3209,-0.0057,66.5208,0.0502,-5507.5,68.0,1.4767,0.0473,15.73,123.2027,5.115,0.0475,0.9034,293.2547,1.9905,8.7599,0.057,4.3162,0.8434,21.6791,불량
16.4582,-0.0057,87.7193,0.0439,-5667.5,63.5778,2.2554,0.3311,15.76,245.6262,5.2632,0.066,0.9365,583.7548,2.012,9.2405,0.0646,4.8093,0.8088,23.5418,양품
9.05,-0.0057,74.7826,0.0193,-5501.75,68.1222,2.8564,0.0,15.78,353.7272,4.4627,0.0999,1.21,270.7513,2.0062,8.7495,0.0049,3.7792,0.7332,30.95,불량
18.8309,-0.0064,54.5809,0.0191,-5382.5,67.8444,4.3579,0.0,15.83,188.7441,5.9995,0.1367,0.9649,428.5545,2.01,8.7495,0.0248,4.4994,0.7608,21.1691,양품
18.2809,-0.0053,89.9297,0.0125,-5659.25,65.1667,3.0133,0.0,15.83,217.4849,4.5431,0.1002,0.9649,74.5537,2.0077,8.6324,0.0264,4.1117,0.7608,21.7191,양품
19.8,-0.0074,53.6913,0.0137,-5349.0,61.6222,2.7784,0.0,15.83,204.0147,5.3492,0.0797,0.9649,247.8266,1.9663,9.2658,0.0193,4.3512,0.7608,20.2,양품
11.6818,-0.007,68.8172,0.0623,-5597.0,65.6333,1.104,0.0,15.83,151.5355,4.3109,0.0329,0.9649,234.3174,1.9752,8.8033,0.0964,4.0625,0.7608,28.3182,양품
22.4345,-0.0054,102.3256,0.0431,-5440.5,68.3444,2.6949,0.0,15.83,63.1684,4.9353,0.1016,0.9649,349.419,2.0045,8.7599,0.0958,3.8448,0.7608,17.5655,양품
17.1627,-0.007,54.5781,0.0111,-5614.25,68.3,2.9104,0.0,15.83,271.4934,4.6734,0.1101,0.9649,312.2738,1.9745,9.6272,0.0089,4.2372,0.7608,22.8373,양품
25.4573,-0.0046,111.4754,0.0369,-5534.5,70.7667,2.2744,-0.3311,15.74,101.9914,4.7397,0.0693,1.031,132.9097,2.018,8.7599,0.048,4.4157,0.7025,14.5427,양품
20.5509,-0.0031,174.8988,0.0178,-2649.25,63.3444,200.6154,0.0473,15.83,1713.3521,4.9899,1.6888,0.9933,3075.2411,0.8882,8.7487,0.0041,4.2929,0.7509,19.4491,양품
18.6827,-0.0078,51.4469,0.0475,-5554.25,65.4667,2.285,-0.3311,15.74,176.3016,5.7303,0.0722,1.031,134.8292,2.021,8.8388,0.1013,5.4793,0.7025,21.3173,양품
25.4427,-0.0055,76.0181,0.0227,-6566.0,65.2889,2.8582,0.8042,15.87,280.7805,4.0636,0.0603,0.7947,295.1305,1.8762,9.094,-0.0015,3.0551,0.8376,14.5573,양품
17.6373,-0.0063,65.3386,0.0232,-5613.75,64.8111,2.4668,0.0473,15.83,1823.7921,5.2115,0.084,0.9933,159.8653,1.99,8.7588,0.0071,4.1518,0.7509,22.3627,양품
24.3509,-0.005,90.0,0.021,-6546.5,64.6444,4.0847,0.8042,15.87,268.8159,4.4431,0.09,0.7947,218.4651,1.8822,9.094,0.0428,4.8614,0.8376,15.6491,양품
12.0627,-0.0071,79.292,0.0286,-5652.0,64.6222,3.2971,0.8042,15.87,347.9132,3.8954,0.1046,0.7947,204.1258,1.9457,9.1784,0.0121,3.5802,0.8376,27.9373,양품
9.5227,-0.0053,54.8463,0.0168,-6656.75,60.9222,1.5633,0.0473,15.83,378.7572,3.9957,0.0216,0.9933,1143.1321,1.7797,9.1585,0.0307,3.7486,0.7509,30.4773,양품
22.9245,-0.0061,98.3607,0.0403,-5681.5,67.5333,1.2934,-0.3311,15.74,75.82,4.746,0.0407,1.031,261.0038,1.9998,8.7495,0.0603,4.2264,0.7025,17.0755,양품
9.3336,-0.0092,39.2906,0.0153,-5537.5,64.0,2.524,0.8042,15.87,400.6599,4.49,0.077,0.7947,143.9873,1.9648,9.1784,0.0397,4.1281,0.8376,30.6664,양품
12.5391,-0.0071,56.6372,0.0395,-5349.25,68.5444,3.8403,-0.4731,15.83,40.3185,4.3171,0.1261,1.05,185.1709,2.0063,10.6376,0.0601,4.0782,0.7489,27.4609,양품
12.4309,-0.0063,68.6627,0.0147,-5495.75,62.8333,1.7283,0.0,15.78,187.2011,5.3995,0.0576,1.21,188.5831,1.9688,9.2658,0.0116,5.2468,0.7332,27.5691,불량
28.6355,-0.0053,68.2464,0.0188,-6518.25,67.5222,2.4697,-0.4731,15.83,263.1862,5.2164,0.0535,1.05,216.6631,1.8967,8.6667,0.0215,4.0081,0.7489,11.3645,양품
8.6927,-0.006,85.5346,0.0436,-4556.0,62.6556,135.2505,0.0473,15.83,1522.3693,4.1082,1.4613,0.9933,3277.3157,1.3362,9.1784,0.0615,3.4169,0.7509,31.3073,양품
-5.3055,-0.0054,46.62,0.0173,-5432.5,64.1667,1.8486,-0.4731,15.83,111.4839,5.2837,0.0557,1.05,237.9447,2.0345,8.9336,-0.0077,4.4635,0.7489,25.3055,양품
-8.7491,-0.0066,30.4762,0.0205,-5677.75,66.6889,2.6454,-0.4731,15.83,155.59,4.8942,0.0834,1.05,310.3464,1.9985,8.755,-0.0066,3.4003,0.7489,28.7491,양품
26.6582,-0.004,62.6959,0.0429,-6174.5,68.9222,2.466,0.0,15.74,322.0445,5.2537,0.0584,0.9082,787.0352,1.881,8.7947,0.0704,5.3581,0.771,13.3418,양품
28.7064,-0.0047,77.2118,0.0466,-5367.75,68.2222,1.2189,0.0,15.74,50.1622,6.8114,0.0444,0.9082,131.0328,2.0093,8.7947,0.0614,6.288,0.771,11.2936,양품
-8.2255,-0.0053,76.815,0.0138,-5393.25,66.0889,1.3022,,,257.5285,4.7156,0.0444,,218.977,1.9872,8.8249,0.0035,3.6677,,28.2255,양품
28.1191,-0.0049,122.7621,0.0455,-5594.25,61.2556,2.0608,0.0,15.74,202.3512,5.2147,0.0462,0.9082,251.8152,1.8807,9.3851,0.0533,4.8994,0.771,11.8809,양품
8.6673,-0.0071,76.5957,0.0195,-2665.5,67.0222,205.2811,-0.3311,15.74,1760.2485,4.6593,1.7832,1.031,3092.805,0.8912,8.6942,-0.0188,4.0959,0.7025,11.3327,양품
3.8509,-0.0061,99.389,0.0189,-5527.0,60.9111,2.6956,0.0473,15.83,113.0262,5.469,0.0805,0.9933,261.3899,1.984,9.1502,0.0065,5.2882,0.7509,16.1491,양품
-15.1964,-0.0063,87.3016,0.0401,-4695.25,65.2,134.6445,,,1424.5622,4.2296,1.6276,,3308.1092,1.3355,8.8388,-0.0265,4.3947,,35.1964,양품
-6.4836,-0.0054,115.3488,0.0106,-5491.5,64.8,1.5027,0.7569,15.68,195.6672,4.1415,0.054,0.894,307.0814,1.9898,8.6942,-0.0316,3.1922,0.786,26.4836,양품
-11.2182,-0.0058,65.2361,0.0106,-5463.25,65.3,1.1027,,,161.5488,4.2605,0.0376,,289.5748,2.0063,9.7997,0.0174,3.5647,,31.2182,양품
11.5591,-0.0052,117.8744,0.0259,-2609.25,62.7556,201.1135,0.0473,15.83,1746.5985,4.1373,1.711,0.9933,3020.4584,0.8925,8.7588,0.0083,3.4174,0.7509,28.4409,불량
28.4227,-0.005,116.5829,0.0432,-5497.75,67.1556,1.0283,0.0473,15.76,196.0466,5.2979,0.0319,1.026,78.6824,2.0083,8.7947,0.0893,4.7187,0.7388,11.5773,양품
24.4727,-0.005,100.7557,0.0342,-5522.25,61.7444,3.1235,0.0473,15.76,201.6538,5.7258,0.0697,1.026,242.5385,1.87,9.3851,0.0544,5.6519,0.7388,15.5273,양품
5.1345,-0.006,103.3333,0.0342,-1502.75,60.5,400.0,0.0,15.74,1213.0,5.3251,1.511,0.9082,3005.5,0.4368,9.2007,0.0121,4.7298,0.771,34.8655,양품
24.8064,-0.0062,45.0704,0.0426,-5443.0,67.8111,1.02,0.0473,15.76,144.7999,7.6145,0.0315,1.026,157.6283,1.9935,8.7947,0.0915,6.659,0.7388,15.1936,양품
27.6182,-0.0037,92.2034,0.0518,-5668.0,64.0,1.7957,0.1419,15.66,59.2565,4.9451,0.0405,0.9318,160.0125,1.853,9.3851,0.0534,4.3733,0.7454,12.3818,양품
20.5864,-0.0069,70.6306,0.0428,-6274.75,66.2556,3.3483,0.1419,15.66,332.6584,4.4596,0.0763,0.9318,85.5117,1.8835,10.9634,0.0772,3.7462,0.7454,19.4136,양품
27.6655,-0.0051,101.4634,0.0389,-5609.5,61.7667,2.8822,0.0473,15.76,261.5754,5.2551,0.0643,1.026,226.7532,1.8678,9.3851,0.0916,4.7168,0.7388,12.3345,양품
29.0264,-0.0056,42.5721,0.0385,-6487.25,65.7333,1.5282,0.7569,15.68,265.8276,4.6683,0.0356,0.894,138.3652,1.8753,9.094,0.0725,3.5348,0.786,10.9736,양품
27.7364,-0.0066,85.3333,0.0175,-6361.5,66.9778,3.5826,0.0,15.74,229.9993,3.9228,0.0814,0.9082,262.1558,1.8895,10.9634,0.0141,2.9782,0.771,12.2636,양품
24.8282,-0.0059,64.6809,0.0481,-6514.0,61.6444,4.9208,0.7569,15.68,331.9693,4.1939,0.1015,0.894,161.0756,1.882,9.1638,0.0706,3.885,0.786,15.1718,양품
24.6118,-0.0064,73.0097,0.0431,-6541.25,65.4333,4.5916,0.7569,15.68,256.6663,3.7815,0.0967,0.894,235.0736,1.8858,9.094,0.0918,4.2609,0.786,15.3882,양품
27.7155,-0.0075,27.8607,0.038,-5147.25,62.9667,1.1212,0.7569,15.68,193.1638,4.2139,0.0332,0.894,547.3855,1.983,9.094,0.0488,4.0444,0.786,12.2845,양품
23.7864,-0.0068,49.8168,0.0447,-6485.5,63.6444,1.1615,0.0473,15.76,296.3376,4.8339,0.0292,1.026,188.0257,1.888,9.1638,0.0716,4.3231,0.7388,16.2136,양품
20.6,-0.0054,127.4827,0.0113,-5409.0,68.3333,2.7335,-0.1419,15.64,135.9764,5.5196,0.0838,1.012,296.1948,1.9937,8.9336,0.0178,5.0758,0.6925,19.4,양품
29.7509,-0.005,151.5152,0.016,-6463.0,67.4,3.7838,0.0473,15.76,300.9729,3.8059,0.0785,1.026,159.7561,1.8718,8.6667,-0.0055,3.9,0.7388,10.2491,양품
23.9945,-0.0066,66.7932,0.0397,-5301.0,63.3556,1.2862,0.0,15.74,195.3885,5.4282,0.0459,0.9082,129.2878,1.9775,9.2658,0.085,5.2102,0.771,16.0055,양품
16.7909,-0.0055,78.0045,0.0362,-5401.75,70.1667,4.0506,-0.1419,15.64,241.1602,5.6383,0.1219,1.012,93.6425,2.019,8.7495,0.0516,4.9724,0.6925,23.2091,양품
23.7136,-0.0057,68.5714,0.0471,-6470.75,64.6556,3.3618,0.0473,15.76,264.0543,5.8419,0.0794,1.026,297.0874,1.8893,10.9634,0.0603,5.3776,0.7388,16.2864,양품
18.5764,-0.004,65.2038,0.0327,-5432.75,60.2667,2.3584,0.0,15.74,73.4909,4.4137,0.0697,0.9082,322.4101,1.9748,9.2405,0.0209,4.0772,0.771,21.4236,불량
24.2918,-0.0051,136.9193,0.0389,-5856.75,62.2111,3.2679,0.0473,15.76,338.4977,6.0972,0.0694,1.026,1716.0853,1.8845,9.1638,0.0659,4.8959,0.7388,15.7082,양품
25.5127,-0.0044,77.2727,0.0151,-5657.75,64.7111,2.5561,-0.1419,15.64,196.8474,4.3933,0.0821,1.012,328.8539,1.97,9.094,0.0271,3.2554,0.6925,14.4873,양품
26.7064,-0.0062,54.6185,0.0465,-5560.75,63.9444,0.8822,0.0,15.74,63.4849,4.8126,0.0263,0.9082,329.8428,1.9817,9.2658,0.0726,3.7001,0.771,13.2936,양품
8.9136,-0.0039,93.9683,0.0373,-5474.25,65.7778,2.6914,-0.3311,15.73,143.1712,4.0809,0.091,1.087,109.1402,1.9945,10.6376,0.0599,3.8329,0.7681,31.0864,양품
8.9418,-0.0017,301.4493,0.0121,-5600.5,68.2556,2.4273,-0.1419,15.65,137.3496,5.1314,0.0863,0.9838,230.26,1.977,9.6272,0.0059,4.0049,0.7193,31.0582,양품
6.9918,-0.0057,58.1498,0.0441,-6068.75,67.1778,3.1168,-0.1419,15.64,329.3047,4.291,0.0404,1.012,1103.7634,1.779,10.0686,0.0515,3.9116,0.6925,33.0082,양품
16.6036,-0.0062,77.1084,0.0297,-5306.5,67.5778,2.1063,0.6623,15.8,176.6831,5.4277,0.0716,0.9176,249.8059,1.9827,9.6272,0.0,4.5818,0.6956,23.3964,양품
16.5255,-0.0017,243.4783,0.0397,-6030.25,63.1444,1.4219,-0.0946,15.74,233.9288,5.0727,0.0426,1.035,890.0589,1.9933,9.2405,0.0073,4.635,0.761,23.4745,양품
29.1918,-0.005,88.665,0.0162,-5653.75,65.4778,3.1533,-0.3784,15.74,394.0621,5.9941,0.101,1.021,105.56,2.0232,8.7947,0.0088,5.0146,0.7429,10.8082,양품
10.08,-0.004,82.243,0.041,-5418.25,61.8778,2.4265,0.6623,15.8,276.7303,4.9691,0.083,0.9176,511.4224,1.9705,9.0998,0.0427,3.6691,0.6956,29.92,양품
3.9055,-0.0068,61.7647,0.0164,-5641.25,61.8333,0.8325,0.7569,15.68,201.6538,4.3009,0.0248,0.894,123.6888,1.9843,9.2405,0.0288,4.0249,0.786,36.0945,양품
26.6527,-0.0059,79.661,0.0272,-5538.5,68.4333,2.856,0.3311,15.7,209.6481,7.4134,0.0883,1.272,157.5108,2.0003,8.7947,0.0268,6.3787,0.7636,13.3473,양품
17.6864,-0.0047,113.0667,0.0134,-5261.75,66.9333,3.1468,-0.0946,15.74,50.2419,5.7063,0.1021,1.035,142.3713,1.993,8.9336,0.0242,4.8705,0.761,22.3136,양품
15.0182,-0.0059,62.5793,0.0147,-5587.75,61.6778,4.5831,-0.0946,15.74,235.8679,4.593,0.145,1.035,385.1401,1.9705,9.2658,0.0033,4.1891,0.761,24.9818,양품
15.7936,-0.0056,89.6861,0.0126,-5531.5,69.3333,1.877,-0.0946,15.74,153.7495,4.0226,0.0621,1.035,262.4481,2.0303,8.7495,0.0006,3.2244,0.761,24.2064,양품
6.6636,-0.0067,44.8598,0.0446,-5456.25,67.6333,1.885,0.0,15.74,212.4068,5.0305,0.0605,0.9082,248.3967,1.9972,9.6272,0.0234,3.5428,0.771,33.3364,불량
10.2109,-0.0045,93.3333,0.0405,-5683.75,63.2778,3.2999,0.6623,15.8,107.0296,5.1929,0.0983,0.9176,257.6436,2.0173,9.1502,0.0418,4.9759,0.6956,29.7891,양품
-19.1518,-0.0056,52.0179,0.0283,-6563.75,66.0556,2.8412,,,362.3189,4.9213,0.0384,,1249.2297,1.8005,8.8388,0.0037,3.7845,,39.1518,양품
22.2164,-0.0041,104.2424,0.0167,-5559.0,63.9,2.3637,-0.0473,15.74,228.3979,4.0774,0.0792,1.097,74.6458,1.9682,9.2658,0.0389,3.2775,0.7304,17.7836,양품
25.8364,-0.007,46.9751,0.0188,-5499.75,63.3778,2.2995,0.3311,15.7,96.8642,4.7194,0.0823,1.272,242.0708,1.9685,9.2658,-0.0014,3.9885,0.7636,14.1636,양품
25.9591,-0.0093,64.1711,0.0418,-6353.5,67.6556,2.5791,0.3311,15.7,262.5432,3.7323,0.0577,1.272,55.4527,1.8835,8.6667,0.0689,3.7003,0.7636,14.0409,양품
23.8864,-0.005,83.3747,0.0395,-6599.25,63.5778,2.7716,-0.3784,15.74,327.1605,4.3832,0.0597,1.021,282.5684,1.8888,9.1638,0.0587,3.7923,0.7429,16.1136,양품
23.0364,-0.0068,56.0886,0.0369,-6413.5,67.3111,1.4266,0.3311,15.7,335.9379,5.6844,0.032,1.272,207.2768,1.8873,10.9634,0.0659,5.5304,0.7636,16.9636,양품
22.7418,-0.0062,46.9636,0.0351,-6569.5,63.8444,2.323,0.6623,15.8,285.5058,4.8832,0.053,0.9176,168.8481,1.8785,9.1638,0.0724,4.3447,0.6956,17.2582,양품
-9.2836,-0.0034,162.3188,0.0174,-6480.5,65.9556,2.4609,-0.615,15.78,271.3798,6.4762,0.0638,1.097,171.543,1.8815,9.043,-0.0065,4.6611,0.7675,29.2836,양품
-17.9336,-0.0045,103.8674,0.0237,-6364.25,65.8333,2.8756,-0.615,15.78,134.8885,6.2982,0.0605,1.097,148.1517,1.888,9.043,0.0047,5.1918,0.7675,37.9336,양품
23.5609,-0.0053,78.6885,0.0424,-6473.25,62.9667,1.9707,0.0946,15.79,315.9888,4.7793,0.0442,1.021,203.2312,1.8873,9.1638,0.0585,3.6384,0.779,16.4391,양품
-8.3127,-0.0049,77.7494,0.0178,-3293.5,64.0778,201.1827,0.0946,15.79,1763.1745,5.3704,1.7575,1.021,3904.2719,0.893,8.7487,0.023,5.094,0.779,48.3127,양품
5.3382,-0.0042,56.4706,0.0162,-1918.25,63.4889,400.0,-0.0473,15.74,1473.5,5.4647,1.483,1.097,3836.5,0.4445,9.1784,0.005,5.1323,0.7304,34.6618,양품
23.8745,-0.0046,110.5691,0.0219,-5478.25,62.9889,3.8452,0.6623,15.8,123.3653,5.2167,0.1173,0.9176,257.241,1.964,9.0998,-0.038,5.1518,0.6956,16.1255,양품
27.3427,-0.0071,85.7645,0.0135,-6472.5,68.0444,3.443,0.3311,15.7,294.9445,3.665,0.0774,1.272,100.9042,1.8952,8.6667,-0.0303,2.8514,0.7636,12.6573,양품
17.3018,-0.0057,116.5563,0.0129,-6235.25,63.0,2.9109,0.0946,15.68,130.4745,5.4289,0.0904,1.021,1471.1575,1.993,9.2405,0.0267,5.0376,0.7453,22.6982,양품
26.2655,-0.007,58.5714,0.0324,-6449.75,66.2222,3.1376,0.1892,15.78,303.1274,6.0744,0.0783,1.371,218.355,1.8915,8.7947,0.0549,5.0818,0.7678,13.7345,양품
-21.2055,-0.0073,54.8885,0.0316,-6169.5,65.3222,1.055,0.0946,15.79,328.0132,4.8407,0.015,1.021,973.3559,1.7675,8.755,0.0198,3.8586,0.779,41.2055,양품
-7.5382,-0.0071,66.4311,0.0236,-5550.5,65.0444,1.7158,0.1892,15.78,182.7993,4.7816,0.0564,1.371,207.8565,2.013,9.043,0.0222,4.7993,0.7678,27.5382,양품
4.3109,-0.0037,126.5993,0.0266,-5448.5,64.0,0.4551,-0.0946,15.74,62.3779,6.32,0.0137,1.035,183.4966,1.975,8.8741,-0.0319,5.5949,0.761,15.6891,양품
29.1164,-0.0056,66.5169,0.0208,-6352.0,66.7111,0.9822,0.6623,15.8,334.6431,4.594,0.0241,0.9176,247.8266,1.9033,10.9634,-0.0329,3.6007,0.6956,10.8836,양품
15.8609,-0.0043,86.8035,0.019,-5098.25,67.9778,0.9929,0.0946,15.68,181.9292,3.9193,0.0309,1.021,845.2847,2.0083,8.7599,0.0198,3.3584,0.7453,24.1391,양품
26.7745,-0.006,68.7631,0.0371,-6362.5,65.8,2.3334,0.6623,15.8,247.4448,4.422,0.0555,0.9176,79.3662,1.9012,8.6667,0.0577,4.1284,0.6956,13.2255,불량
-3.2509,-0.0043,142.6901,0.0272,-6290.25,70.2444,0.6413,0.0946,15.79,326.1966,4.8207,0.0149,1.021,87.3284,1.8942,8.6309,0.0025,4.0524,0.779,23.2509,양품
0.2309,-0.0054,65.1163,0.0288,-5389.25,61.2222,2.4078,0.6623,15.8,174.9026,5.0611,0.0717,0.9176,249.2861,1.9718,9.1502,-0.0101,4.0849,0.6956,19.7691,양품
26.4509,-0.0057,98.0306,0.023,-6538.75,63.9,1.6739,-0.0473,15.74,345.8902,4.8377,0.0384,1.097,243.0574,1.8808,9.1638,0.0275,4.1104,0.7304,13.5491,불량
-12.1527,-0.0043,141.0405,0.0132,-6349.5,69.0111,3.5562,-0.0946,15.77,207.906,4.4012,0.0924,1.097,254.4884,1.8818,8.6309,-0.0111,4.2958,0.7598,32.1527,불량
-1.5664,-0.0049,117.2237,0.052,-5599.5,71.1222,3.7038,0.1419,15.8,54.6588,5.7831,0.1115,0.8893,247.4975,1.9922,9.2436,0.0411,5.7209,0.8434,41.5664,양품
14.6455,-0.0056,97.7778,0.0423,-5645.25,68.8556,1.3019,0.7569,15.73,113.9985,5.337,0.0417,0.9744,554.631,2.008,8.3754,0.0456,4.7247,0.83,25.3545,양품
9.6745,-0.0014,289.6552,0.0421,-5447.75,63.2556,2.2068,0.1419,15.8,158.1442,5.585,0.0648,0.8893,261.0037,1.9783,9.0998,0.0273,4.8861,0.8434,30.3255,양품
9.8418,-0.0054,68.046,0.0411,-5501.0,67.6333,1.5931,0.7569,15.73,70.6258,4.8314,0.0575,0.9744,273.675,1.9903,8.3754,0.034,4.7051,0.83,30.1582,양품
-5.8682,-0.0065,79.5411,0.032,-4228.0,63.3889,134.6224,-0.3784,15.74,1369.1151,4.7371,1.5519,1.021,2826.3162,1.326,8.755,0.0102,3.7251,0.7429,25.8682,양품
-12.1373,-0.0061,63.8037,0.0229,-5645.5,65.3556,4.4107,0.7569,15.73,115.9094,6.3078,0.164,0.9744,524.1084,2.009,9.043,-0.004,4.8791,0.83,32.1373,양품
12.8364,-0.0054,81.106,0.0336,-5596.5,69.8778,1.7248,0.7569,15.73,237.7351,4.6985,0.0593,0.9744,584.9732,2.0055,8.7599,0.0211,4.6781,0.83,27.1636,양품
9.4982,-0.0045,61.5385,0.0132,-5750.0,68.3444,2.4132,0.2365,15.79,178.3524,3.9338,0.0935,0.9933,484.5596,2.0215,8.3754,0.0178,3.6954,0.8374,30.5018,양품
2.5827,-0.0061,111.7043,0.0404,-5384.25,70.1889,1.6498,0.1419,15.8,161.1653,5.2221,0.0507,0.8893,359.4694,1.9977,9.4832,0.0307,4.4314,0.8434,37.4173,불량
15.1073,-0.0065,93.8462,0.0131,-5581.0,70.4,1.8731,0.2365,15.79,111.6796,5.0504,0.0605,0.9933,90.4986,2.0133,8.3754,-0.0016,4.5124,0.8374,24.8927,양품
4.4282,-0.0066,74.1021,0.0335,-6063.0,69.3222,5.3468,0.0,15.77,749.4569,4.5434,0.1594,0.9271,1110.1144,1.9905,9.4832,0.0523,4.1404,0.8764,35.5718,불량
17.7927,-0.0022,205.5866,0.0317,-5508.75,61.3222,1.853,0.0,15.77,199.9056,6.2823,0.0597,0.9271,357.167,1.9865,9.2405,0.0336,5.6346,0.8764,22.2073,양품
22.7927,-0.0051,147.4201,0.0352,-5707.5,63.3778,2.4525,0.0,15.77,177.2388,5.4789,0.0778,0.9271,540.2422,1.9772,9.0998,0.0423,4.6448,0.8764,17.2073,양품
4.6609,-0.0043,136.0231,0.0386,-5073.25,65.5111,134.174,0.1419,15.8,1593.2287,5.8307,1.4539,0.8893,3616.6944,1.3408,8.7487,0.0747,4.697,0.8434,35.3391,양품
26.0509,-0.0029,160.0,0.0211,-6377.5,65.3111,3.4255,0.0,15.77,255.9323,4.2122,0.0781,0.9271,193.3055,1.8877,8.6667,0.053,4.1238,0.8764,13.9491,양품
17.1673,-0.0022,113.6364,0.0345,-5535.25,62.7444,1.6872,-0.0946,15.83,260.2006,6.4075,0.0606,1.163,189.1197,1.998,9.2405,0.03,4.8866,0.7536,22.8327,양품
27.7282,-0.0019,252.6316,0.039,-6425.0,65.8444,0.4479,-0.0946,15.83,249.4701,4.5623,0.0115,1.163,258.6877,1.891,8.6667,0.037,4.2769,0.7536,12.2718,양품
-13.1245,-0.0052,126.9231,0.0137,-6274.75,67.8222,4.0941,0.0,15.77,259.7709,3.7293,0.0893,0.9271,146.5159,1.8947,8.6309,-0.0357,3.3687,0.8764,33.1245,양품
-10.8745,-0.0043,41.6185,0.0155,-5529.25,63.3111,1.3898,0.1419,15.8,1402.906,5.0754,0.041,0.8893,115.5058,1.9773,8.8945,0.0225,4.8493,0.8434,30.8745,양품
-13.3573,-0.0059,84.5666,0.0129,-5442.25,68.1556,1.2138,-0.0946,15.83,147.613,5.0243,0.0392,1.163,132.9997,2.0183,8.6309,-0.0016,4.4506,0.7536,33.3573,양품
-2.2809,-0.0052,89.3204,0.014,-6149.25,68.0444,2.7485,0.0,15.77,231.3185,4.1319,0.0604,0.9271,189.4789,1.901,9.8481,-0.0006,3.721,0.8764,22.2809,양품
4.9745,-0.0062,65.996,0.0344,-5664.0,62.7889,1.4168,0.7569,15.73,261.0139,6.13,0.0461,0.9744,283.9413,1.9855,9.0998,0.0244,4.6176,0.83,35.0255,불량
0.3764,-0.0052,69.0647,0.0203,-5527.0,69.9333,2.2324,0.1419,15.8,88.6153,5.3784,0.0796,0.8893,209.1746,2.0035,8.6309,0.0107,5.0282,0.8434,19.6236,양품
27.4136,-0.0048,77.6903,0.0329,-5376.25,63.7889,4.4856,0.0,15.77,259.3548,6.987,0.1608,0.9271,181.9586,1.9697,9.0998,0.0335,6.4966,0.8764,12.5864,불량
-10.1291,-0.0047,86.7725,0.0324,-2595.0,65.5778,203.7724,0.0946,15.79,1720.71,4.313,1.8066,1.021,3064.7451,0.888,8.8249,0.0419,4.3677,0.779,30.1291,양품
-11.4709,-0.0037,202.7397,0.0242,-6355.25,68.9444,0.5372,-0.0946,15.83,247.4582,5.4805,0.0111,1.163,142.205,1.8885,9.8481,-0.0036,4.6092,0.7536,31.4709,양품
3.8964,-0.0054,64.9652,0.0311,-4592.0,67.8,1.2677,0.1419,15.66,274.5621,4.9096,0.0394,0.9318,1128.7695,1.9918,8.6942,-0.0036,3.861,0.7454,16.1036,양품
12.8982,-0.0047,74.6667,0.0341,-1480.75,61.3333,400.0,0.2365,15.79,1219.0,5.4567,1.5305,0.9933,2961.5,0.4385,9.2007,0.06,4.9009,0.8374,27.1018,불량
0.4836,-0.0018,126.8966,0.0413,-5753.5,65.5889,1.9431,0.7569,15.73,121.2903,5.4037,0.0642,0.9744,334.0245,1.991,8.6324,0.0545,4.4528,0.83,39.5164,양품
12.3073,-0.0049,123.5443,0.0305,-5345.0,64.1333,2.8526,0.1419,15.8,170.5696,5.5162,0.0838,0.8893,112.9926,2.0057,9.1502,0.0232,4.9507,0.8434,27.6927,불량
21.7573,-0.0054,171.1628,0.011,-7150.25,63.1333,0.6279,0.1419,15.8,238.9742,5.5,0.0128,0.8893,790.6033,1.8827,9.094,0.008,4.6713,0.8434,18.2427,불량
10.0236,-0.0062,60.1626,0.0289,-5500.0,66.7,1.7344,-0.1892,15.72,127.3172,5.3995,0.0587,1.168,268.5542,1.999,8.5155,0.0213,4.9572,0.7138,29.9764,양품
8.0636,-0.0067,56.7164,0.0244,-4781.5,67.7222,2.5226,-0.1892,15.72,165.135,4.4058,0.081,1.168,1576.859,2.0265,8.872,0.0055,3.8012,0.7138,31.9364,양품
2.0427,-0.0055,101.8182,0.0316,-5336.5,63.7556,1.1471,-0.1892,15.72,66.7651,5.3712,0.0375,1.168,192.5141,1.9995,9.2362,0.0187,5.1159,0.7138,37.9573,양품
17.4,-0.0046,157.377,0.0256,-6112.25,67.4,2.3005,-0.1419,15.77,149.4222,4.9574,0.0734,1.172,1163.8074,1.9995,8.8287,0.0293,4.8931,0.7085,22.6,양품
3.28,-0.004,160.4938,0.0224,-5646.5,64.7333,3.3196,-0.1892,15.72,295.3093,4.9891,0.1151,1.168,112.5152,1.992,8.6324,0.0097,4.2777,0.7138,36.72,양품
9.2527,-0.006,95.5975,0.0244,-3345.75,66.5444,202.4845,-0.1419,15.64,1636.5537,3.9714,1.7664,1.012,3933.755,0.885,8.6942,0.0128,4.0153,0.6925,10.7473,양품
-17.3591,-0.0084,33.383,0.0325,-2668.5,64.7889,204.9874,0.0482,15.8,1833.8209,4.5489,1.7259,1.459,3095.8546,0.8855,8.8249,0.0013,4.3979,0.6955,37.3591,양품
-9.4964,-0.0032,86.8217,0.0173,-6377.0,64.9,3.735,0.0482,15.8,259.8339,4.9675,0.0838,1.459,163.0951,1.8818,9.043,-0.0073,4.896,0.6955,29.4964,양품
-7.9627,-0.0057,124.5614,0.0135,-5440.25,65.4444,2.0047,0.0482,15.8,236.6523,3.8465,0.07,1.459,210.8876,1.9755,8.8945,0.0194,3.2978,0.6955,27.9627,양품
1.1173,-0.0054,150.8046,0.0268,-5485.0,62.8778,2.7643,0.0482,15.8,231.9847,5.8851,0.0832,1.459,285.3781,1.9552,9.0998,0.0183,5.128,0.6955,38.8827,양품
8.3918,-0.0058,68.6695,0.0108,-5394.0,67.7333,3.5969,-0.0946,15.74,247.7531,5.9989,0.1095,0.8798,421.7851,1.993,8.5155,-0.0021,5.8399,0.8487,31.6082,양품
-15.5318,-0.0039,167.2026,0.0138,-5490.0,63.9889,1.9648,0.1892,15.71,173.0402,5.7133,0.0653,1.314,334.372,1.9723,8.8945,-0.0243,4.3289,0.6489,35.5318,양품
9.6564,-0.0072,37.5,0.0311,-6886.25,62.6778,3.482,0.7096,15.8,395.5261,6.1242,0.0808,1.087,849.4368,1.8895,9.219,0.0239,5.2887,0.806,30.3436,양품
13.7,-0.0065,68.0851,0.0298,-5487.0,69.9,1.6667,0.1892,15.88,332.7692,7.0901,0.0505,1.753,197.8501,2.0057,8.5218,0.008,5.5292,0.6926,26.3,양품
6.5191,-0.0055,70.7483,0.021,-6368.75,67.5667,3.5549,-0.1892,15.93,325.4443,5.1286,0.0889,1.39,101.7296,1.8878,8.828,0.0217,4.8394,0.6492,13.4809,양품
5.3118,-0.0051,68.6275,0.022,-5619.5,67.4222,1.3398,-0.1892,15.93,299.0847,5.145,0.0449,1.39,396.3992,2.0068,9.2281,-0.0096,4.773,0.6492,14.6882,양품
7.7745,-0.0047,106.383,0.0231,-6329.25,64.0333,2.9878,-0.1892,15.93,309.8015,5.3347,0.0693,1.39,137.0654,1.8982,9.2655,0.0387,4.8358,0.6492,32.2255,양품
23.9018,-0.0075,106.136,0.0318,-5466.5,69.3778,1.6404,0.0,15.91,59.8247,7.5297,0.0544,0.8987,498.2372,2.02,8.8287,0.0195,6.5466,0.8123,16.0982,양품
-0.3327,-0.0035,103.5971,0.0265,-5561.75,66.5778,2.5889,0.0946,15.87,113.5646,5.1327,0.0838,0.8514,301.8447,2.0177,8.8513,-0.0092,5.0055,0.8115,20.3327,양품
20.7782,-0.0067,81.6327,0.0281,-5440.75,69.6111,2.2135,0.0,15.91,161.1356,6.0295,0.0676,0.8987,549.2828,2.0075,8.5218,0.0208,5.6313,0.8123,19.2218,양품
24.26,-0.0039,125.2396,0.015,-5426.75,67.6556,3.1434,0.3784,15.91,895.1318,6.0407,0.0984,0.894,345.3572,1.9875,8.5218,-0.0041,4.945,0.8269,15.74,양품
6.7073,-0.0053,90.9953,0.0232,-5635.5,66.2556,1.5186,0.0946,15.87,261.4281,5.4263,0.052,0.8514,224.9126,2.0032,8.5266,0.0094,4.986,0.8115,13.2927,양품
29.7264,-0.0052,65.3846,0.0292,-5794.25,68.0,1.2814,0.0,15.91,360.8481,6.1614,0.0422,0.8987,67.9675,1.9885,9.7484,0.0371,6.0978,0.8123,10.2736,양품
11.4855,-0.0067,62.3377,0.0268,-5972.75,68.8111,4.7692,0.5677,15.96,183.7281,6.2639,0.1488,1.187,383.3305,1.9815,8.5155,0.0098,5.5242,0.838,28.5145,양품
28.3127,-0.0037,175.3425,0.0342,-5550.75,69.9222,2.8182,0.5677,15.96,91.7292,5.9969,0.0992,1.187,160.4211,1.9537,8.8287,-0.0099,5.0808,0.838,11.6873,양품
13.7255,-0.0056,92.6503,0.0285,-5503.5,66.1222,3.8107,0.5677,15.96,116.8204,4.6523,0.1222,1.187,96.0642,1.9972,8.6324,0.0399,4.4634,0.838,26.2745,양품
18.8673,-0.0066,37.594,0.0299,-6345.75,66.2778,6.3226,0.5677,15.96,258.2187,6.6952,0.1389,1.187,117.9898,1.8895,9.5642,0.0144,5.7307,0.838,21.1327,양품
5.5782,-0.0048,75.5906,0.0329,-6434.75,70.5333,1.9718,0.5677,15.96,256.6203,6.0111,0.0473,1.187,198.8674,1.9065,8.6406,0.064,4.9109,0.838,14.4218,양품
25.5282,-0.0067,65.3061,0.0232,-6511.5,70.9778,3.1693,0.0,15.91,332.6029,5.0178,0.0718,0.8987,201.0133,1.8875,9.3998,0.0009,4.248,0.8123,14.4718,불량
5.9945,-0.0002,0.0,0.02,-6403.75,68.1778,4.4166,1.608,15.83,308.4773,6.5219,0.1007,1.035,214.3523,1.8988,8.8513,0.0123,5.6201,0.7987,14.0055,양품
2.7764,-0.0007,0.0,0.0192,-5407.75,68.3222,1.048,1.608,15.83,177.1826,6.4494,0.0335,1.035,231.147,2.0082,8.5266,0.0027,6.2817,0.7987,17.2236,양품
2.6173,-0.0054,68.8372,0.0214,-5617.5,69.2,2.753,1.608,15.83,227.3192,5.068,0.1033,1.035,194.6561,1.995,8.8513,0.0395,4.7118,0.7987,17.3827,양품
20.8336,-0.0048,98.9474,0.025,-6057.25,69.0667,3.1548,0.5677,15.96,260.7016,5.3134,0.1226,1.187,969.1761,1.9655,8.5218,0.0385,5.1331,0.838,19.1664,불량
27.3,-0.0059,111.3924,0.0116,-6448.0,61.7222,3.3491,0.7569,15.83,299.8504,5.4985,0.0806,0.9744,180.394,1.8935,9.3998,-0.0086,4.6515,0.823,12.7,양품
5.4191,-0.0092,44.3243,0.0304,-6508.5,70.9556,4.9402,0.7569,15.83,298.4376,6.3502,0.1083,0.9744,102.7116,1.8973,8.6406,-0.0001,5.5533,0.823,14.5809,양품
5.9136,-0.0087,57.4713,0.0297,-5771.25,67.6667,1.1958,0.7569,15.83,189.9129,6.8395,0.0432,0.9744,1050.1014,1.986,9.2281,-0.0041,6.0964,0.823,14.0864,양품
5.3782,-0.0095,34.7826,0.0326,-6401.75,70.0444,4.204,0.7569,15.83,377.7701,6.272,0.0911,0.9744,142.673,1.896,8.6406,0.0096,4.8499,0.823,14.6218,양품
-11.2309,-0.0086,87.2093,0.0267,-5076.25,62.5111,5.3936,0.7569,15.83,1841.666,5.2961,0.1774,0.9744,317.2605,1.984,9.2171,-0.0009,4.2362,0.823,31.2309,양품
-1.8473,-0.0049,108.9974,0.0249,-5518.0,67.2333,2.366,0.0,15.83,110.4125,6.1053,0.0731,1.002,244.0669,2.0115,8.7879,0.0354,5.1514,0.8187,41.8473,양품
25.43,-0.0067,46.1825,0.0129,-6308.5,68.9,3.4928,0.0,15.83,286.2464,5.6444,0.0879,1.002,213.6734,1.893,8.8287,0.0132,4.8995,0.8187,14.57,양품
15.4555,-0.0067,52.4345,0.0143,-6153.5,67.9667,2.6707,0.7569,15.83,67.7003,5.8376,0.0855,0.9744,956.0103,2.0038,8.5155,0.0011,5.6925,0.823,24.5445,양품
0.7582,-0.0091,61.3699,0.0273,-5511.75,61.5778,6.4737,0.7569,15.83,118.317,5.6836,0.1975,0.9744,397.4455,1.9835,9.219,0.0147,5.1218,0.823,19.2418,불량
-12.0473,-0.0055,99.5475,0.0251,-6417.25,65.1333,3.6177,0.0,15.83,322.4194,8.8849,0.0831,1.002,255.6748,1.894,8.5177,0.0351,7.2075,0.8187,32.0473,양품
-10.2673,-0.0052,57.4163,0.0204,-6483.25,67.5889,2.4286,0.0,15.83,344.7211,7.7594,0.0508,1.002,200.711,1.8878,8.5177,0.0107,7.6656,0.8187,30.2673,양품
1.1591,-0.0099,56.6372,0.024,-6480.25,63.9222,0.8541,-0.2838,15.82,207.3491,5.1284,0.0185,1.092,227.1319,1.8758,9.2171,-0.0079,5.0952,0.758,18.8409,양품
-11.8245,-0.0083,49.1018,0.0251,-5426.25,62.9889,2.8186,-0.2838,15.82,301.5409,4.6801,0.0949,1.092,523.042,2.004,9.2171,-0.008,4.1601,0.758,31.8245,불량
8.4236,-0.0042,132.5301,0.0347,-5505.5,67.2222,2.0918,1.608,15.83,109.4608,5.5239,0.0641,1.035,131.5966,1.9985,8.6013,0.0574,5.2108,0.7987,31.5764,불량
18.6045,-0.0061,73.6196,0.0173,-5584.5,65.8222,2.4208,0.0,15.73,148.7982,5.3069,0.0832,1.04,332.5041,1.9885,8.6013,0.0025,5.0649,0.799,21.3955,양품
8.9764,-0.0035,129.4964,0.0387,-6375.0,66.8556,3.6825,0.0,15.91,298.8516,5.8925,0.0814,0.8987,210.955,1.893,8.6013,0.0561,5.6485,0.8123,31.0236,불량
0.7218,-0.0103,56.1743,0.0238,-5465.0,63.4889,2.5492,-0.5677,15.9,55.4437,5.5683,0.093,1.172,456.7173,2.033,9.2171,0.0201,5.1351,0.7025,19.2782,양품
-1.42,-0.0013,400.0,0.0119,-4970.75,67.7111,3.1692,0.0,15.88,160.6266,6.2946,0.0985,1.097,1277.4194,1.9963,9.2281,0.0108,6.3019,0.7021,21.42,불량
9.2082,-0.0042,149.1124,0.0375,-5181.5,65.6778,1.6097,0.7569,15.83,415.786,7.1479,0.0488,0.9744,454.6841,2.0023,8.6013,0.057,5.5523,0.823,30.7918,불량
12.1609,-0.007,60.1073,0.0325,-6351.5,68.8222,1.9993,0.0,15.73,255.0743,5.7847,0.0424,1.04,141.2291,1.8893,8.6013,0.0471,5.6171,0.799,27.8391,양품
8.5273,-0.0078,37.299,0.0263,-5230.25,69.4333,3.8968,0.0,15.83,186.0043,5.9026,0.1315,1.002,632.3176,1.988,8.8287,0.0234,5.8461,0.8187,31.4727,불량
17.1745,-0.0066,46.7043,0.0394,-6393.25,67.9,3.6924,0.0,15.83,254.9157,5.081,0.0789,1.002,208.4137,1.8902,8.5788,0.0199,4.4817,0.8187,22.8255,불량
5.7855,-0.0072,56.9444,0.0175,-5367.75,69.6778,2.2503,-0.2838,15.82,109.8529,6.8729,0.0758,1.092,406.1546,1.9832,8.536,0.0184,5.9611,0.758,14.2145,양품
14.4382,-0.0091,73.5254,0.0222,-6356.0,66.2778,1.9079,-0.4258,15.9,267.7791,5.2764,0.0415,1.191,324.3116,1.8805,8.5952,-0.0268,4.6117,0.7423,25.5618,양품
11.6964,-0.0034,143.2836,0.0321,-5175.5,69.8333,2.4523,-0.5677,15.9,151.1908,6.0657,0.0744,1.172,214.8278,1.9988,8.6527,0.0127,5.2575,0.7025,28.3036,양품
18.0545,-0.0013,439.2157,0.0134,-4992.0,69.7889,1.8078,-0.5677,15.9,1594.0159,5.2245,0.0602,1.172,533.7271,1.999,8.6829,0.01,5.4422,0.7025,21.9455,양품
20.7055,-0.0097,39.0746,0.0298,-6834.5,68.5667,2.4697,-0.4258,15.9,148.8276,7.2747,0.0556,1.191,846.0475,1.8952,9.1757,0.0009,5.5511,0.7423,19.2945,양품
1.1273,-0.0088,43.3666,0.0315,-6353.75,61.0667,1.5975,-0.5677,15.79,274.4113,5.2077,0.0353,1.21,171.6787,1.9037,9.2171,0.0121,4.8566,0.6887,18.8727,양품
16.4073,-0.0041,124.3902,0.0411,-6425.5,71.7222,1.9037,-0.5677,15.9,316.2346,6.7371,0.045,1.172,170.7913,1.892,8.6829,0.0497,6.2174,0.7025,23.5927,양품
5.4018,-0.0098,94.6565,0.0146,-6565.5,70.4444,1.3625,-0.5677,15.79,342.1797,6.1648,0.0324,1.21,104.2385,1.8785,8.6406,-0.0173,5.7446,0.6887,14.5982,양품
26.8609,-0.0098,43.7659,0.0162,-5291.5,66.6889,1.4842,-0.5677,15.79,280.3859,5.689,0.0477,1.21,224.515,2.0232,8.6211,0.0099,4.9701,0.6887,13.1391,양품
23.7709,-0.0115,47.8261,0.0968,-5521.25,64.0333,0.6445,-0.2838,15.82,150.3604,6.8046,0.025,1.092,207.882,2.0152,9.2655,-0.0244,5.5291,0.758,16.2291,양품
-0.84,-0.0067,60.0375,0.0235,-6346.0,68.4222,2.3883,-0.5677,15.9,284.5224,6.9261,0.0523,1.172,155.0849,1.8978,8.828,0.0295,5.5113,0.7025,20.84,양품
25.4264,-0.0076,57.7049,0.014,-5213.75,69.0556,2.8645,-0.5677,15.79,108.3036,5.4919,0.0873,1.21,637.3353,2.035,8.5155,0.0157,4.7979,0.6887,14.5736,양품
26.6136,-0.0097,45.478,0.0329,-6454.5,71.2444,2.0162,-0.3784,15.92,283.7973,5.5287,0.046,1.267,127.9336,1.8835,9.3998,0.0217,4.6504,0.7463,13.3864,양품
-6.5391,-0.0089,33.7079,0.0236,-5532.5,69.3778,5.6363,-0.4258,15.9,163.3082,6.6604,0.1771,1.191,373.368,1.9755,8.536,-0.0237,5.5542,0.7423,26.5391,양품
0.1518,-0.0107,47.5524,0.0239,-5064.0,67.1778,1.7278,-0.3784,15.92,303.4956,8.5149,0.0688,1.267,954.5156,1.996,9.5713,0.0011,7.2623,0.7463,19.8482,양품
2.8245,-0.01,36.0,0.0205,-6273.5,68.2,3.1741,-0.4258,15.9,314.4406,7.7646,0.0768,1.191,167.7905,1.8878,9.5713,-0.0023,8.4639,0.7423,17.1755,양품
12.1818,-0.0079,87.8981,0.0312,-6267.75,70.1222,2.8495,-0.5677,15.79,307.8966,5.8436,0.068,1.21,278.8564,1.883,8.531,0.0365,5.0616,0.6887,27.8182,양품
19.5609,-0.0074,63.621,0.0243,-6426.5,70.5111,3.072,-0.4258,15.87,318.0115,5.0632,0.0635,1.168,180.4263,1.8797,9.4832,0.0048,4.6645,0.7135,20.4391,양품
-1.1609,-0.0094,73.6,0.0291,-5284.75,68.1556,2.5776,-0.5677,15.79,215.0262,8.134,0.0809,1.21,129.9548,1.9868,8.9416,0.0166,5.8909,0.6887,21.1609,양품
18.63,-0.0096,85.8639,0.0221,-6267.75,62.9556,4.0517,-0.4258,15.9,253.5999,5.8716,0.0935,1.191,40.4259,1.9053,9.2433,-0.0043,5.754,0.7423,21.37,양품
20.7118,-0.0093,39.8385,0.0315,-6452.5,72.9222,2.7872,-0.3784,15.92,280.5974,6.3369,0.0633,1.267,213.3893,1.8895,9.4832,0.0401,5.0574,0.7463,19.2882,양품
-11.9682,-0.0105,37.276,0.0259,-5423.0,69.3889,2.8212,-0.3784,15.92,106.5911,6.2281,0.0881,1.267,223.4055,1.998,8.5218,0.0018,4.7214,0.7463,31.9682,양품
16.8445,-0.0107,57.9439,0.0151,-6198.5,63.9778,2.5117,-0.9934,15.89,285.201,5.6722,0.0586,1.267,199.8157,1.916,9.2655,0.0023,4.8776,0.6764,23.1555,양품
14.0382,-0.0084,30.9524,0.0298,-5711.0,66.5444,4.2976,-0.3784,15.92,1490.9418,7.6137,0.14,1.267,311.4814,2.0155,8.5952,0.04,5.5045,0.7463,25.9618,양품
28.4009,-0.0104,41.4458,0.0263,-5657.5,63.7778,1.7515,-0.5677,15.79,348.7476,6.6127,0.041,1.21,1722.7622,1.886,9.5642,0.0142,5.5773,0.6887,11.5991,양품
22.1827,-0.008,64.7975,0.0331,-6528.5,68.2,6.5375,-0.9934,15.89,164.6633,5.2143,0.1375,1.267,424.2047,1.8877,8.5405,-0.021,5.1459,0.6764,17.8173,양품
9.1882,-0.0086,45.152,0.014,-6363.0,63.0556,2.665,-0.3784,15.92,236.4501,6.9848,0.0569,1.267,143.2271,1.8893,9.5642,0.0273,5.9519,0.7463,30.8118,양품
1.5018,-0.0075,61.4357,0.0247,-6334.25,67.4556,3.3215,-0.9934,15.89,322.409,6.0561,0.0769,1.267,120.8674,1.8987,9.5713,-0.005,6.267,0.6764,18.4982,양품
16.0155,-0.0081,54.0707,0.0263,-6431.75,68.1556,4.662,-0.9934,15.89,270.2522,6.3346,0.0971,1.267,229.2181,1.8763,9.4043,0.0202,5.7966,0.6764,23.9845,불량
2.5027,-0.0095,32.7177,0.0187,-5410.0,67.4222,3.9893,-0.9934,15.89,489.6832,6.7768,0.1346,1.267,387.6123,1.9998,9.5713,0.0196,5.9956,0.6764,17.4973,양품
87.0391,-0.0084,59.4354,0.0134,-5677.5,68.0444,2.5427,-0.3784,15.92,245.3316,5.4855,0.0902,1.267,379.0712,2.0337,9.1757,0.0408,4.31,0.7463,32.896,양품
0.7591,-0.0062,56.6802,0.025,-5848.5,69.9222,1.7908,-0.3784,15.92,168.1378,5.9401,0.0628,1.267,445.972,2.0257,8.828,0.0081,5.1517,0.7463,19.2409,양품
9.8782,-0.0077,60.8414,0.0242,-5392.25,66.6889,2.2606,-0.9934,15.89,267.6781,5.2386,0.0722,1.267,562.8856,2.0088,8.6211,0.021,4.8903,0.6764,30.1218,불량
15.6791,-0.0101,40.4938,0.0145,-6350.5,68.5444,2.549,-0.0473,15.82,271.2961,6.4183,0.0537,1.366,217.1658,1.9058,8.5788,-0.022,5.4812,0.6785,24.3209,양품
16.2418,-0.0071,43.739,0.0293,-6277.75,67.5222,3.872,0.4258,15.85,213.6391,5.2618,0.084,1.149,154.9244,1.9095,8.5788,0.0369,4.0515,0.6909,23.7582,양품
10.3745,-0.0088,35.378,0.0135,-5421.5,63.4111,1.6337,-0.0473,15.82,79.3011,6.1148,0.0522,1.366,394.0546,2.0107,9.2655,0.0006,6.0274,0.6785,29.6255,양품
2.5045,-0.0084,71.3224,0.0257,-5316.75,68.4111,1.8972,-0.0473,15.82,222.6318,5.9336,0.0564,1.366,2077.2007,1.9845,8.9416,0.0079,5.3634,0.6785,17.4955,양품
24.14,-0.0096,32.2078,0.0187,-5242.25,67.1444,2.7301,0.4258,15.85,340.1513,5.2159,0.0907,1.149,445.5067,2.0135,9.1757,0.0121,4.9708,0.6909,15.86,불량
23.7109,-0.0105,56.9395,0.0214,-5751.5,68.1444,2.1712,-0.0946,15.85,51.7647,5.4707,0.0737,1.569,325.4346,1.9952,8.872,-0.0117,5.4025,0.6955,16.2891,양품
5.78,-0.0112,39.3296,0.034,-6459.75,69.4222,0.9077,0.0,15.9,266.5364,5.3361,0.0196,1.154,80.8512,1.9085,8.6406,0.048,4.4424,0.6383,14.22,양품
-0.18,-0.0122,48.3112,0.0332,-5328.25,63.9111,3.9357,0.0,15.9,185.9391,7.9306,0.1222,1.154,259.5899,2.0165,9.219,-0.0376,7.0539,0.6383,20.18,양품
-8.6082,-0.0104,41.3959,0.0269,-6345.0,63.3444,1.2544,-0.0946,15.85,226.7809,5.2263,0.032,1.569,137.2467,1.9065,9.2171,0.0086,4.3358,0.6955,28.6082,양품
22.7173,-0.0096,23.8651,0.0219,-5302.75,65.2556,2.9762,0.0,15.9,188.1531,6.2124,0.091,1.154,291.3147,1.993,8.7879,-0.0017,5.9382,0.6383,17.2827,양품
20.0236,-0.0096,51.2418,0.0223,-5413.0,69.6889,1.1715,-0.0946,15.85,143.7298,4.7587,0.0381,1.569,195.3237,2.0245,8.872,0.0181,4.5668,0.6955,19.9764,양품
17.9782,-0.0089,57.0629,0.0183,-5228.25,66.2556,2.1971,0.5204,15.84,224.6069,5.0783,0.0713,1.177,376.2325,2.0128,8.5218,0.0152,4.4302,0.689,22.0218,양품
17.7327,-0.0079,23.9748,0.0385,-6322.0,66.1111,3.207,-0.0946,15.85,251.7949,6.0165,0.0749,1.569,188.0745,1.898,8.6324,0.0086,5.5252,0.6955,22.2673,양품
1.3718,-0.0093,62.0321,0.0152,-6278.5,63.6111,4.1128,0.4258,15.85,248.618,5.3321,0.0895,1.149,278.9247,1.8873,9.2655,0.0161,4.8741,0.6909,38.6282,불량
2.0373,-0.0058,87.7419,0.0373,-5485.25,69.8444,1.9509,-0.0946,15.85,308.5799,7.4826,0.059,1.569,222.8069,1.98,8.6527,0.0439,7.6299,0.6955,17.9627,양품
1.4218,-0.0083,41.0876,0.0275,-5429.0,67.6222,1.8395,-0.5204,15.87,392.2559,7.5351,0.0652,1.078,552.8912,2.018,9.1757,0.0021,6.2677,0.6897,18.5782,양품
22.4382,-0.0086,48.8372,0.0176,-5278.0,68.3222,2.0323,0.4258,15.85,175.4734,6.1843,0.0639,1.149,102.8721,2.002,8.5218,-0.0048,5.8981,0.6909,17.5618,불량
14.9018,-0.0075,34.6667,0.0175,-5143.5,63.8889,1.3693,-0.5204,15.87,187.6033,5.925,0.0448,1.078,190.7677,1.9975,9.5642,0.0244,6.1278,0.6897,25.0982,양품
4.4391,-0.0128,34.375,0.0318,-6483.75,69.6778,5.8526,0.0,15.9,189.7463,6.711,0.1302,1.154,103.8408,1.8942,8.6406,0.0529,6.9208,0.6383,15.5609,양품
-15.31,-0.0051,38.9294,0.0266,-6338.75,59.9889,3.3064,-0.5677,15.9,348.9999,6.9933,0.0769,1.172,169.4016,1.8965,9.2328,-0.046,6.688,0.7025,35.31,양품
27.3227,-0.0083,34.7826,0.0207,-5486.25,66.0667,2.1294,-0.5204,15.87,466.3864,7.3823,0.0714,1.078,667.1978,1.994,9.7484,0.0413,6.6762,0.6897,12.6773,양품
2.78,-0.0069,32.1168,0.0231,-6463.25,67.4333,3.9614,,,245.3914,7.006,0.083,,139.2225,1.8912,9.2291,0.0283,6.6738,,17.22,양품
18.1782,-0.0109,38.4,0.015,-5398.5,63.4,1.6421,1.608,15.83,142.4242,5.612,0.0563,1.035,337.7548,2.039,9.219,0.0061,5.0998,0.7987,21.8218,양품
22.3736,-0.0084,69.9259,0.027,-6294.25,66.7111,3.3137,1.419,15.8,283.9413,4.8209,0.089,1.068,199.8172,1.8905,8.5405,0.0119,4.0892,0.8284,17.6264,양품
24.4791,-0.0074,71.7428,0.0146,-6380.0,62.7,5.0768,1.419,15.8,233.8269,5.8192,0.1333,1.068,144.5153,1.9027,9.2433,0.0043,5.4523,0.8284,15.5209,양품
20.7209,-0.0084,63.3782,0.0462,-6205.0,65.0,5.0101,1.419,15.8,306.4539,6.0915,0.1143,1.068,304.6134,1.8885,8.6211,0.0453,5.8089,0.8284,19.2791,양품
6.2045,-0.003,136.0996,0.0308,-6349.0,68.2,2.5352,1.419,15.8,237.0083,5.8126,0.0875,1.068,1085.9414,2.0055,8.5459,0.0671,4.8604,0.8284,13.7955,양품
6.9082,-0.0077,62.3377,0.0152,-6237.25,70.4556,4.0451,1.419,15.8,284.5119,5.71,0.0909,1.068,163.0549,1.8985,8.872,0.0006,5.4373,0.8284,33.0918,양품
23.2655,-0.0075,75.6219,0.0319,-5523.75,66.2444,3.0287,1.419,15.8,63.0945,5.4597,0.0972,1.068,427.0655,1.997,8.7879,0.0106,5.2715,0.8284,16.7345,양품
-7.8309,-0.0097,64.2487,0.0223,-5418.0,68.5444,1.1919,1.419,15.8,68.3252,7.1979,0.0417,1.068,513.038,1.9828,8.5952,-0.0011,5.7971,0.8284,27.8309,양품
0.5373,-0.0094,36.0265,0.0206,-5255.75,66.2667,1.7573,1.419,15.8,240.7286,3.7388,0.0694,1.068,157.2903,2.0223,8.536,0.0109,3.0316,0.8284,19.4627,양품
3.1136,-0.0094,50.0,0.0296,-6406.25,66.4444,3.0404,0.5204,15.84,326.798,6.8944,0.08,1.177,224.5653,1.8885,8.5405,0.0053,7.0812,0.689,36.8864,양품
25.1891,-0.0105,45.8781,0.0253,-6314.0,64.9667,6.3116,-0.5204,15.87,252.4718,4.8892,0.1324,1.078,191.7672,1.8807,8.6211,0.0172,3.9589,0.6897,14.8109,양품
1.23,-0.005,97.5124,0.0418,-5745.0,69.9556,2.5375,0.2838,15.92,196.2114,5.7926,0.0862,1.456,365.4322,1.969,8.6829,0.0572,5.897,0.716,18.77,양품
13.5955,-0.01,57.2146,0.026,-6470.0,68.9444,3.3721,0.8042,15.88,330.1842,5.889,0.0748,1.38,172.2885,1.8868,9.7484,0.0122,5.516,0.6518,26.4045,양품
-2.9273,-0.0093,38.5542,0.0622,-5324.0,69.4,1.5892,0.8042,15.88,246.6825,4.9208,0.0485,1.38,808.3114,2.0208,8.9416,0.0632,4.1992,0.6518,22.9273,양품
13.3745,-0.0086,59.4752,0.0572,-5613.5,69.4556,2.3354,0.8042,15.88,82.6131,6.003,0.0831,1.38,280.8374,1.9855,9.1757,0.04,5.6518,0.6518,26.6255,양품
27.4627,-0.01,36.8618,0.0533,-6312.25,72.8222,1.8363,0.8042,15.88,281.744,5.8049,0.0418,1.38,201.3411,1.8965,9.3998,0.0504,5.368,0.6518,12.5373,양품
4.9991,-0.0046,109.2896,0.0257,-5516.75,68.1444,1.0136,,,234.2499,5.9614,0.0352,,352.3676,1.9828,9.0622,0.0219,5.29,,15.0009,양품
1.9145,-0.0029,184.3478,0.0395,-5411.25,69.7778,2.2208,0.0,15.9,367.1753,6.9949,0.0706,1.154,226.6751,1.9995,8.8513,-0.0316,6.7268,0.6383,18.0855,양품
9.5927,-0.0072,52.4138,0.034,-5194.0,68.2556,2.3733,-0.4258,15.85,114.1782,7.0251,0.0764,1.418,208.6448,2.005,8.9416,-0.0019,5.0486,0.621,10.4073,양품
1.8182,-0.0068,39.7059,0.0216,-5742.25,66.3778,2.7292,-0.5204,15.87,212.8855,5.5382,0.0839,1.078,268.4416,2.0143,8.5266,0.027,5.5506,0.6897,18.1818,양품
22.6936,-0.0083,65.1584,0.069,-6253.5,69.9333,2.8248,0.5204,15.75,305.5121,5.3561,0.0618,1.002,221.6221,1.8887,8.531,0.0547,4.8217,0.698,17.3064,양품
19.1027,-0.0083,26.546,0.063,-5387.5,66.9778,2.8236,0.5204,15.75,187.3524,4.2466,0.0925,1.002,633.0427,1.9928,9.7484,0.0497,3.3303,0.698,20.8973,불량
3.3055,-0.0085,50.6627,0.044,-5394.75,68.5889,1.2328,-0.4258,15.85,1762.2696,6.0876,0.0427,1.418,151.8275,2.043,8.9416,0.0406,5.5885,0.621,16.6945,양품
13.6809,-0.0088,74.7875,0.0234,-5033.0,66.4556,2.5686,0.5204,15.75,230.0918,7.4121,0.0781,1.002,288.5285,1.98,8.6211,0.0128,5.779,0.698,26.3191,불량
26.9136,-0.0089,70.4895,0.02,-6404.5,71.9778,5.6806,0.5204,15.75,289.3642,6.5545,0.1348,1.002,103.7642,1.889,9.4832,-0.0153,6.2409,0.698,13.0864,양품
0.1427,-0.0062,82.5911,0.0298,-5407.75,69.2778,2.1964,0.4258,15.67,248.1711,4.5201,0.0724,1.39,459.0014,1.9992,8.9546,0.0786,4.2906,0.752,19.8573,양품
14.75,-0.0081,105.4264,0.0298,-6390.0,68.2333,3.4745,-0.2838,15.82,322.8679,6.106,0.0775,1.092,269.6294,1.8872,8.531,-0.0027,5.6106,0.758,25.25,불량
8.0955,-0.0106,33.8425,0.0799,-6383.75,67.4667,3.347,0.5204,15.75,276.5362,5.9448,0.0768,1.002,146.0762,1.8925,9.5713,0.0751,5.7015,0.698,11.9045,불량
0.8873,-0.005,60.3015,0.0521,-6280.75,70.0778,2.3295,0.8042,15.88,353.9444,6.7706,0.0527,1.38,379.831,1.8598,8.4092,0.0437,6.5754,0.6518,19.1127,양품
1.77,-0.0092,53.406,0.0316,-5624.25,69.1333,1.3823,0.2838,15.82,218.4268,5.6249,0.0439,1.314,903.8847,2.003,8.7219,0.0529,5.1168,0.6421,18.23,양품
21.1082,-0.01,47.9401,0.0619,-6266.25,66.4,2.8038,0.0,15.73,318.0508,6.6207,0.0649,1.12,272.2981,1.8815,8.6211,0.0569,6.1591,0.7931,18.8918,양품
4.6327,-0.0122,34.4615,0.0712,-5469.5,69.3222,3.6911,-0.0473,15.88,228.8442,5.6047,0.1266,1.239,149.199,1.9905,8.5266,0.0461,5.3184,0.6751,15.3673,양품
10.7709,-0.0101,43.4568,0.0532,-6308.75,65.5889,3.6439,-0.4258,15.85,229.3425,5.4104,0.0827,1.418,198.6125,1.881,8.5405,0.0314,5.2163,0.621,29.2291,양품
4.4155,-0.0081,30.6748,0.0345,-6395.5,70.5667,2.9338,0.0473,15.77,247.2286,6.9078,0.0691,1.399,227.6803,1.895,8.828,0.0253,7.3214,0.8048,15.5845,양품
4.4091,-0.007,71.1744,0.0149,-6326.25,67.2667,4.795,0.0,15.73,267.2307,5.9585,0.1155,1.12,222.6602,1.8962,8.531,-0.0118,6.0657,0.7931,15.5909,양품
-10.37,-0.0117,44.3497,0.0505,-6439.0,68.4333,3.5702,-0.0473,15.88,177.9895,5.9763,0.0789,1.239,104.2913,1.8685,8.5177,0.0276,4.9975,0.6751,30.37,양품
5.8091,-0.0086,48.6957,0.0378,,,,-0.0946,15.85,,5.3249,,1.569,,,8.7879,0.0063,4.7393,0.6955,34.1909,불량
2.0664,-0.0092,41.3605,0.033,-6316.5,69.9778,4.3526,0.2838,15.82,272.2956,5.7407,0.0956,1.314,148.4868,1.907,8.8505,0.0267,5.9463,0.6421,17.9336,양품
-0.2173,-0.014,47.8571,0.0273,-6214.5,68.6556,4.3367,0.2838,15.82,304.2448,5.4296,0.0995,1.314,271.2889,1.8953,8.8505,0.0266,5.9109,0.6421,20.2173,양품
4.97,-0.0125,73.0924,0.0339,-6330.0,69.4778,3.3275,0.2838,15.82,275.9777,5.067,0.0793,1.314,351.4494,1.8962,8.8505,0.0254,4.9762,0.6421,15.03,양품
1.4036,-0.0058,84.1202,0.0257,-6224.75,68.8444,3.9635,0.8042,15.88,288.6047,6.5322,0.0972,1.38,202.6152,1.898,8.4092,-0.0012,5.8696,0.6518,18.5964,양품
2.9536,-0.0108,18.6047,0.0237,-5504.25,69.7111,2.9881,0.0473,15.77,73.2911,5.4449,0.1032,1.399,443.6157,2.011,8.3754,0.0139,5.1086,0.8048,17.0464,양품
-0.5691,-0.0072,76.6551,0.0156,-6420.25,68.7667,4.3334,0.6623,15.73,310.6835,8.067,0.0963,0.9271,193.9182,1.8688,9.2291,-0.0095,6.3942,0.7914,20.5691,양품
5.8727,-0.0067,97.0149,0.0251,-5300.5,67.7444,1.3389,0.2838,15.92,320.3441,6.397,0.0428,1.456,211.8246,1.998,8.5266,0.0106,5.7289,0.716,14.1273,양품
14.0673,-0.0108,23.2288,0.0423,-6124.75,66.3556,3.6974,0.0,15.73,135.5089,8.3024,0.1222,1.12,1019.5595,2.009,8.5952,0.0192,5.708,0.7931,25.9327,불량
-5.6018,-0.0026,247.343,0.03,-5558.25,66.9222,1.1296,0.0,15.73,124.4267,5.5076,0.0394,1.12,227.4209,1.9945,8.3324,0.071,4.9519,0.7931,25.6018,양품
2.0009,-0.0099,59.596,0.0413,-5750.5,69.7778,2.6252,-0.2365,15.87,267.485,6.296,0.0599,1.319,1639.0022,1.8967,8.7219,0.0528,6.1596,0.7527,17.9991,양품
20.81,-0.0107,37.4269,0.0251,-5307.75,66.0222,0.964,0.0,15.73,138.7972,5.1212,0.0314,1.12,308.2903,1.9943,8.6324,0.0139,4.3202,0.7931,19.19,양품
-5.9045,-0.0119,11.8019,0.0272,-6367.0,67.3667,4.6643,0.2838,15.92,262.802,5.0939,0.115,1.456,175.3188,1.9023,9.2291,-0.0012,3.9564,0.716,25.9045,양품
-0.3264,-0.0126,19.802,0.0611,-5433.0,63.8111,1.7651,0.0,15.73,1815.0146,6.6857,0.058,1.12,305.9553,1.9888,9.5689,0.0462,6.4005,0.7931,20.3264,양품
4.3055,-0.0036,112.7148,0.0408,-5635.0,65.5556,2.2447,0.2838,15.92,191.3418,5.8235,0.0776,1.456,302.2074,2.0017,8.8513,0.0126,5.7152,0.716,15.6945,양품
5.0809,-0.0084,53.4918,0.0499,-5222.5,66.8889,2.3586,0.2365,15.85,320.5718,5.876,0.0751,1.064,313.2161,2.0017,9.7484,0.0326,4.939,0.6755,34.9191,불량
6.3364,-0.0119,22.6415,0.0592,-6310.5,70.1778,4.032,0.8042,15.88,212.0959,5.2134,0.0901,1.38,86.1414,1.9007,8.8513,0.0327,4.2968,0.6518,13.6636,양품
3.1418,-0.0103,70.8738,0.0529,-6378.5,67.5222,5.1632,0.4258,15.67,211.1761,7.3221,0.1327,1.39,139.9536,1.9005,9.2291,0.0464,6.8309,0.752,16.8582,양품
22.1027,-0.0095,60.0791,0.0379,-6401.25,71.0,3.4292,0.2365,15.85,266.0644,5.8781,0.073,1.064,250.9746,1.889,9.4832,0.0029,5.7871,0.6755,17.8973,양품
-0.8891,-0.0129,44.9612,0.0321,-5307.5,67.9111,4.2743,-0.2365,15.87,331.9783,6.7978,0.1481,1.319,300.8494,2.04,9.0859,0.0255,5.7366,0.7527,20.8891,양품
-6.8555,-0.0121,22.268,0.0159,-5436.0,60.1111,1.0813,0.6623,15.73,95.5349,6.0995,0.0351,0.9271,424.8333,2.0187,9.2328,0.0214,5.9891,0.7914,26.8555,양품
2.1473,-0.0123,49.6945,0.0287,-5487.75,59.8889,0.596,0.6623,15.73,182.8923,8.0235,0.0187,0.9271,157.7073,2.015,9.2328,0.0146,6.3763,0.7914,17.8527,양품
-8.4836,-0.005,57.4257,0.0175,-6374.75,67.7,4.0716,0.2838,15.92,256.2252,6.6714,0.0858,1.456,194.9981,1.8753,8.5177,-0.0307,6.0212,0.716,28.4836,양품
3.9382,-0.0063,94.6746,0.0308,-6363.0,67.2,2.9495,0.0,15.73,291.4893,4.6687,0.0738,1.12,175.8996,1.8873,8.4092,0.0221,3.8067,0.7931,16.0618,양품
-0.2618,-0.0079,88.8889,0.0236,-5227.0,68.1667,2.5383,0.8042,15.88,247.0592,5.9945,0.0868,1.38,661.4101,1.977,9.0622,0.0189,5.6793,0.6518,20.2618,양품
-2.7936,-0.0104,20.1198,0.057,-6457.75,68.5778,2.5078,0.0,15.73,227.3829,7.9424,0.0632,1.12,88.9771,1.9047,9.2291,0.0164,7.1525,0.7931,22.7936,양품
9.8518,-0.0038,114.2857,0.03,-5775.0,70.0556,4.1654,0.0473,15.77,671.6748,5.8239,0.1364,1.399,514.3442,1.9938,8.6829,0.0324,5.7671,0.8048,30.1482,양품
3.8936,-0.0126,72.8713,0.0493,-6295.75,67.4,1.2882,0.2365,15.85,278.3343,5.0725,0.0351,1.064,259.5514,1.898,8.8505,0.0013,4.5139,0.6755,16.1064,양품
-5.9236,-0.01,58.0726,0.044,-5319.25,67.3222,2.8806,0.7569,15.77,333.5306,4.7226,0.1058,1.182,295.2325,2.0097,8.5952,0.0227,4.2203,0.6848,25.9236,양품
4.0991,-0.0132,27.9509,0.0289,-5415.0,66.0111,4.5709,-0.2838,15.84,229.429,6.4426,0.1428,1.191,304.2707,2.0065,9.396,0.0061,5.255,0.6469,15.9009,양품
6.3436,-0.013,54.6154,0.0674,-5467.5,68.8778,5.4853,0.4258,15.67,94.838,4.8829,0.1758,1.39,404.4638,1.9903,8.5266,0.0513,4.1727,0.752,13.6564,양품
0.31,-0.009,62.0499,0.1251,-6261.75,69.1,5.3199,0.7569,15.77,399.1595,13.0958,0.1168,1.182,223.7013,1.8723,9.4043,0.0482,13.9776,0.6848,19.69,양품
28.5145,-0.0086,51.1628,0.0457,-6393.5,65.9111,1.7933,0.2365,15.85,208.6295,5.7813,0.0371,1.064,133.9714,1.8758,9.3998,0.0121,5.3046,0.6755,11.4855,불량
4.0209,-0.0111,27.991,0.0397,-5493.0,69.3556,2.6139,-0.2365,15.87,195.4465,6.7984,0.0805,1.319,378.8236,1.9962,8.5266,0.0197,6.4436,0.7527,15.9791,양품
3.2182,-0.0063,87.4751,0.0403,-6270.5,67.7667,3.0483,0.4258,15.67,244.2219,5.3185,0.0727,1.39,198.085,1.8855,8.4092,0.0379,4.1891,0.752,16.7818,양품
14.3891,-0.0105,45.6599,0.031,-6362.25,65.4889,1.5856,0.0473,15.77,306.8952,5.1885,0.0375,1.399,282.651,1.8798,9.5642,0.0012,4.7284,0.8048,25.6109,양품
6.2455,-0.0085,57.732,0.0277,-6408.75,67.4111,2.0305,0.2365,15.85,375.1999,4.9057,0.0447,1.064,65.5051,1.8923,8.8384,0.0152,4.1165,0.6755,13.7545,양품
3.7982,-0.005,83.3747,0.0364,-5120.0,71.2,2.069,0.2838,15.92,135.6085,6.2071,0.0684,1.456,94.9421,1.9497,9.1855,0.0097,5.8881,0.716,16.2018,불량
-1.9555,-0.0059,114.5263,0.0201,-6453.75,70.1889,6.9293,-0.2365,15.87,327.5997,6.114,0.1613,1.319,191.9659,1.8745,9.9964,-0.0002,4.8609,0.7527,21.9555,양품
-10.6036,-0.0089,56.4972,0.0176,-6402.75,65.5,2.1415,0.2838,15.82,274.2582,6.4455,0.0612,1.314,150.2628,1.8855,8.5405,-0.0058,4.8155,0.6421,30.6036,양품
3.88,-0.01,58.7065,0.0381,-6279.5,67.0667,3.8284,0.7569,15.77,370.0111,5.9837,0.0814,1.182,274.8691,1.8885,8.8505,0.0058,4.9565,0.6848,16.12,양품
5.7945,-0.0055,104.3478,0.0172,-5435.5,68.2889,1.9867,0.0,15.73,122.6414,6.0564,0.0682,1.12,308.3229,2.001,9.0695,-0.0119,4.4089,0.7931,14.2055,양품
0.8018,-0.0122,41.8462,0.0634,-6253.5,70.4,4.4329,0.0,15.73,243.6615,6.8803,0.0956,1.12,195.374,1.8932,8.4092,0.0444,7.0949,0.7931,19.1982,양품
10.8955,-0.0094,62.6826,0.0328,-5593.75,67.2111,1.6017,0.7569,15.77,207.1803,5.2501,0.0605,1.182,139.1818,2.0122,8.872,0.0241,5.0107,0.6848,29.1045,양품
15.2791,-0.0096,64.9215,0.0346,-5384.75,67.5889,4.8066,0.7569,15.77,424.1748,5.3828,0.1556,1.182,320.684,1.9805,9.1757,0.0154,5.631,0.6848,24.7209,양품
18.7173,-0.0087,64.0,0.0179,-6915.0,65.5444,5.7132,-0.2838,15.84,378.1493,5.5977,0.1224,1.191,865.315,1.8777,8.5788,0.0144,4.6632,0.6469,21.2827,양품
3.3955,-0.0116,57.8209,0.0158,-5468.0,67.6333,6.1536,-0.0473,15.75,123.4082,6.6343,0.193,1.239,634.942,2.0118,8.6915,-0.0026,6.7646,0.6586,16.6045,양품
0.1227,-0.0093,51.4745,0.0262,-6391.5,67.6444,5.0285,0.2365,15.85,264.5808,5.6683,0.133,1.064,110.3343,1.8932,9.5713,0.0317,5.9822,0.6755,19.8773,양품
3.5336,-0.0099,68.8608,0.0429,-5047.75,68.0444,2.711,0.7569,15.77,75.9715,5.2265,0.0886,1.182,621.6909,1.9925,8.9416,0.0273,4.7443,0.6848,16.4664,양품
-5.3355,-0.0093,74.3935,0.0347,-5448.0,70.2,4.0484,-0.0473,15.75,1880.0471,4.4363,0.1338,1.239,133.1916,1.9965,8.536,0.0233,3.806,0.6586,25.3355,양품
1.4355,-0.0095,40.8912,0.0374,-5046.25,67.1111,2.4802,0.7569,15.77,152.9278,4.4244,0.0867,1.182,615.6051,1.9867,8.9416,0.0167,4.0194,0.6848,18.5645,양품
7.3918,-0.0074,53.9629,0.0291,-4778.5,69.1111,2.7219,-0.2838,15.84,209.7848,6.5451,0.0821,1.191,1516.3695,1.9885,9.4043,0.0074,5.0935,0.6469,32.6082,양품
4.8018,-0.0092,29.3878,0.0262,-6408.25,67.8778,2.8424,-0.2838,15.84,231.1839,5.5481,0.0621,1.191,426.3953,1.8908,8.5952,0.0132,4.2234,0.6469,15.1982,양품
-7.4155,-0.0111,39.5506,0.0177,-5631.75,69.1222,2.4472,0.4258,15.67,467.047,4.5221,0.0734,1.39,792.9117,2.0112,9.4043,0.0183,3.89,0.752,27.4155,양품
0.0945,-0.0063,48.0,0.0318,-6894.25,69.3111,4.3717,-0.2838,15.76,256.6598,8.6585,0.1062,1.347,927.6154,1.8998,8.5232,0.0058,7.1544,0.6834,19.9055,양품
8.9073,-0.0078,35.7827,0.0269,-6203.25,66.6556,2.0218,-0.2838,15.76,185.007,5.6626,0.0651,1.347,925.7366,2.0083,8.6527,0.0203,4.6316,0.6834,31.0927,양품
5.0473,-0.0096,48.1046,0.0472,-4929.5,70.6444,1.3014,0.4258,15.67,103.6613,5.2693,0.0435,1.39,104.698,1.9483,9.1855,0.0183,3.7235,0.752,14.9527,불량
26.1536,-0.0075,45.2579,0.0285,-6250.25,64.7222,3.937,-0.2838,15.84,290.4771,5.4333,0.0838,1.191,105.1329,1.9108,9.2655,0.0107,4.6119,0.6469,13.8464,양품
-2.9973,-0.007,51.3369,0.0224,-6382.0,69.6889,2.5001,-0.2365,15.87,302.8183,6.4365,0.059,1.319,66.4078,1.8867,8.828,0.0245,5.5881,0.7527,22.9973,양품
-5.6473,-0.0119,26.8344,0.0252,-5226.5,68.3,1.2363,0.2365,15.85,1779.4153,7.0767,0.0402,1.064,348.2131,2.0223,8.536,0.003,5.6811,0.6755,25.6473,양품
-1.2182,-0.0064,54.3689,0.0342,-6411.75,69.0111,2.6286,-0.2365,15.87,223.7683,6.9059,0.0569,1.319,165.3227,1.8767,9.9964,0.0177,7.0208,0.7527,21.2182,양품
1.2264,-0.0124,55.0607,0.0273,-5453.5,68.1889,4.2451,-0.2838,15.76,236.1742,5.0676,0.1344,1.347,336.3862,2.0213,9.7324,0.0272,5.2036,0.6834,18.7736,양품
2.8355,-0.0107,52.3977,0.0431,-6487.25,68.5556,3.7615,-0.2838,15.84,229.9109,6.2468,0.0875,1.191,273.4464,1.8855,9.4043,0.0189,4.8948,0.6469,17.1645,양품
5.9073,-0.0047,85.7909,0.0316,-6465.0,68.3333,1.2339,-0.0473,15.75,289.3124,5.2126,0.0316,1.239,149.5393,1.8933,9.3335,0.0213,5.3542,0.6586,14.0927,양품
4.5027,-0.0057,54.0305,0.028,-5220.25,67.6778,2.5157,-0.2838,15.76,137.3132,4.6676,0.0871,1.347,292.6436,2.0088,8.6013,0.0171,4.0041,0.6834,15.4973,양품
3.2591,-0.012,49.3724,0.0264,-6400.25,65.6889,4.8186,-0.0473,15.75,296.8956,5.0992,0.1092,1.239,182.4653,1.898,8.5232,0.0087,4.7758,0.6586,16.7409,양품
4.1509,-0.0044,122.7273,0.0285,-5566.75,67.0556,2.0367,0.2365,15.85,262.1086,6.7113,0.0614,1.064,210.5823,2.006,9.0622,0.0253,5.3719,0.6755,15.8491,양품
4.4564,-0.0113,59.3577,0.0289,-5655.25,67.1889,2.7598,-0.0473,15.75,99.91,7.3424,0.0954,1.239,94.058,1.9845,8.5232,0.025,6.5285,0.6586,15.5436,양품
0.4591,-0.0052,86.9565,0.0342,-6501.5,67.7667,4.991,-0.2838,15.84,274.2669,6.0629,0.1066,1.191,143.6048,1.8662,8.5177,0.0393,5.1404,0.6469,19.5409,양품
-1.0773,-0.0106,19.8582,0.0336,-5583.25,60.0667,0.5292,-0.2838,15.84,146.7205,5.0991,0.0164,1.191,119.0221,2.001,9.2328,0.0433,4.9319,0.6469,21.0773,양품
10.9955,-0.0077,64.6204,0.0306,-5633.25,67.4889,1.1566,-0.0473,15.75,233.637,5.4651,0.0372,1.239,337.2154,2.008,8.6013,0.0194,5.1298,0.6586,29.0045,불량
2.0064,-0.0144,20.8514,0.0127,-6572.75,67.0889,3.5457,-0.2365,15.85,273.7777,7.6674,0.0853,1.035,137.4224,1.882,9.396,-0.0163,7.2078,0.8117,17.9936,양품
18.4,-0.0101,26.7658,0.0257,-6271.0,67.8889,3.4506,0.2365,15.85,272.9151,5.9202,0.0793,1.064,140.4991,1.9018,8.5405,0.0175,4.7042,0.6755,21.6,양품
0.3036,-0.0136,46.9294,0.0189,-6259.5,68.9444,2.6937,-0.2838,15.76,270.2029,7.2296,0.0643,1.347,191.9974,1.896,8.8513,-0.0081,6.0247,0.6834,19.6964,양품
22.7636,-0.0081,35.5828,0.0426,-6418.25,65.5778,4.1871,-0.2838,15.84,289.2454,6.2893,0.0871,1.191,161.6011,1.85,8.7879,0.0009,6.1918,0.6469,17.2364,양품
6.1527,-0.0129,54.8792,0.0183,-5487.25,68.6111,3.3611,-0.2365,15.85,193.55,5.7298,0.1299,1.035,309.1713,2.0015,8.6915,-0.0091,5.5372,0.8117,13.8473,양품
20.2627,-0.0083,41.9162,0.0688,-6282.5,67.3667,1.4418,0.2365,15.85,226.8794,6.5968,0.0332,1.064,135.3551,1.888,8.5405,0.061,5.1998,0.6755,19.7373,양품
-3.09,-0.0131,46.5649,0.0228,-5595.75,67.2444,3.8606,-0.2838,15.84,112.8461,6.9241,0.1384,1.191,365.0766,1.9627,8.536,0.0034,6.0557,0.6469,23.09,양품
1.9855,-0.0122,39.3443,0.0169,-5349.75,68.3889,0.7546,-0.2365,15.85,172.6683,6.5415,0.0236,1.035,111.9565,2.0025,8.659,-0.0086,6.0258,0.8117,18.0145,양품
8.3018,-0.0098,37.8517,0.0151,-5679.0,68.1778,2.9401,-0.2365,15.85,192.203,5.0896,0.0908,1.035,216.7825,2.022,8.6915,-0.0022,4.5415,0.8117,11.6982,양품
2.9964,-0.0113,51.4412,0.0164,-6449.25,59.4,4.3271,-0.0473,15.75,288.552,6.3363,0.1034,1.239,189.2219,1.8815,9.2328,-0.018,4.9952,0.6586,17.0036,양품
4.5645,-0.0072,64.1115,0.0516,-5469.75,66.3,2.9222,-0.2365,15.85,134.5619,5.5445,0.0997,1.035,425.2383,1.974,8.5232,0.0208,4.375,0.8117,15.4355,양품
1.14,-0.0131,58.891,0.0165,-5532.25,67.2778,4.0669,-0.2365,15.85,151.8706,5.426,0.1234,1.035,317.8568,1.9812,8.6439,0.0012,5.1661,0.8117,18.86,양품
8.8173,-0.0077,62.439,0.0195,-6554.75,69.6222,3.53,0.7096,15.84,299.5268,6.1079,0.0752,1.191,111.8552,1.8817,8.7851,0.0151,6.1107,0.8387,11.1827,양품
2.4345,-0.0127,20.4122,0.0169,-6489.25,66.1667,5.5864,-0.2365,15.85,236.3364,5.6802,0.1342,1.035,215.84,1.8862,9.396,-0.0146,4.2651,0.8117,17.5655,양품
-28.9882,-0.0049,174.8072,0.0362,-5563.5,65.3667,0.8208,-0.0473,15.75,196.5288,4.9531,0.0276,1.239,197.3719,1.9992,9.043,0.0235,4.5631,0.6586,48.9882,양품
6.6,-0.009,44.3213,0.0151,-6506.75,68.9444,1.6829,0.7096,15.84,218.9633,6.9622,0.039,1.191,154.8211,1.8887,8.7851,0.0028,6.4676,0.8387,13.4,양품
25.2736,-0.011,45.3515,0.03,-5142.25,68.8,3.6408,0.7096,15.84,117.0224,5.3532,0.1079,1.191,299.7448,1.9792,9.1757,-0.0047,5.0571,0.8387,14.7264,양품
-5.7182,-0.0135,49.0251,0.0144,-5282.75,71.2333,1.8245,-0.2365,15.85,188.4277,4.4785,0.0568,1.035,226.9249,1.9572,9.1855,-0.0139,5.0338,0.8117,25.7182,불량
-1.4345,-0.0127,31.4342,0.0142,-6047.0,70.0556,2.2448,-0.9461,15.88,290.6424,5.2483,0.0776,1.343,1064.3436,2.0313,8.4421,0.0262,4.9174,0.8244,21.4345,양품
-0.3327,-0.0126,73.6634,0.0173,-6336.0,69.5889,2.7377,-0.9461,15.88,323.1455,5.5199,0.064,1.343,182.3184,1.892,8.8384,0.0172,4.9736,0.8244,20.3327,양품
0.5682,-0.0122,36.7722,0.0183,-5932.0,67.8222,5.6645,-0.9461,15.88,240.5196,5.931,0.1828,1.343,930.5085,2.0377,8.7994,0.0008,6.0179,0.8244,19.4318,양품
2.9518,-0.0118,42.4178,0.0194,-5427.75,65.7111,1.954,-0.9461,15.88,271.2973,6.778,0.0666,1.343,363.3349,1.986,8.7994,0.0013,5.9578,0.8244,17.0482,양품
7.7727,-0.0099,73.0964,0.0164,-6467.25,68.7667,3.2825,-0.8042,15.85,262.9132,5.0532,0.0739,1.078,89.3882,1.8962,8.7851,-0.0016,3.8458,0.8258,12.2273,양품
2.75,-0.0088,70.4545,0.022,-6313.25,66.5333,2.1616,-0.9461,15.88,294.5522,6.0275,0.0475,1.343,186.0096,1.8935,8.6439,0.0233,5.2305,0.8244,17.25,양품
15.81,-0.0102,66.6667,0.0368,-5471.25,67.9556,1.5173,-0.9461,15.88,162.6653,5.2089,0.0472,1.343,124.189,1.9777,8.6527,0.0662,4.8008,0.8244,24.19,양품
3.4882,-0.0144,18.7013,0.0119,-5493.25,70.9556,4.8194,-0.8042,15.85,212.7367,6.9314,0.1479,1.078,368.329,1.985,8.7897,0.0214,6.5962,0.8258,16.5118,양품
1.2673,-0.0062,37.0221,0.0281,-6374.75,68.6556,2.3149,-0.8042,15.85,277.6341,4.8083,0.0526,1.078,193.0188,1.8958,9.3335,0.0663,3.9787,0.8258,18.7327,양품
4.7864,-0.0078,55.04,0.0253,-6381.5,66.7,3.002,-0.8042,15.85,199.6904,5.2236,0.0683,1.078,229.7542,1.8905,9.043,0.0495,3.6295,0.8258,15.2136,양품
14.7345,-0.009,68.0614,0.023,-5313.5,69.6556,2.863,-0.8042,15.85,173.2378,6.2457,0.1011,1.078,213.6438,2.0235,9.4043,0.005,5.5414,0.8258,25.2655,양품
-8.3955,-0.0069,59.2058,0.0392,-5474.25,59.9778,3.7591,-0.8042,15.85,444.3625,7.7567,0.1306,1.078,424.0923,2.0275,9.2328,0.0622,6.3857,0.8258,28.3955,양품
1.2209,-0.011,33.7514,0.0224,-5587.25,68.7111,2.4817,1.088,15.73,298.3771,4.7162,0.0803,0.9413,308.7398,2.0122,8.7219,0.0203,3.9773,0.8361,18.7791,양품
1.0345,-0.0123,35.6636,0.0184,-5421.5,67.5111,1.5407,1.088,15.73,203.6361,6.0188,0.0507,0.9413,111.2669,1.9963,8.6439,-0.0081,5.9079,0.8361,18.9655,양품
1.0636,-0.0109,35.6979,0.0144,-6256.5,69.8222,3.5578,1.088,15.73,259.5051,6.1948,0.0875,0.9413,179.4594,1.889,8.5987,0.026,5.1134,0.8361,18.9364,양품
1.6173,-0.013,36.0153,0.0233,-6370.75,70.0444,4.1178,1.088,15.73,237.7246,6.7145,0.1017,0.9413,91.7183,1.9007,8.4421,0.0198,5.1402,0.8361,18.3827,양품
2.4173,-0.0111,40.4949,0.0142,-5311.5,70.3889,1.3587,1.088,15.73,1712.782,4.6886,0.0434,0.9413,219.3392,1.9535,8.5987,-0.0101,4.6712,0.8361,17.5827,불량
-7.1564,-0.0089,62.7451,0.018,-6264.0,69.2444,5.3038,0.0,15.73,187.6564,4.9289,0.1151,1.248,296.9994,1.8932,8.8505,-0.0002,5.1591,0.8217,27.1564,양품
0.6991,-0.0095,84.9279,0.0237,-4750.75,66.4,4.3068,0.0,15.82,158.2032,6.9408,0.1314,1.196,610.7729,1.992,8.6915,0.0113,4.4631,0.8203,19.3009,양품
2.5964,-0.0076,66.9951,0.0222,-5879.75,68.9333,2.8284,0.0,15.73,336.6408,4.6901,0.0922,1.248,547.6218,1.9888,8.659,0.0012,4.2176,0.8217,17.4036,양품
-0.4091,-0.0075,44.1472,0.0217,-5433.25,68.2333,4.4784,0.0,15.73,358.4582,5.9835,0.1593,1.248,123.915,2.025,8.4421,0.0095,5.0571,0.8217,20.4091,양품
-5.0245,-0.003,113.3333,0.0309,-6443.5,62.9778,4.3333,1.088,15.73,255.3468,6.2162,0.0971,0.9413,157.333,1.882,9.5689,-0.0054,4.8647,0.8361,25.0245,양품
-0.7236,-0.0074,47.2973,0.0194,-5468.75,69.9111,2.1704,0.0,15.82,209.9603,5.376,0.0745,1.196,269.099,2.0068,8.7897,0.0019,5.2097,0.8203,20.7236,양품
1.9482,-0.0072,91.9861,0.0381,-5410.5,69.0111,4.2787,0.0,15.73,176.7182,5.8213,0.1304,1.248,373.2921,1.9875,8.5687,0.0324,4.7972,0.8217,38.0518,불량
1.3255,-0.0092,51.296,0.0115,-6375.75,66.8222,2.1074,0.0,15.73,381.9218,6.0309,0.0474,1.248,304.6434,1.8735,8.6915,-0.0114,4.8021,0.8217,18.6745,양품
-6.8627,-0.0121,32.3316,0.0264,-6421.0,68.3111,3.7575,-0.9461,15.88,247.319,6.3875,0.0905,1.343,169.6604,1.8915,9.3335,0.0058,5.7221,0.8244,26.8627,양품
7.0591,-0.0121,44.4902,0.0141,-6507.5,68.2222,2.0642,-0.5204,15.92,321.5561,5.0673,0.044,1.206,147.8434,1.8755,8.5251,-0.0291,4.219,0.7884,12.9409,양품
2.2118,-0.0116,67.884,0.0131,-6461.0,70.4667,4.0675,-0.5204,15.92,191.4906,6.0691,0.0945,1.206,54.4977,1.8702,8.5251,0.0144,6.0797,0.7884,17.7882,양품
7.9373,-0.0103,46.6586,0.0118,-5411.5,70.5444,2.8314,-0.5204,15.92,261.4766,5.3721,0.0939,1.206,259.8493,2.0008,8.5251,-0.0019,4.7462,0.7884,12.0627,양품
0.8745,-0.012,47.4506,0.0125,-6409.5,70.1667,3.0962,-0.5204,15.92,309.3406,5.0138,0.0706,1.206,179.862,1.8835,8.5251,0.0203,4.1826,0.7884,19.1255,양품
3.99,-0.0106,51.6432,0.0111,-5546.5,70.1556,1.5109,0.8042,15.81,132.6383,4.5588,0.0459,1.007,328.1732,1.9945,8.5251,0.0006,3.7106,0.789,16.01,양품
4.4455,-0.0096,66.8407,0.0146,-6466.25,67.0556,3.0605,-0.6623,15.74,339.2692,5.2038,0.0654,1.182,143.9708,1.883,8.6005,-0.0134,4.6604,0.6852,15.5545,양품
168.1455,-0.0096,68.75,0.013,-5430.0,68.0889,2.0005,-0.6623,15.74,66.2621,5.1021,0.0715,1.182,391.0891,2.0072,8.7994,-0.0046,4.5388,0.6852,34.17,양품
-0.2845,-0.0079,60.5678,0.0255,-5183.0,67.0444,3.2333,-0.1419,15.77,201.4504,7.4994,0.1048,1.154,146.3626,1.9852,9.2047,0.029,6.0691,0.6556,20.2845,양품
2.0609,-0.0078,77.707,0.0124,-5353.25,67.7889,2.8095,-0.1419,15.77,123.4298,6.1941,0.0897,1.154,174.8454,1.9955,,-0.0044,5.0714,0.6556,17.9391,양품
1.7373,-0.0082,53.4954,0.0269,-5763.75,67.4444,2.6822,-0.1419,15.77,238.4638,4.9065,0.0862,1.154,1144.0429,1.9805,9.7324,0.0147,4.8884,0.6556,18.2627,양품
3.1191,-0.0122,49.8468,0.0191,-5474.75,67.3556,1.9692,-0.1419,15.77,141.0966,4.7844,0.0606,1.154,190.4633,1.995,9.6938,-0.0178,4.3328,0.6556,16.8809,양품
0.2818,-0.01,49.2462,0.0261,-6211.25,65.1333,2.718,-0.1419,15.77,41.7532,6.0098,0.0918,1.154,886.7365,2.017,9.0776,-0.0005,5.109,0.6556,19.7182,양품
4.06,-0.0097,73.5751,0.0166,-6252.75,68.6556,3.6476,-0.0473,15.75,323.9907,5.0865,0.0806,1.078,130.2827,1.909,8.9546,0.0216,5.5533,0.6887,15.94,양품
-0.3182,-0.0031,148.9879,0.027,-5288.5,69.1889,1.1574,-0.6623,15.74,110.7159,4.9744,0.0389,1.182,161.6385,2.0053,8.6005,0.0101,4.4239,0.6852,20.3182,양품
-0.0636,-0.0132,32.4528,0.0302,-5328.0,66.9333,2.9118,-0.0473,15.75,158.3098,5.5842,0.1045,1.078,387.6416,1.982,8.3324,0.032,5.9131,0.6887,20.0636,양품
36.3682,-0.0098,68.2803,0.016,-6334.5,69.8,4.7834,-0.6623,15.74,273.7449,5.073,0.1107,1.182,247.0364,1.8918,8.8505,0.002,5.0445,0.6852,16.63,양품
1.0291,-0.0134,46.1825,0.0208,-5711.0,67.2667,1.8884,-0.0473,15.75,100.0583,5.0376,0.0569,1.078,186.5494,2.0275,8.7867,0.0107,4.3432,0.6887,18.9709,양품
1.9591,-0.0141,20.5674,0.0172,-5662.25,70.7778,2.9353,0.7569,15.85,106.3469,6.7197,0.0951,1.116,352.5747,1.9898,8.5251,-0.0026,6.4624,0.7025,18.0409,양품
1.6373,-0.013,24.6154,0.0236,-6310.25,67.4889,4.7038,-0.0473,15.75,277.0817,5.5742,0.1083,1.078,184.1256,1.885,8.5987,0.0265,4.736,0.6887,18.3627,양품
-1.2209,-0.0126,26.2425,0.0232,-5686.75,70.5111,2.4024,-0.0473,15.75,181.4963,4.866,0.0719,1.078,534.384,2.0177,8.7897,-0.0287,4.3985,0.6887,21.2209,양품
8.8445,-0.0142,31.7741,0.0235,-5402.5,68.7889,1.0155,-0.1419,15.77,52.7194,5.7787,0.0338,1.154,474.4994,2.0198,8.3324,-0.0193,5.4522,0.6556,11.1555,양품
-1.1255,-0.0092,25.9811,0.0137,-6539.75,70.7667,2.5615,-0.2838,15.69,229.2108,4.3122,0.0555,1.182,187.8446,1.8845,8.7418,-0.0203,4.574,0.5438,21.1255,양품
2.9409,-0.0123,35.0663,0.0278,-6389.5,68.2889,3.9992,-0.1419,15.77,304.5733,7.1505,0.0861,1.154,171.0448,1.8922,9.7836,0.0294,6.4717,0.6556,17.0591,양품
-4.4845,-0.0095,74.6386,0.0266,-6468.0,66.1556,2.0635,-0.4731,15.78,331.6347,5.3967,0.0445,1.276,247.5305,1.885,9.0776,0.0183,4.9935,0.6645,24.4845,양품
8.1418,-0.0101,63.6025,0.0109,-5649.5,70.6111,3.4673,-0.0473,15.75,154.252,6.712,0.1164,1.078,538.5997,2.0092,8.6427,-0.0141,6.6878,0.6887,11.8582,양품
9.4864,-0.013,39.1179,0.0339,-6505.5,70.0,2.3502,-0.1419,15.77,336.9751,6.0009,0.0603,1.154,212.1077,1.886,8.5687,-0.0078,5.4638,0.6556,30.5136,양품
-7.5073,-0.0112,37.3749,0.0267,-4599.25,68.2111,2.2541,-0.1419,15.77,142.2463,7.3872,0.0902,1.154,1444.2925,2.0095,8.9635,0.0216,6.0398,0.6556,27.5073,양품
3.8264,-0.0115,27.8867,0.0195,-5330.0,69.5444,4.4363,-0.4731,15.78,237.1657,6.2339,0.1428,1.276,501.7509,1.9983,8.5891,0.0202,5.9406,0.6645,16.1736,양품
10.2355,-0.0108,46.2963,0.0163,-6456.75,71.3111,1.8213,-0.2838,15.69,269.1089,5.0133,0.0441,1.182,76.1856,1.905,8.7418,-0.0217,4.3488,0.5438,9.7645,양품
1.0218,-0.0121,35.5739,0.0168,-6347.75,71.4222,4.0764,-0.7096,15.91,316.0111,5.8286,0.0853,1.135,224.1805,1.8845,8.5987,0.0032,4.5356,0.6802,18.9782,양품
3.8664,-0.0105,56.3246,0.0325,-6426.5,73.0222,3.3361,0.7569,15.85,355.3659,5.0435,0.0715,1.116,195.1316,1.875,8.6829,0.0091,5.0688,0.7025,16.1336,양품
-6.0545,-0.0107,17.7986,0.0187,-6624.0,69.9667,3.5047,-0.2838,15.69,286.6479,5.0295,0.0711,1.182,241.1265,1.8725,8.7219,-0.0043,4.7954,0.5438,26.0545,양품
2.8745,-0.0113,31.9645,0.0257,-5305.5,67.9333,1.8663,0.7569,15.85,116.2393,5.1169,0.0582,1.116,333.5551,1.9605,9.7324,0.0089,4.2831,0.7025,17.1255,양품
-0.81,0.0018,253.7931,0.0294,-6310.25,69.4222,3.7932,-0.6623,15.74,354.8205,6.3528,0.0894,1.182,138.8221,1.8818,8.6439,-0.0114,4.858,0.6852,20.81,양품
8.1445,-0.0109,58.5143,0.0179,-6406.25,69.3111,3.5932,-0.4731,15.78,343.9942,5.2941,0.0834,1.276,240.9901,1.8847,8.6439,-0.0044,5.9072,0.6645,11.8555,양품
11.4855,-0.011,29.932,0.0153,-6329.75,67.2667,2.6789,-0.7096,15.91,279.7611,5.9031,0.0571,1.135,102.3633,1.8855,8.8043,-0.0069,5.0874,0.6802,8.5145,양품
1.4745,-0.0144,71.9723,0.0401,-5874.25,68.2,2.4025,0.7569,15.85,95.8541,5.7336,0.0776,1.116,1198.8974,2.0245,8.5288,-0.0138,5.8143,0.7025,18.5255,양품
2.0127,-0.0122,28.6885,0.0227,-5459.0,66.4556,3.4171,-0.1419,15.77,94.7888,5.9644,0.1188,1.154,40.4804,2.0,8.7994,-0.0105,4.8891,0.6556,17.9873,양품
0.91,-0.0133,30.1602,0.0133,-5545.75,68.7667,4.1627,-0.7096,15.91,569.7873,6.9024,0.1264,1.135,112.8934,1.9968,8.5987,0.019,5.7037,0.6802,19.09,양품
-1.5118,-0.0068,67.8967,0.0259,-6225.75,68.9778,4.5381,-0.7096,15.91,276.1152,5.7194,0.1,1.135,298.2732,1.8842,8.6439,0.0109,5.2244,0.6802,21.5118,양품
0.9091,-0.0073,54.7009,0.025,-6260.75,69.0222,4.201,-0.2838,15.69,213.5593,6.3665,0.0986,1.182,147.9152,1.8995,8.4092,0.0435,6.7398,0.5438,19.0909,양품
0.6191,-0.008,71.028,0.0229,-5607.25,68.1222,3.3745,-0.9461,15.79,68.9082,6.4131,0.1271,1.201,430.661,2.016,8.7867,-0.0208,6.3329,0.6893,19.3809,양품
3.3655,-0.0105,35.3222,0.0139,-5723.5,68.4667,4.0084,-0.7096,15.91,947.9305,6.0366,0.1201,1.135,711.2362,2.009,8.8043,0.0127,5.9933,0.6802,16.6345,양품
-2.63,-0.0093,67.7419,0.0221,-5628.0,70.4444,2.559,-0.7096,15.91,157.0401,5.9073,0.0828,1.135,427.8839,2.036,8.7897,0.0034,6.1081,0.6802,22.63,양품
1.0045,-0.0111,49.5495,0.0264,-5669.75,69.7111,3.9705,0.7569,15.85,212.7871,6.8,0.1211,1.116,295.6861,2.0012,8.9546,0.0203,5.8411,0.7025,18.9955,불량
1.1527,-0.0118,60.1058,0.0162,-6326.0,66.6333,1.697,-0.7096,15.91,328.9148,5.441,0.0372,1.135,273.6604,1.8842,8.6005,-0.0043,4.4805,0.6802,18.8473,양품
0.2055,-0.0092,61.9565,0.0213,-6371.0,69.2222,2.4311,-0.0473,15.75,445.0637,6.8171,0.0529,1.078,360.1592,1.882,8.8043,-0.0259,5.459,0.6887,19.7945,양품
-3.8982,-0.0111,35.2542,0.0222,-6344.25,65.1,2.7393,0.7569,15.85,298.4437,5.5693,0.0602,1.116,178.0962,1.8775,9.0776,0.0069,4.6469,0.7025,23.8982,양품
3.2764,-0.0075,81.3333,0.0331,-5409.0,67.1,2.2234,-0.6623,15.99,180.5702,4.866,0.0683,1.314,160.2768,1.9643,9.2047,0.0318,4.6001,0.7101,16.7236,양품
-4.0373,-0.011,52.6674,0.0267,-5246.75,63.6889,2.6274,-0.6623,15.99,97.3597,7.0294,0.0806,1.314,386.7992,1.9832,9.0776,0.0495,5.7018,0.7101,24.0373,양품
0.1618,-0.0116,39.7838,0.0176,-5697.5,65.8222,0.8531,-0.4731,15.78,115.2288,5.4007,0.0278,1.276,101.0429,1.9937,8.5459,0.009,4.9778,0.6645,19.8382,양품
-3.9436,-0.0109,49.6552,0.0235,-5933.25,69.9889,2.4521,-0.6623,15.99,315.0909,5.5417,0.078,1.314,447.908,2.013,8.7897,-0.0119,5.4759,0.7101,23.9436,양품
-1.2518,-0.0091,44.9931,0.0157,-6338.25,69.8444,3.8323,-0.5677,15.99,257.4762,6.2167,0.082,1.418,153.2479,1.8815,8.6005,-0.0027,5.9449,0.6786,21.2518,양품
1.3664,-0.0101,35.5995,0.0231,-6350.25,65.9556,2.4535,-0.6623,15.99,271.933,5.8843,0.0622,1.314,146.1879,1.8927,8.659,0.0025,6.0876,0.7101,18.6336,양품
5.65,-0.0111,33.3709,0.0165,-5278.0,68.1333,3.8054,0.7569,15.85,1596.3689,5.8068,0.124,1.116,282.8816,2.0158,8.5135,-0.0066,4.8061,0.7025,14.35,양품
7.8264,-0.0057,70.1754,0.0295,-5444.0,69.2,2.125,-0.6623,15.99,132.4877,4.9158,0.0708,1.314,313.8821,1.9963,8.6527,0.0205,4.6654,0.7101,12.1736,양품
-1.1927,-0.0121,63.6364,0.0224,-5561.0,68.9222,2.0819,-0.6623,15.99,161.0528,5.9157,0.0657,1.314,406.3685,1.9905,8.5459,0.0032,5.104,0.7101,21.1927,양품
5.4991,-0.0105,29.4537,0.0172,-5192.5,67.5,4.4576,-0.5677,15.99,346.775,6.5321,0.1693,1.418,687.7308,2.0435,8.5288,-0.0124,6.1483,0.6786,14.5009,불량
-0.0309,-0.0137,40.8387,0.0304,-6461.0,68.5,3.3532,-0.5677,15.99,326.4378,6.0001,0.0774,1.418,200.338,1.8798,8.659,-0.0204,5.807,0.6786,20.0309,양품
0.5091,-0.01,49.9376,0.0302,-6305.5,67.6111,4.4842,-0.0473,15.75,198.4817,4.3721,0.0993,1.078,178.0384,1.887,9.7324,0.0268,4.847,0.6887,19.4909,양품
,-0.0094,53.1208,0.0259,-5871.75,69.1,1.5848,-0.1419,15.9,159.5274,,0.0547,1.163,448.2272,2.0125,8.5788,0.0215,,0.6764,,양품
,-0.0115,26.1723,0.0172,-6624.5,71.3333,3.3632,-0.6623,15.99,177.9876,5.8591,0.0693,1.314,209.5225,1.8758,8.7199,-0.0035,5.1184,0.7101,,양품
0.5755,-0.0126,31.8408,0.0176,-6736.0,68.2222,6.1426,-0.1419,15.9,286.8949,6.1628,0.137,1.163,905.9249,1.8895,9.7836,0.0031,5.7093,0.6764,19.4245,양품
0.2573,-0.0095,57.971,0.0196,-5232.25,67.2889,2.7073,-0.5677,15.99,101.9199,5.7795,0.0882,1.418,456.4416,1.9805,8.659,-0.0088,5.3122,0.6786,19.7427,양품
9.2827,-0.0081,38.3901,0.0244,-5234.5,65.5778,2.8901,-0.5677,15.99,170.6192,6.2345,0.0994,1.418,338.0675,2.0132,8.7994,0.0034,5.4197,0.6786,10.7173,양품
-1.0482,-0.013,43.8462,0.0252,-6319.75,68.3889,3.0295,0.0,15.91,259.0719,5.9818,0.069,1.541,164.7834,1.8838,9.7836,0.0294,5.3254,0.7717,21.0482,양품
5.6309,-0.0097,26.943,0.026,-5121.0,69.3889,2.7471,-0.1419,15.9,279.3976,5.2759,0.0825,1.163,345.7195,1.9958,8.5288,-0.0066,4.6274,0.6764,14.3691,양품
13.3709,-0.0114,46.4912,0.0116,-5229.25,68.9111,3.8203,-0.5677,15.99,206.9412,5.5776,0.1301,1.418,572.4592,2.0103,8.8043,-0.0125,4.7226,0.6786,6.6291,불량
5.1736,-0.0103,28.1553,0.0186,-6183.75,67.9222,4.7466,0.0,15.91,313.5936,5.8216,0.1023,1.541,92.5612,1.8882,8.5334,0.0206,5.1094,0.7717,14.8264,양품
4.8373,-0.0085,119.174,0.0189,-5506.25,67.7778,4.3043,0.0,15.91,96.7505,5.3511,0.1351,1.541,106.6282,1.9973,8.3324,0.0212,5.0289,0.7717,15.1627,양품
6.3691,-0.0097,74.5149,0.0204,-5622.5,71.4444,3.7383,-0.5677,15.99,244.5097,5.5444,0.115,1.418,371.7441,2.0183,8.7897,-0.0087,5.3416,0.6786,13.6309,양품
0.2818,-0.0129,34.8837,0.0283,-5046.25,70.7778,1.5074,-0.6623,15.99,100.1012,6.0756,0.0495,1.314,450.3276,1.999,8.6427,-0.0175,5.6383,0.7101,19.7182,양품
-0.8964,-0.0099,59.8226,0.02,-5530.0,70.1889,1.8322,0.0,15.91,454.1263,5.9494,0.0626,1.541,627.7882,1.987,8.7283,-0.0427,5.362,0.7717,20.8964,양품
-0.1745,-0.0095,63.3245,0.0184,-6339.0,66.4111,3.5914,-0.1419,15.9,326.5725,4.6227,0.0754,1.163,187.709,1.8873,8.8043,0.0214,4.3348,0.6764,20.1745,양품
7.0709,-0.0118,34.709,0.0205,-6626.5,70.6444,1.4147,-0.5677,15.99,300.3047,5.4252,0.0318,1.418,166.7503,1.8765,8.7851,-0.0016,5.356,0.6786,12.9291,양품
0.4545,-0.0064,90.8023,0.0194,-7148.0,66.0444,3.5201,0.0,15.91,314.963,5.5892,0.081,1.541,836.4636,1.8875,8.8132,-0.0059,4.8374,0.7717,19.5455,양품
2.2518,-0.0111,57.7227,0.0239,-6235.25,68.7,6.1889,-0.1419,15.9,345.5849,5.9603,0.1394,1.163,303.8853,1.8873,8.5855,-0.0046,5.6508,0.6764,17.7482,양품
0.9991,-0.0083,55.5053,0.022,-6233.5,65.6444,3.3562,0.0,15.91,206.7146,5.5943,0.0742,1.541,205.9361,1.905,23.1583,-0.021,5.0486,0.7717,19.0009,양품
2.3691,-0.0112,44.7427,0.0248,-5394.75,69.0667,2.0242,-0.1419,15.9,154.759,5.1818,0.0632,1.163,446.2678,2.019,8.5891,0.0376,4.5002,0.6764,17.6309,양품
3.43,-0.011,48.9241,0.0181,-6273.75,69.6111,2.8304,-0.6623,15.99,219.7309,5.0292,0.0653,1.314,107.6394,1.8963,9.3335,-0.0004,4.3925,0.7101,16.57,양품
2.3755,-0.0147,28.5472,0.0318,-6368.5,68.1111,3.138,-0.1419,15.9,273.4683,5.0931,0.0705,1.163,203.0016,1.8872,9.7836,0.0478,4.3936,0.6764,17.6245,양품
1.1682,-0.0118,56.5998,0.0234,-5319.25,68.6,1.6912,-0.1419,15.9,237.0724,5.443,0.0589,1.163,520.3943,1.9968,8.5135,0.0282,5.0389,0.6764,18.8318,양품
0.1691,-0.0112,42.7141,0.0282,-6366.0,68.1778,2.4981,-0.5204,15.89,241.3994,5.1317,0.0589,1.239,164.3979,1.8988,9.2047,0.0035,4.0043,0.7586,19.8309,양품
2.6491,-0.011,37.3576,0.0228,-5651.25,69.2111,1.5923,0.0,15.91,298.9006,4.8905,0.0519,1.541,250.5319,2.015,8.9546,0.027,4.9178,0.7717,17.3509,양품
3.1382,-0.0114,37.8022,0.0256,-5397.5,68.5889,2.3861,-0.5204,15.89,1160.4443,4.1069,0.072,1.239,152.0537,1.9798,8.5788,-0.0068,4.2189,0.7586,16.8618,양품
4.4364,-0.0105,69.3587,0.0168,-5451.25,68.2778,4.1847,-0.6623,15.99,134.9083,6.2098,0.1343,1.314,284.0849,2.014,8.5135,-0.0057,5.9303,0.7101,15.5636,양품
2.1045,-0.0123,44.6247,0.0308,-6358.25,69.1667,5.6725,-0.5204,15.89,270.9691,7.4426,0.1381,1.239,216.3306,1.8878,9.6938,0.0171,6.8908,0.7586,17.8955,양품
3.9818,-0.0095,45.5026,0.0158,-5496.75,66.8111,3.2733,0.0473,15.93,266.3988,5.7653,0.1078,1.295,403.4,1.981,9.2047,0.0122,4.8264,0.7888,16.0182,양품
2.8182,-0.0098,53.265,0.0244,-6335.25,69.9333,2.088,0.0,15.91,232.8939,6.7766,0.0579,1.541,178.8284,1.8898,8.5297,0.0095,6.777,0.7717,17.1818,양품
-0.1209,-0.0076,67.3267,0.0231,-6170.75,67.9667,1.9719,-0.1419,15.9,374.4973,6.3084,0.0705,1.163,1075.0356,2.0165,8.5987,0.0113,5.3492,0.6764,20.1209,양품
1.1782,-0.0068,90.5109,0.0228,-5372.25,68.2222,3.2878,-0.1419,15.9,125.2863,7.2599,0.1003,1.163,463.6639,2.0088,8.7418,-0.0074,6.5961,0.6764,18.8218,양품
0.1664,-0.0117,41.9251,0.0352,-5472.75,67.1222,3.8244,-0.5204,15.89,200.3536,6.833,0.1244,1.239,576.4879,1.9878,9.2047,0.0103,5.9309,0.7586,19.8336,양품
4.92,-0.0111,35.9955,0.019,-5677.75,67.1778,2.6472,0.0,15.91,302.9923,5.4468,0.0804,1.541,187.4235,2.0012,9.7324,0.0036,4.8499,0.7717,15.08,양품
-1.3227,-0.0073,46.4957,0.0172,-6424.75,67.7444,1.5656,-1.655,15.95,282.9292,5.7706,0.0401,1.376,320.2555,1.89,8.5232,0.0103,4.482,0.7591,21.3227,양품
-0.7845,-0.0114,66.0793,0.0325,-6369.75,70.1,4.9182,-0.0946,15.96,295.8947,4.7145,0.1057,1.399,122.0393,1.8907,8.5135,0.0395,4.1581,0.7436,20.7845,양품
0.2655,-0.0137,32.0875,0.012,-6328.75,68.0889,2.5518,-1.655,15.95,276.6229,4.698,0.0561,1.376,292.8462,1.8805,8.5615,0.0004,4.5185,0.7591,19.7345,양품
-3.6855,-0.0111,36.036,0.0291,-6234.5,69.7889,1.8927,-0.0946,15.96,329.2805,5.5498,0.0417,1.399,161.5106,1.8878,8.5855,0.0427,4.7477,0.7436,23.6855,양품
-1.7609,-0.0089,22.4404,0.0191,-5962.0,69.0444,2.7146,-0.0946,15.96,37.0529,5.1793,0.0814,1.399,749.7471,2.0393,8.7283,-0.008,4.459,0.7436,21.7609,양품
2.9691,-0.0089,67.0391,0.0141,-5490.25,65.6556,2.996,-0.0946,15.96,139.858,5.5332,0.0898,1.399,296.7045,2.0065,9.754,0.0175,5.8916,0.7436,17.0309,양품
-1.7982,-0.0174,32.1377,0.0162,-6330.25,67.6111,3.9355,0.0,15.91,266.0464,4.7883,0.083,1.541,158.79,1.8855,8.9546,0.001,4.4493,0.7717,21.7982,양품
-0.3736,-0.0107,62.9108,0.0127,-5135.0,68.7667,3.2641,-1.655,15.95,279.1111,5.2192,0.1012,1.376,248.4364,2.0005,8.9635,0.0,4.7522,0.7591,20.3736,양품
4.9073,-0.0072,68.1739,0.0162,-6188.0,66.1444,4.2588,-0.0946,15.96,218.4008,5.9707,0.1049,1.399,256.5125,1.8958,8.5334,-0.0068,5.2264,0.7436,15.0927,양품
1.49,-0.01,50.2513,0.0208,-6475.5,69.0889,4.7256,-0.0946,15.96,308.4461,5.3185,0.117,1.399,254.6743,1.8847,8.5779,-0.0035,4.8093,0.7436,18.51,양품
3.2491,-0.0113,37.9691,0.0254,-5558.0,66.5222,2.6827,-1.655,15.95,138.2703,6.8121,0.0827,1.376,202.3001,2.0195,8.9546,-0.0106,6.4192,0.7591,16.7509,양품
-1.0927,-0.0109,48.5126,0.0131,-6380.0,67.3,5.2163,0.2365,15.99,269.0965,5.8811,0.1266,1.338,216.9531,1.8912,23.1583,0.0064,5.1838,0.7287,21.0927,양품
0.2536,-0.0126,69.1162,0.0257,-5630.75,65.2,1.5631,-0.0946,15.96,171.9486,5.0449,0.0487,1.399,127.4765,1.9838,9.754,0.0261,5.1854,0.7436,19.7464,양품
-0.7036,-0.012,39.2894,0.0251,-5473.25,68.6,2.3738,0.2365,15.99,122.7772,5.5866,0.0772,1.338,132.7137,2.0035,8.3324,0.0124,5.3382,0.7287,20.7036,양품
3.73,-0.011,20.9567,0.0147,-5611.5,66.0,2.368,-0.5204,15.97,241.7387,6.7593,0.0799,1.447,297.0617,2.0005,8.9635,0.0213,5.3911,0.7232,16.27,양품
-0.4173,-0.0108,34.1801,0.0254,-6382.5,68.8,3.5861,-0.0946,15.96,273.4476,7.353,0.0808,1.399,234.9503,1.881,9.7836,-0.0104,6.2281,0.7436,20.4173,양품
1.4464,-0.0118,65.1163,0.0284,-5666.25,68.6333,1.0872,-0.5204,15.97,51.0123,6.554,0.038,1.447,314.8411,2.0528,8.7812,0.0317,5.6979,0.7232,18.5536,양품
4.8364,-0.0095,47.1204,0.0148,-5523.75,70.9,3.1829,0.3311,15.95,141.6322,6.8081,0.1002,1.04,251.187,2.0347,8.6706,0.0033,5.6283,0.7884,15.1636,양품
-2.6655,-0.009,72.2222,0.0144,-6477.0,70.2222,1.1583,0.3311,15.95,170.2731,6.3086,0.0289,1.04,99.1195,1.8925,8.6706,-0.0119,5.1851,0.7884,22.6655,양품
-0.3455,-0.0146,45.7338,0.0317,-5733.0,68.0,2.1813,0.2365,15.99,239.5245,5.6345,0.0699,1.338,646.8982,1.9952,8.7283,0.0252,4.6028,0.7287,20.3455,양품
-6.6055,-0.0103,36.715,0.0139,-5242.25,68.5778,3.7192,-1.655,15.95,876.7147,6.7536,0.1218,1.376,221.4895,2.0,8.7932,0.0038,5.8509,0.7591,26.6055,양품
-0.0191,-0.0132,18.1303,0.0149,-5336.0,65.9111,2.094,-0.0946,15.96,1655.6513,5.5926,0.0775,1.399,401.9469,1.993,9.0425,0.0003,4.8727,0.7436,20.0191,양품
1.4845,-0.0146,62.3288,0.0304,-5472.0,69.0667,1.4906,0.7569,15.77,168.1031,5.5519,0.0476,0.9649,505.6857,1.9978,8.5288,0.0174,4.6174,0.6627,18.5155,양품
8.9864,-0.0083,76.8769,0.0169,-5361.5,63.8444,3.4884,-0.5204,15.97,191.1143,5.9035,0.1199,1.447,285.8875,2.0023,8.5232,0.0006,5.786,0.7232,11.0136,양품
-0.95,-0.0142,61.9718,0.0218,-6341.25,72.3111,3.5711,-0.5204,15.89,249.613,6.405,0.0884,1.239,168.9859,1.8945,8.4896,0.0024,5.517,0.7586,20.95,양품
2.8618,-0.0101,55.377,0.0306,-6222.5,66.7333,3.3168,0.3311,15.95,297.7766,5.9291,0.0702,1.04,259.364,1.894,8.5855,0.0308,5.4353,0.7884,17.1382,양품
-2.0764,-0.0141,33.2449,0.0278,-6305.25,67.4111,4.6911,-1.655,15.95,320.9241,6.314,0.1005,1.376,252.5449,1.888,8.5891,0.0344,5.5574,0.7591,22.0764,양품
3.36,-0.0144,45.8732,0.0225,-5412.5,67.3667,2.3596,0.7569,15.77,100.7058,5.318,0.0784,0.9649,550.8844,1.9957,8.7568,0.0243,4.8695,0.6627,16.64,양품
4.0427,-0.0093,69.7051,0.0179,-5320.5,66.9333,2.026,-0.0946,15.96,853.8912,5.6554,0.0664,1.399,86.7967,2.0238,8.9635,0.0068,4.6694,0.7436,15.9573,양품
2.8618,-0.0129,29.4004,0.0283,-5304.5,68.8556,2.3588,-0.5204,15.89,270.6622,7.1774,0.0829,1.239,214.2623,2.0155,8.3324,0.0251,5.7376,0.7586,17.1382,양품
-1.9909,-0.0112,40.0891,0.0149,-5387.5,71.5444,1.0487,0.3311,15.95,182.0385,6.0443,0.0326,1.04,163.186,1.9693,8.6706,0.0014,6.0301,0.7884,21.9909,양품
0.7655,-0.0089,63.6872,0.0162,-6300.25,69.7556,5.7233,-0.5204,15.97,260.2953,7.1479,0.1254,1.447,165.363,1.8685,8.5334,0.002,7.126,0.7232,19.2345,양품
1.9245,-0.0118,54.9102,0.0136,-5803.0,65.3778,2.4874,0.2365,15.99,158.7123,6.8691,0.0918,1.338,509.6685,1.9852,8.5459,-0.0081,6.6981,0.7287,18.0755,불량
-0.1973,-0.0063,48.9152,0.0145,-5766.75,66.9444,1.6642,0.7569,15.77,237.766,5.9963,0.0589,0.9649,707.3973,2.0125,8.7662,-0.0126,4.9115,0.6627,20.1973,양품
-1.9855,-0.015,25.3968,0.0197,-5329.0,68.1889,2.9612,0.7569,15.77,220.3853,6.085,0.0893,0.9649,405.6328,2.007,8.7932,-0.0023,5.2436,0.6627,21.9855,양품
2.4718,-0.0111,37.7104,0.0155,-5410.0,69.4222,5.1536,-0.5204,15.97,144.5484,4.6869,0.1568,1.447,527.1945,2.0158,8.7283,0.0064,3.6774,0.7232,17.5282,양품
3.7127,0.0013,451.4851,0.0204,-6180.75,69.9111,3.1474,-1.655,15.95,241.3909,4.4837,0.0654,1.376,313.7211,1.8908,8.4092,0.0047,4.6276,0.7591,16.2873,양품
-0.66,-0.008,63.8498,0.019,-5461.75,66.5,3.3674,0.7569,15.77,161.6962,7.2623,0.1077,0.9649,316.6411,1.995,8.9635,-0.0009,6.7713,0.6627,20.66,양품
-1.0573,-0.012,62.7615,0.024,-5055.5,68.9,2.825,-0.5204,15.97,249.7432,5.9499,0.0898,1.447,402.0485,1.9648,8.9635,0.0537,5.1284,0.7232,21.0573,양품
11.2909,-0.0111,39.5062,0.021,-5343.0,67.4222,1.3053,-0.7096,15.91,232.944,5.594,0.0397,1.135,230.3143,2.0192,8.7994,-0.0233,4.8084,0.6802,8.7091,불량
-1.9573,-0.0111,55.0169,0.0238,-5541.75,70.8111,1.9185,-0.1419,15.98,213.6118,6.2807,0.0632,0.9649,302.478,2.0062,8.6706,-0.0106,5.4122,0.827,21.9573,양품
-0.4482,-0.0062,107.0994,0.0191,-5782.25,71.4111,2.9237,-0.1419,15.98,187.4644,6.275,0.0898,0.9649,332.6744,1.9682,8.6706,-0.0134,5.6388,0.827,20.4482,양품
-3.9318,-0.0111,35.0168,0.0134,-5254.5,67.3778,3.1274,0.7569,15.83,219.3156,6.7701,0.0959,0.9271,192.4309,1.9937,8.5135,-0.0054,4.865,0.7677,23.9318,양품
-2.3355,-0.009,49.0934,0.0654,-6208.75,68.9556,3.4388,0.7569,15.83,284.0263,5.5167,0.079,0.9271,197.8322,1.8852,8.5459,-0.0227,5.2076,0.7677,22.3355,양품
-0.2173,-0.0144,29.0909,0.0225,-5409.25,68.7444,4.513,-1.655,15.95,82.6574,5.6106,0.1587,1.376,506.5086,2.014,8.77,0.0274,4.5051,0.7591,20.2173,양품
-0.6464,-0.0111,49.6614,0.0254,-5926.25,66.2556,2.1969,0.7569,15.83,196.4355,5.9938,0.0778,0.9271,562.2765,2.0255,8.7812,0.0124,5.076,0.7677,20.6464,양품
7.24,-0.0088,87.2521,0.028,-5551.75,68.4667,2.4232,-0.1419,15.98,58.9322,6.0587,0.0822,0.9649,346.2758,2.0107,8.5459,0.0265,5.1764,0.827,12.76,양품
-2.8818,-0.0087,59.5136,0.015,-5389.75,68.1667,2.867,-0.5204,15.89,152.7686,6.6169,0.106,1.239,1190.5322,1.9905,8.8132,-0.0068,5.6899,0.7586,22.8818,양품
-0.9409,-0.0073,70.8688,0.0122,-5536.0,68.0,4.3342,0.7569,15.83,126.4315,6.2044,0.1355,0.9271,228.5709,1.9883,23.1583,-0.004,5.4629,0.7677,20.9409,양품
2.2855,-0.0062,42.0202,0.0162,-6257.5,70.2667,1.87,1.04,15.66,157.1186,6.678,0.0569,1.116,991.2189,2.0055,8.6706,0.0016,6.4332,0.657,17.7145,양품
0.7227,-0.015,37.2712,0.0141,-6585.75,67.4778,0.6297,-0.5204,15.89,262.9411,5.8915,0.0156,1.239,184.8628,1.8927,8.7867,0.015,5.1275,0.7586,19.2773,양품
4.9073,-0.0128,28.18,0.0335,-5484.0,66.5778,2.8507,-0.5204,15.97,84.951,4.8511,0.0981,1.447,524.0522,1.977,9.7324,0.0185,4.4667,0.7232,15.0927,양품
2.28,-0.0116,26.8108,0.0161,-6495.25,67.5778,4.7828,-0.5204,15.97,262.4703,7.8586,0.1302,1.447,215.2741,1.894,9.2047,0.0075,7.3417,0.7232,17.72,양품
0.9518,-0.0071,67.7249,0.0203,-5353.0,67.9444,2.0774,-0.1419,15.98,136.744,6.1273,0.0633,0.9649,340.1166,1.9937,23.1583,-0.0102,5.4981,0.827,19.0482,양품
1.2836,-0.012,28.3333,0.0319,-6279.0,70.6889,4.8812,-0.5204,15.97,213.5187,7.2355,0.1082,1.447,171.0341,1.884,9.7836,0.0269,5.7604,0.7232,18.7164,양품
0.7064,-0.0096,43.5233,0.0179,-6506.5,70.7111,1.5205,-0.5204,15.89,304.0114,7.5293,0.0326,1.239,45.0518,1.8885,8.7418,-0.011,6.336,0.7586,19.2936,양품
2.6873,-0.0149,48.4441,0.0168,-5761.0,68.5556,2.7577,0.7569,15.83,221.686,5.2869,0.0978,0.9271,172.814,2.0315,8.6005,0.005,4.282,0.7677,17.3127,양품
15.3073,-0.0109,69.8851,0.0232,-5518.75,69.5889,4.7549,-0.5204,15.97,333.294,6.1786,0.1533,1.447,186.3999,1.997,8.6527,0.0023,5.8846,0.7232,24.6927,불량
7.9755,-0.01,50.1253,0.015,-5160.25,68.2667,1.8833,0.2365,15.99,165.1007,6.0237,0.058,1.338,679.0672,2.0042,8.7994,-0.0117,5.7117,0.7287,12.0245,양품
-0.6591,-0.0022,249.711,0.0236,-5542.5,71.9556,1.8698,-0.1419,15.94,138.6675,6.3488,0.0579,0.8845,248.4371,1.9823,8.6427,-0.0116,5.6425,0.808,20.6591,양품
-2.4609,-0.0092,66.2144,0.0206,-6484.0,71.6667,1.8424,-0.1419,15.94,271.4693,5.8028,0.051,0.8845,173.8294,1.882,8.6895,-0.0153,4.9982,0.808,22.4609,양품
1.8173,-0.016,50.7439,0.0445,-6349.75,67.9889,5.6509,0.2365,15.99,295.7617,6.0042,0.1392,1.338,172.5985,1.8923,9.5713,-0.0291,4.4118,0.7287,18.1827,불량
-1.1391,-0.0078,69.12,0.0204,-5750.0,69.9111,3.6507,-0.1419,15.94,126.6715,5.7855,0.1195,0.8845,256.2629,1.9763,8.6427,0.0037,4.9435,0.808,21.1391,양품
-4.1518,-0.0097,73.0077,0.0269,-5613.5,67.8444,1.8025,-0.1419,15.94,178.559,5.6536,0.0538,0.8845,103.9663,1.9527,8.7219,0.0086,4.7901,0.808,24.1518,양품
-0.6936,-0.0091,55.0206,0.0196,-5279.5,67.0,5.0058,-0.1419,15.94,871.1244,5.9975,0.1786,0.8845,104.0401,2.024,8.5615,-0.0015,5.5034,0.808,20.6936,양품
0.1891,-0.0146,42.6117,0.0273,-6466.0,69.3111,3.5287,-0.5677,15.99,323.6453,4.3233,0.0754,1.418,139.5111,1.884,8.659,0.001,4.343,0.6786,19.8109,양품
2.39,-0.0095,68.7831,0.0248,-5172.25,68.6444,3.1811,-0.1419,15.94,204.2392,6.3404,0.0958,0.8845,287.1694,2.006,8.5615,0.0047,6.0316,0.808,17.61,양품
-0.9127,-0.009,64.5341,0.0154,-6447.0,68.6556,3.2969,-0.1419,15.98,344.1913,5.9491,0.0698,0.9649,83.8053,1.8825,8.441,-0.0163,4.7795,0.827,20.9127,양품
0.9409,-0.0078,57.971,0.0234,-5602.25,65.6889,3.6453,-0.0946,16.01,160.3174,5.7667,0.1123,0.946,543.5975,2.016,9.754,0.009,4.8549,0.7908,19.0591,양품
-2.0555,-0.0091,41.8733,0.0176,-5640.0,66.1889,2.7387,-0.0946,16.01,61.7272,6.8415,0.0905,0.946,199.2854,1.9795,9.0776,0.0024,5.7748,0.7908,22.0555,양품
-3.1455,-0.0104,35.6627,0.0246,-6470.75,67.5667,6.3376,-0.0946,16.04,353.2519,6.7714,0.1326,0.9176,308.6167,1.8685,8.5779,0.0107,5.8294,0.7975,23.1455,양품
1.5445,-0.01,38.143,0.0322,-6545.0,70.2778,2.0077,-0.2365,15.74,171.0875,6.3195,0.0444,1.295,203.306,1.9053,8.7219,0.0075,4.9736,0.7159,18.4555,양품
1.4373,-0.0088,79.8859,0.0232,-5277.25,67.5333,2.289,-0.0946,16.04,234.4659,5.7578,0.0735,0.9176,216.6939,1.9743,8.7812,-0.0024,4.54,0.7975,18.5627,양품
-6.0445,-0.0082,48.5584,0.0161,-6474.25,63.1889,0.6106,-0.0946,16.01,316.7439,5.4591,0.0139,0.946,203.2361,1.8782,9.0776,0.0105,4.982,0.7908,26.0445,양품
1.3791,-0.0101,36.6791,0.0803,-6238.25,69.7667,2.6529,-0.0946,16.04,337.6264,5.5712,0.0605,0.9176,249.0641,1.889,8.5334,0.0165,4.8059,0.7975,18.6209,양품
-0.9618,-0.0059,70.7368,0.0199,-6283.75,68.0556,2.8592,-0.0946,16.04,292.877,6.1471,0.0682,0.9176,161.2253,1.882,8.5891,0.0015,4.3945,0.7975,20.9618,양품
1.6073,-0.011,43.7856,0.0232,-5422.0,69.1333,6.8861,-0.0946,16.04,215.9043,6.1799,0.218,0.9176,495.4237,1.9783,8.7219,0.006,4.9839,0.7975,18.3927,양품
-2.5727,-0.0084,47.7612,0.0232,-6286.75,67.2556,4.4414,-0.0946,16.04,272.9669,5.8506,0.0956,0.9176,272.9241,1.8782,23.1583,0.0173,4.7743,0.7975,22.5727,양품
3.3918,-0.0104,28.0193,0.022,-6590.75,67.3778,2.9274,0.615,15.97,324.1423,5.1635,0.0688,0.9649,186.7019,1.8803,8.7696,0.0051,4.8937,0.8261,16.6082,양품
-1.3773,-0.0102,45.9096,0.033,-6386.75,67.2667,3.4813,-0.2365,15.74,142.7617,5.8336,0.0727,1.295,253.0025,1.867,9.0425,0.0257,5.3337,0.7159,21.3773,양품
2.0336,-0.0098,32.57,0.032,-5520.25,69.8889,2.3005,0.615,15.97,113.4563,5.78,0.0748,0.9649,314.2901,1.995,8.5615,-0.0304,5.2235,0.8261,17.9664,양품
1.5755,-0.0067,129.0807,0.0258,-5529.25,66.6778,1.8966,-0.4258,16.02,53.668,5.8708,0.0669,0.9554,201.8587,2.0202,9.0121,0.032,5.2325,0.8222,18.4245,양품
2.5336,-0.0113,41.6851,0.0401,-6454.5,67.8111,1.1405,0.615,15.97,277.8109,5.6773,0.0279,0.9649,185.8324,1.8885,8.77,-0.0086,5.1049,0.8261,17.4664,양품
-1.7327,-0.0088,70.4545,0.0224,-5566.5,66.4444,1.0543,0.0,16.02,141.269,5.9265,0.0341,1.068,543.0497,1.98,8.7662,0.038,4.8066,0.8258,21.7327,양품
-5.1655,-0.011,47.3804,0.0252,-6374.5,69.4778,2.2058,0.0,15.98,272.5638,5.957,0.0559,0.9554,260.5718,1.8952,8.8384,0.0028,4.5357,0.7987,25.1655,양품
-5.0027,-0.0092,53.406,0.0273,-6381.5,67.6444,3.0763,0.615,15.97,324.9892,6.2772,0.0634,0.9649,130.2421,1.8878,8.5459,0.009,4.9782,0.8261,25.0027,양품
-1.0082,-0.008,67.9245,0.0203,-6630.25,68.8778,3.9777,0.0,16.02,267.4204,6.0708,0.0893,1.068,195.5631,1.8798,8.7662,0.0004,5.4485,0.8258,21.0082,양품
2.0591,-0.0097,39.3273,0.0133,-5349.25,69.2222,2.5682,0.1892,15.67,233.9309,5.6631,0.0853,1.48,361.4308,2.001,8.7812,0.0078,5.0027,0.736,17.9409,양품
-0.17,-0.0086,77.193,0.0158,-4557.0,69.1222,3.5366,0.0,16.02,150.5155,5.723,0.1247,1.068,1257.6123,2.0148,8.77,0.0005,5.2714,0.8258,20.17,양품
-1.8791,-0.0089,52.8833,0.0276,-6301.75,69.8,2.8402,0.0,16.02,263.162,5.6399,0.0657,1.068,159.7631,1.8873,8.5891,0.0019,4.9957,0.8258,21.8791,양품
53.6818,-0.0018,217.1429,0.023,-6405.75,68.6778,2.4627,0.0473,15.99,294.0231,6.09,0.0656,1.021,204.6466,1.888,23.1583,-0.0019,6.2261,0.6849,42.63,불량
2.1145,-0.0111,58.4927,0.0238,-5438.5,67.4778,1.7861,0.0,16.02,220.6677,6.1786,0.0573,1.068,354.3384,1.999,8.5788,0.0109,5.2222,0.8258,17.8855,양품
-0.9918,-0.0086,47.4674,0.0269,-6316.75,69.4111,3.2684,0.0,16.02,221.5024,5.7143,0.0789,1.068,366.0386,1.8915,8.8384,0.0024,5.0657,0.8258,20.9918,양품
-0.8045,-0.0118,55.1432,0.0297,-6190.0,67.9111,4.8725,0.0473,15.97,296.9949,6.1287,0.1126,0.9602,249.892,1.8888,8.5855,0.0106,5.3166,0.8162,20.8045,양품
0.5791,-0.0092,32.6975,0.0251,-6449.75,68.1889,3.172,0.0,15.98,261.683,5.8077,0.0732,0.9554,216.557,1.8847,8.3324,0.0108,6.4004,0.7987,19.4209,양품
-4.8145,-0.0096,68.0628,0.0238,-5989.75,69.0222,2.7626,0.0473,15.97,195.4011,5.4046,0.1076,0.9602,1085.3148,2.0175,8.7932,0.0194,4.6377,0.8162,24.8145,양품
-0.0964,-0.0089,61.8847,0.0338,-6392.75,68.3333,3.6177,0.0473,15.97,332.0281,6.354,0.0899,0.9602,158.2516,1.8953,8.5779,-0.0111,5.1477,0.8162,20.0964,양품
0.34,-0.013,54.6154,0.0116,-5416.0,68.7333,1.2142,-0.9461,15.95,217.0246,5.2238,0.0416,0.9554,552.0163,2.0103,8.8043,0.0135,4.8349,0.7527,19.66,양품
1.5127,-0.0096,40.4669,0.0239,-6447.25,66.2778,3.0818,0.0473,15.97,347.3071,6.4961,0.0829,0.9602,251.4165,1.8693,8.5779,0.0229,5.8785,0.8162,18.4873,양품
-19.9927,-0.0095,58.9474,0.0323,-5362.75,66.7556,3.5822,0.0,15.98,236.4861,5.4082,0.1164,0.9554,116.8286,1.9795,9.0121,0.0083,4.8205,0.7987,39.9927,양품
0.0855,-0.0071,77.6014,0.0222,-6411.5,64.1,2.4622,-0.9461,15.95,259.4306,6.0653,0.0588,0.9554,178.3153,1.8828,9.2016,0.0022,4.5651,0.7527,19.9145,양품
3.65,-0.01,46.2312,0.0247,-5936.0,68.4111,3.1158,0.0,15.98,166.6753,5.7741,0.1173,0.9554,845.7308,2.0005,9.0121,0.0215,5.3016,0.7987,16.35,양품
5.1,-0.0097,28.7179,0.0245,-6415.25,68.5444,5.0643,0.0473,15.97,333.144,6.7454,0.1109,0.9602,150.2362,1.8885,8.5687,-0.0011,6.0435,0.8162,14.9,양품
2.4673,-0.0083,53.092,0.0233,-5597.5,69.5222,0.7183,1.939,15.93,194.9709,5.4168,0.0235,0.9791,387.8028,2.0088,8.7283,-0.0045,5.0355,0.7713,17.5327,양품
-2.6673,-0.0109,65.9039,0.0237,-5280.25,66.9,3.682,0.2365,15.95,201.6647,5.6513,0.1266,0.9602,192.1586,1.992,8.7812,0.0056,4.7924,0.8207,22.6673,양품
3.8,-0.009,46.473,0.018,-6347.0,69.2667,5.9438,-0.9461,15.95,262.8363,5.8848,0.1346,0.9554,284.5089,1.8808,8.6005,-0.004,5.3991,0.7527,16.2,양품
0.3418,-0.0136,33.0579,0.0143,-6407.75,67.2111,3.3354,0.0473,15.97,163.3531,5.6284,0.0745,0.9602,161.1239,1.9023,9.4257,0.0166,4.6894,0.8162,19.6582,양품
0.23,-0.0101,39.7516,0.0257,-6470.25,66.3889,2.3151,0.0473,15.97,286.2668,5.9714,0.0526,0.9602,214.9331,1.8828,8.5779,0.032,4.9019,0.8162,19.77,양품
-0.7482,-0.0063,97.8304,0.0209,-4621.0,69.1,0.9972,0.2365,15.95,171.6884,6.1884,0.0327,0.9602,1161.7797,2.0112,8.5288,-0.0204,5.0569,0.8207,20.7482,양품
2.74,-0.0092,56.445,0.0262,-6453.0,68.7,4.7854,0.2365,15.95,250.3471,6.232,0.1126,0.9602,186.0125,1.9,8.7696,0.0272,5.2322,0.8207,17.26,양품
0.1491,-0.0096,27.154,0.0201,-6288.25,69.2444,2.8318,0.0473,15.97,308.5936,5.6739,0.0674,0.9602,157.2246,1.8933,8.5891,0.0042,4.5214,0.8162,19.8509,양품
1.4982,-0.0075,54.7579,0.0247,-5085.75,66.3111,2.6245,-0.8042,16.0,92.8529,6.8363,0.0823,0.9649,448.6902,1.9795,9.0425,0.001,7.3091,0.7923,18.5018,양품
-0.3518,-0.0083,61.4458,0.0218,-6295.0,68.0333,4.586,0.0473,15.97,310.705,6.4137,0.1102,0.9602,199.9817,1.893,9.7836,0.0245,5.1434,0.8162,20.3518,양품
1.7991,-0.0103,32.0388,0.0262,-6370.25,68.1333,3.1732,0.4258,15.95,221.5948,5.6688,0.0717,0.9838,100.9765,1.9058,9.3335,0.0103,4.8839,0.7611,18.2009,양품
-1.71,-0.0091,38.4088,0.0259,-6551.5,71.3556,1.4551,1.939,15.93,265.0497,5.7864,0.033,0.9791,185.0,1.882,8.6427,-0.0221,4.6504,0.7713,21.71,양품
2.1918,-0.0091,67.9452,0.0244,-6534.75,69.8222,4.3143,0.0473,15.99,229.4232,5.4827,0.1053,1.021,163.0059,1.8865,8.77,-0.0075,5.3402,0.6849,17.8082,양품
-0.2282,-0.011,59.2255,0.028,-6295.5,68.9778,1.579,1.939,15.93,262.2886,5.3561,0.0351,0.9791,138.1798,1.8942,8.5788,-0.0171,4.6768,0.7713,20.2282,양품
-2.7427,-0.0102,60.6357,0.0275,-5994.0,67.9556,3.9439,1.939,15.93,216.5941,6.2209,0.122,0.9791,1241.1159,2.0013,8.9635,0.0294,5.2487,0.7713,22.7427,양품
1.0336,-0.0119,36.2869,0.0243,-6900.5,67.0222,1.5634,0.4258,15.95,320.501,6.5621,0.0349,0.9838,905.6609,1.8847,8.5891,0.0113,6.799,0.7611,18.9664,양품
-1.2336,-0.01,103.1289,0.0256,-6204.25,69.5444,3.5923,0.0473,15.99,230.5188,5.6324,0.0757,1.021,155.2898,1.8865,8.5855,0.0065,4.7869,0.6849,21.2336,양품
3.9309,-0.0091,48.1532,0.0262,-5442.75,70.6222,1.0819,-0.615,15.8,300.5067,6.3707,0.0354,0.9507,534.942,2.0475,8.5135,0.0246,5.8813,0.7833,16.0691,양품
3.1845,-0.0118,35.518,0.0182,-6448.25,69.1444,2.6999,1.939,15.93,349.1718,7.1628,0.0609,0.9791,202.8684,1.8815,8.5779,-0.004,6.3585,0.7713,16.8155,양품
3.5264,-0.0072,75.5245,0.022,-6535.25,67.9333,3.8553,-0.8042,16.0,267.6009,4.6328,0.0979,0.9649,197.0184,1.8915,8.7662,-0.0253,4.3767,0.7923,16.4736,양품
0.8764,-0.011,60.1367,0.0254,0.0,69.3333,0.0,1.939,15.93,0.0,6.5683,0.0,0.9791,0.0,0.0,8.7696,0.0198,6.098,0.7713,19.1236,양품
-1.9682,-0.0082,52.2003,0.0163,-5442.75,66.9889,4.2113,0.4258,15.95,164.3705,7.4635,0.1339,0.9838,331.9923,2.0042,8.5334,0.0045,6.0106,0.7611,21.9682,양품
3.2964,-0.0083,52.9323,0.0264,-6451.75,66.6,2.0392,-0.9461,15.95,169.5897,5.7283,0.0477,0.9554,175.7695,1.859,9.1156,-0.0161,5.2347,0.7527,16.7036,양품
4.3818,-0.0065,90.2486,0.0291,-6364.25,69.1111,2.2186,0.2365,15.95,299.2662,5.4181,0.0542,0.9602,226.0802,1.8895,8.7568,-0.0307,4.9731,0.8207,15.6182,양품
0.5082,-0.0087,88.2521,0.0168,-5521.25,69.9,2.6216,-0.1419,15.98,240.5695,6.2989,0.0842,0.9649,359.5695,2.0125,8.5615,-0.0006,6.3934,0.827,19.4918,양품
0.4373,-0.0102,46.3054,0.0215,-6317.25,66.7,4.6952,0.0473,15.97,208.3403,6.4175,0.1141,0.9602,203.6621,1.8848,9.1156,-0.0121,6.2241,0.8162,19.5627,양품
-0.6609,-0.0142,43.6236,0.0138,-5508.5,68.1111,1.566,-0.615,15.8,220.9472,6.5332,0.0489,0.9507,733.9076,1.9788,8.7812,-0.0054,5.3927,0.7833,20.6609,양품
2.5055,-0.0082,74.277,0.0196,-5249.25,74.6667,3.987,0.2365,15.95,144.4123,7.2215,0.137,0.9602,459.9387,1.9752,8.3331,-0.0166,6.6033,0.8207,17.4945,양품
0.4027,-0.0096,41.5045,0.0245,-6564.5,68.3333,4.7505,-0.615,15.8,259.531,5.0057,0.1028,0.9507,211.4687,1.8965,8.7696,0.0189,3.8517,0.7833,19.5973,양품
-1.2973,-0.0115,26.2009,0.0263,-5648.25,67.7556,2.9858,1.939,15.93,144.8962,4.4843,0.0988,0.9791,530.0549,2.018,8.5334,0.0442,4.3183,0.7713,21.2973,양품
4.4827,-0.0092,82.3848,0.017,-6249.25,69.4778,2.4124,0.0473,15.87,288.6432,5.4552,0.0546,0.9365,240.0797,1.884,8.5855,0.0233,4.6359,0.7747,15.5173,양품
0.3036,-0.01,48.1807,0.0216,-5667.75,69.6333,1.795,0.4258,15.95,126.0344,6.3964,0.0661,0.9838,290.5838,2.0075,9.308,-0.0218,5.5401,0.7611,19.6964,양품
2.5718,-0.0108,23.2558,0.024,-5440.5,67.2778,4.5018,-0.615,15.8,117.6974,6.57,0.1528,0.9507,36.5194,2.0015,9.6938,0.0017,5.3774,0.7833,17.4282,양품
-0.0555,-0.0133,36.773,0.0307,-5701.0,70.0556,4.1721,-0.615,15.8,232.8896,6.2269,0.1419,0.9507,351.7907,1.993,8.7283,0.0164,5.012,0.7833,20.0555,양품
-0.4455,-0.008,67.2897,0.0212,-6308.75,67.7444,4.3009,-0.615,15.8,288.544,5.3724,0.096,0.9507,148.2821,1.8855,8.8384,0.0095,4.8766,0.7833,20.4455,양품
-1.1582,-0.0098,66.4962,0.0331,-6449.25,70.0222,2.0752,-0.615,15.8,350.6461,5.6406,0.0432,0.9507,197.1689,1.8793,8.9546,-0.0083,5.0145,0.7833,21.1582,양품
-0.4073,-0.0106,32.9412,0.0319,-6724.5,70.1,5.5431,-0.615,15.8,330.8548,5.8332,0.1329,0.9507,882.1574,1.8935,8.5334,0.004,5.7115,0.7833,20.4073,양품
0.1155,-0.0079,64.455,0.0128,-5646.25,69.4222,2.9371,-0.1419,15.98,159.0417,7.5303,0.0983,0.9649,496.5886,2.0027,8.5788,-0.0032,6.5395,0.827,19.8845,양품
-8.64,-0.0067,93.3333,0.0295,-5336.0,68.7333,3.2539,-0.615,15.8,142.0197,5.2204,0.1001,0.9507,509.2655,1.9933,8.5788,-0.0124,4.5076,0.7833,28.64,양품
3.19,-0.0108,45.4756,0.0286,-5699.75,69.4,3.6027,0.4258,15.95,609.531,6.2613,0.1176,0.9838,295.4537,2.0112,8.7283,0.0086,4.7621,0.7611,16.81,양품
-2.0836,-0.0104,35.6627,0.0182,-5386.5,67.9778,1.1425,0.4258,15.95,86.6925,5.9629,0.0347,0.9838,173.792,2.0112,8.7568,-0.0423,6.5486,0.7611,22.0836,양품
-1.1527,-0.0101,37.4846,0.0228,-5374.75,69.5889,2.3904,-0.615,15.8,289.4299,5.2162,0.0817,0.9507,748.6621,2.0155,8.5615,-0.0069,4.606,0.7833,21.1527,양품
2.99,0.0203,20.6769,0.0461,-5513.5,65.9111,3.0497,0.0473,15.87,377.281,5.0532,0.0985,0.9365,355.1549,2.0317,9.754,-0.0102,4.4492,0.7747,17.01,양품
1.5582,-0.0086,68.8047,0.0222,-6433.5,69.8444,2.299,0.4258,15.95,321.8411,5.9053,0.0496,0.9838,238.3478,1.8872,8.441,-0.0262,5.3721,0.7611,18.4418,양품
-0.5464,-0.0097,22.6221,0.0239,-6374.25,68.1667,0.6455,0.0473,15.87,359.8123,6.4715,0.0152,0.9365,644.7177,1.8805,8.7696,0.0103,6.1883,0.7747,20.5464,양품
2.8618,-0.0071,65.0177,0.0255,-5538.75,69.8,2.2628,-0.4731,15.88,105.4103,6.549,0.0688,0.9176,387.2737,1.9932,8.77,-0.0036,6.6476,0.8318,17.1382,양품
-4.4482,-0.009,89.1365,0.011,-6507.75,66.6778,1.3234,0.0473,15.87,167.3248,6.724,0.032,0.9365,315.6046,1.8772,9.1156,-0.0202,5.8306,0.7747,24.4482,양품
2.43,-0.0082,48.5584,0.0163,-5397.25,68.9444,1.3252,1.939,15.93,205.795,6.1488,0.0435,0.9791,348.8919,2.0098,8.4896,-0.0084,6.1795,0.7713,17.57,양품
1.17,-0.007,45.5516,0.0234,-5545.75,66.1778,1.927,-0.4731,15.88,109.2062,6.3433,0.066,0.9176,257.1827,1.9935,8.8132,-0.0287,5.8371,0.8318,18.83,양품
-1.93,-0.0142,39.3327,0.0274,-6529.75,70.4111,3.9598,0.2365,15.95,282.4965,5.5841,0.0893,0.9602,136.3192,1.8898,8.7418,-0.0048,4.4387,0.8207,21.93,양품
2.6373,-0.0083,36.1991,0.0197,-6468.25,68.7222,3.0777,0.0473,15.87,248.8433,5.2818,0.0763,0.9365,245.2786,1.896,8.7568,0.0044,4.6978,0.7747,17.3627,양품
3.4827,-0.0099,42.3707,0.0368,-5573.25,67.6111,2.7235,0.2365,15.95,122.0287,6.1437,0.0852,0.9602,275.1586,2.0022,8.8132,-0.0083,6.5545,0.8207,16.5173,양품
2.0173,-0.0099,42.3174,0.0187,-5760.75,68.2556,1.1957,-0.4731,15.88,124.4063,4.6202,0.045,0.9176,601.9974,2.0042,8.77,-0.0067,4.0492,0.8318,17.9827,양품
1.5527,-0.0106,51.0638,0.0224,-5618.75,59.9667,2.3175,0.7569,15.9,267.1908,4.6827,0.051,1.002,286.2463,1.8725,9.3851,-0.0312,4.2178,0.8057,18.4473,양품
-8.6982,-0.0102,26.4059,0.0233,-6417.75,72.2667,4.4997,-0.4731,15.88,262.1099,4.7052,0.0997,0.9176,158.6366,1.885,8.441,-0.0112,4.5303,0.8318,28.6982,양품
-2.3391,-0.01,196.0199,0.023,-5442.75,69.2,2.6031,-0.4731,15.88,106.4378,6.1435,0.0974,0.9176,406.1801,1.9875,8.7812,-0.0072,5.4163,0.8318,22.3391,양품
4.1782,-0.0092,59.0164,0.0174,-6425.25,70.3,1.459,0.7569,15.9,363.971,6.7404,0.0343,1.002,120.5028,1.8968,8.5232,0.0144,6.4076,0.8057,15.8218,양품
4.1455,-0.0075,92.4623,0.0162,-5247.75,67.7556,1.6636,-0.4731,15.88,87.2597,6.5758,0.0592,0.9176,307.3829,2.0245,8.5288,-0.009,5.1538,0.8318,15.8545,양품
4.0555,-0.0112,58.0357,0.0416,-6660.25,69.2667,2.2479,0.7569,15.9,169.781,5.5267,0.0467,1.002,74.5671,1.8872,8.7696,0.0117,5.0437,0.8057,15.9445,양품
1.54,-0.0075,120.603,0.0256,-6656.5,68.7,2.8557,0.2365,15.95,260.5904,6.5531,0.0635,0.9602,176.0407,1.8868,8.7662,-0.0356,5.4922,0.8207,18.46,양품
2.8627,-0.0108,58.2659,0.0276,-6375.25,68.3222,3.9967,0.0473,15.87,136.871,5.045,0.1001,0.9365,162.4918,1.8722,9.0425,-0.002,4.7174,0.7747,17.1373,양품
1.7755,-0.0142,36.0106,0.0124,-6233.5,65.8556,2.7686,1.939,15.93,57.9849,6.7019,0.0584,0.9791,74.5229,1.8585,9.0425,0.0083,5.8777,0.7713,18.2245,양품
16.6491,-0.008,39.8754,0.0185,-5748.5,67.5,1.8788,0.7569,15.9,1544.6842,5.2334,0.0683,1.002,374.1742,2.0285,8.8132,-0.0091,4.6315,0.8057,17.239,불량
1.9255,-0.0092,60.1093,0.0236,-5519.75,67.3889,3.5987,-0.4731,15.88,303.7483,5.4746,0.1234,0.9176,130.7042,1.9988,9.0121,0.03,5.3191,0.8318,18.0745,양품
-1.3727,-0.0089,42.6966,0.0186,-6385.75,69.7778,2.1369,-0.5204,15.89,294.628,5.802,0.0495,0.9933,79.9557,1.8805,8.4896,-0.0095,5.0021,0.791,21.3727,양품
2.6218,-0.0101,61.3861,0.0199,-6284.25,68.7667,2.3301,0.7569,15.9,193.3822,6.9764,0.0556,1.002,227.3461,1.8962,8.4896,-0.0105,5.4606,0.8057,17.3782,양품
-0.7782,-0.0107,45.6345,0.0256,-6048.5,67.8556,3.6814,-0.1892,15.86,85.3048,5.1135,0.111,0.9933,1152.8147,2.0128,8.7568,-0.0129,5.529,0.7804,20.7782,양품
-0.3918,-0.0106,26.5089,0.0201,-5486.25,68.3778,1.3292,0.0473,15.79,192.7918,5.6784,0.0426,0.9554,402.1703,2.0093,8.7932,0.0073,5.2638,0.7585,20.3918,양품
-0.9691,-0.0111,24.2424,0.012,-5201.5,74.1333,4.1509,0.0473,15.79,76.1271,5.5702,0.1345,0.9554,647.3544,1.9472,8.3273,-0.008,4.9243,0.7585,20.9691,양품
5.0955,-0.0093,62.5337,0.0129,-5553.5,69.1444,4.444,0.4258,15.85,169.9814,5.2581,0.1389,0.9933,633.4417,1.9713,8.7662,0.0049,4.8642,0.8297,14.9045,양품
-1.1173,-0.0091,45.9016,0.0259,-6316.75,69.6111,1.8576,0.0473,15.87,277.3331,5.9137,0.0416,0.9365,166.5761,1.8912,8.8384,0.015,4.7823,0.7747,21.1173,양품
3.3364,-0.0099,56.7089,0.0187,-6394.5,72.9,1.503,0.0473,15.79,174.0084,5.9788,0.0316,0.9554,204.3502,1.8847,8.4896,0.0254,5.1035,0.7585,16.6636,양품
0.9827,-0.0106,63.0588,0.0188,-6331.25,70.6,3.8641,0.4258,15.85,278.1383,7.4488,0.0838,0.9933,147.7258,1.891,8.4896,-0.0189,6.6211,0.8297,19.0173,양품
-0.6727,-0.0112,29.3333,0.0169,-6325.0,74.5222,2.1795,-0.5204,15.89,104.2465,5.988,0.0526,0.9933,228.8202,1.8662,8.3436,-0.0112,5.7733,0.791,20.6727,양품
-0.7891,-0.0091,66.941,0.0267,-5728.5,74.2222,3.9834,0.0946,15.65,238.7788,5.1461,0.1268,0.9365,462.2355,1.9572,8.3273,0.0056,5.2129,0.7681,20.7891,양품
1.7618,-0.0101,45.6576,0.0137,-6410.75,74.1333,4.3532,0.0473,15.79,266.3136,5.9455,0.1038,0.9554,106.0483,1.8847,8.3436,-0.0145,5.721,0.7585,18.2382,양품
2.4582,-0.0125,55.7769,0.0131,-5487.25,73.9778,6.8256,0.0946,15.65,268.9647,6.1671,0.2131,0.9365,347.6707,1.957,8.3273,-0.0153,4.8053,0.7681,17.5418,양품
2.9373,-0.0102,42.0538,0.021,-6627.25,66.7333,2.3419,0.0946,15.65,196.8203,6.3738,0.0502,0.9365,161.6238,1.853,9.22,-0.0123,5.6874,0.7681,17.0627,양품
1.9491,-0.0114,32.3497,0.0146,-4685.25,67.2444,4.3728,0.0946,15.65,197.8642,6.8891,0.1449,0.9365,1519.3115,1.9935,8.7932,0.0082,5.7308,0.7681,18.0509,양품
-1.4191,-0.009,36.8715,0.0237,-6424.5,66.0889,2.5281,1.04,15.68,292.6784,6.6799,0.061,1.045,212.7949,1.8812,9.22,0.0093,5.297,0.8076,21.4191,양품
0.2527,-0.014,32.1142,0.0157,-5501.0,68.7,4.297,0.0946,15.65,173.7189,4.8681,0.1489,0.9365,214.8302,1.9992,8.7073,0.0041,3.8496,0.7681,19.7473,양품
1.5927,-0.0094,44.5033,0.022,-5314.75,68.4778,5.9455,0.0946,15.65,91.5387,6.0304,0.1863,0.9365,584.2416,1.9835,8.7867,0.0113,5.662,0.7681,18.4073,양품
1.1845,-0.0104,31.769,0.0167,-5519.0,66.1444,2.9121,0.0946,15.65,301.053,5.1183,0.0953,0.9365,317.0457,2.0095,9.22,0.0039,3.4695,0.7681,18.8155,양품
-1.5764,-0.0112,28.6674,0.0158,-6492.25,71.5778,1.8745,0.0946,15.65,281.8244,5.9451,0.0404,0.9365,171.3367,1.8887,8.7073,0.0029,6.1252,0.7681,21.5764,양품
-0.2718,-0.0104,53.076,0.018,-5549.25,68.5444,1.5222,0.0,15.62,289.5599,5.6306,0.0489,0.946,1023.5733,1.9692,8.5615,-0.0005,5.2312,0.7435,20.2718,양품
-2.0291,-0.0121,200.823,0.0248,-6284.25,74.1778,2.9243,0.0,15.62,124.928,6.7291,0.096,0.946,1069.4885,1.977,8.3273,0.0027,5.5113,0.7435,22.0291,양품
3.5355,-0.0093,44.1454,0.0214,-6338.25,66.2889,1.6063,0.0,15.62,242.5509,5.57,0.0389,0.946,203.7685,1.9043,9.754,0.0028,5.5318,0.7435,16.4645,양품
0.8236,-0.0096,35.5556,0.0159,-6190.0,74.5444,2.415,0.0,15.62,610.2739,5.5964,0.0778,0.946,852.5573,1.9675,8.5889,-0.0034,5.4733,0.7435,19.1764,양품
-2.5836,-0.0108,40.6936,0.0152,-5335.0,68.1,3.9558,0.6623,15.96,205.7741,5.7088,0.1237,1.097,505.4483,1.9835,9.6938,-0.0086,4.8936,0.7067,22.5836,양품
3.4491,-0.0088,59.3438,0.0144,-5747.75,74.3333,1.4415,0.0,15.82,161.6746,5.4266,0.0543,0.9507,975.4549,1.9765,8.8889,-0.0177,5.2765,0.7537,16.5509,양품
1.0518,-0.0095,60.0791,0.0144,-5617.75,74.2333,0.9553,0.0,15.82,222.458,5.1335,0.0326,0.9507,96.5345,1.985,8.8889,-0.0047,4.8356,0.7537,18.9482,양품
3.4391,-0.0085,34.2688,0.0234,-5797.0,74.2778,1.1952,0.0,15.82,55.8174,5.4492,0.0471,0.9507,73.9594,1.9648,8.8889,-0.0279,5.5306,0.7537,16.5609,양품
-1.89,-0.0085,78.8235,0.0232,-6351.25,71.4,1.5731,0.2838,15.61,313.2288,5.8554,0.0387,1.068,269.9474,1.8832,8.4855,-0.0203,5.3152,0.7879,21.89,양품
1.1627,-0.0131,37.3333,0.0155,-5532.5,74.4444,2.0016,0.0473,15.72,273.964,5.1306,0.0635,1.031,492.1311,2.0198,8.2638,0.0121,4.8,0.7639,18.8373,양품
-0.3236,-0.0118,33.9703,0.028,-6375.75,68.9556,4.3565,0.0473,15.72,277.9405,6.6782,0.097,1.031,216.5123,1.8905,9.3335,0.0102,5.9131,0.7639,20.3236,양품
2.1645,-0.0079,69.5103,0.0247,-5428.75,74.9111,1.7882,0.0473,15.72,58.6657,6.0185,0.0632,1.031,213.9554,1.9703,8.2823,-0.0035,5.257,0.7639,17.8355,양품
-1.9891,-0.0072,63.5579,0.0248,-5685.0,71.6889,4.3226,0.2838,15.61,135.2504,6.0701,0.1319,1.068,432.3579,2.0183,8.4896,-0.0166,5.1298,0.7879,21.9891,양품
-0.2482,-0.0112,30.2895,0.0164,-5464.75,71.1333,2.6766,0.0473,15.72,154.5661,5.9776,0.0883,1.031,332.6022,1.9865,8.7073,-0.0088,6.1718,0.7639,20.2482,양품
-1.6436,-0.0078,47.36,0.0202,-5539.5,73.7,4.85,0.0473,15.72,252.0251,5.4022,0.1536,1.031,326.1559,2.0,8.2823,-0.0082,4.8738,0.7639,21.6436,양품
5.1773,-0.0075,60.1002,0.0247,-5458.75,73.3,2.6641,0.0473,15.72,287.394,5.8757,0.0861,1.031,166.7461,1.9968,8.2638,-0.0166,5.8815,0.7639,14.8227,양품
5.8045,-0.0114,36.8825,0.0248,-5452.75,66.8222,1.6542,0.2838,15.61,72.7249,6.0902,0.0568,1.068,114.4097,2.007,8.7932,0.007,5.367,0.7879,14.1955,양품
-2.3691,-0.0127,35.2941,0.0152,-5623.0,66.6889,1.2742,0.2838,15.61,241.7147,5.4572,0.045,1.068,457.4706,1.9835,9.6938,0.002,4.6036,0.7879,22.3691,양품
5.9491,-0.0139,32.491,0.0242,-5831.25,74.6111,1.3145,0.0473,15.78,162.2981,5.643,0.045,0.9933,152.8995,1.9908,8.2823,-0.012,4.603,0.7954,14.0509,양품
5.4964,-0.0073,53.6082,0.0248,-5422.25,75.9111,2.0682,0.1419,15.63,523.1399,4.642,0.0635,1.059,460.5188,2.0063,8.2823,-0.0287,3.9258,0.7697,14.5036,양품
4.1464,-0.0099,62.7054,0.0202,-5618.75,74.9667,4.0082,0.1419,15.63,104.5223,5.0675,0.1273,1.059,398.1242,1.9672,8.5889,0.0129,4.2502,0.7697,15.8536,양품
3.8164,-0.0073,94.8454,0.0162,,,,0.1419,15.63,,5.5321,,1.059,,,8.7144,-0.022,4.722,0.7697,16.1836,양품
2.7582,-0.0062,80.4829,0.0206,-6482.75,66.4,3.7263,0.1419,15.63,157.5,6.3173,0.0817,1.059,198.5336,1.873,9.1156,-0.006,6.2269,0.7697,17.2418,양품
-3.0355,-0.0097,85.8991,0.0154,-5789.75,66.0556,2.802,0.1419,15.63,276.3782,5.1808,0.0897,1.059,231.1369,2.0105,9.7324,-0.0007,4.845,0.7697,23.0355,양품
-1.0991,-0.0085,35.2423,0.0154,-5273.0,68.0556,1.1981,0.1419,15.63,92.7613,5.4346,0.0374,1.059,158.0021,2.0045,8.5855,-0.0193,4.9715,0.7697,21.0991,양품
-0.9045,-0.01,18.929,0.0226,-6549.25,69.3667,1.9767,0.2838,15.61,238.1825,5.4403,0.0483,1.068,195.8884,1.8915,8.7696,0.0272,5.2888,0.7879,20.9045,양품
0.0282,-0.0107,31.7386,0.0227,-5469.5,73.3778,2.9512,0.2838,15.61,305.1497,6.7423,0.0908,1.068,316.7339,1.9703,8.5889,-0.0227,5.2025,0.7879,19.9718,양품
-2.1173,-0.0094,48.1283,0.021,-5248.25,68.1444,3.0678,0.1419,15.63,285.5568,5.8922,0.0963,1.059,487.2606,1.972,8.8519,-0.0048,5.6571,0.7697,22.1173,양품
-3.1518,-0.0092,14.1113,0.0171,-6364.75,66.3778,2.6129,0.2838,15.61,95.3607,8.4508,0.0625,1.068,87.3971,1.8693,9.22,0.0021,8.3607,0.7879,23.1518,양품
-1.4173,-0.0163,25.2308,0.0272,-5410.75,75.8111,1.5866,0.2838,15.73,437.3439,5.4323,0.0533,0.9271,589.2166,1.9772,8.3006,0.0233,5.8937,0.8291,21.4173,양품
0.8536,-0.0081,61.4439,0.0301,-5428.5,65.9444,4.1842,0.2838,15.73,70.703,5.6452,0.1267,0.9271,281.185,1.9985,9.6938,0.0233,5.318,0.8291,19.1464,양품
-0.1391,-0.0119,37.7358,0.0241,-5467.75,73.3556,2.232,0.2838,15.73,985.9461,5.3831,0.0742,0.9271,348.2713,1.9417,8.3006,0.0083,4.8045,0.8291,20.1391,양품
-1.9982,-0.0083,59.97,0.0235,-6285.0,76.8556,4.1129,0.2838,15.73,208.3147,5.2257,0.1236,0.9271,1373.398,2.035,8.3006,-0.0049,4.9061,0.8291,21.9982,양품
0.5564,-0.0088,43.1206,0.0259,-5342.5,76.4222,1.9852,0.2838,15.73,272.278,4.2563,0.0589,0.9271,345.001,2.023,8.3006,-0.0037,3.1757,0.8291,19.4436,양품
-0.2418,-0.0099,57.7947,0.0193,-6489.25,71.2889,1.4674,0.1419,15.63,244.8106,8.1605,0.0345,1.059,229.2762,1.8913,8.7073,-0.016,8.8378,0.7697,20.2418,양품
-1.7136,-0.0092,103.2609,0.0228,-5098.25,73.3333,1.2925,0.0,15.51,229.7578,5.5502,0.0422,1.021,1299.0567,1.9892,8.5407,-0.0173,5.0928,0.7488,21.7136,양품
-1.3073,-0.0073,57.8313,0.0254,-6301.5,71.4444,3.4599,0.0,15.51,201.1622,6.2418,0.1176,1.021,867.3963,2.0265,8.2638,-0.0298,5.3122,0.7488,21.3073,양품
0.8827,-0.0079,87.7583,0.0378,-5570.25,74.2889,1.6417,0.2838,15.73,1164.8867,5.4597,0.0521,0.9271,320.0473,1.959,8.3006,-0.0199,5.1688,0.8291,19.1173,양품
3.2655,-0.0028,206.2222,0.0145,-5636.75,67.4778,3.934,0.2838,15.61,1573.0821,6.0589,0.1306,1.068,1546.8116,1.9775,9.754,-0.0213,5.1511,0.7879,16.7345,양품
1.0673,-0.0093,52.5469,0.0169,-5714.25,72.3778,4.7926,0.2838,15.73,128.3381,5.4158,0.1597,0.9271,194.548,1.974,8.5003,-0.009,5.2407,0.8291,18.9327,양품
-0.1773,-0.0105,31.5789,0.0131,-5801.25,73.1222,2.643,0.1419,15.63,270.4071,5.6363,0.0836,1.059,203.5704,1.9623,8.5889,-0.001,5.5662,0.7697,20.1773,양품
3.0791,-0.0117,35.1931,0.0295,-5183.0,75.0,2.7664,0.0473,15.78,212.7916,5.8868,0.0883,1.144,304.4722,1.9922,8.3006,0.0188,5.5619,0.8216,16.9209,양품
3.6664,-0.0088,65.7224,0.0246,-4858.25,75.2222,3.378,0.0473,15.78,302.4449,5.2999,0.1168,1.144,1078.9657,1.97,8.5596,-0.0109,4.7127,0.8216,16.3336,양품
4.0555,-0.0084,59.2593,0.0319,-5218.25,71.6333,3.1631,0.0473,15.78,221.101,5.7105,0.1024,1.144,334.4173,1.945,8.6074,0.0018,5.9585,0.8216,15.9445,양품
-3.2082,-0.0111,69.4476,0.0231,-5520.25,74.3,0.8758,-0.3784,15.74,183.8503,5.1408,0.0305,1.144,34.5965,2.0023,8.3006,0.0075,4.5548,0.7447,23.2082,양품
-2.1182,-0.0101,64.4362,0.0267,-5408.25,72.7556,3.0219,0.0473,15.78,131.0226,5.119,0.0984,1.144,109.6521,1.9758,8.5801,-0.0014,4.8842,0.8216,22.1182,양품
0.4855,-0.0091,48.0874,0.0243,-5160.0,75.0,4.2276,0.0473,15.78,209.1353,4.8482,0.1256,1.144,626.3295,2.003,8.3179,0.0155,4.5,0.8216,19.5145,양품
0.3391,-0.0094,37.0861,0.0231,-5116.5,72.6778,2.1201,0.0473,15.78,129.4025,5.4988,0.0725,1.144,683.6863,2.006,8.5889,-0.0025,5.3071,0.8216,19.6609,양품
1.4345,-0.0096,27.0833,0.0253,-5400.0,72.7444,1.9407,-0.3784,15.74,314.6103,6.1477,0.0762,1.144,343.0841,1.9848,8.3179,0.0113,6.0743,0.7447,18.5655,양품
1.8164,-0.0089,46.0028,0.0226,-5763.0,75.2444,3.661,0.0,15.66,383.3766,5.7979,0.1305,1.286,356.9809,1.9367,8.2638,-0.019,5.5569,0.7308,18.1836,양품
0.56,-0.0124,56.4516,0.0263,-5646.5,72.6222,1.5035,-0.3784,15.74,181.8727,5.029,0.0533,1.144,47.934,2.0248,8.5801,0.0007,4.7622,0.7447,19.44,양품
-1.1427,-0.0064,73.2943,0.0249,-5544.25,76.3556,2.483,0.0473,15.78,260.0442,5.472,0.0832,1.144,268.1248,1.9905,8.3006,0.0072,5.2305,0.8216,21.1427,양품
5.4718,-0.0107,52.3364,0.031,-5310.5,75.2667,2.8383,-0.3784,15.74,195.8407,5.5698,0.0926,1.144,255.3409,1.9758,8.2395,-0.0091,5.6945,0.7447,14.5282,양품
-4.6736,-0.0086,37.1553,0.0253,-5377.25,72.0778,4.3629,-0.3784,15.74,135.1653,5.6868,0.1346,1.144,459.4848,1.9395,8.6074,-0.0015,5.1929,0.7447,24.6736,양품
1.2691,-0.0093,47.5034,0.0301,-5528.75,72.3,2.4773,0.0473,15.78,100.5419,5.5802,0.0741,1.144,491.5698,1.9955,8.3179,0.0089,4.8994,0.8216,18.7309,양품
1.6309,-0.0074,41.8919,0.0221,-5275.0,73.6889,4.6925,0.0,15.66,248.4338,5.5936,0.1447,1.286,284.859,1.9697,8.3006,-0.0233,5.0041,0.7308,18.3691,양품
3.1382,-0.0086,44.1219,0.0315,-5646.0,67.5333,3.398,0.0,15.66,193.6722,5.7609,0.112,1.286,259.7678,1.996,8.8424,-0.0244,5.8362,0.7308,16.8618,양품
1.91,-0.0104,59.9034,0.0217,-6468.0,72.9333,2.2062,0.0473,15.75,108.4727,5.5644,0.0496,1.059,198.1195,1.878,8.5003,-0.0228,5.5038,0.8692,18.09,양품
4.3955,-0.0108,24.102,0.0245,-5645.75,71.0333,3.6562,0.0473,15.75,279.6216,6.4329,0.1181,1.059,154.6703,1.976,8.8836,-0.0006,6.0982,0.8692,15.6045,양품
2.1173,-0.0092,43.3018,0.0231,-4675.25,74.4667,1.2372,0.0473,15.78,1681.1178,5.7019,0.0432,1.144,1061.0895,1.991,8.3179,0.013,5.3925,0.8216,17.8827,양품
2.3855,-0.0096,72.0627,0.0307,-5335.5,73.2778,2.4228,0.0,15.66,163.2327,5.558,0.072,1.286,291.8019,1.966,8.2638,-0.0069,5.7386,0.7308,17.6145,양품
1.2882,-0.0102,49.8778,0.0212,-5197.5,72.4333,1.5484,0.0473,15.75,525.9888,5.3749,0.0472,1.059,325.6752,2.0048,8.5596,-0.0132,4.717,0.8692,18.7118,양품
3.9027,-0.0106,33.9223,0.0217,-5892.25,75.4556,2.4074,0.0,15.66,419.8214,5.6221,0.0922,1.286,361.1162,1.992,8.3006,-0.0108,5.7572,0.7308,16.0973,양품
-2.5482,-0.009,70.9141,0.0238,-5322.25,72.9333,3.2188,-0.3784,15.74,79.1475,4.904,0.1089,1.144,149.6114,2.0217,8.5801,-0.0209,4.2309,0.7447,22.5482,양품
1.5218,-0.0102,37.1184,0.0281,-5536.5,74.6889,4.2637,0.0473,15.78,538.2994,5.8638,0.1539,1.144,134.9975,1.9648,8.6074,-0.0141,6.0308,0.8216,18.4782,불량
-0.8736,-0.0108,35.1852,0.0276,-5393.5,67.2778,1.271,0.0473,15.75,79.0459,4.6235,0.0386,1.059,279.6861,1.9743,9.754,0.0188,3.8327,0.8692,20.8736,양품
1.7073,-0.0088,45.4545,0.0258,-5545.25,68.6111,3.9707,-0.3784,15.74,115.2718,6.0207,0.1215,1.144,285.0805,1.9892,8.7073,0.0057,5.6196,0.7447,18.2927,불량
2.1982,-0.0107,73.9181,0.0219,-6002.0,70.9778,3.2255,-0.1419,15.54,73.7083,5.8384,0.1127,1.239,1054.3282,1.988,8.7073,-0.0119,5.5064,0.6847,17.8018,양품
2.4218,-0.0086,41.7391,0.0232,-6313.5,69.5222,0.8929,-1.135,15.73,200.0073,5.6986,0.0301,1.182,1025.4731,2.01,8.5862,0.0061,5.6009,0.6879,17.5782,양품
4.9555,-0.0097,48.329,0.0184,-1263.5,72.8778,400.0,-0.1419,15.54,1640.0,5.7798,0.4995,1.239,2527.0,0.4138,8.441,-0.0195,5.005,0.6847,15.0445,양품
1.8709,-0.0115,45.9372,0.0158,-5512.0,67.0111,3.5113,-1.135,15.73,187.8554,7.4754,0.1086,1.182,617.5862,2.0202,8.7932,-0.0018,6.3158,0.6879,18.1291,양품
0.7355,-0.0081,46.9861,0.0231,-4386.0,73.3444,2.8522,-0.1419,15.54,162.791,6.5044,0.0959,1.239,1556.3374,1.9633,8.572,-0.0293,5.396,0.6847,19.2645,양품
1.2809,-0.0112,41.9175,0.0208,-5371.25,72.5444,1.794,-0.5677,15.67,327.3534,6.2122,0.0593,1.163,67.8792,1.958,8.3331,-0.0145,5.3718,0.6697,18.7191,양품
5.5318,-0.0098,44.0461,0.0196,-5553.0,75.3333,3.1699,-0.5677,15.67,180.5298,5.3513,0.1094,1.163,539.0516,1.956,8.3006,-0.0458,4.4691,0.6697,14.4682,양품
-3.1227,-0.0111,45.9459,0.0249,-5352.25,67.4111,2.2872,-0.1419,15.54,434.9291,5.5427,0.0679,1.239,373.657,1.9775,8.5862,0.0203,5.3483,0.6847,23.1227,양품
6.1855,-0.0117,62.5938,0.021,-5472.0,73.6778,2.0364,-0.1419,15.54,123.6797,5.9816,0.0652,1.239,498.1252,1.9912,8.2981,-0.0292,4.9785,0.6847,13.8145,양품
1.9936,-0.0094,68.2667,0.0247,-5611.75,75.3667,3.4146,-0.5677,15.67,104.8062,5.7628,0.1197,1.163,409.9849,1.9665,8.5407,-0.0224,5.4128,0.6697,18.0064,양품
0.2436,-0.0086,57.2263,0.0236,-5456.75,72.8556,1.5023,-1.135,15.73,262.2842,5.383,0.0473,1.182,313.2224,1.9937,8.3331,-0.033,5.2618,0.6879,19.7564,양품
2.9073,-0.0101,59.1133,0.0225,-5196.75,75.2333,2.6571,-0.5677,15.67,469.3875,4.3798,0.0979,1.163,1133.7635,2.019,8.2638,-0.0111,3.981,0.6697,17.0927,양품
0.3491,-0.007,42.6288,0.0235,-5612.5,70.0111,1.575,-0.5677,15.67,223.7549,5.8604,0.0542,1.163,509.1238,2.0057,8.897,-0.0315,5.6315,0.6697,19.6509,양품
1.1136,-0.0102,58.5366,0.0263,-5867.0,75.7222,3.6702,-1.135,15.73,158.4727,5.3527,0.1284,1.182,858.7444,1.968,8.2395,-0.0173,4.9256,0.6879,18.8864,양품
1.3009,-0.0092,19.6721,0.0226,-5143.5,75.0889,2.9379,-1.135,15.73,126.9081,5.6737,0.1019,1.182,575.0956,1.9642,8.2395,-0.0143,5.282,0.6879,18.6991,양품
2.1918,-0.0108,29.6984,0.021,-5611.75,73.1222,2.4836,-0.8988,15.79,643.9024,5.5559,0.0831,1.239,646.9685,2.014,8.2395,0.012,5.2748,0.7402,17.8082,양품
,-0.0106,50.8235,0.0234,-6616.0,71.8556,1.1519,-0.8988,15.79,278.1277,5.6552,0.0298,1.239,157.4717,1.8923,8.6706,0.0051,4.9314,0.7402,,양품
0.1809,-0.0082,75.2656,0.0254,-5495.0,73.7222,4.4837,-1.135,15.73,252.7626,4.5473,0.1328,1.182,236.0847,1.9932,8.3179,-0.0115,3.499,0.6879,19.8191,양품
0.7482,-0.0102,37.3464,0.022,-5370.0,74.0111,2.9413,-1.135,15.73,248.2183,5.1075,0.0926,1.182,119.4208,1.9463,8.2395,-0.0032,5.2813,0.6879,19.2518,양품
2.5491,-0.0103,38.9294,0.0269,-5549.5,75.6222,5.643,-0.5677,15.67,195.2323,5.66,0.1838,1.163,230.2079,1.9675,8.3006,-0.0215,5.3835,0.6697,17.4509,양품
-0.6645,-0.0081,26.0465,0.0206,-6417.75,73.0556,4.2669,-0.5677,15.67,128.8471,5.5983,0.1021,1.163,157.9396,1.8725,8.5003,-0.0252,4.8683,0.6697,20.6645,양품
6.1882,-0.0108,53.7659,0.0194,-5440.25,71.4667,3.1323,-0.8988,15.79,139.7602,6.0917,0.0952,1.239,342.0715,1.9525,8.3273,-0.0012,5.3113,0.7402,13.8118,양품
4.6209,-0.01,70.2635,0.0235,-5563.5,74.4778,2.4821,-0.1419,15.54,231.829,5.4544,0.0737,1.239,1158.8861,1.9648,8.3542,0.0114,5.3458,0.6847,15.3791,양품
3.0345,-0.0115,34.8964,0.0183,-5470.25,73.5667,2.732,-0.4258,15.8,103.7284,4.7851,0.094,1.475,156.0756,1.986,8.4278,-0.0063,3.8832,0.7217,16.9655,양품
-4.2064,-0.0088,39.8293,0.0289,-5411.75,70.4778,3.7865,-0.8988,15.79,127.3172,6.1271,0.122,1.239,223.2284,1.988,9.0145,-0.0372,5.7851,0.7402,24.2064,양품
6.1727,-0.0098,36.8758,0.0197,-5762.75,74.8556,4.8462,-0.5677,15.67,157.3118,5.7073,0.1552,1.163,462.812,1.9748,8.3542,-0.0384,5.7232,0.6697,13.8273,양품
7.3164,-0.0105,75.9193,0.0169,-5585.25,74.5778,1.7555,-0.4258,15.8,163.9682,6.3023,0.0611,1.475,247.0848,2.0025,8.3588,-0.0121,5.4388,0.7217,12.6836,양품
4.5918,-0.0091,73.4247,0.0262,-5753.5,70.1556,3.0187,-0.4258,15.8,1901.6942,5.7703,0.1034,1.475,737.1678,2.0227,9.0145,-0.016,5.2891,0.7217,15.4082,양품
3.2273,-0.0076,87.4172,0.0252,-4961.25,65.8,2.9761,-1.135,15.73,225.9843,5.7088,0.0908,1.182,1407.9878,1.9948,8.6068,-0.0175,4.9097,0.6879,16.7727,불량
6.6827,-0.0101,59.4059,0.0247,-5505.5,71.0333,1.7146,-0.4258,15.8,115.4336,6.2277,0.0577,1.475,339.875,2.01,8.572,-0.0333,5.3465,0.7217,13.3173,양품
-4.6636,-0.0127,42.6036,0.0224,-5592.75,67.9889,1.1994,-0.4258,15.8,169.2277,4.5792,0.0406,1.475,157.967,2.0313,9.9964,-0.0167,4.1728,0.7217,24.6636,양품
3.5945,-0.0095,32.6316,0.0252,-5578.75,70.1667,3.0091,-0.8988,15.79,267.161,5.966,0.0914,1.239,388.5386,2.0383,9.131,-0.0077,5.7824,0.7402,16.4055,양품
2.4182,-0.0105,43.0108,0.0236,-5349.75,75.4333,3.0074,-0.4258,15.8,176.9717,5.96,0.0926,1.475,199.8506,1.986,8.5596,-0.012,5.3922,0.7217,17.5818,양품
4.6209,-0.0093,49.5289,0.0186,-5714.25,71.3222,2.9153,-0.1419,15.54,196.8849,5.9229,0.0909,1.239,435.2251,2.011,8.5801,-0.0092,5.3398,0.6847,15.3791,불량
2.2336,-0.0098,49.8094,0.0216,-5538.0,73.4778,0.7956,0.0,15.92,313.9739,5.5864,0.0255,0.9129,221.6017,1.9743,8.2981,-0.0092,4.59,0.8536,17.7664,양품
5.2064,-0.0102,37.3464,0.0207,-5466.75,73.6111,5.6992,0.0,15.92,428.1592,6.2473,0.2033,0.9129,165.7234,1.971,8.572,-0.0308,5.5206,0.8536,14.7936,양품
-0.5718,-0.0106,58.6982,0.0227,-6397.75,66.7889,2.1269,0.0,15.92,108.7026,5.009,0.047,0.9129,118.2156,1.8798,9.0121,-0.0016,5.1082,0.8536,20.5718,양품
7.0273,-0.011,25.4835,0.0224,-5515.5,70.3,3.4976,0.0,15.92,179.0203,5.2684,0.1157,0.9129,230.8455,1.9798,8.8624,-0.0087,5.1099,0.8536,12.9727,양품
2.1145,-0.0124,33.871,0.0289,-5617.5,72.6222,1.8057,0.7096,15.73,203.0049,5.1897,0.0541,0.9838,129.8448,1.9943,8.7932,0.0063,4.5199,0.8543,17.8855,양품
2.1973,-0.0104,28.8462,0.0222,-5517.75,74.5889,4.1446,0.0,15.92,208.5927,6.2556,0.1443,0.9129,224.0006,1.986,8.3179,-0.0019,5.5918,0.8536,17.8027,양품
4.9118,-0.0114,30.837,0.0154,-5122.5,70.9889,3.4151,0.7096,15.73,145.5988,5.1057,0.1259,0.9838,203.6836,1.9937,8.8624,-0.0215,4.2066,0.8543,15.0882,양품
4.8127,-0.0103,47.5728,0.0122,-6469.5,72.3444,3.2777,0.7096,15.73,169.7358,5.6728,0.0851,0.9838,183.5293,1.872,8.5003,-0.0335,5.7028,0.8543,15.1873,양품
4.4445,-0.0106,54.5882,0.0202,-5085.75,75.6778,1.5248,0.7096,15.73,100.0317,6.7223,0.0454,0.9838,93.1178,2.0017,8.2981,-0.0046,5.9852,0.8543,15.5555,양품
5.6155,-0.0101,51.358,0.0204,-4764.0,75.0889,0.6037,0.7096,15.73,306.5272,7.4824,0.0197,0.9838,812.0891,1.9905,8.3588,-0.0339,7.5368,0.8543,14.3845,양품
2.8136,-0.0101,30.7311,0.0164,-5195.75,68.4889,1.4995,0.7096,15.73,181.5764,6.2503,0.0556,0.9838,313.1596,2.0032,9.131,-0.0059,5.3717,0.8543,17.1864,양품
3.9527,-0.0115,35.5363,0.0228,-5569.75,74.0,1.9065,0.7096,15.73,326.9077,5.7861,0.0651,0.9838,407.189,1.9875,8.3588,-0.0152,4.6809,0.8543,16.0473,양품
3.4482,-0.0079,30.3318,0.0201,-5644.0,74.5556,2.653,0.0,15.92,370.3632,5.4498,0.0802,0.9129,478.4133,1.9913,8.5407,-0.0218,5.0486,0.8536,16.5518,양품
1.3445,-0.0136,34.4322,0.0208,-5250.75,72.9222,2.1324,-1.229,15.73,156.8757,5.6354,0.0693,0.9554,327.5377,1.959,8.2395,-0.0191,5.3658,0.7906,18.6555,양품
,-0.0108,42.3963,0.0148,-5334.75,69.5222,3.7221,0.0,15.84,434.5012,5.5089,0.1251,0.9176,428.7333,2.0232,9.131,-0.0296,4.6661,0.7865,,양품
0.9591,-0.0096,51.2418,0.0247,-5209.0,70.9,3.5809,0.4731,15.75,159.2911,6.3258,0.1162,0.8893,264.7955,2.0032,8.7015,0.0213,5.6312,0.7914,19.0409,양품
5.3191,-0.0119,46.3158,0.0221,-5392.5,73.2111,2.1759,-0.4731,15.68,171.6807,6.9993,0.0745,1.395,264.9446,1.9955,8.3591,0.0199,7.0081,0.666,14.6809,양품
-2.1555,-0.013,50.6232,0.0365,-5494.75,75.9,2.2081,-0.4731,15.68,142.3549,5.987,0.0789,1.395,338.873,1.9995,8.4278,0.0108,5.4907,0.666,22.1555,양품
1.7627,-0.0111,38.7824,0.0184,-5436.25,74.5333,3.0459,-0.8515,15.71,236.0104,6.4893,0.1062,1.532,116.603,1.9892,8.4278,0.0107,5.8891,0.6108,18.2373,양품
1.9273,-0.0127,41.6912,0.0185,-5472.0,74.8667,2.0232,-0.8515,15.71,202.7583,7.5497,0.0675,1.532,158.9277,1.9957,8.2832,0.0108,6.7733,0.6108,18.0727,양품
1.2327,-0.0104,27.0205,0.0256,-5481.75,72.6333,1.8688,-0.0946,15.65,23.4858,5.4225,0.0564,1.881,171.4961,2.009,8.3588,-0.0178,4.9006,0.6717,18.7673,양품
5.4209,-0.0136,24.9541,0.0222,-5261.0,67.3,3.7529,-0.8515,15.71,180.1247,5.9794,0.1138,1.532,200.9229,1.972,8.58,-0.0091,4.8239,0.6108,14.5791,양품
5.0818,-0.0086,46.6472,0.016,-6465.0,71.4333,4.2165,0.7096,15.73,117.55,5.792,0.1007,0.9838,69.9571,1.87,8.5003,-0.0064,5.9319,0.8543,14.9182,양품
5.5109,-0.0115,64.2082,0.0138,-5685.0,73.9889,3.599,-0.0946,15.65,150.799,5.9043,0.1431,1.881,930.4064,2.025,8.2981,-0.0035,4.658,0.6717,14.4891,양품
-0.07,-0.0329,13.6674,0.0299,-6413.25,69.2222,1.865,0.7096,15.73,357.9288,6.443,0.0415,0.9838,204.2961,1.8985,23.1583,0.0381,6.0472,0.8543,20.07,양품
0.5609,-0.0104,19.2308,0.02,-6515.25,67.6556,2.7612,0.4731,15.75,129.5364,6.1051,0.0633,0.8893,144.2738,1.866,9.0121,-0.0299,5.6994,0.7914,19.4391,양품
5.5964,-0.014,49.4624,0.0196,-5204.0,74.1222,4.5562,-0.5677,15.71,147.9966,5.8955,0.1525,1.607,257.1225,1.976,8.272,-0.0273,5.1948,0.5325,16.067,양품
5.3973,-0.014,39.3912,0.0288,-5416.5,75.4,2.5589,-0.5677,15.71,142.8388,5.9968,0.0769,1.607,296.5878,1.9867,8.272,-0.0276,5.2731,0.5325,16.345,양품
2.3182,-0.0105,48.6293,0.0267,-5502.0,70.7,1.0311,-0.5677,15.71,184.8466,5.6932,0.0362,1.607,200.8316,2.0178,9.131,-0.0213,5.1164,0.5325,17.6818,양품
6.0773,-0.0077,66.0194,0.0212,-5543.0,75.1889,1.6721,-0.5677,15.71,557.7425,6.7406,0.0696,1.607,305.9433,1.981,8.3436,-0.0302,6.7382,0.5325,13.9227,양품
4.3136,-0.0084,29.8507,0.0264,-5529.25,74.0333,2.647,-0.5677,15.71,243.0657,6.9159,0.0908,1.607,185.0898,1.95,8.272,-0.0053,7.5771,0.5325,15.6864,양품
-2.3509,-0.0123,60.3466,0.016,-5572.25,67.2889,1.8645,-0.1419,15.82,61.9704,5.5576,0.0635,0.9838,235.1714,2.0165,9.6938,0.0162,4.8893,0.8106,22.3509,양품
1.1618,-0.0086,55.814,0.0276,-5257.75,75.1667,3.3456,-0.5677,15.71,63.9759,5.8683,0.1181,1.607,263.7617,1.9695,8.5596,0.0178,4.5954,0.5325,18.8382,양품
0.5764,-0.0095,46.5608,0.0245,-5348.75,71.5111,4.5583,-0.8988,15.81,448.5302,6.3499,0.1431,1.824,130.1086,1.965,8.3273,0.0036,6.1332,0.5952,19.4236,양품
6.8491,-0.0134,21.6822,0.0272,-5418.75,68.3111,1.9871,-0.1419,15.82,334.6785,5.9756,0.067,0.9838,281.9662,2.0278,9.0061,0.0221,5.1105,0.8106,13.1509,양품
-0.7245,-0.0137,26.2056,0.014,-5704.5,72.3444,4.5804,0.0,15.74,84.7835,4.3803,0.146,1.031,403.6389,1.9808,8.287,0.0266,4.3376,0.8248,20.7245,양품
-0.2227,-0.0128,44.5313,0.0262,-5710.5,73.1333,0.9163,-0.8988,15.81,197.8373,5.5404,0.0357,1.824,214.0195,1.983,8.7932,0.0059,5.5685,0.5952,20.2227,양품
5.9155,-0.0123,35.6998,0.0317,-5344.25,74.2667,2.968,-0.1419,15.82,186.659,6.0134,0.0909,0.9838,883.8146,1.9783,8.2832,0.0373,4.5664,0.8106,14.0845,양품
2.4209,-0.0112,38.2222,0.0218,-5451.75,70.7778,4.5411,-0.1419,15.82,167.9494,5.915,0.1467,0.9838,264.1671,2.008,9.0145,0.0009,5.7593,0.8106,17.5791,양품
13.5518,-0.0141,28.4698,0.0254,-5249.0,73.4111,1.6891,-0.1419,15.82,192.7475,6.8253,0.0562,0.9838,210.9692,1.9987,8.9562,0.0044,6.1618,0.8106,6.4482,불량
3.0945,-0.0108,91.9861,0.0285,-5603.75,73.1222,2.0482,-0.8988,15.81,143.8912,5.7734,0.0617,1.824,124.0709,1.9743,8.3542,0.0093,5.16,0.5952,16.9055,양품
-1.2336,-0.0131,36.7816,0.0173,-5662.0,68.8444,1.619,-0.1419,15.82,127.3116,7.0915,0.0517,0.9838,1583.1187,2.015,8.6068,-0.0012,6.3808,0.8106,21.2336,양품
4.4409,-0.0136,113.9706,0.0162,-5477.5,75.7556,2.2007,-1.56,15.89,78.2752,6.0475,0.0748,0.9318,278.3409,1.9535,8.2832,0.0185,5.9653,0.822,15.5591,양품
-4.6109,-0.0142,25.3521,0.0188,-6521.5,66.0222,3.3982,-0.8988,15.81,102.9446,4.7402,0.0739,1.824,86.8735,1.8592,9.0811,-0.005,4.8076,0.5952,24.6109,양품
1.89,-0.0131,26.7431,0.0171,-5632.75,68.6444,2.1483,-1.56,15.89,126.2286,6.4735,0.0784,0.9318,278.7943,1.9897,8.7373,0.0097,5.6656,0.822,18.11,양품
0.4527,-0.0107,45.741,0.0209,-5619.25,73.4333,1.9099,0.0,15.84,272.7697,6.5385,0.0644,0.9744,426.9749,1.9705,8.7932,0.0075,5.7542,0.8264,19.5473,양품
-0.2036,-0.0117,44.397,0.0233,-5619.0,72.3444,1.9224,-1.56,15.89,127.8828,6.2248,0.0731,0.9318,293.3473,1.9398,8.3591,0.0147,6.5624,0.822,20.2036,양품
-3.7536,-0.0134,19.4211,0.0208,-5525.25,71.9444,2.342,-1.56,15.89,121.9002,6.4957,0.0788,0.9318,640.2095,1.9738,8.7932,0.0026,6.0489,0.822,23.7536,양품
-3.9045,-0.0132,27.3504,0.0638,-5207.25,71.6556,6.221,0.0,15.84,205.1,7.536,0.1937,0.9744,335.3619,1.9697,8.6149,0.0409,5.8287,0.8264,23.9045,양품
-2.81,-0.0121,27.1885,0.0197,-5391.75,75.5222,3.6365,-1.56,15.89,135.3252,5.1985,0.1103,0.9318,197.5186,1.9672,8.3591,0.0102,4.8218,0.822,22.81,양품
-2.6109,-0.0123,31.7073,0.0151,-5621.0,75.5889,2.2947,-1.56,15.89,137.2819,5.8323,0.0716,0.9318,494.9492,1.994,8.5571,0.033,5.2289,0.822,22.6109,양품
-2.6273,-0.013,35.3506,0.0179,-5561.0,67.3889,3.9217,-0.5677,15.86,435.2113,5.3998,0.1219,1.182,405.1452,1.9905,8.7646,0.0124,4.7197,0.8559,22.6273,양품
5.4709,-0.0123,23.6735,0.0133,-5652.5,74.9111,4.2759,0.0,15.84,105.4467,6.1519,0.1381,0.9744,255.0693,1.9818,8.8889,0.0099,5.446,0.8264,14.5291,양품
0.5218,-0.0093,49.1979,0.0214,-5627.5,72.2778,3.3873,0.0473,15.75,342.822,6.104,0.1147,1.702,178.1058,2.01,8.287,-0.0001,5.6321,0.6423,19.4782,양품
4.3982,-0.0127,45.6244,0.0203,-5334.0,71.1222,2.2314,0.0,15.77,130.8077,6.3857,0.0682,1.135,124.9293,1.9968,8.7373,0.0075,5.7121,0.7759,15.6018,양품
0.5518,-0.0123,44.8065,0.0273,-5639.75,72.6778,1.8908,0.0473,15.75,171.2707,6.4843,0.0635,1.702,264.1179,2.0035,8.287,0.001,6.4616,0.6423,19.4482,양품
1.4418,-0.0144,24.2845,0.025,-5567.75,72.4333,2.688,0.0473,15.75,194.561,5.3579,0.0835,1.702,158.3885,1.9708,8.6149,0.0211,4.807,0.6423,18.5582,양품
-2.5955,-0.0115,37.3507,0.0256,-5819.75,70.2111,2.393,0.0473,15.82,134.8406,5.6441,0.0764,1.853,252.1658,2.0082,8.897,0.0261,5.6201,0.555,22.5955,양품
-4.9018,-0.011,28.2139,0.019,-5767.25,70.0222,2.8627,0.0473,15.82,243.4603,5.3963,0.0906,1.853,444.5795,1.9727,8.7401,0.0152,5.6738,0.555,24.9018,양품
0.7636,-0.013,35.3846,0.0217,-5476.5,67.5556,2.4199,0.0,15.91,125.4548,5.8226,0.0733,0.9649,358.5903,2.0005,9.0425,0.0029,5.1894,0.8201,19.2364,양품
-2.7845,-0.0112,35.7942,0.0256,-5345.25,69.0556,3.9636,-0.4258,15.89,232.9326,6.0259,0.1214,0.9318,367.2296,2.0175,8.7635,0.007,5.5347,0.7965,22.7845,양품
-2.4709,-0.0135,31.0536,0.0287,-5250.75,68.8667,1.3195,0.0,15.91,199.4749,6.9644,0.0416,0.9649,130.1496,2.0015,8.7015,0.0244,6.186,0.8201,22.4709,양품
-3.2718,-0.0136,30.9963,0.0151,-5777.0,75.3556,0.5612,0.0,15.77,305.8152,6.0242,0.0174,1.135,232.733,1.9952,8.5571,0.014,4.6061,0.7759,23.2718,양품
2.1136,-0.012,22.5705,0.0214,-5327.75,70.3556,3.6164,0.0,15.77,105.8064,5.315,0.1088,1.135,258.3504,1.9755,8.7373,0.0169,4.8548,0.7759,17.8864,양품
3.9291,-0.0118,60.9524,0.0287,-5213.0,72.5778,1.8541,0.0,15.77,165.2601,6.3005,0.0659,1.135,340.6533,2.021,9.131,0.0098,5.572,0.7759,16.0709,양품
-0.5336,-0.014,30.0806,0.0213,-5138.75,70.5111,3.2099,0.0473,15.75,186.6429,6.0726,0.1037,1.702,243.6615,1.9565,8.7015,0.0071,5.5857,0.6423,20.5336,양품
-1.1836,-0.0122,15.5897,0.0184,-5406.75,75.9444,2.8655,0.0473,15.75,174.0479,5.1511,0.0912,1.702,81.5777,1.9515,8.5571,0.009,4.3132,0.6423,21.1836,양품
5.7945,-0.0125,28.8867,0.0242,-5300.5,72.8667,2.4534,-0.5677,15.86,109.9166,6.5033,0.0769,1.182,261.4135,2.0038,8.9562,-0.0039,5.8436,0.8559,14.2055,양품
-4.9682,-0.0117,36.7521,0.0232,-5497.5,74.1222,2.8166,-1.608,15.77,103.7127,5.9198,0.0909,1.617,252.7746,2.0055,8.5571,0.0021,5.4739,0.5812,24.9682,양품
-0.9136,-0.0117,37.6068,0.0173,-5398.75,73.6111,2.1445,0.0473,15.82,104.9921,5.9107,0.0652,1.853,119.1928,2.018,8.6695,-0.006,5.1966,0.555,20.9136,양품
-3.65,-0.0122,18.7755,0.0261,-5217.25,73.3778,1.9322,-1.608,15.77,205.0876,5.9777,0.0599,1.617,155.4014,1.9925,8.3663,0.013,5.2279,0.5812,23.65,양품
-2.5345,-0.0119,37.0137,0.0228,-5394.75,70.3111,2.7903,-1.608,15.77,185.5254,5.5803,0.088,1.617,389.4923,2.0075,8.8581,-0.0187,5.2607,0.5812,22.5345,양품
0.86,-0.0128,76.7875,0.0225,-5397.5,67.0889,3.0696,-0.4258,15.89,100.4224,5.7839,0.1036,0.9318,152.6226,1.9965,8.7997,0.0073,5.2511,0.7965,19.14,양품
-3.4991,-0.0128,38.3562,0.017,-5543.0,73.7556,1.4238,-0.4258,15.89,79.6764,6.2725,0.0486,0.9318,136.0882,1.98,8.9833,0.0184,5.5903,0.7965,23.4991,양품
-5.2327,-0.0124,35.6275,0.0283,-5526.0,69.9222,3.2581,0.0473,15.75,1828.6043,6.7203,0.0999,1.702,385.0342,1.9962,8.7401,0.0216,6.532,0.6423,25.2327,양품
-1.79,-0.0136,30.0366,0.0151,-5445.5,72.3778,3.6955,-1.608,15.77,161.7063,6.1788,0.1178,1.617,496.1079,1.984,8.4278,0.0234,6.9322,0.5812,21.79,양품
1.0309,-0.0127,40.1575,0.0182,-4971.75,70.0111,4.8966,-1.608,15.77,102.6483,6.6719,0.15,1.617,955.6081,1.9888,8.7401,0.0125,5.9821,0.5812,18.9691,양품
-4.0109,-0.0124,41.8933,0.018,-5001.0,73.7667,2.8017,-1.608,15.77,247.5978,6.0738,0.0953,1.617,1188.8443,2.0,8.3663,-0.0058,5.6168,0.5812,24.0109,양품
1.4727,-0.013,42.9119,0.016,-5368.75,65.0778,3.6443,-0.4258,15.89,1791.9405,4.5335,0.1212,0.9318,287.5348,1.9955,9.0606,0.0112,3.8866,0.7965,18.5273,양품
-1.2427,-0.0133,35.272,0.0234,-6471.25,65.7,3.6954,-1.135,15.9,213.6046,5.4705,0.0907,0.9649,200.0573,1.8785,9.2016,-0.0116,5.1581,0.8391,21.2427,양품
2.4845,-0.0139,27.2646,0.013,-5335.0,72.2667,0.9541,-1.135,15.9,299.0255,5.2121,0.0348,0.9649,396.1793,1.991,8.8548,0.0141,4.5355,0.8391,17.5155,양품
0.79,-0.0117,17.0758,0.0168,-5613.0,63.0333,2.2816,-1.135,15.9,115.5981,4.423,0.0782,0.9649,211.6711,1.9973,9.1287,0.0289,4.1337,0.8391,19.21,양품
5.6618,-0.0136,35.3266,0.0218,-5459.0,66.3111,1.9597,0.0,15.91,159.2532,6.2036,0.0619,0.9649,236.5009,1.9908,8.6772,0.0217,5.7104,0.8201,14.3382,불량
-2.4345,-0.0101,52.6708,0.0203,-5398.5,69.3,3.7564,-1.797,15.8,126.3365,7.6774,0.1309,1.834,271.1562,1.9863,8.7635,-0.0028,6.1278,0.5662,22.4345,양품
-1.4027,-0.0113,30.9051,0.0184,-5012.75,67.6333,1.2423,-1.797,15.8,176.1865,5.4441,0.0411,1.834,174.9788,1.974,8.7635,0.002,4.9538,0.5662,21.4027,양품
-4.5936,-0.0115,45.1193,0.0181,-5248.25,69.8667,2.6491,-1.797,15.8,195.211,6.1794,0.0879,1.834,564.0705,2.036,8.7635,-0.0052,5.6279,0.5662,24.5936,양품
-0.3309,-0.0118,42.4178,0.0169,-5658.25,67.8111,4.5303,-1.797,15.8,110.2251,5.7652,0.1378,1.834,330.3376,2.014,8.7635,-0.0005,5.6983,0.5662,20.3309,양품
2.6718,-0.0107,36.534,0.0213,-5604.5,66.0111,0.7674,-1.797,15.8,224.5952,5.764,0.0251,1.834,178.8081,1.985,8.6772,-0.0111,5.2778,0.5662,17.3282,양품
4.9845,-0.0127,49.6063,0.0357,-5494.75,73.9333,3.198,-3.496,15.71,168.4567,5.7709,0.1057,1.763,192.377,2.0035,8.5801,-0.0022,5.0149,0.5638,16.733,양품
-3.4445,-0.0126,39.005,0.0255,-5549.25,73.2333,0.7436,-3.496,15.71,90.712,5.9415,0.0249,1.763,252.9063,2.0017,8.287,0.0093,5.8783,0.5638,23.4445,양품
2.2855,-0.0141,45.9364,0.0246,-5370.75,72.4778,4.9285,-3.496,15.71,207.6574,5.5605,0.1632,1.763,370.2066,2.0045,8.6149,0.019,5.3586,0.5638,17.7145,양품
22.4673,-0.0094,36.3151,0.0338,-5573.75,72.3556,2.7306,-3.496,15.71,202.1625,4.9316,0.09,1.763,304.3423,1.9693,8.2395,0.0049,4.3612,0.5638,21.38,양품
6.5645,-0.0047,80.6366,0.0228,-5370.25,72.4889,1.9705,-0.4258,15.89,151.6188,4.4655,0.0623,0.9318,383.0417,1.9695,8.9475,0.0214,4.0206,0.7965,13.4355,불량
-4.6227,-0.0109,36.6972,0.0617,-5599.25,75.0444,5.5988,-1.135,15.9,203.7766,5.3685,0.1761,0.9649,256.8247,2.0132,8.3591,0.0145,5.2019,0.8391,24.6227,양품
5.5455,-0.0138,34.8457,0.0212,-4994.25,66.2,2.8307,0.0,15.77,263.473,6.3218,0.0924,1.135,1239.7909,1.9715,8.6772,0.0233,5.6528,0.7759,14.4545,불량
-2.1518,-0.0126,41.2289,0.0187,-5515.0,73.1333,3.4478,-3.496,15.71,254.9915,6.7794,0.1232,1.763,375.5929,1.966,8.4278,0.0235,6.2171,0.5638,22.1518,양품
6.25,-0.0102,38.4236,0.0441,-5738.75,72.1,2.3246,-3.496,15.71,258.0354,5.4697,0.0721,1.763,248.5657,2.0157,8.3436,0.0073,4.2846,0.5638,13.75,양품
3.2509,-0.013,34.5158,0.0222,-5508.75,69.0556,1.6751,-1.135,15.9,136.0769,5.8371,0.0491,0.9649,370.7078,1.993,8.6772,0.01,4.6607,0.8391,16.7491,불량
0.9909,-0.0118,54.1799,0.0201,-5580.25,75.3889,3.3324,-3.025,15.71,242.7514,5.5692,0.1034,1.801,190.6609,1.991,8.3663,0.0089,5.3765,0.562,19.0091,양품
-3.8655,-0.0103,20.4629,0.0203,-5554.5,70.3556,1.9084,-3.025,15.71,113.3854,4.5618,0.0607,1.801,1672.8201,2.0273,8.6611,-0.0194,4.1925,0.562,23.8655,양품
-0.75,-0.0091,57.1429,0.025,-5692.5,67.7556,0.8601,-3.025,15.71,270.1918,5.4452,0.0294,1.801,378.626,1.9792,8.6544,-0.0017,5.1697,0.562,20.75,양품
0.2745,-0.0101,52.3457,0.026,-5834.75,70.9667,4.0018,-1.135,15.9,165.7166,5.9651,0.1212,0.9649,437.0747,1.99,8.6611,-0.0008,5.2063,0.8391,19.7255,양품
-5.9273,-0.0126,34.2289,0.0181,-5612.25,68.1667,4.6396,-3.496,15.75,278.5504,5.538,0.1488,1.805,543.4074,2.0192,8.7635,-0.0022,5.4888,0.5013,25.9273,양품
-2.9209,-0.0134,12.6512,0.0207,-5588.0,71.2111,1.1631,-3.496,15.75,228.7961,5.5445,0.0389,1.805,239.0899,2.0048,8.287,0.0067,5.2966,0.5013,22.9209,양품
-3.74,-0.0098,34.7826,0.0236,-5153.75,75.5556,2.5401,-3.496,15.71,155.3906,6.2653,0.0794,1.763,359.1039,1.9983,8.5571,-0.0006,6.9365,0.5638,23.74,양품
-0.0691,-0.0113,44.1014,0.0184,-5365.75,70.3444,1.0335,-3.025,15.71,82.4965,4.9591,0.0314,1.801,55.7038,1.9805,8.7401,-0.0053,4.4822,0.562,20.0691,양품
5.1136,-0.0121,43.8923,0.0183,-5437.0,70.1222,0.1787,-3.025,15.71,165.4839,5.0749,0.0062,1.801,195.3407,1.9795,8.7015,-0.0071,4.6386,0.562,14.8864,양품
1.7082,-0.0102,77.8325,0.0182,-5007.75,76.1667,0.9389,-3.025,15.71,64.3869,5.0656,0.029,1.801,127.1675,2.0173,8.9833,0.0038,4.3458,0.562,18.2918,양품
1.5555,-0.0143,27.2489,0.0165,-5357.5,71.4333,4.4907,-1.702,15.87,196.3133,5.2879,0.1486,1.097,339.0285,1.9915,8.6149,-0.0065,5.2748,0.7589,18.4445,양품
1.3136,-0.0116,19.8276,0.0198,-5031.25,63.7889,1.5006,-3.025,15.71,235.3402,4.9325,0.052,1.801,487.0143,2.025,9.1287,0.0147,4.5611,0.562,18.6864,양품
-1.0182,-0.0119,38.6555,0.0142,-5966.75,68.2,0.6471,-3.496,15.75,289.3084,5.0135,0.0228,1.805,434.9363,1.9848,8.7779,-0.0064,5.1021,0.5013,21.0182,양품
-0.9945,-0.0132,24.3115,0.0284,-5477.5,71.5444,0.6159,-2.647,15.82,222.5704,5.7735,0.02,1.182,82.9518,2.0002,8.287,-0.0002,5.4773,0.8349,20.9945,양품
-0.9236,-0.0112,59.6882,0.0225,-5759.75,66.9889,5.8775,-3.025,15.71,90.8277,5.4381,0.1815,1.801,474.4663,1.9835,8.7548,0.0084,4.8743,0.562,20.9236,양품
-0.6609,-0.0109,25.7471,0.0185,-5622.0,62.2889,3.2234,-3.732,15.73,125.0333,4.7264,0.0981,1.739,169.627,2.0032,9.1287,-0.0271,4.4306,0.5524,20.6609,양품
-0.1918,-0.0139,22.3423,0.0195,-5215.5,74.1556,1.891,-3.732,15.73,252.5132,5.5402,0.0598,1.739,133.7672,2.0002,8.4278,0.0079,5.1209,0.5524,20.1918,양품
-2.2818,-0.0115,45.9372,0.0235,-5540.5,66.8667,2.7916,-3.732,15.73,179.7171,5.7814,0.0899,1.739,399.5276,1.9752,8.7548,-0.0227,5.0315,0.5524,22.2818,양품
-5.9336,-0.0104,39.4231,0.0238,-6561.25,71.6444,3.5333,-3.496,15.71,191.7262,4.492,0.0785,1.763,223.1029,1.884,8.7199,0.0084,4.3584,0.5638,25.9336,양품
5.7182,-0.0107,39.0698,0.0246,-5526.0,68.7778,3.6212,-3.732,15.73,151.6784,5.5603,0.1151,1.739,385.1831,1.963,8.8546,-0.0109,4.8898,0.5524,14.2818,양품
-5.1255,-0.0132,47.1035,0.031,-5476.25,74.1111,2.1926,-3.732,15.73,110.7682,6.1328,0.0662,1.739,438.984,2.006,8.3591,-0.002,6.3926,0.5524,25.1255,양품
-2.1309,-0.0103,34.1048,0.0177,-5261.75,71.6444,3.4808,-3.732,15.73,89.8383,5.6093,0.1157,1.739,290.3841,1.9627,8.6149,0.0071,4.7273,0.5524,22.1309,양품
0.42,-0.0087,50.4298,0.0212,-5444.75,72.7667,4.9286,-2.647,15.82,114.3343,5.6325,0.1525,1.182,202.3205,1.991,8.6695,-0.0148,5.2587,0.8349,19.58,양품
-1.1945,-0.0106,40.423,0.021,-5290.0,72.7778,2.3572,-3.591,15.7,200.9052,5.2014,0.0736,1.909,295.074,1.9823,8.7932,0.0068,5.0336,0.5949,21.1945,양품
-3.5291,-0.0127,14.1454,0.0205,-6493.0,65.0889,2.0131,-3.025,15.71,102.4317,5.0479,0.0481,1.801,78.158,1.8657,9.0811,0.0075,4.763,0.562,23.5291,양품
-3.4291,-0.0125,31.8725,0.0173,-5743.25,72.3889,2.4456,-3.732,15.73,71.239,5.8914,0.0818,1.739,477.5056,1.9885,8.8562,-0.0064,5.646,0.5524,23.4291,양품
-2.1709,-0.0111,47.8016,0.016,-5364.0,70.5111,2.8348,-2.647,15.82,121.7771,6.7152,0.0964,1.182,207.6327,2.0192,8.6611,-0.0037,6.5282,0.8349,22.1709,양품
-5.9573,-0.012,34.3096,0.024,-5501.0,74.7778,4.2728,-2.647,15.82,140.4739,4.5082,0.1487,1.182,346.1531,1.9872,8.3663,0.0097,3.7552,0.8349,25.9573,양품
-1.0464,-0.013,37.7649,0.0314,-5537.0,72.3222,6.1442,-3.732,15.73,76.4084,5.6386,0.2143,1.739,158.7766,1.985,8.9562,0.0286,4.5742,0.5524,21.0464,양품
4.2391,-0.0133,33.9623,0.0199,-5423.25,76.4667,2.8448,-3.591,15.7,256.0747,5.3222,0.1034,1.909,210.7817,2.0023,8.9833,-0.0127,5.1421,0.5949,15.7609,양품
-1.6873,-0.0113,38.1798,0.0256,-4682.0,68.3667,2.1847,-3.591,15.7,190.7695,8.9893,0.0787,1.909,1011.3044,1.9882,8.7779,0.0083,9.6853,0.5949,21.6873,양품
1.0145,-0.0114,51.0451,0.0185,-6469.5,71.1667,1.9257,-3.591,15.7,291.4961,5.547,0.0441,1.909,163.8546,1.8835,8.7073,-0.0082,5.6399,0.5949,18.9855,양품
-0.8727,-0.0113,46.7991,0.0195,-5305.0,73.1556,3.5377,-3.591,15.7,123.4247,5.6351,0.1151,1.909,129.463,1.9952,8.6149,-0.0052,4.8403,0.5949,20.8727,양품
-4.2364,-0.013,32.9502,0.0249,-5671.25,68.0778,0.6602,-2.647,15.82,313.5219,5.8253,0.0221,1.182,153.4891,2.014,8.7401,-0.001,5.4142,0.8349,24.2364,양품
-5.1391,-0.0109,53.211,0.0142,-5614.75,65.6,4.8694,-3.779,15.74,37.8363,5.9498,0.1624,2.154,343.9432,1.9682,9.2016,-0.0046,5.6336,0.5708,25.1391,양품
1.54,-0.0101,42.3645,0.0171,-5459.75,73.3778,2.318,-3.779,15.74,250.076,6.4716,0.0824,2.154,210.229,1.9815,9.0639,-0.0113,5.5835,0.5708,18.46,양품
0.1082,-0.0114,50.7104,0.0225,-5504.75,65.6889,1.3269,-3.732,15.73,240.6967,4.5917,0.0441,1.739,371.509,2.0092,9.2016,-0.0065,4.0999,0.5524,19.8918,양품
-1.67,-0.0104,47.9042,0.0433,-5648.25,76.6333,4.4303,-3.591,15.7,110.6206,4.8494,0.1331,1.909,400.5824,1.996,8.9833,0.01,4.6553,0.5949,21.67,양품
-4.89,-0.0122,32.8205,0.0228,-5300.25,72.1889,1.5515,-3.779,15.74,66.1331,5.9451,0.0478,2.154,154.6617,1.9735,8.8078,-0.0297,4.5224,0.5708,24.89,양품
-6.5282,-0.011,19.1126,0.0258,-5121.5,74.3444,3.4534,-3.591,15.7,77.5005,5.7907,0.1044,1.909,372.202,1.9975,8.1166,-0.0096,4.8253,0.5949,26.5282,양품
7.03,-0.0125,19.2192,0.0165,-5491.75,69.6333,1.4738,-2.647,15.82,290.1326,5.5763,0.0442,1.182,1816.7802,1.9947,8.6068,-0.0082,5.097,0.8349,12.97,양품
-2.6355,-0.0103,51.5188,0.0162,-5409.0,65.0778,3.3183,-3.779,15.74,130.7628,4.9426,0.1193,2.154,309.4264,2.0023,9.0606,-0.0152,4.6397,0.5708,22.6355,양품
1.3936,-0.0111,20.7207,0.0156,-5274.25,66.8222,2.7346,-2.647,15.82,96.4106,5.5793,0.0829,1.182,531.0156,1.9962,9.6136,0.0114,5.437,0.8349,18.6064,양품
-3.7045,-0.0128,22.6562,0.0264,-5339.0,73.3667,1.3089,-3.591,15.7,106.2199,5.0433,0.0441,1.909,160.1645,2.023,8.6695,0.0147,4.9482,0.5949,23.7045,양품
-0.45,-0.0107,37.3396,0.0223,-5966.75,67.8778,1.5181,-3.779,15.74,159.0482,5.053,0.0539,2.154,1284.1135,1.9795,8.7779,0.0135,4.8461,0.5708,20.45,양품
-1.4564,-0.0124,56.5086,0.0209,-6351.0,63.8222,5.0252,-3.779,15.74,240.8656,5.7032,0.1178,2.154,135.206,1.8867,9.0606,0.013,4.7859,0.5708,21.4564,양품
-2.6364,-0.0098,52.1739,0.0167,-5623.5,70.7556,3.3086,-3.591,15.7,208.9519,6.2211,0.1141,1.744,543.1001,1.9962,8.8331,-0.0097,6.1669,0.5882,22.6364,양품
3.9818,-0.0116,34.5572,0.0196,-5303.0,65.9667,3.7781,-2.647,15.82,121.4863,6.4328,0.1335,1.182,735.6498,1.9805,9.0776,0.0083,6.0218,0.8349,16.0182,양품
-4.2327,-0.0096,54.3791,0.0184,-5675.0,68.0222,3.1853,-3.591,15.7,84.429,6.3413,0.1027,1.744,171.0614,2.0015,8.8546,-0.0063,5.5225,0.5882,24.2327,양품
-0.8045,-0.0093,61.2903,0.0152,-5439.25,69.1778,3.1744,-3.779,15.74,163.502,5.1675,0.1006,2.154,519.9143,1.9725,8.9979,-0.0035,4.8328,0.5708,20.8045,양품
-0.0164,-0.0103,43.849,0.0192,-5949.25,71.0778,2.6543,-3.591,15.7,112.1736,4.6711,0.0894,1.744,550.8432,1.9893,8.8548,-0.0007,3.8407,0.5882,20.0164,양품
0.7827,-0.0114,28.8525,0.0149,-6189.75,68.9,2.0561,-3.591,15.7,198.1161,6.1941,0.0721,1.744,1228.6994,2.001,9.0425,0.003,6.0528,0.5882,19.2173,양품
-0.4409,-0.0118,55.0265,0.0175,-5125.75,72.2889,1.8978,-3.591,15.7,161.2997,7.227,0.0566,1.744,337.5731,2.0038,8.3663,-0.0077,7.3488,0.5882,20.4409,양품
2.1136,-0.0095,58.6387,0.0189,-5387.0,75.0111,2.0772,-3.591,15.7,186.0025,4.9302,0.0693,1.744,174.3464,1.998,8.3663,0.0011,4.5756,0.5882,17.8864,양품
-1.66,-0.0099,49.4325,0.0231,-5145.25,68.5111,3.2232,-3.591,15.7,125.5212,6.3559,0.0987,1.744,676.2925,1.973,8.9191,-0.0166,4.8801,0.5882,21.66,양품
3.0982,-0.0126,25.3968,0.0192,-5548.25,67.9778,3.758,-2.647,15.82,182.5128,6.0793,0.1365,1.182,230.5521,2.0042,8.8546,-0.0149,5.1426,0.8349,16.9018,양품
1.4009,-0.0127,34.7826,0.0252,-5648.0,70.0667,2.2487,-3.732,15.7,273.9526,5.01,0.072,2.022,470.9848,2.0227,8.8581,-0.0015,4.8178,0.5833,18.5991,양품
1.1855,-0.0104,24.0964,0.0248,-6445.0,64.5889,3.0145,-3.732,15.7,160.4273,5.7919,0.074,2.022,254.2663,1.8847,9.2016,-0.0358,5.6364,0.5833,18.8145,양품
-2.6655,-0.0114,47.3684,0.015,-5441.5,68.1222,1.5047,-3.591,15.7,265.3388,5.5972,0.053,1.744,191.2424,2.0122,9.6136,-0.0236,5.172,0.5882,22.6655,양품
-1.31,-0.0106,64.0,0.0174,-5482.5,76.1778,2.1588,-3.591,15.7,53.394,5.2156,0.0646,1.744,231.2149,2.0183,8.1161,-0.0015,5.3544,0.5882,21.31,양품
-3.8836,-0.0102,51.1685,0.0276,-5307.5,64.9222,3.1069,-3.732,15.7,114.1793,5.7186,0.0952,2.022,249.2101,1.9837,9.2016,-0.0008,4.7478,0.5833,23.8836,양품
-1.5945,-0.0117,32.4094,0.0205,-5648.25,76.5556,1.7618,-3.591,15.7,86.9957,7.523,0.0667,1.744,172.2505,1.9945,8.9833,-0.012,6.575,0.5882,21.5945,양품
-1.7155,-0.0094,35.1531,0.0222,-5471.75,70.1333,1.3044,-3.732,15.7,444.5675,5.4893,0.0492,2.022,289.8349,2.0145,8.8519,-0.0019,5.1859,0.5833,21.7155,양품
-3.2882,-0.0105,59.9287,0.0213,-5399.25,69.6778,2.4651,-3.732,15.7,83.476,5.8043,0.0845,2.022,180.2875,1.9785,8.7997,-0.0063,5.4106,0.5833,23.2882,양품
-2.9182,-0.0108,44.5993,0.0247,-5707.0,69.6556,2.9835,-3.732,15.7,137.7861,5.7743,0.0893,2.022,252.5114,1.9713,8.7779,-0.0043,5.439,0.5833,22.9182,양품
,-0.0103,24.3013,0.0153,-5420.25,76.2444,2.3326,-2.647,15.82,293.9653,6.0257,0.0795,1.182,451.7192,1.9523,8.2981,0.004,5.1099,0.8349,,양품
-3.0882,-0.01,50.7463,0.0222,-5525.0,69.9444,2.305,-3.732,15.7,205.5343,6.9567,0.0892,2.022,69.728,1.9858,8.7015,-0.016,6.8245,0.5833,23.0882,양품
-0.0045,-0.0112,32.1788,0.0269,-5327.5,73.7667,3.1433,-3.732,15.7,173.3751,5.2657,0.1076,2.022,140.0417,1.999,8.1161,-0.0071,5.0227,0.5833,20.0045,양품
-5.8564,-0.0039,204.5307,0.0153,-5194.75,68.5556,3.6596,-3.732,15.7,42.103,5.7617,0.1363,2.022,676.3039,1.9765,8.6611,-0.0045,5.4321,0.5833,25.8564,양품
3.9673,-0.0117,66.881,0.0171,-6411.0,66.0333,4.1677,-3.732,15.7,123.9876,5.5414,0.0991,2.022,63.0608,1.8733,9.0811,-0.0032,5.2133,0.5833,16.0327,양품
0.7,-0.0106,48.9412,0.0175,-5339.5,75.7778,0.9081,-3.543,15.65,128.9457,5.0174,0.0272,1.735,192.2039,2.0057,8.1161,0.0146,4.5371,0.6304,19.3,양품
-6.6618,-0.0109,33.9061,0.0215,-5443.25,73.1222,2.3102,-3.543,15.65,211.2461,5.7831,0.0717,1.735,351.9719,2.009,8.3591,-0.0226,5.3554,0.6304,26.6618,양품
2.6345,-0.0079,76.9716,0.0255,-5776.75,72.2444,1.8535,-3.543,15.65,180.1469,5.241,0.0563,1.735,284.7787,2.0132,8.7932,-0.0089,5.1801,0.6304,17.3655,양품
-0.6327,-0.0122,40.0409,0.0197,-5352.75,68.1111,1.809,-3.543,15.65,28.6516,6.2417,0.0573,1.735,224.4777,1.9948,8.8581,-0.0011,5.7851,0.6304,20.6327,양품
-5.8818,-0.0119,31.8658,0.0256,-5352.5,70.2444,2.1217,-3.543,15.65,178.7335,6.4591,0.0663,1.735,210.6537,1.995,8.7373,0.0013,6.0565,0.6304,25.8818,양품
-2.2636,-0.0103,45.8537,0.0198,-5187.75,71.9444,2.0584,-2.93,15.76,114.1384,5.4689,0.0655,1.026,182.0831,1.9772,8.7373,0.0062,5.6739,0.8145,22.2636,양품
0.7382,-0.0118,33.9343,0.0176,-5546.25,76.9333,2.9018,-3.543,15.65,158.1252,5.1729,0.0899,1.735,424.9387,2.019,8.1161,-0.0046,4.774,0.6304,19.2618,양품
4.9082,-0.0127,33.1688,0.0132,-5588.0,70.7111,2.076,0.0,15.91,213.4797,6.3015,0.0639,0.9649,149.7465,1.9783,8.8836,0.0182,4.9167,0.8201,15.0918,양품
-1.1764,-0.0103,19.4647,0.0214,-6347.75,61.2111,1.3663,-2.93,15.76,350.3754,4.7149,0.029,1.026,181.147,1.8855,9.1287,-0.0107,3.6293,0.8145,21.1764,양품
-3.1182,-0.013,41.4986,0.021,-6335.25,64.6556,3.6774,-2.93,15.76,261.4006,7.4906,0.0803,1.026,148.1832,1.8902,9.0606,-0.0057,7.4418,0.8145,23.1182,양품
-2.5191,-0.0113,36.404,0.0234,-5383.25,74.7778,2.9352,-2.93,15.76,186.2624,5.7958,0.0898,1.026,131.137,1.9628,8.9833,0.0183,4.6278,0.8145,22.5191,양품
-0.9,-0.0085,70.7965,0.0183,-5475.75,63.4444,4.2852,-3.166,15.71,210.3037,5.391,0.1443,1.772,175.923,2.0038,9.1287,-0.0016,4.9177,0.5482,20.9,양품
2.23,-0.0085,55.4572,0.0192,-5333.75,66.4333,1.4391,-3.543,15.65,40.186,5.353,0.0488,1.735,267.8387,1.9823,8.7548,-0.006,4.7528,0.6304,17.77,양품
-1.0909,-0.0037,100.0,0.0177,-5346.25,67.1111,3.7469,-3.166,15.71,229.529,6.9877,0.1165,1.772,240.439,2.011,8.9191,-0.0107,6.0456,0.5482,21.0909,양품
-6.0845,-0.0098,65.557,0.0198,-5291.0,72.3222,2.4845,-3.449,15.72,195.4874,6.6364,0.0753,2.211,432.5082,1.9922,9.4336,-0.0082,6.0257,0.5793,26.0845,양품
0.4382,-0.0123,18.7755,0.0168,-6403.0,64.1778,2.2828,-2.93,15.76,340.7458,5.0402,0.0524,1.026,197.8838,1.8887,9.1287,-0.0041,4.547,0.8145,19.5618,양품
2.6227,-0.0104,38.5542,0.0294,-5984.0,69.1,3.8797,-3.449,15.72,184.35,6.7165,0.1202,2.211,315.3675,2.0035,8.897,-0.0126,5.8428,0.5793,17.3773,양품
-6.3391,-0.0113,35.3201,0.0158,-4951.25,68.6667,4.8414,-3.449,15.72,86.6886,5.3239,0.1509,2.211,89.9495,1.98,8.9191,-0.0026,5.0182,0.5793,26.3391,양품
-2.67,-0.01,56.7164,0.0257,-5167.0,74.9333,3.6323,-3.449,15.72,52.893,5.9385,0.1251,2.211,183.8496,1.983,9.0639,-0.0147,4.6569,0.5793,22.67,양품
-2.3891,-0.0114,45.6641,0.0255,-5135.0,65.2778,4.4132,-3.543,15.65,106.6005,4.3686,0.1423,1.735,242.7688,1.97,8.9221,-0.0016,4.2298,0.6304,22.3891,양품
-3.9218,-0.011,31.0148,0.0179,-5740.75,67.2111,1.2516,-2.789,15.79,150.8178,6.8358,0.0437,1.035,129.4588,1.986,9.6136,0.0125,6.6716,0.7595,23.9218,양품
-5.52,-0.0127,52.6523,0.033,-5834.5,68.8111,2.2231,-2.789,15.79,90.5796,5.8981,0.0765,1.035,397.4464,2.0017,8.58,0.0044,5.9831,0.7595,25.52,양품
-0.0636,-0.0106,55.9242,0.0253,-5176.25,67.5222,1.4899,-2.93,15.76,78.1793,6.3318,0.0459,1.026,239.4819,1.9968,8.9191,0.004,6.377,0.8145,20.0636,양품
-1.5991,-0.0112,72.0801,0.0257,-5159.75,71.5889,2.8098,-2.93,15.76,209.0732,4.8858,0.0928,1.026,393.0627,1.9828,8.5571,-0.0001,4.0017,0.8145,21.5991,양품
-2.2191,-0.0103,20.3144,0.0331,-5245.75,69.0889,2.3174,-2.789,15.79,111.5717,5.0736,0.0807,1.035,304.5985,1.9985,8.6544,0.0007,4.3147,0.7595,22.2191,양품
2.9864,-0.0136,35.3266,0.0266,-5327.5,72.1111,4.4041,0.0,15.7,100.4071,7.5929,0.1464,0.9838,419.9798,1.9923,9.0639,0.0058,6.4507,0.8253,17.0136,양품
0.2464,-0.0104,27.9518,0.0241,-5313.5,68.5444,2.1872,-3.119,15.93,76.3981,5.1716,0.0703,1.078,389.2938,1.987,8.9191,0.0027,4.6282,0.8307,19.7536,양품
0.7136,-0.0126,24.5059,0.0199,-5450.25,76.9667,2.566,-3.119,15.93,98.9242,4.8051,0.0862,1.078,362.3501,2.0057,8.1161,-0.0163,4.0528,0.8307,19.2864,양품
-3.9555,-0.0111,58.7571,0.0305,-5428.75,66.7778,0.6889,-3.119,15.93,143.3946,7.894,0.0221,1.078,168.7017,1.9868,8.6772,0.0009,6.8647,0.8307,23.9555,양품
0.5609,-0.014,29.2596,0.0212,-5580.75,66.3222,4.0701,0.0,15.66,89.9222,7.0939,0.1286,1.867,414.5466,1.962,9.2016,-0.0008,6.053,0.6029,19.4391,불량
-2.5682,-0.0117,62.5938,0.0171,-5573.0,67.5333,3.3334,0.0946,15.7,177.6989,5.538,0.1214,1.418,225.9366,1.9977,8.6799,-0.0086,5.1174,0.8046,22.5682,양품
-1.2991,-0.0146,21.3058,0.0179,-5334.5,68.9333,2.1098,0.0946,15.7,316.166,6.189,0.0664,1.418,491.7327,2.0125,8.9979,-0.011,6.1823,0.8046,21.2991,양품
-2.7282,-0.0129,31.8756,0.0143,-5181.75,71.3667,1.3154,0.0946,15.7,65.1172,5.8075,0.0394,1.418,479.4798,1.9712,9.0942,-0.0078,5.6499,0.8046,22.7282,양품
-5.4691,-0.0092,28.1843,0.1165,-5450.0,72.9333,2.6453,-3.119,15.93,186.5226,5.7673,0.0866,1.078,299.2357,1.989,8.9132,-0.0119,5.6578,0.8307,25.4691,양품
-2.1,-0.0142,26.7841,0.0324,-5626.25,69.1444,2.9171,-3.119,15.93,170.5032,5.8274,0.1033,1.078,167.9134,1.984,8.8546,0.0011,5.7471,0.8307,22.1,양품
-1.9827,-0.0137,29.927,0.015,-6171.0,67.5222,3.1527,0.0946,15.7,154.0065,5.5213,0.103,1.418,832.4642,1.9805,8.5862,-0.0247,5.0997,0.8046,21.9827,양품
-1.0545,-0.0108,23.0415,0.0207,-5693.75,74.0111,2.2095,0.0,15.7,163.3593,6.654,0.0729,0.9838,224.7093,1.9985,9.4336,-0.0036,7.0885,0.8253,21.0545,양품
-3.2055,-0.0132,38.5633,0.0293,-5715.5,73.5222,3.1482,0.0,15.7,174.3509,6.1787,0.1081,0.9838,173.7402,2.0282,8.5298,-0.0196,6.0632,0.8253,23.2055,양품
1.4609,-0.0107,47.7752,0.0208,-5663.5,69.1222,1.2925,0.0946,15.7,95.8797,5.5305,0.0457,1.418,154.5952,1.9995,8.897,-0.0125,4.7678,0.8046,18.5391,양품
-3.1227,-0.0113,27.464,0.0163,-5329.25,67.2889,4.5444,-2.789,15.79,173.5022,5.1815,0.1433,1.035,410.8174,1.9785,8.8581,-0.0016,4.7607,0.7595,23.1227,양품
-3.7509,-0.0086,39.708,0.0209,-5720.25,69.4222,4.2677,-3.449,15.71,97.2193,6.1863,0.1314,1.834,356.0799,1.9923,8.8581,0.0029,5.8352,0.5042,23.7509,양품
-3.2945,-0.0101,38.6617,0.0213,-5337.0,69.3222,2.4969,-2.93,15.76,244.4218,6.5968,0.0814,1.026,203.3994,1.9843,8.8624,-0.0041,5.8952,0.8145,23.2945,양품
-1.56,-0.0146,32.9614,0.0248,-5122.5,69.9,4.3895,-3.449,15.71,191.2503,6.1318,0.1418,1.834,303.5276,2.0038,8.9979,0.0053,6.4398,0.5042,21.56,양품
-1.0409,-0.012,26.5836,0.019,-5730.75,65.6444,2.0326,-2.364,15.58,104.5259,5.6454,0.0664,1.39,399.8553,1.966,9.0606,-0.0257,5.0911,0.807,21.0409,양품
-1.24,-0.0111,55.9819,0.0187,-5287.5,73.8333,1.264,-2.364,15.57,177.7965,7.0986,0.0411,1.749,322.1909,2.0038,9.4336,-0.0231,6.3204,0.7865,21.24,양품
-4.4882,-0.0145,29.6041,0.0182,-5621.5,66.9333,2.9927,-2.364,15.58,155.6171,5.7942,0.1031,1.39,321.0446,1.99,8.7548,-0.0117,5.0933,0.807,24.4882,양품
1.4409,-0.0121,48.1328,0.0158,-5596.25,72.0,5.0879,0.0,15.7,228.7202,5.464,0.1681,0.9838,497.3807,1.9973,8.8331,-0.0162,4.8353,0.8253,18.5591,양품
-0.0509,-0.0094,45.7447,0.0203,-5650.5,71.4889,3.3692,-3.779,15.75,183.5618,5.371,0.1053,1.447,783.5175,2.0083,8.7609,-0.0289,5.2404,0.7948,20.0509,양품
1.7318,-0.0098,38.6768,0.028,-5295.0,68.2444,0.7405,-3.543,15.65,293.1272,7.3335,0.023,1.735,194.8025,1.9785,8.6544,-0.0043,6.9688,0.6304,18.2682,양품
-0.2436,-0.013,45.4721,0.0247,-5344.25,72.7111,4.0417,0.0,15.7,50.9207,5.3134,0.1236,0.9838,252.7837,1.983,8.8078,-0.0219,5.5384,0.8253,20.2436,양품
0.38,-0.0116,37.149,0.0234,-5412.25,76.8778,3.3162,0.0,15.66,158.279,5.039,0.099,1.867,114.1676,1.981,8.1161,-0.0009,4.344,0.6029,19.62,양품
-2.1409,-0.0126,62.0278,0.0229,-5336.75,68.1111,1.0806,-3.779,15.75,153.8839,6.5589,0.041,1.447,351.1157,2.0172,8.7402,-0.0146,6.1143,0.7948,22.1409,양품
-2.0655,-0.0125,29.6,0.1015,-5407.5,71.9111,3.4134,-3.119,15.93,187.1693,3.6378,0.1094,1.078,223.6552,1.9875,8.7609,-0.0127,3.1921,0.8307,22.0655,양품
-4.3955,-0.0185,42.7316,0.0199,-5535.5,72.4,3.005,-3.119,15.93,163.0222,4.8406,0.0922,1.078,311.8338,2.0227,13.5481,-0.0099,4.5356,0.8307,24.3955,양품
-1.9291,,,0.0195,-5490.25,67.6,1.8804,-2.364,15.57,209.1236,6.2695,0.0613,1.749,155.7784,1.991,8.9979,-0.0032,5.951,0.7865,21.9291,양품
-4.6591,-0.013,30.7988,0.0205,-5358.5,74.4889,1.2565,-2.364,15.58,137.5609,6.3735,0.0432,1.39,300.9369,2.0257,8.8889,-0.025,6.0919,0.807,24.6591,양품
-0.5327,-0.0112,41.9175,0.0238,-5479.25,70.5333,1.954,0.0,15.7,136.1972,5.115,0.067,0.9838,224.0541,1.981,8.6611,-0.0032,4.7816,0.8253,20.5327,양품
-1.0827,-0.0133,39.9247,0.0269,-5278.0,69.6111,2.0231,-3.779,15.75,104.2833,6.9613,0.0645,1.447,359.2668,1.9675,8.598,-0.0043,5.4243,0.7948,21.0827,양품
-0.3727,-0.0179,22.9531,0.0178,-5611.75,73.5889,1.4174,-3.779,15.75,44.426,6.2445,0.0486,1.447,331.2918,2.0065,8.6074,-0.0021,5.4558,0.7948,20.3727,양품
-1.0473,-0.0131,34.2531,0.0201,-5320.0,71.4111,2.7464,0.0,15.7,183.4575,5.1909,0.0845,0.9838,208.4754,1.9817,9.4336,-0.0182,4.8628,0.8253,21.0473,양품
0.9736,-0.0139,30.2976,0.013,-5511.5,72.6778,1.9779,-2.364,15.57,181.4929,5.187,0.0587,1.749,465.538,1.9935,13.5481,-0.0194,4.2572,0.7865,19.0264,양품
-3.9509,-0.0147,19.0476,0.0236,-5535.0,73.1111,5.7361,-3.119,15.93,127.914,5.7221,0.2074,1.078,208.3187,1.972,8.5735,-0.0125,5.4857,0.8307,23.9509,양품
1.0027,-0.0139,38.9189,0.0221,-5477.0,72.2333,4.3187,0.0,15.7,50.7633,4.6087,0.1284,0.9838,172.4084,1.967,8.9132,-0.0012,4.3323,0.8253,18.9973,불량
2.8109,-0.0093,58.9023,0.0245,-5408.75,73.9778,1.8571,0.0,15.7,96.4642,6.1564,0.0609,0.9838,461.7289,2.0078,8.9132,-0.0236,5.2782,0.8253,17.1891,양품
-3.6145,-0.0151,39.6694,0.0165,-5699.25,74.0556,3.6975,-3.779,15.75,310.7893,4.8866,0.1163,1.447,171.3639,2.0288,8.5298,-0.016,4.6938,0.7948,23.6145,양품
-5.76,-0.0121,71.6787,0.0237,-5301.75,67.4444,1.8624,-3.119,15.93,174.9152,4.741,0.0566,1.078,224.1672,2.0057,9.6136,-0.0101,4.4662,0.8307,25.76,양품
-1.6109,-0.0069,62.4319,0.0178,-5377.75,73.8889,2.113,-1.939,15.69,110.1529,5.6492,0.0783,0.9649,358.9999,1.9918,8.4537,-0.0369,5.1779,0.8568,21.6109,양품
2.32,-0.0131,49.7132,0.0264,-5228.25,66.8,3.3068,-2.93,15.76,134.9975,6.9572,0.1118,1.026,176.0537,2.0012,8.7646,-0.0034,6.0846,0.8145,17.68,양품
-1.2491,-0.009,18.8889,0.0173,-5234.25,74.3222,4.5689,-2.553,15.75,158.1863,6.2034,0.1525,0.9413,165.024,2.0088,8.4537,0.001,5.7783,0.8443,21.2491,양품
0.1873,-0.0137,27.8134,0.0248,-5359.25,69.4222,1.4014,-2.033,15.8,134.1079,7.5845,0.0484,2.465,99.5804,2.0108,8.6544,-0.0044,7.849,0.8826,19.8127,양품
4.8791,-0.0103,37.9101,0.0185,-5684.5,72.0333,2.4309,-2.553,15.75,226.5647,6.6877,0.0795,0.9413,430.387,2.0088,8.942,-0.0119,5.5662,0.8443,15.1209,양품
-2.0209,-0.0126,27.8607,0.0182,-5685.5,72.8,4.1745,-3.072,15.69,270.6221,7.3463,0.141,0.9649,550.3317,1.9398,8.4537,-0.0254,6.053,0.8238,22.0209,양품
-0.7391,-0.0114,48.2986,0.0221,-5534.0,74.4111,3.1622,-2.505,15.73,130.5846,7.0614,0.1025,1.319,155.7412,1.9558,13.5481,-0.0177,6.1752,0.7932,20.7391,양품
-2.8727,-0.0141,44.0889,0.0188,-5685.0,67.3778,2.0524,-2.458,15.68,252.8694,5.4235,0.0608,0.9413,415.4251,1.9922,8.58,-0.0068,5.7116,0.8036,22.8727,양품
2.6036,-0.009,30.9392,0.0161,-5499.25,73.8778,2.4703,-2.553,15.75,258.2047,7.635,0.0809,0.9413,230.5174,2.0,8.942,-0.0005,6.8797,0.8443,17.3964,양품
-5.9418,-0.0122,19.6118,0.0228,-5761.5,67.7222,2.5133,-2.458,15.68,184.5145,6.4645,0.0779,0.9413,377.2872,2.003,8.7779,-0.0313,6.6571,0.8036,25.9418,양품
-4.9891,-0.0137,43.7557,0.0205,-5523.0,69.7667,4.1037,-2.553,15.75,192.9119,6.202,0.1363,0.9413,124.5258,2.0053,8.8519,-0.0197,5.6877,0.8443,24.9891,양품
-2.9718,-0.013,21.6008,0.0269,-5424.75,71.8444,7.1615,-2.6,15.78,62.8145,6.2383,0.2312,1.087,273.0438,2.0288,8.8331,0.0176,5.9711,0.7696,22.9718,양품
-0.9364,-0.0158,25.3365,0.017,-5977.25,71.8,1.8491,-2.222,15.73,322.4417,6.5571,0.0595,0.9602,400.3094,1.9962,8.5851,-0.0202,6.6469,0.7822,20.9364,양품
1.1673,-0.0184,37.032,0.0207,-4900.75,74.0444,2.1908,-2.175,15.71,148.1764,5.6573,0.0734,0.9318,578.8157,1.9813,8.9154,-0.021,4.9238,0.8318,18.8327,양품
0.6009,-0.0094,26.455,0.0205,-5264.0,66.2444,4.7483,-2.175,15.71,18.1567,7.1218,0.148,0.9318,428.4771,2.0023,8.8105,-0.0308,6.3075,0.8318,19.3991,양품
2.6473,-0.0103,35.122,0.0144,-5598.75,76.0667,2.3027,-2.08,15.71,32.9949,4.8007,0.0732,1.361,354.9032,1.985,8.1166,-0.0171,4.3837,0.8405,17.3527,양품
0.5364,-0.0132,45.4115,0.021,-5588.25,72.3333,2.4374,-2.6,15.78,198.3841,5.4703,0.0925,1.087,212.7822,1.9845,8.7609,-0.034,5.146,0.7696,19.4636,양품
-2.5036,-0.0115,61.7391,0.0128,-5062.25,67.2333,0.6881,-2.505,15.73,189.3374,9.8724,0.0272,1.319,334.8725,1.9672,8.7383,-0.0146,8.7217,0.7932,22.5036,양품
-0.6327,-0.0119,26.1328,0.0169,-5434.25,70.8667,2.5944,-2.08,15.71,34.0722,5.1895,0.0794,1.361,393.0304,1.9952,8.8078,-0.0127,4.5106,0.8405,20.6327,양품
0.77,-0.0115,21.7391,0.0182,-5455.25,75.1667,1.6265,-2.553,15.75,130.2203,5.1206,0.0543,0.9413,419.6025,1.9707,8.8097,0.0083,4.6895,0.8443,19.23,양품
-3.1818,-0.0157,46.5339,0.0228,-5825.25,68.7667,3.3919,-2.505,15.73,123.0376,5.9905,0.1127,1.319,420.973,2.0055,8.6611,0.0112,5.1152,0.7932,23.1818,양품
-0.8436,-0.0095,15.8103,0.0192,-5489.5,66.6111,2.7564,-2.505,15.73,98.8163,4.9533,0.1052,1.319,267.0387,2.013,8.598,-0.0179,4.7395,0.7932,20.8436,양품
-2.2409,-0.0127,27.4779,0.0138,-5411.0,71.5222,3.5166,-2.175,15.71,111.0946,6.8771,0.1055,0.9318,345.3655,2.0075,8.8562,-0.0073,6.6571,0.8318,22.2409,양품
2.2982,-0.0138,55.7971,0.0171,-5402.0,67.2778,2.7582,-2.175,15.71,156.9628,6.0821,0.0892,0.9318,71.8239,1.978,8.6799,0.0032,5.4969,0.8318,17.7018,양품
-3.1255,-0.0129,20.9709,0.0203,-5870.5,68.6111,1.8959,-2.08,15.71,239.7186,5.4758,0.0672,1.361,1027.296,2.0152,8.5862,0.0001,5.059,0.8405,23.1255,양품
-1.1727,-0.0114,64.8412,0.0217,-5293.0,67.4667,2.4857,-2.647,15.77,387.8723,7.9436,0.085,1.465,332.5177,1.994,8.7646,0.0142,6.4604,0.8037,21.1727,양품
1.2955,-0.0108,22.2997,0.0239,-5630.25,75.8,4.6823,-2.647,15.77,190.2332,5.7108,0.1653,1.465,305.4029,2.0012,8.9818,-0.0021,5.1463,0.8037,18.7045,양품
-2.9727,-0.0122,44.3077,0.0179,-5615.75,73.7222,1.5277,-2.647,15.77,100.334,7.0117,0.0571,1.465,269.6892,1.9918,9.0942,0.0142,5.3535,0.8037,22.9727,양품
4.3955,-0.0129,29.4288,0.0222,-5353.75,73.0556,2.6948,-2.647,15.77,72.1405,6.2214,0.0878,1.465,177.7196,1.993,9.0942,0.0164,5.3735,0.8037,17.271,양품
-3.4964,-0.0113,51.1577,0.0173,-5404.0,68.6778,2.4912,-2.647,15.77,178.9029,7.0989,0.0783,1.465,325.9213,1.995,8.7646,0.0054,6.0962,0.8037,23.4964,양품
-3.2155,-0.014,20.7885,0.0132,-5360.5,71.9333,4.3298,-3.025,15.7,239.5343,4.9774,0.138,1.191,367.2969,1.983,8.8597,-0.0207,4.5922,0.809,23.2155,양품
2.0282,-0.0144,31.1688,0.0244,-5539.75,66.8222,3.2679,-2.505,15.73,997.6843,5.6077,0.112,1.319,347.8729,2.0005,8.6772,-0.0049,4.9635,0.7932,17.9718,양품
-3.6155,-0.0093,63.3557,0.0135,-5303.5,67.7778,1.553,-2.317,15.69,126.6133,5.7218,0.0513,1.617,123.4841,1.9995,8.7383,-0.0094,6.1532,0.825,23.6155,양품
-4.1018,-0.0156,53.12,0.0211,-5712.75,75.0,1.683,-2.505,15.73,309.1903,5.7514,0.0581,1.319,202.7862,1.967,8.8097,-0.0173,4.9262,0.7932,24.1018,양품
0.1982,-0.0116,33.6207,0.0223,-5289.0,72.7778,1.3703,-2.647,15.77,206.0362,6.3682,0.0572,1.465,514.5555,2.001,8.9818,-0.0291,6.7956,0.8037,19.8018,양품
-5.9682,-0.0098,21.4286,0.0193,-5598.75,73.8333,3.5588,-1.797,15.76,156.1866,5.4541,0.1063,1.683,240.7784,2.0012,8.9132,-0.0239,4.833,0.8224,25.9682,양품
-1.4409,-0.012,44.3051,0.016,-5523.25,70.8222,1.1096,-2.175,15.71,327.4533,5.2888,0.0372,0.9318,606.3263,2.0315,8.942,-0.0037,4.8562,0.8318,21.4409,양품
-2.6709,-0.0132,45.3258,0.0171,-5366.75,71.9667,2.8944,-2.175,15.71,246.2641,5.6144,0.0955,0.9318,356.1342,1.9912,8.7932,-0.0119,4.9609,0.8318,22.6709,양품
0.0327,-0.0121,32.2981,0.0141,-5760.0,69.7889,3.0033,-2.505,15.73,423.1921,5.3256,0.0956,1.319,444.8633,1.974,8.8519,-0.0089,4.7474,0.7932,19.9673,양품
1.7018,-0.0112,82.2346,0.0211,-5078.75,68.8444,2.1019,-2.458,15.6,100.085,5.3665,0.0713,1.083,274.2145,2.0113,8.6472,-0.0001,5.0735,0.7644,18.2982,양품
-3.3455,-0.0095,64.5503,0.0205,-5345.75,73.5778,2.1723,-3.072,15.69,227.902,7.0125,0.0664,0.9649,349.786,2.0245,13.5481,-0.0187,6.9853,0.8238,23.3455,양품
-2.4373,-0.0116,30.205,0.0154,-5515.0,67.5111,3.8727,-2.6,15.78,141.7051,5.3753,0.13,1.087,448.3934,2.0128,8.9979,-0.0128,5.4338,0.7696,22.4373,양품
-6.0455,-0.0123,30.1733,0.0167,-5647.5,67.9444,2.3894,-1.797,15.76,130.3061,5.7628,0.0816,1.683,207.5982,1.9867,8.598,-0.0143,5.6806,0.8224,26.0455,양품
-3.2255,-0.0139,50.9417,0.0183,-5283.0,68.5667,3.5644,-2.505,15.73,233.5223,5.9209,0.1118,1.319,154.6113,1.9657,8.598,-0.0125,5.0776,0.7932,23.2255,양품
-9.1,-0.0088,66.2857,0.0176,-5463.75,71.9444,2.7342,-2.553,15.75,342.3978,7.9693,0.0963,1.111,227.1672,1.9705,8.9857,-0.0017,6.0173,0.8014,29.1,양품
2.2727,-0.0172,31.3498,0.0203,-5569.5,73.5778,0.5604,-2.6,15.73,85.2188,7.9929,0.0188,0.8893,280.5762,1.9855,8.3159,0.0007,6.6876,0.8525,17.7273,양품
-0.9536,-0.0128,37.4269,0.0166,-5390.0,76.7556,1.8779,-3.025,15.7,157.0531,8.9384,0.0657,1.191,286.0862,1.9907,8.1166,-0.0079,7.03,0.809,20.9536,양품
-2.5027,-0.0092,30.3935,0.028,-5160.5,71.4667,1.9749,-2.6,15.78,77.3606,6.6904,0.0674,1.087,199.4016,2.0065,8.8562,-0.0359,6.4666,0.7696,22.5027,양품
-3.8791,-0.0109,41.3793,0.0206,-5654.75,72.3556,1.7037,-2.553,15.75,201.0887,8.4224,0.0595,1.111,562.6019,1.9912,8.9857,0.0078,6.2093,0.8014,23.8791,양품
-6.6409,-0.0143,22.4168,0.0186,-5455.25,71.5222,3.0387,-3.025,15.7,309.3535,5.959,0.0966,1.191,328.9978,1.9965,9.4336,-0.0246,4.7837,0.809,26.6409,양품
-5.6945,-0.0121,23.8683,0.0179,-5471.75,72.1222,3.4513,-1.939,15.69,63.8664,5.1178,0.1067,0.9649,363.4642,1.9965,8.8331,-0.0197,4.3962,0.8568,25.6945,양품
1.5927,-0.0115,95.3413,0.0773,-6438.0,64.9778,3.732,-2.505,15.73,93.6033,6.1268,0.0839,1.319,129.9949,1.8742,9.0121,0.0035,6.0017,0.7932,18.4073,양품
-2.5345,-0.0128,47.7495,0.0163,-5573.0,69.5111,0.7031,-2.08,15.71,236.1031,5.0342,0.0236,1.361,436.6066,1.9992,8.5862,-0.0203,4.2571,0.8405,22.5345,양품
-0.5955,-0.014,37.0766,0.0137,-5168.0,68.2,1.0172,-2.458,15.68,91.3724,4.8271,0.0352,0.9413,173.8294,2.0157,8.6799,-0.0117,4.318,0.8036,20.5955,양품
-4.7818,-0.0114,44.0529,0.0225,-5729.5,72.4889,1.229,-2.317,15.69,168.6653,8.694,0.0417,1.617,66.8256,2.0077,8.8097,-0.0166,6.6007,0.825,24.7818,양품
1.63,-0.0114,27.2228,0.0274,-5690.25,77.0889,3.2113,-2.458,15.83,195.8256,5.3254,0.1022,1.352,446.8612,2.0157,8.324,0.0081,5.0558,0.8454,18.37,양품
-0.4109,-0.0138,44.2831,0.0393,-5382.5,67.0889,0.556,-3.072,15.69,99.4899,6.8109,0.0172,0.9649,177.5866,1.9522,8.7383,-0.0098,6.0417,0.8238,20.4109,양품
-2.9573,-0.0122,26.3104,0.0206,-5349.75,71.6,0.5061,-2.08,15.57,2004.8779,5.7176,0.0197,0.9649,129.4176,1.987,8.7779,-0.0036,5.3447,0.7859,22.9573,양품
-0.2136,-0.0019,221.6216,0.0194,-5077.5,75.9556,4.5695,-2.08,15.71,98.5,5.7408,0.1469,0.8798,480.6201,2.0202,8.9818,0.0077,6.2279,0.7651,20.2136,양품
-1.6045,-0.0138,35.604,0.0155,-5768.0,73.6222,1.0096,-3.025,15.7,149.0266,5.6734,0.0322,1.191,394.3366,2.0105,8.9818,-0.0076,5.1899,0.809,21.6045,양품
-0.0236,-0.0129,27.1055,0.0191,-5132.0,69.3778,1.6705,-2.505,15.73,223.4681,6.1394,0.0564,1.319,366.9142,1.9783,8.7383,-0.0268,6.0377,0.7932,20.0236,양품
-0.0882,-0.0118,18.6047,0.0135,-5494.25,73.9667,2.9697,-3.072,15.69,71.7774,5.3034,0.1019,0.9649,351.9577,1.9783,8.9154,-0.0262,5.1719,0.8238,20.0882,양품
-0.5973,-0.0151,25.2492,0.0279,-5399.25,72.9556,2.8511,-2.458,15.68,202.159,5.9205,0.1105,0.9413,486.1107,1.9895,8.942,-0.0183,5.2314,0.8036,20.5973,양품
-0.4682,-0.012,36.6667,0.0184,-5741.75,67.6889,2.7559,-2.647,15.77,322.4975,7.5621,0.086,1.465,311.1435,1.974,8.8105,-0.0192,6.2047,0.8037,20.4682,양품
-4.7991,-0.0132,38.7097,0.0132,-5293.5,71.4444,4.0798,-1.939,15.69,175.7562,5.1986,0.1274,0.9649,107.1152,1.956,8.8624,0.0028,4.916,0.8568,24.7991,양품
-0.0073,-0.0112,51.9016,0.0208,-5607.75,76.9,1.8995,-2.458,15.83,310.2949,5.3762,0.0649,1.352,300.4623,2.0085,8.322,0.0112,4.3408,0.8454,20.0073,양품
-2.5436,-0.0131,45.8015,0.0192,-5305.75,67.5667,0.9095,-2.08,15.71,67.582,4.7538,0.0339,0.8798,379.3102,2.03,8.8105,0.0093,4.3293,0.7651,22.5436,양품
3.9982,-0.0103,59.0799,0.0218,-5615.0,69.8556,4.7379,-2.458,15.83,220.1401,5.5137,0.1489,1.352,248.0349,1.966,8.6472,0.0007,5.014,0.8454,16.0018,양품
-0.5745,-0.0145,45.3998,0.0913,-5258.5,67.0556,2.5825,-1.797,15.76,114.7766,5.6927,0.0823,1.683,352.8177,2.005,8.8546,-0.0418,5.2124,0.8224,20.5745,양품
-9.4318,-0.0116,37.149,0.0156,-5315.75,71.1889,1.6136,-2.175,15.71,188.4259,6.5487,0.0523,0.9318,242.4313,2.0065,8.8597,-0.0261,6.7624,0.8318,29.4318,양품
1.47,-0.0111,33.3333,0.0168,-5227.5,67.4778,3.8302,-2.08,15.71,291.08,5.8236,0.1191,0.8798,349.3523,1.9952,8.6544,0.0028,4.8813,0.7651,18.53,양품
3.1645,-0.0103,53.3333,0.0142,-5161.5,74.5333,2.0123,-2.6,15.73,174.4362,5.504,0.0614,0.8893,468.5968,1.985,8.9818,-0.0156,4.7713,0.8525,16.8355,양품
-0.8173,-0.0134,50.7937,0.0204,-5469.75,72.0222,1.8575,-2.317,15.69,35.0844,5.7259,0.0681,1.617,338.2232,1.9845,8.942,-0.0161,5.0017,0.825,20.8173,양품
4.1655,-0.0125,39.96,0.0229,-5657.5,74.4444,2.4851,-3.025,15.7,393.7735,5.7059,0.0842,1.191,339.3391,2.0,8.8889,-0.0027,5.1021,0.809,15.8345,양품
-4.15,-0.0085,51.6129,0.0188,-6576.0,69.3667,3.7635,-2.6,15.78,272.6492,2.7882,0.0851,1.087,133.898,1.897,8.7199,-0.0116,2.6709,0.7696,24.15,양품
3.2173,-0.0129,44.3149,0.0192,-5461.75,72.1889,1.6528,-1.939,15.69,178.0344,5.2804,0.0534,0.9649,266.4324,2.0335,8.7597,-0.0051,4.944,0.8568,16.7827,양품
-2.9355,-0.0129,38.6473,0.03,-5357.5,67.3,1.7506,-2.789,15.78,121.8168,7.4353,0.055,1.026,316.5402,2.0097,8.9979,-0.0051,6.853,0.8336,22.9355,양품
-4.4927,-0.01,34.0852,0.0141,-5508.5,67.2222,4.4848,-2.553,15.75,78.7591,7.3851,0.1485,1.111,110.0863,1.9865,8.58,-0.03,6.5479,0.8014,24.4927,양품
-5.3318,-0.0116,53.5059,0.0158,-5332.5,75.9444,3.8222,-2.08,15.71,304.3741,6.1345,0.1301,0.8798,301.9719,1.982,8.9818,0.0199,5.8803,0.7651,25.3318,불량
-0.2627,-0.0115,39.0033,0.0162,-5564.0,68.1333,1.8082,-2.458,15.83,102.0698,5.2551,0.0601,1.352,132.5167,2.0143,8.8424,-0.0218,4.8257,0.8454,20.2627,양품
-4.8382,-0.0092,26.1937,0.016,-5296.0,72.4333,1.8875,-2.08,15.71,135.7854,5.7305,0.0571,0.8798,319.582,2.0035,8.9857,-0.0044,5.5263,0.7651,24.8382,양품
-1.02,-0.0088,64.7727,0.0193,-5528.5,66.7889,1.9852,-2.458,15.6,322.9276,6.0894,0.0635,1.083,556.0746,1.993,8.8356,-0.0273,4.3738,0.7644,21.02,양품
-0.5045,-0.0093,28.0702,0.0242,-5438.75,76.8778,0.8919,-2.789,15.78,171.7214,5.337,0.0308,1.026,219.9642,1.984,8.2776,0.0107,4.833,0.8336,20.5045,양품
-0.1545,-0.0164,21.3577,0.0241,-5770.75,69.8,2.3991,0.0473,15.73,169.1082,6.9441,0.079,1.295,337.2698,2.025,8.8909,0.0108,5.7235,0.8343,20.1545,양품
-1.6864,-0.0148,23.569,0.027,-5357.0,74.1889,1.7077,-3.072,15.69,178.6568,7.6239,0.0578,0.9649,160.742,2.0213,8.0787,0.0104,6.5739,0.8238,21.6864,양품
-0.8218,0.0062,69.3548,0.0227,-5374.0,72.4667,1.3214,-2.789,15.78,194.3989,5.5772,0.0422,1.026,316.6891,1.969,9.0942,0.001,5.7991,0.8336,20.8218,불량
1.6336,,,0.0171,-5402.75,72.2667,4.7231,-2.647,15.77,124.5482,4.987,0.1473,1.361,278.215,1.9492,8.942,-0.0156,4.7612,0.8414,18.3664,양품
-1.4973,-0.0109,41.1429,0.0291,-5512.5,70.1333,1.5052,-2.647,15.77,342.7024,6.2342,0.0508,1.361,227.61,2.0257,9.3868,0.0115,5.7679,0.8414,21.4973,양품
4.0809,-0.0114,31.7181,0.0208,-6029.0,75.8667,1.1962,-1.986,15.73,206.664,6.0733,0.0404,1.418,425.531,1.9797,8.322,-0.0197,5.7763,0.8529,15.9191,양품
2.8464,-0.0088,55.6818,0.0303,-5625.75,69.1556,2.8477,-2.647,15.77,149.2344,9.2524,0.0928,1.361,310.1283,1.9845,8.9036,-0.0069,7.062,0.8414,17.1536,양품
3.6536,-0.0136,36.8664,0.0299,-5647.75,67.8222,3.6249,-2.647,15.77,182.8706,7.7119,0.11,1.465,241.4903,1.9952,8.9191,-0.016,6.8696,0.8037,16.3464,양품
-1.4355,-0.0131,25.9542,0.0201,-5371.0,71.5,4.0787,0.0473,15.73,24.5289,7.3664,0.1398,1.295,92.7613,2.0002,9.3181,-0.0304,5.8819,0.8343,21.4355,양품
-0.7155,-0.0109,34.7032,0.0245,-5729.25,67.3778,2.5645,0.0473,15.73,165.1754,5.9531,0.0865,1.295,123.9634,1.9915,8.6799,-0.042,5.6072,0.8343,20.7155,양품
0.3209,-0.0101,58.2716,0.0271,-5501.25,75.6556,4.5662,-2.789,15.78,142.8787,4.6893,0.1539,1.026,122.1676,2.0265,8.2832,0.022,4.4444,0.8336,19.6791,양품
-4.4109,-0.0101,34.6535,0.0199,-5341.25,68.0444,1.4722,-2.553,15.75,251.0861,6.3011,0.0457,1.111,267.6769,2.001,8.6544,-0.009,6.1295,0.8014,24.4109,양품
-5.7473,-0.0074,90.8475,0.0242,-5294.0,72.8778,2.5281,-2.789,15.78,246.7203,5.9758,0.0804,1.026,336.123,1.9843,9.0942,0.0063,5.0995,0.8336,25.7473,양품
-0.0945,-0.0147,24.5315,0.0179,-5337.75,67.9,1.835,-2.458,15.68,113.3931,6.8762,0.0581,0.9413,465.3818,2.0027,8.8546,-0.0079,6.1237,0.8036,20.0945,양품
2.0909,-0.0143,19.5976,0.0243,-5398.25,67.9444,4.1633,-1.986,15.73,210.417,7.487,0.1325,1.418,202.8224,1.989,8.8909,-0.0194,6.7238,0.8529,17.9091,양품
-0.1464,-0.0118,30.4118,0.023,-5637.5,67.6333,0.7962,-2.033,15.7,160.7337,6.7264,0.0277,0.8325,681.9025,2.004,8.662,-0.0246,5.7136,0.8121,20.1464,양품
1.1473,-0.017,15.2493,0.0191,-5442.0,76.0222,3.2964,-2.647,15.77,158.3232,5.2282,0.1093,1.361,657.4836,2.0038,8.2776,-0.0141,4.7378,0.8414,18.8527,양품
-1.9382,-0.0116,37.0291,0.0252,-5314.5,71.1778,3.0968,-2.694,15.66,69.9262,7.5017,0.1019,0.9176,290.6195,2.0078,9.3181,-0.0063,6.1153,0.8376,21.9382,양품
3.5436,-0.0143,43.9407,0.0199,-5329.25,68.3778,2.9557,-2.033,15.7,54.027,6.6434,0.1056,0.8325,441.3958,1.9705,8.8519,-0.0175,6.0005,0.8121,16.4564,양품
0.2073,-0.016,26.9171,0.0224,-5333.25,72.1222,2.9761,-2.694,15.66,191.1568,6.8876,0.0882,0.9176,287.9379,1.9803,8.8597,-0.0374,6.3663,0.8376,19.7927,양품
-0.1191,-0.0128,40.6647,0.0158,-5546.5,73.0667,1.8765,0.0473,15.73,185.322,4.969,0.0565,1.295,133.3679,2.0063,8.2832,0.0177,4.9816,0.8343,20.1191,양품
-1.8827,-0.0141,27.758,0.03,-5169.25,69.2111,4.8648,-2.033,15.7,163.9601,6.0932,0.1561,0.8325,184.5217,1.9912,8.8909,0.0039,5.5473,0.8121,21.8827,양품
3.3882,-0.0093,54.9865,0.022,-5490.5,67.9667,1.7891,-2.789,15.78,140.3294,6.1193,0.0533,1.026,445.1326,1.989,9.7137,-0.0039,5.4696,0.8336,16.6118,양품
4.5382,-0.0147,20.4255,0.016,-5629.25,74.8556,1.4856,-2.694,15.66,308.8997,7.8772,0.0518,0.9176,146.0853,2.008,8.135,-0.014,6.1672,0.8376,15.4618,양품
0.4982,-0.0076,78.5597,0.018,-5302.0,75.2,0.4976,-1.655,15.62,150.9092,8.3294,0.0173,1.054,432.5483,1.9623,8.1161,-0.0278,6.9996,0.812,19.5018,양품
4.0736,-0.013,33.7812,0.0237,-5435.75,66.2111,3.4973,0.0,15.58,326.0955,5.7489,0.1193,0.8798,326.8602,1.9825,8.8105,-0.0276,5.9202,0.8068,15.9264,양품
1.4427,-0.0148,28.3784,0.022,-5492.5,73.9222,2.9289,-2.222,15.52,139.3246,9.1287,0.0875,1.012,325.0523,1.9918,13.5481,0.0075,7.7487,0.81,18.5573,양품
1.0,-0.0145,31.0345,0.0225,-5097.0,70.5444,0.8134,-2.222,15.52,197.4916,5.043,0.0265,1.012,176.7673,1.9865,8.6968,-0.001,4.5217,0.81,19.0,양품
-0.95,-0.0127,40.118,0.0281,-5207.75,69.0111,3.1187,-2.222,15.52,179.6837,7.8025,0.1056,1.012,132.7589,1.9938,8.662,0.0072,6.9795,0.81,20.95,양품
-2.2364,-0.0132,34.0587,0.0218,-5060.0,75.0444,5.2635,-2.458,15.68,125.7193,5.8985,0.168,0.9413,278.6719,1.9823,8.9857,0.0024,5.4038,0.8036,22.2364,양품
1.2236,-0.0152,30.2881,0.0208,-5465.0,68.0111,1.4032,-2.222,15.52,167.5281,7.2114,0.057,1.012,390.7412,1.9805,8.662,-0.0094,6.5483,0.81,18.7764,양품
1.3555,-0.0107,20.4651,0.0209,-5418.25,68.1778,3.1757,-2.128,15.64,106.9279,7.8701,0.1063,1.021,407.509,2.0107,8.7782,-0.0244,6.729,0.7931,18.6445,양품
0.59,-0.0129,23.3236,0.0232,-5343.75,74.4444,2.7356,-2.033,15.7,200.5947,7.8792,0.0854,0.8325,175.0912,1.9652,8.4537,-0.0241,6.2709,0.8121,19.41,양품
4.5355,-0.012,70.8333,0.0145,-5593.5,74.9,1.4968,-2.742,15.71,56.0506,7.6471,0.0496,1.305,276.0755,1.9775,8.0787,-0.0373,6.2771,0.828,15.4645,양품
-2.3364,-0.0141,41.6961,0.0284,-4994.25,73.1556,4.6579,-2.694,15.66,121.5768,6.5217,0.1434,0.9176,377.0344,2.0155,8.8355,-0.0218,5.5046,0.8376,22.3364,양품
-10.4455,-0.0097,36.2225,0.0187,-5489.0,67.1222,1.2287,-1.088,15.43,152.7853,6.4408,0.0395,0.9507,237.5514,2.0122,8.6556,-0.037,4.8741,0.8201,30.4455,양품
-2.9491,-0.0144,37.4026,0.0179,-5774.0,66.6333,1.9987,-2.742,15.71,316.8417,5.2397,0.0625,1.305,537.4688,1.9998,8.7402,-0.032,4.5144,0.828,22.9491,불량
0.4782,-0.0114,45.6641,0.0437,-5415.0,75.5556,3.5816,-2.222,15.52,330.6704,5.6335,0.1176,1.012,459.5309,1.986,8.3591,0.0064,5.33,0.81,19.5218,양품
1.4055,-0.0123,41.5902,0.0168,-5597.0,72.6111,2.6729,-2.694,15.66,183.6128,5.6146,0.0886,0.9176,84.1467,2.0088,8.7597,-0.0198,5.7144,0.8376,18.5945,양품
-7.0082,-0.0141,48.1416,0.0296,-5303.0,71.0667,2.5096,-1.939,15.69,134.4851,5.93,0.0809,0.9649,176.3047,2.034,8.5298,-0.0071,5.619,0.8568,27.0082,양품
1.9336,-0.0128,46.1388,0.0217,-5447.25,74.4667,3.2103,-2.742,15.71,333.1076,7.201,0.1264,1.305,175.3347,1.9987,8.2776,-0.0181,6.513,0.828,18.0664,불량
6.3491,-0.0084,48.8095,0.0206,-5606.25,68.0889,1.8296,0.0473,15.81,194.1655,5.7386,0.0611,1.201,390.1516,1.992,8.8424,-0.0017,5.1196,0.8285,13.6509,양품
6.2755,-0.013,37.0299,0.0208,-5631.25,71.4111,3.2768,-2.033,15.7,217.9702,5.0043,0.1177,0.8325,61.8028,2.0212,8.5735,-0.0235,5.3369,0.8121,13.7245,양품
5.6364,-0.0131,35.1145,0.0304,-5632.0,72.7222,2.0704,0.0,15.58,163.9776,6.0739,0.0755,0.8798,439.5369,2.0085,8.9562,-0.0328,5.6123,0.8068,14.3636,양품
-3.7791,-0.0097,62.6444,0.0176,-5468.0,72.2889,2.36,-2.6,15.78,69.3446,6.0095,0.0844,1.087,140.1404,1.9648,8.8078,-0.0129,5.6041,0.7696,23.7791,양품
-1.9482,-0.0111,62.4434,0.0165,-5400.5,75.8889,2.9335,-2.742,15.71,265.8477,7.2899,0.0928,1.305,415.5266,1.9925,8.3159,-0.0303,6.223,0.828,21.9482,양품
1.3282,-0.0048,70.4663,0.0277,-5651.25,75.6556,4.0278,-1.088,15.43,275.8037,7.782,0.1256,0.9507,166.3317,1.9825,8.0787,-0.0294,6.3468,0.8201,18.6718,양품
0.1536,-0.0125,32.1285,0.0259,-5528.5,72.7778,1.7614,-2.6,15.78,219.342,5.8572,0.0615,1.087,191.0855,1.9728,9.4336,-0.0093,5.3533,0.7696,19.8464,양품
-1.3127,-0.0112,30.3233,0.0273,-5863.0,68.3556,0.9151,-2.128,15.64,74.6927,7.6472,0.0307,1.021,280.0702,2.0032,8.897,-0.0236,6.6499,0.7931,21.3127,양품
-1.86,-0.0099,52.7919,0.0179,-5631.75,77.3444,1.3996,-2.08,15.71,182.4911,8.0229,0.0438,1.361,435.0666,2.0172,8.322,-0.021,6.7825,0.8405,21.86,양품
3.4318,-0.0134,47.0588,0.0162,-5773.0,75.2556,1.3186,-2.789,15.78,213.311,6.3314,0.0398,1.026,471.1737,2.0103,8.0787,-0.0139,5.8085,0.8336,16.5682,양품
3.1764,-0.0084,43.9169,0.0183,-5520.25,75.3667,3.6238,0.0473,15.73,45.218,7.3032,0.1152,1.295,241.6159,2.004,8.1166,-0.0406,6.255,0.8343,16.8236,양품
-2.3591,-0.0123,33.2657,0.0191,-5511.0,68.2,3.2351,-2.694,15.66,81.3854,6.1464,0.1089,0.9176,263.9432,1.9808,8.8424,-0.0184,5.2075,0.8376,22.3591,양품
2.3418,-0.0055,40.0,0.0201,-5437.25,76.3222,3.5217,-2.742,15.71,237.5968,6.91,0.109,1.305,206.2917,2.0213,8.1166,-0.0385,6.732,0.828,17.6582,양품
-6.0255,-0.0105,63.1579,0.0225,-5318.5,74.0111,1.9857,0.0473,15.73,139.0276,5.4995,0.0595,1.295,251.8948,1.9605,8.9857,-0.0369,5.5875,0.8343,26.0255,양품
0.1973,-0.0089,68.3473,0.0177,-5145.25,68.7667,3.9578,-2.789,15.78,17.224,5.336,0.1191,1.026,287.4652,2.003,8.8356,-0.0044,4.6231,0.8336,19.8027,양품
2.0673,-0.0134,32.0,0.0156,-5605.0,73.5,2.369,-3.072,15.69,84.1204,5.3866,0.0785,0.9649,92.6715,1.9715,9.0639,0.0179,4.8075,0.8238,17.9327,양품
,-0.0052,104.8544,0.0213,-5561.75,72.6,2.0014,-2.553,15.75,192.3235,8.1861,0.0754,1.111,373.1848,1.9998,8.0787,-0.0104,6.5121,0.8014,,양품
0.2355,-0.0134,65.733,0.0157,-5050.25,66.2111,4.036,-2.789,15.78,82.3934,6.932,0.1272,1.026,158.1463,1.996,8.7782,0.003,6.0395,0.8336,19.7645,양품
-3.01,-0.0095,47.2441,0.0243,-5190.0,75.2667,2.561,-2.317,15.69,325.1701,5.1052,0.0748,1.617,653.9083,1.9773,9.0639,-0.0166,5.1604,0.825,23.01,양품
1.28,-0.0135,39.1505,0.0188,-5191.5,68.0667,2.2021,-2.694,15.66,95.7183,7.9906,0.0752,0.9176,162.9734,2.0042,8.7782,-0.0129,6.3537,0.8376,18.72,양품
2.2009,-0.01,31.8804,0.0191,-5422.25,69.1556,0.9369,-2.128,15.64,233.54,5.8383,0.0322,1.021,108.917,1.9712,8.8356,-0.0275,5.5531,0.7931,17.7991,양품
-3.0055,-0.0095,52.8402,0.0217,-5459.75,70.8667,2.0277,-1.939,15.69,201.9191,6.2505,0.0685,0.9649,401.7681,2.0095,8.7597,-0.0293,5.8475,0.8568,23.0055,불량
-1.0982,-0.0097,44.4444,0.0249,-5705.5,73.2,3.3701,-0.2365,15.96,288.3343,5.1073,0.1106,1.087,514.6782,1.9912,8.2914,-0.0229,3.9882,0.733,21.0982,양품
-2.0309,-0.0063,77.4704,0.0149,-5912.0,75.3222,6.2388,-0.2365,15.96,131.5,5.8705,0.1858,1.087,535.4767,1.9745,8.322,-0.0307,5.0267,0.733,22.0309,양품
-6.6464,-0.009,42.2222,0.0168,-5441.25,70.9778,1.6454,-0.2365,15.96,120.9035,6.035,0.0633,1.087,149.5958,1.9712,8.8215,-0.0237,5.6322,0.733,26.6464,양품
-0.5455,-0.0088,50.2857,0.0248,-5711.75,69.7778,1.5973,-0.2365,15.96,37.1528,5.3896,0.0524,1.087,505.8876,2.0228,8.8581,-0.016,5.0292,0.733,20.5455,양품
-7.1518,-0.0085,52.7859,0.0168,-5545.25,67.1667,3.9714,-0.2365,15.96,97.7561,5.3458,0.1309,1.087,326.9387,2.022,8.7556,-0.0347,4.9598,0.733,27.1518,양품
-6.3845,-0.0052,66.6667,0.027,-5316.25,69.6333,3.5378,0.0,16.02,175.2142,4.6711,0.1076,1.031,212.7367,1.9758,8.662,-0.0091,4.4146,0.7672,26.3845,양품
-0.1545,-0.0056,62.5,0.0183,-5560.25,74.0667,3.2168,-0.2365,15.96,299.4066,6.3852,0.1023,1.087,426.9445,1.9962,9.4749,-0.049,6.4217,0.733,20.1545,양품
-1.4327,-0.0126,41.3519,0.0125,-5357.25,67.2667,3.0928,-3.072,15.69,75.1282,5.7741,0.1045,0.9649,397.7448,1.9857,8.7646,-0.0222,5.8988,0.8238,21.4327,양품
-5.65,-0.0102,58.8957,0.0283,-5100.0,73.0556,1.8865,0.0,16.02,65.1588,4.8158,0.0588,1.031,148.4408,1.9768,8.8097,-0.0437,4.5566,0.7672,25.65,양품
0.6573,-0.0091,42.9161,0.0242,-5498.75,73.8111,2.7093,0.2838,16.07,139.3111,7.7816,0.1005,1.286,312.8976,2.0092,8.5298,-0.0271,6.9854,0.7772,19.3427,양품
-1.9727,-0.012,53.3333,0.0175,-5597.75,74.0667,5.4041,0.2838,16.07,53.612,5.9509,0.1813,1.286,248.8981,1.9697,8.3808,-0.0397,5.9127,0.7772,21.9727,양품
5.0691,-0.0111,43.9462,0.0193,-5138.5,67.4444,1.5786,0.2838,16.07,105.4277,6.2114,0.0504,1.286,624.302,1.9995,8.7782,-0.0311,5.7309,0.7772,14.9309,양품
-0.5127,-0.0095,35.7424,0.0179,-5552.0,67.7889,4.7998,0.9934,15.77,303.8589,5.049,0.1446,0.7474,445.3905,1.9828,8.7037,-0.0185,4.5152,0.8435,20.5127,양품
4.1591,-0.01,55.0,0.017,-5523.25,67.3889,2.6719,0.9934,15.77,368.386,6.1122,0.0946,0.7474,99.4698,1.9923,8.7402,-0.0248,5.732,0.8435,15.8409,양품
3.1373,-0.0085,43.6578,0.0266,-5609.5,73.5222,4.2808,0.9934,15.77,310.2155,4.8794,0.1281,0.7474,341.8991,1.9567,8.3808,-0.0342,4.5931,0.8435,16.8627,양품
3.8682,-0.0075,210.596,0.0227,-5261.25,71.4889,2.5252,0.2838,16.07,167.8889,4.9534,0.078,1.286,336.0162,1.9968,8.8356,-0.0271,4.2659,0.7772,16.1318,불량
-5.4145,-0.0087,72.3099,0.0242,-5370.5,70.0444,2.331,-0.1419,15.98,123.4001,6.715,0.072,1.135,186.4287,1.9868,8.8215,-0.0076,5.36,0.7284,25.4145,양품
-0.6818,-0.0093,47.3755,0.0154,-5215.5,68.0778,1.4187,-0.1419,15.98,169.8615,6.2991,0.0496,1.135,321.6473,1.9882,8.7646,-0.0297,5.0896,0.7284,20.6818,양품
4.6891,-0.0088,52.4964,0.0179,-5743.25,72.4667,3.111,-0.1419,15.98,153.2971,8.0684,0.0971,1.135,334.0922,2.0115,8.8355,-0.0392,7.9867,0.7284,15.3109,양품
0.7736,-0.0138,23.8914,0.0213,-5398.0,75.9667,4.7775,0.9934,15.77,162.4336,8.6759,0.1558,0.7474,231.23,1.993,8.322,-0.0028,6.9501,0.8435,19.2264,양품
-0.7109,-0.0139,44.0036,0.0267,-4995.75,67.1667,3.4007,0.2838,16.07,211.7378,7.3623,0.1138,1.286,515.7579,1.9987,8.7037,-0.0398,6.5478,0.7772,20.7109,양품
3.1527,-0.0076,59.5041,0.0139,-5672.0,68.4556,1.2489,-0.1419,15.98,211.0324,6.9611,0.041,1.135,127.6506,2.0037,8.897,-0.0211,5.8595,0.7284,16.8473,양품
,-0.0109,68.5714,0.0227,-5521.0,69.5333,1.3326,0.2838,16.07,126.0595,6.0254,0.0435,1.286,369.6818,2.013,8.662,-0.0135,5.0911,0.7772,,양품
-3.8864,-0.0084,28.614,0.0179,-5627.25,74.5444,1.5166,1.513,15.69,208.3929,5.3752,0.0496,0.7379,361.1134,1.9995,8.2776,-0.0218,4.4892,0.7304,23.8864,양품
-6.8764,-0.007,76.1221,0.0195,-5729.5,70.9556,3.2181,-0.1419,15.98,203.3765,6.6633,0.1189,1.135,490.0928,1.9923,8.6556,-0.0365,5.5489,0.7284,26.8764,양품
-0.3955,-0.0071,50.9735,0.0196,-5346.25,67.0222,4.5407,-0.1419,15.98,163.9296,5.1124,0.1365,1.135,313.6435,1.99,8.7326,-0.0414,4.135,0.7284,20.3955,양품
0.1364,-0.0098,28.4987,0.0208,-5129.25,71.8778,1.9708,0.9934,15.77,259.7247,6.3654,0.0713,0.7474,242.7034,1.9995,8.8356,-0.0208,5.3239,0.8435,19.8636,불량
0.5536,-0.0085,29.4551,0.0223,-5341.5,76.3333,2.8024,-0.1419,15.98,377.4152,7.0671,0.095,1.135,425.5714,1.9725,9.1141,-0.0107,6.4545,0.7284,19.4464,양품
3.2573,-0.0056,68.0089,0.0275,-5290.5,68.2,3.7127,-0.1419,15.98,162.0275,7.8759,0.1279,1.135,283.2449,1.9935,8.9979,-0.0156,6.5351,0.7284,16.7427,양품
0.8527,-0.0126,56.3492,0.021,-5475.5,70.5556,2.4269,0.9934,15.77,116.0962,7.2906,0.0826,0.7474,159.0692,2.0395,9.3868,-0.0168,6.397,0.8435,19.1473,불량
-5.7091,-0.0057,95.8606,0.1193,-5333.0,68.0778,1.4011,0.2838,16.07,154.8018,5.2764,0.0504,1.286,87.7306,1.9832,8.8105,-0.0224,4.5118,0.7772,25.7091,불량
3.0718,-0.0113,34.6667,0.0207,-5524.5,73.6667,2.2303,1.419,15.75,219.3192,4.7517,0.0731,0.7048,396.4379,1.9748,8.2914,0.001,4.527,0.821,16.9282,양품
4.9382,-0.0103,39.7094,0.0216,-5324.5,69.0667,2.3135,1.419,15.75,97.2021,5.1804,0.0794,0.7048,499.6015,2.01,8.7037,-0.0064,4.3526,0.821,15.0618,양품
2.8727,-0.0136,27.1311,0.0209,-5662.0,69.9333,3.7537,-2.033,15.7,169.7901,7.259,0.1163,0.8325,121.4166,2.0205,8.8355,-0.0408,6.5757,0.8121,17.1273,양품
-0.63,-0.0114,24.5077,0.0265,-5826.0,71.8333,0.8521,0.5204,16.01,166.824,7.4976,0.0335,1.144,346.7112,1.9765,8.8355,0.0005,7.3193,0.6778,20.63,양품
-1.4355,-0.0119,26.0504,0.0202,-5219.5,68.4333,3.5985,1.419,15.69,126.2814,8.2179,0.1247,0.8089,126.524,1.9733,9.7137,0.0008,7.5071,0.8557,21.4355,양품
3.7136,-0.0107,44.9649,0.0189,-5329.75,73.6889,3.4228,1.419,15.75,292.3058,5.6708,0.1067,0.7048,514.3399,1.958,8.2345,-0.0332,5.1426,0.821,16.2864,양품
1.04,-0.0111,36.8126,0.0179,-5621.0,72.3778,2.9526,1.419,15.75,169.4206,7.7467,0.097,0.7048,346.7324,1.963,8.8355,-0.0156,6.6589,0.821,18.96,양품
-3.0909,-0.0053,81.3239,0.021,-5248.75,68.7222,2.6488,1.513,15.69,110.2705,5.5404,0.089,0.7379,273.078,2.003,8.7556,0.0028,4.9781,0.7304,23.0909,양품
-1.41,-0.0129,45.5598,0.0204,-5329.0,70.1667,7.8654,1.419,15.75,131.4214,7.9791,0.239,0.7048,500.1766,2.0025,9.534,-0.0006,6.8186,0.821,21.41,양품
-0.0182,-0.0084,49.9257,0.0153,-5759.5,73.2778,4.0349,1.513,15.69,183.7487,5.4564,0.1226,0.7379,495.5115,1.9973,21.5944,-0.0236,4.831,0.7304,20.0182,양품
2.9282,-0.0086,52.0231,0.0339,-5345.25,68.4333,2.4037,0.5204,16.01,164.9909,5.4921,0.0865,1.144,987.1458,2.0075,9.534,-0.005,5.1679,0.6778,17.0718,양품
3.8882,-0.009,33.2871,0.0446,-5469.5,67.8,4.1268,0.5204,16.01,97.6776,5.7088,0.1456,1.144,361.2022,1.9777,8.7037,-0.0132,5.2288,0.6778,16.1118,불량
-3.5727,-0.0082,62.0061,0.0206,-5867.5,70.8444,5.7252,0.5204,16.01,470.9907,8.666,0.1929,1.144,534.5294,2.0223,9.0447,-0.0028,6.4784,0.6778,23.5727,양품
0.1627,-0.0093,35.2941,0.0215,-5326.5,68.2444,2.3299,1.419,15.75,185.9256,7.4082,0.0722,0.7048,507.3753,1.9988,8.6472,0.0021,6.4664,0.821,19.8373,양품
1.7909,-0.0097,34.0645,0.0226,-5224.25,70.0222,4.4678,0.5204,16.01,408.4981,7.3295,0.1371,1.144,275.1016,1.999,9.534,-0.0043,5.6632,0.6778,18.2091,양품
-2.4818,-0.0091,49.2476,0.0202,-5719.0,72.0111,4.9141,0.5204,16.01,207.9663,5.1999,0.1517,1.144,112.5877,1.9865,8.2914,-0.0046,5.0733,0.6778,22.4818,양품
0.67,-0.0119,60.5042,0.0188,-5432.0,70.2556,2.8257,-0.5204,16.08,146.0168,5.31,0.091,1.154,738.2886,1.9895,9.0402,-0.0039,4.2369,0.7492,19.33,양품
1.7273,-0.0124,21.8402,0.0176,-5242.75,67.4222,1.6488,-0.5204,16.08,100.6525,5.821,0.0522,1.154,90.5626,2.01,9.0402,-0.0102,6.2975,0.7492,18.2727,양품
1.8609,-0.0092,61.8725,0.0197,-5603.75,74.6556,4.1862,1.419,15.75,319.7461,4.9588,0.1364,0.7048,411.3922,1.9958,8.8097,-0.0034,5.1632,0.821,18.1391,양품
2.5055,-0.0077,29.6774,0.0157,-5294.5,73.9,1.2802,0.5204,16.01,193.9046,8.2205,0.0412,1.144,306.0441,2.001,8.5298,-0.0276,7.0805,0.6778,17.4945,양품
1.9764,-0.0138,40.0,0.0201,-5575.0,71.6,2.2729,1.419,15.75,192.688,6.9554,0.0684,0.7048,278.0587,2.003,13.5481,-0.0022,5.8267,0.821,18.0236,양품
3.3064,-0.0084,34.4725,0.0217,-5544.0,68.0,3.6725,1.419,15.69,214.4176,5.3497,0.1277,0.8089,53.3979,1.9865,9.2064,0.0128,5.691,0.8557,16.6936,양품
-2.1009,-0.0064,77.0138,0.0274,-5224.5,67.9222,3.6151,1.419,15.69,228.4243,5.5107,0.1207,0.8089,329.76,1.972,8.7556,-0.0208,5.7419,0.8557,22.1009,양품
0.7864,-0.0084,64.3815,0.0217,-5307.75,70.1778,4.0099,1.419,15.69,292.6401,5.4234,0.1266,0.8089,293.8314,1.971,8.8973,-0.0143,4.0051,0.8557,19.2136,양품
0.9573,-0.0093,63.4409,0.0219,-5663.5,68.5889,5.5472,0.5204,16.01,102.2204,5.8239,0.2041,1.144,214.6152,1.9698,8.8356,-0.0053,5.2642,0.6778,19.0427,양품
0.2236,-0.008,73.5202,0.019,-5542.75,72.9667,5.2419,0.5204,16.01,62.002,6.8055,0.1684,1.144,372.0989,1.9585,8.3808,-0.0357,6.0565,0.6778,19.7764,양품
3.4845,-0.013,49.1835,0.0286,-5709.75,68.7111,2.324,0.9461,15.62,132.0641,6.6303,0.0775,0.8514,459.3331,2.0047,9.0402,-0.0294,7.6717,0.7573,16.5155,양품
-0.1891,-0.011,46.3636,0.0229,-5834.75,72.7556,1.8701,-0.7569,16.07,226.3322,7.1829,0.0733,1.281,369.5983,1.9625,8.2914,0.0011,6.106,0.7403,20.1891,양품
-5.55,-0.0078,39.6166,0.0226,-5477.0,70.5333,3.4384,-0.7569,16.07,174.0967,5.9541,0.1162,1.281,161.6684,1.9777,8.8215,-0.0127,5.257,0.7403,25.55,양품
0.7955,-0.0065,41.8605,0.0224,-5241.5,67.6889,1.9858,-1.83,16.09,241.6044,5.9205,0.0781,1.757,335.2377,1.9947,8.8909,-0.012,4.7479,0.7182,19.2045,양품
1.5036,-0.0136,51.3291,0.0174,-5095.0,69.4222,3.2808,2.458,15.61,116.896,5.4847,0.0996,1.097,320.5215,1.9872,8.3383,-0.0336,5.4287,0.8346,18.4964,양품
-0.3445,-0.0125,46.493,0.0139,-5356.25,67.5556,4.2044,2.458,15.61,95.8797,7.0692,0.1446,1.097,529.4352,1.99,9.7137,-0.0243,6.0013,0.8346,20.3445,양품
-7.1427,-0.0108,47.2222,0.0183,-5270.0,68.0,2.0743,2.458,15.61,301.6459,6.2691,0.0713,1.097,93.6056,1.975,8.3383,-0.0142,4.9954,0.8346,27.1427,양품
-4.72,-0.0116,21.5517,0.0205,-5247.5,70.2333,4.3397,2.458,15.61,119.3454,7.0345,0.1342,1.097,824.7935,2.0145,8.3383,-0.0098,5.7386,0.8346,24.72,양품
0.9427,-0.0114,38.6813,0.0177,-5445.25,70.4222,3.6257,2.458,15.61,251.0025,6.8448,0.1102,1.097,362.66,1.9655,8.3383,-0.0268,6.1774,0.8346,19.0573,양품
1.8782,-0.0051,136.9193,0.0198,-5461.0,74.7111,3.7244,1.419,15.69,194.5328,7.4313,0.1135,0.8089,189.4853,1.985,8.3159,-0.0224,5.6884,0.8557,18.1218,양품
-3.3427,-0.0112,50.168,0.0196,-5422.25,68.6111,2.1461,-1.83,16.09,172.4865,7.6062,0.0673,1.757,237.1587,2.0017,8.7556,-0.0069,6.9489,0.7182,23.3427,양품
0.6855,-0.0059,108.0169,0.0309,-5294.5,69.4111,3.441,-1.83,16.09,281.2289,4.9729,0.1025,1.757,463.3102,1.9875,8.6556,-0.0064,4.4431,0.7182,19.3145,양품
-3.6036,-0.0102,74.4186,0.0278,-5264.5,69.5222,2.4535,-0.5204,15.74,263.3266,6.4635,0.0825,1.276,168.0843,1.9507,9.0447,-0.0047,5.6882,0.7154,23.6036,양품
1.1991,-0.0084,51.0386,0.0204,-5612.25,74.0889,2.0735,-1.83,16.09,219.1261,5.2453,0.0636,1.757,374.4866,2.0033,8.2345,-0.0234,4.8189,0.7182,18.8009,양품
1.5882,-0.0097,41.2371,0.0266,-5407.25,69.3778,1.9105,0.9461,15.62,103.8926,5.7796,0.0616,0.8514,211.9283,2.0032,8.6556,-0.0075,5.1854,0.7573,18.4118,양품
-6.0636,-0.0079,68.0315,0.02,-5517.75,72.2778,4.8084,-0.5204,15.8,263.4407,5.8805,0.1586,1.163,330.1882,1.991,8.9036,0.0021,5.8691,0.6814,26.0636,양품
2.5855,-0.0086,50.1458,0.0366,-5767.75,71.1,2.2433,0.9461,15.62,119.592,7.5545,0.0765,0.8514,270.7205,2.0225,9.3868,0.0085,6.4882,0.7573,17.4145,양품
-1.8809,-0.0082,46.4122,0.0233,-5733.0,68.7889,3.0492,-0.5204,15.8,231.7619,3.2548,0.0956,1.163,462.1565,1.957,9.0744,-0.0028,2.9301,0.6814,21.8809,양품
-3.7773,-0.0112,56.25,0.0229,-5454.0,68.8556,3.9029,0.1419,15.61,431.6955,5.1468,0.1235,0.8278,280.0952,2.0213,8.3383,-0.0048,4.7896,0.7131,23.7773,양품
-2.1464,-0.0137,33.5766,0.0206,-5320.5,66.2889,3.3275,-0.9934,15.79,175.0181,6.5791,0.1106,1.229,89.1908,1.983,8.3383,-0.0142,6.8779,0.6812,22.1464,양품
0.8045,-0.0096,73.6706,0.033,-5802.25,70.3889,1.9831,-0.5204,15.8,293.1614,6.0393,0.0597,1.163,1181.3245,2.0195,8.9541,0.0008,5.5287,0.6814,19.1955,양품
-1.3618,-0.0106,35.8068,0.0131,-5241.0,70.4667,3.6133,-0.9934,15.79,209.6243,5.3109,0.1143,1.229,384.764,2.0267,8.3383,-0.0006,4.8333,0.6812,21.3618,양품
-3.1382,-0.0125,44.044,0.0175,-5529.25,72.5556,1.7351,-0.9934,15.79,269.5012,4.7086,0.0551,1.229,123.2433,1.972,8.627,-0.0087,4.6994,0.6812,23.1382,양품
0.3245,-0.0092,58.8556,0.095,-5390.0,68.1333,2.3692,0.9461,15.62,327.0163,7.257,0.0804,0.8514,266.02,2.0062,8.8973,-0.0568,6.5948,0.7573,19.6755,양품
-9.7682,-0.0115,59.2593,0.0154,-5400.0,71.1,1.6059,0.9461,15.62,121.7604,6.3956,0.0487,0.8514,396.2583,2.0103,9.7137,-0.0125,5.2923,0.7573,29.7682,양품
2.6991,-0.011,47.3265,0.0285,-5400.25,74.3111,1.4327,-1.83,16.09,67.8945,5.9684,0.0478,1.757,453.7256,1.954,8.1409,-0.0152,5.1066,0.7182,17.3009,양품
-3.7073,-0.0095,25.2632,0.0326,-5194.75,76.2333,1.607,0.1419,15.61,232.0336,7.8776,0.0529,0.8278,233.5799,1.9507,9.1637,0.0015,6.3048,0.7131,23.7073,양품
-2.6564,-0.0083,44.3778,0.0256,-5371.5,69.9556,4.2287,-0.5204,15.74,288.6513,6.3991,0.1442,1.276,203.274,2.021,9.0447,-0.022,5.7446,0.7154,22.6564,양품
-7.87,-0.0086,89.7959,0.0169,-4992.75,67.9889,3.5076,0.9461,15.62,239.3134,5.0304,0.1122,0.8514,239.3998,1.9855,8.7556,0.0046,5.1438,0.7573,27.87,양품
-1.99,-0.0093,64.1711,0.0215,-5526.5,69.6222,2.0212,0.1419,15.61,211.4813,5.4252,0.0643,0.8278,440.2579,2.0097,9.534,-0.008,5.1457,0.7131,21.99,양품
-5.8855,-0.009,42.1637,0.0225,-5295.25,69.2889,3.937,-0.7569,16.07,225.3802,8.2363,0.1274,1.281,229.5073,1.979,8.9541,-0.0047,6.0927,0.7403,25.8855,양품
4.3618,-0.017,29.912,0.0278,-5426.0,68.3667,2.2491,-1.83,16.09,144.4677,7.8763,0.0771,1.757,458.9357,1.9997,8.7646,-0.0018,6.5746,0.7182,15.6382,양품
-7.6655,-0.0148,35.8108,0.0209,-5186.25,68.5667,1.4804,-0.9934,15.79,112.5581,6.4221,0.0523,1.229,313.1372,2.036,8.6556,-0.0106,5.1651,0.6812,27.6655,양품
1.1655,-0.0117,41.0256,0.0206,-5389.5,65.0889,1.6206,-1.83,16.09,186.8092,5.669,0.0582,1.757,312.6238,2.021,8.8105,-0.0234,5.23,0.7182,18.8345,불량
8.1455,-0.0114,51.8112,0.0253,-5233.75,66.0111,0.679,-0.7569,16.07,119.1256,5.7746,0.0236,1.281,377.0963,1.9998,8.7187,-0.0007,5.6926,0.7403,11.8545,불량
1.6482,-0.0077,86.1338,0.0242,-5633.5,70.6444,2.4365,0.1419,15.61,206.5535,5.6479,0.0923,0.8278,505.1267,1.9907,8.8215,-0.0156,5.1263,0.7131,18.3518,양품
-1.4227,-0.0087,65.6115,0.0286,-5619.5,67.1444,4.8459,-0.7569,16.07,116.759,4.9714,0.1478,1.281,422.1647,1.9897,8.7326,-0.0048,4.9866,0.7403,21.4227,양품
0.0955,-0.0091,29.7521,0.0192,-5357.5,69.2667,4.0947,-0.7569,15.87,265.4154,8.5157,0.1273,1.357,254.949,2.0062,9.2064,-0.0108,7.3452,0.7085,19.9045,양품
7.1009,-0.0089,54.1608,0.0249,-5070.75,70.3667,5.0903,-0.5204,15.8,155.772,5.9591,0.1548,1.163,187.5231,1.9475,9.0744,-0.0126,5.798,0.6814,12.8991,양품
1.5273,-0.0132,31.09,0.014,-5421.75,71.1556,0.9667,0.2365,15.74,86.487,8.0688,0.0319,0.946,486.5808,1.9803,8.9036,-0.012,7.462,0.7996,18.4727,양품
1.8582,-0.0093,46.1126,0.0221,-5311.25,73.1444,3.4034,-0.7569,15.87,110.2221,5.7646,0.1173,1.357,177.1071,1.9865,8.5735,0.0028,5.5379,0.7085,18.1418,양품
0.2336,-0.0117,38.5852,0.0172,-5207.25,68.6222,4.4883,0.2365,15.74,105.025,6.0147,0.1435,0.946,992.2655,1.9905,8.6556,-0.0163,5.757,0.7996,19.7664,양품
1.0482,-0.0101,64.1184,0.0232,-5594.5,70.5778,3.093,-0.5204,15.8,256.4716,7.0488,0.0951,1.163,229.0713,1.9768,9.534,-0.0141,5.4803,0.6814,18.9518,양품
-1.03,-0.013,22.2863,0.0146,-5349.25,69.0111,4.023,0.2365,15.74,115.101,7.1241,0.1272,0.946,428.0556,2.006,9.0402,-0.0006,5.7366,0.7996,21.03,양품
-1.0445,-0.0131,43.3873,0.0151,-5337.75,70.6778,5.2834,0.2365,15.74,194.9981,5.6802,0.1656,0.946,478.3307,1.9897,8.9036,-0.0113,5.4634,0.7996,21.0445,양품
0.5982,-0.0105,35.2381,0.0242,-5424.5,69.0333,1.4912,0.2365,15.74,87.5762,5.3937,0.0504,0.946,337.59,2.0063,9.2064,-0.0134,5.1389,0.7996,19.4018,양품
0.4264,-0.0104,73.253,0.0196,-5092.25,70.5333,2.368,-0.8042,15.87,110.9876,5.9246,0.0739,1.229,188.0414,1.997,8.7187,-0.0199,5.3952,0.7003,19.5736,양품
1.3255,-0.0123,31.6109,0.0201,-5440.5,67.8556,2.8779,-0.8042,15.87,138.6194,7.9193,0.0965,1.229,456.8249,2.0213,8.7646,-0.0036,7.124,0.7003,18.6745,양품
-3.4191,-0.0095,52.7009,0.0281,-5412.75,72.8556,1.3861,0.1419,15.61,81.6144,5.9569,0.0463,0.8278,438.3799,1.9773,8.2914,-0.0048,5.4727,0.7131,23.4191,양품
0.1773,-0.0126,43.6941,0.0156,-5731.25,68.6111,1.8426,-0.8042,15.87,334.9791,7.8425,0.0671,1.229,333.7498,1.9675,8.7646,-0.019,6.9833,0.7003,19.8227,양품
-1.7336,-0.0098,40.9731,0.0194,-5200.25,71.7889,1.3426,-0.5204,15.74,200.1674,4.649,0.0437,1.276,80.8512,1.9505,9.1526,0.0011,4.2864,0.7154,21.7336,양품
-6.74,-0.0084,41.543,0.0195,-5415.25,69.2444,2.2029,0.1419,15.61,345.5339,6.1771,0.0815,0.8278,113.5411,1.9943,9.7137,-0.0322,4.5814,0.7131,26.74,양품
-3.1927,-0.0088,40.7932,0.0156,-5156.5,73.0778,0.8922,0.1419,15.61,118.0321,4.475,0.0312,0.8278,223.8102,1.99,8.4537,-0.0082,4.2978,0.7131,23.1927,양품
2.7927,-0.0091,56.044,0.0245,-5419.75,73.1222,4.3207,-0.8042,15.87,379.5931,5.3451,0.1323,1.229,152.3797,1.9645,8.2345,-0.0107,4.8754,0.7003,17.2073,양품
3.64,-0.0127,63.6542,0.0281,-5470.0,71.0889,0.5929,-0.8042,15.87,169.849,7.9278,0.0182,1.229,585.2811,2.0133,9.2064,-0.0021,6.6509,0.7003,16.36,양품
1.0691,-0.0084,84.3982,0.0165,-5645.0,75.2333,3.9093,-0.5204,16.08,135.206,4.8521,0.1163,1.154,407.2419,1.9933,8.9833,0.0012,4.5097,0.7492,18.9309,불량
-1.8736,-0.0074,31.0811,0.0212,-5399.75,70.6667,2.8757,1.419,15.75,155.3984,5.6345,0.0939,0.7048,433.1046,1.997,8.8973,-0.0063,4.6529,0.821,21.8736,불량
5.7309,-0.0086,60.6414,0.0229,-5280.25,70.9444,4.8648,-0.7569,15.87,177.8227,4.0778,0.1532,1.182,669.5667,2.0005,9.534,-0.0255,3.3589,0.7397,14.2691,양품
-4.0527,-0.0079,65.4088,0.0145,-4921.0,69.9556,1.5459,2.458,15.61,260.8869,5.8493,0.0526,1.097,280.0417,2.002,8.9036,-0.0145,4.8502,0.8346,24.0527,불량
-2.5418,-0.0055,107.5171,0.0279,-5554.25,71.0667,3.5787,1.419,15.75,291.3902,4.8906,0.1197,0.7048,469.1847,1.969,8.8973,0.0066,4.8227,0.821,22.5418,불량
-6.6455,-0.0105,30.5489,0.0236,-5284.0,70.0778,1.9042,0.0,15.78,247.2603,5.6453,0.059,1.276,178.518,2.0227,8.9036,-0.0213,5.543,0.7446,26.6455,불량
1.0518,-0.0119,31.0924,0.0217,-5396.75,70.3556,2.6592,-0.8042,15.87,103.2904,4.0382,0.0933,1.229,212.8401,1.9837,9.0744,-0.0082,3.4986,0.7003,18.9482,양품
-0.81,-0.0096,21.9608,0.0161,-5048.5,69.0333,2.1798,-1.277,15.78,178.9644,4.5788,0.0695,1.22,182.7795,1.98,9.1526,-0.0108,3.7451,0.7223,20.81,양품
-5.1491,-0.0089,39.2707,0.0208,-5489.75,74.3778,1.9172,-1.277,15.78,373.9165,6.5356,0.0621,1.22,185.1331,1.97,9.1637,-0.01,5.4255,0.7223,25.1491,양품
6.2636,-0.0109,29.2571,0.0186,-5673.5,72.3667,2.7019,-1.277,15.78,361.3875,7.2888,0.0969,1.22,178.6328,1.9885,9.7571,-0.028,5.0398,0.7223,13.7364,양품
-4.8873,-0.0098,35.7143,0.0252,-5652.0,72.0444,0.914,-1.277,15.78,152.8929,5.1937,0.0307,1.22,393.2709,2.001,8.7609,0.0046,4.4221,0.7223,24.8873,양품
-2.15,-0.0123,65.9207,0.0173,-5467.75,74.8556,2.6235,-0.615,15.84,163.94,6.496,0.0798,1.338,380.1924,1.99,8.1409,-0.0091,5.2302,0.7202,22.15,양품
-1.97,-0.0111,27.8652,0.0337,-5377.0,74.9222,1.9435,1.655,15.75,324.8604,5.6848,0.0637,0.946,315.545,1.9545,9.088,0.0021,5.0281,0.8137,21.97,양품
0.7,-0.0102,36.2301,0.0257,-5311.0,76.4889,2.2078,-0.615,15.84,70.157,8.5613,0.0673,1.338,570.1164,2.0057,9.088,-0.0217,6.4045,0.7202,19.3,양품
-2.7136,-0.0129,16.3107,0.0211,-5425.5,74.0889,2.7842,-1.277,15.78,299.6135,7.6071,0.0822,1.22,492.3078,1.992,9.6515,0.0149,6.0706,0.7223,22.7136,양품
-5.2427,-0.0118,34.8936,0.0167,-5439.25,74.9556,2.2592,-0.615,15.84,44.8442,7.017,0.0674,1.338,295.8168,1.9935,8.8097,-0.0115,5.515,0.7202,25.2427,양품
-2.8055,-0.0113,48.5651,0.0318,-5361.75,74.6,4.2331,-0.615,15.84,190.0956,6.7837,0.1289,1.338,218.2054,1.9917,9.6515,-0.0132,6.2449,0.7202,22.8055,양품
-4.6582,-0.0123,38.9452,0.0205,-5506.5,67.6333,2.2054,-0.615,15.84,254.8869,8.7342,0.0682,1.338,326.9093,1.9977,8.7326,-0.0029,6.5069,0.7202,24.6582,양품
-1.1455,-0.0106,33.8028,0.0216,-5475.5,70.5444,2.8396,-0.7569,15.87,72.3003,7.5121,0.0942,1.357,257.5066,2.0115,9.3181,-0.011,6.2064,0.7085,21.1455,불량
3.1336,-0.0062,53.2258,0.0536,-5486.5,70.0444,3.0675,-1.83,16.09,186.0276,4.8532,0.1079,1.757,442.479,2.0045,8.7556,-0.0138,4.9556,0.7182,16.8664,불량
3.6809,-0.0115,32.9718,0.0205,-5546.0,70.4,5.1484,1.655,15.75,189.8409,7.285,0.1618,0.946,129.6842,2.0085,9.0744,-0.0179,5.4937,0.8137,16.3191,양품
5.17,-0.0114,48.4048,0.015,-5285.0,74.5333,1.6383,-0.615,15.84,58.0057,7.2793,0.0628,1.338,129.7947,1.9923,8.2061,-0.002,6.3756,0.7202,14.83,양품
-1.2955,-0.0099,54.8223,0.0322,-5312.75,70.8778,3.0902,-0.615,15.84,154.3362,8.243,0.0969,1.338,289.2304,1.9865,8.8215,-0.0183,5.7589,0.7202,21.2955,양품
3.8109,-0.0102,69.7789,0.0146,-5260.25,72.8444,3.7804,-0.615,15.84,225.2249,6.8522,0.121,1.338,237.6052,2.0088,8.9605,-0.0062,5.409,0.7202,16.1891,양품
2.0509,-0.0114,60.6593,0.026,-5445.25,67.9778,4.7706,-0.615,15.84,202.853,6.612,0.1414,1.338,406.9532,1.989,8.6556,-0.0285,6.5409,0.7202,17.9491,양품
0.6327,-0.0107,59.0164,0.0207,-5431.75,76.9333,4.6768,0.0,15.86,88.5226,6.9689,0.1401,1.229,274.2631,1.9805,8.324,-0.0092,5.5223,0.7612,19.3673,양품
1.7036,-0.0115,44.2037,0.0267,-5483.0,75.8889,1.3434,0.0,15.86,188.0656,5.3636,0.0435,1.229,260.1653,1.9457,9.088,-0.0137,5.1404,0.7612,18.2964,양품
-1.7818,-0.0119,21.8258,0.0302,-5149.0,76.3778,8.175,1.655,15.75,321.8581,7.3056,0.2636,0.946,625.422,2.0055,8.2061,-0.0039,6.2744,0.8137,21.7818,양품
-2.2373,-0.0125,33.7011,0.0259,-5398.75,74.4444,1.6723,0.0,15.86,197.0455,6.4999,0.0502,1.229,327.9191,1.9943,9.1637,-0.0138,5.7864,0.7612,22.2373,양품
-4.9627,-0.0117,23.0523,0.0255,-5238.0,69.6667,7.661,1.655,15.75,109.5628,6.999,0.2701,0.946,606.9393,1.9805,9.1526,-0.0112,5.5559,0.8137,24.9627,양품
-2.0327,-0.0124,33.0312,0.0229,-5305.25,68.4556,2.1032,-1.229,15.84,59.6455,8.1124,0.0679,1.347,443.9012,1.9875,9.1526,0.0018,6.4553,0.7189,22.0327,양품
-1.8709,-0.0114,23.7624,0.0226,-5516.5,76.6556,3.2877,0.0473,15.85,94.4965,6.3841,0.1053,1.376,379.6195,1.9975,9.1141,0.0032,5.9033,0.743,21.8709,양품
3.7555,-0.0117,44.3497,0.027,-5206.0,69.0333,2.457,1.655,15.75,264.5302,7.7094,0.0764,0.946,180.7964,1.9875,9.2064,-0.003,6.8527,0.8137,16.2445,양품
-4.8609,-0.0115,35.6522,0.0308,-4977.5,74.0778,3.0339,-1.371,15.91,254.337,6.914,0.09,1.229,1362.3398,2.0032,9.6515,-0.0044,6.8943,0.709,24.8609,양품
-0.1145,-0.01,31.9202,0.0229,-5404.5,70.1889,4.2432,0.0473,15.85,103.4356,7.1176,0.1637,1.376,254.9804,2.0042,8.8215,-0.0166,6.0202,0.743,20.1145,양품
-3.9255,-0.0118,53.5032,0.0236,-5241.0,69.9556,5.2649,0.0,15.86,157.4685,7.1302,0.1753,1.229,377.2329,1.9863,8.8973,0.0057,6.3058,0.7612,23.9255,양품
-3.54,-0.0111,51.5254,0.027,-5393.5,67.0889,1.9387,0.0,15.86,247.7512,6.3854,0.0607,1.229,534.1719,2.0013,8.627,0.0014,4.751,0.7612,23.54,양품
-5.68,-0.0113,26.4901,0.0245,-5422.75,71.0,2.5963,0.0473,15.85,109.8829,5.896,0.0896,1.376,269.2364,1.953,8.8215,-0.017,5.2182,0.743,25.68,양품
2.4209,-0.0122,25.4882,0.019,-5130.75,73.3667,3.2973,0.0473,15.85,225.5645,5.114,0.1111,1.376,1100.5957,1.9842,8.7786,0.002,5.1557,0.743,17.5791,양품
-0.3136,-0.011,63.5641,0.0439,-5392.25,70.1556,3.2999,0.2838,16.07,239.2001,8.8015,0.1002,1.286,365.4863,1.9777,9.0447,-0.0274,7.2903,0.7772,20.3136,불량
-0.0345,-0.0064,46.875,0.0286,-5390.0,70.2556,2.7115,1.419,15.69,153.4609,5.3009,0.0848,0.8089,349.919,2.0025,9.3181,-0.0107,4.4176,0.8557,20.0345,불량
-1.2164,-0.0108,45.5814,0.0234,-5274.25,73.0778,5.3867,-0.615,15.84,226.6701,5.2422,0.1765,1.338,643.0948,1.959,9.6515,0.0093,5.0102,0.7202,21.2164,불량
1.8109,-0.0128,45.4012,0.0273,-5043.5,75.5778,1.0712,0.0,15.86,200.8704,4.8013,0.0371,1.593,483.398,1.9788,9.1141,-0.0078,4.6753,0.6957,18.1891,양품
1.2109,-0.0097,16.5589,0.0273,-5547.5,74.9556,1.8791,0.0,15.86,344.5587,6.5606,0.0582,1.593,163.1247,1.9902,8.9818,-0.0087,5.6418,0.6957,18.7891,양품
-2.5945,-0.0121,44.4444,0.0376,-5294.5,74.7,4.1892,0.0,15.86,94.3486,6.2475,0.1345,1.593,578.3935,2.0017,9.6515,-0.0036,6.0209,0.6957,22.5945,양품
-2.91,-0.0126,24.5788,0.0244,-5259.25,67.2,2.3179,0.0,15.86,270.728,7.3243,0.0702,1.593,217.0705,1.9752,8.8105,-0.0091,6.0364,0.6957,22.91,양품
-3.2436,-0.0099,30.2267,0.0351,-5395.5,76.3,1.9874,-0.8042,15.74,312.4819,7.1874,0.0772,1.366,617.4401,1.999,9.1637,0.0023,5.5141,0.7348,23.2436,양품
-3.6345,-0.0109,40.2286,0.0237,-5573.75,72.4222,2.8555,0.0,15.86,201.6837,5.8711,0.0879,1.593,361.4926,2.0225,8.9605,-0.0052,6.0318,0.6957,23.6345,양품
-3.9927,-0.0106,53.584,0.0257,-5487.0,77.9,4.4087,-0.8042,15.74,73.2302,6.7416,0.139,1.366,469.5821,2.0025,8.2061,-0.0112,7.157,0.7348,23.9927,양품
-2.3618,-0.0144,38.8215,0.0183,-5364.75,67.0222,1.667,-0.8042,15.74,151.9592,6.836,0.051,1.366,135.7998,2.014,8.627,-0.0006,5.6251,0.7348,22.3618,양품
4.7282,-0.01,50.8728,0.0242,-5464.5,69.1111,2.8499,0.0,15.86,187.9246,6.9325,0.0911,1.593,561.8983,1.9983,9.0447,0.0098,5.439,0.6957,15.2718,양품
-3.1964,-0.0073,45.0512,0.0291,-5362.5,68.4333,3.489,-0.8042,15.74,97.3961,6.2762,0.121,1.366,195.8307,2.0092,8.627,-0.0024,6.0216,0.7348,23.1964,양품
-1.5036,-0.0117,25.5591,0.0269,-5378.0,73.3111,1.6458,-0.8042,15.74,172.8246,4.9589,0.0543,1.366,181.8259,2.008,9.7571,-0.0079,3.8341,0.7348,21.5036,양품
8.9964,-0.0124,35.4481,0.0177,-5339.75,74.9778,3.5763,-0.8988,15.73,95.4236,6.9415,0.1119,1.201,376.0393,2.0252,9.1141,-0.0048,6.1254,0.6676,11.0036,양품
-0.4109,-0.0109,63.0137,0.0183,-5492.75,70.2222,2.9384,-0.8988,15.73,143.8356,6.1033,0.1083,1.201,231.8453,1.984,9.534,-0.009,4.5411,0.6676,20.4109,양품
-6.5027,-0.012,37.422,0.0176,-5342.0,67.4778,1.9096,-0.8988,15.73,132.1675,5.3559,0.0587,1.201,464.9165,1.964,8.7286,-0.0106,4.59,0.6676,26.5027,양품
-3.7673,-0.0112,24.2152,0.0293,-5656.75,72.4556,4.3917,-0.8042,15.74,148.5665,9.4679,0.1489,1.366,354.0305,1.9582,8.3845,-0.0092,7.4297,0.7348,23.7673,양품
3.3691,-0.0111,52.1348,0.0278,-5522.0,74.0111,1.8379,-0.8988,15.73,262.6371,5.4071,0.0611,1.201,325.5426,1.9748,9.1637,-0.0068,4.8288,0.6676,16.6309,양품
1.3355,-0.0111,61.3995,0.0254,-5302.75,76.6556,2.1785,-0.8042,15.74,41.2906,4.8265,0.0771,1.366,454.5975,2.0078,8.1409,0.0058,4.4118,0.7348,18.6645,양품
-3.4327,-0.0122,27.1326,0.0316,-5482.75,73.6222,1.9935,-0.8988,15.73,108.0382,8.5633,0.0656,1.201,41.5241,1.9977,9.088,0.002,7.3703,0.6676,23.4327,양품
-3.8691,-0.0082,46.5544,0.0313,-6496.75,73.1333,7.9434,-0.8042,15.74,26.602,9.0982,0.1884,1.366,60.4669,1.7875,8.9607,0.001,7.0304,0.7348,23.8691,양품
4.9336,-0.0099,62.9442,0.0284,-5519.25,68.4111,4.434,-0.8988,15.73,130.545,5.8045,0.1381,1.201,253.5013,2.0105,9.0744,-0.0107,5.7158,0.6676,15.0664,양품
1.1891,-0.008,65.9409,0.0446,-5414.25,69.8667,3.8518,-0.8042,15.74,199.0048,6.7082,0.1322,1.366,208.0615,1.9795,9.2064,-0.0072,5.7589,0.7348,18.8109,양품
-2.3109,-0.0124,55.5891,0.0112,-6553.5,75.2889,8.1954,0.6623,15.76,36.8544,7.4485,0.1428,0.7474,151.1655,0.6258,8.6024,0.0269,7.0236,0.8307,22.3109,양품
-3.0645,-0.0115,44.2516,0.0113,-5711.75,76.6,4.2295,0.6623,15.76,217.3314,6.8386,0.1282,0.7474,594.7377,1.9763,8.2061,0.0261,6.0474,0.8307,23.0645,양품
-1.99,-0.0084,33.1852,0.0157,-5477.0,76.5,1.9525,0.5204,15.66,28.8733,7.5402,0.0691,0.9602,380.7589,1.9875,8.1409,0.0085,6.0392,0.8218,21.99,양품
3.1727,-0.0085,34.1679,0.024,-5694.25,68.6667,3.5242,0.6623,15.76,208.0471,7.0465,0.1423,0.7474,249.5401,2.009,9.9095,-0.0075,4.7169,0.8307,16.8273,양품
1.8318,-0.0117,51.3919,0.026,-5946.25,74.1667,3.1333,0.5204,15.66,119.1256,7.3869,0.1051,0.9602,603.3613,1.9853,8.6024,0.0137,6.1468,0.8218,18.1682,양품
-4.9191,-0.0105,23.8379,0.0204,-5540.0,74.8889,4.7565,0.5204,15.66,551.9555,7.072,0.1557,0.9602,482.0325,1.9963,8.3845,-0.0068,6.277,0.8218,24.9191,양품
-2.3264,-0.0116,32.6882,0.0238,-5418.75,76.0556,3.8404,0.6623,15.76,242.3723,5.2364,0.1315,0.7474,328.0431,1.9893,8.2061,0.0012,5.4652,0.8307,22.3264,양품
-6.2591,-0.0096,68.6606,0.018,-5587.5,75.3556,0.5677,0.6623,15.76,126.4684,7.6422,0.0194,0.7474,734.3026,2.012,9.088,-0.0049,7.8128,0.8307,26.2591,양품
-0.4636,-0.0077,29.8217,0.0227,-5524.25,77.2222,1.471,0.5204,15.66,70.3817,4.5381,0.0496,0.9602,394.6918,2.0107,9.1141,0.0105,3.8256,0.8218,20.4636,양품
-0.28,-0.0107,41.0735,0.0231,-6370.0,73.1778,8.1388,0.3784,15.73,73.1072,8.1889,0.1762,0.9365,153.4036,1.7937,8.9607,0.0023,7.1345,0.8741,20.28,양품
4.7382,-0.0094,53.4759,0.0188,-5403.5,70.4333,4.6315,0.6623,15.76,116.7233,7.6719,0.1393,0.7474,531.4719,1.9663,8.9541,0.01,7.1644,0.8307,26.6443,양품
-6.4945,-0.0117,38.6266,0.027,-5573.75,68.9,5.4032,0.5204,15.66,114.9967,7.5794,0.1624,0.9602,307.6257,2.0027,8.627,0.0075,6.3312,0.8218,26.4945,양품
-3.9618,-0.0119,24.3442,0.0132,-4958.5,77.1222,1.9879,0.5204,15.66,60.6156,5.6581,0.0659,0.9602,395.7849,1.9892,8.2061,0.0144,5.238,0.8218,23.9618,양품
-2.49,-0.0063,68.8,0.22,-5247.0,68.7,2.3038,0.2838,16.07,188.0574,5.4164,0.0832,1.286,387.8299,1.9572,8.8909,-0.0331,4.4471,0.7772,22.49,불량
-0.5345,-0.0134,47.7167,0.0174,-5442.25,68.8667,1.9206,0.5204,15.66,167.7876,8.7276,0.0642,0.9602,569.8727,2.0212,9.9095,0.0125,6.1609,0.8218,20.5345,양품
-7.8145,-0.0121,22.3602,0.0255,-5441.0,74.6111,5.5504,0.5204,15.66,193.45,7.6173,0.177,0.9602,665.633,1.9825,9.1637,0.0059,6.2413,0.8218,27.8145,양품
-2.9791,-0.0123,62.6653,0.0168,-5597.5,73.3556,2.8395,0.3784,15.73,107.8718,7.2437,0.0984,0.9365,276.9892,2.0197,8.3271,-0.0124,5.6926,0.8741,22.9791,양품
0.3173,-0.013,32.2148,0.0173,-5399.5,68.2444,4.7096,-0.3311,15.77,118.6957,7.6902,0.1445,1.163,266.161,1.9785,9.0402,0.0119,6.6166,0.7069,19.6827,양품
-3.4618,-0.0126,44.4886,0.024,-5429.25,74.1444,1.2948,0.3784,15.73,216.8456,6.2287,0.0412,0.9365,481.8488,1.9783,8.3808,0.0096,5.9727,0.8741,23.4618,양품
-3.4391,-0.0113,49.4481,0.0235,-5650.5,74.1,3.9382,-0.3311,15.77,363.4697,7.0636,0.1357,1.163,263.0342,2.0135,9.7571,-0.0054,6.3563,0.7069,23.4391,양품
-3.5573,-0.0103,57.0738,0.0175,-5168.25,75.4444,3.7124,0.3784,15.73,222.9925,7.3566,0.1246,0.9365,609.3261,1.9638,8.2963,0.0019,5.9754,0.8741,23.5573,양품
2.6827,-0.0131,32.8558,0.0252,-5226.25,70.7667,3.2296,0.3784,15.73,167.7227,4.9049,0.0984,0.9365,211.4669,2.0048,9.0744,-0.0044,4.4375,0.8741,17.3173,양품
1.7791,-0.0107,32.7485,0.0298,-6456.75,72.6222,8.0967,-1.466,15.75,48.2589,6.7658,0.1881,1.248,133.9935,1.7893,8.9607,-0.0024,4.9766,0.685,18.2209,양품
-1.4627,-0.013,25.3846,0.0252,-5362.75,72.9778,4.9669,0.3784,15.73,301.5886,5.0517,0.1794,0.9365,811.7029,1.98,9.7571,-0.0268,4.7115,0.8741,21.4627,양품
-5.4282,-0.0119,27.7603,0.0203,-5313.75,73.6222,5.3284,0.9461,15.69,220.6813,6.9595,0.1864,0.8231,748.7939,1.9453,8.3675,0.0045,6.0193,0.8089,25.4282,양품
-1.4609,-0.0119,38.6555,0.0156,-5689.0,74.7222,3.6293,-0.9461,15.73,215.8076,7.7137,0.1159,1.13,702.5345,1.9942,8.3267,-0.0006,6.2178,0.7269,21.4609,양품
-4.8009,-0.0118,46.4135,0.017,-5398.75,77.1222,2.2915,-0.9461,15.73,79.9687,6.2364,0.0682,1.13,764.9834,2.0,8.324,0.0112,6.0394,0.7269,24.8009,양품
-2.6682,-0.0095,48.6772,0.0179,-5284.5,77.0556,2.7571,0.0,15.77,183.3601,5.584,0.0948,1.177,345.1227,1.9525,8.1409,0.0064,5.3171,0.8224,22.6682,양품
-2.2582,-0.014,34.9065,0.023,-5657.5,72.2333,0.9183,-0.9461,15.73,150.1519,5.9525,0.0302,1.13,319.0219,2.0093,8.5615,-0.0013,5.7748,0.7269,22.2582,양품
-1.8509,-0.0124,28.3114,0.0148,-6349.25,73.8556,7.2374,-0.3311,15.77,60.4014,7.1604,0.1632,1.163,113.3089,1.8068,8.4891,0.0061,5.9522,0.7069,21.8509,양품
-1.97,-0.0086,97.8166,0.0171,-5231.5,67.0111,2.0077,-0.9461,15.73,107.3635,7.1306,0.0685,1.13,537.0646,1.996,8.662,0.0044,6.3612,0.7269,21.97,양품
-4.5718,-0.0116,48.4848,0.0172,-6461.0,73.0667,7.459,-0.3311,15.77,18.1842,8.1814,0.1675,1.163,91.3491,1.7912,8.9607,0.0082,6.7201,0.7069,24.5718,양품
-0.5655,-0.0126,37.9822,0.0209,-6106.25,68.7556,2.1655,-0.9461,15.73,474.1852,6.0136,0.0725,1.13,484.7462,2.0103,9.2036,-0.0139,5.1871,0.7269,20.5655,양품
-2.0991,-0.0112,40.8889,0.0155,-6504.75,69.2222,4.0388,0.0,15.71,72.2974,6.1777,0.0924,1.276,250.0898,1.7913,8.1605,0.0038,5.9823,0.7048,22.0991,양품
-5.1618,-0.0104,40.3361,0.0244,-5553.0,74.6667,4.6343,0.0,15.73,163.6694,7.2873,0.1423,1.465,198.5229,1.9937,8.4891,-0.0097,6.8497,0.6567,25.1618,양품
1.7736,-0.0094,69.241,0.0226,-5187.0,70.7889,2.1853,-0.9461,15.73,158.4159,6.5287,0.068,1.13,125.9471,1.9735,9.193,-0.0018,6.0373,0.7269,18.2264,양품
-0.3409,-0.0116,30.9677,0.0259,-5254.25,72.6667,2.9249,0.0,15.71,328.6711,8.9079,0.0983,1.276,277.6081,1.9933,8.451,-0.0057,6.1951,0.7048,20.3409,양품
2.8236,-0.0131,29.0353,0.0216,-5514.75,71.5556,4.321,0.0,15.71,183.9101,7.6664,0.1531,1.276,101.5164,1.9968,9.4749,-0.005,7.0138,0.7048,17.1764,양품
3.6255,-0.0144,21.5278,0.0265,-5594.75,70.8889,3.0208,0.0,15.71,368.566,8.1372,0.0942,1.276,127.7846,1.98,8.8973,-0.01,7.0046,0.7048,16.3745,양품
0.2336,-0.0129,37.2816,0.027,-5329.75,67.4889,2.6748,0.0,15.71,295.2133,6.9544,0.0862,1.276,499.5093,1.9892,8.6968,0.0109,5.635,0.7048,19.7664,양품
-5.8273,-0.0139,34.4086,0.0159,-5432.25,67.7222,3.6376,0.0,15.73,252.1382,5.4969,0.1134,1.465,253.0301,1.986,8.9541,0.0061,5.3742,0.6567,25.8273,양품
-3.4873,-0.009,35.4571,0.0151,-5431.25,69.4778,2.2893,-0.9461,15.73,122.6295,9.2888,0.0804,1.13,49.9024,1.9888,8.662,0.0017,6.6617,0.7269,23.4873,양품
-5.3264,-0.0104,40.4332,0.0163,-5636.0,73.0667,2.0837,0.3784,15.73,65.2712,7.4312,0.0661,0.9365,244.2103,2.0152,8.3675,-0.0052,6.7912,0.8741,25.3264,양품
-2.1264,-0.0124,29.899,0.0128,-6376.25,72.8556,6.4529,0.0,15.73,25.5604,6.7247,0.1073,1.465,59.7404,0.7112,8.6024,0.0017,5.8704,0.6567,22.1264,양품
-5.7373,-0.0114,44.8845,0.0116,-5337.25,68.2667,5.2363,0.0,15.71,255.7766,6.9035,0.1666,1.276,305.1561,1.989,9.9095,0.0103,5.8284,0.7048,25.7373,양품
0.2055,-0.0101,39.604,0.0197,-6517.75,72.9778,8.322,0.2365,15.68,66.0372,4.9396,0.1923,1.399,192.448,1.8057,8.1605,-0.0108,3.9849,0.7422,19.7945,양품
-2.8245,-0.0117,29.8507,0.0124,-5552.25,74.2889,6.0486,-1.797,15.67,183.0817,7.4528,0.1876,1.087,302.8337,1.9762,8.3845,-0.0116,6.2597,0.7348,22.8245,양품
-4.9336,-0.0081,67.6923,0.0242,-5731.5,67.4333,4.4772,0.0,15.57,99.7543,6.9694,0.1642,1.097,281.8138,1.9988,8.7441,0.0101,5.3496,0.6722,24.9336,양품
3.1427,-0.0116,43.0108,0.0235,-5313.5,69.6556,2.2621,-0.3311,15.77,434.4061,6.58,0.0674,1.163,732.2197,1.9918,9.0402,-0.0198,5.1599,0.7069,16.8573,양품
7.71,-0.0114,29.7268,0.0113,-5282.25,67.7778,1.7079,-0.9461,15.73,104.655,6.3838,0.0565,1.13,270.2103,1.9925,8.7286,0.0025,5.7867,0.7269,12.29,양품
-3.1827,-0.0096,51.1082,0.0121,-5418.25,74.5889,1.9894,0.0,15.73,164.9432,7.2913,0.0621,1.465,546.2749,2.0275,8.2963,0.0135,6.0808,0.6567,23.1827,양품
-5.1645,-0.0114,38.512,0.0156,-6333.25,73.3778,5.5475,0.3784,15.73,37.027,5.0275,0.1048,0.9365,181.2721,0.6785,8.6024,0.0059,4.5227,0.8741,25.1645,불량
-3.5064,-0.0119,42.7673,0.0185,-5497.5,72.1111,1.4337,0.0,15.73,275.9348,8.0069,0.0477,1.465,191.7785,1.9745,8.3675,0.0091,6.6197,0.6567,23.5064,양품
-1.0455,-0.0124,42.0627,0.0138,-5564.0,72.1889,2.953,0.0,15.71,360.3095,6.2074,0.1071,1.276,486.2455,2.0408,8.5615,0.0116,6.2126,0.7048,21.0455,양품
-4.25,-0.0133,42.2243,0.021,-5264.5,74.8778,1.0839,0.0,15.73,299.7582,6.2117,0.0355,1.465,607.0873,1.9637,8.2061,0.0103,5.7468,0.6567,24.25,양품
2.3091,-0.0111,32.287,0.0276,-6475.5,72.0556,4.3954,0.0,15.73,72.4822,6.3138,0.1017,1.465,283.0365,1.8032,8.1605,-0.0071,5.7964,0.6567,17.6909,양품
-6.2473,-0.0086,36.9942,0.0251,-5274.25,73.3,3.1188,-0.3311,15.77,218.933,5.3692,0.1021,1.163,227.9216,1.9975,8.3675,-0.0031,5.0602,0.7069,26.2473,불량
-2.5027,-0.0094,174.0988,0.0198,-6623.75,70.5667,7.7901,0.0,15.71,51.9519,8.5495,0.183,1.276,244.8447,1.7985,8.1605,-0.0275,6.6973,0.7048,22.5027,양품
4.1691,-0.0121,39.6285,0.0225,-5187.25,68.0889,6.3367,-0.4258,15.79,141.8015,8.6883,0.1922,1.064,353.6923,1.994,8.7556,-0.0026,6.7057,0.6888,15.8309,양품
-0.4491,-0.0115,48.0349,0.0219,-5384.5,67.1222,4.5675,-0.4258,15.79,211.4308,5.9439,0.1524,1.064,524.1568,1.9675,8.8909,-0.0115,5.5391,0.6888,20.4491,양품
-2.1136,-0.0113,44.0529,0.0215,-5158.75,70.9778,1.9109,-0.4258,15.79,178.7202,6.6639,0.0653,1.064,225.5665,2.0175,8.451,-0.0093,6.4289,0.6888,22.1136,양품
-0.7664,-0.0122,22.8805,0.0257,-5379.0,72.0667,4.9313,-0.4258,15.79,82.5767,5.3262,0.1536,1.064,74.7306,2.0225,9.9095,-0.035,5.4981,0.6888,20.7664,양품
0.4345,-0.0131,44.2748,0.0218,-5311.75,69.2,2.2773,-0.4258,15.79,231.7218,7.3448,0.0793,1.064,174.393,1.9888,9.3181,-0.0106,6.4384,0.6888,19.5655,양품
2.9864,-0.0134,38.0242,0.0327,-5211.0,69.3667,3.6501,-0.4258,15.79,202.7527,8.1537,0.1131,1.064,422.495,2.0122,8.9036,-0.0247,7.2434,0.6888,17.0136,양품
-3.7245,-0.0092,40.2721,0.0307,-6194.0,69.8778,5.8685,0.0,15.73,209.1403,8.1594,0.138,1.465,277.4539,1.826,8.1605,-0.0288,7.0901,0.6567,23.7245,양품
-1.4782,-0.0129,39.4966,0.0214,-4416.5,72.9778,5.6407,-0.0473,15.8,377.1537,5.4125,0.1854,1.376,836.9693,1.9718,8.4891,-0.0133,4.4585,0.7873,21.4782,양품
0.2945,-0.0124,24.2669,0.0291,-6451.0,72.9778,5.7545,-0.8515,15.72,46.4543,6.2424,0.1467,1.262,97.0086,1.7913,8.9607,-0.0214,5.5042,0.6814,19.7055,양품
5.6155,-0.013,29.9137,0.0208,-6358.25,72.3889,2.8099,-0.0473,15.8,58.7785,5.0686,0.0676,1.376,212.6835,1.8172,8.4891,0.0209,4.5218,0.7873,14.3845,양품
5.5191,-0.0143,33.4786,0.0257,-6422.5,74.4333,7.2201,-0.0473,15.8,46.4363,7.3597,0.1829,1.376,184.1747,1.7997,8.4891,-0.0274,6.0233,0.7873,14.4809,양품
2.2618,-0.0125,39.8804,0.0253,-5641.0,72.8222,3.9483,-0.0946,15.71,242.7056,6.9216,0.1288,1.503,346.0954,1.9668,9.7571,-0.0285,6.0477,0.6815,17.7382,양품
2.3936,-0.0135,36.4312,0.0228,-6464.25,74.3,7.7851,-0.0473,15.8,47.5885,8.0541,0.1695,1.376,369.0297,1.787,8.4891,-0.0133,6.1718,0.7873,17.6064,양품
-2.7973,-0.0091,30.727,0.028,-5362.5,72.7111,1.4027,-0.0946,15.71,200.0617,6.6345,0.0483,1.503,196.249,1.994,8.5735,-0.0253,5.4143,0.6815,35.25,양품
-0.0864,-0.0092,41.4734,0.0256,-5249.25,68.0778,2.4492,-0.7096,15.69,98.2527,3.8922,0.0736,1.711,451.7974,2.024,9.1526,-0.0217,3.1265,0.6819,20.0864,양품
-0.2491,-0.0091,75.0345,0.0256,-5295.25,68.3111,3.4369,-0.0473,15.8,154.7665,4.9734,0.1078,1.376,599.7796,2.0145,9.0744,-0.0169,4.4175,0.7873,20.2491,양품
-1.7909,-0.0092,27.0636,0.0177,-5290.25,73.4444,5.1064,-0.8042,15.75,146.0651,7.2246,0.1563,1.087,497.0824,1.956,8.2345,-0.0296,5.6722,0.6976,21.7909,양품
1.6018,-0.0113,28.1938,0.0151,-6586.0,69.6222,7.5505,-0.8042,15.57,17.7106,4.8429,0.1813,1.395,58.4294,1.7933,8.6384,-0.0073,4.6244,0.6534,18.3982,양품
-2.8618,-0.0125,32.7345,0.014,-6553.0,68.5556,6.2031,-0.8042,15.57,61.0266,5.4979,0.1477,1.395,239.5899,1.8037,8.6384,-0.0083,4.6877,0.6534,22.8618,양품
-10.68,-0.0115,24.4009,0.016,-6373.5,69.9,5.1999,-1.229,15.61,58.9032,5.5075,0.1195,1.38,146.6481,1.817,8.6384,-0.0107,5.1245,0.7248,30.68,양품
-0.5591,-0.0119,53.9515,0.0191,-6548.25,68.3667,7.9777,-1.229,15.61,13.6229,5.7273,0.2124,1.38,126.4367,1.801,8.6384,-0.0116,5.0872,0.7248,20.5591,양품
-2.9609,-0.0141,17.6991,0.0134,-5426.0,72.3222,4.8277,-0.8042,15.57,84.6601,7.597,0.1501,1.395,502.8114,2.0225,8.2963,0.0032,6.2843,0.6534,22.9609,양품
1.4791,-0.0113,23.8411,0.0355,-5257.0,70.5,3.61,-0.0473,15.69,205.1055,7.1279,0.1082,1.22,251.8849,1.9643,9.1526,-0.0155,5.5619,0.8522,18.5209,양품
1.2518,-0.0112,50.7795,0.0372,-6473.25,70.3333,6.4777,-1.229,15.61,32.6637,5.1882,0.1671,1.38,81.9934,1.7997,8.6384,0.0032,4.7898,0.7248,18.7482,양품
0.0064,-0.0126,27.8884,0.0254,-5459.5,68.0889,1.6329,-0.0473,15.69,43.8824,6.3409,0.0563,1.22,206.0105,1.9885,9.7137,-0.0028,5.6721,0.8522,19.9936,양품
2.1927,-0.013,29.2027,0.0262,-5351.75,72.6667,1.3848,-0.8042,15.75,146.85,8.0469,0.046,1.087,275.1344,1.9828,8.3267,-0.0177,6.1324,0.6976,17.8073,양품
3.6664,-0.0126,30.1288,0.0153,-6514.5,69.3778,4.827,-0.1419,15.63,36.782,5.6297,0.1331,1.343,75.0666,1.81,8.6384,-0.0038,4.9721,0.6589,16.3336,양품
1.4845,-0.0122,52.4053,0.0275,-5227.5,69.9333,4.6694,-0.1419,15.63,72.7387,6.7492,0.1665,1.343,367.1135,2.0513,9.193,-0.0024,6.5199,0.6589,18.5155,양품
-5.0355,-0.0126,36.5442,0.017,-5874.25,70.4333,2.2581,0.0,15.57,285.7371,5.3448,0.0777,1.144,267.6433,2.0362,9.193,-0.0001,4.7888,0.6159,25.0355,양품
-3.1427,-0.0097,54.7804,0.0147,-5626.0,74.7444,3.8292,0.0,15.57,260.4387,7.1847,0.1287,1.144,432.8695,1.9565,9.004,0.0008,6.2127,0.6159,23.1427,양품
-0.6236,-0.0141,54.4651,0.0185,-5100.0,70.4444,4.634,-1.088,15.58,63.0681,6.1699,0.139,1.295,268.4486,1.9903,8.8973,0.0029,5.9423,0.6543,20.6236,양품
-0.0445,-0.0137,23.3364,0.0204,-5473.75,74.8111,5.1071,0.0,15.57,202.121,7.5267,0.1608,1.144,358.1046,1.9828,8.6691,0.0072,6.5805,0.6159,20.0445,양품
-1.3327,-0.0117,64.9573,0.0218,-5569.0,73.3667,2.6618,-0.7569,15.54,160.8133,6.7894,0.0877,1.324,302.7221,2.011,8.5615,0.0008,6.1823,0.7076,21.3327,양품
2.6991,-0.0132,53.0303,0.0186,-5404.75,74.4,2.5092,-1.277,15.47,102.8798,8.2101,0.0746,1.102,12.842,1.9857,8.941,-0.0021,6.7691,0.6799,17.3009,양품
-2.5418,-0.0107,67.907,0.0262,-5115.25,72.1111,4.4474,-1.277,15.47,111.1276,5.179,0.1641,1.102,340.1719,1.9992,8.8054,-0.0028,4.8125,0.6799,22.5418,양품
-1.1236,-0.0147,48.2173,0.0182,-5530.25,72.7444,2.1893,-0.7569,15.54,262.0636,6.2176,0.0735,1.324,312.0453,2.019,9.0355,0.0027,5.6285,0.7076,21.1236,양품
-0.9091,-0.0135,47.2761,0.0176,-5160.75,68.8778,2.6912,-1.088,15.51,163.8709,5.9428,0.0865,1.423,203.6572,1.9825,8.6472,0.0172,5.3456,0.592,20.9091,양품
-1.7382,-0.0126,20.6349,0.0215,-5200.75,69.8222,3.3855,-1.088,15.51,168.9556,7.1458,0.1187,1.423,812.7084,1.9635,9.1526,0.0077,6.5026,0.592,21.7382,양품
0.2327,-0.0136,26.4706,0.0153,-5405.5,73.2444,2.1919,-1.088,15.58,127.5252,5.7606,0.0666,1.295,783.0396,1.975,8.7552,-0.0049,5.6142,0.6543,19.7673,양품
-1.3018,-0.0096,50.9091,0.0281,-5175.5,73.4,3.6726,-1.088,15.51,149.5892,7.819,0.1117,1.423,363.0376,1.9867,8.7538,-0.0187,6.204,0.592,21.3018,양품
-2.8845,-0.0101,57.2133,0.0222,-4821.5,73.6444,6.7815,-0.8988,15.56,189.4842,6.4491,0.2048,1.182,989.5037,2.0263,9.004,-0.0209,5.8695,0.6289,22.8845,양품
-4.7682,-0.0115,30.5677,0.0238,-5552.0,73.9444,1.131,-0.8988,15.56,93.2894,6.3801,0.0373,1.182,526.8605,1.9817,8.941,0.0029,6.047,0.6289,24.7682,양품
3.3573,-0.0099,62.9442,0.0343,-5393.5,72.1556,5.2397,-0.9934,15.56,191.4896,7.0746,0.166,1.522,330.1984,1.9805,9.065,-0.0206,5.7494,0.6652,16.6427,양품
-2.6591,-0.009,43.2133,0.0264,-5304.75,72.6556,1.7694,-0.8988,15.56,145.4198,7.5973,0.0558,1.182,507.1919,2.0175,7.6032,-0.0045,6.5822,0.6289,22.6591,양품
26.9709,-0.0101,29.5931,0.0266,-5475.0,73.1111,2.2923,-0.8988,15.56,141.3916,8.0467,0.0777,1.182,236.5939,1.997,8.451,-0.018,7.1454,0.6289,16.775,양품
0.6055,-0.0116,64.5161,0.0264,-5591.75,73.6333,3.4248,-0.8988,15.56,165.2049,6.4327,0.1165,1.182,215.4196,1.9785,9.4749,-0.0114,6.4576,0.6289,19.3945,양품
4.7545,-0.0091,39.4521,0.0254,-5592.25,72.0778,2.3033,-0.8988,15.56,110.1646,7.6244,0.0761,1.182,275.2058,1.9882,8.9605,-0.0021,6.6776,0.6289,15.2455,양품
-0.2709,-0.0098,35.8056,0.0247,-5394.25,72.5667,3.2051,-0.9934,15.56,140.6257,7.9792,0.1048,1.522,230.2482,1.995,8.7552,-0.0217,6.2523,0.6652,20.2709,양품
-2.8555,-0.0109,51.3761,0.0279,-6476.25,66.7222,6.763,-1.277,15.47,55.2841,5.6773,0.1625,1.102,184.0333,1.7945,8.7326,-0.02,5.6922,0.6799,22.8555,양품
3.8873,-0.0118,55.9322,0.0291,-6062.25,74.3889,2.9616,-0.8988,15.56,126.3922,5.0034,0.1,1.182,551.6946,2.016,8.5508,-0.0362,4.9132,0.6289,16.1127,양품
-3.2373,-0.0101,52.6708,0.0305,-6592.25,71.1778,5.9775,0.0,15.73,52.7344,7.5403,0.1569,1.465,189.28,1.7853,8.1605,-0.0044,6.431,0.6567,23.2373,양품
-1.1627,-0.0125,32.7345,0.0255,-5526.75,71.2,5.4607,-0.8988,15.56,316.441,6.354,0.1748,1.182,647.1019,2.0035,9.193,-0.0037,5.5573,0.6289,21.1627,양품
-0.7418,-0.0108,43.418,0.0415,-4939.0,73.2667,10.57,-0.8988,15.56,129.2813,6.6487,0.3123,1.182,1178.988,1.9918,8.7164,0.0083,6.0237,0.6289,20.7418,양품
-6.7227,-0.0129,27.9612,0.0196,-5631.0,74.0444,2.1747,-1.277,15.47,128.3001,7.5373,0.0774,1.102,374.9809,2.0308,9.004,0.0077,6.7069,0.6799,26.7227,양품
0.4445,-0.0102,52.0885,0.029,-5734.75,72.4,5.0767,-0.7709,15.81,188.2363,6.7892,0.1558,1.925,613.7385,2.0205,8.7512,0.0127,5.9947,0.8705,19.5555,양품
-1.5091,-0.0092,23.816,0.0277,-5554.75,69.9667,2.5502,-0.7709,15.81,165.1625,6.6894,0.0838,1.925,130.0112,2.0078,8.3823,0.0162,5.5216,0.8705,21.5091,양품
2.44,-0.0098,45.6853,0.0275,-5695.0,73.9222,2.4823,-0.7709,15.81,190.4265,7.4166,0.0835,1.925,323.0614,1.9883,8.3845,-0.0032,6.3592,0.8705,17.56,양품
-3.45,-0.0143,26.4808,0.018,-6254.25,74.5889,3.6712,-0.7569,15.54,66.5601,7.5951,0.0915,1.324,297.9445,1.809,8.886,-0.0077,5.7472,0.7076,23.45,양품
4.9209,-0.012,24.948,0.0347,-6354.5,74.1444,10.5093,-0.7709,15.81,144.5153,7.9323,0.1451,1.925,311.6681,0.622,9.152,0.0007,7.3077,0.8705,15.0791,양품
-4.6173,-0.0094,58.5885,0.0208,-6330.5,73.5667,5.8178,-0.0946,15.77,21.5639,5.0832,0.1477,1.461,76.1949,1.8055,8.886,0.0029,4.7989,0.6595,24.6173,양품
-1.65,-0.0136,40.5157,0.0209,-5594.75,75.0333,5.7416,-0.0946,15.77,244.9536,6.444,0.1924,1.461,456.2948,1.9955,9.004,-0.0087,5.7336,0.6595,21.65,양품
-2.9818,-0.0122,18.8139,0.0258,-5093.75,73.0,5.8663,-0.7709,15.81,158.4874,6.3746,0.175,1.925,382.1739,1.9327,8.7552,0.0075,6.3751,0.8705,22.9818,양품
2.0318,-0.0101,23.7037,0.0227,-5193.25,72.3,1.8702,0.6623,15.77,19.906,7.8022,0.0593,0.9885,291.4497,2.011,8.7512,-0.0004,6.9246,0.8781,17.9682,양품
-0.2255,-0.0112,26.8757,0.0205,-5465.75,73.4556,2.5631,-0.0946,15.77,115.2635,7.4119,0.0838,1.461,236.6071,1.9872,8.941,-0.0015,6.148,0.6595,20.2255,양품
-2.0455,-0.013,31.5082,0.0214,-5097.0,72.0,3.2004,-0.1892,15.73,81.1557,6.0673,0.1034,1.21,186.3384,1.9855,9.065,-0.0129,6.0296,0.6153,22.0455,양품
0.9027,-0.0097,50.2564,0.0208,-6427.5,70.5111,6.1805,0.6623,15.77,21.7639,5.366,0.1457,0.9885,124.5512,1.808,8.6384,-0.0122,4.9113,0.8781,19.0973,양품
-4.8809,-0.0091,50.4801,0.0248,-5321.75,71.9333,4.4135,-0.8515,15.72,94.4334,9.0924,0.1358,1.21,308.5184,1.9768,8.9605,0.0068,7.2851,0.6402,24.8809,양품
-3.88,-0.0122,36.999,0.0122,-5153.5,72.7556,4.8477,-0.9461,15.73,138.2061,7.4903,0.1455,1.13,678.4318,2.007,8.3675,0.0062,6.553,0.7269,23.88,양품
4.7573,-0.0095,42.0499,0.0276,-5370.25,71.1444,1.7278,0.6623,15.77,144.9031,7.1218,0.0514,0.9885,162.1201,2.0072,8.8054,0.0027,7.1842,0.8781,15.2427,양품
-5.0918,-0.0126,31.8091,0.0235,-5488.5,70.8778,3.1347,-0.8515,15.72,132.275,6.8619,0.1017,1.21,401.0391,1.9925,8.8331,-0.0029,5.4831,0.6402,25.0918,양품
-0.6345,-0.0103,40.0,0.0231,-5475.0,74.5778,5.5812,-0.0946,15.77,285.9981,7.9629,0.1728,1.461,773.0877,1.993,9.2189,0.0037,6.2952,0.6595,20.6345,양품
-4.7227,-0.0122,36.0287,0.0214,-5868.25,73.6556,2.4444,0.6623,15.77,96.1856,8.3869,0.0773,0.9885,469.5433,1.9745,8.7786,0.0024,7.1645,0.8781,24.7227,양품
-2.0164,-0.0122,49.0296,0.0235,-5372.0,72.2333,1.4246,-0.0946,15.77,157.8533,7.6205,0.0496,1.461,316.9805,2.008,9.4749,-0.0097,7.2691,0.6595,22.0164,양품
-0.3773,-0.0111,38.7824,0.0251,-5468.5,67.9,1.8444,0.6623,15.77,146.5196,7.987,0.071,0.9885,81.3736,1.9928,8.7326,-0.0063,6.4167,0.8781,20.3773,양품
2.8691,0.0016,244.2748,0.0239,-5575.0,72.5,1.2142,0.3784,15.73,203.4838,6.8321,0.0419,0.9365,421.9115,1.9828,8.6695,-0.0134,5.8665,0.8741,17.1309,불량
-3.9073,-0.0124,55.814,0.0233,-6247.0,72.7556,5.3102,-0.0946,15.77,46.1158,6.3454,0.0841,1.461,183.3885,0.6845,9.152,-0.0055,5.8992,0.6595,23.9073,양품
-2.0718,-0.012,32.4662,0.0236,-5233.25,71.3889,3.6961,-0.7709,15.81,338.1936,7.132,0.1164,1.925,519.2747,1.9915,8.8054,0.0206,6.4696,0.8705,22.0718,양품
1.3464,-0.01,47.0588,0.0234,-5366.25,72.1556,3.3217,0.0,15.87,118.3286,6.7639,0.099,1.031,354.967,1.954,8.7164,-0.004,6.4679,0.8667,18.6536,양품
-1.8045,-0.0086,42.0438,0.0205,-6458.0,74.7778,6.8027,-0.1892,15.73,28.5818,6.6992,0.1201,1.21,155.906,0.6387,8.6024,-0.0194,5.8052,0.6153,21.8045,양품
-4.4309,-0.011,26.2741,0.0216,-5641.25,72.9667,2.2695,-1.088,15.75,332.495,8.4078,0.0791,1.513,272.3789,1.97,8.3271,-0.0067,7.3376,0.4199,24.4309,양품
-2.1155,-0.0118,47.6089,0.024,-5138.5,72.7889,3.9369,-1.088,15.75,124.5187,5.7323,0.1308,1.513,408.3336,1.9625,7.6032,0.0102,5.053,0.4199,22.1155,양품
-3.6509,-0.0125,39.9202,0.0173,-5587.0,71.7,4.6321,-1.088,15.75,206.2369,6.2494,0.1499,1.513,308.3083,2.0065,8.3271,0.0013,5.3177,0.4199,23.6509,양품
-2.5382,-0.013,30.8582,0.025,-5566.0,74.3667,2.5636,-1.088,15.75,251.9934,8.1182,0.0778,1.513,445.2243,2.0002,9.2189,0.0147,6.4367,0.4199,22.5382,양품
4.4209,-0.0091,55.0206,0.0188,-5337.0,72.4889,4.3681,-0.0946,15.77,198.221,9.2874,0.1413,1.461,667.2576,1.9918,8.7552,0.0019,7.0032,0.6595,15.5791,양품
0.5773,-0.0111,21.646,0.0346,-6393.5,75.5778,5.0882,-0.8988,15.75,44.3349,6.9072,0.1224,1.404,193.5019,1.8135,8.4768,0.0005,6.8638,0.5922,19.4227,양품
-0.1882,-0.0094,35.9788,0.0273,-5822.75,72.2778,4.4974,-0.9934,15.72,292.373,5.9,0.1516,1.385,450.6916,1.975,9.065,-0.0056,4.8447,0.655,20.1882,양품
-2.2382,-0.0109,43.2184,0.0237,-5442.25,72.2667,2.7165,-0.0946,15.77,67.8202,5.7998,0.0849,1.461,429.3704,2.026,8.7512,0.0001,5.0974,0.6595,22.2382,양품
-1.1655,-0.0156,32.7185,0.0206,-5275.5,69.0222,2.49,-0.5677,15.76,174.7653,5.8631,0.0856,1.39,467.259,2.0122,9.7137,0.0032,5.3523,0.5887,21.1655,양품
-0.4527,-0.0104,29.8795,0.0229,-5670.5,71.2556,3.4156,-0.9934,15.72,100.5332,5.8218,0.104,1.385,363.4799,1.9785,9.152,-0.0048,5.1153,0.655,20.4527,양품
-3.8991,-0.0135,32.4723,0.0153,-5713.0,75.1778,4.7118,-0.9934,15.72,280.7027,5.4053,0.1534,1.385,566.7422,1.9728,9.004,-0.0004,5.3065,0.655,23.8991,양품
1.5118,-0.0115,27.0153,0.0226,-5455.75,75.1222,4.7864,-0.9934,15.72,82.9915,6.6226,0.165,1.385,447.3741,2.0093,8.4597,0.008,5.8822,0.655,18.4882,양품
-2.3127,-0.0102,61.0086,0.0387,-5300.5,74.4667,3.9519,-0.9934,15.72,196.8847,8.7002,0.122,1.385,269.6572,2.0068,8.5615,-0.0002,6.7224,0.655,22.3127,양품
0.6482,-0.0108,38.934,0.0221,-6430.25,74.8556,7.876,-0.5677,15.76,48.6715,5.8779,0.1793,1.39,199.4265,1.794,8.5529,0.0048,5.3477,0.5887,19.3518,양품
-4.3518,-0.0097,36.036,0.0236,-5219.5,73.6,2.8491,-0.9934,15.72,212.0039,7.8757,0.0853,1.385,757.6035,1.9752,8.947,0.0025,6.1966,0.655,24.3518,양품
5.9282,-0.011,45.3001,0.0198,-5638.25,73.0222,4.6753,-0.9934,15.72,305.6047,5.5561,0.1577,1.385,229.3576,1.9972,8.3271,0.0093,5.8179,0.655,14.0718,양품
5.6382,-0.0091,49.3827,0.0277,-5685.5,72.2444,1.9881,-0.9934,15.72,345.987,7.2133,0.0595,1.385,226.9045,2.0075,8.7609,0.0026,6.8134,0.655,14.3618,양품
-3.1818,-0.0095,46.3768,0.0239,-5281.0,73.2556,3.3435,-0.9934,15.72,163.9743,8.8926,0.1106,1.385,229.5096,1.9972,8.3267,-0.018,7.415,0.655,23.1818,양품
3.6809,-0.0123,41.5902,,-5223.25,69.8111,2.2734,0.0,15.93,179.7081,4.8908,0.0767,1.333,582.1783,1.9945,8.6382,,4.3747,0.8722,16.3191,양품
5.6627,-0.0141,25.6,,-6424.25,70.2444,7.819,0.0,15.93,83.4361,5.8961,0.1968,1.333,167.3567,1.8,8.6382,,5.48,0.8722,14.3373,양품
3.2882,-0.0134,23.221,,-5756.5,70.8333,3.3883,0.0,15.93,54.8574,5.3304,0.1104,1.333,351.9285,1.996,8.6382,,4.8196,0.8722,16.7118,양품
4.6964,-0.0138,44.0831,,-5338.75,72.8556,4.5425,0.0,15.67,209.1513,6.1135,0.1395,1.541,375.3979,1.991,8.1728,,5.3512,0.5768,15.3036,양품
-2.4436,-0.0127,37.684,,-5056.25,71.0444,3.2056,0.0,15.67,316.1786,7.3467,0.1054,1.541,599.6418,1.984,8.1728,,7.1247,0.5768,22.4436,양품
1.5645,-0.0117,30.0107,,-5222.0,72.6,4.7637,-0.5677,15.76,154.3006,4.885,0.1613,1.39,356.1788,2.0217,8.7164,,4.0859,0.5887,18.4355,양품
2.9545,-0.014,35.094,,-6457.75,72.3444,5.465,0.0,15.67,46.9645,5.8635,0.1338,1.541,225.7452,1.821,8.1728,,5.1527,0.5768,17.0455,양품
-4.99,-0.011,31.7101,,-5491.75,73.2333,2.7585,-0.8515,15.72,77.0152,6.2058,0.0902,1.343,411.2739,2.0257,13.5481,,5.8122,0.6102,24.99,양품
3.0682,-0.009,42.1053,0.0272,-5727.0,72.3333,1.9812,-0.5677,15.76,304.6714,7.3852,0.0576,1.39,265.1276,1.9987,8.9605,0.0093,5.5103,0.5887,16.9318,양품
2.9691,-0.0103,36.715,,-5073.5,73.1444,0.6692,0.0,15.67,255.746,6.8537,0.0224,1.541,385.1809,2.0263,8.7552,,5.4486,0.5768,17.0309,양품
2.3318,-0.0107,40.0932,,-6416.25,69.5,4.8707,-0.1419,15.87,22.8254,7.4274,0.1148,1.309,99.5234,1.8035,8.1605,,6.8363,0.8712,17.6682,양품
2.8009,-0.0136,37.4312,,-6456.25,69.5889,5.368,0.0,15.93,15.2616,5.7768,0.1386,1.333,71.8488,1.805,8.5494,,5.151,0.8722,17.1991,양품
1.5745,-0.0102,46.022,,-4958.0,72.4889,5.4161,-0.1419,15.87,163.2715,6.3127,0.1722,1.309,198.7779,1.977,8.7512,,6.2312,0.8712,18.4255,양품
-2.7673,-0.0109,21.9931,,-5083.25,73.2222,2.3473,-0.1419,15.87,164.2062,8.0658,0.0764,1.309,608.9408,1.964,9.2189,,6.9317,0.8712,22.7673,양품
-2.3109,-0.0103,46.6586,,-5735.25,71.9111,1.7964,0.0,15.67,200.5808,5.8205,0.061,1.541,487.9477,1.9777,9.065,,5.9754,0.5768,22.3109,양품
0.0627,-0.0099,55.4855,,-6020.75,71.4222,3.5422,-0.1419,15.87,359.9559,5.5391,0.1202,1.309,646.8108,2.0252,8.3267,,5.4174,0.8712,19.9373,양품
5.9345,-0.0104,44.9761,,-6499.0,72.3778,6.8251,-0.8515,15.72,66.6702,5.737,0.1896,1.343,113.6222,1.8005,8.4509,,5.1576,0.6102,14.0655,양품
-3.1909,-0.0104,88.6747,,-5427.75,73.0222,3.5463,-0.8515,15.72,169.4016,8.7513,0.1215,1.343,555.3476,1.996,8.7786,,7.1312,0.6102,23.1909,양품
3.4827,-0.0114,49.9452,,-6424.25,66.6111,6.1086,-0.8515,15.72,96.5345,5.0416,0.1355,1.343,166.6561,1.81,8.436,,4.8692,0.6102,16.5173,양품
4.6227,-0.0134,38.2022,,-5357.0,73.3444,2.4448,,,170.7325,7.0816,0.0781,,212.0613,1.9992,8.1728,,6.5524,,15.3773,양품
2.8182,-0.0094,53.1915,,-5418.75,71.1444,3.6727,0.0,15.67,149.1755,7.5769,0.1242,1.541,523.1165,1.954,8.7164,,6.2801,0.5768,17.1818,양품
-3.3555,-0.0116,29.4372,,-6408.75,72.8444,5.2024,-0.1419,15.87,43.8368,6.4134,0.1347,1.309,232.9741,1.8023,8.9607,,5.8394,0.8712,23.3555,양품
1.1664,-0.0142,54.833,,-5153.25,71.2667,3.7752,,,236.9079,6.9172,0.1258,,543.1264,1.9435,8.1728,,5.7291,,18.8336,양품
4.4682,-0.0087,78.4993,,-5271.75,70.5111,3.4127,-0.9934,15.72,129.7832,7.5822,0.1185,1.385,713.8171,1.988,9.193,,7.1859,0.655,15.5318,양품
1.8718,-0.0102,75.8621,,-5319.5,73.0667,4.1965,,,139.2623,8.3205,0.1306,,346.0101,2.0085,8.7786,,6.4359,,18.1282,양품
