sensor_060,sensor_104,sensor_511,sensor_349,sensor_022,sensor_029,sensor_437,sensor_130,sensor_125,sensor_296,sensor_317,sensor_301,sensor_126,sensor_295,sensor_027,sensor_034,sensor_080,sensor_453,sensor_131,sensor_065,sensor_128,sensor_023,sensor_124,sensor_520,sensor_438,sensor_015,sensor_134,sensor_388,sensor_558,sensor_057,sensor_201,sensor_461,sensor_064,sensor_472,sensor_456,sensor_478,sensor_059,sensor_077,sensor_469,sensor_366,sensor_127,sensor_512,sensor_066,sensor_091,sensor_338,sensor_470,sensor_039,sensor_033,sensor_570,sensor_069,result
-1.7264,-0.0042,64.6707,0.0215,-5419.0,64.2333,3.1158,-0.0473,15.93,398.3185,6.2698,0.0462,0.8656,418.1363,1.773,9.5126,-0.0083,5.9396,0.7243,21.7264,0.4098,2916.5,15.94,,3.1136,7.9558,1000.7263,0.0,1.0297,0.9317,10.3,29.9394,16.1445,9.7752,2.3106,5.8142,4.7057,-0.0206,311.6377,0.017,3.353,0.0,29.5367,8671.9301,1.5989,5.7277,86.9555,83.3971,,148.6009,양품
0.8073,-0.0045,141.4365,0.0142,-5441.5,68.4222,1.6779,-0.0946,15.88,26.5879,5.6522,0.0591,0.8703,233.9865,2.0143,9.7997,-0.0358,5.1072,0.8122,19.1927,0.4138,2604.25,15.91,,3.2153,10.1548,998.1081,0.0,1.7819,0.9324,8.02,40.4475,10.9036,10.2211,2.2568,5.8042,4.682,-0.0198,463.2883,0.0053,2.771,0.0,27.6301,8407.0299,1.1506,5.5652,87.5241,84.9052,,154.3709,양품
23.8245,-0.0026,240.7767,0.0105,-5447.75,67.1333,0.8972,-0.1892,15.95,329.6406,5.7247,0.0326,0.8798,251.4536,2.0295,8.659,-0.0054,4.8795,0.8194,16.1755,0.4777,2701.75,15.94,36.9067,3.1281,9.5157,998.444,0.0,1.1386,0.9139,16.73,32.3594,11.3019,8.3977,3.1182,9.1221,4.5873,-0.0326,21.3645,0.0054,3.094,244.2748,24.2829,9317.1698,1.5481,5.4178,84.7327,84.7569,68.8489,145.8,불량
24.3791,-0.0059,113.5593,0.0407,-5468.25,62.9333,1.3671,0.2838,15.59,157.0889,5.444,0.0465,1.366,415.5048,2.0038,8.6789,0.0676,4.468,0.7244,15.6209,0.5176,2648.25,15.61,4.12,2.7013,9.6052,980.451,0.0,54.2917,0.9139,13.56,27.6824,13.5597,9.1494,3.0744,6.4746,4.5873,-0.0461,24.2831,0.0046,2.48,0.0,23.4736,8205.7,1.7317,6.5291,86.6867,84.9105,25.0363,147.6545,양품
-12.2945,-0.0045,148.0663,0.0246,-5476.25,62.8333,1.5533,-0.5677,15.71,128.0296,4.8956,0.0476,0.946,319.1252,1.9912,8.7677,0.0034,4.3131,0.778,32.2945,0.5328,2635.25,15.73,,6.2069,10.5661,993.1274,0.0,2.5014,0.9298,19.77,30.8924,21.9782,7.4365,4.7756,6.1979,4.6414,0.0183,44.898,0.0063,3.027,0.0,44.1498,9014.46,1.6216,4.4384,86.1468,86.3269,,146.6636,양품
28.2955,-0.0052,68.7351,0.0166,-6058.0,62.3778,1.4752,-0.0946,15.88,384.6101,5.5901,0.0203,0.8703,982.8228,1.7775,9.6484,-0.0026,5.4679,0.8122,11.7045,0.4138,2953.75,15.91,4.6687,2.7253,8.6617,998.1081,0.0,2.0541,0.9316,21.78,42.8261,7.618,9.0384,4.7579,8.5143,4.6275,-0.055,23.3606,0.0095,2.771,622.2222,18.3685,7869.7,1.9589,6.7233,87.0273,85.4233,22.5598,144.6982,양품
2.1109,-0.0042,159.5238,0.0177,-6154.0,60.8,4.2602,-0.4731,15.84,276.541,4.9162,0.0578,0.8089,1000.9579,1.7715,9.1502,-0.0154,5.1876,0.7589,17.8891,0.4162,2691.75,15.89,,4.9342,9.035,995.1991,0.0,1.2077,0.9324,14.05,23.6929,12.74,10.4319,2.1894,8.8016,4.682,-0.0132,162.4892,0.0062,2.854,748.3871,26.2754,9238.3601,0.8887,4.9878,86.374,87.1543,,152.3582,양품
29.1309,-0.0057,79.1209,0.0216,-5395.5,67.3,1.4888,0.7096,15.8,151.6605,4.8066,0.0513,0.7568,106.4973,1.9893,8.7289,0.0002,3.881,0.7863,10.8691,0.3273,2551.75,15.86,13.823,2.8232,13.6872,992.8298,0.0,1.029,0.9316,12.63,8.9488,5.5936,9.6785,4.9943,11.8759,4.6275,-0.0594,16.2027,0.0089,2.645,0.0,15.3094,9117.3699,1.4892,6.8585,86.7493,83.8887,23.6052,144.3255,양품
26.9791,-0.0048,138.5827,0.0103,-4196.5,62.8,134.0243,0.7096,15.8,1377.7589,4.3824,1.5118,0.7568,2803.1611,1.323,9.6234,-0.0047,3.4767,0.7863,13.0209,0.3273,2059.5,15.86,6.5964,3.8217,12.6837,992.8298,0.0,1.8374,0.9316,16.32,37.6287,8.8612,9.0916,4.2888,4.9673,4.6275,-0.0523,18.8665,0.0077,2.645,395.2941,19.9475,8615.27,1.5156,5.2798,86.9476,85.4274,18.212,144.5455,양품
28.3118,-0.0073,86.0068,0.0317,-5357.5,67.0333,0.7098,0.7096,15.8,392.7259,4.9838,0.0102,0.7568,354.072,1.778,8.7289,0.0102,4.1309,0.7863,11.6882,0.3273,2872.5,15.86,7.9931,3.7295,12.4278,992.8298,0.0,1.4788,0.9316,5.58,22.155,6.8983,13.4911,4.8592,16.9701,4.6275,-0.0506,21.8283,0.0114,2.645,0.0,18.1525,9126.72,1.9743,4.07,86.7493,83.8887,5.8617,147.1409,양품
27.8373,-0.0056,87.1111,0.0167,-2727.5,68.7111,200.8486,-0.5677,15.71,1620.7332,5.2778,1.769,0.946,3153.6764,0.8847,8.659,-0.0002,4.4107,0.778,12.1627,0.5328,1400.0,15.73,12.5838,3.2018,11.8566,993.1274,0.0,1.1944,0.9241,17.24,30.2973,7.8579,9.4525,3.2242,8.8454,4.4828,-0.053,14.6207,0.0038,3.027,0.0,16.9061,8476.17,1.0726,5.5003,84.7327,84.7569,15.4411,144.5955,불량
25.0836,-0.0059,67.9406,0.037,-6097.75,64.7667,3.3943,-0.5677,15.86,255.566,4.6853,0.043,0.9082,1081.3385,1.7695,9.6234,0.0035,4.1797,0.8038,14.9164,0.4467,2808.0,15.89,9.6888,3.5512,9.1084,997.4308,0.0,0.5671,0.9316,13.78,34.1207,9.4424,11.0886,4.8339,8.3929,4.6275,-0.0947,8.2922,0.0119,2.78,0.0,21.6833,8789.5001,0.6579,5.7185,86.9476,85.4274,13.0129,144.17,불량
22.6227,-0.0075,94.8247,0.0156,-5521.25,63.3778,0.743,-0.4731,15.84,133.5649,5.2108,0.024,0.8089,444.4295,2.0107,8.6789,0.004,4.4238,0.7589,17.3773,0.4162,2592.75,15.89,6.8582,2.6823,8.4828,995.1991,0.0,1.9735,0.9139,17.96,30.9721,11.0227,7.7847,3.4752,4.5258,4.5873,-0.0728,31.4286,0.0091,2.854,0.0,25.5177,7889.72,1.9911,6.0129,86.6867,84.9105,,142.5155,양품
-1.1927,-0.0047,55.0265,0.0473,-6069.75,67.9889,2.2787,0.0,15.8,266.8562,6.4674,0.0303,0.8467,1073.8102,1.7822,8.7977,0.0298,6.0827,0.7661,21.1927,0.511,2858.25,15.81,,5.1479,9.7686,998.4607,0.0,1.5411,0.9251,12.63,34.3904,12.64,9.5918,2.8369,4.3639,4.6164,-0.0377,299.314,0.0091,2.572,0.0,24.2607,8889.3,1.1474,5.5658,86.6693,83.7998,23.8168,145.2836,양품
17.6382,-0.0041,125.5385,0.0428,-1431.5,62.5,400.0,0.0,15.8,1239.0,4.9515,1.5345,0.8467,2863.0,0.439,9.2007,0.0573,5.2329,0.7661,22.3618,0.511,619.5,15.81,39.1058,3.52,9.7561,998.4607,0.0,1.3017,0.9323,17.34,24.2101,10.2273,6.1078,3.1345,5.096,4.5924,-0.0617,22.1678,0.0038,2.572,728.8889,28.1392,8651.3099,1.2491,4.3078,88.3312,85.0922,,150.1191,불량
20.4209,-0.0031,263.4538,0.0449,-2694.75,61.2333,203.9557,-0.0473,15.82,1768.6406,4.9296,1.7229,0.8987,3129.8922,0.8882,9.2007,0.0643,4.1316,0.7446,19.5791,0.5158,1476.25,15.85,15.0519,4.736,12.4364,1004.8054,0.0,1.1509,0.9324,10.4,21.2039,5.9718,6.137,3.2897,8.0698,4.6135,-0.056,15.1805,0.0048,2.77,0.0,24.8005,8907.68,1.0242,4.0537,88.3312,85.0922,,150.3127,양품
-8.1182,-0.0071,68.5315,0.0113,-5757.25,63.3556,3.8793,-0.0473,15.82,96.8035,6.5511,0.1296,0.8987,301.6514,2.0055,9.1283,-0.0353,5.6105,0.7446,28.1182,0.5158,2675.75,15.85,,4.893,12.1805,1004.8054,0.0,1.2759,0.9231,15.7,19.4794,16.6636,7.5067,2.7182,4.1477,4.5554,-0.025,31.9037,0.0063,2.77,444.4444,37.6915,8581.6799,0.6749,3.4592,86.2537,86.3472,19.9909,150.2055,양품
-5.5327,-0.0066,89.7338,0.0225,-5612.5,60.2444,2.2842,-0.0473,15.82,145.962,5.8924,0.0383,0.8987,733.2587,1.7835,8.5762,-0.0423,5.3063,0.7446,25.5327,0.5158,3417.75,15.85,,4.1498,10.0002,1004.8054,0.0,,0.9231,11.45,21.098,9.6391,6.2616,2.6989,4.2575,4.5554,-0.0176,88.5639,0.0056,2.77,0.0,34.0855,9100.62,1.4931,4.5814,87.4811,85.0465,18.6964,153.6109,양품
0.4836,-0.0052,102.9126,0.0185,-5575.25,66.2,0.8776,-0.4258,15.84,279.3486,6.8608,0.0296,1.045,441.7317,1.9803,8.6397,-0.0156,6.1211,0.7785,19.5164,0.5323,2755.5,15.87,,3.9275,8.4061,1006.4594,0.0,1.9857,0.9231,17.69,20.4401,11.7073,7.2194,2.7428,3.9691,4.5554,-0.0132,0.0,0.0061,2.582,0.0,26.2174,9242.01,1.7522,5.5904,86.7217,85.3498,16.3603,149.9064,양품
22.4736,-0.0016,349.2063,0.0429,-5469.25,65.0778,3.4856,-0.4258,15.84,171.1695,5.2005,0.1167,1.045,432.2865,2.0157,8.6789,0.0673,4.4555,0.7785,17.5264,0.5323,2685.5,15.87,6.0454,2.7659,13.3419,1006.4594,0.0,1.7842,0.9139,10.43,23.213,9.9538,7.952,3.2538,18.3408,4.5873,-0.0727,27.8104,0.0045,2.582,250.7463,22.8371,8769.58,1.7887,6.8351,86.6867,84.9105,,147.6491,양품
3.97,-0.0051,87.8049,0.0268,-5441.0,67.2,3.0524,-0.4258,15.84,181.3781,7.2532,0.1039,1.045,103.8813,1.97,8.6572,0.0308,6.1184,0.7785,16.03,0.5323,2547.0,15.87,,2.2321,11.9224,1006.4594,0.0,0.7907,0.9267,11.21,22.8688,9.8192,6.2285,2.6905,6.5183,4.4913,-0.008,112.3426,0.0043,2.582,0.0,22.4489,9605.01,1.5802,6.7704,86.6078,85.7939,10.397,142.5227,양품
0.12,-0.0092,64.3929,0.0241,-5434.0,65.1667,2.6823,-0.4258,15.84,175.7811,6.7289,0.0817,1.045,430.2875,2.0095,8.6397,0.0042,5.9383,0.7785,19.88,0.5323,2617.5,15.87,,3.376,13.6262,1006.4594,0.0,2.1258,0.9267,17.51,31.3987,11.5491,5.985,2.7682,5.817,4.4913,0.0054,0.0,0.0108,2.582,840.0,27.2876,9233.7999,1.8395,5.4799,86.7217,85.3498,24.1277,143.2009,양품
-3.6564,-0.0072,42.9066,0.0315,-5310.25,66.3556,2.4268,0.0473,15.88,185.2647,6.6914,0.0851,1.087,286.4628,1.9715,8.6397,0.0498,5.9722,0.7777,23.6564,0.4999,2717.5,15.91,,3.9183,15.4346,1006.8463,0.0,1.775,0.9231,16.13,38.7618,10.1218,5.0569,2.6647,4.4621,4.5554,-0.0442,158.901,0.0041,2.631,781.3953,31.9128,8189.1601,1.8127,4.5359,86.7217,85.3498,18.1074,155.3091,양품
18.3936,-0.0108,60.1156,0.0386,-2664.25,62.5,205.0885,-0.4731,16.03,1834.1299,5.1588,1.7144,0.9838,3088.6554,0.8915,9.2007,0.0405,5.4097,0.8093,21.6064,0.5088,1542.0,16.04,55.1651,5.44,11.6229,1010.834,0.0,1.2205,0.9323,16.72,25.905,13.1691,5.8277,3.1906,4.2732,4.5924,-0.0748,18.1585,0.0064,2.671,0.0,29.3176,8621.49,0.9001,4.6696,88.3312,85.0922,,146.9618,불량
15.3536,-0.0076,60.3279,0.0502,-2681.75,64.6778,202.158,0.0946,15.7,1731.3645,5.7899,1.6589,0.7285,3096.6188,0.8862,8.7487,0.0602,5.2309,0.8743,24.6464,0.3395,1496.25,15.73,4.8108,2.1646,4.704,996.2552,0.0,2.066,0.9296,11.37,33.162,15.3809,10.3624,2.509,4.0729,4.5715,-0.0467,21.6235,0.0081,2.955,0.0,33.5962,8592.1301,1.2514,5.796,88.2425,84.0432,,150.7536,양품
2.9964,-0.0071,65.8494,0.0125,-2706.0,67.0333,205.1004,-0.615,16.01,1702.5621,5.196,1.8123,0.9365,3151.2826,0.8895,8.6942,0.0064,4.0309,0.7839,17.0036,0.5212,1445.75,16.04,,2.2377,10.6611,1013.0161,0.0,0.7598,0.9326,11.35,18.1568,16.7209,4.8438,3.0084,6.8058,4.6879,-0.0188,161.5291,0.0057,2.685,164.7059,24.7224,8753.19,1.4067,4.5767,86.8448,85.0716,24.8352,148.11,양품
-6.9155,-0.0062,48.0962,0.0131,-5611.75,68.0333,2.7947,-0.615,16.01,307.8943,5.45,0.0931,0.9365,243.4904,2.0137,9.7997,0.0055,5.1047,0.7839,26.9155,0.5212,2736.25,16.04,,3.9686,14.8136,1013.0161,0.0,,0.9324,19.84,15.4569,19.5391,7.1962,4.7225,2.1242,4.5894,-0.0702,76.6399,0.0054,2.685,485.7143,34.5361,9381.19,1.6294,5.2065,87.5241,84.9052,30.4914,152.5282,양품
17.3873,-0.0078,69.6774,0.0461,-5369.0,62.8889,3.0617,-0.0473,16.05,177.2362,4.4239,0.0958,0.9554,190.1736,2.0017,8.9336,0.0615,4.0379,0.6287,22.6127,0.5765,2732.0,15.99,6.9757,6.0424,5.7692,1009.9942,0.0,0.5048,0.933,13.36,30.4356,9.3895,6.4521,2.7888,5.7628,4.6476,-0.0415,37.4986,0.0078,3.002,0.0,27.4102,8608.34,2.0018,5.9624,86.8595,84.3324,23.5268,143.3318,양품
13.1136,-0.0087,60.6581,0.0539,-5217.5,66.1667,2.7974,-0.615,16.01,334.9113,4.1865,0.0388,0.9365,305.296,1.802,8.8388,0.0775,3.9272,0.7839,26.8864,0.5212,3015.25,16.04,12.6112,2.4181,11.3083,1013.0161,0.0,1.7557,0.933,14.76,15.5713,13.3609,7.2863,2.6842,5.8357,4.6476,-0.0633,48.3466,0.0075,2.685,520.6349,37.2145,8883.0601,2.1842,4.6167,85.1414,84.7166,16.4792,142.5709,양품
14.7073,-0.0112,51.8436,0.0487,-5416.0,65.6333,2.5445,-0.0473,15.93,259.6344,6.2102,0.0841,0.6055,117.6124,1.9817,8.7588,0.0602,5.9652,0.8139,25.2927,0.4429,2588.0,15.96,13.4497,7.4657,6.8715,1011.7456,0.0,0.2987,0.9287,9.73,24.6564,8.2273,11.4559,2.4263,6.1651,4.5459,-0.058,44.8078,0.004,3.124,0.0,31.4769,8563.6299,1.6941,4.7002,88.3548,85.6039,15.6756,147.6055,양품
29.5109,-0.0098,49.1677,0.056,-5500.5,68.6444,1.6694,-0.0473,16.05,172.3359,4.6253,0.0584,0.9554,243.9242,1.9888,23.3453,0.0729,4.2183,0.6287,10.4891,0.5765,2739.5,15.99,6.3198,2.6222,7.3997,1009.9942,0.0,1.0184,0.9326,18.72,24.998,11.3609,6.7643,3.0066,4.0444,4.6879,-0.067,30.2939,0.0068,3.002,552.381,16.8198,8176.35,2.5845,5.2123,86.9275,101.9072,,145.3855,양품
13.1482,-0.0093,59.4595,0.0463,-5497.75,65.3667,2.7617,-0.615,16.01,116.7144,5.8491,0.092,0.9365,131.5862,1.9773,8.8033,0.079,5.3702,0.7839,26.8518,0.5212,2535.75,16.04,32.9064,6.2723,11.3994,1013.0161,0.0,2.1265,0.9287,12.78,18.6965,10.3808,11.5871,2.7143,4.6964,4.5459,-0.0724,41.2985,0.004,2.685,0.0,33.6192,7397.31,1.5435,6.1748,88.2847,83.9737,23.2076,148.6245,양품
-3.3864,-0.0087,67.6218,0.0311,-5507.75,62.6667,2.1129,0.0946,15.87,172.5097,5.3701,0.0613,0.3122,274.026,1.9745,9.1283,0.032,4.3122,0.8884,23.3864,0.3924,2637.25,15.85,,5.4255,11.6646,1010.4833,0.0,2.1444,0.9238,20.02,16.2616,18.9564,5.2224,3.1249,5.3197,4.6188,0.0041,256.6174,0.0055,2.947,0.0,30.6289,8524.3801,2.1732,5.1579,86.2537,86.3472,22.9553,151.1364,양품
4.4036,-0.0084,37.9822,0.027,-2622.5,65.4556,202.3184,0.0946,15.87,1820.9743,4.6444,1.7684,0.3122,3040.1658,0.8912,8.8249,0.0567,4.0516,0.8884,15.5964,0.3924,1550.0,15.85,,3.3611,9.5945,1010.4833,0.0,1.6641,0.9326,13.99,25.2445,18.5418,5.0256,3.221,4.6098,4.6879,-0.0192,54.5004,0.0059,2.947,691.8919,21.199,8955.3,0.7509,4.6224,86.8889,85.6591,33.2372,147.5127,양품
17.5473,-0.0093,78.7062,0.0433,-6010.25,66.8889,3.1142,-0.0473,15.93,240.0783,4.6263,0.0437,0.6055,993.652,1.7778,8.9336,0.0543,4.0999,0.8139,22.4527,0.4429,2805.75,15.96,20.9069,3.7375,7.203,1011.7456,0.0,0.9456,0.9334,17.57,33.6292,10.2673,8.63,2.7643,4.4298,4.6097,-0.0692,40.8611,0.0095,3.124,0.0,32.0705,8892.11,2.3754,4.8676,86.8595,84.3324,17.3403,144.0236,양품
-10.1245,-0.006,95.0,0.0337,-5548.0,66.4778,1.6897,0.0946,15.87,51.9102,4.5125,0.0534,0.3122,242.4967,2.0092,10.0686,0.0122,4.2166,0.8884,30.1245,0.3924,2637.0,15.85,,3.0085,4.5248,1010.4833,0.0,0.9005,0.9313,11.75,15.6292,24.2354,7.8205,3.1876,4.3614,4.5873,0.0196,59.4595,0.0046,2.947,581.8182,39.5532,8344.05,1.8141,5.0673,87.3997,85.2487,37.6321,151.0973,양품
13.9782,-0.0091,75.513,0.0466,-1362.0,65.2667,400.0,-0.0473,15.93,1420.5,4.5344,1.4395,0.6055,2724.0,0.4407,8.7588,0.0688,4.3818,0.8139,26.0218,0.4429,710.25,15.96,4.9154,4.5965,7.4758,1011.7456,0.0,2.0791,0.933,16.75,21.3059,11.68,7.4159,2.7994,6.0235,4.6476,-0.0636,47.3595,0.0069,3.124,0.0,31.3313,9364.7399,2.003,5.4704,88.3548,85.6039,,143.9373,양품
13.4891,-0.0087,57.2246,0.0438,-5452.75,65.2222,0.8808,-0.0473,15.93,118.9856,5.9735,0.0264,0.6055,253.4106,1.9728,8.7588,0.0536,5.6377,0.8139,26.5109,0.4429,2574.25,15.96,6.4745,7.3595,5.804,1011.7456,0.0,2.0344,0.9287,17.24,18.8415,9.9827,11.3992,2.3161,6.9725,4.5459,-0.0585,51.1524,0.0039,3.124,0.0,32.8848,8832.0102,1.9675,4.58,88.3548,85.6039,13.8959,148.87,양품
24.9027,-0.0033,172.0755,0.0433,-5493.75,68.3222,3.076,-0.0473,15.93,116.2999,4.0902,0.1222,0.6055,34.0722,2.0135,8.659,0.0549,3.9054,0.8139,15.0973,0.4429,2550.5,15.96,5.7587,3.22,5.4971,1011.7456,0.0,35.5806,0.9139,19.62,26.0692,10.8518,8.1255,3.2063,6.9238,4.5873,-0.0608,13.4523,0.0067,3.124,646.5753,22.6227,8660.4701,1.2445,7.2385,84.7327,84.7569,,143.4191,불량
23.4736,-0.0093,40.7507,0.0309,-5525.5,70.5111,0.7846,-1.108,15.96,260.8184,5.4109,0.0281,1.483,77.9081,2.0092,23.3453,0.0024,3.8916,0.8142,16.5264,0.545,2684.25,16.01,5.8423,4.5383,5.2868,1013.5244,0.0,1.903,0.9326,25.1,26.9186,16.3172,5.9709,2.9104,2.6882,4.6879,-0.0692,40.0023,0.0051,3.148,0.0,24.3206,9144.7999,2.708,5.0187,86.9275,101.9072,,145.82,양품
15.1509,-0.0085,75.2941,0.0428,-5085.25,63.5111,2.1657,-0.0473,15.93,2005.8744,4.1708,0.071,0.6055,876.6031,1.9875,9.1585,0.0593,3.923,0.8139,24.8491,0.4429,3493.75,15.96,14.7676,5.6683,6.4395,1011.7456,0.0,1.1895,0.933,17.38,30.7471,10.7536,5.9343,2.8618,5.1087,4.6476,-0.0505,25.939,0.0033,3.124,756.3636,30.1427,8416.3099,1.2764,5.9464,86.279,84.6216,27.8426,144.2645,불량
-2.6636,-0.0077,21.9709,0.0128,-5626.25,64.1778,2.004,0.0946,15.87,86.0867,5.8979,0.0641,0.3122,36.8273,1.987,8.6074,-0.0084,6.3399,0.8884,22.6636,0.3924,2776.75,15.85,,3.5838,5.7909,1010.4833,0.0,,0.9324,18.21,17.6569,16.9054,7.3418,4.7005,3.9721,4.5894,0.0275,230.5119,0.0043,2.947,0.0,30.0241,9029.42,1.8877,5.5149,86.7193,85.0724,25.7179,151.0518,양품
-2.4636,-0.0082,70.5167,0.0161,-6033.25,62.2889,2.1196,0.0946,15.87,87.9147,4.9579,0.0613,0.3122,1335.7012,1.97,9.1502,-0.0059,4.1468,0.8884,22.4636,0.3924,2642.5,15.85,,7.8666,5.109,1010.4833,0.0,1.2186,0.9238,12.85,20.9587,21.26,7.9705,3.2601,3.3684,4.6188,0.0387,200.5166,0.0053,2.947,0.0,30.3538,8586.46,1.5529,4.516,88.2074,85.6626,16.997,151.1118,양품
19.3136,-0.0088,42.1053,0.0528,-5415.75,69.0,2.4013,-1.204,16.1,72.7232,4.2384,0.0805,1.252,297.0492,2.0063,10.6376,0.0665,3.7729,0.8034,20.6864,0.5619,2569.0,15.95,7.4722,3.7681,5.5022,999.2814,0.005,2.376,0.934,16.06,44.2551,9.89,5.87,2.5851,7.128,4.6613,-0.1394,82.4805,0.004,2.734,247.4227,29.3844,9026.6399,4.4892,4.9578,87.5105,84.1874,,142.1155,양품
8.3045,-0.0068,76.8946,0.0189,-4731.0,60.8444,133.4481,-0.4258,15.83,1471.4602,5.5408,1.5487,1.125,3280.8927,1.3322,9.1585,0.0103,5.1372,0.7692,31.6955,0.5261,2148.5,15.9,8.038,5.588,5.3695,1001.9434,0.0,1.3801,0.93,23.16,12.5641,25.1263,7.8156,4.9132,4.665,4.6061,-0.0229,42.0252,0.0099,2.622,0.0,41.5512,8152.3899,1.2495,6.4341,86.279,84.6216,,151.9836,양품
5.03,-0.0056,113.0045,0.013,-5546.5,69.0667,0.9624,-0.4258,15.83,87.9825,5.3607,0.0335,1.125,134.7207,1.9992,10.6376,0.015,5.2595,0.7692,34.97,0.5261,2632.75,15.9,45.2088,2.751,5.1046,1001.9434,0.0,0.9743,0.93,21.82,14.6482,23.28,11.8626,4.6956,13.4098,4.6061,-0.0469,209.3439,0.0042,2.622,660.0,38.8982,8925.6301,3.3789,6.3675,87.5105,84.1874,20.0533,154.9609,불량
12.0945,-0.0071,41.0619,0.0165,-3281.0,63.1333,201.9788,0.0946,15.9,1770.0986,5.1749,1.6924,1.021,3882.2129,0.8885,8.7487,0.0155,4.9499,0.7484,27.9055,0.5835,1523.25,15.92,31.7398,3.4847,13.9864,1007.6964,0.0,1.4605,0.9324,21.91,21.1957,20.0673,7.7587,5.0581,5.2191,4.5894,-0.0263,56.3064,0.0047,2.564,0.0,36.6103,8621.6501,1.8839,6.5287,88.2425,84.0432,,151.9427,양품
23.1373,-0.008,42.7002,0.0253,-4667.25,61.8667,133.904,0.0946,15.9,1586.2346,4.9516,1.4797,1.021,3307.3123,1.3305,9.2007,0.0253,4.8677,0.7484,16.8627,0.5835,2265.5,15.92,4.7575,4.3642,5.1376,1007.6964,0.0,2.1793,0.9323,18.15,23.1448,6.8212,4.7941,3.0454,9.4939,4.5924,-0.009,40.9296,0.0045,2.564,740.7407,22.3489,8844.1101,2.6361,4.8492,88.3312,85.0922,,146.8309,양품
25.0382,-0.0091,96.9697,0.0235,-5300.25,69.0667,1.553,-1.108,15.96,262.8269,4.7265,0.0525,1.483,48.9583,2.0105,23.3453,0.0266,4.8263,0.8142,14.9618,0.545,2631.0,16.01,41.9486,2.6062,7.359,1013.5244,0.0,0.9068,0.9261,21.28,21.1771,9.691,4.1046,2.6706,13.2681,4.6332,-0.0548,37.9421,0.0084,3.148,745.4545,20.2052,8800.4,2.6724,5.0221,86.9275,101.9072,17.5247,148.7027,불량
23.3109,-0.0078,18.0064,0.0217,-5553.0,69.5556,1.6511,-0.4258,15.83,83.0682,5.1077,0.0511,1.125,318.781,2.0433,8.7495,0.0073,4.9748,0.7692,16.6891,0.5261,2616.5,15.9,9.0516,2.8754,4.7895,1001.9434,0.0,1.6419,0.93,12.39,35.1942,8.77,7.4755,4.8941,4.9295,4.6061,-0.0364,28.6561,0.0054,2.622,0.0,20.8271,9295.6198,1.6202,5.6929,86.7325,84.3585,,149.5082,불량
23.9555,-0.0094,49.0667,0.012,-5394.0,68.3556,2.5771,-0.4258,15.83,157.5423,5.5385,0.0791,1.125,75.7144,2.0032,23.3453,0.0148,5.7172,0.7692,16.0445,0.5261,2621.75,15.9,5.2585,3.8036,6.5073,1001.9434,0.0,,0.9342,22.08,26.7966,11.31,8.9455,4.8211,4.3641,4.6082,-0.0317,21.2478,0.0031,2.622,0.0,21.1546,9073.13,1.4343,6.1673,86.9275,101.9072,,148.7136,불량
21.39,-0.007,90.4847,0.0259,-2575.5,64.4222,200.9041,-0.1419,15.82,1791.2725,4.665,1.7243,0.9933,2980.3803,0.892,8.7487,0.0269,3.7214,0.7304,18.61,0.5598,1544.5,15.85,7.6097,3.8806,16.5926,1004.0281,0.0,0.8284,0.9238,13.48,39.9146,20.2036,7.164,3.0863,3.0761,4.6188,-0.0489,26.0402,0.0085,2.598,757.8947,26.658,8466.2299,1.7117,4.4499,88.2425,84.0432,12.0158,146.2882,양품
1.5882,-0.0075,67.8869,0.0169,-5175.5,67.2667,2.4382,-0.1419,15.82,96.4793,5.5737,0.0909,0.9933,362.8135,2.0,10.6376,0.0159,5.2825,0.7304,38.4118,0.5598,2589.75,15.85,64.9501,4.0139,3.5131,1004.0281,0.0,1.2808,0.9291,24.07,28.5384,33.8537,12.9409,2.3506,2.8513,4.6615,-0.0172,0.0,0.0052,2.598,548.5714,46.7625,9105.49,5.665,4.2638,87.5105,84.1874,,152.2136,양품
0.6782,-0.0078,50.0803,0.0184,-5545.0,64.0778,1.3659,0.0946,15.9,134.3577,4.3439,0.0474,1.021,206.3121,1.9772,8.8249,-0.0085,3.4653,0.7484,19.3218,0.5835,2624.0,15.92,,3.5894,13.4387,1007.6964,0.0,,0.9326,8.34,30.8126,16.6618,7.7033,3.1332,4.7511,4.6879,0.0262,828.6863,0.0039,2.564,433.7349,27.7301,9020.2799,1.7168,4.7199,86.8889,85.6591,9.2984,152.3864,양품
20.0455,-0.007,200.7117,0.0211,-4520.75,62.3667,135.1927,0.0946,15.9,1537.8514,5.3269,1.5182,1.021,3235.5781,1.3458,9.1784,0.0083,4.8115,0.7484,19.9545,0.5835,2277.75,15.92,42.7117,3.3672,5.3316,1007.6964,0.0,0.5573,0.93,15.21,25.6289,11.3827,8.2032,4.9217,6.4725,4.6061,-0.0472,48.39,0.0058,2.564,0.0,26.3171,8791.82,2.6478,5.2407,88.3282,85.1197,22.7018,148.3209,양품
21.8964,-0.0087,33.1903,0.0211,-5683.75,64.7111,3.2935,0.0946,15.9,306.3934,5.4366,0.1029,1.021,246.9458,1.9597,9.1784,0.0187,5.1405,0.7484,18.1036,0.5835,2713.25,15.92,12.3373,5.4087,4.9034,1007.6964,0.0,2.5894,0.934,17.58,19.9687,9.6273,7.1568,4.9838,9.6853,4.5924,-0.0415,42.3358,0.0052,2.564,586.6667,23.5885,8539.3801,2.3331,5.8594,88.3282,85.1197,,152.3964,양품
22.8809,-0.0037,111.9454,0.0418,-5460.5,70.0889,2.194,0.0473,15.81,76.4608,5.6503,0.0897,1.021,314.963,2.031,8.7599,0.0817,4.5452,0.7145,17.1191,0.5527,2677.75,15.84,10.6428,4.1376,3.3665,1004.407,0.0,2.1222,0.9238,13.79,15.155,12.6155,4.2375,3.133,5.2902,4.6188,-0.0179,21.8086,0.0044,2.559,331.0345,23.0468,8617.3601,1.6657,5.3844,86.838,85.794,14.1737,145.3636,양품
2.5209,-0.0055,101.1287,0.0168,-1368.75,63.4,400.0,-0.1419,15.82,1307.5,5.1458,1.4795,0.9933,2737.5,0.4425,8.7487,0.0122,5.01,0.7304,37.4791,0.5598,653.75,15.85,5.7689,2.5237,2.2493,1004.0281,0.065,0.4185,0.9342,26.55,25.8221,33.7264,15.5496,4.9593,4.3093,4.6082,-0.0209,542.2647,0.0092,2.598,0.0,46.2635,8249.76,3.4954,5.4865,88.2425,84.0432,11.7924,156.8709,불량
15.9527,-0.0101,31.6049,0.0397,-4490.5,63.6,134.0533,-0.615,15.71,1560.1131,6.4035,1.5125,1.05,3234.6965,1.3438,9.1784,0.0796,5.8773,0.7382,24.0473,0.577,2320.25,15.7,6.3504,4.4025,4.2144,1004.4368,0.0,0.6519,0.929,13.73,40.1977,7.4773,8.8195,2.4392,3.614,4.5775,-0.0771,38.1126,0.0051,2.529,0.0,30.4154,8722.96,1.7173,4.0857,88.3282,85.1197,26.7783,148.3109,불량
-1.6545,-0.0066,80.0,0.0388,-5433.25,66.7222,1.2248,0.1892,15.72,157.2819,5.5012,0.0441,0.8467,355.3237,2.0187,9.7997,0.0119,5.0184,0.8482,21.6545,0.5337,2727.25,15.77,,3.7469,5.2834,1008.3844,0.0,,0.9342,16.31,23.5982,15.9918,7.7944,4.8488,6.5713,4.6082,-0.0405,314.8901,0.0049,2.855,350.0,29.9145,9395.09,1.7462,5.5417,87.5241,84.9052,26.4033,150.35,양품
6.7391,-0.0038,102.6316,0.0392,-5493.75,68.0222,1.3803,0.0,15.68,190.7658,6.0092,0.0496,0.8703,240.8213,1.9828,10.6376,0.0803,6.3091,0.8485,33.2609,0.6409,2597.25,15.75,8.1696,4.5573,4.173,1006.1533,0.0,1.4828,0.93,21.67,10.6601,20.591,12.9861,4.6895,6.9887,4.6061,-0.0542,121.0846,0.0041,2.837,822.2222,39.587,9001.48,2.5091,6.1323,87.5105,84.1874,29.6115,156.1082,양품
13.8118,-0.0033,218.1818,0.0501,-2597.0,63.9778,201.2587,0.0473,15.73,1713.1426,4.3153,1.6972,0.9034,3007.6466,0.891,8.7588,0.0713,3.8246,0.8434,26.1882,0.5746,1474.25,15.71,35.3366,4.0639,10.2455,1006.1589,0.0,0.6105,0.934,19.73,28.6321,20.21,4.5435,2.755,4.9417,4.6613,-0.1205,93.1087,0.0055,2.83,284.6154,36.5543,8723.97,3.8408,5.6049,88.3548,85.6039,31.9154,134.9736,양품
18.3209,-0.0057,66.5208,0.0502,-5507.5,68.0,1.4767,0.0473,15.73,123.2027,5.115,0.0475,0.9034,293.2547,1.9905,8.7599,0.057,4.3162,0.8434,21.6791,0.5746,2658.25,15.71,17.2276,2.0588,11.4142,1006.1589,0.0,2.5656,0.9291,11.61,28.3387,26.1263,7.5116,2.7145,2.2849,4.6615,-0.128,20.4684,0.0039,2.83,372.6708,29.9815,8307.91,1.1841,4.4514,86.838,85.794,19.4405,142.2373,불량
16.4582,-0.0057,87.7193,0.0439,-5667.5,63.5778,2.2554,0.3311,15.76,245.6262,5.2632,0.066,0.9365,583.7548,2.012,9.2405,0.0646,4.8093,0.8088,23.5418,0.6002,2458.25,15.78,3.5682,4.5613,11.4445,1003.7344,0.0,2.0804,0.9342,19.75,47.4023,19.6637,7.7593,4.9798,4.9435,4.6082,-0.0695,26.0053,0.0049,2.799,0.0,32.3378,8999.3699,1.2412,5.2422,88.2207,85.8965,14.0343,147.87,양품
9.05,-0.0057,74.7826,0.0193,-5501.75,68.1222,2.8564,0.0,15.78,353.7272,4.4627,0.0999,1.21,270.7513,2.0062,8.7495,0.0049,3.7792,0.7332,30.95,0.5619,2698.25,15.84,29.547,4.4038,14.1603,1004.2077,0.0,1.6967,0.9318,6.73,39.6861,30.5082,10.0731,2.3932,6.364,4.6463,-0.0378,49.6133,0.0104,2.642,843.2432,39.683,8999.1098,1.4645,3.084,86.7325,84.3585,9.895,144.72,불량
18.8309,-0.0064,54.5809,0.0191,-5382.5,67.8444,4.3579,0.0,15.83,188.7441,5.9995,0.1367,0.9649,428.5545,2.01,8.7495,0.0248,4.4994,0.7608,21.1691,0.5668,2614.5,15.88,4.7792,2.9479,9.973,1001.7862,0.0,,0.9323,14.53,19.72,23.5618,6.2039,3.0281,3.4336,4.6206,-0.0304,32.2873,0.0054,2.713,0.0,29.5773,9039.1398,1.9212,4.9852,86.7325,84.3585,13.0412,143.2891,양품
18.2809,-0.0053,89.9297,0.0125,-5659.25,65.1667,3.0133,0.0,15.83,217.4849,4.5431,0.1002,0.9649,74.5537,2.0077,8.6324,0.0264,4.1117,0.7608,21.7191,0.5668,2597.5,15.88,5.8481,3.6829,15.9505,1001.7862,0.0,1.7562,0.9269,9.52,37.0154,22.6964,5.4215,2.476,4.5369,4.6686,-0.0254,18.0516,0.0081,2.713,0.0,29.8969,8733.9801,1.1285,4.0792,87.0354,85.0856,11.9501,143.7109,양품
19.8,-0.0074,53.6913,0.0137,-5349.0,61.6222,2.7784,0.0,15.83,204.0147,5.3492,0.0797,0.9649,247.8266,1.9663,9.2658,0.0193,4.3512,0.7608,20.2,0.5668,2655.0,15.88,9.8296,6.6534,17.1168,1001.7862,0.0,1.471,0.9326,20.42,24.4775,19.4236,6.2822,3.3227,7.0096,4.6879,-0.0311,35.4545,0.005,2.713,0.0,28.6955,8729.22,2.0921,4.5705,88.2109,83.8746,21.3906,150.9355,양품
11.6818,-0.007,68.8172,0.0623,-5597.0,65.6333,1.104,0.0,15.83,151.5355,4.3109,0.0329,0.9649,234.3174,1.9752,8.8033,0.0964,4.0625,0.7608,28.3182,0.5668,2582.5,15.88,5.3732,5.9421,17.2065,1001.7862,0.0,1.4027,0.9329,18.45,23.592,20.44,4.9918,2.9578,6.6665,4.6531,-0.0147,127.8054,0.0066,2.713,0.0,38.8044,8654.6899,3.9486,5.9071,88.2847,83.9737,11.5117,137.1027,양품
22.4345,-0.0054,102.3256,0.0431,-5440.5,68.3444,2.6949,0.0,15.83,63.1684,4.9353,0.1016,0.9649,349.419,2.0045,8.7599,0.0958,3.8448,0.7608,17.5655,0.5668,2584.25,15.88,20.7724,3.0727,10.158,1001.7862,0.0,1.2588,0.9238,15.6,19.7188,16.2955,5.24,2.9902,6.0666,4.6188,-0.0605,10.6532,0.0055,2.713,0.0,25.4333,8923.6199,0.6846,4.9657,86.838,85.794,10.0219,146.3745,양품
17.1627,-0.007,54.5781,0.0111,-5614.25,68.3,2.9104,0.0,15.83,271.4934,4.6734,0.1101,0.9649,312.2738,1.9745,9.6272,0.0089,4.2372,0.7608,22.8373,0.5668,2771.0,15.88,10.5773,2.6354,12.655,1001.7862,0.0,2.9289,0.9269,10.41,27.7488,15.9563,6.3911,2.3945,6.3071,4.6686,-0.0696,22.8985,0.0061,2.713,562.963,28.6681,8664.4001,1.0663,5.2305,87.0383,85.324,25.5555,146.6591,양품
25.4573,-0.0046,111.4754,0.0369,-5534.5,70.7667,2.2744,-0.3311,15.74,101.9914,4.7397,0.0693,1.031,132.9097,2.018,8.7599,0.048,4.4157,0.7025,14.5427,0.6741,2629.25,15.76,9.4224,3.5327,5.9519,1001.2992,0.0,1.1382,0.9238,19.5,18.5397,8.9481,6.1553,3.1645,12.1942,4.6188,-0.0822,16.9303,0.0048,3.198,426.6667,20.874,8651.4101,1.619,5.0655,86.838,85.794,26.1674,145.7255,양품
20.5509,-0.0031,174.8988,0.0178,-2649.25,63.3444,200.6154,0.0473,15.83,1713.3521,4.9899,1.6888,0.9933,3075.2411,0.8882,8.7487,0.0041,4.2929,0.7509,19.4491,0.6314,1461.25,15.83,11.3996,2.5259,7.3859,1006.4114,0.0,1.1885,0.9238,13.24,14.507,18.3472,7.2089,2.8328,4.0288,4.6188,-0.0346,18.2474,0.0047,2.914,221.3836,24.9395,9008.5601,1.4111,3.9223,88.2425,84.0432,,142.9691,양품
18.6827,-0.0078,51.4469,0.0475,-5554.25,65.4667,2.285,-0.3311,15.74,176.3016,5.7303,0.0722,1.031,134.8292,2.021,8.8388,0.1013,5.4793,0.7025,21.3173,0.6741,2624.75,15.76,8.5537,3.5132,4.5654,1001.2992,0.0,1.6482,0.9342,19.73,24.9208,17.0272,10.1134,4.6609,7.4078,4.6082,-0.077,27.405,0.0089,3.198,0.0,28.9468,8404.05,1.641,5.8006,85.1414,84.7166,26.9849,151.3264,양품
25.4427,-0.0055,76.0181,0.0227,-6566.0,65.2889,2.8582,0.8042,15.87,280.7805,4.0636,0.0603,0.7947,295.1305,1.8762,9.094,-0.0015,3.0551,0.8376,14.5573,0.4261,2975.5,15.91,48.1025,5.3608,4.0799,1007.4191,0.0,,0.933,14.79,21.8561,15.0236,5.0228,2.2758,6.2376,4.7644,-0.056,22.0495,0.0079,2.951,0.0,22.6504,9031.82,1.9468,3.2439,88.1608,85.2575,40.0618,149.7364,양품
17.6373,-0.0063,65.3386,0.0232,-5613.75,64.8111,2.4668,0.0473,15.83,1823.7921,5.2115,0.084,0.9933,159.8653,1.99,8.7588,0.0071,4.1518,0.7509,22.3627,0.6314,3418.5,15.83,37.8594,7.0975,8.3864,1006.4114,0.0,1.326,0.9291,10.46,23.817,21.8491,8.7825,2.7549,5.0493,4.6615,-0.0441,18.8238,0.007,2.914,0.0,31.3539,9300.7701,1.1834,6.0444,88.3548,85.6039,3.2504,148.1391,양품
24.3509,-0.005,90.0,0.021,-6546.5,64.6444,4.0847,0.8042,15.87,268.8159,4.4431,0.09,0.7947,218.4651,1.8822,9.094,0.0428,4.8614,0.8376,15.6491,0.4261,3058.0,15.91,36.8888,4.7955,3.1509,1007.4191,0.0,1.3355,0.933,9.16,32.9369,14.2318,6.3593,2.1318,5.3992,4.7644,-0.0479,67.3075,0.0054,2.951,0.0,23.1757,8952.31,4.2174,5.0844,88.1608,85.2575,12.9919,147.6145,양품
12.0627,-0.0071,79.292,0.0286,-5652.0,64.6222,3.2971,0.8042,15.87,347.9132,3.8954,0.1046,0.7947,204.1258,1.9457,9.1784,0.0121,3.5802,0.8376,27.9373,0.4261,2711.25,15.91,9.6194,3.7139,3.4345,1007.4191,0.0,1.3441,0.9329,22.53,24.679,16.6609,5.7722,3.0558,5.309,4.6531,-0.039,128.4121,0.0074,2.951,0.0,38.0327,9269.57,4.4704,6.1276,88.3282,85.1197,22.0523,140.8936,양품
9.5227,-0.0053,54.8463,0.0168,-6656.75,60.9222,1.5633,0.0473,15.83,378.7572,3.9957,0.0216,0.9933,1143.1321,1.7797,9.1585,0.0307,3.7486,0.7509,30.4773,0.6314,2883.5,15.83,34.0222,5.745,9.0188,1006.4114,0.0,2.0007,0.934,16.41,16.6625,21.0827,5.6422,2.7372,6.3951,4.6613,-0.0394,47.5705,0.009,2.914,0.0,40.9448,8401.17,1.6118,6.9582,86.279,84.6216,15.2685,138.7,양품
22.9245,-0.0061,98.3607,0.0403,-5681.5,67.5333,1.2934,-0.3311,15.74,75.82,4.746,0.0407,1.031,261.0038,1.9998,8.7495,0.0603,4.2264,0.7025,17.0755,0.6741,2670.0,15.76,20.7457,2.8134,12.9025,1001.2992,0.0,1.8712,0.9238,11.72,12.986,10.5321,8.5027,3.1149,6.6984,4.6188,-0.0816,18.6263,0.0057,3.198,896.9697,22.9914,8557.4501,1.1386,4.1859,86.7325,84.3585,,149.4391,양품
9.3336,-0.0092,39.2906,0.0153,-5537.5,64.0,2.524,0.8042,15.87,400.6599,4.49,0.077,0.7947,143.9873,1.9648,9.1784,0.0397,4.1281,0.8376,30.6664,0.4261,2483.5,15.91,38.3683,4.2187,10.6604,1007.4191,0.0,2.4299,0.9329,17.57,24.2753,19.9972,7.3866,2.7364,8.5107,4.6531,-0.0289,182.0299,0.0041,2.951,0.0,41.5043,8400.7099,4.9906,4.1332,88.3282,85.1197,9.9519,141.4691,양품
12.5391,-0.0071,56.6372,0.0395,-5349.25,68.5444,3.8403,-0.4731,15.83,40.3185,4.3171,0.1261,1.05,185.1709,2.0063,10.6376,0.0601,4.0782,0.7489,27.4609,0.6294,2536.75,15.9,12.8495,3.3555,5.132,1006.1613,0.0,0.4336,0.934,19.08,23.8886,13.7445,4.0934,2.7835,9.0303,4.6613,-0.0733,111.9698,0.0067,2.692,394.3662,37.4506,9047.98,3.8986,6.0007,87.5105,84.1874,13.4117,143.6273,양품
12.4309,-0.0063,68.6627,0.0147,-5495.75,62.8333,1.7283,0.0,15.78,187.2011,5.3995,0.0576,1.21,188.5831,1.9688,9.2658,0.0116,5.2468,0.7332,27.5691,0.5619,2703.75,15.84,40.704,7.6393,4.7482,1004.2077,0.0,1.8161,0.93,22.69,25.8126,22.91,9.2721,4.5357,10.2688,4.6061,-0.0783,60.3335,0.005,2.642,869.5652,37.4995,9054.92,2.4745,6.0343,88.2109,83.8746,29.6955,155.6164,불량
28.6355,-0.0053,68.2464,0.0188,-6518.25,67.5222,2.4697,-0.4731,15.83,263.1862,5.2164,0.0535,1.05,216.6631,1.8967,8.6667,0.0215,4.0081,0.7489,11.3645,0.6294,3073.5,15.9,13.758,3.7025,7.5957,1006.1613,0.0,2.8625,0.933,17.17,32.6037,10.9873,3.1065,2.2703,2.6817,4.7644,-0.0338,25.5278,0.0075,2.692,608.6957,18.6261,8545.2799,2.1606,3.8304,86.9255,85.4579,27.8484,147.6645,양품
8.6927,-0.006,85.5346,0.0436,-4556.0,62.6556,135.2505,0.0473,15.83,1522.3693,4.1082,1.4613,0.9933,3277.3157,1.3362,9.1784,0.0615,3.4169,0.7509,31.3073,0.6314,2259.25,15.83,9.5049,3.8305,8.0833,1006.4114,0.0,1.3239,0.9329,14.89,38.0561,22.3246,6.3465,2.9116,3.0731,4.6531,-0.0624,68.333,0.0056,2.914,833.3333,42.1115,8677.0401,1.6166,6.0446,88.3282,85.1197,,141.2273,양품
-5.3055,-0.0054,46.62,0.0173,-5432.5,64.1667,1.8486,-0.4731,15.83,111.4839,5.2837,0.0557,1.05,237.9447,2.0345,8.9336,-0.0077,4.4635,0.7489,25.3055,0.6294,2674.0,15.9,,3.5844,2.908,1006.1613,0.0,1.8423,0.9318,8.71,33.7328,22.4155,9.9812,2.7354,3.6862,4.6463,0.0146,87.0802,0.0054,2.692,443.0769,31.4125,9369.24,1.2551,3.8368,86.8595,84.3324,,145.4055,양품
-8.7491,-0.0066,30.4762,0.0205,-5677.75,66.6889,2.6454,-0.4731,15.83,155.59,4.8942,0.0834,1.05,310.3464,1.9985,8.755,-0.0066,3.4003,0.7489,28.7491,0.6294,2791.75,15.9,,2.8491,12.4225,1006.1613,0.0,1.9149,0.9318,12.45,23.1079,27.9609,7.1093,2.3755,5.0449,4.6463,0.0138,104.6966,0.0066,2.692,0.0,35.3973,8594.4,2.607,4.113,86.5867,84.8723,10.5839,147.8709,양품
26.6582,-0.004,62.6959,0.0429,-6174.5,68.9222,2.466,0.0,15.74,322.0445,5.2537,0.0584,0.9082,787.0352,1.881,8.7947,0.0704,5.3581,0.771,13.3418,0.5489,2919.0,15.78,28.9487,5.0782,4.0536,1001.0291,0.0,1.68,0.9329,5.07,36.5559,9.4782,12.0556,1.1182,4.8666,4.6792,-0.0849,35.1112,0.0069,2.66,688.3721,17.0797,8488.5099,2.5621,4.0773,87.1254,84.8178,18.8467,142.6036,양품
28.7064,-0.0047,77.2118,0.0466,-5367.75,68.2222,1.2189,0.0,15.74,50.1622,6.8114,0.0444,0.9082,131.0328,2.0093,8.7947,0.0614,6.288,0.771,11.2936,0.5489,2560.25,15.78,76.0012,3.3713,4.7155,1001.0291,0.0,2.2931,0.9329,4.94,62.6301,5.8827,12.2571,0.7975,3.7282,4.6792,-0.0083,19.1247,0.0046,2.66,0.0,15.0708,8945.4,1.6273,4.1479,87.1254,84.8178,,143.2327,양품
-8.2255,-0.0053,76.815,0.0138,-5393.25,66.0889,1.3022,,,257.5285,4.7156,0.0444,,218.977,1.9872,8.8249,0.0035,3.6677,,28.2255,,2662.25,,,2.7236,11.7405,,0.0,1.7451,0.9318,7.12,35.7201,29.4,11.9746,2.5398,5.2293,4.6463,0.0318,71.2423,0.0047,,0.0,37.532,8929.2,1.9896,3.6982,86.8889,85.6591,18.4387,144.9518,양품
28.1191,-0.0049,122.7621,0.0455,-5594.25,61.2556,2.0608,0.0,15.74,202.3512,5.2147,0.0462,0.9082,251.8152,1.8807,9.3851,0.0533,4.8994,0.771,11.8809,0.5489,2949.0,15.78,32.9193,4.8975,4.7764,1001.0291,0.0,1.4165,0.9337,7.13,36.819,13.0754,12.9399,0.7439,3.5796,4.6183,-0.088,19.3463,0.0048,2.66,0.0,18.6476,9136.34,1.9083,5.7148,86.2213,85.4507,23.416,141.3555,양품
8.6673,-0.0071,76.5957,0.0195,-2665.5,67.0222,205.2811,-0.3311,15.74,1760.2485,4.6593,1.7832,1.031,3092.805,0.8912,8.6942,-0.0188,4.0959,0.7025,11.3327,0.6741,1485.75,15.76,,2.3873,4.6731,1001.2992,0.0,1.9675,0.9326,15.91,24.4135,10.7382,5.1356,3.1101,3.5482,4.6879,-0.0201,33.2284,0.0075,3.198,470.5882,18.5853,9327.4499,0.8654,4.704,86.8448,85.0716,24.9979,146.5536,양품
3.8509,-0.0061,99.389,0.0189,-5527.0,60.9111,2.6956,0.0473,15.83,113.0262,5.469,0.0805,0.9933,261.3899,1.984,9.1502,0.0065,5.2882,0.7509,16.1491,0.6314,2560.25,15.83,,5.9103,8.1787,1006.4114,0.0,1.8542,0.9342,17.45,32.3024,16.4146,8.5949,4.8441,3.3876,4.6082,0.0293,265.9112,0.0044,2.914,0.0,21.2791,8172.39,2.7903,5.8729,88.2074,85.6626,25.1366,149.0727,양품
-15.1964,-0.0063,87.3016,0.0401,-4695.25,65.2,134.6445,,,1424.5622,4.2296,1.6276,,3308.1092,1.3355,8.8388,-0.0265,4.3947,,35.1964,,2105.0,,,3.0675,9.4702,,0.0,,0.9326,13.22,23.9011,27.869,8.1614,2.541,2.1475,4.7045,0.0556,64.5549,0.0087,,201.5748,38.7128,8734.73,2.9081,3.9366,85.1414,84.7166,26.4531,155.9973,양품
-6.4836,-0.0054,115.3488,0.0106,-5491.5,64.8,1.5027,0.7569,15.68,195.6672,4.1415,0.054,0.894,307.0814,1.9898,8.6942,-0.0316,3.1922,0.786,26.4836,0.594,2578.5,15.75,,5.7099,3.8361,1009.6011,0.0,,,7.29,35.8117,26.6791,13.5601,2.5654,4.0269,,-0.0136,102.8744,0.007,2.746,0.0,34.5138,9393.38,2.2382,4.1971,86.8448,85.0716,9.9956,147.5091,양품
-11.2182,-0.0058,65.2361,0.0106,-5463.25,65.3,1.1027,,,161.5488,4.2605,0.0376,,289.5748,2.0063,9.7997,0.0174,3.5647,,31.2182,,2652.0,,,4.7473,13.4292,,0.0,,0.9318,9.5,43.9785,31.3127,8.7713,2.3478,4.1015,4.6463,0.0249,69.6191,0.0079,,0.0,39.6995,9001.7399,2.5358,2.9782,87.5241,84.9052,16.7745,147.7518,양품
11.5591,-0.0052,117.8744,0.0259,-2609.25,62.7556,201.1135,0.0473,15.83,1746.5985,4.1373,1.711,0.9933,3020.4584,0.8925,8.7588,0.0083,3.4174,0.7509,28.4409,0.6314,1505.5,15.83,9.838,5.0992,7.6212,1006.4114,0.0,2.2249,0.934,15.66,24.2959,13.7328,4.5481,2.8428,13.3252,4.6613,-0.0246,68.5174,0.0055,2.914,858.5366,39.2802,8887.5198,2.1534,6.4041,88.3548,85.6039,6.4671,147.4645,불량
28.4227,-0.005,116.5829,0.0432,-5497.75,67.1556,1.0283,0.0473,15.76,196.0466,5.2979,0.0319,1.026,78.6824,2.0083,8.7947,0.0893,4.7187,0.7388,11.5773,0.623,2598.75,15.79,64.1552,4.0205,15.4785,1000.9017,0.0,1.2891,0.9329,4.01,28.5726,7.38,9.0952,0.6948,6.5265,4.6792,-0.139,32.8258,0.0043,2.643,0.0,17.7542,8865.8101,2.6515,5.5114,87.1254,84.8178,,149.6982,양품
24.4727,-0.005,100.7557,0.0342,-5522.25,61.7444,3.1235,0.0473,15.76,201.6538,5.7258,0.0697,1.026,242.5385,1.87,9.3851,0.0544,5.6519,0.7388,15.5273,0.623,2935.25,15.79,21.1593,5.5066,14.0894,1000.9017,0.0,,0.9329,9.74,38.2679,3.3254,10.4369,0.8629,4.8236,4.6792,-0.1275,40.0037,0.0078,2.643,468.9655,19.7605,8972.6301,2.9291,5.2001,86.2213,85.4507,,152.3764,양품
5.1345,-0.006,103.3333,0.0342,-1502.75,60.5,400.0,0.0,15.74,1213.0,5.3251,1.511,0.9082,3005.5,0.4368,9.2007,0.0121,4.7298,0.771,34.8655,0.5489,606.5,15.78,92.0761,4.7934,10.179,1001.0291,0.0,1.5269,0.9238,30.17,9.4876,27.5963,17.2001,2.9114,3.1492,4.6188,-0.0808,401.204,0.0035,2.66,0.0,40.4495,9010.52,5.4961,4.8257,88.3312,85.0922,,150.8327,양품
24.8064,-0.0062,45.0704,0.0426,-5443.0,67.8111,1.02,0.0473,15.76,144.7999,7.6145,0.0315,1.026,157.6283,1.9935,8.7947,0.0915,6.659,0.7388,15.1936,0.623,2524.5,15.79,11.8498,3.3918,14.4227,1000.9017,0.0,1.5614,0.9329,3.57,46.3586,3.0204,9.9532,1.0401,7.1654,4.6792,-0.1347,42.9728,0.0056,2.643,0.0,19.4876,8624.16,3.064,4.0618,87.1254,84.8178,,149.8864,양품
27.6182,-0.0037,92.2034,0.0518,-5668.0,64.0,1.7957,0.1419,15.66,59.2565,4.9451,0.0405,0.9318,160.0125,1.853,9.3851,0.0534,4.3733,0.7454,12.3818,0.6207,2817.0,15.7,9.0197,4.6875,17.8597,995.2842,0.0,,0.9329,4.26,29.0011,7.4273,11.6262,0.9191,6.3688,4.6792,-0.0442,29.6182,0.0049,2.593,0.0,16.218,9292.8499,2.5224,5.4078,86.2213,85.4507,17.4419,142.1,양품
20.5864,-0.0069,70.6306,0.0428,-6274.75,66.2556,3.3483,0.1419,15.66,332.6584,4.4596,0.0763,0.9318,85.5117,1.8835,10.9634,0.0772,3.7462,0.7454,19.4136,0.6207,3010.25,15.7,36.4807,5.1316,18.8626,995.2842,0.0,1.3774,0.9326,14.48,20.419,18.47,6.9812,2.4337,4.7979,4.7045,-0.0481,20.499,0.0065,2.593,400.0,27.3648,8028.82,1.3302,4.6974,87.489,85.4138,34.9682,145.2709,양품
27.6655,-0.0051,101.4634,0.0389,-5609.5,61.7667,2.8822,0.0473,15.76,261.5754,5.2551,0.0643,1.026,226.7532,1.8678,9.3851,0.0916,4.7168,0.7388,12.3345,0.623,2934.5,15.79,10.0733,5.9903,15.0233,1000.9017,0.0,2.1401,0.9331,6.07,61.1564,14.18,11.7576,0.8405,3.9899,4.6677,-0.12,27.5072,0.0056,2.643,0.0,18.6255,8967.0801,2.4092,4.9827,86.2213,85.4507,,141.1055,양품
29.0264,-0.0056,42.5721,0.0385,-6487.25,65.7333,1.5282,0.7569,15.68,265.8276,4.6683,0.0356,0.894,138.3652,1.8753,9.094,0.0725,3.5348,0.786,10.9736,0.594,2943.5,15.75,13.5649,4.2596,12.9074,1009.6011,0.0,1.3381,0.9332,13.2,26.6598,8.2148,3.6042,2.4541,6.8027,4.7217,-0.1103,27.32,0.0085,2.746,0.0,18.2111,8246.59,2.378,4.3588,88.1608,85.2575,16.3114,146.8536,양품
27.7364,-0.0066,85.3333,0.0175,-6361.5,66.9778,3.5826,0.0,15.74,229.9993,3.9228,0.0814,0.9082,262.1558,1.8895,10.9634,0.0141,2.9782,0.771,12.2636,0.5489,2988.5,15.78,5.3696,5.2256,5.9532,1001.0291,0.0,1.4757,0.933,15.55,34.3099,11.4437,8.4532,2.4857,5.9742,4.7644,-0.0837,15.2868,0.0095,2.66,290.9091,19.7743,8974.06,1.3332,4.0071,87.489,85.4138,15.6303,145.9618,양품
24.8282,-0.0059,64.6809,0.0481,-6514.0,61.6444,4.9208,0.7569,15.68,331.9693,4.1939,0.1015,0.894,161.0756,1.882,9.1638,0.0706,3.885,0.786,15.1718,0.594,3037.75,15.75,5.4052,6.9755,13.4953,1009.6011,0.0,1.8925,0.932,20.52,40.8139,12.7836,3.5491,3.0759,5.0971,4.7112,-0.1051,26.9452,0.0084,2.746,760.0,20.2521,8242.48,1.9875,4.2702,88.4188,84.5407,19.0844,140.6673,양품
24.6118,-0.0064,73.0097,0.0431,-6541.25,65.4333,4.5916,0.7569,15.68,256.6663,3.7815,0.0967,0.894,235.0736,1.8858,9.094,0.0918,4.2609,0.786,15.3882,0.594,3022.75,15.75,10.0997,3.8207,3.636,1009.6011,0.0,1.858,0.933,16.04,23.6742,15.6664,8.2759,2.1044,2.9844,4.7644,-0.1082,19.3809,0.0087,2.746,0.0,22.1592,9013.3401,1.4501,4.7154,88.1608,85.2575,23.2934,147.7673,양품
27.7155,-0.0075,27.8607,0.038,-5147.25,62.9667,1.1212,0.7569,15.68,193.1638,4.2139,0.0332,0.894,547.3855,1.983,9.094,0.0488,4.0444,0.786,12.2845,0.594,2420.25,15.75,42.0901,5.5585,13.0316,1009.6011,0.0,1.6666,0.9326,16.17,26.8436,8.2381,3.6091,2.1206,10.2301,4.7045,-0.0916,24.4629,0.0076,2.746,461.5385,18.9827,8182.9,1.8705,3.8648,88.1608,85.2575,8.8252,152.1,양품
23.7864,-0.0068,49.8168,0.0447,-6485.5,63.6444,1.1615,0.0473,15.76,296.3376,4.8339,0.0292,1.026,188.0257,1.888,9.1638,0.0716,4.3231,0.7388,16.2136,0.623,3043.0,15.79,27.3449,5.4993,12.7841,1000.9017,0.0,1.1777,0.9343,15.9,35.2476,16.9794,4.2878,2.8022,4.8968,4.7233,-0.0988,32.0352,0.0048,2.643,387.5,21.1535,9061.3801,2.111,6.2646,88.4188,84.5407,,140.7055,양품
20.6,-0.0054,127.4827,0.0113,-5409.0,68.3333,2.7335,-0.1419,15.64,135.9764,5.5196,0.0838,1.012,296.1948,1.9937,8.9336,0.0178,5.0758,0.6925,19.4,0.6156,2664.75,15.72,15.0909,3.3659,4.4125,998.6588,0.0,1.3798,0.934,17.18,12.4082,10.2527,7.5951,4.79,4.3662,4.5924,-0.0214,47.0388,0.0077,2.931,0.0,25.2665,8249.0901,2.6225,5.4902,86.8595,84.3324,34.1139,150.0155,양품
29.7509,-0.005,151.5152,0.016,-6463.0,67.4,3.7838,0.0473,15.76,300.9729,3.8059,0.0785,1.026,159.7561,1.8718,8.6667,-0.0055,3.9,0.7388,10.2491,0.623,3027.0,15.79,6.0442,4.1543,6.0177,1000.9017,0.0,2.6313,0.933,11.99,24.0433,7.3481,2.8048,2.2103,9.2718,4.7644,-0.1102,25.9488,0.0054,2.643,0.0,16.2643,9226.67,2.1414,4.1096,86.9255,85.4579,15.445,149.1618,양품
23.9945,-0.0066,66.7932,0.0397,-5301.0,63.3556,1.2862,0.0,15.74,195.3885,5.4282,0.0459,0.9082,129.2878,1.9775,9.2658,0.085,5.2102,0.771,16.0055,0.5489,2437.0,15.78,5.7689,5.8401,13.6445,1001.0291,0.0,1.4996,0.9324,21.71,20.8174,17.4936,7.8631,4.6477,3.61,4.5894,-0.1478,31.3821,0.008,2.66,477.6119,23.4847,8481.16,2.0661,5.6159,88.2109,83.8746,8.049,148.4764,양품
16.7909,-0.0055,78.0045,0.0362,-5401.75,70.1667,4.0506,-0.1419,15.64,241.1602,5.6383,0.1219,1.012,93.6425,2.019,8.7495,0.0516,4.9724,0.6925,23.2091,0.6156,2672.25,15.72,9.7547,4.133,4.7513,998.6588,0.0,2.6295,0.9291,16.99,15.9773,16.6345,4.3325,2.8725,3.5774,4.6615,-0.0714,50.8013,0.0048,2.931,0.0,29.5358,9439.44,2.6285,4.7852,86.7325,84.3585,,142.84,양품
23.7136,-0.0057,68.5714,0.0471,-6470.75,64.6556,3.3618,0.0473,15.76,264.0543,5.8419,0.0794,1.026,297.0874,1.8893,10.9634,0.0603,5.3776,0.7388,16.2864,0.623,3081.0,15.79,25.9798,4.4853,12.7948,1000.9017,0.0,2.2095,0.9332,15.24,52.1988,8.01,8.9105,2.2847,8.0391,4.7217,-0.0969,21.8861,0.0041,2.643,0.0,21.8375,9065.4699,1.5798,5.4231,87.489,85.4138,,149.52,양품
18.5764,-0.004,65.2038,0.0327,-5432.75,60.2667,2.3584,0.0,15.74,73.4909,4.4137,0.0697,0.9082,322.4101,1.9748,9.2405,0.0209,4.0772,0.771,21.4236,0.5489,2579.75,15.78,8.3082,5.4757,5.7237,1001.0291,0.0,15.6096,0.934,17.62,41.0503,10.6818,5.7471,2.9795,13.5349,4.6613,-0.0983,62.3911,0.0064,2.66,278.6517,30.0601,8721.5101,3.7869,5.8617,88.2207,85.8965,,144.9582,불량
24.2918,-0.0051,136.9193,0.0389,-5856.75,62.2111,3.2679,0.0473,15.76,338.4977,6.0972,0.0694,1.026,1716.0853,1.8845,9.1638,0.0659,4.8959,0.7388,15.7082,0.623,3085.0,15.79,27.2058,4.1793,11.7968,1000.9017,0.0,1.2672,0.932,14.62,43.6301,10.7936,5.0632,2.7404,4.2267,4.7112,-0.0289,21.9004,0.0067,2.643,666.6667,21.5957,8529.3901,1.937,3.8603,88.4188,84.5407,37.3879,145.2655,양품
25.5127,-0.0044,77.2727,0.0151,-5657.75,64.7111,2.5561,-0.1419,15.64,196.8474,4.3933,0.0821,1.012,328.8539,1.97,9.094,0.0271,3.2554,0.6925,14.4873,0.6156,2628.75,15.72,13.6335,4.0179,15.2822,998.6588,0.0,2.1397,0.9326,13.73,53.855,12.1563,2.454,2.2445,5.1949,4.7045,-0.065,30.8473,0.0051,2.931,0.0,22.1353,8394.1499,2.1839,4.4142,88.1608,85.2575,18.6262,148.9909,양품
26.7064,-0.0062,54.6185,0.0465,-5560.75,63.9444,0.8822,0.0,15.74,63.4849,4.8126,0.0263,0.9082,329.8428,1.9817,9.2658,0.0726,3.7001,0.771,13.2936,0.5489,2602.5,15.78,9.8355,6.4118,5.8117,1001.0291,0.0,,0.932,11.37,28.568,13.69,4.6301,2.402,7.0574,4.7112,-0.0545,28.7197,0.0049,2.66,485.7143,20.443,8892.8699,2.2732,3.4652,88.2109,83.8746,12.452,143.3964,양품
8.9136,-0.0039,93.9683,0.0373,-5474.25,65.7778,2.6914,-0.3311,15.73,143.1712,4.0809,0.091,1.087,109.1402,1.9945,10.6376,0.0599,3.8329,0.7681,31.0864,0.574,2532.0,15.77,36.3044,5.1689,11.4788,1004.2506,0.0,3.1086,0.934,16.87,53.5488,21.6236,4.4555,3.0191,7.1799,4.6613,-0.0988,141.1321,0.0062,2.675,0.0,41.2374,8527.2501,3.6673,6.6727,87.5105,84.1874,79.4174,142.3409,양품
8.9418,-0.0017,301.4493,0.0121,-5600.5,68.2556,2.4273,-0.1419,15.65,137.3496,5.1314,0.0863,0.9838,230.26,1.977,9.6272,0.0059,4.0049,0.7193,31.0582,0.632,2727.25,15.73,16.0079,4.1022,18.1408,997.0102,0.0,1.4517,0.9318,7.39,28.5791,29.6318,6.5655,2.9784,4.1464,4.6463,-0.0634,45.5165,0.0044,2.612,751.5152,39.9438,10746.6,1.4479,3.2123,87.0383,85.324,10.3422,147.5964,양품
6.9918,-0.0057,58.1498,0.0441,-6068.75,67.1778,3.1168,-0.1419,15.64,329.3047,4.291,0.0404,1.012,1103.7634,1.779,10.0686,0.0515,3.9116,0.6925,33.0082,0.6156,2827.75,15.72,25.1305,2.8283,11.7113,998.6588,0.0,0.411,0.934,16.06,35.9496,24.1545,6.3718,2.8999,5.2587,4.6613,-0.0596,129.151,0.0035,2.931,634.9206,44.0701,9519.65,2.4399,5.5601,87.3997,85.2487,22.3384,136.9155,양품
16.6036,-0.0062,77.1084,0.0297,-5306.5,67.5778,2.1063,0.6623,15.8,176.6831,5.4277,0.0716,0.9176,249.8059,1.9827,9.6272,0.0,4.5818,0.6956,23.3964,0.6274,2648.75,15.85,4.4628,3.2555,9.6926,1012.1967,0.0,1.8271,0.9269,12.08,23.6992,17.1728,7.2693,2.4098,4.1499,4.6686,-0.0199,18.5502,0.0052,2.761,0.0,29.6268,8610.0701,0.9455,4.7452,87.0383,85.324,20.7532,143.8591,양품
16.5255,-0.0017,243.4783,0.0397,-6030.25,63.1444,1.4219,-0.0946,15.74,233.9288,5.0727,0.0426,1.035,890.0589,1.9933,9.2405,0.0073,4.635,0.761,23.4745,0.6217,2656.0,15.89,39.6042,5.0677,5.6793,1007.05,0.0,1.6806,0.9291,15.66,11.7214,24.1954,6.2567,2.4208,3.6188,4.6615,-0.0483,32.4348,0.0044,2.726,364.7059,32.6465,9188.72,1.3822,4.5117,88.2207,85.8965,13.908,142.59,양품
29.1918,-0.005,88.665,0.0162,-5653.75,65.4778,3.1533,-0.3784,15.74,394.0621,5.9941,0.101,1.021,105.56,2.0232,8.7947,0.0088,5.0146,0.7429,10.8082,0.6256,2327.25,15.75,30.1063,4.2763,16.8343,1004.4356,0.0,1.4843,0.9188,19.74,22.5632,8.7877,7.4153,4.7887,14.6247,4.514,-0.1102,24.0136,0.004,2.676,741.4634,17.4684,9332.7599,1.6351,5.9744,87.1254,84.8178,22.5185,149.2,양품
10.08,-0.004,82.243,0.041,-5418.25,61.8778,2.4265,0.6623,15.8,276.7303,4.9691,0.083,0.9176,511.4224,1.9705,9.0998,0.0427,3.6691,0.6956,29.92,0.6274,2571.5,15.85,7.3114,5.8179,12.6505,1012.1967,0.0,1.2031,0.9332,8.19,24.1311,28.3818,6.3355,2.185,9.4293,4.7217,-0.0333,53.4722,0.004,2.761,0.0,40.5205,8796.0601,1.8701,3.7046,88.24,85.7375,60.273,147.8373,양품
3.9055,-0.0068,61.7647,0.0164,-5641.25,61.8333,0.8325,0.7569,15.68,201.6538,4.3009,0.0248,0.894,123.6888,1.9843,9.2405,0.0288,4.0249,0.786,36.0945,0.594,2642.25,15.75,3.8763,5.3369,12.5444,1009.6011,0.0,0.6065,0.934,8.66,29.5865,18.7055,5.7812,2.8727,6.1617,4.6613,-0.0915,81.4246,0.0045,2.746,885.7143,45.7731,8802.4499,0.8625,5.7614,88.2207,85.8965,9.0351,140.5445,양품
26.6527,-0.0059,79.661,0.0272,-5538.5,68.4333,2.856,0.3311,15.7,209.6481,7.4134,0.0883,1.272,157.5108,2.0003,8.7947,0.0268,6.3787,0.7636,13.3473,0.6641,2562.5,15.74,5.4427,3.6532,2.8173,1001.6031,0.0,1.9166,0.9188,18.87,23.3774,7.3818,8.6332,4.7465,8.766,4.514,-0.0393,21.0485,0.0068,2.763,0.0,20.6385,8886.1802,1.7883,7.3597,87.1254,84.8178,17.6666,149.3273,양품
17.6864,-0.0047,113.0667,0.0134,-5261.75,66.9333,3.1468,-0.0946,15.74,50.2419,5.7063,0.1021,1.035,142.3713,1.993,8.9336,0.0242,4.8705,0.761,22.3136,0.6217,2685.75,15.89,7.5473,2.8386,5.0234,1007.05,0.0,9.3791,0.93,18.71,16.9094,17.3827,5.2618,4.8072,6.5423,4.6061,-0.0452,35.9034,0.0093,2.726,585.3659,27.4474,8396.56,1.8931,6.4996,86.8595,84.3324,,145.5145,양품
15.0182,-0.0059,62.5793,0.0147,-5587.75,61.6778,4.5831,-0.0946,15.74,235.8679,4.593,0.145,1.035,385.1401,1.9705,9.2658,0.0033,4.1891,0.761,24.9818,0.6217,2482.5,15.89,41.8712,8.593,5.2075,1007.05,0.0,2.0042,0.9291,10.93,26.069,25.4591,6.7547,2.404,4.8764,4.6615,-0.0456,29.7639,0.0051,2.726,0.0,33.8496,8613.2899,1.2882,5.1161,88.2109,83.8746,25.3161,146.6245,양품
15.7936,-0.0056,89.6861,0.0126,-5531.5,69.3333,1.877,-0.0946,15.74,153.7495,4.0226,0.0621,1.035,262.4481,2.0303,8.7495,0.0006,3.2244,0.761,24.2064,0.6217,2643.75,15.89,44.4765,3.3173,5.8718,1007.05,0.0,0.8181,0.9302,11.28,21.0937,22.9055,9.8023,2.5134,3.4193,4.6708,-0.0566,39.8262,0.0056,2.726,0.0,30.2922,10358.1,1.7625,3.8372,86.7325,84.3585,25.9372,143.89,양품
6.6636,-0.0067,44.8598,0.0446,-5456.25,67.6333,1.885,0.0,15.74,212.4068,5.0305,0.0605,0.9082,248.3967,1.9972,9.6272,0.0234,3.5428,0.771,33.3364,0.5489,2620.0,15.78,49.2141,2.8093,5.5904,1001.0291,0.0,1.7869,0.9332,16.45,26.6655,32.4018,7.8415,2.4821,13.3705,4.7217,-0.1142,96.794,0.006,2.66,800.0,43.541,8857.02,1.9027,3.9084,87.0383,85.324,17.9238,149.5082,불량
10.2109,-0.0045,93.3333,0.0405,-5683.75,63.2778,3.2999,0.6623,15.8,107.0296,5.1929,0.0983,0.9176,257.6436,2.0173,9.1502,0.0418,4.9759,0.6956,29.7891,0.6274,2543.0,15.85,4.0933,6.0053,12.6325,1012.1967,0.0,1.9693,0.9291,17.84,24.1781,25.7227,7.863,2.7222,4.8214,4.6615,-0.0365,141.5153,0.0044,2.761,800.0,39.6865,8869.57,3.8281,4.5396,88.2074,85.6626,,150.3718,양품
-19.1518,-0.0056,52.0179,0.0283,-6563.75,66.0556,2.8412,,,362.3189,4.9213,0.0384,,1249.2297,1.8005,8.8388,0.0037,3.7845,,39.1518,,3036.5,,,3.9361,10.0725,,0.0,0.9176,0.9318,9.09,48.0809,39.6172,12.0888,2.3504,3.4781,4.6463,0.0291,56.6004,0.01,,0.0,46.9227,8981.22,3.625,3.5851,85.1414,84.7166,17.8027,148.6427,양품
22.2164,-0.0041,104.2424,0.0167,-5559.0,63.9,2.3637,-0.0473,15.74,228.3979,4.0774,0.0792,1.097,74.6458,1.9682,9.2658,0.0389,3.2775,0.7304,17.7836,0.656,2594.75,15.77,4.8043,5.6338,3.4456,1000.0948,0.0,,0.932,11.41,21.3051,12.64,7.2761,2.9313,5.7072,4.7112,-0.0578,24.0813,0.0052,2.666,421.8182,23.5906,8705.1401,1.6577,3.8116,88.2109,83.8746,22.6166,146.3055,양품
25.8364,-0.007,46.9751,0.0188,-5499.75,63.3778,2.2995,0.3311,15.7,96.8642,4.7194,0.0823,1.272,242.0708,1.9685,9.2658,-0.0014,3.9885,0.7636,14.1636,0.6641,2597.0,15.74,24.5079,8.047,6.1052,1001.6031,0.0,,0.9326,11.2,24.5964,16.1428,4.9059,2.9175,6.9102,4.6879,-0.0376,16.2562,0.0064,2.763,569.4915,19.9565,8589.3499,1.3482,4.7707,88.2109,83.8746,13.3978,149.9227,양품
25.9591,-0.0093,64.1711,0.0418,-6353.5,67.6556,2.5791,0.3311,15.7,262.5432,3.7323,0.0577,1.272,55.4527,1.8835,8.6667,0.0689,3.7003,0.7636,14.0409,0.6641,3018.75,15.74,14.1537,5.4689,4.111,1001.6031,0.0,1.929,0.933,11.49,25.2792,15.3845,6.2466,2.2554,8.6352,4.7644,-0.0389,19.5693,0.0101,2.763,0.0,21.3459,8429.3201,1.3659,4.5339,86.9255,85.4579,10.8972,145.9136,양품
23.8864,-0.005,83.3747,0.0395,-6599.25,63.5778,2.7716,-0.3784,15.74,327.1605,4.3832,0.0597,1.021,282.5684,1.8888,9.1638,0.0587,3.7923,0.7429,16.1136,0.6256,3076.0,15.75,12.474,6.2915,13.1215,1004.4356,0.0,,0.932,18.53,28.6509,15.2672,5.4252,2.9018,3.626,4.7112,-0.0965,25.1189,0.0054,2.676,0.0,23.7582,8474.25,1.9873,4.4728,88.4188,84.5407,16.9639,145.34,양품
23.0364,-0.0068,56.0886,0.0369,-6413.5,67.3111,1.4266,0.3311,15.7,335.9379,5.6844,0.032,1.272,207.2768,1.8873,10.9634,0.0659,5.5304,0.7636,16.9636,0.6641,3062.75,15.74,12.0668,4.9026,3.0397,1001.6031,0.0,2.2326,0.9332,12.51,33.3101,10.0091,8.4777,2.7633,5.1101,4.7217,-0.0249,29.3883,0.0062,2.763,0.0,23.0148,8716.89,2.1155,3.4895,87.489,85.4138,17.565,145.5955,양품
22.7418,-0.0062,46.9636,0.0351,-6569.5,63.8444,2.323,0.6623,15.8,285.5058,4.8832,0.053,0.9176,168.8481,1.8785,9.1638,0.0724,4.3447,0.6956,17.2582,0.6274,2960.25,15.85,8.9296,5.952,10.7997,1012.1967,0.0,1.2315,0.932,14.14,27.9836,12.5572,7.2308,3.1299,5.1423,4.7112,-0.0405,29.0654,0.0046,2.761,189.8305,22.7338,8969.7399,2.0671,4.0683,88.4188,84.5407,23.0494,145.2664,양품
-9.2836,-0.0034,162.3188,0.0174,-6480.5,65.9556,2.4609,-0.615,15.78,271.3798,6.4762,0.0638,1.097,171.543,1.8815,9.043,-0.0065,4.6611,0.7675,29.2836,0.6482,3056.5,15.84,,3.4872,12.2894,1009.46,0.0,,0.931,22.45,32.2519,22.15,5.1581,4.9684,5.6813,4.6121,0.0187,110.8402,0.0051,2.698,618.1818,39.6517,9375.7899,2.5349,6.0675,86.5358,86.1197,15.691,147.6782,양품
-17.9336,-0.0045,103.8674,0.0237,-6364.25,65.8333,2.8756,-0.615,15.78,134.8885,6.2982,0.0605,1.097,148.1517,1.888,9.043,0.0047,5.1918,0.7675,37.9336,0.6482,3060.25,15.84,,5.7722,10.3889,1009.46,0.0,0.553,0.931,21.2,30.6327,29.0909,6.4458,4.4041,4.7846,4.6121,0.0196,34.7392,0.0048,2.698,731.4286,50.0217,9314.2001,1.6856,5.1419,86.5358,86.1197,20.1018,153.1991,양품
23.5609,-0.0053,78.6885,0.0424,-6473.25,62.9667,1.9707,0.0946,15.79,315.9888,4.7793,0.0442,1.021,203.2312,1.8873,9.1638,0.0585,3.6384,0.779,16.4391,0.6737,3031.75,15.85,11.0531,5.7173,12.0343,1010.4211,0.0,,0.932,10.63,37.1187,16.67,8.3787,2.7685,4.5403,4.7112,-0.0052,25.6357,0.0059,2.745,0.0,24.1144,8868.1001,1.8819,3.9664,88.4188,84.5407,30.0429,144.2627,양품
-8.3127,-0.0049,77.7494,0.0178,-3293.5,64.0778,201.1827,0.0946,15.79,1763.1745,5.3704,1.7575,1.021,3904.2719,0.893,8.7487,0.023,5.094,0.779,48.3127,0.6737,1515.5,15.85,8.6727,4.8379,11.1383,1010.4211,0.0,2.7656,0.93,20.65,14.6382,38.8027,12.7009,4.8865,4.1397,4.6061,0.0105,108.2677,0.0066,2.745,0.0,50.757,8162.8101,2.9389,5.1759,88.2425,84.0432,24.2987,152.9109,양품
5.3382,-0.0042,56.4706,0.0162,-1918.25,63.4889,400.0,-0.0473,15.74,1473.5,5.4647,1.483,1.097,3836.5,0.4445,9.1784,0.005,5.1323,0.7304,34.6618,0.656,736.75,15.77,10.8909,3.6227,12.4346,1000.0948,0.0,1.9071,0.93,21.28,25.2808,28.8718,9.1746,4.9626,6.0748,4.6061,-0.0361,133.7534,0.005,2.666,400.0,45.4012,8844.5601,2.2569,5.7486,88.3282,85.1197,11.4038,152.4336,양품
23.8745,-0.0046,110.5691,0.0219,-5478.25,62.9889,3.8452,0.6623,15.8,123.3653,5.2167,0.1173,0.9176,257.241,1.964,9.0998,-0.038,5.1518,0.6956,16.1255,0.6274,2528.5,15.85,18.6115,4.4452,12.0865,1012.1967,0.0,,0.9269,16.32,33.4056,14.8854,2.4026,2.4873,5.5544,4.6686,-0.0403,29.1105,0.0049,2.761,0.0,24.9379,8407.3801,2.0142,4.6178,88.24,85.7375,18.3453,147.6309,양품
27.3427,-0.0071,85.7645,0.0135,-6472.5,68.0444,3.443,0.3311,15.7,294.9445,3.665,0.0774,1.272,100.9042,1.8952,8.6667,-0.0303,2.8514,0.7636,12.6573,0.6641,3107.25,15.74,9.2278,3.6741,4.5888,1001.6031,0.0,1.9122,0.933,13.87,27.9613,9.6736,3.1932,2.1629,6.7229,4.7644,-0.0351,28.4902,0.0061,2.763,520.9302,20.2591,8783.97,2.3076,4.5313,86.9255,85.4579,18.457,153.3564,양품
17.3018,-0.0057,116.5563,0.0129,-6235.25,63.0,2.9109,0.0946,15.68,130.4745,5.4289,0.0904,1.021,1471.1575,1.993,9.2405,0.0267,5.0376,0.7453,22.6982,0.628,2689.75,15.71,34.4126,4.9206,5.5943,998.0332,0.0,1.3187,0.9302,12.48,28.8337,17.26,6.0239,2.2998,6.5557,4.6708,-0.0267,22.0786,0.0042,2.65,0.0,29.5,8861.6799,1.3938,3.7596,88.2207,85.8965,18.9165,147.0473,양품
26.2655,-0.007,58.5714,0.0324,-6449.75,66.2222,3.1376,0.1892,15.78,303.1274,6.0744,0.0783,1.371,218.355,1.8915,8.7947,0.0549,5.0818,0.7678,13.7345,0.6614,2968.75,15.92,63.7908,4.9832,6.0188,1008.8233,0.0,2.0447,0.9188,17.21,18.8648,10.3014,8.7255,5.1429,7.3145,4.514,-0.0578,20.6355,0.0049,2.757,386.4407,20.9603,8294.4,1.8092,8.8744,87.1254,84.8178,35.0315,148.3345,양품
-21.2055,-0.0073,54.8885,0.0316,-6169.5,65.3222,1.055,0.0946,15.79,328.0132,4.8407,0.015,1.021,973.3559,1.7675,8.755,0.0198,3.8586,0.779,41.2055,0.6737,2803.0,15.85,,3.9803,3.5932,1010.4211,0.0,1.6337,0.9332,11.04,30.5181,40.0636,13.4782,2.4446,5.8753,4.7217,0.0185,52.7223,0.0049,2.745,0.0,49.0237,8469.4201,3.415,3.7097,86.5867,84.8723,14.6457,148.0764,양품
-7.5382,-0.0071,66.4311,0.0236,-5550.5,65.0444,1.7158,0.1892,15.78,182.7993,4.7816,0.0564,1.371,207.8565,2.013,9.043,0.0222,4.7993,0.7678,27.5382,0.6614,2693.25,15.92,,3.8435,11.5545,1008.8233,0.0,1.1206,0.9332,21.54,24.902,21.0082,4.5464,4.6308,3.5277,4.6761,-0.0123,73.0945,0.0059,2.757,784.3137,36.8645,9154.3898,1.4943,5.9984,86.5358,86.1197,18.6258,148.54,양품
4.3109,-0.0037,126.5993,0.0266,-5448.5,64.0,0.4551,-0.0946,15.74,62.3779,6.32,0.0137,1.035,183.4966,1.975,8.8741,-0.0319,5.5949,0.761,15.6891,0.6217,2509.5,15.89,,5.4687,5.7765,1007.05,0.0,,0.9275,12.01,27.403,10.3099,10.1743,4.8052,4.5025,4.5244,-0.0161,218.0515,0.0106,2.726,0.0,18.6087,8569.65,2.2766,6.2929,86.4828,85.1594,,150.14,양품
29.1164,-0.0056,66.5169,0.0208,-6352.0,66.7111,0.9822,0.6623,15.8,334.6431,4.594,0.0241,0.9176,247.8266,1.9033,10.9634,-0.0329,3.6007,0.6956,10.8836,0.6274,3080.0,15.85,20.3548,3.4477,11.792,1012.1967,0.0,1.9007,0.9326,17.21,28.6826,10.4873,4.2592,2.4417,7.5726,4.7045,-0.0305,20.5383,0.0075,2.761,0.0,17.7568,9177.5701,1.8159,4.5258,87.489,85.4138,18.5945,143.6755,양품
15.8609,-0.0043,86.8035,0.019,-5098.25,67.9778,0.9929,0.0946,15.68,181.9292,3.9193,0.0309,1.021,845.2847,2.0083,8.7599,0.0198,3.3584,0.7453,24.1391,0.628,2691.25,15.71,63.8524,2.0595,5.7457,998.0332,0.0,2.0713,0.9301,10.48,24.4892,23.2691,5.8846,2.8798,2.7354,4.6623,-0.0174,28.3086,0.0136,2.65,334.6939,32.8478,8863.28,1.4581,4.3727,86.838,85.794,15.0223,147.3255,양품
26.7745,-0.006,68.7631,0.0371,-6362.5,65.8,2.3334,0.6623,15.8,247.4448,4.422,0.0555,0.9176,79.3662,1.9012,8.6667,0.0577,4.1284,0.6956,13.2255,0.6274,3051.25,15.85,23.8527,4.7112,9.5221,1012.1967,0.0,1.9029,0.933,13.62,19.0156,10.5591,3.4713,2.353,5.7668,4.7451,-0.0422,33.6514,0.0074,2.761,0.0,20.1161,8549.8,2.4717,4.6338,86.9255,85.4579,8.6607,152.25,불량
-3.2509,-0.0043,142.6901,0.0272,-6290.25,70.2444,0.6413,0.0946,15.79,326.1966,4.8207,0.0149,1.021,87.3284,1.8942,8.6309,0.0025,4.0524,0.779,23.2509,0.6737,3032.75,15.85,,3.7014,2.4472,1010.4211,0.0,1.1286,0.9341,16.08,26.9323,11.1138,3.4222,3.3265,7.3364,4.7581,-0.0192,114.4298,0.0059,2.745,320.0,32.6343,9150.2299,1.0653,5.1351,86.7969,84.818,11.9065,147.0755,양품
0.2309,-0.0054,65.1163,0.0288,-5389.25,61.2222,2.4078,0.6623,15.8,174.9026,5.0611,0.0717,0.9176,249.2861,1.9718,9.1502,-0.0101,4.0849,0.6956,19.7691,0.6274,2646.25,15.85,,5.7169,2.9634,1012.1967,0.0,1.3778,0.9326,14.93,29.7352,16.7373,8.8288,2.9413,5.9349,4.6879,0.0285,0.0,0.0048,2.761,0.0,28.0695,9007.04,2.1771,4.7308,88.2074,85.6626,18.6842,150.6355,양품
26.4509,-0.0057,98.0306,0.023,-6538.75,63.9,1.6739,-0.0473,15.74,345.8902,4.8377,0.0384,1.097,243.0574,1.8808,9.1638,0.0275,4.1104,0.7304,13.5491,0.656,2984.0,15.77,11.4453,7.1987,3.3456,1000.0948,0.0,2.066,0.9343,17.84,28.2505,8.3455,4.7764,3.0909,3.6881,4.7233,-0.0311,13.4211,0.0047,2.666,0.0,16.2355,8564.08,1.0708,4.2829,88.4188,84.5407,33.1318,147.2291,불량
-12.1527,-0.0043,141.0405,0.0132,-6349.5,69.0111,3.5562,-0.0946,15.77,207.906,4.4012,0.0924,1.097,254.4884,1.8818,8.6309,-0.0111,4.2958,0.7598,32.1527,0.6745,2966.75,15.81,,4.6369,11.7113,1012.6356,0.0,1.77,0.933,15.99,25.3602,23.1272,3.6321,3.2318,5.0961,4.7458,0.0215,54.5557,0.0046,2.685,455.814,42.2381,9209.45,1.7701,4.7881,86.7969,84.818,10.4638,140.6955,불량
-1.5664,-0.0049,117.2237,0.052,-5599.5,71.1222,3.7038,0.1419,15.8,54.6588,5.7831,0.1115,0.8893,247.4975,1.9922,9.2436,0.0411,5.7209,0.8434,41.5664,0.606,2619.25,15.77,33.9811,5.2023,4.2038,1004.8728,0.0,1.3805,0.9332,21.99,35.2154,35.0263,7.1904,4.7448,3.686,4.6761,-0.0506,621.184,0.0057,2.828,538.4615,52.5262,8746.32,2.9778,6.5749,87.1213,85.2804,40.9011,153.0118,양품
14.6455,-0.0056,97.7778,0.0423,-5645.25,68.8556,1.3019,0.7569,15.73,113.9985,5.337,0.0417,0.9744,554.631,2.008,8.3754,0.0456,4.7247,0.83,25.3545,0.5065,2767.5,15.75,10.4794,2.0332,19.5465,1005.8207,0.0,0.2886,0.9331,20.83,21.5047,16.1127,5.2239,4.3073,6.002,4.676,-0.0577,31.8187,0.0047,2.884,0.0,34.5155,8546.0399,1.5036,5.0342,87.0578,84.9798,24.2088,155.1136,양품
9.6745,-0.0014,289.6552,0.0421,-5447.75,63.2556,2.2068,0.1419,15.8,158.1442,5.585,0.0648,0.8893,261.0037,1.9783,9.0998,0.0273,4.8861,0.8434,30.3255,0.606,2503.75,15.77,6.9937,5.5331,3.6676,1004.8728,0.0,1.1109,0.9188,20.44,28.3366,24.4318,9.9289,4.9337,5.6653,4.514,-0.0473,118.5585,0.0041,2.828,669.3878,39.7935,8901.58,3.3819,5.8075,88.24,85.7375,14.3717,147.0345,양품
9.8418,-0.0054,68.046,0.0411,-5501.0,67.6333,1.5931,0.7569,15.73,70.6258,4.8314,0.0575,0.9744,273.675,1.9903,8.3754,0.034,4.7051,0.83,30.1582,0.5065,2602.0,15.75,4.0831,2.9571,12.7227,1005.8207,0.0,1.4882,0.9331,18.27,24.7642,23.5091,4.5064,4.4262,4.8133,4.676,-0.0568,59.3386,0.0033,2.884,647.619,40.4755,8302.3,1.6645,5.3219,87.0578,84.9798,22.8057,150.4164,양품
-5.8682,-0.0065,79.5411,0.032,-4228.0,63.3889,134.6224,-0.3784,15.74,1369.1151,4.7371,1.5519,1.021,2826.3162,1.326,8.755,0.0102,3.7251,0.7429,25.8682,0.6256,2038.25,15.75,,3.9439,13.1655,1004.4356,0.0,1.2725,0.9318,12.96,32.0742,26.6782,14.7729,2.4192,3.9347,4.6463,-0.0147,120.6507,0.0044,2.676,900.0,33.58,9263.4101,2.1704,3.3087,86.5867,84.8723,,144.8655,양품
-12.1373,-0.0061,63.8037,0.0229,-5645.5,65.3556,4.4107,0.7569,15.73,115.9094,6.3078,0.164,0.9744,524.1084,2.009,9.043,-0.004,4.8791,0.83,32.1373,0.5065,2663.5,15.75,,3.0602,3.3901,1005.8207,0.0,1.366,0.9332,15.19,25.8658,25.3682,4.9924,4.3796,3.406,4.6761,0.0205,52.1534,0.0043,2.884,0.0,41.9354,9101.3,1.7559,4.8628,86.5358,86.1197,12.1581,149.7355,양품
12.8364,-0.0054,81.106,0.0336,-5596.5,69.8778,1.7248,0.7569,15.73,237.7351,4.6985,0.0593,0.9744,584.9732,2.0055,8.7599,0.0211,4.6781,0.83,27.1636,0.5065,2606.0,15.75,51.2926,2.719,4.4656,1005.8207,0.0,,0.9341,10.44,34.7509,13.1981,4.1484,3.0014,4.4067,4.7581,-0.0316,41.5227,0.005,2.884,0.0,35.2117,8886.48,1.7375,3.0904,86.838,85.794,33.001,142.5109,양품
9.4982,-0.0045,61.5385,0.0132,-5750.0,68.3444,2.4132,0.2365,15.79,178.3524,3.9338,0.0935,0.9933,484.5596,2.0215,8.3754,0.0178,3.6954,0.8374,30.5018,0.6278,2742.25,15.78,31.2462,2.6337,10.6658,1003.8518,0.0,2.2984,0.9331,14.07,19.3641,23.9927,5.3322,4.534,4.0783,4.676,-0.0694,63.907,0.0044,2.797,0.0,40.6543,8729.75,2.0137,4.867,87.0578,84.9798,21.8333,151.0418,양품
2.5827,-0.0061,111.7043,0.0404,-5384.25,70.1889,1.6498,0.1419,15.8,161.1653,5.2221,0.0507,0.8893,359.4694,1.9977,9.4832,0.0307,4.4314,0.8434,37.4173,0.606,2650.25,15.77,27.8511,4.4167,4.4969,1004.8728,0.0,2.1479,0.9334,12.11,31.2932,31.4,6.8455,4.5386,8.3284,4.7172,-0.0284,344.597,0.0046,2.828,800.0,48.12,8513.0,2.4386,5.4062,87.3382,84.87,21.2832,146.3664,불량
15.1073,-0.0065,93.8462,0.0131,-5581.0,70.4,1.8731,0.2365,15.79,111.6796,5.0504,0.0605,0.9933,90.4986,2.0133,8.3754,-0.0016,4.5124,0.8374,24.8927,0.6278,2597.5,15.78,25.712,2.4148,9.3781,1003.8518,0.0,0.797,0.9331,23.08,22.0629,20.8473,4.0033,5.229,6.7649,4.676,-0.056,53.8813,0.0036,2.797,853.3333,34.6316,8578.8001,2.1434,6.7698,87.0578,84.9798,28.2854,148.56,양품
4.4282,-0.0066,74.1021,0.0335,-6063.0,69.3222,5.3468,0.0,15.77,749.4569,4.5434,0.1594,0.9271,1110.1144,1.9905,9.4832,0.0523,4.1404,0.8764,35.5718,0.5815,2520.5,15.78,5.6021,5.1931,4.8999,1014.2878,0.0,1.6958,0.9334,14.64,23.6174,29.8373,6.5993,4.4012,6.9769,4.7172,-0.0735,149.9487,0.0187,2.891,0.0,45.5115,7929.63,1.9124,5.7366,87.3382,84.87,,146.1964,불량
17.7927,-0.0022,205.5866,0.0317,-5508.75,61.3222,1.853,0.0,15.77,199.9056,6.2823,0.0597,0.9271,357.167,1.9865,9.2405,0.0336,5.6346,0.8764,22.2073,0.5815,2657.25,15.78,43.7713,2.9353,6.3614,1014.2878,0.0,1.4115,0.9188,26.99,21.5014,15.0791,8.7322,4.8273,8.3238,4.514,-0.0458,55.4721,0.0097,2.891,0.0,31.3063,8842.07,2.5839,6.2641,88.2207,85.8965,21.8501,150.0518,양품
22.7927,-0.0051,147.4201,0.0352,-5707.5,63.3778,2.4525,0.0,15.77,177.2388,5.4789,0.0778,0.9271,540.2422,1.9772,9.0998,0.0423,4.6448,0.8764,17.2073,0.5815,2530.75,15.78,28.1945,4.7335,4.9655,1014.2878,0.0,2.8542,0.9329,13.41,41.8041,12.36,15.46,0.7465,8.4149,4.6792,-0.0332,21.4542,0.0048,2.891,0.0,24.8429,9094.1799,1.4228,4.2894,88.24,85.7375,,151.3982,양품
4.6609,-0.0043,136.0231,0.0386,-5073.25,65.5111,134.174,0.1419,15.8,1593.2287,5.8307,1.4539,0.8893,3616.6944,1.3408,8.7487,0.0747,4.697,0.8434,35.3391,0.606,2389.25,15.77,15.4374,3.2056,4.6105,1004.8728,0.0,1.4033,0.9188,20.96,12.3355,28.7191,8.1859,4.7903,4.2114,4.514,-0.0403,263.0388,0.0047,2.828,0.0,45.4755,9125.6601,3.1379,5.0588,88.2425,84.0432,31.0985,149.83,양품
26.0509,-0.0029,160.0,0.0211,-6377.5,65.3111,3.4255,0.0,15.77,255.9323,4.2122,0.0781,0.9271,193.3055,1.8877,8.6667,0.053,4.1238,0.8764,13.9491,0.5815,3090.0,15.78,47.1225,4.8996,4.4432,1014.2878,0.0,,0.933,12.7,37.1173,13.4282,4.7961,2.2797,4.5307,4.7644,-0.0668,16.9284,0.0089,2.891,0.0,22.4251,8975.48,1.7253,4.6016,86.9255,85.4579,29.0954,147.2164,양품
17.1673,-0.0022,113.6364,0.0345,-5535.25,62.7444,1.6872,-0.0946,15.83,260.2006,6.4075,0.0606,1.163,189.1197,1.998,9.2405,0.03,4.8866,0.7536,22.8327,0.6738,2662.5,15.85,10.6962,3.6657,4.023,1002.6104,0.0,1.0373,0.9172,17.54,23.2105,13.4854,6.2063,4.8349,4.9413,4.4519,-0.088,43.8043,0.0076,2.677,0.0,31.2675,8661.2899,1.8321,4.0895,88.2207,85.8965,21.9991,150.7691,양품
27.7282,-0.0019,252.6316,0.039,-6425.0,65.8444,0.4479,-0.0946,15.83,249.4701,4.5623,0.0115,1.163,258.6877,1.891,8.6667,0.037,4.2769,0.7536,12.2718,0.6738,3093.0,15.85,5.6322,3.4931,4.6595,1002.6104,0.0,,0.933,16.37,41.1968,6.1218,3.2417,2.3973,8.1183,4.7451,-0.0743,30.222,0.004,2.677,971.4286,16.8014,9037.5001,2.2865,4.808,86.9255,85.4579,31.08,150.5236,양품
-13.1245,-0.0052,126.9231,0.0137,-6274.75,67.8222,4.0941,0.0,15.77,259.7709,3.7293,0.0893,0.9271,146.5159,1.8947,8.6309,-0.0357,3.3687,0.8764,33.1245,0.5815,3090.25,15.78,,4.5708,5.2679,1014.2878,0.0,1.0853,0.9331,12.24,13.4659,31.7364,8.4479,2.7847,2.9643,4.7457,0.0353,38.4775,0.0042,2.891,643.1373,43.9105,9077.3699,1.3416,4.4296,86.7969,84.818,15.4662,145.3982,양품
-10.8745,-0.0043,41.6185,0.0155,-5529.25,63.3111,1.3898,0.1419,15.8,1402.906,5.0754,0.041,0.8893,115.5058,1.9773,8.8945,0.0225,4.8493,0.8434,30.8745,0.606,3284.0,15.77,,4.8965,4.5056,1004.8728,0.0,1.268,0.9343,12.48,48.4181,26.4028,9.8062,3.1219,3.8138,4.7534,0.0209,60.8761,0.0047,2.828,948.1481,38.597,9047.4899,1.9131,3.446,88.2894,83.8465,,148.1464,양품
-13.3573,-0.0059,84.5666,0.0129,-5442.25,68.1556,1.2138,-0.0946,15.83,147.613,5.0243,0.0392,1.163,132.9997,2.0183,8.6309,-0.0016,4.4506,0.7536,33.3573,0.6738,2660.25,15.85,,3.2279,14.0406,1002.6104,0.0,2.1372,0.9317,16.97,44.3225,21.1246,4.4267,3.1935,2.8962,4.7201,0.0454,38.2563,0.0039,2.677,0.0,41.8842,9021.67,1.8194,3.7481,86.7969,84.818,15.4662,143.2891,양품
-2.2809,-0.0052,89.3204,0.014,-6149.25,68.0444,2.7485,0.0,15.77,231.3185,4.1319,0.0604,0.9271,189.4789,1.901,9.8481,-0.0006,3.721,0.8764,22.2809,0.5815,3124.25,15.78,,4.5558,4.4218,1014.2878,0.0,1.2097,0.9339,11.87,22.1599,28.5245,14.8096,2.6796,4.0304,4.7172,0.0367,391.5106,0.0042,2.891,0.0,26.5902,9136.1001,2.469,3.9342,86.8388,85.1572,15.4662,146.8818,양품
4.9745,-0.0062,65.996,0.0344,-5664.0,62.7889,1.4168,0.7569,15.73,261.0139,6.13,0.0461,0.9744,283.9413,1.9855,9.0998,0.0244,4.6176,0.83,35.0255,0.5065,2579.25,15.75,28.0929,6.6891,13.2758,1005.8207,0.0,2.0375,0.9163,20.86,18.7042,32.0718,7.094,4.7445,3.4412,4.472,-0.033,146.5461,0.0056,2.884,381.8182,46.6654,8641.0299,2.2651,5.3887,88.24,85.7375,21.5469,149.9491,불량
0.3764,-0.0052,69.0647,0.0203,-5527.0,69.9333,2.2324,0.1419,15.8,88.6153,5.3784,0.0796,0.8893,209.1746,2.0035,8.6309,0.0107,5.0282,0.8434,19.6236,0.606,2576.0,15.77,,3.0029,3.6439,1004.8728,0.0,0.8886,0.9329,6.0,32.0551,14.6145,14.7621,0.8517,2.9581,4.6792,0.0469,0.0,0.0049,2.828,519.2982,24.847,8579.55,1.7175,4.1996,86.7969,84.818,30.8869,146.0373,양품
27.4136,-0.0048,77.6903,0.0329,-5376.25,63.7889,4.4856,0.0,15.77,259.3548,6.987,0.1608,0.9271,181.9586,1.9697,9.0998,0.0335,6.4966,0.8764,12.5864,0.5815,2587.25,15.78,7.3813,5.1733,4.4757,1014.2878,0.0,2.3004,0.9188,24.1,25.0134,12.9837,8.8348,5.1457,10.0883,4.514,-0.035,21.6316,0.0052,2.891,0.0,19.9389,8611.2201,1.6624,9.0517,88.24,85.7375,27.4253,147.1009,불량
-10.1291,-0.0047,86.7725,0.0324,-2595.0,65.5778,203.7724,0.0946,15.79,1720.71,4.313,1.8066,1.021,3064.7451,0.888,8.8249,0.0419,4.3677,0.779,30.1291,0.6737,1455.5,15.85,,2.7448,9.87,1010.4211,0.0,1.282,0.9326,16.44,26.9027,27.2246,6.7432,2.1804,7.7442,4.7045,-0.01,90.5313,0.005,2.745,0.0,39.6821,8701.0799,2.5497,3.7806,86.8889,85.6591,,154.5673,양품
-11.4709,-0.0037,202.7397,0.0242,-6355.25,68.9444,0.5372,-0.0946,15.83,247.4582,5.4805,0.0111,1.163,142.205,1.8885,9.8481,-0.0036,4.6092,0.7536,31.4709,0.6738,3042.25,15.85,,4.3513,11.8339,1002.6104,0.0,1.5731,0.9331,12.63,30.5985,19.1,4.8141,2.7932,3.3268,4.7407,0.0124,31.9068,0.0041,2.677,0.0,39.091,9184.7201,1.1583,4.171,86.8388,85.1572,26.3243,142.1773,양품
3.8964,-0.0054,64.9652,0.0311,-4592.0,67.8,1.2677,0.1419,15.66,274.5621,4.9096,0.0394,0.9318,1128.7695,1.9918,8.6942,-0.0036,3.861,0.7454,16.1036,0.6207,2739.5,15.7,,2.6549,11.8975,995.2842,0.0,1.9116,0.9284,9.44,61.9111,11.4237,5.1496,2.3202,3.7055,4.6858,-0.0224,182.9911,0.0129,2.593,0.0,21.9235,9444.11,1.9653,4.208,86.8448,85.0716,,147.08,양품
12.8982,-0.0047,74.6667,0.0341,-1480.75,61.3333,400.0,0.2365,15.79,1219.0,5.4567,1.5305,0.9933,2961.5,0.4385,9.2007,0.06,4.9009,0.8374,27.1018,0.6278,609.5,15.78,5.684,5.2174,4.7401,1003.8518,0.0,1.9523,0.9341,14.16,47.8124,10.8136,8.111,3.1981,8.285,4.7581,-0.0635,46.3631,0.0051,2.797,0.0,34.6022,8538.2901,1.5679,6.3526,88.3312,85.0922,30.3087,142.9082,불량
0.4836,-0.0018,126.8966,0.0413,-5753.5,65.5889,1.9431,0.7569,15.73,121.2903,5.4037,0.0642,0.9744,334.0245,1.991,8.6324,0.0545,4.4528,0.83,39.5164,0.5065,2743.0,15.75,41.8033,2.287,9.5362,1005.8207,0.0,2.5062,0.9154,14.03,26.1184,32.7664,6.0586,5.0919,6.411,4.45,-0.0414,0.0,0.0056,2.884,393.6508,49.9263,8343.17,3.2049,5.7125,87.0354,85.0856,,147.2464,양품
12.3073,-0.0049,123.5443,0.0305,-5345.0,64.1333,2.8526,0.1419,15.8,170.5696,5.5162,0.0838,0.8893,112.9926,2.0057,9.1502,0.0232,4.9507,0.8434,27.6927,0.606,2614.0,15.77,12.6467,5.1455,5.1672,1004.8728,0.0,,0.9341,22.81,42.0382,13.2064,4.5669,3.3538,14.3439,4.7581,-0.0366,65.0022,0.0066,2.828,851.6129,34.9855,8932.8999,2.454,4.0109,88.2074,85.6626,23.9308,144.6609,불량
21.7573,-0.0054,171.1628,0.011,-7150.25,63.1333,0.6279,0.1419,15.8,238.9742,5.5,0.0128,0.8893,790.6033,1.8827,9.094,0.008,4.6713,0.8434,18.2427,0.606,2998.0,15.77,18.2085,7.4446,6.1867,1004.8728,0.0,1.7667,0.9332,17.36,57.7848,13.1337,3.1599,2.2584,5.7213,4.7217,-0.0327,35.8041,0.004,2.828,245.7516,21.8247,8438.2601,2.2036,4.2208,88.1608,85.2575,23.3691,144.0245,불량
10.0236,-0.0062,60.1626,0.0289,-5500.0,66.7,1.7344,-0.1892,15.72,127.3172,5.3995,0.0587,1.168,268.5542,1.999,8.5155,0.0213,4.9572,0.7138,29.9764,0.6819,2665.5,15.77,15.9645,3.8981,14.6304,998.641,0.0,1.3252,0.9359,20.84,55.783,13.1382,5.2741,5.0116,8.1842,4.5579,-0.0662,99.9638,0.0058,2.617,0.0,38.1045,8578.82,2.9552,6.7811,87.1407,85.597,14.7968,142.3473,양품
8.0636,-0.0067,56.7164,0.0244,-4781.5,67.7222,2.5226,-0.1892,15.72,165.135,4.4058,0.081,1.168,1576.859,2.0265,8.872,0.0055,3.8012,0.7138,31.9364,0.6819,2572.75,15.77,4.6622,2.5103,9.9939,998.641,0.0,1.2844,0.9359,17.7,39.6163,13.46,4.2068,4.4411,6.2537,4.5579,-0.0634,77.2606,0.0072,2.617,529.7297,39.8719,9122.5701,1.9205,5.5525,87.0389,84.533,14.389,144.0736,양품
2.0427,-0.0055,101.8182,0.0316,-5336.5,63.7556,1.1471,-0.1892,15.72,66.7651,5.3712,0.0375,1.168,192.5141,1.9995,9.2362,0.0187,5.1159,0.7138,37.9573,0.6819,2650.75,15.77,17.4812,3.6075,12.7786,998.641,0.0,0.5631,0.9334,15.35,32.8168,27.8945,6.2414,4.3902,8.6072,4.7172,-0.069,364.219,0.0056,2.617,0.0,48.6919,9905.5399,2.3376,5.3773,87.2687,84.2845,,149.5264,양품
17.4,-0.0046,157.377,0.0256,-6112.25,67.4,2.3005,-0.1419,15.77,149.4222,4.9574,0.0734,1.172,1163.8074,1.9995,8.8287,0.0293,4.8931,0.7085,22.6,0.693,2661.5,15.8,12.6951,3.2641,6.0457,1003.243,0.0,0.8082,0.9359,20.38,31.099,11.9518,7.6161,4.5918,5.1848,4.5579,-0.0474,42.8736,0.0124,2.653,0.0,30.1062,9309.2001,2.0392,3.3685,87.0337,86.4478,14.4582,139.4464,양품
3.28,-0.004,160.4938,0.0224,-5646.5,64.7333,3.3196,-0.1892,15.72,295.3093,4.9891,0.1151,1.168,112.5152,1.992,8.6324,0.0097,4.2777,0.7138,36.72,0.6819,2662.25,15.77,3.7564,3.0896,13.377,998.641,0.0,2.5956,0.9334,14.91,27.0481,28.9772,6.5908,4.1858,3.5925,4.7172,-0.0664,223.7805,0.0055,2.617,475.6757,47.3726,8609.75,1.8783,5.2274,87.0354,85.0856,12.6244,150.5927,양품
9.2527,-0.006,95.5975,0.0244,-3345.75,66.5444,202.4845,-0.1419,15.64,1636.5537,3.9714,1.7664,1.012,3933.755,0.885,8.6942,0.0128,4.0153,0.6925,10.7473,0.6156,1397.0,15.72,,3.0055,10.7258,998.6588,0.0,1.4865,,8.54,37.189,7.3772,4.7537,2.1737,2.9261,,0.0102,48.202,0.005,2.931,0.0,15.1094,8733.7801,1.3676,2.7249,86.8448,85.0716,,146.2682,양품
-17.3591,-0.0084,33.383,0.0325,-2668.5,64.7889,204.9874,0.0482,15.8,1833.8209,4.5489,1.7259,1.459,3095.8546,0.8855,8.8249,0.0013,4.3979,0.6955,37.3591,0.7232,1538.25,15.81,,2.7783,4.4001,992.5579,0.0,1.8385,0.9307,11.54,45.8234,35.1191,5.4148,2.8263,6.8912,4.6523,0.0113,58.1252,0.0043,2.727,0.0,47.6581,9383.1398,3.0528,4.2642,86.8889,85.6591,24.4914,151.3527,양품
-9.4964,-0.0032,86.8217,0.0173,-6377.0,64.9,3.735,0.0482,15.8,259.8339,4.9675,0.0838,1.459,163.0951,1.8818,9.043,-0.0073,4.896,0.6955,29.4964,0.7232,3044.5,15.81,,7.0878,4.9195,992.5579,0.0,0.5213,0.9332,19.24,23.9014,23.77,4.3487,4.7171,4.1991,4.6761,0.0266,90.7716,0.0052,2.727,0.0,37.1656,9010.7899,2.3868,4.8946,86.5358,86.1197,12.5106,150.0309,양품
-7.9627,-0.0057,124.5614,0.0135,-5440.25,65.4444,2.0047,0.0482,15.8,236.6523,3.8465,0.07,1.459,210.8876,1.9755,8.8945,0.0194,3.2978,0.6955,27.9627,0.7232,2633.5,15.81,,4.8896,5.1365,992.5579,0.0,,0.9308,10.39,59.5091,14.8954,10.3823,2.951,3.7271,4.7162,-0.001,103.6077,0.0044,2.727,728.8889,30.2755,9019.7198,2.1831,3.8198,88.2894,83.8465,,152.3991,양품
1.1173,-0.0054,150.8046,0.0268,-5485.0,62.8778,2.7643,0.0482,15.8,231.9847,5.8851,0.0832,1.459,285.3781,1.9552,9.0998,0.0183,5.128,0.6955,38.8827,0.7232,2558.75,15.81,5.623,4.9302,7.1587,992.5579,0.0,1.0654,0.9334,15.31,31.8262,28.9673,5.0205,5.1248,3.9221,4.7172,-0.0668,995.2807,0.0047,2.727,0.0,49.2895,10206.58,2.9697,5.6471,88.24,85.7375,,149.6636,양품
8.3918,-0.0058,68.6695,0.0108,-5394.0,67.7333,3.5969,-0.0946,15.74,247.7531,5.9989,0.1095,0.8798,421.7851,1.993,8.5155,-0.0021,5.8399,0.8487,31.6082,0.5923,2773.25,15.79,9.7632,3.3957,4.2628,1001.8904,0.0,,0.9359,29.05,63.135,14.5664,11.089,4.6107,4.6918,4.5579,-0.0554,103.9109,0.0051,2.935,0.0,39.8602,8560.3601,2.376,5.6406,87.1407,85.597,17.3685,143.0145,양품
-15.5318,-0.0039,167.2026,0.0138,-5490.0,63.9889,1.9648,0.1892,15.71,173.0402,5.7133,0.0653,1.314,334.372,1.9723,8.8945,-0.0243,4.3289,0.6489,35.5318,0.7328,2602.25,15.77,,5.626,10.1975,1007.1389,0.0,,0.9308,9.17,11.7767,29.7382,10.2366,2.9764,3.3351,4.7162,-0.0013,64.9634,0.0049,2.684,0.0,42.2686,9046.94,3.0728,4.3751,88.2894,83.8465,,151.7173,양품
9.6564,-0.0072,37.5,0.0311,-6886.25,62.6778,3.482,0.7096,15.8,395.5261,6.1242,0.0808,1.087,849.4368,1.8895,9.219,0.0239,5.2887,0.806,30.3436,0.4951,3116.75,15.75,15.0641,5.1055,3.0095,1009.3044,0.0,2.0795,0.9354,26.4,64.707,15.2927,8.9153,4.5978,8.3146,4.671,-0.0331,30.8605,0.0071,2.742,864.8649,39.4515,9027.0001,0.9023,4.0082,86.336,86.3416,,142.0391,양품
13.7,-0.0065,68.0851,0.0298,-5487.0,69.9,1.6667,0.1892,15.88,332.7692,7.0901,0.0505,1.753,197.8501,2.0057,8.5218,0.008,5.5292,0.6926,26.3,0.7352,2734.0,15.92,18.2799,1.8598,4.0633,1012.5756,0.0,1.2503,0.9293,12.36,42.2361,7.8629,7.3915,4.5313,5.5864,4.482,-0.0575,38.0291,0.0039,2.573,0.0,30.7798,9301.6298,1.4326,5.1252,87.0459,84.3232,,144.2791,양품
6.5191,-0.0055,70.7483,0.021,-6368.75,67.5667,3.5549,-0.1892,15.93,325.4443,5.1286,0.0889,1.39,101.7296,1.8878,8.828,0.0217,4.8394,0.6492,13.4809,0.7308,3129.0,15.92,,5.0321,14.0538,1012.0811,0.0,,0.9363,14.46,24.2197,12.7346,6.2099,4.0052,6.4151,4.6826,0.0205,45.7119,0.0078,2.48,0.0,20.1394,8967.6602,1.1286,5.1701,87.0137,86.4863,22.9171,147.1536,양품
5.3118,-0.0051,68.6275,0.022,-5619.5,67.4222,1.3398,-0.1892,15.93,299.0847,5.145,0.0449,1.39,396.3992,2.0068,9.2281,-0.0096,4.773,0.6492,14.6882,0.7308,2865.5,15.92,,2.8181,13.4022,1012.0811,0.0,1.5605,0.9359,16.08,32.8749,10.2716,6.5321,4.4243,3.7268,4.6694,0.0125,51.3948,0.0052,2.48,0.0,18.8275,8716.3799,0.9797,5.2353,86.9417,84.1154,17.055,143.2855,양품
7.7745,-0.0047,106.383,0.0231,-6329.25,64.0333,2.9878,-0.1892,15.93,309.8015,5.3347,0.0693,1.39,137.0654,1.8982,9.2655,0.0387,4.8358,0.6492,32.2255,0.7308,3108.5,15.92,35.0071,3.1234,8.0805,1012.0811,0.0,0.6426,0.9359,19.7,40.7589,17.3355,7.4028,4.6862,3.4881,4.5579,-0.0672,72.9303,0.0049,2.48,408.5106,39.9106,9214.3999,2.093,4.7127,86.4804,85.5455,23.1477,143.3464,양품
23.9018,-0.0075,106.136,0.0318,-5466.5,69.3778,1.6404,0.0,15.91,59.8247,7.5297,0.0544,0.8987,498.2372,2.02,8.8287,0.0195,6.5466,0.8123,16.0982,0.5233,2672.5,15.91,39.3715,4.0359,6.8777,1014.2044,0.0,2.6056,0.9315,13.05,47.975,6.8205,11.5059,3.7503,8.4806,4.5504,-0.0307,45.143,0.0065,2.736,0.0,20.7358,8827.4899,3.3115,3.3691,87.0337,86.4478,,145.2736,양품
-0.3327,-0.0035,103.5971,0.0265,-5561.75,66.5778,2.5889,0.0946,15.87,113.5646,5.1327,0.0838,0.8514,301.8447,2.0177,8.8513,-0.0092,5.0055,0.8115,20.3327,0.5103,2724.25,15.92,,2.4032,4.083,1013.8456,0.0,1.0194,0.9367,19.01,41.2434,12.69,8.7149,4.4983,6.2662,4.7069,0.041,0.0,0.0073,2.851,475.0,25.0247,9431.8,1.8388,5.1031,87.0205,86.3857,13.7067,149.8509,양품
20.7782,-0.0067,81.6327,0.0281,-5440.75,69.6111,2.2135,0.0,15.91,161.1356,6.0295,0.0676,0.8987,549.2828,2.0075,8.5218,0.0208,5.6313,0.8123,19.2218,0.5233,2734.0,15.91,6.7199,3.0168,13.6157,1014.2044,0.0,0.9888,0.9293,21.35,29.9884,11.2793,7.405,4.1807,12.0902,4.482,-0.0491,41.0046,0.0061,2.736,640.0,26.2905,8691.92,2.6693,4.9719,87.0459,84.3232,17.8461,143.0082,양품
24.26,-0.0039,125.2396,0.015,-5426.75,67.6556,3.1434,0.3784,15.91,895.1318,6.0407,0.0984,0.894,345.3572,1.9875,8.5218,-0.0041,4.945,0.8269,15.74,0.5066,3463.75,15.9,7.1623,2.5127,12.7494,1016.5611,0.0,1.2355,0.9293,13.38,26.4714,7.5146,9.199,4.4559,3.8906,4.482,-0.0042,29.7609,0.0063,2.811,0.0,18.2764,8630.1,2.1868,4.6914,87.0459,84.3232,,147.0227,양품
6.7073,-0.0053,90.9953,0.0232,-5635.5,66.2556,1.5186,0.0946,15.87,261.4281,5.4263,0.052,0.8514,224.9126,2.0032,8.5266,0.0094,4.986,0.8115,13.2927,0.5103,2734.0,15.92,,3.4714,5.2595,1013.8456,0.0,0.9997,0.9363,12.93,12.0121,10.9753,7.5826,4.2218,4.3994,4.6826,0.0428,46.0694,0.0056,2.851,975.0,19.3876,9393.0299,1.2301,4.9599,86.924,84.8399,21.8281,149.3382,양품
29.7264,-0.0052,65.3846,0.0292,-5794.25,68.0,1.2814,0.0,15.91,360.8481,6.1614,0.0422,0.8987,67.9675,1.9885,9.7484,0.0371,6.0978,0.8123,10.2736,0.5233,2844.0,15.91,6.9152,3.2353,9.3836,1014.2044,0.0,1.2733,0.9348,11.3,35.9256,5.1368,8.9311,4.3936,7.4258,4.6276,-0.0269,13.4897,0.005,2.736,857.1429,13.7158,8505.6201,1.2407,4.7743,87.0605,85.564,,143.8236,양품
11.4855,-0.0067,62.3377,0.0268,-5972.75,68.8111,4.7692,0.5677,15.96,183.7281,6.2639,0.1488,1.187,383.3305,1.9815,8.5155,0.0098,5.5242,0.838,28.5145,0.5126,2842.0,15.97,29.5693,3.4878,7.3072,1012.1633,0.0,0.6445,0.9348,14.44,60.3473,13.8864,6.5779,4.3947,6.3958,4.6276,-0.0185,23.4209,0.0054,2.813,0.0,36.4489,8666.16,1.0467,5.8665,87.1407,85.597,,152.2882,양품
28.3127,-0.0037,175.3425,0.0342,-5550.75,69.9222,2.8182,0.5677,15.96,91.7292,5.9969,0.0992,1.187,160.4211,1.9537,8.8287,-0.0099,5.0808,0.838,11.6873,0.5126,2757.75,15.97,7.3379,3.5754,10.8725,1012.1633,0.0,1.4523,0.9337,17.86,38.1138,8.0949,7.0535,4.6001,4.7052,4.615,-0.0433,19.4259,0.0047,2.813,0.0,14.9671,8614.2999,1.7616,5.1131,87.0337,86.4478,,141.9718,양품
13.7255,-0.0056,92.6503,0.0285,-5503.5,66.1222,3.8107,0.5677,15.96,116.8204,4.6523,0.1222,1.187,96.0642,1.9972,8.6324,0.0399,4.4634,0.838,26.2745,0.5126,2582.5,15.97,48.5899,3.7809,7.4024,1012.1633,0.0,0.6898,0.9331,18.1,40.9473,21.5991,6.5319,4.0868,3.996,4.5634,-0.0207,45.463,0.0045,2.813,0.0,35.0597,9295.5601,1.8992,5.8064,87.0354,85.0856,,147.1491,양품
18.8673,-0.0066,37.594,0.0299,-6345.75,66.2778,6.3226,0.5677,15.96,258.2187,6.6952,0.1389,1.187,117.9898,1.8895,9.5642,0.0144,5.7307,0.838,21.1327,0.5126,2978.75,15.97,10.6609,6.1861,6.4351,1012.1633,0.0,0.9214,0.9315,15.71,27.1372,11.9646,6.1733,4.451,7.4999,4.5504,-0.0443,38.5853,0.0049,2.813,0.0,26.8975,8739.0301,2.106,6.8031,86.4047,86.3239,33.7022,145.2027,양품
5.5782,-0.0048,75.5906,0.0329,-6434.75,70.5333,1.9718,0.5677,15.96,256.6203,6.0111,0.0473,1.187,198.8674,1.9065,8.6406,0.064,4.9109,0.838,14.4218,0.5126,2976.0,15.97,45.3558,4.8204,7.0078,1012.1633,0.0,0.8804,0.9282,18.89,57.9838,16.9545,7.2697,4.3822,4.5757,4.7536,-0.0324,74.0385,0.0048,2.813,0.0,21.4764,8346.5001,1.301,5.2804,86.6776,85.0841,17.1388,145.3318,양품
25.5282,-0.0067,65.3061,0.0232,-6511.5,70.9778,3.1693,0.0,15.91,332.6029,5.0178,0.0718,0.8987,201.0133,1.8875,9.3998,0.0009,4.248,0.8123,14.4718,0.5233,3124.0,15.91,17.149,5.4947,14.1879,1014.2044,0.0,1.9637,0.9348,17.67,58.449,10.2433,9.1478,4.3894,5.6325,4.6276,-0.0457,24.6786,0.0052,2.736,0.0,18.5633,8037.17,1.7481,5.3678,87.2029,85.482,12.2133,140.7909,불량
5.9945,-0.0002,0.0,0.02,-6403.75,68.1778,4.4166,1.608,15.83,308.4773,6.5219,0.1007,1.035,214.3523,1.8988,8.8513,0.0123,5.6201,0.7987,14.0055,0.5474,3140.75,15.85,,2.7868,9.7333,1005.6244,0.0,1.7114,0.9378,11.93,39.0141,8.3309,6.4332,4.3733,3.4933,4.6615,-0.0059,156.3088,0.0054,2.803,528.8136,16.1776,8989.4,2.7327,5.6023,87.0205,86.3857,17.9031,145.9936,양품
2.7764,-0.0007,0.0,0.0192,-5407.75,68.3222,1.048,1.608,15.83,177.1826,6.4494,0.0335,1.035,231.147,2.0082,8.5266,0.0027,6.2817,0.7987,17.2236,0.5474,2579.5,15.85,,3.0737,7.661,1005.6244,0.0,1.8899,0.9363,14.19,28.7555,15.03,7.2386,4.0076,7.4219,4.6826,0.0226,118.1401,0.0063,2.803,988.2353,24.1247,9473.2602,1.0026,5.2532,86.924,84.8399,19.0012,145.2455,양품
2.6173,-0.0054,68.8372,0.0214,-5617.5,69.2,2.753,1.608,15.83,227.3192,5.068,0.1033,1.035,194.6561,1.995,8.8513,0.0395,4.7118,0.7987,17.3827,0.5474,2736.0,15.85,,2.6012,5.1309,1005.6244,0.0,1.2071,0.9367,17.96,43.8843,10.1573,7.737,4.5294,5.9411,4.7069,0.0499,226.1896,0.0093,2.803,0.0,21.7381,8971.8201,1.7305,4.9088,87.0205,86.3857,28.3328,146.27,양품
20.8336,-0.0048,98.9474,0.025,-6057.25,69.0667,3.1548,0.5677,15.96,260.7016,5.3134,0.1226,1.187,969.1761,1.9655,8.5218,0.0385,5.1331,0.838,19.1664,0.5126,2609.0,15.97,16.3993,1.8822,6.8695,1012.1633,0.0,0.7393,0.9315,14.54,26.1531,13.8522,6.6788,4.3428,8.0386,4.5504,-0.0241,24.8636,0.0037,2.813,0.0,27.9009,8745.81,1.615,6.9581,87.0459,84.3232,,141.6909,불량
27.3,-0.0059,111.3924,0.0116,-6448.0,61.7222,3.3491,0.7569,15.83,299.8504,5.4985,0.0806,0.9744,180.394,1.8935,9.3998,-0.0086,4.6515,0.823,12.7,0.4541,3159.25,15.83,11.7604,6.9667,12.3751,1011.6333,0.0,1.1814,0.9341,13.75,21.2653,4.3998,7.3058,4.2045,8.8334,4.5794,-0.0282,20.2564,0.0061,2.758,597.0149,19.1593,8519.59,2.1234,5.0102,87.2029,85.482,,147.5091,양품
5.4191,-0.0092,44.3243,0.0304,-6508.5,70.9556,4.9402,0.7569,15.83,298.4376,6.3502,0.1083,0.9744,102.7116,1.8973,8.6406,-0.0001,5.5533,0.823,14.5809,0.4541,2988.5,15.83,8.0774,2.9596,8.2955,1011.6333,0.0,0.7812,0.9282,19.56,55.4275,17.0436,6.6324,4.4734,4.3832,4.7536,-0.0548,105.3682,0.0035,2.758,883.3333,21.3926,8943.67,1.5467,4.9831,86.6776,85.0841,28.1308,145.1,양품
5.9136,-0.0087,57.4713,0.0297,-5771.25,67.6667,1.1958,0.7569,15.83,189.9129,6.8395,0.0432,0.9744,1050.1014,1.986,9.2281,-0.0041,6.0964,0.823,14.0864,0.4541,2497.25,15.83,6.3266,3.5468,7.9176,1011.6333,0.0,1.9809,0.9282,20.1,37.7627,16.2737,8.0468,4.4026,3.0996,4.7536,-0.0522,95.0346,0.0045,2.758,0.0,21.0896,8375.0199,1.506,5.9165,86.9417,84.1154,32.7574,144.8555,양품
5.3782,-0.0095,34.7826,0.0326,-6401.75,70.0444,4.204,0.7569,15.83,377.7701,6.272,0.0911,0.9744,142.673,1.896,8.6406,0.0096,4.8499,0.823,14.6218,0.4541,2910.25,15.83,21.4328,4.8541,7.6963,1011.6333,0.0,,0.9282,16.19,58.2153,16.7854,6.2814,4.3421,5.5785,4.7536,-0.009,98.7323,0.0038,2.758,0.0,21.6961,8570.25,1.4828,5.868,86.6776,85.0841,15.8034,145.0209,양품
-11.2309,-0.0086,87.2093,0.0267,-5076.25,62.5111,5.3936,0.7569,15.83,1841.666,5.2961,0.1774,0.9744,317.2605,1.984,9.2171,-0.0009,4.2362,0.823,31.2309,0.4541,3500.75,15.83,30.495,3.5194,8.6333,1011.6333,0.0,1.3191,0.9257,20.72,35.3304,15.0091,4.6363,2.4538,6.9396,4.6326,-0.0344,81.2935,0.0025,2.758,0.0,39.0971,8594.8001,2.9824,6.0057,86.2908,85.9034,,144.2436,양품
-1.8473,-0.0049,108.9974,0.0249,-5518.0,67.2333,2.366,0.0,15.83,110.4125,6.1053,0.0731,1.002,244.0669,2.0115,8.7879,0.0354,5.1514,0.8187,41.8473,0.4767,2584.75,15.79,9.4629,3.1235,6.1833,1012.0556,0.0,1.728,0.9341,21.94,17.4387,21.3618,7.9274,4.0612,8.9647,4.5794,-0.0179,257.1358,0.0064,2.798,921.2121,52.5657,8322.5299,1.4427,5.23,86.7106,86.106,24.7408,148.4718,양품
25.43,-0.0067,46.1825,0.0129,-6308.5,68.9,3.4928,0.0,15.83,286.2464,5.6444,0.0879,1.002,213.6734,1.893,8.8287,0.0132,4.8995,0.8187,14.57,0.4767,3139.5,15.79,18.7544,2.4673,10.1,1012.0556,0.0,0.9642,0.9293,10.09,17.2187,9.5036,10.4706,4.0523,9.9046,4.482,-0.029,29.886,0.005,2.798,800.0,18.3175,8997.22,2.1546,6.1364,87.0337,86.4478,,139.2282,양품
15.4555,-0.0067,52.4345,0.0143,-6153.5,67.9667,2.6707,0.7569,15.83,67.7003,5.8376,0.0855,0.9744,956.0103,2.0038,8.5155,0.0011,5.6925,0.823,24.5445,0.4541,2681.0,15.83,9.5943,3.6783,12.4201,1011.6333,0.0,1.2851,0.9354,20.3,66.8178,15.2427,8.7458,4.3004,15.763,4.671,-0.0165,45.162,0.0053,2.758,0.0,33.2277,8803.1401,1.8921,5.52,87.1407,85.597,,149.3373,양품
0.7582,-0.0091,61.3699,0.0273,-5511.75,61.5778,6.4737,0.7569,15.83,118.317,5.6836,0.1975,0.9744,397.4455,1.9835,9.219,0.0147,5.1218,0.823,19.2418,0.4541,2740.25,15.83,8.8137,2.1112,7.7634,1011.6333,0.0,0.5059,0.9266,13.27,28.5663,17.7409,6.6776,2.1472,7.0841,4.6391,-0.0411,957.554,0.0028,2.758,0.0,28.0488,8340.3199,2.2152,6.0295,86.336,86.3416,13.865,143.9836,불량
-12.0473,-0.0055,99.5475,0.0251,-6417.25,65.1333,3.6177,0.0,15.83,322.4194,8.8849,0.0831,1.002,255.6748,1.894,8.5177,0.0351,7.2075,0.8187,32.0473,0.4767,3113.25,15.79,,2.303,7.6365,1012.0556,0.0,0.9768,0.9331,20.55,38.511,9.4168,8.8738,4.0373,10.8564,4.5634,0.0313,91.556,0.0062,2.798,927.2727,38.5498,8473.6401,3.3689,5.5956,87.0024,84.7297,15.3192,153.3655,양품
-10.2673,-0.0052,57.4163,0.0204,-6483.25,67.5889,2.4286,0.0,15.83,344.7211,7.7594,0.0508,1.002,200.711,1.8878,8.5177,0.0107,7.6656,0.8187,30.2673,0.4767,3072.0,15.79,,2.2193,5.8573,1012.0556,0.0,0.5213,0.9331,24.46,49.2352,12.8882,9.5868,4.4269,9.8766,4.5634,0.0334,94.5723,0.0057,2.798,0.0,35.9269,9213.1399,2.7426,5.9818,87.0024,84.7297,15.4662,157.8482,양품
1.1591,-0.0099,56.6372,0.024,-6480.25,63.9222,0.8541,-0.2838,15.82,207.3491,5.1284,0.0185,1.092,227.1319,1.8758,9.2171,-0.0079,5.0952,0.758,18.8409,0.6774,3079.5,15.88,40.6933,5.319,11.8878,1003.854,0.0,2.581,0.9368,23.89,17.2456,14.6254,8.4643,4.3763,7.1718,4.6924,-0.0576,362.3529,0.0032,2.544,0.0,26.7301,8835.5701,1.3268,4.4509,86.2908,85.9034,17.8226,145.9891,양품
-11.8245,-0.0083,49.1018,0.0251,-5426.25,62.9889,2.8186,-0.2838,15.82,301.5409,4.6801,0.0949,1.092,523.042,2.004,9.2171,-0.008,4.1601,0.758,31.8245,0.6774,2771.75,15.88,17.7449,4.9215,11.9209,1003.854,0.0,,0.9257,18.75,38.3329,19.3763,5.1924,2.9549,4.7533,4.6326,-0.0683,87.8681,0.0045,2.544,0.0,39.6487,8402.5,3.0308,5.5324,86.2908,85.9034,,143.0591,불량
8.4236,-0.0042,132.5301,0.0347,-5505.5,67.2222,2.0918,1.608,15.83,109.4608,5.5239,0.0641,1.035,131.5966,1.9985,8.6013,0.0574,5.2108,0.7987,31.5764,0.5474,2718.5,15.85,8.5531,2.6777,6.0494,1005.6244,0.0,1.7739,0.9337,20.94,17.2236,26.3554,14.6485,4.1846,10.099,4.5304,-0.0332,171.5411,0.0048,2.803,0.0,40.0125,8074.26,3.9506,5.9075,86.9247,84.9715,33.1776,148.7273,불량
18.6045,-0.0061,73.6196,0.0173,-5584.5,65.8222,2.4208,0.0,15.73,148.7982,5.3069,0.0832,1.04,332.5041,1.9885,8.6013,0.0025,5.0649,0.799,21.3955,0.5237,2753.25,15.79,5.111,2.8866,6.1263,1012.4722,0.0,1.24,0.9337,21.25,19.2374,16.91,6.079,4.0319,20.9542,4.5304,-0.0064,26.1226,0.0062,2.858,847.0588,31.416,8628.13,1.3015,4.9794,86.9247,84.9715,6.0266,147.56,양품
8.9764,-0.0035,129.4964,0.0387,-6375.0,66.8556,3.6825,0.0,15.91,298.8516,5.8925,0.0814,0.8987,210.955,1.893,8.6013,0.0561,5.6485,0.8123,31.0236,0.5233,3078.25,15.91,9.383,4.1881,11.4256,1014.2044,0.0,,0.9337,22.33,38.1418,25.2836,11.038,4.01,10.1224,4.5304,-0.0356,126.3318,0.0052,2.736,0.0,39.7661,8914.8399,3.3168,6.6547,86.9247,84.9715,28.2615,150.8536,불량
0.7218,-0.0103,56.1743,0.0238,-5465.0,63.4889,2.5492,-0.5677,15.9,55.4437,5.5683,0.093,1.172,456.7173,2.033,9.2171,0.0201,5.1351,0.7025,19.2782,0.778,2681.0,15.91,9.6229,4.2527,5.0594,1005.6298,0.0,1.4227,0.9364,19.07,40.9542,11.0918,7.6438,4.3414,4.1323,4.6771,0.0181,793.8287,0.0036,2.618,741.4634,23.4212,8846.3501,1.7288,4.9528,86.2908,85.9034,27.9462,143.9882,양품
-1.42,-0.0013,400.0,0.0119,-4970.75,67.7111,3.1692,0.0,15.88,160.6266,6.2946,0.0985,1.097,1277.4194,1.9963,9.2281,0.0108,6.3019,0.7021,21.42,0.6639,2714.75,15.89,,2.806,7.4172,1002.4991,0.0,1.948,0.9378,15.94,42.1366,8.9208,7.8469,4.4934,7.3182,4.6615,0.0027,450.0,0.0065,2.956,450.0,27.1504,8799.9801,1.9109,4.8277,86.9417,84.1154,25.0667,147.4409,불량
9.2082,-0.0042,149.1124,0.0375,-5181.5,65.6778,1.6097,0.7569,15.83,415.786,7.1479,0.0488,0.9744,454.6841,2.0023,8.6013,0.057,5.5523,0.823,30.7918,0.4541,3042.0,15.83,18.9997,2.4361,11.2227,1011.6333,0.0,1.4478,0.9335,23.37,62.9386,19.5491,11.171,4.6079,9.6042,4.5996,-0.0227,96.436,0.0045,2.758,0.0,36.9278,8747.37,3.2601,7.2774,86.9247,84.9715,23.3564,147.7482,불량
12.1609,-0.007,60.1073,0.0325,-6351.5,68.8222,1.9993,0.0,15.73,255.0743,5.7847,0.0424,1.04,141.2291,1.8893,8.6013,0.0471,5.6171,0.799,27.8391,0.5237,3039.75,15.79,13.7092,2.906,10.9579,1012.4722,0.0,1.2655,0.9337,16.78,27.4893,18.8173,6.7985,4.1513,5.6767,4.5304,-0.0259,34.1257,0.0067,2.858,685.7143,37.9497,8814.2,1.2584,4.6481,86.9247,84.9715,22.1356,144.45,양품
8.5273,-0.0078,37.299,0.0263,-5230.25,69.4333,3.8968,0.0,15.83,186.0043,5.9026,0.1315,1.002,632.3176,1.988,8.8287,0.0234,5.8461,0.8187,31.4727,0.4767,2693.75,15.79,6.3554,3.1685,4.5468,1012.0556,0.0,1.1738,0.9331,19.51,39.3809,22.3637,6.7696,4.2403,8.1226,4.5634,-0.03,75.4051,0.0067,2.798,0.0,39.0387,9262.3499,1.7986,6.6988,87.0337,86.4478,36.4847,146.0127,불량
17.1745,-0.0066,46.7043,0.0394,-6393.25,67.9,3.6924,0.0,15.83,254.9157,5.081,0.0789,1.002,208.4137,1.8902,8.5788,0.0199,4.4817,0.8187,22.8255,0.4767,3051.0,15.79,16.7703,4.5655,9.1952,1012.0556,0.0,0.848,0.9354,25.46,78.3719,17.8636,7.1946,4.3862,9.4912,4.671,-0.0344,25.8522,0.0073,2.798,675.5556,31.0321,8901.2899,1.3675,4.8067,86.8039,85.4451,15.567,147.8209,불량
5.7855,-0.0072,56.9444,0.0175,-5367.75,69.6778,2.2503,-0.2838,15.82,109.8529,6.8729,0.0758,1.092,406.1546,1.9832,8.536,0.0184,5.9611,0.758,14.2145,0.6774,2609.5,15.88,4.3849,2.7268,11.5007,1003.854,0.0,1.6148,0.9282,22.45,75.0239,14.9737,5.8884,4.7989,12.6203,4.7536,-0.0581,137.2407,0.0031,2.544,839.0244,21.1888,7930.09,1.936,6.1746,86.7687,85.5361,,147.7773,양품
14.4382,-0.0091,73.5254,0.0222,-6356.0,66.2778,1.9079,-0.4258,15.9,267.7791,5.2764,0.0415,1.191,324.3116,1.8805,8.5952,-0.0268,4.6117,0.7423,25.5618,0.7393,3058.5,15.9,43.1754,3.772,12.5732,1004.895,0.0,,0.9271,17.46,33.8592,15.9709,5.7933,2.7067,9.8466,4.6195,-0.0512,48.8981,0.0043,2.575,0.0,32.4142,9276.4399,1.8986,5.0464,86.7997,85.3625,28.5436,149.0873,양품
11.6964,-0.0034,143.2836,0.0321,-5175.5,69.8333,2.4523,-0.5677,15.9,151.1908,6.0657,0.0744,1.172,214.8278,1.9988,8.6527,0.0127,5.2575,0.7025,28.3036,0.778,2517.0,15.91,4.8034,3.2936,11.3532,1005.6298,0.0,1.9262,0.9353,14.8,67.0224,18.8891,7.9831,4.5989,7.26,4.6644,-0.0546,40.0979,0.0054,2.618,354.6392,32.0454,9173.3499,1.4403,5.4476,86.9642,86.4465,,152.7555,양품
18.0545,-0.0013,439.2157,0.0134,-4992.0,69.7889,1.8078,-0.5677,15.9,1594.0159,5.2245,0.0602,1.172,533.7271,1.999,8.6829,0.01,5.4422,0.7025,21.9455,0.778,3445.0,15.91,9.0982,4.1554,8.9373,1005.6298,0.0,,0.9369,17.62,54.9977,12.9954,8.769,4.3413,6.3828,4.6725,-0.0181,24.5921,0.0059,2.618,0.0,25.0574,8923.91,1.266,5.2856,86.9236,87.4809,16.7402,154.9491,양품
20.7055,-0.0097,39.0746,0.0298,-6834.5,68.5667,2.4697,-0.4258,15.9,148.8276,7.2747,0.0556,1.191,846.0475,1.8952,9.1757,0.0009,5.5511,0.7423,19.2945,0.7393,3011.5,15.9,7.4508,3.0627,10.9913,1004.895,0.0,1.6501,0.925,13.59,34.8488,10.9861,4.8903,2.3153,7.727,4.6134,-0.0464,58.3421,0.0051,2.575,0.0,24.1262,8805.3899,3.3922,6.7891,86.9721,83.8879,,145.9818,양품
1.1273,-0.0088,43.3666,0.0315,-6353.75,61.0667,1.5975,-0.5677,15.79,274.4113,5.2077,0.0353,1.21,171.6787,1.9037,9.2171,0.0121,4.8566,0.6887,18.8727,0.7419,3223.75,15.85,5.6507,4.9127,8.6903,1004.9778,0.0,1.2253,0.9364,20.28,31.6632,11.1018,6.8865,4.9691,2.8784,4.6771,-0.0529,0.0,0.0021,2.649,0.0,24.2043,8728.38,3.1612,5.5721,86.2908,85.9034,,144.8745,양품
16.4073,-0.0041,124.3902,0.0411,-6425.5,71.7222,1.9037,-0.5677,15.9,316.2346,6.7371,0.045,1.172,170.7913,1.892,8.6829,0.0497,6.2174,0.7025,23.5927,0.778,3123.5,15.91,18.5482,3.904,13.8365,1005.6298,0.0,,0.9227,18.04,35.1736,21.8055,6.4506,4.6968,6.6161,4.6862,-0.0318,38.4586,0.0047,2.618,378.9474,31.6904,9236.9602,1.7039,6.2366,86.9236,87.4809,29.4844,151.1455,양품
5.4018,-0.0098,94.6565,0.0146,-6565.5,70.4444,1.3625,-0.5677,15.79,342.1797,6.1648,0.0324,1.21,104.2385,1.8785,8.6406,-0.0173,5.7446,0.6887,14.5982,0.7419,2909.75,15.85,5.4348,4.5426,10.0227,1004.9778,0.0,,0.9278,14.76,49.4768,10.2603,7.2358,4.5765,3.3141,4.759,-0.0362,85.5268,0.0049,2.649,0.0,19.9951,9070.58,1.6328,5.768,86.6776,85.0841,,145.1373,양품
26.8609,-0.0098,43.7659,0.0162,-5291.5,66.6889,1.4842,-0.5677,15.79,280.3859,5.689,0.0477,1.21,224.515,2.0232,8.6211,0.0099,4.9701,0.6887,13.1391,0.7419,2743.75,15.85,4.5321,3.7488,9.1503,1004.9778,0.0,1.3403,0.9369,16.0,40.4128,9.9963,5.149,4.1868,6.0001,4.6725,-0.0571,20.1408,0.0025,2.649,0.0,16.6703,8223.26,1.5936,5.8745,86.955,85.1817,20.8713,148.9973,양품
23.7709,-0.0115,47.8261,0.0968,-5521.25,64.0333,0.6445,-0.2838,15.82,150.3604,6.8046,0.025,1.092,207.882,2.0152,9.2655,-0.0244,5.5291,0.758,16.2291,0.6774,2748.75,15.88,13.5668,3.2795,10.887,1003.854,0.0,0.869,0.9309,21.39,28.628,10.5689,9.8384,4.6296,5.1866,4.6215,-0.0781,32.6029,0.0037,2.544,421.8182,22.9026,9412.2001,2.3909,5.3012,86.4804,85.5455,23.2704,144.4109,양품
-0.84,-0.0067,60.0375,0.0235,-6346.0,68.4222,2.3883,-0.5677,15.9,284.5224,6.9261,0.0523,1.172,155.0849,1.8978,8.828,0.0295,5.5113,0.7025,20.84,0.778,3083.5,15.91,,3.7999,8.4048,1005.6298,0.0,1.7762,0.9264,28.95,43.6418,15.5709,7.4091,2.8033,7.4516,4.5144,0.0465,0.0,0.0113,2.618,828.5714,30.0404,8655.8501,3.1707,7.0721,87.0137,86.4863,16.7751,147.8873,양품
25.4264,-0.0076,57.7049,0.014,-5213.75,69.0556,2.8645,-0.5677,15.79,108.3036,5.4919,0.0873,1.21,637.3353,2.035,8.5155,0.0157,4.7979,0.6887,14.5736,0.7419,2526.5,15.85,51.8279,4.1995,7.4945,1004.9778,0.0,2.7049,0.9309,19.08,41.8378,10.3545,9.1172,4.4025,6.5942,4.6215,-0.0486,24.0695,0.0052,2.649,868.0851,21.5935,8418.5601,1.7786,4.8735,87.1407,85.597,,148.6155,양품
26.6136,-0.0097,45.478,0.0329,-6454.5,71.2444,2.0162,-0.3784,15.92,283.7973,5.5287,0.046,1.267,127.9336,1.8835,9.3998,0.0217,4.6504,0.7463,13.3864,0.7424,3102.75,15.91,38.6746,4.4916,8.7225,1003.5358,0.0,,0.9348,12.03,38.2524,5.3233,6.1538,3.9055,4.4058,4.6276,-0.0816,22.1315,0.004,2.618,363.6364,17.8522,8625.08,1.7255,5.3551,87.2029,85.482,14.8451,145.7164,양품
-6.5391,-0.0089,33.7079,0.0236,-5532.5,69.3778,5.6363,-0.4258,15.9,163.3082,6.6604,0.1771,1.191,373.368,1.9755,8.536,-0.0237,5.5542,0.7423,26.5391,0.7393,2691.25,15.9,10.945,2.8828,11.0353,1004.895,0.0,1.1237,0.9228,16.5,24.6538,13.6636,4.8512,2.327,6.0001,4.5924,-0.0624,170.0542,0.0037,2.575,332.4675,33.0144,9515.9101,3.3343,6.361,86.7687,85.5361,29.5851,145.1655,양품
0.1518,-0.0107,47.5524,0.0239,-5064.0,67.1778,1.7278,-0.3784,15.92,303.4956,8.5149,0.0688,1.267,954.5156,1.996,9.5713,0.0011,7.2623,0.7463,19.8482,0.7424,2689.75,15.91,6.9012,2.084,9.6914,1003.5358,0.0,2.7574,0.9364,15.78,36.2621,11.4203,7.5625,4.5207,3.0125,4.6771,-0.071,0.0,0.004,2.618,739.6226,24.7192,9618.9899,2.0268,5.7689,86.8261,85.6608,28.6511,143.4045,양품
2.8245,-0.01,36.0,0.0205,-6273.5,68.2,3.1741,-0.4258,15.9,314.4406,7.7646,0.0768,1.191,167.7905,1.8878,9.5713,-0.0023,8.4639,0.7423,17.1755,0.7393,3015.75,15.9,13.9499,4.3988,12.3885,1004.895,0.0,1.3965,0.9278,22.9,58.2877,11.9663,8.0296,4.1774,4.2813,4.759,-0.0538,238.6225,0.0028,2.575,560.0,23.8635,8407.1301,2.1723,5.1794,86.8261,85.6608,,144.5818,양품
12.1818,-0.0079,87.8981,0.0312,-6267.75,70.1222,2.8495,-0.5677,15.79,307.8966,5.8436,0.068,1.21,278.8564,1.883,8.531,0.0365,5.0616,0.6887,27.8182,0.7419,3006.5,15.85,9.3099,3.28,9.559,1004.9778,0.0,2.005,0.9337,14.74,27.6445,12.0333,7.7837,4.3227,5.6722,4.615,-0.032,43.5896,0.0034,2.649,504.6154,30.5016,8321.28,1.5608,5.5656,87.0242,84.3575,,156.5527,양품
19.5609,-0.0074,63.621,0.0243,-6426.5,70.5111,3.072,-0.4258,15.87,318.0115,5.0632,0.0635,1.168,180.4263,1.8797,9.4832,0.0048,4.6645,0.7135,20.4391,0.7292,3060.0,15.9,27.9245,5.2474,14.4533,1004.167,0.0,,0.9354,25.56,19.3787,12.7282,7.0277,4.2763,6.634,4.6871,-0.0565,19.1709,0.0085,2.653,229.8851,27.7378,8906.5,1.2045,5.1826,87.3382,84.87,,150.4382,양품
-1.1609,-0.0094,73.6,0.0291,-5284.75,68.1556,2.5776,-0.5677,15.79,215.0262,8.134,0.0809,1.21,129.9548,1.9868,8.9416,0.0166,5.8909,0.6887,21.1609,0.7419,2774.25,15.85,6.9973,3.9615,8.5018,1004.9778,0.0,1.2747,0.9366,19.38,28.723,10.5221,5.1175,4.1241,5.8827,4.6801,-0.0442,312.686,0.0027,2.649,0.0,26.3122,8962.4,1.1178,5.7935,86.9601,92.072,16.0059,148.57,양품
18.63,-0.0096,85.8639,0.0221,-6267.75,62.9556,4.0517,-0.4258,15.9,253.5999,5.8716,0.0935,1.191,40.4259,1.9053,9.2433,-0.0043,5.754,0.7423,21.37,0.7393,3065.75,15.9,8.0221,4.1299,12.4003,1004.895,0.0,1.599,0.9309,14.66,24.0406,8.8552,7.2062,4.8007,3.6188,4.6215,-0.0599,22.4906,0.0031,2.575,0.0,28.1907,8700.58,1.3427,4.5668,86.4157,85.2666,,155.5755,양품
20.7118,-0.0093,39.8385,0.0315,-6452.5,72.9222,2.7872,-0.3784,15.92,280.5974,6.3369,0.0633,1.267,213.3893,1.8895,9.4832,0.0401,5.0574,0.7463,19.2882,0.7424,3074.75,15.91,9.5516,4.9368,9.4744,1003.5358,0.0,,0.9271,15.56,54.1647,11.0509,6.4812,2.546,4.7381,4.6195,-0.0588,44.9502,0.0042,2.618,849.2308,25.5875,9304.59,2.9501,5.4977,87.3382,84.87,,147.9509,양품
-11.9682,-0.0105,37.276,0.0259,-5423.0,69.3889,2.8212,-0.3784,15.92,106.5911,6.2281,0.0881,1.267,223.4055,1.998,8.5218,0.0018,4.7214,0.7463,31.9682,0.7424,2723.5,15.91,18.375,1.297,8.8499,1003.5358,0.0,2.3554,0.9257,15.22,39.4462,18.6255,6.7791,2.6805,7.0926,4.6326,-0.0353,56.4831,0.0045,2.618,0.0,40.3963,8847.7,1.9613,6.4785,87.0459,84.3232,,143.5309,양품
16.8445,-0.0107,57.9439,0.0151,-6198.5,63.9778,2.5117,-0.9934,15.89,285.201,5.6722,0.0586,1.267,199.8157,1.916,9.2655,0.0023,4.8776,0.6764,23.1555,0.7377,3197.75,15.89,17.1682,5.158,6.812,1004.96,0.0,2.8233,0.9354,17.82,65.2403,17.9019,7.8646,3.979,9.8085,4.671,-0.0498,21.4906,0.006,2.531,948.8372,31.7791,8424.7201,1.0987,5.1016,86.4804,85.5455,18.0015,148.1364,양품
14.0382,-0.0084,30.9524,0.0298,-5711.0,66.5444,4.2976,-0.3784,15.92,1490.9418,7.6137,0.14,1.267,311.4814,2.0155,8.5952,0.04,5.5045,0.7463,25.9618,0.7424,3474.75,15.91,6.2332,3.1558,9.8855,1003.5358,0.0,1.2883,0.9271,11.79,26.9423,12.1109,6.578,2.5209,8.5491,4.6195,-0.0351,29.2061,0.002,2.618,370.7317,32.567,8799.04,1.4096,5.2053,86.7997,85.3625,,150.1909,양품
28.4009,-0.0104,41.4458,0.0263,-5657.5,63.7778,1.7515,-0.5677,15.79,348.7476,6.6127,0.041,1.21,1722.7622,1.886,9.5642,0.0142,5.5773,0.6887,11.5991,0.7419,3111.25,15.85,7.6429,5.1742,10.7648,1004.9778,0.0,,0.9337,9.73,43.512,7.5638,5.5856,4.2671,3.1529,4.615,-0.0481,17.8868,0.0029,2.649,0.0,14.406,8848.07,1.6887,4.7063,86.4047,86.3239,,142.0918,양품
22.1827,-0.008,64.7975,0.0331,-6528.5,68.2,6.5375,-0.9934,15.89,164.6633,5.2143,0.1375,1.267,424.2047,1.8877,8.5405,-0.021,5.1459,0.6764,17.8173,0.7377,3067.0,15.89,5.6091,3.6657,7.0778,1004.96,0.0,1.7856,0.9354,15.09,59.6353,14.0055,7.7537,4.3097,8.7564,4.671,-0.0501,17.0403,0.0036,2.531,0.0,22.1373,9028.9699,1.2686,4.9754,86.8378,85.1712,,145.4927,양품
9.1882,-0.0086,45.152,0.014,-6363.0,63.0556,2.665,-0.3784,15.92,236.4501,6.9848,0.0569,1.267,143.2271,1.8893,9.5642,0.0273,5.9519,0.7463,30.8118,0.7424,3018.0,15.91,4.346,4.9163,7.3121,1003.5358,0.0,0.9991,0.9348,17.87,26.161,13.3354,6.4999,4.6522,5.9269,4.6276,-0.0201,83.4768,0.0038,2.618,538.7755,37.258,8981.2399,2.3942,5.5389,86.4047,86.3239,,152.1864,양품
1.5018,-0.0075,61.4357,0.0247,-6334.25,67.4556,3.3215,-0.9934,15.89,322.409,6.0561,0.0769,1.267,120.8674,1.8987,9.5713,-0.005,6.267,0.6764,18.4982,0.7377,3124.75,15.89,13.2466,5.0404,7.1454,1004.96,0.0,,0.936,19.64,58.3148,9.0364,11.6649,4.1106,10.8289,4.6798,-0.0496,450.7869,0.0028,2.531,464.0,23.6088,8785.9699,2.0387,4.1751,86.8261,85.6608,,147.1064,양품
16.0155,-0.0081,54.0707,0.0263,-6431.75,68.1556,4.662,-0.9934,15.89,270.2522,6.3346,0.0971,1.267,229.2181,1.8763,9.4043,0.0202,5.7966,0.6764,23.9845,0.7377,2959.75,15.89,9.2222,3.9615,6.4443,1004.96,0.0623,2.2389,0.9271,17.66,46.8422,13.3955,6.9188,2.5646,8.5333,4.6195,-0.0408,43.1458,0.0109,2.531,693.3333,30.1316,8606.88,2.1899,5.9746,86.8908,83.9167,,151.0545,불량
2.5027,-0.0095,32.7177,0.0187,-5410.0,67.4222,3.9893,-0.9934,15.89,489.6832,6.7768,0.1346,1.267,387.6123,1.9998,9.5713,0.0196,5.9956,0.6764,17.4973,0.7377,2414.5,15.89,6.3073,3.708,8.6844,1004.96,0.0,1.6917,0.9359,14.11,29.5218,8.3872,7.2805,4.7313,7.8622,4.6694,-0.0441,193.7886,0.0055,2.531,0.0,22.1827,9434.9,1.3225,5.0596,86.8261,85.6608,,145.5055,양품
87.0391,-0.0084,59.4354,0.0134,-5677.5,68.0444,2.5427,-0.3784,15.92,245.3316,5.4855,0.0902,1.267,379.0712,2.0337,9.1757,0.0408,4.31,0.7463,32.896,0.7424,2630.75,15.91,12.1854,4.7028,7.7447,1003.5358,0.0,2.5913,0.9266,199.62,30.3517,89.5305,125.2604,2.334,146.4232,4.6391,-0.028,274.4629,0.0031,2.618,778.3784,84.5752,8903.9602,11.1972,77.0338,86.9721,83.8879,,127.5891,양품
0.7591,-0.0062,56.6802,0.025,-5848.5,69.9222,1.7908,-0.3784,15.92,168.1378,5.9401,0.0628,1.267,445.972,2.0257,8.828,0.0081,5.1517,0.7463,19.2409,0.7424,2660.5,15.91,,3.2894,12.0802,1003.5358,0.0,1.8248,0.9334,22.85,34.4725,16.2241,10.5566,4.4344,4.3304,4.523,0.0107,0.0,0.0056,2.618,0.0,25.8222,9399.92,2.3183,4.7815,87.0137,86.4863,15.4662,141.7873,양품
9.8782,-0.0077,60.8414,0.0242,-5392.25,66.6889,2.2606,-0.9934,15.89,267.6781,5.2386,0.0722,1.267,562.8856,2.0088,8.6211,0.021,4.8903,0.6764,30.1218,0.7377,2731.75,15.89,5.065,3.149,8.131,1004.96,0.0,1.6066,0.9271,22.45,35.565,15.99,5.9733,2.4978,6.9596,4.6195,-0.0555,99.5122,0.0066,2.531,278.7879,37.9277,9038.9,2.9479,6.559,86.955,85.1817,31.0204,147.5655,불량
15.6791,-0.0101,40.4938,0.0145,-6350.5,68.5444,2.549,-0.0473,15.82,271.2961,6.4183,0.0537,1.366,217.1658,1.9058,8.5788,-0.022,5.4812,0.6785,24.3209,0.7445,3071.25,15.84,9.7416,5.8356,11.5524,1002.6611,0.0,1.8006,0.9227,16.4,53.2874,23.1445,6.884,4.9527,8.6597,4.6862,-0.0233,33.5479,0.0037,2.558,480.0,31.4614,9135.0302,1.5955,5.1009,86.8039,85.4451,7.65,147.6955,양품
16.2418,-0.0071,43.739,0.0293,-6277.75,67.5222,3.872,0.4258,15.85,213.6391,5.2618,0.084,1.149,154.9244,1.9095,8.5788,0.0369,4.0515,0.6909,23.7582,0.7585,3136.5,15.86,9.2047,3.8506,8.0322,1003.6322,0.0,1.3989,0.9266,18.2,29.1167,13.9691,6.0802,2.5693,6.1628,4.6391,-0.0516,56.3361,0.0056,2.647,782.2222,30.5545,8977.1799,2.6557,6.7935,86.8039,85.4451,24.523,147.1745,양품
10.3745,-0.0088,35.378,0.0135,-5421.5,63.4111,1.6337,-0.0473,15.82,79.3011,6.1148,0.0522,1.366,394.0546,2.0107,9.2655,0.0006,6.0274,0.6785,29.6255,0.7445,2685.0,15.84,62.3364,1.577,12.8571,1002.6611,0.0,0.7698,0.9337,17.7,30.8824,12.569,10.9907,4.4019,6.9014,4.615,-0.0809,74.2201,0.0029,2.558,0.0,32.237,8858.4201,2.2509,6.3928,86.4804,85.5455,,153.7373,양품
2.5045,-0.0084,71.3224,0.0257,-5316.75,68.4111,1.8972,-0.0473,15.82,222.6318,5.9336,0.0564,1.366,2077.2007,1.9845,8.9416,0.0079,5.3634,0.6785,17.4955,0.7445,2675.25,15.84,12.0279,3.8006,13.2563,1002.6611,0.0,3.0095,0.9368,20.15,26.0239,12.1437,8.2999,3.9763,6.1803,4.6924,-0.0805,164.9002,0.0038,2.558,748.3871,23.7322,9038.9201,1.053,5.3161,86.9601,92.072,,146.9191,양품
24.14,-0.0096,32.2078,0.0187,-5242.25,67.1444,2.7301,0.4258,15.85,340.1513,5.2159,0.0907,1.149,445.5067,2.0135,9.1757,0.0121,4.9708,0.6909,15.86,0.7585,2600.25,15.86,8.1735,4.468,6.8,1003.6322,0.037,,0.9354,15.96,19.9947,12.3364,7.6164,4.119,8.171,4.6871,-0.0398,17.1085,0.0065,2.647,0.0,22.8392,8597.71,1.0836,4.392,86.9721,83.8879,,150.0427,불량
23.7109,-0.0105,56.9395,0.0214,-5751.5,68.1444,2.1712,-0.0946,15.85,51.7647,5.4707,0.0737,1.569,325.4346,1.9952,8.872,-0.0117,5.4025,0.6955,16.2891,0.7024,2625.25,15.87,8.2241,3.0817,9.4397,1014.2967,0.0,,0.9309,17.75,36.5548,12.2864,7.7102,4.4391,6.3497,4.6215,-0.0519,26.1905,0.0033,2.584,0.0,22.928,8591.4699,1.7197,4.742,87.0389,84.533,40.1714,149.7718,양품
5.78,-0.0112,39.3296,0.034,-6459.75,69.4222,0.9077,0.0,15.9,266.5364,5.3361,0.0196,1.154,80.8512,1.9085,8.6406,0.048,4.4424,0.6383,14.22,0.7335,2955.5,15.9,56.1185,5.1857,8.7953,1005.3694,0.0,,0.9217,24.79,15.7221,14.6127,7.0134,4.3665,7.2905,4.7797,-0.0328,54.6713,0.0051,2.738,911.1111,21.9792,8771.5,1.1073,5.3758,86.6776,85.0841,,148.55,양품
-0.18,-0.0122,48.3112,0.0332,-5328.25,63.9111,3.9357,0.0,15.9,185.9391,7.9306,0.1222,1.154,259.5899,2.0165,9.219,-0.0376,7.0539,0.6383,20.18,0.7335,2674.0,15.9,5.4034,2.8164,8.331,1005.3694,0.0,0.5423,0.9364,18.73,47.6891,14.9736,6.894,4.2231,3.2597,4.6771,-0.009,0.0,0.0057,2.738,213.3333,25.6726,9142.6801,1.5726,5.2555,86.336,86.3416,,146.9464,양품
-8.6082,-0.0104,41.3959,0.0269,-6345.0,63.3444,1.2544,-0.0946,15.85,226.7809,5.2263,0.032,1.569,137.2467,1.9065,9.2171,0.0086,4.3358,0.6955,28.6082,0.7024,3169.25,15.87,10.422,4.8939,8.3038,1014.2967,0.0,1.857,0.9257,17.37,21.5302,22.8155,5.5653,2.2531,5.2385,4.6326,-0.078,82.1312,0.0033,2.584,637.037,38.5841,9084.18,2.2355,5.795,86.2908,85.9034,,141.2627,양품
22.7173,-0.0096,23.8651,0.0219,-5302.75,65.2556,2.9762,0.0,15.9,188.1531,6.2124,0.091,1.154,291.3147,1.993,8.7879,-0.0017,5.9382,0.6383,17.2827,0.7335,2506.25,15.9,8.6687,4.1376,10.5132,1005.3694,0.0,0.8475,0.9354,17.65,56.8733,13.2909,6.8168,4.3344,5.3468,4.671,-0.0576,18.224,0.0032,2.738,0.0,22.3699,8177.06,1.3982,4.8224,86.7106,86.106,44.1228,149.9955,양품
20.0236,-0.0096,51.2418,0.0223,-5413.0,69.6889,1.1715,-0.0946,15.85,143.7298,4.7587,0.0381,1.569,195.3237,2.0245,8.872,0.0181,4.5668,0.6955,19.9764,0.7024,2731.75,15.87,7.8593,4.4483,7.8059,1014.2967,0.0,0.9781,0.9354,20.6,21.9229,13.4436,7.0406,3.9661,8.0814,4.6871,-0.0456,17.2796,0.0021,2.584,969.697,27.0205,8844.3301,1.0201,5.6317,87.0389,84.533,14.8211,152.9445,양품
17.9782,-0.0089,57.0629,0.0183,-5228.25,66.2556,2.1971,0.5204,15.84,224.6069,5.0783,0.0713,1.177,376.2325,2.0128,8.5218,0.0152,4.4302,0.689,22.0218,0.7184,2748.25,15.88,7.1084,4.377,8.1235,1015.3522,0.0,0.8165,0.9354,22.02,27.8636,16.3736,6.2387,4.562,7.9506,4.6871,-0.0536,15.6301,0.0023,2.581,0.0,29.185,8684.6301,0.8894,4.9976,87.0459,84.3232,24.6737,146.9073,양품
17.7327,-0.0079,23.9748,0.0385,-6322.0,66.1111,3.207,-0.0946,15.85,251.7949,6.0165,0.0749,1.569,188.0745,1.898,8.6324,0.0086,5.5252,0.6955,22.2673,0.7024,3083.0,15.87,8.5754,4.6891,7.6969,1014.2967,0.0,1.6041,0.9249,11.34,52.5094,13.3309,4.2993,2.4592,9.9305,4.6009,-0.0355,58.7614,0.003,2.584,480.0,30.2505,8825.3899,2.633,5.678,87.0354,85.0856,,152.7618,양품
1.3718,-0.0093,62.0321,0.0152,-6278.5,63.6111,4.1128,0.4258,15.85,248.618,5.3321,0.0895,1.149,278.9247,1.8873,9.2655,0.0161,4.8741,0.6909,38.6282,0.7585,3177.25,15.86,15.8517,3.9301,7.5912,1003.6322,0.0,2.7583,0.9359,18.45,57.4811,21.5173,6.446,4.6197,4.313,4.5579,-0.0483,486.216,0.0029,2.647,472.1311,45.875,8242.0499,1.8195,5.059,86.4804,85.5455,,151.6355,불량
2.0373,-0.0058,87.7419,0.0373,-5485.25,69.8444,1.9509,-0.0946,15.85,308.5799,7.4826,0.059,1.569,222.8069,1.98,8.6527,0.0439,7.6299,0.6955,17.9627,0.7024,2681.25,15.87,13.3691,3.293,9.46,1014.2967,0.0,,0.9366,17.3,50.5859,9.2163,7.4855,4.152,5.3147,4.6801,-0.0519,299.4199,0.0052,2.584,0.0,22.969,9516.4601,1.9011,5.0284,86.9642,86.4465,18.5256,146.7618,양품
1.4218,-0.0083,41.0876,0.0275,-5429.0,67.6222,1.8395,-0.5204,15.87,392.2559,7.5351,0.0652,1.078,552.8912,2.018,9.1757,0.0021,6.2677,0.6897,18.5782,0.6802,2701.0,15.91,43.6744,2.8097,9.5456,1005.7904,0.0,1.0186,0.9242,21.47,31.616,13.9591,8.6154,4.7166,5.4321,4.6911,-0.0138,623.1458,0.0031,2.571,0.0,24.6272,8778.86,2.554,5.61,86.9721,83.8879,26.5913,143.4073,양품
22.4382,-0.0086,48.8372,0.0176,-5278.0,68.3222,2.0323,0.4258,15.85,175.4734,6.1843,0.0639,1.149,102.8721,2.002,8.5218,-0.0048,5.8981,0.6909,17.5618,0.7585,2624.25,15.86,5.5848,2.9273,8.0224,1003.6322,0.0,1.021,0.9309,14.95,30.3595,8.4962,8.0663,4.409,6.1088,4.6215,-0.0699,17.1137,0.0053,2.647,736.8421,20.3988,8538.6601,1.1382,5.2464,87.0459,84.3232,,151.0945,불량
14.9018,-0.0075,34.6667,0.0175,-5143.5,63.8889,1.3693,-0.5204,15.87,187.6033,5.925,0.0448,1.078,190.7677,1.9975,9.5642,0.0244,6.1278,0.6897,25.0982,0.6802,2666.5,15.91,25.2256,5.9478,7.4439,1005.7904,0.0,1.4774,0.9266,15.0,39.9021,10.7173,4.5617,2.4119,7.8561,4.6391,-0.0565,66.2335,0.0028,2.571,0.0,31.5354,8518.3601,2.9013,5.1536,86.4047,86.3239,,151.4745,양품
4.4391,-0.0128,34.375,0.0318,-6483.75,69.6778,5.8526,0.0,15.9,189.7463,6.711,0.1302,1.154,103.8408,1.8942,8.6406,0.0529,6.9208,0.6383,15.5609,0.7335,2966.5,15.9,8.2695,5.4537,7.7805,1005.3694,0.0,1.7681,0.9364,9.38,48.6585,7.7589,7.5496,4.5552,7.7847,4.6771,-0.0175,79.2955,0.0047,2.738,500.0,20.3856,8855.1799,1.1787,5.4012,86.6776,85.0841,,149.91,양품
-15.31,-0.0051,38.9294,0.0266,-6338.75,59.9889,3.3064,-0.5677,15.9,348.9999,6.9933,0.0769,1.172,169.4016,1.8965,9.2328,-0.046,6.688,0.7025,35.31,0.778,3125.25,15.91,,3.834,11.7446,1005.6298,0.0,,0.9366,21.02,18.9823,26.32,8.0763,4.225,3.5082,4.6801,0.0264,51.6656,0.0053,2.618,0.0,41.7353,8759.3302,2.4154,4.83,86.5146,86.0209,15.4662,148.5082,양품
27.3227,-0.0083,34.7826,0.0207,-5486.25,66.0667,2.1294,-0.5204,15.87,466.3864,7.3823,0.0714,1.078,667.1978,1.994,9.7484,0.0413,6.6762,0.6897,12.6773,0.6802,2839.25,15.91,11.0186,3.1786,7.4728,1005.7904,0.0,0.8659,0.9348,13.68,29.0849,6.612,6.6335,4.0699,3.0522,4.6276,-0.0703,20.8618,0.0035,2.571,0.0,15.8496,8547.0101,1.687,4.8801,87.0605,85.564,,143.8327,양품
2.78,-0.0069,32.1168,0.0231,-6463.25,67.4333,3.9614,,,245.3914,7.006,0.083,,139.2225,1.8912,9.2291,0.0283,6.6738,,17.22,,3096.25,,,4.3005,10.5176,,0.0,1.8721,0.9378,17.62,46.1412,7.0997,10.5323,4.7469,10.4267,4.6615,0.0056,198.2014,0.0057,,241.2698,22.0706,8864.71,1.5489,4.0103,86.9273,84.742,16.6766,146.7382,양품
18.1782,-0.0109,38.4,0.015,-5398.5,63.4,1.6421,1.608,15.83,142.4242,5.612,0.0563,1.035,337.7548,2.039,9.219,0.0061,5.0998,0.7987,21.8218,0.5474,2638.0,15.85,11.3521,4.1009,6.7033,1005.6244,0.0,,0.9354,23.8,34.8852,17.78,6.416,4.1101,10.2601,4.6871,-0.032,16.3933,0.0026,2.803,0.0,29.871,9216.03,0.9286,6.0508,86.336,86.3416,55.2842,145.3209,양품
22.3736,-0.0084,69.9259,0.027,-6294.25,66.7111,3.3137,1.419,15.8,283.9413,4.8209,0.089,1.068,199.8172,1.8905,8.5405,0.0119,4.0892,0.8284,17.6264,0.4914,3013.0,15.81,15.225,4.1972,9.0687,1004.5381,0.0,0.4786,0.9354,27.96,20.8054,13.1655,8.0961,3.8751,9.6886,4.6871,-0.0329,18.8615,0.003,2.898,0.0,25.0342,8964.53,1.4516,5.3737,86.8378,85.1712,33.5237,150.1764,양품
24.4791,-0.0074,71.7428,0.0146,-6380.0,62.7,5.0768,1.419,15.8,233.8269,5.8192,0.1333,1.068,144.5153,1.9027,9.2433,0.0043,5.4523,0.8284,15.5209,0.4914,3086.5,15.81,12.0116,6.5391,10.1117,1004.5381,0.0,,0.937,16.57,21.8439,19.3609,6.9525,4.1856,7.7394,4.6697,-0.0141,26.9209,0.0034,2.898,640.0,21.5763,8788.8501,1.9167,5.6776,86.4157,85.2666,11.0648,146.9109,양품
20.7209,-0.0084,63.3782,0.0462,-6205.0,65.0,5.0101,1.419,15.8,306.4539,6.0915,0.1143,1.068,304.6134,1.8885,8.6211,0.0453,5.8089,0.8284,19.2791,0.4914,2984.0,15.81,4.6404,4.6154,8.7894,1004.5381,0.0,0.8892,0.9238,27.17,24.4849,16.8836,7.0435,4.5862,4.6032,4.6598,-0.0367,23.6959,0.0048,2.898,861.5385,27.0269,8589.81,1.18,5.0745,86.955,85.1817,,149.0282,양품
6.2045,-0.003,136.0996,0.0308,-6349.0,68.2,2.5352,1.419,15.8,237.0083,5.8126,0.0875,1.068,1085.9414,2.0055,8.5459,0.0671,4.8604,0.8284,13.7955,0.4914,2902.25,15.81,51.8438,2.346,10.7885,1004.5381,0.0,1.3525,0.9217,21.9,13.4932,11.4436,8.2537,4.2361,11.9213,4.7797,-0.0156,99.6044,0.0104,2.898,317.2414,21.3495,8624.67,1.6402,6.1518,86.6954,84.9334,28.1054,149.2282,양품
6.9082,-0.0077,62.3377,0.0152,-6237.25,70.4556,4.0451,1.419,15.8,284.5119,5.71,0.0909,1.068,163.0549,1.8985,8.872,0.0006,5.4373,0.8284,33.0918,0.4914,3056.5,15.81,7.373,3.6903,10.7945,1004.5381,0.0,1.7511,0.937,17.95,25.3356,32.6027,14.0747,4.0301,8.6041,4.6697,-0.0815,158.3629,0.0078,2.898,0.0,38.2357,9053.4298,3.6748,4.7363,87.0389,84.533,,154.6945,양품
23.2655,-0.0075,75.6219,0.0319,-5523.75,66.2444,3.0287,1.419,15.8,63.0945,5.4597,0.0972,1.068,427.0655,1.997,8.7879,0.0106,5.2715,0.8284,16.7345,0.4914,2494.25,15.81,9.6586,3.472,9.9931,1004.5381,0.0,0.9556,0.9354,13.86,54.8175,13.0092,5.4159,4.1054,5.8803,4.671,-0.0233,20.5885,0.0048,2.898,228.5714,20.6329,8813.74,1.5431,4.4255,86.7106,86.106,18.5608,146.5918,양품
-7.8309,-0.0097,64.2487,0.0223,-5418.0,68.5444,1.1919,1.419,15.8,68.3252,7.1979,0.0417,1.068,513.038,1.9828,8.5952,-0.0011,5.7971,0.8284,27.8309,0.4914,2888.5,15.81,26.109,2.626,12.7335,1004.5381,0.0,,0.9257,13.97,51.2797,18.1246,7.3087,2.8513,8.6692,4.6326,-0.0416,189.3778,0.0034,2.898,0.0,35.2894,8886.5501,4.4283,5.1883,86.7997,85.3625,,143.4964,양품
0.5373,-0.0094,36.0265,0.0206,-5255.75,66.2667,1.7573,1.419,15.8,240.7286,3.7388,0.0694,1.068,157.2903,2.0223,8.536,0.0109,3.0316,0.8284,19.4627,0.4914,2571.25,15.81,40.5614,4.9799,11.1864,1004.5381,0.0,,0.9359,19.3,50.4571,11.2243,8.2812,4.3996,3.417,4.6694,-0.0657,0.0,0.0026,2.898,558.4906,24.3275,8526.5301,1.8461,4.3343,86.7687,85.5361,,144.5727,양품
3.1136,-0.0094,50.0,0.0296,-6406.25,66.4444,3.0404,0.5204,15.84,326.798,6.8944,0.08,1.177,224.5653,1.8885,8.5405,0.0053,7.0812,0.689,36.8864,0.7184,3072.25,15.88,7.3021,3.1605,7.5332,1015.3522,0.0,,0.9271,10.39,29.6847,23.1546,3.0971,2.3613,7.6393,4.6195,-0.0525,351.6788,0.0048,2.581,414.4578,47.3811,8601.6601,2.9671,5.6479,86.8378,85.1712,21.2623,150.1455,양품
25.1891,-0.0105,45.8781,0.0253,-6314.0,64.9667,6.3116,-0.5204,15.87,252.4718,4.8892,0.1324,1.078,191.7672,1.8807,8.6211,0.0172,3.9589,0.6897,14.8109,0.6802,3005.0,15.91,12.2031,3.0785,9.7065,1005.7904,0.0,1.1725,0.9354,24.56,18.3457,9.9073,4.9399,3.9274,10.5165,4.6871,-0.0651,13.7758,0.0045,2.571,0.0,20.8456,9080.7601,1.0743,4.8545,86.955,85.1817,22.0298,151.3818,양품
1.23,-0.005,97.5124,0.0418,-5745.0,69.9556,2.5375,0.2838,15.92,196.2114,5.7926,0.0862,1.456,365.4322,1.969,8.6829,0.0572,5.897,0.716,18.77,0.7094,2727.75,15.87,47.8577,2.859,8.9478,1004.7456,0.0,1.7362,0.9368,18.93,36.9983,16.8291,7.2018,4.1751,4.139,4.6924,-0.009,373.1707,0.0071,2.565,0.0,26.281,9357.49,1.5912,5.1937,86.9236,87.4809,24.2943,149.0709,양품
13.5955,-0.01,57.2146,0.026,-6470.0,68.9444,3.3721,0.8042,15.88,330.1842,5.889,0.0748,1.38,172.2885,1.8868,9.7484,0.0122,5.516,0.6518,26.4045,0.6809,3021.75,15.91,10.8828,4.0612,8.1609,1003.5673,0.0,1.495,0.9348,17.56,39.1162,22.3027,9.2737,4.0914,8.3351,4.6276,-0.0124,60.3143,0.0038,2.521,0.0,34.0436,8673.7102,2.6233,5.4694,87.0605,85.564,33.5018,149.9682,양품
-2.9273,-0.0093,38.5542,0.0622,-5324.0,69.4,1.5892,0.8042,15.88,246.6825,4.9208,0.0485,1.38,808.3114,2.0208,8.9416,0.0632,4.1992,0.6518,22.9273,0.6809,2977.75,15.91,10.1194,2.3055,8.0911,1003.5673,0.0,,0.9257,17.12,24.4146,14.0973,4.7939,2.3861,6.0746,4.6326,-0.0254,444.441,0.0046,2.521,0.0,31.7642,8784.21,3.6513,5.596,86.9601,92.072,25.5291,147.9927,양품
13.3745,-0.0086,59.4752,0.0572,-5613.5,69.4556,2.3354,0.8042,15.88,82.6131,6.003,0.0831,1.38,280.8374,1.9855,9.1757,0.04,5.6518,0.6518,26.6255,0.6809,2732.75,15.91,50.6463,3.8874,8.6533,1003.5673,0.0,0.9263,0.9227,19.39,43.0048,28.929,9.8263,4.7594,5.0984,4.6862,-0.0102,58.6936,0.0041,2.521,715.7895,35.4148,8328.0801,2.1368,5.8167,86.9721,83.8879,10.2763,145.9273,양품
27.4627,-0.01,36.8618,0.0533,-6312.25,72.8222,1.8363,0.8042,15.88,281.744,5.8049,0.0418,1.38,201.3411,1.8965,9.3998,0.0504,5.368,0.6518,12.5373,0.6809,3096.5,15.91,6.7535,5.3555,7.3643,1003.5673,0.0,1.201,0.937,18.04,31.1351,10.4509,5.8494,3.8942,4.4594,4.6697,-0.0148,10.7782,0.0039,2.521,888.8889,17.8135,8648.7,0.9556,5.1825,87.2029,85.482,22.0854,151.5882,양품
4.9991,-0.0046,109.2896,0.0257,-5516.75,68.1444,1.0136,,,234.2499,5.9614,0.0352,,352.3676,1.9828,9.0622,0.0219,5.29,,15.0009,,2801.5,,,4.4024,9.1799,1015.3522,0.0,1.2721,0.929,20.2,34.3749,12.8118,8.7575,4.5456,6.7235,4.7637,-0.0155,95.0173,0.0055,,300.7092,22.588,8430.06,1.5973,5.3595,87.0122,84.7529,11.7694,147.3927,양품
1.9145,-0.0029,184.3478,0.0395,-5411.25,69.7778,2.2208,0.0,15.9,367.1753,6.9949,0.0706,1.154,226.6751,1.9995,8.8513,-0.0316,6.7268,0.6383,18.0855,0.7335,2678.5,15.9,,3.1529,8.7155,1005.3694,0.0,,0.9364,18.28,31.8121,10.2,9.1776,4.2283,6.2091,4.6771,0.0494,222.5071,0.0067,2.738,341.9847,22.9765,8266.7601,1.6382,5.325,87.0205,86.3857,15.4662,143.6609,양품
9.5927,-0.0072,52.4138,0.034,-5194.0,68.2556,2.3733,-0.4258,15.85,114.1782,7.0251,0.0764,1.418,208.6448,2.005,8.9416,-0.0019,5.0486,0.621,10.4073,0.6881,2524.0,15.88,63.7718,3.6627,8.6173,1003.5557,0.0,0.6403,0.9242,14.63,40.8978,8.7726,10.7528,4.8862,4.0186,4.6911,-0.087,68.4894,0.0031,2.539,774.1935,15.585,8409.67,2.0131,5.4483,86.9601,92.072,39.2062,146.8164,양품
1.8182,-0.0068,39.7059,0.0216,-5742.25,66.3778,2.7292,-0.5204,15.87,212.8855,5.5382,0.0839,1.078,268.4416,2.0143,8.5266,0.027,5.5506,0.6897,18.1818,0.6802,2704.25,15.91,,4.8209,9.3289,1005.7904,0.0,2.199,0.9364,16.37,21.2202,10.5607,8.4732,4.4504,5.0858,4.6771,0.0276,275.55,0.0042,2.571,589.4737,23.2779,9714.22,1.3741,4.6842,86.924,84.8399,14.4055,146.2909,양품
22.6936,-0.0083,65.1584,0.069,-6253.5,69.9333,2.8248,0.5204,15.75,305.5121,5.3561,0.0618,1.002,221.6221,1.8887,8.531,0.0547,4.8217,0.698,17.3064,0.5738,3026.5,15.78,5.4399,4.5758,11.3131,1002.1998,0.0,,0.9354,13.93,16.7504,10.9023,7.123,4.6238,9.1891,4.6871,-0.0321,16.3923,0.003,3.32,652.6316,24.0673,8783.7901,1.2465,5.3275,87.0242,84.3575,11.5759,152.3545,양품
19.1027,-0.0083,26.546,0.063,-5387.5,66.9778,2.8236,0.5204,15.75,187.3524,4.2466,0.0925,1.002,633.0427,1.9928,9.7484,0.0497,3.3303,0.698,20.8973,0.5738,2673.75,15.78,5.3498,4.3298,13.605,1002.1998,0.0,,0.925,14.05,23.9925,12.8245,3.6611,2.2688,6.9064,4.6134,-0.0421,57.3217,0.0041,3.32,758.9744,26.8797,8910.18,3.3783,6.0838,87.0605,85.564,,145.0818,불량
3.3055,-0.0085,50.6627,0.044,-5394.75,68.5889,1.2328,-0.4258,15.85,1762.2696,6.0876,0.0427,1.418,151.8275,2.043,8.9416,0.0406,5.5885,0.621,16.6945,0.6881,3556.0,15.88,7.1291,3.6449,7.2114,1003.5557,0.0,,0.9368,16.73,24.5479,11.4509,7.8375,4.1215,14.2375,4.6924,-0.0425,160.9461,0.0038,2.539,0.0,23.8805,8477.34,1.6461,4.6245,86.9601,92.072,,146.0227,양품
13.6809,-0.0088,74.7875,0.0234,-5033.0,66.4556,2.5686,0.5204,15.75,230.0918,7.4121,0.0781,1.002,288.5285,1.98,8.6211,0.0128,5.779,0.698,26.3191,0.5738,2398.75,15.78,60.5469,3.3105,9.1894,1002.1998,0.0,1.3073,0.9271,18.54,36.5909,18.0182,7.9564,2.5675,4.676,4.6195,-0.0427,59.499,0.0043,3.32,0.0,33.0758,8929.55,2.1187,5.5822,86.955,85.1817,,143.7136,불량
26.9136,-0.0089,70.4895,0.02,-6404.5,71.9778,5.6806,0.5204,15.75,289.3642,6.5545,0.1348,1.002,103.7642,1.889,9.4832,-0.0153,6.2409,0.698,13.0864,0.5738,3068.5,15.78,9.7843,5.2794,10.5565,1002.1998,0.0,0.9053,0.937,15.03,36.8275,9.858,6.9881,5.3099,4.2396,4.6697,-0.0452,15.6798,0.0047,3.32,525.3731,17.965,9130.64,1.3582,6.336,87.3382,84.87,,153.7873,양품
0.1427,-0.0062,82.5911,0.0298,-5407.75,69.2778,2.1964,0.4258,15.67,248.1711,4.5201,0.0724,1.39,459.0014,1.9992,8.9546,0.0786,4.2906,0.752,19.8573,0.706,2551.25,15.7,10.5277,4.4747,8.9565,1006.3928,0.0,2.104,0.9337,20.0,19.3861,14.8618,10.5904,4.2632,13.7105,4.5319,-0.0225,0.0,0.0056,2.634,405.4795,28.8518,8679.49,2.6434,5.5783,86.9821,85.5528,,146.6027,양품
14.75,-0.0081,105.4264,0.0298,-6390.0,68.2333,3.4745,-0.2838,15.82,322.8679,6.106,0.0775,1.092,269.6294,1.8872,8.531,-0.0027,5.6106,0.758,25.25,0.6774,2959.5,15.88,9.3158,4.3967,12.9393,1003.854,0.0,,0.9354,17.75,70.2619,10.0455,7.2011,4.2462,9.9885,4.671,-0.0712,32.9492,0.0072,2.544,0.0,32.5387,8697.5999,1.6169,5.1471,87.0242,84.3575,,157.0809,불량
8.0955,-0.0106,33.8425,0.0799,-6383.75,67.4667,3.347,0.5204,15.75,276.5362,5.9448,0.0768,1.002,146.0762,1.8925,9.5713,0.0751,5.7015,0.698,11.9045,0.5738,3064.25,15.78,19.7945,2.8162,10.4274,1002.1998,0.0,,0.936,8.77,46.4202,4.4283,4.935,4.2017,6.9474,4.6798,-0.0713,66.9512,0.0049,3.32,780.6061,14.1135,8701.1101,1.6847,5.1641,86.8261,85.6608,,147.2491,불량
0.8873,-0.005,60.3015,0.0521,-6280.75,70.0778,2.3295,0.8042,15.88,353.9444,6.7706,0.0527,1.38,379.831,1.8598,8.4092,0.0437,6.5754,0.6518,19.1127,0.6809,3009.0,15.91,,4.1383,10.0368,1003.5673,0.0,0.5624,0.9364,15.91,47.8395,11.9155,6.7865,4.4513,3.9097,4.6771,0.0608,494.7746,0.0059,2.521,0.0,24.7257,9223.0399,1.4342,5.1953,86.7481,85.2626,,146.0464,양품
1.77,-0.0092,53.406,0.0316,-5624.25,69.1333,1.3823,0.2838,15.82,218.4268,5.6249,0.0439,1.314,903.8847,2.003,8.7219,0.0529,5.1168,0.6421,18.23,0.6971,2690.25,15.17,5.7721,5.6413,12.7912,1003.1956,0.0,,0.9247,12.91,19.7666,11.8157,9.9102,4.8358,3.7064,4.6104,-0.002,225.4237,0.0053,2.441,0.0,25.7166,8842.62,1.3172,3.3525,86.5265,85.2764,,148.6609,양품
21.1082,-0.01,47.9401,0.0619,-6266.25,66.4,2.8038,0.0,15.73,318.0508,6.6207,0.0649,1.12,272.2981,1.8815,8.6211,0.0569,6.1591,0.7931,18.8918,0.5563,3053.5,15.74,12.0817,4.8193,14.9546,1001.6543,0.0,,0.9238,18.93,21.4177,15.7827,7.1245,4.6845,5.7399,4.6598,-0.0197,25.0614,0.0043,2.734,0.0,26.1855,7889.8701,1.5478,5.4951,86.955,85.1817,21.3087,150.5245,양품
4.6327,-0.0122,34.4615,0.0712,-5469.5,69.3222,3.6911,-0.0473,15.88,228.8442,5.6047,0.1266,1.239,149.199,1.9905,8.5266,0.0461,5.3184,0.6751,15.3673,0.668,2600.5,15.88,,4.1834,8.6992,1014.9178,0.0,1.288,0.9367,22.2,25.3517,10.8654,7.1375,4.2154,3.6741,4.7069,0.0296,148.2928,0.0054,2.56,0.0,22.1063,8862.0301,1.9982,5.4891,86.924,84.8399,15.5375,148.0627,양품
10.7709,-0.0101,43.4568,0.0532,-6308.75,65.5889,3.6439,-0.4258,15.85,229.3425,5.4104,0.0827,1.418,198.6125,1.881,8.5405,0.0314,5.2163,0.621,29.2291,0.6881,3053.0,15.88,39.6479,4.1166,7.7694,1003.5557,0.0,1.9849,0.937,10.52,29.2214,24.1964,5.8483,4.0002,8.6732,4.6697,-0.0358,58.5837,0.0059,2.539,0.0,35.7866,9150.46,1.907,4.7693,86.8378,85.1712,6.2864,158.5345,양품
4.4155,-0.0081,30.6748,0.0345,-6395.5,70.5667,2.9338,0.0473,15.77,247.2286,6.9078,0.0691,1.399,227.6803,1.895,8.828,0.0253,7.3214,0.8048,15.5845,0.5045,3051.0,15.81,,4.5347,12.5855,1001.4222,0.0,2.5758,0.936,17.44,53.2787,9.0382,7.5118,4.5837,4.5129,4.6798,0.037,108.4826,0.0052,2.749,0.0,19.0935,8745.1299,1.7047,4.5433,87.0137,86.4863,18.8809,148.6855,양품
4.4091,-0.007,71.1744,0.0149,-6326.25,67.2667,4.795,0.0,15.73,267.2307,5.9585,0.1155,1.12,222.6602,1.8962,8.531,-0.0118,6.0657,0.7931,15.5909,0.5563,3078.75,15.74,11.8231,4.9058,7.3265,1001.6543,0.0,3.5464,0.9363,17.17,33.1717,12.2082,7.6879,4.15,6.7011,4.6826,-0.0284,124.5155,0.0068,2.734,0.0,22.6131,9378.0802,1.9277,4.6357,87.0242,84.3575,26.7415,148.9318,양품
-10.37,-0.0117,44.3497,0.0505,-6439.0,68.4333,3.5702,-0.0473,15.88,177.9895,5.9763,0.0789,1.239,104.2913,1.8685,8.5177,0.0276,4.9975,0.6751,30.37,0.668,2988.25,15.88,,2.0458,9.0389,1014.9178,0.0,,0.9227,15.45,42.3395,28.0482,6.5088,4.8552,4.4544,4.6862,0.0693,82.5458,0.0114,2.56,933.3333,39.7257,9092.3101,2.3899,5.9375,87.0024,84.7297,,155.1273,양품
5.8091,-0.0086,48.6957,0.0378,,,,-0.0946,15.85,,5.3249,,1.569,,,8.7879,0.0063,4.7393,0.6955,34.1909,0.7024,,15.87,6.5334,,9.2258,1014.2967,0.0,1.9535,0.937,20.29,37.1025,35.8527,14.5949,4.4615,4.3589,4.6697,-0.0447,176.964,0.0041,2.584,780.9524,38.9877,8821.9001,3.5775,4.3783,86.7106,86.106,27.5994,149.1209,불량
2.0664,-0.0092,41.3605,0.033,-6316.5,69.9778,4.3526,0.2838,15.82,272.2956,5.7407,0.0956,1.314,148.4868,1.907,8.8505,0.0267,5.9463,0.6421,17.9336,0.6971,3054.25,15.17,3.9445,4.7158,11.7913,1003.1956,0.0,3.0411,0.9345,12.93,40.4009,8.608,5.3348,4.2969,7.1405,4.5557,-0.0284,289.8812,0.0036,2.441,281.0811,23.7087,8369.51,2.0973,5.2946,86.8482,86.8866,,147.6082,양품
-0.2173,-0.014,47.8571,0.0273,-6214.5,68.6556,4.3367,0.2838,15.82,304.2448,5.4296,0.0995,1.314,271.2889,1.8953,8.8505,0.0266,5.9109,0.6421,20.2173,0.6971,3036.25,15.17,4.9421,4.0783,10.642,1003.1956,0.0,1.1682,0.9345,19.73,57.534,15.769,5.8231,4.2604,3.1175,4.5557,-0.0394,0.0,0.0045,2.441,222.4599,23.8531,8407.8101,1.635,5.4222,86.8482,86.8866,,143.3836,양품
4.97,-0.0125,73.0924,0.0339,-6330.0,69.4778,3.3275,0.2838,15.82,275.9777,5.067,0.0793,1.314,351.4494,1.8962,8.8505,0.0254,4.9762,0.6421,15.03,0.6971,3114.5,15.17,4.7849,4.6058,13.2315,1003.1956,0.0,1.4243,0.9353,15.6,37.8084,13.2773,6.8116,4.1619,4.5134,4.5645,-0.0314,57.3441,0.0034,2.441,382.2222,22.1065,8840.98,1.0915,4.6498,86.8482,86.8866,,147.1164,양품
1.4036,-0.0058,84.1202,0.0257,-6224.75,68.8444,3.9635,0.8042,15.88,288.6047,6.5322,0.0972,1.38,202.6152,1.898,8.4092,-0.0012,5.8696,0.6518,18.5964,0.6809,3024.0,15.91,,3.9219,10.6396,1003.5673,0.0,0.7783,0.9378,10.53,24.2996,7.8294,6.9089,4.2907,2.7193,4.6615,0.0723,444.5596,0.0056,2.521,612.766,19.3468,8907.64,2.205,4.9656,86.7481,85.2626,20.9456,148.9345,양품
2.9536,-0.0108,18.6047,0.0237,-5504.25,69.7111,2.9881,0.0473,15.77,73.2911,5.4449,0.1032,1.399,443.6157,2.011,8.3754,0.0139,5.1086,0.8048,17.0464,0.5045,2780.25,15.81,4.2079,3.1559,9.4547,1001.4222,0.0,,0.937,20.16,22.8649,16.0027,6.5022,4.1127,4.0489,4.6697,-0.0316,162.5115,0.0033,2.749,0.0,23.7913,9136.8899,1.4007,5.5638,87.0578,84.9798,31.1505,147.6964,양품
-0.5691,-0.0072,76.6551,0.0156,-6420.25,68.7667,4.3334,0.6623,15.73,310.6835,8.067,0.0963,0.9271,193.9182,1.8688,9.2291,-0.0095,6.3942,0.7914,20.5691,0.5243,3018.25,15.76,,3.0538,6.467,1000.5764,0.0,1.3917,0.9359,20.84,46.5347,13.7409,9.2906,4.4661,3.3826,4.6694,0.0359,0.0,0.0079,2.76,0.0,25.2645,9064.1301,2.2228,5.6452,86.9273,84.742,23.0851,144.5645,양품
5.8727,-0.0067,97.0149,0.0251,-5300.5,67.7444,1.3389,0.2838,15.92,320.3441,6.397,0.0428,1.456,211.8246,1.998,8.5266,0.0106,5.7289,0.716,14.1273,0.7094,2760.5,15.87,,2.657,9.8112,1004.7456,0.0,3.0344,0.9217,19.56,19.7308,17.049,6.7208,4.4363,4.7116,4.7797,0.0509,91.4396,0.0041,2.565,0.0,19.1839,9171.5001,1.5218,6.3178,86.924,84.8399,15.4662,144.5355,양품
14.0673,-0.0108,23.2288,0.0423,-6124.75,66.3556,3.6974,0.0,15.73,135.5089,8.3024,0.1222,1.12,1019.5595,2.009,8.5952,0.0192,5.708,0.7931,25.9327,0.5563,2648.0,15.74,36.9386,2.1098,12.1401,1001.6543,0.0,,0.9271,19.9,38.6081,13.3482,7.4149,2.5443,6.0691,4.6195,-0.0365,66.4663,0.0042,2.734,512.5,33.4275,8740.31,3.0607,5.579,86.7997,85.3625,,149.4445,불량
-5.6018,-0.0026,247.343,0.03,-5558.25,66.9222,1.1296,0.0,15.73,124.4267,5.5076,0.0394,1.12,227.4209,1.9945,8.3324,0.071,4.9519,0.7931,25.6018,0.5563,2773.0,15.74,40.8202,3.8851,12.5894,1001.6543,0.0,0.7332,0.9334,27.45,27.4012,13.4373,12.9804,4.493,5.7121,4.523,-0.0359,202.4343,0.0054,2.734,471.5789,33.4591,8366.38,3.5849,4.6439,86.8346,85.1669,22.7436,138.4773,양품
2.0009,-0.0099,59.596,0.0413,-5750.5,69.7778,2.6252,-0.2365,15.87,267.485,6.296,0.0599,1.319,1639.0022,1.8967,8.7219,0.0528,6.1596,0.7527,17.9991,0.6689,3069.75,15.89,4.7659,5.8758,9.282,1003.8773,0.0,,0.9247,18.19,21.4993,11.3137,8.3664,4.9579,7.7429,4.6104,-0.0347,232.8941,0.0062,2.702,640.0,25.3399,8900.3898,1.7214,6.3767,86.5265,85.2764,,150.59,양품
20.81,-0.0107,37.4269,0.0251,-5307.75,66.0222,0.964,0.0,15.73,138.7972,5.1212,0.0314,1.12,308.2903,1.9943,8.6324,0.0139,4.3202,0.7931,19.19,0.5563,2675.0,15.74,108.754,3.1807,8.1065,1001.6543,0.0,1.3337,0.9354,22.29,19.4852,12.1,6.8859,4.3379,10.9632,4.6871,-0.0225,9.803,0.0029,2.734,0.0,25.7113,9175.52,0.75,5.9119,87.0354,85.0856,13.2824,157.4364,양품
-5.9045,-0.0119,11.8019,0.0272,-6367.0,67.3667,4.6643,0.2838,15.92,262.802,5.0939,0.115,1.456,175.3188,1.9023,9.2291,-0.0012,3.9564,0.716,25.9045,0.7094,3062.25,15.87,,4.8986,15.0515,1004.7456,0.0,1.863,0.9267,17.68,16.3975,21.1427,7.4026,2.7935,6.2047,4.5103,0.0343,202.0477,0.0059,2.565,400.0,34.578,8981.5801,3.5031,5.1232,86.9273,84.742,15.4662,144.8909,양품
-0.3264,-0.0126,19.802,0.0611,-5433.0,63.8111,1.7651,0.0,15.73,1815.0146,6.6857,0.058,1.12,305.9553,1.9888,9.5689,0.0462,6.4005,0.7931,20.3264,0.5563,3589.0,15.74,,4.8581,12.8292,1001.6543,0.0,1.6221,0.9367,20.79,33.2336,16.2636,6.7688,4.8442,3.6306,4.7069,0.0433,0.0,0.0098,2.734,0.0,27.218,8993.87,1.6523,5.643,86.3899,84.7228,17.607,146.2582,양품
4.3055,-0.0036,112.7148,0.0408,-5635.0,65.5556,2.2447,0.2838,15.92,191.3418,5.8235,0.0776,1.456,302.2074,2.0017,8.8513,0.0126,5.7152,0.716,15.6945,0.7094,2743.5,15.87,,3.5085,9.813,1004.7456,0.0,1.6821,0.9363,20.32,24.2918,8.7121,6.7919,4.3996,6.2869,4.6826,0.0179,144.7001,0.0052,2.565,735.1351,22.1809,9117.6301,1.8492,4.2245,87.0205,86.3857,15.4662,148.4036,양품
5.0809,-0.0084,53.4918,0.0499,-5222.5,66.8889,2.3586,0.2365,15.85,320.5718,5.876,0.0751,1.064,313.2161,2.0017,9.7484,0.0326,4.939,0.6755,34.9191,0.7275,2444.25,15.84,14.1084,3.7375,8.0652,1000.7826,0.0,1.2453,0.9341,21.17,21.525,21.1545,7.7068,4.1324,8.4171,4.5794,0.0109,77.742,0.0032,2.512,858.5366,45.2166,8980.1699,1.3223,5.8838,87.0605,85.564,20.5556,151.5964,불량
6.3364,-0.0119,22.6415,0.0592,-6310.5,70.1778,4.032,0.8042,15.88,212.0959,5.2134,0.0901,1.38,86.1414,1.9007,8.8513,0.0327,4.2968,0.6518,13.6636,0.6809,3093.0,15.91,,3.9899,8.3645,1003.5673,0.0,1.8523,0.9352,19.42,25.1131,11.6809,7.9478,4.4635,4.6662,4.5558,0.0198,86.0115,0.0083,2.521,0.0,20.4431,8815.3001,1.9063,4.8869,87.0205,86.3857,14.3483,147.4445,양품
3.1418,-0.0103,70.8738,0.0529,-6378.5,67.5222,5.1632,0.4258,15.67,211.1761,7.3221,0.1327,1.39,139.9536,1.9005,9.2291,0.0464,6.8309,0.752,16.8582,0.706,3137.0,15.7,,3.8506,7.0828,1006.3928,0.0,1.0875,0.9378,14.88,20.5892,7.673,7.5526,4.1944,4.4095,4.6615,0.0149,136.2269,0.0046,2.634,533.3333,21.5151,8914.2701,1.3055,4.817,86.9273,84.742,15.4662,146.2745,양품
22.1027,-0.0095,60.0791,0.0379,-6401.25,71.0,3.4292,0.2365,15.85,266.0644,5.8781,0.073,1.064,250.9746,1.889,9.4832,0.0029,5.7871,0.6755,17.8973,0.7275,3096.75,15.84,8.1756,4.2254,7.5919,1000.7826,0.0,,0.9309,19.29,59.3343,17.02,9.0706,4.1958,6.5836,4.6215,-0.0051,24.7028,0.0045,2.512,408.3333,25.0401,8545.05,2.0248,5.1344,87.3382,84.87,29.3034,146.5773,양품
-0.8891,-0.0129,44.9612,0.0321,-5307.5,67.9111,4.2743,-0.2365,15.87,331.9783,6.7978,0.1481,1.319,300.8494,2.04,9.0859,0.0255,5.7366,0.7527,20.8891,0.6689,2706.75,15.89,,4.712,8.4881,1003.8773,0.0,2.1313,0.9264,19.43,40.9767,9.5504,7.2098,2.7656,6.0573,4.5144,0.0183,0.0,0.0097,2.702,625.641,26.9872,9025.9701,4.3043,5.8813,86.9608,84.7872,18.1045,149.7373,양품
-6.8555,-0.0121,22.268,0.0159,-5436.0,60.1111,1.0813,0.6623,15.73,95.5349,6.0995,0.0351,0.9271,424.8333,2.0187,9.2328,0.0214,5.9891,0.7914,26.8555,0.5243,2603.75,15.76,,4.159,7.491,1000.5764,0.0092,1.9445,0.9242,19.76,37.6779,26.1591,8.707,5.1092,6.4508,4.6911,0.0287,74.9768,0.0072,2.76,384.8101,33.4081,9169.05,1.6488,6.3252,86.5146,86.0209,11.6889,146.8036,양품
2.1473,-0.0123,49.6945,0.0287,-5487.75,59.8889,0.596,0.6623,15.73,182.8923,8.0235,0.0187,0.9271,157.7073,2.015,9.2328,0.0146,6.3763,0.7914,17.8527,0.5243,2665.25,15.76,,4.0074,6.4888,1000.5764,0.0,1.2915,0.9242,18.86,33.9244,14.411,7.379,4.6097,2.5138,4.6911,0.0209,202.1169,0.0056,2.76,262.2951,23.7727,8938.57,1.176,6.2737,86.5146,86.0209,15.4662,142.0173,양품
-8.4836,-0.005,57.4257,0.0175,-6374.75,67.7,4.0716,0.2838,15.92,256.2252,6.6714,0.0858,1.456,194.9981,1.8753,8.5177,-0.0307,6.0212,0.716,28.4836,0.7094,3092.0,15.87,,3.1019,10.1535,1004.7456,0.0,,0.9227,22.49,24.9655,25.9427,7.8198,4.8837,6.9918,4.6862,0.0383,55.2829,0.0079,2.565,0.0,38.0547,9250.7101,1.2864,6.1523,87.0024,84.7297,30.5987,150.7473,양품
3.9382,-0.0063,94.6746,0.0308,-6363.0,67.2,2.9495,0.0,15.73,291.4893,4.6687,0.0738,1.12,175.8996,1.8873,8.4092,0.0221,3.8067,0.7931,16.0618,0.5563,2957.0,15.74,,4.0179,7.1759,1001.6543,0.0,1.1452,0.9378,11.12,39.3949,7.9793,9.42,4.412,4.8265,4.6615,0.0044,207.7101,0.0044,2.734,0.0,20.8163,9138.9701,2.0553,4.8197,86.7481,85.2626,15.4662,145.6545,양품
-0.2618,-0.0079,88.8889,0.0236,-5227.0,68.1667,2.5383,0.8042,15.88,247.0592,5.9945,0.0868,1.38,661.4101,1.977,9.0622,0.0189,5.6793,0.6518,20.2618,0.6809,2695.25,15.91,,3.6675,10.3197,1003.5673,0.0,1.2753,0.9319,12.08,48.4446,5.9227,9.9636,4.4821,15.1886,4.5183,0.0109,0.0,0.0079,2.521,414.8148,25.2206,9069.0399,1.7109,6.7358,87.0122,84.7529,15.4662,144.4509,양품
-2.7936,-0.0104,20.1198,0.057,-6457.75,68.5778,2.5078,0.0,15.73,227.3829,7.9424,0.0632,1.12,88.9771,1.9047,9.2291,0.0164,7.1525,0.7931,22.7936,0.5563,3086.5,15.74,,2.9164,10.3624,1001.6543,0.0,1.7221,0.9359,17.5,19.8184,10.84,6.298,4.0347,5.9309,4.6694,0.0537,250.2115,0.0052,2.734,482.1918,27.7028,9402.5899,2.3163,5.0313,86.9273,84.742,15.4662,146.5209,양품
9.8518,-0.0038,114.2857,0.03,-5775.0,70.0556,4.1654,0.0473,15.77,671.6748,5.8239,0.1364,1.399,514.3442,1.9938,8.6829,0.0324,5.7671,0.8048,30.1482,0.5045,3019.5,15.81,101.5971,4.1396,9.8316,1001.4222,0.0,1.7854,0.9354,18.57,41.7748,20.3227,8.7939,4.4921,5.0612,4.6726,-0.0476,63.4401,0.0056,2.749,0.0,36.0791,8363.73,2.0792,5.3782,86.9236,87.4809,,153.5209,양품
3.8936,-0.0126,72.8713,0.0493,-6295.75,67.4,1.2882,0.2365,15.85,278.3343,5.0725,0.0351,1.064,259.5514,1.898,8.8505,0.0013,4.5139,0.6755,16.1064,0.7275,3050.0,15.84,11.9924,4.3027,7.2788,1000.7826,0.0,2.1076,0.9345,19.23,31.3297,13.8836,8.294,4.2387,4.8816,4.5557,-0.0053,181.8352,0.0043,2.512,0.0,23.3059,8595.93,1.9247,5.3704,86.8482,86.8866,4.2725,148.3118,양품
-5.9236,-0.01,58.0726,0.044,-5319.25,67.3222,2.8806,0.7569,15.77,333.5306,4.7226,0.1058,1.182,295.2325,2.0097,8.5952,0.0227,4.2203,0.6848,25.9236,0.6739,2426.0,15.84,23.74,4.1591,9.0638,1003.5572,0.0,,0.9257,21.17,35.3569,19.6,3.7049,2.0843,8.208,4.6326,0.006,186.5408,0.0036,2.49,463.7681,33.1206,9274.0,3.069,7.0195,86.7997,85.3625,24.5842,141.6909,양품
4.0991,-0.0132,27.9509,0.0289,-5415.0,66.0111,4.5709,-0.2838,15.84,229.429,6.4426,0.1428,1.191,304.2707,2.0065,9.396,0.0061,5.255,0.6469,15.9009,0.6977,2631.5,15.81,3.9631,7.12,6.7187,1003.9712,0.0,0.8525,0.9245,16.29,31.3137,9.9493,8.1552,5.0097,3.9273,4.5251,-0.0815,85.8727,0.0046,2.507,0.0,18.3248,8959.12,1.1053,5.0843,87.241,84.5743,15.4662,145.3909,양품
6.3436,-0.013,54.6154,0.0674,-5467.5,68.8778,5.4853,0.4258,15.67,94.838,4.8829,0.1758,1.39,404.4638,1.9903,8.5266,0.0513,4.1727,0.752,13.6564,0.706,2621.25,15.7,,3.1941,8.1941,1006.3928,0.0,1.4603,0.9217,19.27,28.2655,14.9128,8.033,4.4995,3.7264,4.7797,0.0195,146.9189,0.0057,2.634,0.0,19.3697,8659.72,2.3781,4.6553,86.924,84.8399,20.4313,146.5218,양품
0.31,-0.009,62.0499,0.1251,-6261.75,69.1,5.3199,0.7569,15.77,399.1595,13.0958,0.1168,1.182,223.7013,1.8723,9.4043,0.0482,13.9776,0.6848,19.69,0.6739,2988.5,15.84,31.8153,3.6179,8.1035,1003.5572,0.0,1.0681,0.9363,19.65,118.7998,14.9264,7.9945,5.0389,3.9885,4.6826,-0.0182,0.0,0.004,2.49,737.5,24.8182,8439.69,4.8989,5.3109,86.8908,83.9167,29.994,144.6645,양품
28.5145,-0.0086,51.1628,0.0457,-6393.5,65.9111,1.7933,0.2365,15.85,208.6295,5.7813,0.0371,1.064,133.9714,1.8758,9.3998,0.0121,5.3046,0.6755,11.4855,0.7275,3131.25,15.84,24.838,15.6271,9.2069,1000.7826,0.0,0.9662,0.937,16.3,18.8543,10.8703,5.7595,4.0501,8.811,4.6697,-0.0184,15.1151,0.0042,2.512,747.8261,15.3918,8542.08,1.4384,5.9882,87.2029,85.482,51.0455,150.9482,불량
4.0209,-0.0111,27.991,0.0397,-5493.0,69.3556,2.6139,-0.2365,15.87,195.4465,6.7984,0.0805,1.319,378.8236,1.9962,8.5266,0.0197,6.4436,0.7527,15.9791,0.6689,2597.0,15.89,,3.1721,7.5742,1003.8773,0.0,,0.9367,15.0,35.5701,8.0228,7.002,4.4166,6.8435,4.7069,0.0683,150.2148,0.0064,2.702,755.5556,20.4872,8596.5699,2.4046,4.8019,86.924,84.8399,15.4662,148.0227,양품
3.2182,-0.0063,87.4751,0.0403,-6270.5,67.7667,3.0483,0.4258,15.67,244.2219,5.3185,0.0727,1.39,198.085,1.8855,8.4092,0.0379,4.1891,0.752,16.7818,0.706,2939.5,15.7,,4.1318,7.7866,1006.3928,0.0,1.555,0.929,15.26,33.5384,11.5027,10.5098,4.9489,5.0597,4.7637,0.033,199.8023,0.0041,2.634,0.0,22.5384,9133.63,2.114,5.585,86.7481,85.2626,12.0777,148.4273,양품
14.3891,-0.0105,45.6599,0.031,-6362.25,65.4889,1.5856,0.0473,15.77,306.8952,5.1885,0.0375,1.399,282.651,1.8798,9.5642,0.0012,4.7284,0.8048,25.6109,0.5045,3076.0,15.81,11.3228,4.7336,7.8339,1001.4222,0.0,1.0273,0.9293,17.29,26.8758,10.5628,8.2476,4.6566,7.0835,4.482,-0.0154,54.8332,0.005,2.749,0.0,31.7754,8607.08,2.6167,4.8472,86.4047,86.3239,12.3437,150.35,양품
6.2455,-0.0085,57.732,0.0277,-6408.75,67.4111,2.0305,0.2365,15.85,375.1999,4.9057,0.0447,1.064,65.5051,1.8923,8.8384,0.0152,4.1165,0.6755,13.7545,0.7275,3089.5,15.84,12.2953,4.747,7.8649,1000.7826,0.0,,0.9353,19.44,18.9777,12.8827,7.6103,4.5373,5.0709,4.5645,-0.021,40.8297,0.0025,2.512,353.9823,20.7886,8664.1799,0.9058,5.1706,87.0242,86.931,,144.3536,양품
3.7982,-0.005,83.3747,0.0364,-5120.0,71.2,2.069,0.2838,15.92,135.6085,6.2071,0.0684,1.456,94.9421,1.9497,9.1855,0.0097,5.8881,0.716,16.2018,0.7094,2651.5,15.87,,6.7416,10.0795,1004.7456,0.0,,0.9363,17.84,33.8641,17.65,4.822,4.2139,3.7025,4.6826,0.0113,129.7989,0.0064,2.565,0.0,22.3823,9248.9599,1.3561,4.989,86.3482,85.4465,15.4662,144.2273,불량
-1.9555,-0.0059,114.5263,0.0201,-6453.75,70.1889,6.9293,-0.2365,15.87,327.5997,6.114,0.1613,1.319,191.9659,1.8745,9.9964,-0.0002,4.8609,0.7527,21.9555,0.6689,3002.25,15.89,,3.7043,7.3634,1003.8773,0.0,,0.9266,17.45,20.3639,15.22,5.3164,2.5385,7.1548,4.5129,0.0307,520.0832,0.0041,2.702,324.3243,30.0288,8842.5401,2.9507,6.818,87.1886,84.5551,15.4662,147.0345,양품
-10.6036,-0.0089,56.4972,0.0176,-6402.75,65.5,2.1415,0.2838,15.82,274.2582,6.4455,0.0612,1.314,150.2628,1.8855,8.5405,-0.0058,4.8155,0.6421,30.6036,0.6971,3036.75,15.17,10.9695,4.1221,14.2942,1003.1956,0.1309,,0.9366,15.24,25.934,19.0246,6.3905,4.2148,6.8752,4.6801,-0.0309,82.6132,0.0025,2.441,0.0,37.0555,8954.8101,3.0355,5.184,86.8378,85.1712,,149.9591,양품
3.88,-0.01,58.7065,0.0381,-6279.5,67.0667,3.8284,0.7569,15.77,370.0111,5.9837,0.0814,1.182,274.8691,1.8885,8.8505,0.0058,4.9565,0.6848,16.12,0.6739,3100.75,15.84,10.0856,4.0258,9.5031,1003.5572,0.0,1.8799,0.9352,14.07,32.7596,11.889,5.1519,4.2888,4.6953,4.5558,-0.0892,143.0412,0.0049,2.49,928.0,20.9881,8908.7701,1.8683,5.8733,86.8482,86.8866,,147.5936,양품
5.7945,-0.0055,104.3478,0.0172,-5435.5,68.2889,1.9867,0.0,15.73,122.6414,6.0564,0.0682,1.12,308.3229,2.001,9.0695,-0.0119,4.4089,0.7931,14.2055,0.5563,2635.75,15.74,,4.3931,11.6817,1001.6543,0.0,0.8469,0.929,29.19,22.2557,14.3846,10.7378,4.6599,4.4354,4.7637,0.0244,89.9121,0.0057,2.734,537.3134,21.6882,8996.2401,1.7147,6.6776,86.6103,84.4995,15.4662,146.3236,양품
0.8018,-0.0122,41.8462,0.0634,-6253.5,70.4,4.4329,0.0,15.73,243.6615,6.8803,0.0956,1.12,195.374,1.8932,8.4092,0.0444,7.0949,0.7931,19.1982,0.5563,3059.25,15.74,,3.9773,7.1228,1001.6543,0.0,1.5278,0.9334,21.78,53.16,16.9446,10.3119,3.9534,5.6521,4.523,0.0455,0.0,0.0093,2.734,894.1176,26.1586,8670.5601,3.6828,5.5096,86.7481,85.2626,,142.9564,양품
10.8955,-0.0094,62.6826,0.0328,-5593.75,67.2111,1.6017,0.7569,15.77,207.1803,5.2501,0.0605,1.182,139.1818,2.0122,8.872,0.0241,5.0107,0.6848,29.1045,0.6739,2839.5,15.84,9.7689,2.6781,7.6372,1003.5572,0.0,1.4556,0.9337,19.16,52.3768,22.2982,4.027,4.3524,4.3312,4.615,0.0068,77.4635,0.0028,2.49,994.5946,37.5213,8183.7599,2.0492,5.4866,87.0389,84.533,,147.0709,양품
15.2791,-0.0096,64.9215,0.0346,-5384.75,67.5889,4.8066,0.7569,15.77,424.1748,5.3828,0.1556,1.182,320.684,1.9805,9.1757,0.0154,5.631,0.6848,24.7209,0.6739,2981.75,15.84,53.6752,2.9591,7.9566,1003.5572,0.0,1.3038,0.9266,14.73,27.6954,14.0218,4.7824,2.3436,10.9636,4.6391,-0.0118,73.041,0.0055,2.49,377.1429,31.1665,8552.8299,3.4798,5.966,86.9721,83.8879,32.8837,153.2345,양품
18.7173,-0.0087,64.0,0.0179,-6915.0,65.5444,5.7132,-0.2838,15.84,378.1493,5.5977,0.1224,1.191,865.315,1.8777,8.5788,0.0144,4.6632,0.6469,21.2827,0.6977,3069.25,15.81,28.1683,2.7462,7.8472,1003.9712,0.0,2.4779,0.925,10.85,21.2293,5.5664,4.0401,2.4612,6.8555,4.6134,-0.0324,60.6392,0.0057,2.507,943.5897,26.3457,8915.65,3.191,4.8372,86.8039,85.4451,21.2855,149.66,양품
3.3955,-0.0116,57.8209,0.0158,-5468.0,67.6333,6.1536,-0.0473,15.75,123.4082,6.6343,0.193,1.239,634.942,2.0118,8.6915,-0.0026,6.7646,0.6586,16.6045,0.6881,2774.25,15.76,4.3748,3.105,8.0898,998.4948,0.0,,0.9352,15.96,68.8599,10.3619,8.3064,4.5607,6.8737,4.5558,-0.0746,238.5542,0.0048,2.486,612.766,22.3699,9065.4199,2.1096,5.5973,86.8147,85.5573,17.8764,148.5364,양품
0.1227,-0.0093,51.4745,0.0262,-6391.5,67.6444,5.0285,0.2365,15.85,264.5808,5.6683,0.133,1.064,110.3343,1.8932,9.5713,0.0317,5.9822,0.6755,19.8773,0.7275,3028.5,15.84,8.4982,3.4001,7.5546,1000.7826,0.0,,0.936,15.57,48.6567,9.2136,6.7911,4.2354,6.0602,4.6798,-0.0086,0.0,0.0059,2.512,523.0769,25.02,9826.84,1.49,5.3367,86.8261,85.6608,,148.1809,양품
3.5336,-0.0099,68.8608,0.0429,-5047.75,68.0444,2.711,0.7569,15.77,75.9715,5.2265,0.0886,1.182,621.6909,1.9925,8.9416,0.0273,4.7443,0.6848,16.4664,0.6739,2575.5,15.84,48.2828,2.7923,6.611,1003.5572,0.0,,0.9242,14.79,41.6249,12.6317,8.9545,4.9223,8.9725,4.6911,0.0216,188.1914,0.0029,2.49,0.0,22.519,8922.61,2.4025,6.0533,86.9601,92.072,,148.12,양품
-5.3355,-0.0093,74.3935,0.0347,-5448.0,70.2,4.0484,-0.0473,15.75,1880.0471,4.4363,0.1338,1.239,133.1916,1.9965,8.536,0.0233,3.806,0.6586,25.3355,0.6881,3562.5,15.76,12.6974,3.7037,9.8032,998.4948,0.0,2.1387,0.9228,21.57,42.7752,13.3228,6.4209,2.4235,5.6449,4.5924,-0.099,199.4207,0.0117,2.486,721.9512,32.4414,8007.85,2.798,6.517,86.7687,85.5361,18.9263,145.2645,양품
1.4355,-0.0095,40.8912,0.0374,-5046.25,67.1111,2.4802,0.7569,15.77,152.9278,4.4244,0.0867,1.182,615.6051,1.9867,8.9416,0.0167,4.0194,0.6848,18.5645,0.6739,2600.75,15.84,25.8912,2.2351,8.0353,1003.5572,0.0,,0.9367,14.88,55.5463,13.0172,6.4942,4.2856,6.3172,4.7069,0.0053,429.1324,0.003,2.49,960.0,23.4114,8592.2599,1.6073,4.2668,86.9601,92.072,30.6027,147.5327,양품
7.3918,-0.0074,53.9629,0.0291,-4778.5,69.1111,2.7219,-0.2838,15.84,209.7848,6.5451,0.0821,1.191,1516.3695,1.9885,9.4043,0.0074,5.0935,0.6469,32.6082,0.6977,2887.5,15.81,3.7572,4.0514,7.8552,1003.9712,0.0,1.887,0.9271,9.11,39.5229,27.9109,5.6917,2.2401,5.726,4.6195,-0.0284,101.8694,0.0059,2.507,0.0,43.6071,8551.79,2.5429,5.0395,86.8908,83.9167,,149.4945,양품
4.8018,-0.0092,29.3878,0.0262,-6408.25,67.8778,2.8424,-0.2838,15.84,231.1839,5.5481,0.0621,1.191,426.3953,1.8908,8.5952,0.0132,4.2234,0.6469,15.1982,0.6977,3039.0,15.81,4.0595,3.8304,7.5447,1003.9712,0.0,,0.9242,15.9,23.5276,10.6737,7.0914,4.8495,6.4164,4.6911,-0.0039,137.8644,0.0029,2.507,0.0,20.4284,9240.9899,1.8838,6.3427,86.7997,85.3625,,146.8118,양품
-7.4155,-0.0111,39.5506,0.0177,-5631.75,69.1222,2.4472,0.4258,15.67,467.047,4.5221,0.0734,1.39,792.9117,2.0112,9.4043,0.0183,3.89,0.752,27.4155,0.706,2705.25,15.7,10.1117,3.0381,10.1574,1006.3928,0.0,2.2427,0.9257,20.57,42.8484,15.86,6.8584,2.9845,4.3502,4.6326,-0.0187,78.3499,0.0048,2.634,386.5169,35.2757,8343.72,1.7804,7.8517,86.8908,83.9167,18.0661,142.7527,양품
0.0945,-0.0063,48.0,0.0318,-6894.25,69.3111,4.3717,-0.2838,15.76,256.6598,8.6585,0.1062,1.347,927.6154,1.8998,8.5232,0.0058,7.1544,0.6834,19.9055,0.6808,3062.75,15.8,5.9919,3.8955,7.9191,1000.5914,0.0,1.1666,0.9338,13.71,19.4483,10.328,11.6053,3.992,6.5727,4.5389,-0.062,0.0,0.0071,2.481,533.3333,24.3127,8442.1401,3.2855,4.6077,86.6814,85.5983,12.9491,144.69,양품
8.9073,-0.0078,35.7827,0.0269,-6203.25,66.6556,2.0218,-0.2838,15.76,185.007,5.6626,0.0651,1.347,925.7366,2.0083,8.6527,0.0203,4.6316,0.6834,31.0927,0.6808,2841.75,15.8,39.4252,3.1505,9.6483,1000.5914,0.0,1.3198,0.9366,23.2,35.901,19.1182,7.6383,4.8346,5.7366,4.6801,-0.0672,96.9994,0.0053,2.481,0.0,37.0683,8329.73,2.3925,6.4225,86.9642,86.4465,,149.74,양품
5.0473,-0.0096,48.1046,0.0472,-4929.5,70.6444,1.3014,0.4258,15.67,103.6613,5.2693,0.0435,1.39,104.698,1.9483,9.1855,0.0183,3.7235,0.752,14.9527,0.706,2478.5,15.7,,5.5206,7.2777,1006.3928,0.0,1.4335,0.9242,20.83,31.9891,12.1605,8.3702,4.9203,4.3207,4.6911,0.0306,115.5079,0.0087,2.634,0.0,20.2979,8667.56,2.0308,5.655,86.3482,85.4465,15.4662,146.0409,불량
26.1536,-0.0075,45.2579,0.0285,-6250.25,64.7222,3.937,-0.2838,15.84,290.4771,5.4333,0.0838,1.191,105.1329,1.9108,9.2655,0.0107,4.6119,0.6469,13.8464,0.6977,3136.75,15.81,4.3501,5.7167,9.7532,1003.9712,0.0,1.7168,0.937,15.61,25.0982,15.4336,5.9061,4.1207,7.7496,4.6697,-0.0115,19.2325,0.0064,2.507,400.0,19.162,8566.7,1.603,5.7039,86.4804,85.5455,30.4867,150.2018,양품
-2.9973,-0.007,51.3369,0.0224,-6382.0,69.6889,2.5001,-0.2365,15.87,302.8183,6.4365,0.059,1.319,66.4078,1.8867,8.828,0.0245,5.5881,0.7527,22.9973,0.6689,3088.75,15.89,,4.1614,7.205,1003.8773,0.0,1.9571,0.9334,24.29,31.8737,16.74,11.557,4.3905,6.1033,4.523,0.026,252.2293,0.0037,2.702,0.0,29.8097,9285.6,2.3858,4.9833,87.0137,86.4863,13.4038,142.5455,양품
-5.6473,-0.0119,26.8344,0.0252,-5226.5,68.3,1.2363,0.2365,15.85,1779.4153,7.0767,0.0402,1.064,348.2131,2.0223,8.536,0.003,5.6811,0.6755,25.6473,0.7275,3436.75,15.84,9.7529,2.9283,8.2275,1000.7826,0.0,2.9274,0.9228,17.02,45.946,18.7736,5.1163,2.7632,6.4204,4.5924,-0.0023,233.9182,0.004,2.512,823.5294,32.7577,9839.3898,3.7851,4.9129,86.7687,85.5361,17.2918,140.8009,양품
-1.2182,-0.0064,54.3689,0.0342,-6411.75,69.0111,2.6286,-0.2365,15.87,223.7683,6.9059,0.0569,1.319,165.3227,1.8767,9.9964,0.0177,7.0208,0.7527,21.2182,0.6689,3073.75,15.89,,3.6226,6.5375,1003.8773,0.0,2.5151,0.9345,19.83,56.0161,11.6881,7.9443,4.3666,5.243,4.5557,0.056,440.0,0.0058,2.702,903.2258,26.3771,9258.0401,1.6502,5.3103,87.1886,84.5551,18.0932,148.3891,양품
1.2264,-0.0124,55.0607,0.0273,-5453.5,68.1889,4.2451,-0.2838,15.76,236.1742,5.0676,0.1344,1.347,336.3862,2.0213,9.7324,0.0272,5.2036,0.6834,18.7736,0.6808,2674.75,15.8,2.9043,3.2263,11.9853,1000.5914,0.0,,0.9352,15.71,73.7347,13.0818,7.8836,4.4291,11.173,4.5558,-0.0602,552.0385,0.0061,2.481,317.7305,23.7806,8469.9999,1.7993,4.8225,87.1381,85.3825,,148.1255,양품
2.8355,-0.0107,52.3977,0.0431,-6487.25,68.5556,3.7615,-0.2838,15.84,229.9109,6.2468,0.0875,1.191,273.4464,1.8855,9.4043,0.0189,4.8948,0.6469,17.1645,0.6977,2996.5,15.81,16.9566,2.6256,8.4855,1003.9712,0.0,1.3494,0.9242,17.16,26.1526,14.3136,7.7206,4.4831,3.5958,4.6911,-0.0235,172.1064,0.0031,2.507,708.5714,22.8296,8808.0001,1.4061,5.9961,86.8908,83.9167,19.6766,145.4464,양품
5.9073,-0.0047,85.7909,0.0316,-6465.0,68.3333,1.2339,-0.0473,15.75,289.3124,5.2126,0.0316,1.239,149.5393,1.8933,9.3335,0.0213,5.3542,0.6586,14.0927,0.6881,3087.5,15.76,5.2249,3.8049,8.6467,998.4948,0.0,1.2515,0.9327,10.74,33.5482,8.7619,5.3573,3.9132,5.5799,4.5454,-0.0627,76.5159,0.0155,2.486,0.0,19.9156,9077.78,1.2974,4.3622,86.8786,84.0746,,147.4936,양품
4.5027,-0.0057,54.0305,0.028,-5220.25,67.6778,2.5157,-0.2838,15.76,137.3132,4.6676,0.0871,1.347,292.6436,2.0088,8.6013,0.0171,4.0041,0.6834,15.4973,0.6808,2579.25,15.8,3.1091,2.3641,6.8065,1000.5914,0.0,2.2349,0.9368,19.2,17.4238,14.5309,6.5945,4.1266,5.7879,4.6924,-0.0493,77.5086,0.0053,2.481,0.0,22.3374,8764.0199,1.1592,4.9407,86.9247,84.9715,9.6101,144.2664,양품
3.2591,-0.012,49.3724,0.0264,-6400.25,65.6889,4.8186,-0.0473,15.75,296.8956,5.0992,0.1092,1.239,182.4653,1.898,8.5232,0.0087,4.7758,0.6586,16.7409,0.6881,3116.5,15.76,3.2382,4.567,7.7927,998.4948,0.0,1.4582,0.9361,22.54,33.0931,13.4527,6.2177,4.4586,14.1221,4.5539,-0.0616,159.5537,0.0064,2.486,453.012,25.2855,8260.2799,1.4932,5.4498,86.6814,85.5983,,147.4282,양품
4.1509,-0.0044,122.7273,0.0285,-5566.75,67.0556,2.0367,0.2365,15.85,262.1086,6.7113,0.0614,1.064,210.5823,2.006,9.0622,0.0253,5.3719,0.6755,15.8491,0.7275,2736.75,15.84,,1.7896,8.0335,1000.7826,0.0,2.2909,0.929,20.17,30.2383,13.5327,8.1441,4.3326,5.0601,4.7637,0.0314,118.0464,0.0059,2.512,435.2941,23.5582,8675.0299,1.5342,4.6556,87.0122,84.7529,30.8595,149.01,양품
4.4564,-0.0113,59.3577,0.0289,-5655.25,67.1889,2.7598,-0.0473,15.75,99.91,7.3424,0.0954,1.239,94.058,1.9845,8.5232,0.025,6.5285,0.6586,15.5436,0.6881,2737.0,15.76,5.3068,3.1255,7.1169,998.4948,0.0,1.6196,0.9327,13.18,40.5005,6.8781,7.7218,4.2097,11.5187,4.5454,-0.0872,115.5651,0.0368,2.486,666.6667,21.1288,8775.3101,1.5595,4.0764,86.6814,85.5983,,147.4991,양품
0.4591,-0.0052,86.9565,0.0342,-6501.5,67.7667,4.991,-0.2838,15.84,274.2669,6.0629,0.1066,1.191,143.6048,1.8662,8.5177,0.0393,5.1404,0.6469,19.5409,0.6977,2974.5,15.81,,1.9183,7.4847,1003.9712,0.0,1.3088,0.9327,17.14,53.898,11.6531,8.7742,5.1043,4.2411,4.5454,0.0312,0.0,0.0173,2.507,0.0,22.3321,8445.73,2.1641,5.53,87.0024,84.7297,28.4922,143.5936,양품
-1.0773,-0.0106,19.8582,0.0336,-5583.25,60.0667,0.5292,-0.2838,15.84,146.7205,5.0991,0.0164,1.191,119.0221,2.001,9.2328,0.0433,4.9319,0.6469,21.0773,0.6977,2618.25,15.81,,3.3296,9.0249,1003.9712,0.0,,0.9319,16.25,42.3249,4.4482,8.4249,4.2619,4.6703,4.5183,0.008,687.8443,0.0066,2.507,381.25,27.2848,8921.6401,2.3736,5.2102,86.5146,86.0209,11.0972,145.1736,양품
10.9955,-0.0077,64.6204,0.0306,-5633.25,67.4889,1.1566,-0.0473,15.75,233.637,5.4651,0.0372,1.239,337.2154,2.008,8.6013,0.0194,5.1298,0.6586,29.0045,0.6881,2782.25,15.76,7.1397,2.0744,10.4777,998.4948,0.0,1.2278,0.9337,23.96,27.2655,20.9055,12.3125,4.2611,9.4756,4.5304,-0.0533,97.7677,0.0051,2.486,0.0,37.4668,8783.23,3.4743,6.6916,86.9247,84.9715,,147.4318,불량
2.0064,-0.0144,20.8514,0.0127,-6572.75,67.0889,3.5457,-0.2365,15.85,273.7777,7.6674,0.0853,1.035,137.4224,1.882,9.396,-0.0163,7.2078,0.8117,17.9936,0.5609,3127.25,15.87,3.9715,3.8755,6.3295,1006.3086,0.0,,0.9245,17.97,31.107,11.3735,9.665,4.9293,5.3257,4.5251,-0.0389,191.8894,0.0058,2.746,333.3333,21.0027,8879.8398,1.3714,6.0693,87.241,84.5743,24.7583,146.8355,양품
18.4,-0.0101,26.7658,0.0257,-6271.0,67.8889,3.4506,0.2365,15.85,272.9151,5.9202,0.0793,1.064,140.4991,1.9018,8.5405,0.0175,4.7042,0.6755,21.6,0.7275,2996.0,15.84,5.8236,3.9771,6.6757,1000.7826,0.0,1.6675,0.9266,18.35,33.6777,7.43,5.6964,2.4992,8.9202,4.6391,-0.0073,45.5978,0.0046,2.512,0.0,27.6834,8724.4299,2.6131,6.6993,86.8378,85.1712,19.9079,148.2036,양품
0.3036,-0.0136,46.9294,0.0189,-6259.5,68.9444,2.6937,-0.2838,15.76,270.2029,7.2296,0.0643,1.347,191.9974,1.896,8.8513,-0.0081,6.0247,0.6834,19.6964,0.6808,3135.75,15.8,,3.4811,7.6517,1000.5914,0.0,1.1606,0.9334,22.14,44.6147,15.7254,8.4806,3.8876,6.8782,4.523,-0.0076,0.0,0.0058,2.481,217.7215,26.336,9386.5301,2.4632,5.3905,87.0205,86.3857,15.4662,142.3336,양품
22.7636,-0.0081,35.5828,0.0426,-6418.25,65.5778,4.1871,-0.2838,15.84,289.2454,6.2893,0.0871,1.191,161.6011,1.85,8.7879,0.0009,6.1918,0.6469,17.2364,0.6977,2853.25,15.81,5.3202,4.8797,7.8057,1003.9712,0.0,1.6949,0.9309,20.8,58.008,14.3073,12.1679,4.7783,5.2072,4.6215,-0.0268,29.8722,0.0043,2.507,588.5057,23.9934,8526.3801,2.0553,4.3414,86.7106,86.106,,145.3745,양품
6.1527,-0.0129,54.8792,0.0183,-5487.25,68.6111,3.3611,-0.2365,15.85,193.55,5.7298,0.1299,1.035,309.1713,2.0015,8.6915,-0.0091,5.5372,0.8117,13.8473,0.5609,2673.25,15.87,6.1341,2.915,8.1393,1006.3086,0.0,2.1805,0.9353,20.79,20.4625,13.4136,7.1447,4.2041,2.6252,4.5645,-0.0446,53.9598,0.0049,2.746,506.6667,17.735,9154.17,0.999,4.6554,86.8147,85.5573,11.841,147.0373,양품
20.2627,-0.0083,41.9162,0.0688,-6282.5,67.3667,1.4418,0.2365,15.85,226.8794,6.5968,0.0332,1.064,135.3551,1.888,8.5405,0.061,5.1998,0.6755,19.7373,0.7275,3011.75,15.84,8.4958,3.8595,6.7365,1000.7826,0.0,1.0141,0.9238,19.04,19.0634,16.28,6.9416,4.3468,8.0131,4.6598,-0.0078,31.5357,0.0031,2.512,0.0,27.0685,9088.3399,1.7837,5.4641,86.8378,85.1712,20.824,150.0045,양품
-3.09,-0.0131,46.5649,0.0228,-5595.75,67.2444,3.8606,-0.2838,15.84,112.8461,6.9241,0.1384,1.191,365.0766,1.9627,8.536,0.0034,6.0557,0.6469,23.09,0.6977,2789.25,15.81,2.7931,2.9742,10.225,1003.9712,0.0,,0.9378,15.22,40.0505,14.76,6.3838,4.727,4.5813,4.6615,-0.0791,210.6796,0.0036,2.507,727.2727,28.9236,9638.6801,1.8189,5.78,86.7687,85.5361,11.2698,144.9355,양품
1.9855,-0.0122,39.3443,0.0169,-5349.75,68.3889,0.7546,-0.2365,15.85,172.6683,6.5415,0.0236,1.035,111.9565,2.0025,8.659,-0.0086,6.0258,0.8117,18.0145,0.5609,2643.5,15.87,5.0789,1.9009,7.1758,1006.3086,0.0,2.709,0.9251,18.42,21.4255,9.6596,10.6145,5.3116,7.0181,4.5155,-0.0284,278.5256,0.0048,2.746,0.0,23.2014,9044.98,1.8445,9.2204,86.8196,85.5265,,147.4764,양품
8.3018,-0.0098,37.8517,0.0151,-5679.0,68.1778,2.9401,-0.2365,15.85,192.203,5.0896,0.0908,1.035,216.7825,2.022,8.6915,-0.0022,4.5415,0.8117,11.6982,0.5609,2707.0,15.87,6.1961,3.3735,6.3185,1006.3086,0.0,2.8371,0.9353,18.7,11.4737,12.7463,5.4137,4.1319,5.8283,4.5645,-0.0731,42.1594,0.0059,2.746,930.2326,18.2879,7997.7001,1.2565,3.8818,86.8147,85.5573,20.8165,147.3855,양품
2.9964,-0.0113,51.4412,0.0164,-6449.25,59.4,4.3271,-0.0473,15.75,288.552,6.3363,0.1034,1.239,189.2219,1.8815,9.2328,-0.018,4.9952,0.6586,17.0036,0.6881,3012.25,15.76,,4.2088,7.3369,998.4948,0.0,1.1252,0.936,15.9,59.9365,8.4209,5.0422,3.7529,4.3328,4.6798,-0.0062,182.5546,0.0063,2.486,727.2727,22.4415,9055.2501,1.7222,4.6433,86.5146,86.0209,15.4662,145.8655,양품
4.5645,-0.0072,64.1115,0.0516,-5469.75,66.3,2.9222,-0.2365,15.85,134.5619,5.5445,0.0997,1.035,425.2383,1.974,8.5232,0.0208,4.375,0.8117,15.4355,0.5609,2575.75,15.87,11.5146,3.7707,7.4314,1006.3086,0.0,1.7992,0.9217,24.67,28.9574,16.309,9.0013,4.4017,8.1722,4.7797,-0.0798,86.9747,0.0054,2.746,636.3636,23.2908,8148.91,1.1538,6.2632,86.6814,85.5983,,147.4509,양품
1.14,-0.0131,58.891,0.0165,-5532.25,67.2778,4.0669,-0.2365,15.85,151.8706,5.426,0.1234,1.035,317.8568,1.9812,8.6439,0.0012,5.1661,0.8117,18.86,0.5609,2743.0,15.87,4.4458,2.0809,6.0355,1006.3086,0.0,1.2705,0.9247,21.59,28.4808,15.3046,10.5908,4.5776,5.524,4.6104,-0.0427,355.2632,0.007,2.746,714.2857,26.5409,7539.29,1.3531,4.7341,86.7383,84.2999,25.3671,147.9009,양품
8.8173,-0.0077,62.439,0.0195,-6554.75,69.6222,3.53,0.7096,15.84,299.5268,6.1079,0.0752,1.191,111.8552,1.8817,8.7851,0.0151,6.1107,0.8387,11.1827,0.5071,2860.5,15.84,7.1789,3.7344,8.4651,1007.3587,0.0,1.4577,0.925,15.4,13.0939,5.3852,11.9966,5.3605,8.7428,4.5376,-0.0591,56.5935,0.0065,2.819,279.2453,14.5322,9156.9701,1.4964,5.7244,86.585,85.8823,15.4662,145.3773,양품
2.4345,-0.0127,20.4122,0.0169,-6489.25,66.1667,5.5864,-0.2365,15.85,236.3364,5.6802,0.1342,1.035,215.84,1.8862,9.396,-0.0146,4.2651,0.8117,17.5655,0.5609,3075.75,15.87,3.9378,4.534,7.9251,1006.3086,0.0,,0.9245,29.22,36.3272,13.17,8.3634,5.2351,4.0485,4.5251,-0.0829,245.6311,0.0064,2.746,181.0219,22.364,9318.6301,1.6174,5.9357,87.241,84.5743,21.2296,143.2645,양품
-28.9882,-0.0049,174.8072,0.0362,-5563.5,65.3667,0.8208,-0.0473,15.75,196.5288,4.9531,0.0276,1.239,197.3719,1.9992,9.043,0.0235,4.5631,0.6586,48.9882,0.6881,2601.75,15.76,,5.2014,7.0485,998.4948,0.0,,0.934,19.33,39.3922,33.4336,8.0817,4.5118,6.0188,4.5497,0.0369,31.2541,0.0118,2.486,606.8966,62.8378,8618.8501,2.5246,5.6391,86.5358,86.1197,15.4662,147.7036,양품
6.6,-0.009,44.3213,0.0151,-6506.75,68.9444,1.6829,0.7096,15.84,218.9633,6.9622,0.039,1.191,154.8211,1.8887,8.7851,0.0028,6.4676,0.8387,13.4,0.5071,2857.25,15.84,4.6859,4.4964,8.3535,1007.3587,0.0,1.119,0.925,19.38,12.0276,7.7057,9.0127,5.0501,5.2891,4.5376,-0.0589,64.5455,0.0046,2.819,281.3793,17.1233,8570.35,1.2754,5.4145,86.585,85.8823,14.1736,148.6073,양품
25.2736,-0.011,45.3515,0.03,-5142.25,68.8,3.6408,0.7096,15.84,117.0224,5.3532,0.1079,1.191,299.7448,1.9792,9.1757,-0.0047,5.0571,0.8387,14.7264,0.5071,2577.75,15.84,13.9578,2.4709,6.2079,1007.3587,0.0,1.5667,0.9195,19.63,26.5863,13.4263,9.5783,4.8813,8.1065,4.6173,-0.0301,16.7368,0.0042,2.819,574.359,21.2359,8371.9201,1.09,5.5888,86.9721,83.8879,22.2544,154.5673,양품
-5.7182,-0.0135,49.0251,0.0144,-5282.75,71.2333,1.8245,-0.2365,15.85,188.4277,4.4785,0.0568,1.035,226.9249,1.9572,9.1855,-0.0139,5.0338,0.8117,25.7182,0.5609,2627.5,15.87,,4.6327,11.0801,1006.3086,0.0,1.2101,0.9366,17.81,33.5223,20.0191,8.5489,4.7254,6.748,4.6801,0.0122,107.9014,0.0072,2.746,465.6716,31.4501,8552.3599,1.8397,5.8194,86.3482,85.4465,15.4662,145.5245,불량
-1.4345,-0.0127,31.4342,0.0142,-6047.0,70.0556,2.2448,-0.9461,15.88,290.6424,5.2483,0.0776,1.343,1064.3436,2.0313,8.4421,0.0262,4.9174,0.8244,21.4345,0.4947,2653.5,15.87,5.6326,3.2831,8.0655,1008.0704,0.0,0.9226,0.9211,26.86,14.3084,19.181,8.6677,5.0456,5.299,4.4571,-0.0687,354.1191,0.0053,2.768,640.0,30.0664,8925.6302,1.7799,6.7551,86.8508,85.2296,,144.5545,양품
-0.3327,-0.0126,73.6634,0.0173,-6336.0,69.5889,2.7377,-0.9461,15.88,323.1455,5.5199,0.064,1.343,182.3184,1.892,8.8384,0.0172,4.9736,0.8244,20.3327,0.4947,3128.5,15.87,6.4895,3.4488,5.9071,1008.0704,0.0,,0.9202,10.13,15.6221,4.4578,7.7899,4.9545,5.0396,4.4784,-0.0708,0.0,0.0042,2.768,0.0,24.1854,8476.7,1.7026,4.455,87.0242,86.931,19.6943,151.7991,양품
0.5682,-0.0122,36.7722,0.0183,-5932.0,67.8222,5.6645,-0.9461,15.88,240.5196,5.931,0.1828,1.343,930.5085,2.0377,8.7994,0.0008,6.0179,0.8244,19.4318,0.4947,2641.5,15.87,7.7636,3.5387,8.2483,1008.0704,0.0,,0.9251,19.68,10.8607,10.611,9.9092,5.223,7.684,4.5155,-0.0452,0.0,0.0127,2.768,776.1194,24.9899,8785.2899,2.1294,5.9412,86.7297,84.6614,,145.6264,양품
2.9518,-0.0118,42.4178,0.0194,-5427.75,65.7111,1.954,-0.9461,15.88,271.2973,6.778,0.0666,1.343,363.3349,1.986,8.7994,0.0013,5.9578,0.8244,17.0482,0.4947,2765.75,15.87,3.7925,2.2827,6.0246,1008.0704,0.0,1.956,0.9251,19.86,13.4574,9.9015,6.929,4.971,4.8857,4.5155,-0.0754,218.1706,0.0047,2.768,0.0,22.1675,8588.1999,1.892,5.245,86.7297,84.6614,,146.3445,양품
7.7727,-0.0099,73.0964,0.0164,-6467.25,68.7667,3.2825,-0.8042,15.85,262.9132,5.0532,0.0739,1.078,89.3882,1.8962,8.7851,-0.0016,3.8458,0.8258,12.2273,0.5542,2963.0,15.87,3.8355,3.6355,10.9552,1006.6387,0.0,0.7282,0.9266,11.38,20.5521,3.6036,8.5163,5.2237,9.7235,4.5325,-0.042,92.5029,0.0043,2.791,571.4286,15.6295,8798.21,1.8525,4.5768,86.585,85.8823,30.5403,146.86,양품
2.75,-0.0088,70.4545,0.022,-6313.25,66.5333,2.1616,-0.9461,15.88,294.5522,6.0275,0.0475,1.343,186.0096,1.8935,8.6439,0.0233,5.2305,0.8244,17.25,0.4947,3079.5,15.87,3.7442,4.2084,8.1382,1008.0704,0.0,0.3862,0.9248,23.12,30.8757,17.1627,9.9344,5.5332,3.8384,4.5282,-0.0753,215.2727,0.0036,2.768,618.1818,23.7232,8653.9501,1.7662,5.1176,86.7383,84.2999,,149.0218,양품
15.81,-0.0102,66.6667,0.0368,-5471.25,67.9556,1.5173,-0.9461,15.88,162.6653,5.2089,0.0472,1.343,124.189,1.9777,8.6527,0.0662,4.8008,0.8244,24.19,0.4947,2711.0,15.87,4.0554,4.8561,6.2149,1008.0704,0.0,1.4791,0.9354,16.34,43.942,18.7563,4.0863,4.4139,5.8984,4.6726,-0.0543,40.4175,0.0095,2.768,669.3878,29.5935,8953.71,1.891,6.2558,86.9642,86.4465,,151.3973,양품
3.4882,-0.0144,18.7013,0.0119,-5493.25,70.9556,4.8194,-0.8042,15.85,212.7367,6.9314,0.1479,1.078,368.329,1.985,8.7897,0.0214,6.5962,0.8258,16.5118,0.5542,2436.25,15.87,4.8413,2.2549,11.4336,1006.6387,0.014,,0.928,24.79,26.0626,16.4128,9.2942,4.9422,4.7036,4.5337,-0.0515,104.0657,0.0043,2.791,164.1026,23.4389,8466.0,1.2292,4.6592,86.7752,86.3849,,150.31,양품
1.2673,-0.0062,37.0221,0.0281,-6374.75,68.6556,2.3149,-0.8042,15.85,277.6341,4.8083,0.0526,1.078,193.0188,1.8958,9.3335,0.0663,3.9787,0.8258,18.7327,0.5542,3052.0,15.87,6.036,3.6414,10.0405,1006.6387,0.0,3.5113,0.9337,26.81,28.821,17.2427,8.4927,4.3801,2.5672,4.5319,-0.031,342.4677,0.0067,2.791,0.0,25.3075,8492.84,1.53,5.9822,86.8786,84.0746,,144.9064,양품
4.7864,-0.0078,55.04,0.0253,-6381.5,66.7,3.002,-0.8042,15.85,199.6904,5.2236,0.0683,1.078,229.7542,1.8905,9.043,0.0495,3.6295,0.8258,15.2136,0.5542,3043.25,15.87,,5.2474,10.4828,1006.6387,0.0,1.4929,0.9242,20.18,50.1532,12.6318,7.5465,4.9073,3.9746,4.6911,0.0105,153.3523,0.0046,2.791,0.0,20.9566,8431.02,2.0011,5.8081,86.5358,86.1197,13.4535,144.4155,양품
14.7345,-0.009,68.0614,0.023,-5313.5,69.6556,2.863,-0.8042,15.85,173.2378,6.2457,0.1011,1.078,213.6438,2.0235,9.4043,0.005,5.5414,0.8258,25.2655,0.5542,2721.0,15.87,3.4814,4.7376,8.6212,1006.6387,0.0,,0.9227,24.42,37.029,25.8046,7.9464,4.6411,5.0284,4.6862,-0.0722,23.8216,0.0033,2.791,994.5946,34.3528,8220.8,1.1628,5.9926,86.8908,83.9167,,146.1682,양품
-8.3955,-0.0069,59.2058,0.0392,-5474.25,59.9778,3.7591,-0.8042,15.85,444.3625,7.7567,0.1306,1.078,424.0923,2.0275,9.2328,0.0622,6.3857,0.8258,28.3955,0.5542,2997.0,15.87,,3.3346,10.2077,1006.6387,0.0,0.9261,0.9366,19.07,26.7274,21.3864,7.7469,4.2672,6.2134,4.6801,0.0093,110.6551,0.0049,2.791,426.6667,35.1195,8861.67,2.8432,5.8256,86.5146,86.0209,15.4662,146.94,양품
1.2209,-0.011,33.7514,0.0224,-5587.25,68.7111,2.4817,1.088,15.73,298.3771,4.7162,0.0803,0.9413,308.7398,2.0122,8.7219,0.0203,3.9773,0.8361,18.7791,0.5406,2637.25,15.79,3.6041,4.9483,9.4535,1004.3856,0.0,1.3676,0.9265,16.12,16.4686,9.2384,8.4617,5.5625,9.3285,4.5187,-0.0166,904.2442,0.0043,2.773,842.8571,24.3568,8999.8701,2.868,5.9239,86.5265,85.2764,25.6878,148.7918,양품
1.0345,-0.0123,35.6636,0.0184,-5421.5,67.5111,1.5407,1.088,15.73,203.6361,6.0188,0.0507,0.9413,111.2669,1.9963,8.6439,-0.0081,5.9079,0.8361,18.9655,0.5406,2631.5,15.79,4.0245,4.1475,8.3871,1004.3856,0.0,1.8636,0.9243,12.19,26.358,6.1447,11.2103,5.4206,4.9982,4.5027,-0.0281,801.3188,0.0046,2.773,389.916,23.0824,8641.0399,2.318,3.724,86.7383,84.2999,,150.0527,양품
1.0636,-0.0109,35.6979,0.0144,-6256.5,69.8222,3.5578,1.088,15.73,259.5051,6.1948,0.0875,0.9413,179.4594,1.889,8.5987,0.026,5.1134,0.8361,18.9364,0.5406,3016.75,15.79,4.4181,3.867,6.0066,1004.3856,0.0,2.6268,0.9202,14.08,16.589,6.5935,8.6654,4.4584,7.3977,4.4784,-0.032,475.7265,0.0039,2.773,0.0,22.5764,8138.85,1.3336,5.2864,86.7807,85.1059,21.0412,150.9927,양품
1.6173,-0.013,36.0153,0.0233,-6370.75,70.0444,4.1178,1.088,15.73,237.7246,6.7145,0.1017,0.9413,91.7183,1.9007,8.4421,0.0198,5.1402,0.8361,18.3827,0.5406,3137.5,15.79,5.7469,2.5698,6.0511,1004.3856,0.0,1.7575,0.9202,14.04,16.3063,7.7574,7.0534,4.751,4.0842,4.4784,-0.0925,299.8876,0.0027,2.773,168.4211,22.992,8669.0599,1.407,5.227,86.8508,85.2296,10.7758,149.6009,양품
2.4173,-0.0111,40.4949,0.0142,-5311.5,70.3889,1.3587,1.088,15.73,1712.782,4.6886,0.0434,0.9413,219.3392,1.9535,8.5987,-0.0101,4.6712,0.8361,17.5827,0.5406,3386.5,15.79,4.8934,1.7048,8.5539,1004.3856,0.0,,0.9247,27.32,17.8167,13.9918,6.8514,4.6732,7.1468,4.6104,-0.0205,255.66,0.0048,2.773,320.0,26.1512,8825.4101,1.6383,5.6368,86.7807,85.1059,,148.1791,불량
-7.1564,-0.0089,62.7451,0.018,-6264.0,69.2444,5.3038,0.0,15.73,187.6564,4.9289,0.1151,1.248,296.9994,1.8932,8.8505,-0.0002,5.1591,0.8217,27.1564,0.5494,3035.75,15.8,3.4174,4.7657,6.5042,1003.61,0.0,1.4501,0.9352,11.45,35.3398,18.9336,5.9176,4.2797,7.9407,4.5558,-0.0197,71.2652,0.0076,2.792,0.0,33.0615,8511.4601,1.6102,4.4892,86.8482,86.8866,,152.5055,양품
0.6991,-0.0095,84.9279,0.0237,-4750.75,66.4,4.3068,0.0,15.82,158.2032,6.9408,0.1314,1.196,610.7729,1.992,8.6915,0.0113,4.4631,0.8203,19.3009,0.5374,2713.25,15.83,3.2924,3.012,6.8827,1001.2553,0.0,,0.9202,14.68,14.7554,5.9553,7.9976,4.9135,6.0266,4.4784,-0.0297,0.0,0.008,2.813,742.8571,23.2216,9131.0599,2.7133,5.4545,86.8147,85.5573,21.4355,152.9882,양품
2.5964,-0.0076,66.9951,0.0222,-5879.75,68.9333,2.8284,0.0,15.73,336.6408,4.6901,0.0922,1.248,547.6218,1.9888,8.659,0.0012,4.2176,0.8217,17.4036,0.5494,2785.5,15.8,3.0271,2.176,6.0865,1003.61,0.0,1.5436,0.9247,19.6,30.4959,10.7955,15.0743,4.8248,6.0507,4.6104,-0.048,645.5182,0.0057,2.792,718.6441,25.0576,8455.9102,4.5975,5.1921,86.8196,85.5265,,148.9091,양품
-0.4091,-0.0075,44.1472,0.0217,-5433.25,68.2333,4.4784,0.0,15.73,358.4582,5.9835,0.1593,1.248,123.915,2.025,8.4421,0.0095,5.0571,0.8217,20.4091,0.5494,2908.25,15.8,4.5664,3.957,7.9207,1003.61,0.0,0.5912,0.9202,11.94,10.4423,10.9205,8.7683,4.7739,7.7667,4.4784,-0.0484,0.0,0.0039,2.792,328.4211,25.9181,8738.93,2.0545,6.6968,86.8508,85.2296,12.6444,146.9091,양품
-5.0245,-0.003,113.3333,0.0309,-6443.5,62.9778,4.3333,1.088,15.73,255.3468,6.2162,0.0971,0.9413,157.333,1.882,9.5689,-0.0054,4.8647,0.8361,25.0245,0.5406,3022.0,15.79,,3.9697,7.0238,1004.3856,0.0,1.0887,0.9293,11.37,23.7039,8.8157,7.9218,4.3912,8.7115,4.482,0.0446,129.1659,0.0064,2.773,0.0,32.3293,9030.3202,1.9975,5.8501,86.3899,84.7228,13.6847,143.2591,양품
-0.7236,-0.0074,47.2973,0.0194,-5468.75,69.9111,2.1704,0.0,15.82,209.9603,5.376,0.0745,1.196,269.099,2.0068,8.7897,0.0019,5.2097,0.8203,20.7236,0.5374,2548.0,15.83,33.599,2.4317,5.6194,1001.2553,0.0,1.6766,0.9248,20.55,25.3319,17.1709,8.5093,5.1841,7.7214,4.5036,-0.0606,865.0754,0.0048,2.813,0.0,29.1042,9379.4399,1.679,6.1623,86.7752,86.3849,13.6166,144.6627,양품
1.9482,-0.0072,91.9861,0.0381,-5410.5,69.0111,4.2787,0.0,15.73,176.7182,5.8213,0.1304,1.248,373.2921,1.9875,8.5687,0.0324,4.7972,0.8217,38.0518,0.5494,2689.0,15.8,3.6093,2.0287,7.8206,1003.61,0.0,1.799,0.9331,23.83,20.7031,16.3328,13.4643,4.685,9.1675,4.5634,-0.029,684.2277,0.0048,2.792,0.0,45.3921,8738.47,3.7717,6.3799,87.032,86.4541,32.3747,147.5873,불량
1.3255,-0.0092,51.296,0.0115,-6375.75,66.8222,2.1074,0.0,15.73,381.9218,6.0309,0.0474,1.248,304.6434,1.8735,8.6915,-0.0114,4.8021,0.8217,18.6745,0.5494,2967.75,15.8,9.1547,4.6392,5.6548,1003.61,0.0,,0.9352,18.9,40.7827,15.0927,6.9517,4.8966,6.4405,4.5558,-0.0789,439.0947,0.0048,2.792,0.0,23.2849,8731.8,1.8927,5.9227,86.8147,85.5573,15.4662,147.0382,양품
-6.8627,-0.0121,32.3316,0.0264,-6421.0,68.3111,3.7575,-0.9461,15.88,247.319,6.3875,0.0905,1.343,169.6604,1.8915,9.3335,0.0058,5.7221,0.8244,26.8627,0.4947,3088.0,15.87,7.2732,5.8556,7.0945,1008.0704,0.0,,0.9319,13.26,45.2053,8.6287,8.9114,4.1127,7.2038,4.5183,-0.0648,132.7461,0.008,2.768,670.9677,33.9056,8733.4701,3.2391,4.9529,86.8786,84.0746,35.6964,144.6455,양품
7.0591,-0.0121,44.4902,0.0141,-6507.5,68.2222,2.0642,-0.5204,15.92,321.5561,5.0673,0.044,1.206,147.8434,1.8755,8.5251,-0.0291,4.219,0.7884,12.9409,0.7372,3038.5,15.95,6.3298,3.2248,10.7231,1004.7367,0.0,1.879,0.9257,18.22,15.823,13.7289,10.7752,5.5717,5.8522,4.5024,0.0069,81.8802,0.004,2.766,0.0,19.9831,9125.72,1.9001,4.2937,87.1828,85.7103,15.4662,142.8527,양품
2.2118,-0.0116,67.884,0.0131,-6461.0,70.4667,4.0675,-0.5204,15.92,191.4906,6.0691,0.0945,1.206,54.4977,1.8702,8.5251,0.0144,6.0797,0.7884,17.7882,0.7372,2980.0,15.95,9.6013,3.122,8.5405,1004.7367,0.0,1.5399,0.9265,17.33,18.591,12.1947,8.9522,4.8043,3.3887,4.5501,0.005,188.0806,0.0031,2.766,0.0,23.5681,9021.22,1.4154,5.3841,87.1828,85.7103,15.4662,145.7764,양품
7.9373,-0.0103,46.6586,0.0118,-5411.5,70.5444,2.8314,-0.5204,15.92,261.4766,5.3721,0.0939,1.206,259.8493,2.0008,8.5251,-0.0019,4.7462,0.7884,12.0627,0.7372,2733.0,15.95,5.6533,3.6856,7.9655,1004.7367,0.0,1.9135,0.9257,21.01,23.0881,12.8055,7.2873,4.645,3.0303,4.5024,0.0151,78.6164,0.0033,2.766,335.4839,18.1451,9374.13,2.0649,4.8478,87.1828,85.7103,15.4662,142.5582,양품
0.8745,-0.012,47.4506,0.0125,-6409.5,70.1667,3.0962,-0.5204,15.92,309.3406,5.0138,0.0706,1.206,179.862,1.8835,8.5251,0.0203,4.1826,0.7884,19.1255,0.7372,3020.25,15.95,5.7412,4.133,3.574,1004.7367,0.0,,0.919,10.66,13.3724,23.33,9.25,2.1198,5.0466,4.457,-0.005,651.7672,0.0037,2.766,1000.0,27.5264,9243.0101,1.5172,4.0679,87.1828,85.7103,,142.8682,양품
3.99,-0.0106,51.6432,0.0111,-5546.5,70.1556,1.5109,0.8042,15.81,132.6383,4.5588,0.0459,1.007,328.1732,1.9945,8.5251,0.0006,3.7106,0.789,16.01,0.7099,2639.75,15.85,4.4626,2.4232,7.8925,1006.4757,0.0,1.5145,0.919,18.05,18.9111,20.0736,9.2295,2.4588,4.0074,4.457,-0.0001,129.3233,0.0065,2.798,0.0,23.6925,8912.9999,1.8296,5.7962,87.1828,85.7103,20.7897,141.7391,양품
4.4455,-0.0096,66.8407,0.0146,-6466.25,67.0556,3.0605,-0.6623,15.74,339.2692,5.2038,0.0654,1.182,143.9708,1.883,8.6005,-0.0134,4.6604,0.6852,15.5545,0.5822,2970.25,15.71,8.5471,2.3861,8.9288,993.4924,0.0,,0.9194,12.79,18.6642,14.7982,8.8766,2.2919,5.1071,4.4582,-0.0525,111.3497,0.003,2.377,396.5812,21.9164,9091.42,1.6785,4.0749,86.6618,85.4112,40.5632,142.3509,양품
168.1455,-0.0096,68.75,0.013,-5430.0,68.0889,2.0005,-0.6623,15.74,66.2621,5.1021,0.0715,1.182,391.0891,2.0072,8.7994,-0.0046,4.5388,0.6852,34.17,0.5822,2814.0,15.71,4.4213,4.5529,10.8036,993.4924,0.0,,0.9244,21.63,25.5808,188.0923,135.8589,5.7259,289.8264,4.5399,0.0007,235.5758,0.0061,2.377,954.8387,23.241,8729.3199,2.7301,77.8007,86.7297,84.6614,16.7125,110.4282,양품
-0.2845,-0.0079,60.5678,0.0255,-5183.0,67.0444,3.2333,-0.1419,15.77,201.4504,7.4994,0.1048,1.154,146.3626,1.9852,9.2047,0.029,6.0691,0.6556,20.2845,0.694,2689.25,15.75,14.627,4.9221,8.3735,1007.3403,0.0,1.5806,0.9266,15.21,29.3642,12.0856,8.1291,5.212,6.1134,4.5177,-0.044,0.0,0.0042,2.465,0.0,26.7021,8943.13,1.1668,6.0417,87.0488,84.2212,,154.0873,양품
2.0609,-0.0078,77.707,0.0124,-5353.25,67.7889,2.8095,-0.1419,15.77,123.4298,6.1941,0.0897,1.154,174.8454,1.9955,,-0.0044,5.0714,0.6556,17.9391,0.694,2756.25,15.75,4.3383,4.573,10.324,1007.3403,0.0,1.6767,0.9202,17.94,24.4436,12.9186,7.8786,4.7457,3.9852,4.4784,-0.0483,235.8183,0.0028,2.465,0.0,23.7857,8250.63,1.5211,6.135,,,15.0552,145.2864,양품
1.7373,-0.0082,53.4954,0.0269,-5763.75,67.4444,2.6822,-0.1419,15.77,238.4638,4.9065,0.0862,1.154,1144.0429,1.9805,9.7324,0.0147,4.8884,0.6556,18.2627,0.694,2546.5,15.75,26.7415,3.5585,6.5889,1007.3403,0.0,0.7936,0.9327,16.89,57.4597,11.5227,7.0856,3.9947,4.3682,4.5454,-0.0597,197.4359,0.0092,2.465,860.0,21.2309,8518.33,1.0265,5.037,87.1381,85.3825,,146.5145,양품
3.1191,-0.0122,49.8468,0.0191,-5474.75,67.3556,1.9692,-0.1419,15.77,141.0966,4.7844,0.0606,1.154,190.4633,1.995,9.6938,-0.0178,4.3328,0.6556,16.8809,0.694,2709.75,15.75,4.8587,2.6724,2.9193,1007.3403,0.0,3.2061,0.9353,22.4,35.756,15.0145,9.4397,4.2761,4.7727,4.5645,-0.0674,148.4407,0.0043,2.465,0.0,24.0994,8997.2601,1.3611,4.9117,87.0735,85.0066,24.2302,144.1518,양품
0.2818,-0.01,49.2462,0.0261,-6211.25,65.1333,2.718,-0.1419,15.77,41.7532,6.0098,0.0918,1.154,886.7365,2.017,9.0776,-0.0005,5.109,0.6556,19.7182,0.694,2724.0,15.75,4.7368,4.913,9.3115,1007.3403,0.0,0.8132,0.9142,13.87,18.6318,11.4596,7.8432,4.0927,4.4168,4.5382,-0.0613,0.0,0.0044,2.465,800.0,26.9505,8877.29,2.548,4.8703,86.8379,85.822,16.471,142.4118,양품
4.06,-0.0097,73.5751,0.0166,-6252.75,68.6556,3.6476,-0.0473,15.75,323.9907,5.0865,0.0806,1.078,130.2827,1.909,8.9546,0.0216,5.5533,0.6887,15.94,0.536,3178.0,15.75,5.4279,4.8066,6.4852,996.2163,0.0,,0.9327,11.6,42.1885,8.8144,7.0155,4.7443,6.563,4.5454,-0.075,185.9606,0.003,2.688,863.1579,20.4742,8478.44,2.3155,5.333,86.9821,85.5528,12.4261,149.0182,양품
-0.3182,-0.0031,148.9879,0.027,-5288.5,69.1889,1.1574,-0.6623,15.74,110.7159,4.9744,0.0389,1.182,161.6385,2.0053,8.6005,0.0101,4.4239,0.6852,20.3182,0.5822,2580.0,15.71,11.6162,2.7461,11.2144,993.4924,0.0,,0.9251,20.65,9.6613,12.9063,8.816,5.3672,5.8228,4.5155,-0.0123,0.0,0.0081,2.377,0.0,25.4548,8942.1301,1.5289,5.8585,86.6618,85.4112,14.4919,147.8682,양품
-0.0636,-0.0132,32.4528,0.0302,-5328.0,66.9333,2.9118,-0.0473,15.75,158.3098,5.5842,0.1045,1.078,387.6416,1.982,8.3324,0.032,5.9131,0.6887,20.0636,0.536,2555.0,15.75,4.9285,2.6892,6.9717,996.2163,0.0,,0.9337,21.16,28.178,15.5991,9.2581,4.106,6.5193,4.5319,-0.0488,0.0,0.0063,2.688,0.0,26.5755,8536.1801,2.3558,5.0362,86.8346,85.1669,,147.1018,양품
36.3682,-0.0098,68.2803,0.016,-6334.5,69.8,4.7834,-0.6623,15.74,273.7449,5.073,0.1107,1.182,247.0364,1.8918,8.8505,0.002,5.0445,0.6852,16.63,0.5822,3045.75,15.71,16.5438,4.7278,12.0049,993.4924,0.0,,0.9352,37.98,16.7414,22.5923,78.762,4.2919,122.4063,4.5558,-0.0181,292.7834,0.0031,2.377,0.0,30.3896,8416.6001,3.8898,25.0711,86.8482,86.8866,28.4953,106.8409,양품
1.0291,-0.0134,46.1825,0.0208,-5711.0,67.2667,1.8884,-0.0473,15.75,100.0583,5.0376,0.0569,1.078,186.5494,2.0275,8.7867,0.0107,4.3432,0.6887,18.9709,0.536,2627.5,15.75,2.1441,3.5679,6.0974,996.2163,0.0,1.4209,0.9289,21.12,25.725,16.7036,9.529,5.4253,6.679,4.5406,-0.0696,574.2933,0.0051,2.688,625.0,26.5379,8565.08,1.5715,5.5708,86.5708,83.7263,15.4662,143.7336,양품
1.9591,-0.0141,20.5674,0.0172,-5662.25,70.7778,2.9353,0.7569,15.85,106.3469,6.7197,0.0951,1.116,352.5747,1.9898,8.5251,-0.0026,6.4624,0.7025,18.0409,0.6206,2739.5,15.89,1.605,2.8257,7.9559,1000.9047,0.0,,0.921,14.77,26.3111,14.3136,12.7829,2.3774,6.5078,4.4701,-0.0036,296.5661,0.0062,2.497,0.0,23.1602,9141.7798,1.6635,5.8678,87.1828,85.7103,,145.0564,양품
1.6373,-0.013,24.6154,0.0236,-6310.25,67.4889,4.7038,-0.0473,15.75,277.0817,5.5742,0.1083,1.078,184.1256,1.885,8.5987,0.0265,4.736,0.6887,18.3627,0.536,3030.25,15.75,3.3605,3.7043,7.9627,996.2163,0.0,,0.9251,17.92,35.497,16.1673,9.5734,5.1487,6.026,4.5155,-0.0556,648.0289,0.0065,2.688,0.0,26.6305,9491.1301,2.8438,6.3951,86.7807,85.1059,19.0245,146.5327,양품
-1.2209,-0.0126,26.2425,0.0232,-5686.75,70.5111,2.4024,-0.0473,15.75,181.4963,4.866,0.0719,1.078,534.384,2.0177,8.7897,-0.0287,4.3985,0.6887,21.2209,0.536,2592.25,15.75,4.6745,1.7019,7.3735,996.2163,0.0,1.7652,0.9289,18.48,32.3512,15.5682,8.2315,5.2909,5.873,4.5406,-0.0598,490.618,0.0041,2.688,524.5902,30.0565,8551.1601,1.5032,8.6894,86.7752,86.3849,,149.8382,양품
8.8445,-0.0142,31.7741,0.0235,-5402.5,68.7889,1.0155,-0.1419,15.77,52.7194,5.7787,0.0338,1.154,474.4994,2.0198,8.3324,-0.0193,5.4522,0.6556,11.1555,0.694,2611.0,15.75,9.1217,3.3436,9.1496,1007.3403,0.0,0.842,0.9361,19.72,22.8517,12.8946,5.0131,4.1961,3.7753,4.5539,-0.0816,40.3639,0.0045,2.465,773.3333,18.5022,8948.36,1.2106,5.9073,86.8346,85.1669,,146.48,양품
-1.1255,-0.0092,25.9811,0.0137,-6539.75,70.7667,2.5615,-0.2838,15.69,229.2108,4.3122,0.0555,1.182,187.8446,1.8845,8.7418,-0.0203,4.574,0.5438,21.1255,0.7448,2882.75,15.69,4.1266,5.6524,10.7893,989.4793,0.0,2.3703,0.9259,19.42,14.7765,10.8401,9.4625,4.8084,6.3446,4.5249,-0.0077,342.9725,0.0087,2.918,0.0,27.041,9164.36,1.3836,4.7418,86.5759,84.8892,,144.2164,양품
2.9409,-0.0123,35.0663,0.0278,-6389.5,68.2889,3.9992,-0.1419,15.77,304.5733,7.1505,0.0861,1.154,171.0448,1.8922,9.7836,0.0294,6.4717,0.6556,17.0591,0.694,3025.25,15.75,4.6078,3.368,12.3204,1007.3403,0.0,1.811,0.928,17.91,19.5946,12.037,8.8586,4.8624,3.9316,4.5337,-0.0792,137.3725,0.0129,2.465,0.0,22.3822,8872.8101,1.2141,5.0099,87.2,83.6359,36.3727,147.0136,양품
-4.4845,-0.0095,74.6386,0.0266,-6468.0,66.1556,2.0635,-0.4731,15.78,331.6347,5.3967,0.0445,1.276,247.5305,1.885,9.0776,0.0183,4.9935,0.6645,24.4845,0.6086,3083.25,15.81,4.9312,2.7209,11.6285,997.4462,0.0,1.6796,0.9142,17.06,15.4789,9.7001,7.4637,4.4593,5.8699,4.5382,-0.0554,72.0251,0.0054,2.421,0.0,29.3998,8520.7699,1.0627,7.0125,86.8379,85.822,,141.74,양품
8.1418,-0.0101,63.6025,0.0109,-5649.5,70.6111,3.4673,-0.0473,15.75,154.252,6.712,0.1164,1.078,538.5997,2.0092,8.6427,-0.0141,6.6878,0.6887,11.8582,0.536,2550.5,15.75,5.3561,2.5492,8.6025,996.2163,0.0,,0.9265,15.07,16.9341,7.8558,9.291,5.136,5.282,4.5501,-0.0619,49.0063,0.0056,2.688,0.0,15.8955,8856.7201,1.2387,5.4456,86.575,83.7738,10.3252,141.8027,양품
9.4864,-0.013,39.1179,0.0339,-6505.5,70.0,2.3502,-0.1419,15.77,336.9751,6.0009,0.0603,1.154,212.1077,1.886,8.5687,-0.0078,5.4638,0.6556,30.5136,0.694,3038.25,15.75,5.1822,3.4286,6.1443,1007.3403,0.0,,0.9366,19.17,46.0934,23.5409,10.8129,4.4385,4.1354,4.6801,-0.0712,50.4935,0.0058,2.465,579.3103,36.6135,9892.9601,1.7649,4.9067,87.032,86.4541,28.8152,153.0673,양품
-7.5073,-0.0112,37.3749,0.0267,-4599.25,68.2111,2.2541,-0.1419,15.77,142.2463,7.3872,0.0902,1.154,1444.2925,2.0095,8.9635,0.0216,6.0398,0.6556,27.5073,0.694,2834.0,15.75,4.6151,4.5447,11.0463,1007.3403,0.0,2.7783,0.9202,21.5,15.7489,16.6263,7.238,5.0529,6.2009,4.4784,-0.0659,133.6038,0.0106,2.465,0.0,33.7563,9424.28,2.52,4.5927,86.9622,84.7226,,145.7864,양품
3.8264,-0.0115,27.8867,0.0195,-5330.0,69.5444,4.4363,-0.4731,15.78,237.1657,6.2339,0.1428,1.276,501.7509,1.9983,8.5891,0.0202,5.9406,0.6645,16.1736,0.6086,2747.25,15.81,36.5618,3.0197,10.357,997.4462,0.0,1.7486,0.9313,21.96,45.4031,13.4554,29.3735,2.2893,7.1455,4.5229,-0.0726,426.2533,0.0028,2.421,968.4211,22.997,9221.64,4.3436,5.4951,86.7366,86.0936,,147.6455,양품
10.2355,-0.0108,46.2963,0.0163,-6456.75,71.3111,1.8213,-0.2838,15.69,269.1089,5.0133,0.0441,1.182,76.1856,1.905,8.7418,-0.0217,4.3488,0.5438,9.7645,0.7448,2909.75,15.69,7.4392,3.3655,6.4832,989.4793,0.0,3.544,0.9247,18.36,21.1169,13.0423,6.2661,4.964,6.1589,4.5068,0.029,50.6084,0.0037,2.918,320.0,14.7061,8615.15,1.5031,7.5877,86.5759,84.8892,15.4662,142.8836,양품
1.0218,-0.0121,35.5739,0.0168,-6347.75,71.4222,4.0764,-0.7096,15.91,316.0111,5.8286,0.0853,1.135,224.1805,1.8845,8.5987,0.0032,4.5356,0.6802,18.9782,0.6128,2994.5,15.94,9.7985,4.3404,3.2775,1002.4074,0.0,1.6272,0.9202,15.24,15.7018,11.2733,8.9584,4.717,3.4914,4.4784,-0.0006,466.8149,0.003,2.467,239.2523,23.6862,8922.93,1.5801,4.9125,86.7807,85.1059,21.9978,144.9255,양품
3.8664,-0.0105,56.3246,0.0325,-6426.5,73.0222,3.3361,0.7569,15.85,355.3659,5.0435,0.0715,1.116,195.1316,1.875,8.6829,0.0091,5.0688,0.7025,16.1336,0.6206,3021.75,15.89,5.3916,4.2453,7.811,1000.9047,0.0,1.7224,0.9368,11.72,26.3513,16.5391,5.3927,4.0815,10.3185,4.6924,-0.0474,109.1465,0.0088,2.497,0.0,23.5073,8592.0401,1.351,6.7999,86.9236,87.4809,,145.9509,양품
-6.0545,-0.0107,17.7986,0.0187,-6624.0,69.9667,3.5047,-0.2838,15.69,286.6479,5.0295,0.0711,1.182,241.1265,1.8725,8.7219,-0.0043,4.7954,0.5438,26.0545,0.7448,2877.5,15.69,3.9853,4.7165,12.6976,989.4793,0.0,1.7773,0.9361,18.53,21.1715,24.3473,5.2855,4.2583,6.0601,4.5539,-0.0547,78.9489,0.0034,2.918,0.0,35.8454,9434.33,1.3077,5.8489,86.5265,85.2764,,151.1536,양품
2.8745,-0.0113,31.9645,0.0257,-5305.5,67.9333,1.8663,0.7569,15.85,116.2393,5.1169,0.0582,1.116,333.5551,1.9605,9.7324,0.0089,4.2831,0.7025,17.1255,0.6206,2637.25,15.89,4.0675,2.9441,7.4221,1000.9047,0.0,,0.9352,15.62,56.2919,12.6869,7.0014,4.0238,9.7565,4.5558,-0.0701,168.7223,0.014,2.497,0.0,22.8489,8400.2601,1.555,5.8238,87.1381,85.3825,,147.9018,양품
-0.81,0.0018,253.7931,0.0294,-6310.25,69.4222,3.7932,-0.6623,15.74,354.8205,6.3528,0.0894,1.182,138.8221,1.8818,8.6439,-0.0114,4.858,0.6852,20.81,0.5822,3028.25,15.71,2.9891,4.6095,8.5675,993.4924,0.0,1.6614,0.9323,22.18,20.4275,13.4236,7.6789,4.254,12.6446,4.5462,-0.045,679.0123,0.0111,2.377,84.507,29.1501,9750.47,1.4796,4.5119,86.7383,84.2999,,146.5445,양품
8.1445,-0.0109,58.5143,0.0179,-6406.25,69.3111,3.5932,-0.4731,15.78,343.9942,5.2941,0.0834,1.276,240.9901,1.8847,8.6439,-0.0044,5.9072,0.6645,11.8555,0.6086,3012.0,15.81,33.0788,4.184,12.1194,997.4462,0.0,1.9231,0.9332,9.33,19.7153,7.6619,6.1672,4.1185,8.3032,4.5483,-0.0232,97.6114,0.0051,2.421,0.0,17.3399,9138.99,2.3209,3.2489,86.7383,84.2999,,144.5218,양품
11.4855,-0.011,29.932,0.0153,-6329.75,67.2667,2.6789,-0.7096,15.91,279.7611,5.9031,0.0571,1.135,102.3633,1.8855,8.8043,-0.0069,5.0874,0.6802,8.5145,0.6128,2993.75,15.94,5.5123,3.2706,7.0427,1002.4074,0.0,,0.9244,23.15,20.3506,11.5991,7.4056,5.1395,5.4073,4.5399,-0.029,39.18,0.0049,2.467,512.0,13.7855,8912.71,1.2888,5.9691,86.7995,86.5513,,139.44,양품
1.4745,-0.0144,71.9723,0.0401,-5874.25,68.2,2.4025,0.7569,15.85,95.8541,5.7336,0.0776,1.116,1198.8974,2.0245,8.5288,-0.0138,5.8143,0.7025,18.5255,0.6206,2582.0,15.89,4.4028,2.6393,10.7441,1000.9047,0.0,,0.9289,22.06,30.6632,18.5328,12.7828,5.3605,5.6832,4.5406,-0.0456,358.0764,0.0082,2.497,0.0,25.9662,9020.6,1.7067,5.3993,86.6692,85.2227,24.1238,141.4691,양품
2.0127,-0.0122,28.6885,0.0227,-5459.0,66.4556,3.4171,-0.1419,15.77,94.7888,5.9644,0.1188,1.154,40.4804,2.0,8.7994,-0.0105,4.8891,0.6556,17.9873,0.694,2697.25,15.75,3.9374,2.5581,6.7628,1007.3403,0.0,1.7089,0.9248,21.37,31.1763,16.5918,6.7682,5.3086,4.571,4.5282,-0.0599,297.6061,0.0058,2.465,909.589,25.4566,8755.2601,2.0993,5.5408,86.7297,84.6614,22.77,146.1373,양품
0.91,-0.0133,30.1602,0.0133,-5545.75,68.7667,4.1627,-0.7096,15.91,569.7873,6.9024,0.1264,1.135,112.8934,1.9968,8.5987,0.019,5.7037,0.6802,19.09,0.6128,2823.75,15.94,4.5988,2.763,3.0406,1002.4074,0.0,2.01,0.9202,20.85,18.1337,11.4445,7.8352,4.5463,4.5649,4.4784,0.0109,520.8791,0.0044,2.467,0.0,24.9957,7769.61,1.438,6.6528,86.7807,85.1059,22.2419,144.1445,양품
-1.5118,-0.0068,67.8967,0.0259,-6225.75,68.9778,4.5381,-0.7096,15.91,276.1152,5.7194,0.1,1.135,298.2732,1.8842,8.6439,0.0109,5.2244,0.6802,21.5118,0.6128,3096.25,15.94,4.2085,3.3344,9.9348,1002.4074,0.0,1.7521,0.9248,25.78,26.7339,17.1182,8.4524,5.5247,6.4179,4.5036,-0.0182,628.3824,0.0179,2.467,655.7377,30.3514,8570.0001,2.2715,6.9491,86.7383,84.2999,,145.5309,양품
0.9091,-0.0073,54.7009,0.025,-6260.75,69.0222,4.201,-0.2838,15.69,213.5593,6.3665,0.0986,1.182,147.9152,1.8995,8.4092,0.0435,6.7398,0.5438,19.0909,0.7448,3032.25,15.69,,4.3464,3.1553,989.4793,0.0,,0.9378,11.39,29.2967,5.1158,5.6176,4.4235,3.4436,4.6615,0.0081,546.7,0.0042,2.918,284.2105,20.5351,8983.2,1.6225,4.9118,86.7481,85.2626,15.4662,151.2927,양품
0.6191,-0.008,71.028,0.0229,-5607.25,68.1222,3.3745,-0.9461,15.79,68.9082,6.4131,0.1271,1.201,430.661,2.016,8.7867,-0.0208,6.3329,0.6893,19.3809,0.5333,2564.5,15.81,9.4653,4.1103,12.3683,994.2346,0.0,,0.9314,9.82,28.8304,12.7122,28.7871,2.655,7.5571,4.4982,-0.0795,0.0,0.0046,2.452,187.7551,23.1287,8881.1499,3.2904,4.3209,86.5708,83.7263,36.4867,147.94,양품
3.3655,-0.0105,35.3222,0.0139,-5723.5,68.4667,4.0084,-0.7096,15.91,947.9305,6.0366,0.1201,1.135,711.2362,2.009,8.8043,0.0127,5.9933,0.6802,16.6345,0.6128,3112.25,15.94,6.8928,2.3369,10.0095,1002.4074,0.0,,0.9248,26.44,20.345,15.0473,10.3255,5.2931,3.9414,4.5036,-0.0148,161.9395,0.0051,2.467,0.0,25.076,8746.6701,1.6529,5.4222,86.7995,86.5513,,145.38,양품
-2.63,-0.0093,67.7419,0.0221,-5628.0,70.4444,2.559,-0.7096,15.91,157.0401,5.9073,0.0828,1.135,427.8839,2.036,8.7897,0.0034,6.1081,0.6802,22.63,0.6128,2561.75,15.94,4.6177,3.8328,2.7716,1002.4074,0.011,,0.9237,18.41,22.8834,13.1382,9.538,4.4982,4.9807,4.5617,-0.0116,193.9163,0.0034,2.467,833.3333,29.1444,8753.7601,1.4059,4.7887,86.7752,86.3849,,146.5664,양품
1.0045,-0.0111,49.5495,0.0264,-5669.75,69.7111,3.9705,0.7569,15.85,212.7871,6.8,0.1211,1.116,295.6861,2.0012,8.9546,0.0203,5.8411,0.7025,18.9955,0.6206,2729.5,15.89,4.7713,3.1559,10.5555,1000.9047,0.0,0.952,0.9338,16.46,23.7894,8.0984,9.2614,4.121,6.8317,4.5389,-0.0487,875.0226,0.0055,2.497,591.3043,23.2147,8777.9,2.7822,5.6691,86.9821,85.5528,22.1363,146.2291,불량
1.1527,-0.0118,60.1058,0.0162,-6326.0,66.6333,1.697,-0.7096,15.91,328.9148,5.441,0.0372,1.135,273.6604,1.8842,8.6005,-0.0043,4.4805,0.6802,18.8473,0.6128,2963.25,15.94,5.1629,5.1026,10.63,1002.4074,0.0,1.5879,0.9265,16.98,24.0418,11.6468,9.9486,4.8739,5.4141,4.5501,-0.0343,753.8644,0.0042,2.467,344.6154,24.6357,9257.4501,2.4376,5.2256,86.6618,85.4112,22.3347,146.1,양품
0.2055,-0.0092,61.9565,0.0213,-6371.0,69.2222,2.4311,-0.0473,15.75,445.0637,6.8171,0.0529,1.078,360.1592,1.882,8.8043,-0.0259,5.459,0.6887,19.7945,0.536,2984.5,15.75,4.637,3.6116,8.753,996.2163,0.0,,0.9243,18.69,14.9748,11.923,9.7068,5.1053,4.049,4.5027,0.0133,0.0,0.0039,2.688,378.3784,24.8465,8642.55,1.3367,4.7564,86.7995,86.5513,,141.2691,양품
-3.8982,-0.0111,35.2542,0.0222,-6344.25,65.1,2.7393,0.7569,15.85,298.4437,5.5693,0.0602,1.116,178.0962,1.8775,9.0776,0.0069,4.6469,0.7025,23.8982,0.6206,3095.0,15.89,7.4716,4.9155,8.8927,1000.9047,0.0,1.6866,0.9276,21.73,32.8037,19.4473,5.1888,3.7089,3.6575,4.5784,-0.0667,247.5513,0.0043,2.497,982.8571,32.3627,8844.77,2.3588,5.4481,86.8379,85.822,,152.5636,양품
3.2764,-0.0075,81.3333,0.0331,-5409.0,67.1,2.2234,-0.6623,15.99,180.5702,4.866,0.0683,1.314,160.2768,1.9643,9.2047,0.0318,4.6001,0.7101,16.7236,0.6629,2955.75,16.04,2.7053,3.1297,8.7325,1010.787,0.0,2.066,0.9337,27.08,21.1726,15.1018,8.7105,4.4197,6.1719,4.5319,-0.0234,180.0777,0.0064,2.588,673.0159,23.8465,8401.2601,2.0153,6.5699,87.0488,84.2212,,147.6055,양품
-4.0373,-0.011,52.6674,0.0267,-5246.75,63.6889,2.6274,-0.6623,15.99,97.3597,7.0294,0.0806,1.314,386.7992,1.9832,9.0776,0.0495,5.7018,0.7101,24.0373,0.6629,2648.25,16.04,11.946,4.2394,10.5047,1010.787,0.0,,0.9276,17.14,24.5151,12.239,6.428,3.2159,6.2882,4.5784,-0.06,181.3105,0.0051,2.588,937.1429,29.8481,8512.6402,2.3462,6.0051,86.8379,85.822,,151.3945,양품
0.1618,-0.0116,39.7838,0.0176,-5697.5,65.8222,0.8531,-0.4731,15.78,115.2288,5.4007,0.0278,1.276,101.0429,1.9937,8.5459,0.009,4.9778,0.6645,19.8382,0.6086,2775.5,15.81,4.7875,3.6462,12.816,997.4462,0.0,2.7298,0.9337,18.64,34.4068,13.0755,10.6541,3.9611,9.6091,4.5319,-0.0416,0.0,0.0072,2.421,0.0,25.1262,8637.1,2.6695,7.5514,86.6954,84.9334,23.9782,145.7991,양품
-3.9436,-0.0109,49.6552,0.0235,-5933.25,69.9889,2.4521,-0.6623,15.99,315.0909,5.5417,0.078,1.314,447.908,2.013,8.7897,-0.0119,5.4759,0.7101,23.9436,0.6629,2587.25,16.04,7.8354,2.1432,10.8525,1010.787,0.0,1.7208,0.9289,24.09,30.4142,18.7391,7.0627,5.073,6.9,4.5406,-0.062,151.8903,0.0082,2.588,0.0,31.9933,9052.29,1.858,7.7453,86.7752,86.3849,,144.2036,양품
-1.2518,-0.0091,44.9931,0.0157,-6338.25,69.8444,3.8323,-0.5677,15.99,257.4762,6.2167,0.082,1.418,153.2479,1.8815,8.6005,-0.0027,5.9449,0.6786,21.2518,0.8522,2993.0,15.97,4.0742,3.8657,7.4074,1009.9188,0.0,2.0017,0.9251,24.03,16.301,13.3418,9.1209,5.3559,5.3111,4.5155,-0.0857,308.3515,0.0042,3.955,0.0,27.0255,9010.99,1.1481,4.8285,86.6618,85.4112,,144.6036,양품
1.3664,-0.0101,35.5995,0.0231,-6350.25,65.9556,2.4535,-0.6623,15.99,271.933,5.8843,0.0622,1.314,146.1879,1.8927,8.659,0.0025,6.0876,0.7101,18.6336,0.6629,3097.75,16.04,4.7312,5.155,10.5245,1010.787,0.004,2.2737,0.9289,16.32,33.7909,17.8328,11.6435,5.2873,6.4272,4.5406,-0.0256,252.4952,0.0051,2.588,513.2075,25.688,8674.79,1.0883,4.8261,86.8196,85.5265,30.5059,146.0973,양품
5.65,-0.0111,33.3709,0.0165,-5278.0,68.1333,3.8054,0.7569,15.85,1596.3689,5.8068,0.124,1.116,282.8816,2.0158,8.5135,-0.0066,4.8061,0.7025,14.35,0.6206,3443.5,15.89,11.2256,2.4951,10.899,1000.9047,0.0,,0.9314,16.39,26.3366,13.1343,27.2136,2.5733,9.0309,4.4982,-0.0434,186.7257,0.0031,2.497,685.7143,20.0533,8616.7302,2.9597,3.5415,86.6662,85.3154,,151.48,양품
7.8264,-0.0057,70.1754,0.0295,-5444.0,69.2,2.125,-0.6623,15.99,132.4877,4.9158,0.0708,1.314,313.8821,1.9963,8.6527,0.0205,4.6654,0.7101,12.1736,0.6629,2608.5,16.04,11.2063,3.3237,6.7303,1010.787,0.0,0.8173,0.9367,18.65,40.4322,11.62,6.9102,4.202,10.4973,4.7069,-0.0697,37.3098,0.0079,2.588,0.0,19.6859,8746.44,0.8902,5.773,86.9642,86.4465,,148.3236,양품
-1.1927,-0.0121,63.6364,0.0224,-5561.0,68.9222,2.0819,-0.6623,15.99,161.0528,5.9157,0.0657,1.314,406.3685,1.9905,8.5459,0.0032,5.104,0.7101,21.1927,0.6629,2640.0,16.04,4.3689,4.0626,11.6708,1010.787,0.0,1.0156,0.9236,22.27,22.8706,12.1246,8.0575,4.7535,4.5513,4.4987,-0.0603,390.7012,0.0047,2.588,773.7705,27.0988,8866.58,1.2484,5.1419,86.6954,84.9334,12.8843,145.2327,양품
5.4991,-0.0105,29.4537,0.0172,-5192.5,67.5,4.4576,-0.5677,15.99,346.775,6.5321,0.1693,1.418,687.7308,2.0435,8.5288,-0.0124,6.1483,0.6786,14.5009,0.8522,2793.25,15.97,4.7135,3.7037,6.5965,1009.9188,0.0,1.5298,0.9261,20.41,27.4194,11.9794,9.6231,5.1317,5.2686,4.5454,-0.0837,75.6489,0.0045,3.955,760.0,17.5983,8564.1802,1.4555,6.2356,86.6692,85.2227,3.3424,138.9373,불량
-0.0309,-0.0137,40.8387,0.0304,-6461.0,68.5,3.3532,-0.5677,15.99,326.4378,6.0001,0.0774,1.418,200.338,1.8798,8.659,-0.0204,5.807,0.6786,20.0309,0.8522,3097.5,15.97,2.265,3.3577,10.5981,1009.9188,0.0,2.3577,0.9314,10.77,14.6301,13.6953,28.773,2.7252,7.7416,4.4982,-0.1184,0.0,0.005,3.955,666.6667,23.8671,8495.5701,3.2153,4.3342,86.8196,85.5265,15.4662,148.2891,양품
0.5091,-0.01,49.9376,0.0302,-6305.5,67.6111,4.4842,-0.0473,15.75,198.4817,4.3721,0.0993,1.078,178.0384,1.887,9.7324,0.0268,4.847,0.6887,19.4909,0.536,3049.5,15.75,4.6805,3.9934,7.1805,996.2163,0.0046,1.6832,0.9327,16.72,149.3851,13.7382,6.3209,3.8843,9.1825,4.5454,-0.0671,870.1786,0.0028,2.688,209.0909,23.1579,9805.1499,1.6102,4.8258,87.1381,85.3825,18.5935,149.7418,양품
,-0.0094,53.1208,0.0259,-5871.75,69.1,1.5848,-0.1419,15.9,159.5274,,0.0547,1.163,448.2272,2.0125,8.5788,0.0215,,0.6764,,0.7242,2707.5,15.9,9.4887,4.631,5.7127,997.8064,0.0,,0.927,,,,8.0127,,6.8964,4.5556,-0.0422,,0.0031,2.708,470.5882,,8651.9899,,5.632,86.6582,85.7419,22.6329,148.7727,양품
,-0.0115,26.1723,0.0172,-6624.5,71.3333,3.3632,-0.6623,15.99,177.9876,5.8591,0.0693,1.314,209.5225,1.8758,8.7199,-0.0035,5.1184,0.7101,,0.6629,2949.75,16.04,3.3404,3.0841,12.6669,1010.787,0.0,0.9887,0.9248,,40.0406,,,5.0999,,4.5036,-0.0241,,0.0042,2.588,0.0,,9075.89,,,86.7612,84.2942,,,양품
0.5755,-0.0126,31.8408,0.0176,-6736.0,68.2222,6.1426,-0.1419,15.9,286.8949,6.1628,0.137,1.163,905.9249,1.8895,9.7836,0.0031,5.7093,0.6764,19.4245,0.7242,3136.0,15.9,4.2207,3.2248,8.7724,997.8064,0.0,1.2094,0.9236,22.91,26.4506,10.8896,9.4694,4.8137,8.1897,4.4987,-0.0467,667.2996,0.004,2.708,493.3333,25.0179,8501.46,1.0858,3.8056,87.2,83.6359,,147.99,양품
0.2573,-0.0095,57.971,0.0196,-5232.25,67.2889,2.7073,-0.5677,15.99,101.9199,5.7795,0.0882,1.418,456.4416,1.9805,8.659,-0.0088,5.3122,0.6786,19.7427,0.8522,2498.5,15.97,2.9619,2.2292,7.9538,1009.9188,0.0,2.3343,0.9265,17.97,23.9436,14.76,8.2629,4.7751,8.6821,4.5501,0.0115,0.0,0.0039,3.955,0.0,25.518,8455.6002,1.5421,5.8789,86.8196,85.5265,19.7943,144.55,양품
9.2827,-0.0081,38.3901,0.0244,-5234.5,65.5778,2.8901,-0.5677,15.99,170.6192,6.2345,0.0994,1.418,338.0675,2.0132,8.7994,0.0034,5.4197,0.6786,10.7173,0.8522,2747.25,15.97,5.6136,4.4222,6.8229,1009.9188,0.0,,0.9244,20.92,24.911,12.9133,7.2772,5.324,4.1834,4.5399,-0.0468,66.683,0.0038,3.955,0.0,16.5512,7767.31,1.8601,4.7801,86.7297,84.6614,,141.5127,양품
-1.0482,-0.013,43.8462,0.0252,-6319.75,68.3889,3.0295,0.0,15.91,259.0719,5.9818,0.069,1.541,164.7834,1.8838,9.7836,0.0294,5.3254,0.7717,21.0482,0.6567,3004.75,15.96,5.3926,3.0707,7.8391,1001.3796,0.0,1.9534,0.9236,22.92,23.6965,11.9482,10.6977,5.1295,7.0399,4.4987,-0.0586,648.7424,0.0051,2.51,0.0,27.6136,8711.62,1.7373,5.1216,87.2,83.6359,13.3284,147.3027,양품
5.6309,-0.0097,26.943,0.026,-5121.0,69.3889,2.7471,-0.1419,15.9,279.3976,5.2759,0.0825,1.163,345.7195,1.9958,8.5288,-0.0066,4.6274,0.6764,14.3691,0.7242,2591.5,15.9,4.026,3.3147,6.6693,997.8064,0.0,1.3663,0.9332,19.95,20.8559,13.9137,7.4025,4.2142,5.0146,4.5483,-0.024,64.288,0.0047,2.708,0.0,19.8754,9195.1899,1.1712,4.5065,86.6692,85.2227,6.3972,140.79,양품
13.3709,-0.0114,46.4912,0.0116,-5229.25,68.9111,3.8203,-0.5677,15.99,206.9412,5.5776,0.1301,1.418,572.4592,2.0103,8.8043,-0.0125,4.7226,0.6786,6.6291,0.8522,2558.0,15.97,5.1758,2.6121,11.3399,1009.9188,0.0,1.1884,0.9247,10.48,23.1715,3.7778,6.8226,4.9773,11.778,4.5068,-0.0584,30.5141,0.0047,3.955,627.451,12.0446,8213.75,1.3145,5.1724,86.7995,86.5513,,149.6009,불량
5.1736,-0.0103,28.1553,0.0186,-6183.75,67.9222,4.7466,0.0,15.91,313.5936,5.8216,0.1023,1.541,92.5612,1.8882,8.5334,0.0206,5.1094,0.7717,14.8264,0.6567,2999.75,15.96,2.4597,3.8279,7.9459,1001.3796,0.0,2.1142,0.9361,18.51,24.1412,17.3254,8.4243,3.9908,5.5412,4.5539,-0.0358,126.4101,0.003,2.51,910.3448,20.671,8355.5202,1.9397,5.3002,86.8109,85.9922,26.5287,144.7345,양품
4.8373,-0.0085,119.174,0.0189,-5506.25,67.7778,4.3043,0.0,15.91,96.7505,5.3511,0.1351,1.541,106.6282,1.9973,8.3324,0.0212,5.0289,0.7717,15.1627,0.6567,2631.0,15.96,4.4833,2.2131,5.7074,1001.3796,0.0,1.3831,0.9361,19.37,27.4139,15.2691,5.7055,4.601,3.1119,4.5539,-0.0251,69.8741,0.0031,2.51,0.0,23.9068,8338.1102,1.0438,4.8592,86.8346,85.1669,19.3634,146.2127,양품
6.3691,-0.0097,74.5149,0.0204,-5622.5,71.4444,3.7383,-0.5677,15.99,244.5097,5.5444,0.115,1.418,371.7441,2.0183,8.7897,-0.0087,5.3416,0.6786,13.6309,0.8522,2752.5,15.97,7.4184,2.3795,8.1367,1009.9188,0.0,,0.9254,16.6,20.4664,12.8879,8.0016,5.4363,3.5094,4.5596,-0.0624,118.6981,0.0044,3.955,965.5172,19.6579,8054.11,1.8805,3.1758,86.7752,86.3849,15.4662,143.0427,양품
0.2818,-0.0129,34.8837,0.0283,-5046.25,70.7778,1.5074,-0.6623,15.99,100.1012,6.0756,0.0495,1.314,450.3276,1.999,8.6427,-0.0175,5.6383,0.7101,19.7182,0.6629,2615.75,16.04,5.4249,4.0973,11.9112,1010.787,0.0,,0.9289,15.19,26.0912,18.4325,9.9835,4.8864,7.9807,4.5406,-0.0323,0.0,0.0083,2.588,0.0,26.8707,8421.3802,1.0747,8.0001,86.575,83.7738,,144.0982,양품
-0.8964,-0.0099,59.8226,0.02,-5530.0,70.1889,1.8322,0.0,15.91,454.1263,5.9494,0.0626,1.541,627.7882,1.987,8.7283,-0.0427,5.362,0.7717,20.8964,0.6567,2754.0,15.96,3.4934,3.5618,6.4152,1001.3796,0.0,,0.9313,20.07,33.4113,16.1773,29.5653,2.5548,4.4311,4.5229,-0.0325,0.0,0.0031,2.51,0.0,25.5848,9253.8801,4.267,6.233,86.6108,84.7007,19.3829,150.5255,양품
-0.1745,-0.0095,63.3245,0.0184,-6339.0,66.4111,3.5914,-0.1419,15.9,326.5725,4.6227,0.0754,1.163,187.709,1.8873,8.8043,0.0214,4.3348,0.6764,20.1745,0.7242,2989.75,15.9,5.561,3.6139,9.6213,997.8064,0.0,1.2323,0.9237,24.87,23.7688,13.3946,7.8526,5.3883,5.68,4.5617,0.0151,0.0,0.0072,2.708,0.0,26.166,8461.7499,1.7854,6.3682,86.7995,86.5513,24.2172,144.1891,양품
7.0709,-0.0118,34.709,0.0205,-6626.5,70.6444,1.4147,-0.5677,15.99,300.3047,5.4252,0.0318,1.418,166.7503,1.8765,8.7851,-0.0016,5.356,0.6786,12.9291,0.8522,2835.25,15.97,11.113,2.9726,6.2768,1009.9188,0.0,0.9673,0.9263,20.2,25.2232,10.0637,6.8689,5.4154,5.7825,4.535,-0.0587,87.1175,0.0058,3.955,0.0,18.8096,9069.8799,1.6214,5.6925,86.585,85.8823,5.3216,144.7473,양품
0.4545,-0.0064,90.8023,0.0194,-7148.0,66.0444,3.5201,0.0,15.91,314.963,5.5892,0.081,1.541,836.4636,1.8875,8.8132,-0.0059,4.8374,0.7717,19.5455,0.6567,2936.5,15.96,4.0028,5.148,6.7015,1001.3796,0.0,,0.9302,16.43,16.6815,7.7125,8.3309,4.0683,6.2397,4.5729,0.0374,0.0,0.0042,2.51,0.0,26.6523,8873.9599,1.3946,5.8026,86.52,85.8748,,143.4373,양품
2.2518,-0.0111,57.7227,0.0239,-6235.25,68.7,6.1889,-0.1419,15.9,345.5849,5.9603,0.1394,1.163,303.8853,1.8873,8.5855,-0.0046,5.6508,0.6764,17.7482,0.7242,3027.75,15.9,8.479,4.3668,8.3687,997.8064,0.0,1.437,0.9313,17.4,46.2235,13.6936,25.6128,2.5615,4.0085,4.5229,-0.057,432.9834,0.0069,2.708,0.0,24.5136,9118.49,2.6715,6.6577,86.8774,86.2857,21.0554,149.6827,양품
0.9991,-0.0083,55.5053,0.022,-6233.5,65.6444,3.3562,0.0,15.91,206.7146,5.5943,0.0742,1.541,205.9361,1.905,23.1583,-0.021,5.0486,0.7717,19.0009,0.6567,3136.75,15.96,24.1978,4.5701,6.927,1001.3796,0.0,,0.9308,11.11,16.3286,11.4805,28.1025,2.3168,4.7485,4.5234,-0.0349,0.0,0.004,2.51,654.5455,24.1484,8702.61,3.7857,6.3219,87.0024,103.1082,,150.9955,양품
2.3691,-0.0112,44.7427,0.0248,-5394.75,69.0667,2.0242,-0.1419,15.9,154.759,5.1818,0.0632,1.163,446.2678,2.019,8.5891,0.0376,4.5002,0.6764,17.6309,0.7242,2763.5,15.9,5.9618,1.4479,2.2935,997.8064,0.0,1.972,0.9257,20.42,13.2235,10.9515,10.7846,5.2458,17.9641,4.5024,-0.0563,291.6731,0.003,2.708,0.0,25.1846,8744.62,1.86,4.6062,86.7366,86.0936,28.6267,149.3536,양품
3.43,-0.011,48.9241,0.0181,-6273.75,69.6111,2.8304,-0.6623,15.99,219.7309,5.0292,0.0653,1.314,107.6394,1.8963,9.3335,-0.0004,4.3925,0.7101,16.57,0.6629,3099.5,16.04,4.3915,3.5914,9.5309,1010.787,0.0,,0.927,28.23,14.446,12.7509,10.3578,5.069,4.3367,4.5556,-0.0683,134.1108,0.0047,2.588,550.8197,24.1049,9319.68,1.2731,5.1417,86.8786,84.0746,31.1737,147.1155,양품
2.3755,-0.0147,28.5472,0.0318,-6368.5,68.1111,3.138,-0.1419,15.9,273.4683,5.0931,0.0705,1.163,203.0016,1.8872,9.7836,0.0478,4.3936,0.6764,17.6245,0.7242,3016.25,15.9,4.913,3.3768,11.6535,997.8064,0.0,0.1646,0.927,23.55,20.1806,14.7873,9.7202,4.4254,5.5946,4.5556,-0.0589,157.8645,0.006,2.708,0.0,24.9602,8542.16,1.1525,5.2353,87.2,83.6359,,149.0718,양품
1.1682,-0.0118,56.5998,0.0234,-5319.25,68.6,1.6912,-0.1419,15.9,237.0724,5.443,0.0589,1.163,520.3943,1.9968,8.5135,0.0282,5.0389,0.6764,18.8318,0.7242,2691.0,15.9,3.5104,4.6647,10.4761,997.8064,0.0,1.7706,0.927,26.14,26.1894,14.4718,9.5527,5.1586,4.7835,4.5556,-0.0347,524.7483,0.0042,2.708,519.4805,26.8972,8956.1699,1.6024,5.0962,86.6662,85.3154,,147.1727,양품
0.1691,-0.0112,42.7141,0.0282,-6366.0,68.1778,2.4981,-0.5204,15.89,241.3994,5.1317,0.0589,1.239,164.3979,1.8988,9.2047,0.0035,4.0043,0.7586,19.8309,0.6586,3133.5,15.94,4.187,4.6936,9.3115,1003.0211,0.0,,0.9236,29.8,26.2956,11.6717,6.1707,5.1348,18.7344,4.4987,-0.0998,0.0,0.0052,2.453,0.0,24.6599,8637.8101,1.9749,5.8723,87.0488,84.2212,,145.0809,양품
2.6491,-0.011,37.3576,0.0228,-5651.25,69.2111,1.5923,0.0,15.91,298.9006,4.8905,0.0519,1.541,250.5319,2.015,8.9546,0.027,4.9178,0.7717,17.3509,0.6567,2729.25,15.96,9.9614,4.6235,11.6119,1001.3796,0.0,,0.927,19.92,29.7602,13.57,10.9066,5.1057,9.8527,4.5556,-0.0318,195.5388,0.005,2.51,664.1509,25.1013,9454.83,1.6186,5.1735,86.9821,85.5528,,147.5745,양품
3.1382,-0.0114,37.8022,0.0256,-5397.5,68.5889,2.3861,-0.5204,15.89,1160.4443,4.1069,0.072,1.239,152.0537,1.9798,8.5788,-0.0068,4.2189,0.7586,16.8618,0.6586,3260.25,15.94,3.2071,3.9365,7.7716,1003.0211,0.0,1.2879,0.9265,18.97,20.2698,13.4267,9.2628,4.4957,9.1637,4.5501,-0.0391,136.066,0.005,2.453,0.0,24.5541,8626.21,1.3313,5.7771,86.6582,85.7419,20.3322,148.0836,양품
4.4364,-0.0105,69.3587,0.0168,-5451.25,68.2778,4.1847,-0.6623,15.99,134.9083,6.2098,0.1343,1.314,284.0849,2.014,8.5135,-0.0057,5.9303,0.7101,15.5636,0.6629,2785.75,16.04,2.9921,1.7575,11.1189,1010.787,0.0,2.0613,0.9313,9.39,24.5781,9.8018,23.5523,2.3865,7.3247,4.5229,-0.0449,251.1066,0.0046,2.588,911.1111,21.5368,8159.48,2.7646,6.4218,86.6662,85.3154,20.9253,151.1327,양품
2.1045,-0.0123,44.6247,0.0308,-6358.25,69.1667,5.6725,-0.5204,15.89,270.9691,7.4426,0.1381,1.239,216.3306,1.8878,9.6938,0.0171,6.8908,0.7586,17.8955,0.6586,3059.25,15.94,11.5032,4.1928,6.2743,1003.0211,0.0,2.5098,0.928,11.39,22.8028,12.1355,9.9456,4.9451,10.5022,4.5337,-0.0238,196.7171,0.0055,2.453,347.8261,22.9633,8499.47,1.2451,7.2197,87.0735,85.0066,,146.6364,양품
3.9818,-0.0095,45.5026,0.0158,-5496.75,66.8111,3.2733,0.0473,15.93,266.3988,5.7653,0.1078,1.295,403.4,1.981,9.2047,0.0122,4.8264,0.7888,16.0182,0.6068,2515.5,15.84,2.859,3.4425,9.0689,1003.4291,0.0,0.6225,0.9337,19.85,20.2286,12.4728,13.3953,4.2114,11.3416,4.5319,-0.0227,238.3333,0.008,2.499,865.3061,21.1459,8251.1898,3.1327,4.7358,87.0488,84.2212,,143.8073,양품
2.8182,-0.0098,53.265,0.0244,-6335.25,69.9333,2.088,0.0,15.91,232.8939,6.7766,0.0579,1.541,178.8284,1.8898,8.5297,0.0095,6.777,0.7717,17.1818,0.6567,3059.25,15.96,10.241,4.2898,9.0989,1001.3796,0.0,1.4396,0.9257,15.8,14.4248,8.3951,9.0537,5.1934,6.4263,4.5024,-0.0548,114.2581,0.0032,2.51,0.0,22.6844,8630.2701,1.1612,5.6368,86.8269,85.5033,,145.4964,양품
-0.1209,-0.0076,67.3267,0.0231,-6170.75,67.9667,1.9719,-0.1419,15.9,374.4973,6.3084,0.0705,1.163,1075.0356,2.0165,8.5987,0.0113,5.3492,0.6764,20.1209,0.7242,2627.25,15.9,30.9612,2.7955,6.9304,997.8064,0.0,,0.9248,21.52,24.8249,14.9973,10.7716,5.1207,10.4836,4.5484,0.0016,0.0,0.0046,2.708,0.0,28.8518,9395.9002,2.0679,6.3653,86.7807,85.1059,,148.1355,양품
1.1782,-0.0068,90.5109,0.0228,-5372.25,68.2222,3.2878,-0.1419,15.9,125.2863,7.2599,0.1003,1.163,463.6639,2.0088,8.7418,-0.0074,6.5961,0.6764,18.8218,0.7242,2488.0,15.9,5.2755,5.7166,5.1446,997.8064,0.0,,0.9293,9.29,17.1475,7.674,10.63,4.7335,6.4326,4.5537,0.0189,335.2623,0.0063,2.708,968.4211,20.0249,8332.2201,1.4121,5.5993,86.5759,84.8892,,152.1927,양품
0.1664,-0.0117,41.9251,0.0352,-5472.75,67.1222,3.8244,-0.5204,15.89,200.3536,6.833,0.1244,1.239,576.4879,1.9878,9.2047,0.0103,5.9309,0.7586,19.8336,0.6586,2687.75,15.94,3.1987,5.8103,10.563,1003.0211,0.0,,0.9324,21.31,19.442,11.2309,8.7546,4.1255,8.6404,4.5122,-0.0331,0.0,0.0123,2.453,0.0,26.1038,9037.95,3.0051,6.2564,87.0488,84.2212,,143.1645,양품
4.92,-0.0111,35.9955,0.019,-5677.75,67.1778,2.6472,0.0,15.91,302.9923,5.4468,0.0804,1.541,187.4235,2.0012,9.7324,0.0036,4.8499,0.7717,15.08,0.6567,2726.5,15.96,5.9227,3.7215,10.2454,1001.3796,0.0,1.6804,0.9361,16.99,29.814,15.0528,7.6587,4.0418,7.7601,4.5539,-0.0462,87.1951,0.0037,2.51,0.0,22.7427,9794.51,1.3393,5.179,87.1381,85.3825,24.9737,149.0964,양품
-1.3227,-0.0073,46.4957,0.0172,-6424.75,67.7444,1.5656,-1.655,15.95,282.9292,5.7706,0.0401,1.376,320.2555,1.89,8.5232,0.0103,4.482,0.7591,21.3227,0.6903,3144.25,15.98,8.6999,4.576,7.8402,1005.3318,0.0,1.4462,0.9329,24.95,22.7657,17.2327,5.2535,3.1804,11.7319,4.5834,-0.0169,492.1649,0.0059,2.461,0.0,29.827,9580.61,2.2183,5.78,86.6814,85.5983,,150.7,양품
-0.7845,-0.0114,66.0793,0.0325,-6369.75,70.1,4.9182,-0.0946,15.96,295.8947,4.7145,0.1057,1.399,122.0393,1.8907,8.5135,0.0395,4.1581,0.7436,20.7845,0.7857,3045.5,15.96,10.7068,3.1384,8.2149,1006.0844,0.0,,0.927,19.36,14.8615,14.6036,8.8094,5.2124,7.7185,4.5556,-0.0315,852.7231,0.0183,2.471,0.0,28.7982,8626.7101,1.9844,5.311,86.6662,85.3154,15.2357,151.9718,양품
0.2655,-0.0137,32.0875,0.012,-6328.75,68.0889,2.5518,-1.655,15.95,276.6229,4.698,0.0561,1.376,292.8462,1.8805,8.5615,0.0004,4.5185,0.7591,19.7345,0.6903,3044.75,15.98,9.9757,4.2591,6.821,1005.3318,0.0,1.4939,0.9265,19.14,23.6531,10.2814,10.349,5.1124,14.1605,4.5501,-0.0404,0.0,0.0048,2.461,0.0,25.8087,8720.6101,1.4499,5.7657,86.8706,86.3794,25.1272,148.9355,양품
-3.6855,-0.0111,36.036,0.0291,-6234.5,69.7889,1.8927,-0.0946,15.96,329.2805,5.5498,0.0417,1.399,161.5106,1.8878,8.5855,0.0427,4.7477,0.7436,23.6855,0.7857,2921.5,15.96,4.8777,3.8688,7.375,1006.0844,0.0,2.3097,0.9142,10.15,17.8529,8.39,9.8199,4.371,5.7486,4.5382,-0.0298,231.1791,0.0041,2.471,800.0,28.4754,8496.97,2.7609,5.2554,86.8774,86.2857,29.2697,146.2955,양품
-1.7609,-0.0089,22.4404,0.0191,-5962.0,69.0444,2.7146,-0.0946,15.96,37.0529,5.1793,0.0814,1.399,749.7471,2.0393,8.7283,-0.008,4.459,0.7436,21.7609,0.7857,2517.75,15.96,3.2969,3.476,7.2128,1006.0844,0.0,2.3641,0.923,18.24,24.78,12.8948,9.2567,4.8743,11.0497,4.5698,-0.0376,462.8291,0.0056,2.471,0.0,31.1484,8611.06,2.3084,6.5423,86.6108,84.7007,15.8565,145.7055,양품
2.9691,-0.0089,67.0391,0.0141,-5490.25,65.6556,2.996,-0.0946,15.96,139.858,5.5332,0.0898,1.399,296.7045,2.0065,9.754,0.0175,5.8916,0.7436,17.0309,0.7857,2737.75,15.96,4.4362,5.0262,7.095,1006.0844,0.0,,0.929,22.52,16.6688,12.1627,8.9233,4.7213,3.4708,4.5141,-0.0247,178.169,0.0029,2.471,0.0,22.5569,8726.7798,1.5403,5.2792,87.1954,85.8807,12.591,146.0755,양품
-1.7982,-0.0174,32.1377,0.0162,-6330.25,67.6111,3.9355,0.0,15.91,266.0464,4.7883,0.083,1.541,158.79,1.8855,8.9546,0.001,4.4493,0.7717,21.7982,0.6567,3084.0,15.96,10.6014,4.2892,8.7108,1001.3796,0.0,1.7532,0.9338,19.31,38.1405,9.7697,11.7303,4.1332,4.835,4.5389,-0.0387,433.7715,0.0055,2.51,224.0,25.6366,7788.46,2.7912,5.0048,86.9821,85.5528,18.7865,145.8109,양품
-0.3736,-0.0107,62.9108,0.0127,-5135.0,68.7667,3.2641,-1.655,15.95,279.1111,5.2192,0.1012,1.376,248.4364,2.0005,8.9635,0.0,4.7522,0.7591,20.3736,0.6903,2605.5,15.98,3.2042,3.6355,6.6688,1005.3318,0.0,1.5744,0.927,16.68,9.9594,10.6183,8.7383,4.7799,5.7983,4.5556,-0.0277,0.0,0.0054,2.461,0.0,26.4354,9064.2501,1.0663,5.0291,86.9622,84.7226,,149.5255,양품
4.9073,-0.0072,68.1739,0.0162,-6188.0,66.1444,4.2588,-0.0946,15.96,218.4008,5.9707,0.1049,1.399,256.5125,1.8958,8.5334,-0.0068,5.2264,0.7436,15.0927,0.7857,3069.75,15.96,6.6706,5.5938,8.1971,1006.0844,0.0,,0.9238,27.14,20.046,14.6155,11.3907,3.8908,5.4231,4.5429,-0.0375,222.1193,0.0178,2.471,577.7778,22.6375,8296.7401,3.5103,6.0513,86.8109,85.9922,17.3813,141.8018,양품
1.49,-0.01,50.2513,0.0208,-6475.5,69.0889,4.7256,-0.0946,15.96,308.4461,5.3185,0.117,1.399,254.6743,1.8847,8.5779,-0.0035,4.8093,0.7436,18.51,0.7857,3067.5,15.96,3.4565,3.908,7.2552,1006.0844,0.0,1.1068,0.9265,16.92,21.3129,10.4974,8.5185,5.316,4.0638,4.5501,-0.0362,483.2215,0.005,2.471,0.0,24.3465,8630.7298,1.6543,5.2404,86.6492,85.2601,,148.8755,양품
3.2491,-0.0113,37.9691,0.0254,-5558.0,66.5222,2.6827,-1.655,15.95,138.2703,6.8121,0.0827,1.376,202.3001,2.0195,8.9546,-0.0106,6.4192,0.7591,16.7509,0.6903,2830.0,15.98,2.9784,3.9085,7.1662,1005.3318,0.0,2.7379,0.9352,21.94,45.836,12.4782,6.6549,4.1135,6.1087,4.5558,-0.0239,132.9603,0.0037,2.461,608.0,23.4873,9026.55,1.1225,4.6277,86.9821,85.5528,,146.84,양품
-1.0927,-0.0109,48.5126,0.0131,-6380.0,67.3,5.2163,0.2365,15.99,269.0965,5.8811,0.1266,1.338,216.9531,1.8912,23.1583,0.0064,5.1838,0.7287,21.0927,0.6982,3043.75,15.99,49.4715,4.7548,11.2427,1008.7232,0.0,1.9676,0.9265,12.18,25.5607,11.845,10.4737,5.1545,8.8177,4.5501,-0.0913,377.9534,0.0062,2.803,514.2857,27.729,8867.06,1.3739,5.6601,87.0024,103.1082,,149.3582,양품
0.2536,-0.0126,69.1162,0.0257,-5630.75,65.2,1.5631,-0.0946,15.96,171.9486,5.0449,0.0487,1.399,127.4765,1.9838,9.754,0.0261,5.1854,0.7436,19.7464,0.7857,3050.5,15.96,3.3868,5.9816,10.4684,1006.0844,0.0021,,0.927,18.51,30.4772,15.8009,7.0114,5.1268,5.7431,4.5556,-0.0448,0.0,0.0065,2.471,640.0,28.3785,9141.3299,1.7943,5.0115,87.1954,85.8807,,147.83,양품
-0.7036,-0.012,39.2894,0.0251,-5473.25,68.6,2.3738,0.2365,15.99,122.7772,5.5866,0.0772,1.338,132.7137,2.0035,8.3324,0.0124,5.3382,0.7287,20.7036,0.6982,2589.25,15.99,16.9746,2.7697,9.6348,1008.7232,0.0,0.633,0.9236,19.06,24.5904,8.4078,9.8415,4.9094,4.8678,4.4987,-0.0558,983.4625,0.0125,2.803,814.2857,26.841,8605.28,2.2379,2.9289,86.8346,85.1669,,146.0609,양품
3.73,-0.011,20.9567,0.0147,-5611.5,66.0,2.368,-0.5204,15.97,241.7387,6.7593,0.0799,1.447,297.0617,2.0005,8.9635,0.0213,5.3911,0.7232,16.27,0.6809,2770.25,16.01,3.5156,3.1818,8.4764,1007.4808,0.0,1.9743,0.928,10.06,14.6289,12.2001,9.6313,4.8037,9.1932,4.5337,-0.0584,173.4584,0.0055,2.875,0.0,20.899,8328.6299,1.7411,3.8977,86.9622,84.7226,,144.3464,양품
-0.4173,-0.0108,34.1801,0.0254,-6382.5,68.8,3.5861,-0.0946,15.96,273.4476,7.353,0.0808,1.399,234.9503,1.881,9.7836,-0.0104,6.2281,0.7436,20.4173,0.7857,2995.75,15.96,3.7746,3.9244,10.9411,1006.0844,0.0,0.5332,0.9236,20.16,21.3212,11.4469,11.2056,4.9722,9.9344,4.4987,-0.0815,0.0,0.0038,2.471,407.2727,27.1259,9137.5001,1.3416,6.1322,87.2,83.6359,19.2648,145.7555,양품
1.4464,-0.0118,65.1163,0.0284,-5666.25,68.6333,1.0872,-0.5204,15.97,51.0123,6.554,0.038,1.447,314.8411,2.0528,8.7812,0.0317,5.6979,0.7232,18.5536,0.6809,2776.75,16.01,3.4478,2.4769,11.4927,1007.4808,0.0,1.9841,0.9314,23.35,42.6995,14.8863,28.4119,2.5957,4.7955,4.4982,-0.057,967.2532,0.0035,2.875,0.0,23.7545,8589.6398,3.6962,6.3061,86.6597,85.2505,,148.6809,양품
4.8364,-0.0095,47.1204,0.0148,-5523.75,70.9,3.1829,0.3311,15.95,141.6322,6.8081,0.1002,1.04,251.187,2.0347,8.6706,0.0033,5.6283,0.7884,15.1636,0.5172,2576.5,15.96,3.9263,3.103,7.0985,1008.7769,0.0,0.5477,0.9295,15.22,32.4354,6.5598,32.7438,2.8539,9.3323,4.5089,-0.0615,365.3571,0.0045,2.662,0.0,20.0445,8373.26,4.5988,7.7723,86.8967,84.7348,15.4662,149.5873,양품
-2.6655,-0.009,72.2222,0.0144,-6477.0,70.2222,1.1583,0.3311,15.95,170.2731,6.3086,0.0289,1.04,99.1195,1.8925,8.6706,-0.0119,5.1851,0.7884,22.6655,0.5172,2917.25,15.96,18.4647,5.5538,9.27,1008.7769,0.0,1.5526,0.9357,14.42,12.5391,12.7551,4.0117,2.9982,5.533,4.5829,-0.0584,276.5007,0.0046,2.662,0.0,28.1985,8884.93,2.5659,5.9886,86.8967,84.7348,13.0993,153.8045,양품
-0.3455,-0.0146,45.7338,0.0317,-5733.0,68.0,2.1813,0.2365,15.99,239.5245,5.6345,0.0699,1.338,646.8982,1.9952,8.7283,0.0252,4.6028,0.7287,20.3455,0.6982,2627.0,15.99,4.6806,3.8235,9.2329,1008.7232,0.0,,0.9217,16.43,32.9145,9.4727,8.7834,4.1631,15.0008,4.4937,-0.073,0.0,0.0056,2.803,549.3976,28.4793,8400.72,2.1024,5.4248,86.6108,84.7007,,143.8591,양품
-6.6055,-0.0103,36.715,0.0139,-5242.25,68.5778,3.7192,-1.655,15.95,876.7147,6.7536,0.1218,1.376,221.4895,2.0,8.7932,0.0038,5.8509,0.7591,26.6055,0.6903,3108.0,15.98,5.3428,3.3539,7.0014,1005.3318,0.0,,0.9276,21.47,14.0899,11.6909,6.2686,3.507,6.0071,4.5784,-0.0427,108.0925,0.0039,2.461,0.0,32.7516,8622.7099,2.6941,5.6408,86.8489,85.513,,154.9836,양품
-0.0191,-0.0132,18.1303,0.0149,-5336.0,65.9111,2.094,-0.0946,15.96,1655.6513,5.5926,0.0775,1.399,401.9469,1.993,9.0425,0.0003,4.8727,0.7436,20.0191,0.7857,3553.0,15.96,9.0472,4.3999,8.7773,1006.0844,0.0,2.652,0.9313,20.41,31.2453,14.2545,7.8838,3.3496,6.4234,4.6532,-0.0344,0.0,0.0082,2.471,256.0,27.3069,8846.63,3.405,4.7815,86.8006,84.6838,25.8606,151.7891,양품
1.4845,-0.0146,62.3288,0.0304,-5472.0,69.0667,1.4906,0.7569,15.77,168.1031,5.5519,0.0476,0.9649,505.6857,1.9978,8.5288,0.0174,4.6174,0.6627,18.5155,0.9233,2730.0,15.81,4.2724,2.8958,10.5239,1000.8402,0.0,,0.9258,24.39,22.7157,20.0572,9.2729,3.9326,2.3095,4.5448,-0.0185,447.275,0.008,2.888,0.0,25.426,9205.3697,2.3084,4.5607,86.6692,85.2227,,139.4236,양품
8.9864,-0.0083,76.8769,0.0169,-5361.5,63.8444,3.4884,-0.5204,15.97,191.1143,5.9035,0.1199,1.447,285.8875,2.0023,8.5232,0.0006,5.786,0.7232,11.0136,0.6809,2661.0,16.01,23.3728,4.8556,16.365,1007.4808,0.0,0.9505,0.9335,13.81,20.9094,11.1346,9.8801,4.4004,4.7606,4.5434,-0.0681,64.8761,0.0034,2.875,751.5152,17.1276,9005.5399,1.6901,4.3844,86.6814,85.5983,,143.6782,양품
-0.95,-0.0142,61.9718,0.0218,-6341.25,72.3111,3.5711,-0.5204,15.89,249.613,6.405,0.0884,1.239,168.9859,1.8945,8.4896,0.0024,5.517,0.7586,20.95,0.6586,2987.0,15.94,6.283,4.8402,6.354,1003.0211,0.0,1.3668,0.923,16.04,21.4808,12.3092,8.7616,4.0774,3.4077,4.5698,0.0014,0.0,0.0043,2.453,517.0732,24.9604,8889.4001,2.7968,4.4299,87.0327,85.2679,15.4662,136.75,양품
2.8618,-0.0101,55.377,0.0306,-6222.5,66.7333,3.3168,0.3311,15.95,297.7766,5.9291,0.0702,1.04,259.364,1.894,8.5855,0.0308,5.4353,0.7884,17.1382,0.5172,3060.25,15.96,5.1816,3.1469,3.8595,1008.7769,0.0,2.6146,0.9314,18.69,38.9811,11.3909,26.1048,2.6825,5.1866,4.4982,-0.0207,427.3507,0.0041,2.662,533.3333,22.83,8657.8701,3.2766,7.0083,86.8774,86.2857,,150.7718,양품
-2.0764,-0.0141,33.2449,0.0278,-6305.25,67.4111,4.6911,-1.655,15.95,320.9241,6.314,0.1005,1.376,252.5449,1.888,8.5891,0.0344,5.5574,0.7591,22.0764,0.6903,3041.75,15.98,3.5726,3.5602,12.2403,1005.3318,0.0,,0.934,23.85,33.3826,15.5746,5.6045,3.7537,6.11,4.5775,-0.0586,344.8336,0.0073,2.461,738.4615,30.4914,8763.57,2.1391,5.4197,86.7366,86.0936,,153.0282,양품
3.36,-0.0144,45.8732,0.0225,-5412.5,67.3667,2.3596,0.7569,15.77,100.7058,5.318,0.0784,0.9649,550.8844,1.9957,8.7568,0.0243,4.8695,0.6627,16.64,0.9233,2500.5,15.81,107.9521,4.1564,11.3892,1000.8402,0.0,1.6768,0.9305,28.9,18.0449,15.4055,9.0359,4.6473,7.0302,4.5122,-0.044,174.7024,0.0104,2.888,431.5789,25.3734,8642.9699,1.4819,5.2497,86.5928,85.7033,15.4662,146.5109,양품
4.0427,-0.0093,69.7051,0.0179,-5320.5,66.9333,2.026,-0.0946,15.96,853.8912,5.6554,0.0664,1.399,86.7967,2.0238,8.9635,0.0068,4.6694,0.7436,15.9573,0.7857,2775.25,15.96,6.6988,3.2869,7.5901,1006.0844,0.0,1.9129,0.928,26.18,19.5843,12.3891,8.3462,5.2273,5.4374,4.5337,-0.0394,188.2393,0.0072,2.471,971.4286,23.229,9322.2499,2.1851,6.3993,86.9622,84.7226,12.2083,146.0255,양품
2.8618,-0.0129,29.4004,0.0283,-5304.5,68.8556,2.3588,-0.5204,15.89,270.6622,7.1774,0.0829,1.239,214.2623,2.0155,8.3324,0.0251,5.7376,0.7586,17.1382,0.6586,2670.0,15.94,4.3333,4.0665,8.2874,1003.0211,0.0,1.1554,0.928,16.71,14.085,8.6469,7.9757,4.8583,6.4813,4.5337,-0.0493,170.521,0.0059,2.453,0.0,21.7888,8571.1401,1.4848,5.7257,86.8346,85.1669,18.1549,147.81,양품
-1.9909,-0.0112,40.0891,0.0149,-5387.5,71.5444,1.0487,0.3311,15.95,182.0385,6.0443,0.0326,1.04,163.186,1.9693,8.6706,0.0014,6.0301,0.7884,21.9909,0.5172,2706.0,15.96,17.4688,2.9352,5.112,1008.7769,0.0,,0.9356,17.36,18.0611,12.5046,4.2956,3.1312,11.427,4.5724,-0.0171,248.6301,0.0053,2.662,0.0,26.8809,8746.5098,1.4115,5.4567,86.8967,84.7348,15.4662,152.7082,양품
0.7655,-0.0089,63.6872,0.0162,-6300.25,69.7556,5.7233,-0.5204,15.97,260.2953,7.1479,0.1254,1.447,165.363,1.8685,8.5334,0.002,7.126,0.7232,19.2345,0.6809,2881.5,16.01,5.2376,4.1574,10.7967,1007.4808,0.0,2.223,0.9327,15.36,33.3539,8.8098,7.9464,3.9854,5.7586,4.5454,-0.0484,627.0784,0.0037,2.875,367.8161,25.2115,9152.0399,1.377,5.7748,86.8109,85.9922,,147.6055,양품
1.9245,-0.0118,54.9102,0.0136,-5803.0,65.3778,2.4874,0.2365,15.99,158.7123,6.8691,0.0918,1.338,509.6685,1.9852,8.5459,-0.0081,6.6981,0.7287,18.0755,0.6982,2726.25,15.99,7.7789,32.274,10.1323,1008.7232,0.0,3.2485,0.9338,19.28,32.1755,9.5869,9.1606,3.973,4.6417,4.5389,-0.0787,600.6613,0.0032,2.803,392.0,22.7319,8363.76,3.2594,5.4209,86.6954,84.9334,22.4452,145.6355,불량
-0.1973,-0.0063,48.9152,0.0145,-5766.75,66.9444,1.6642,0.7569,15.77,237.766,5.9963,0.0589,0.9649,707.3973,2.0125,8.7662,-0.0126,4.9115,0.6627,20.1973,0.9233,2633.0,15.81,8.7875,3.1369,10.1586,1000.8402,0.0,1.6236,0.9265,16.93,18.2938,12.818,8.9013,4.1751,9.2828,4.5682,0.0237,0.0,0.0045,2.888,0.0,25.7623,9353.74,2.8586,4.2393,86.5018,84.2049,15.4662,139.6136,양품
-1.9855,-0.015,25.3968,0.0197,-5329.0,68.1889,2.9612,0.7569,15.77,220.3853,6.085,0.0893,0.9649,405.6328,2.007,8.7932,-0.0023,5.2436,0.6627,21.9855,0.9233,2535.5,15.81,3.2995,2.7864,7.1735,1000.8402,0.0,,0.9217,26.5,35.9372,15.2572,7.0022,4.4844,7.9214,4.4937,-0.0471,195.9249,0.0078,2.888,578.7234,30.1818,9002.0502,1.3667,6.9898,86.8489,85.513,,141.7673,양품
2.4718,-0.0111,37.7104,0.0155,-5410.0,69.4222,5.1536,-0.5204,15.97,144.5484,4.6869,0.1568,1.447,527.1945,2.0158,8.7283,0.0064,3.6774,0.7232,17.5282,0.6809,2484.25,16.01,4.1992,4.7535,7.4213,1007.4808,0.0,1.4913,0.927,32.48,20.7711,16.0027,10.8293,4.894,6.6471,4.5556,-0.0799,347.922,0.0036,2.875,375.2212,24.4754,8644.4398,2.3484,5.8056,86.6108,84.7007,16.2776,148.0345,양품
3.7127,0.0013,451.4851,0.0204,-6180.75,69.9111,3.1474,-1.655,15.95,241.3909,4.4837,0.0654,1.376,313.7211,1.8908,8.4092,0.0047,4.6276,0.7591,16.2873,0.6903,3038.75,15.98,,4.2912,5.799,1005.3318,0.0,,0.9243,17.53,16.3158,9.5027,8.5238,4.7713,5.1701,4.5027,0.0046,134.9412,0.0067,2.461,0.0,22.2294,8941.72,1.5318,4.4291,86.7481,85.2626,9.6733,150.48,양품
-0.66,-0.008,63.8498,0.019,-5461.75,66.5,3.3674,0.7569,15.77,161.6962,7.2623,0.1077,0.9649,316.6411,1.995,8.9635,-0.0009,6.7713,0.6627,20.66,0.9233,2631.5,15.81,2.713,2.7068,6.0522,1000.8402,0.0,,0.9236,23.55,18.3374,13.8445,8.8464,4.931,6.6432,4.4987,-0.0409,759.0909,0.0043,2.888,0.0,26.0425,8822.4301,1.3733,5.3375,86.9622,84.7226,20.6195,144.2073,양품
-1.0573,-0.012,62.7615,0.024,-5055.5,68.9,2.825,-0.5204,15.97,249.7432,5.9499,0.0898,1.447,402.0485,1.9648,8.9635,0.0537,5.1284,0.7232,21.0573,0.6809,2682.5,16.01,2.6261,3.3382,12.2192,1007.4808,0.0,,0.928,23.61,23.6161,18.1719,8.9941,4.8247,3.3903,4.5337,-0.0776,382.1152,0.0097,2.875,0.0,29.012,8889.2499,1.1269,5.085,86.9622,84.7226,29.5911,144.2355,양품
11.2909,-0.0111,39.5062,0.021,-5343.0,67.4222,1.3053,-0.7096,15.91,232.944,5.594,0.0397,1.135,230.3143,2.0192,8.7994,-0.0233,4.8084,0.6802,8.7091,0.6128,2678.75,15.94,6.7939,2.6697,7.3062,1002.4074,0.0,0.8363,0.9332,13.9,14.2373,5.6007,6.3171,4.3035,10.7271,4.5483,-0.0163,50.1289,0.0049,2.467,0.0,13.8957,8617.3398,1.7594,5.3249,86.7297,84.6614,10.2468,145.0527,불량
-1.9573,-0.0111,55.0169,0.0238,-5541.75,70.8111,1.9185,-0.1419,15.98,213.6118,6.2807,0.0632,0.9649,302.478,2.0062,8.6706,-0.0106,5.4122,0.827,21.9573,0.6295,2496.0,15.9,3.1556,3.813,10.4629,1004.4267,0.0,,0.9346,15.45,9.8804,12.8818,3.4025,3.09,9.1321,4.6195,-0.0567,208.9642,0.0051,3.463,415.5844,27.0214,9206.9899,1.282,5.1359,86.8967,84.7348,11.9494,152.1009,양품
-0.4482,-0.0062,107.0994,0.0191,-5782.25,71.4111,2.9237,-0.1419,15.98,187.4644,6.275,0.0898,0.9649,332.6744,1.9682,8.6706,-0.0134,5.6388,0.827,20.4482,0.6295,2540.25,15.9,,2.8007,10.8755,1004.4267,0.0,,0.9357,17.0,22.9263,15.1218,5.467,3.0725,7.8704,4.5829,-0.0544,0.0,0.0078,3.463,137.4233,28.0456,8865.2798,2.9169,5.013,86.8967,84.7348,15.4662,153.2318,양품
-3.9318,-0.0111,35.0168,0.0134,-5254.5,67.3778,3.1274,0.7569,15.83,219.3156,6.7701,0.0959,0.9271,192.4309,1.9937,8.5135,-0.0054,4.865,0.7677,23.9318,0.511,2635.0,15.87,4.0675,1.4842,8.6769,1002.8717,0.0,1.1007,0.9343,22.23,19.6902,10.2026,4.8752,3.0356,3.8097,4.5296,-0.0451,259.422,0.0048,2.703,0.0,29.5895,8754.59,3.2381,4.9326,86.6662,85.3154,,154.3427,양품
-2.3355,-0.009,49.0934,0.0654,-6208.75,68.9556,3.4388,0.7569,15.83,284.0263,5.5167,0.079,0.9271,197.8322,1.8852,8.5459,-0.0227,5.2076,0.7677,22.3355,0.511,3023.75,15.87,6.1448,3.7705,8.9804,1002.8717,0.0,1.0637,0.929,14.06,30.058,12.1404,9.8795,4.7929,4.3162,4.5141,-0.0272,306.5784,0.0066,2.703,0.0,28.2141,8227.7,1.9598,4.9515,86.6954,84.9334,13.9857,149.6673,양품
-0.2173,-0.0144,29.0909,0.0225,-5409.25,68.7444,4.513,-1.655,15.95,82.6574,5.6106,0.1587,1.376,506.5086,2.014,8.77,0.0274,4.5051,0.7591,20.2173,0.6903,2608.25,15.98,29.1038,4.6549,5.9987,1005.3318,0.0,2.1661,0.9217,18.34,34.3911,11.5072,9.5692,4.5929,5.3996,4.4937,0.0058,0.0,0.0039,2.461,391.1111,26.9312,9192.1001,1.6315,4.5222,86.5202,85.7881,24.4645,136.8627,양품
-0.6464,-0.0111,49.6614,0.0254,-5926.25,66.2556,2.1969,0.7569,15.83,196.4355,5.9938,0.0778,0.9271,562.2765,2.0255,8.7812,0.0124,5.076,0.7677,20.6464,0.511,2795.75,15.87,4.1761,4.5279,10.6617,1002.8717,0.0,,0.9142,15.39,20.4016,5.7609,9.1455,4.374,5.6318,4.5382,-0.0335,0.0,0.0047,2.703,0.0,25.0675,9064.6001,2.1407,4.0786,86.6597,85.2505,,143.8264,양품
7.24,-0.0088,87.2521,0.028,-5551.75,68.4667,2.4232,-0.1419,15.98,58.9322,6.0587,0.0822,0.9649,346.2758,2.0107,8.5459,0.0265,5.1764,0.827,12.76,0.6295,2663.5,15.9,3.6796,3.7975,10.2639,1004.4267,0.0,,0.9217,20.22,15.1797,13.21,7.5032,4.3428,7.0695,4.7797,-0.0515,65.884,0.0042,3.463,253.4161,20.1964,8315.35,1.3439,6.2111,86.6954,84.9334,22.1332,147.3936,양품
-2.8818,-0.0087,59.5136,0.015,-5389.75,68.1667,2.867,-0.5204,15.89,152.7686,6.6169,0.106,1.239,1190.5322,1.9905,8.8132,-0.0068,5.6899,0.7586,22.8818,0.6586,2713.75,15.94,4.3948,5.5746,4.986,1003.0211,0.0,1.4644,0.9362,15.72,16.6937,21.2,5.6817,3.2015,5.3451,4.5591,0.0285,229.3691,0.0053,2.453,0.0,29.7075,9240.9799,2.346,5.0641,86.52,85.8748,15.5325,147.6127,양품
-0.9409,-0.0073,70.8688,0.0122,-5536.0,68.0,4.3342,0.7569,15.83,126.4315,6.2044,0.1355,0.9271,228.5709,1.9883,23.1583,-0.004,5.4629,0.7677,20.9409,0.511,2806.75,15.87,5.163,3.3824,12.5698,1002.8717,0.0,,0.934,12.75,36.5919,15.7682,5.6562,3.347,6.4924,4.5775,-0.0334,428.3092,0.0024,2.703,0.0,29.2332,8889.0501,1.2834,5.9791,87.0024,103.1082,19.847,153.1018,양품
2.2855,-0.0062,42.0202,0.0162,-6257.5,70.2667,1.87,1.04,15.66,157.1186,6.678,0.0569,1.116,991.2189,2.0055,8.6706,0.0016,6.4332,0.657,17.7145,0.7675,2595.75,15.7,,4.5541,11.1116,991.5424,0.0,1.4425,0.9295,26.46,16.8406,10.9018,32.8988,2.701,10.1458,4.5017,-0.0298,722.3947,0.0086,2.552,146.6135,21.7095,8586.1801,4.2695,6.1704,86.8967,84.7348,15.4662,146.9573,양품
0.7227,-0.015,37.2712,0.0141,-6585.75,67.4778,0.6297,-0.5204,15.89,262.9411,5.8915,0.0156,1.239,184.8628,1.8927,8.7867,0.015,5.1275,0.7586,19.2773,0.6586,2915.0,15.94,8.2751,4.0013,5.3541,1003.0211,0.0,,0.9302,16.05,13.0015,10.3116,5.7914,4.4286,3.6395,4.5729,-0.006,662.7673,0.004,2.453,787.3016,24.1852,8437.5501,1.5881,4.7661,86.5708,83.7263,,138.4818,양품
4.9073,-0.0128,28.18,0.0335,-5484.0,66.5778,2.8507,-0.5204,15.97,84.951,4.8511,0.0981,1.447,524.0522,1.977,9.7324,0.0185,4.4667,0.7232,15.0927,0.6809,2648.0,16.01,4.0757,2.8538,7.3383,1007.4808,0.0,1.9291,0.9361,20.58,21.0991,13.8418,6.5225,4.3571,4.4764,4.5539,-0.0849,81.7155,0.0058,2.875,731.4286,22.9594,8672.86,1.0798,5.2825,87.1381,85.3825,7.8341,147.4409,양품
2.28,-0.0116,26.8108,0.0161,-6495.25,67.5778,4.7828,-0.5204,15.97,262.4703,7.8586,0.1302,1.447,215.2741,1.894,9.2047,0.0075,7.3417,0.7232,17.72,0.6809,3127.0,16.01,10.2908,4.8833,8.2795,1007.4808,0.0,1.8192,0.9378,13.14,55.0612,9.9055,7.9299,3.8371,7.5564,4.6615,-0.0509,257.4561,0.0044,2.875,0.0,23.4612,8933.02,1.7614,4.7578,87.0488,84.2212,27.3133,149.0127,양품
0.9518,-0.0071,67.7249,0.0203,-5353.0,67.9444,2.0774,-0.1419,15.98,136.744,6.1273,0.0633,0.9649,340.1166,1.9937,23.1583,-0.0102,5.4981,0.827,19.0482,0.6295,2515.25,15.9,3.7747,3.8267,11.5415,1004.4267,0.0,,0.9329,16.84,23.863,16.2372,4.6937,3.0443,5.8937,4.5834,-0.0533,493.7918,0.0046,3.463,771.4286,26.3334,9137.6599,1.6452,5.8072,87.0024,103.1082,,153.2136,양품
1.2836,-0.012,28.3333,0.0319,-6279.0,70.6889,4.8812,-0.5204,15.97,213.5187,7.2355,0.1082,1.447,171.0341,1.884,9.7836,0.0269,5.7604,0.7232,18.7164,0.6809,2997.25,16.01,6.3419,3.2537,6.6656,1007.4808,0.0,1.0901,0.928,17.7,14.2191,10.1086,10.8175,5.0114,12.6757,4.5337,-0.0917,426.1331,0.0051,2.875,0.0,23.8157,8543.74,1.5754,7.7317,87.2,83.6359,19.932,149.5782,양품
0.7064,-0.0096,43.5233,0.0179,-6506.5,70.7111,1.5205,-0.5204,15.89,304.0114,7.5293,0.0326,1.239,45.0518,1.8885,8.7418,-0.011,6.336,0.7586,19.2936,0.6586,2952.75,15.94,19.2675,4.384,8.286,1003.0211,0.0,,0.9265,23.23,17.0795,13.5055,10.755,5.6187,6.7658,4.5501,-0.0436,945.6885,0.0032,2.453,783.3333,23.9262,8625.34,2.3447,5.7955,86.5759,84.8892,15.4662,142.6291,양품
2.6873,-0.0149,48.4441,0.0168,-5761.0,68.5556,2.7577,0.7569,15.83,221.686,5.2869,0.0978,0.9271,172.814,2.0315,8.6005,0.005,4.282,0.7677,17.3127,0.511,2714.0,15.87,50.1942,2.6256,8.7521,1002.8717,0.0,,0.9194,11.88,15.8877,15.4246,8.9928,2.2203,3.6244,4.4582,0.0096,222.9026,0.0074,2.703,458.5366,21.6739,8832.1702,1.9307,4.5091,86.6618,85.4112,,145.4036,양품
15.3073,-0.0109,69.8851,0.0232,-5518.75,69.5889,4.7549,-0.5204,15.97,333.294,6.1786,0.1533,1.447,186.3999,1.997,8.6527,0.0023,5.8846,0.7232,24.6927,0.6809,2820.25,16.01,3.8888,4.1673,7.8831,1007.4808,0.0,,0.9227,19.98,41.4532,25.3082,4.9764,4.8555,5.9828,4.6862,-0.0538,37.5638,0.0025,2.875,0.0,33.4962,9105.23,1.5453,6.9284,86.9642,86.4465,,145.2509,불량
7.9755,-0.01,50.1253,0.015,-5160.25,68.2667,1.8833,0.2365,15.99,165.1007,6.0237,0.058,1.338,679.0672,2.0042,8.7994,-0.0117,5.7117,0.7287,12.0245,0.6982,2737.25,15.99,6.8467,3.8086,13.3652,1008.7232,0.0,1.9503,0.9261,19.31,19.6001,10.7691,8.9657,5.3124,4.2849,4.5454,-0.033,75.607,0.0037,2.803,817.7778,17.5921,8942.8202,1.7716,4.9923,86.7297,84.6614,,139.5609,양품
-0.6591,-0.0022,249.711,0.0236,-5542.5,71.9556,1.8698,-0.1419,15.94,138.6675,6.3488,0.0579,0.8845,248.4371,1.9823,8.6427,-0.0116,5.6425,0.808,20.6591,0.4559,2474.0,15.94,,2.0846,3.8788,1006.5471,0.0,1.4988,0.9362,25.42,23.5094,20.3755,9.0309,3.1289,7.3262,4.5591,-0.026,0.0,0.0083,2.748,0.0,25.2563,8878.8499,3.056,4.2717,86.575,83.7738,,147.8264,양품
-2.4609,-0.0092,66.2144,0.0206,-6484.0,71.6667,1.8424,-0.1419,15.94,271.4693,5.8028,0.051,0.8845,173.8294,1.882,8.6895,-0.0153,4.9982,0.808,22.4609,0.4559,2869.75,15.94,4.0574,6.6977,4.0524,1006.5471,0.0,1.2139,0.9258,21.91,28.546,19.1455,7.9861,4.4168,4.2918,4.5448,-0.0667,173.5131,0.0067,2.748,0.0,31.4439,9400.2201,1.3776,4.4119,86.7411,83.768,,143.53,양품
1.8173,-0.016,50.7439,0.0445,-6349.75,67.9889,5.6509,0.2365,15.99,295.7617,6.0042,0.1392,1.338,172.5985,1.8923,9.5713,-0.0291,4.4118,0.7287,18.1827,0.6982,3112.5,15.99,4.4127,4.5596,3.904,1008.7232,0.0,,0.9278,20.87,70.684,13.2882,6.0497,4.4504,3.4949,4.759,-0.0048,423.1616,0.0319,2.803,428.0702,24.3905,8639.07,1.9385,5.4756,86.8261,85.6608,18.3243,147.0727,불량
-1.1391,-0.0078,69.12,0.0204,-5750.0,69.9111,3.6507,-0.1419,15.94,126.6715,5.7855,0.1195,0.8845,256.2629,1.9763,8.6427,0.0037,4.9435,0.808,21.1391,0.4559,2639.5,15.94,,2.7177,11.4399,1006.5471,0.0,1.4947,0.9334,18.5,32.6244,19.5291,3.6874,3.3668,3.3645,4.6031,-0.0346,768.1564,0.0063,2.748,524.1379,29.5723,8938.6898,2.4019,5.4581,86.575,83.7738,19.7392,147.1245,양품
-4.1518,-0.0097,73.0077,0.0269,-5613.5,67.8444,1.8025,-0.1419,15.94,178.559,5.6536,0.0538,0.8845,103.9663,1.9527,8.7219,0.0086,4.7901,0.808,24.1518,0.4559,2691.0,15.94,,4.8641,4.7449,1006.5471,0.0,1.7729,0.923,17.77,31.0326,9.3529,8.9018,5.1615,11.9817,4.5698,-0.0777,240.6175,0.017,2.748,0.0,30.4891,8689.88,2.3903,4.6653,86.5265,85.2764,,142.9682,양품
-0.6936,-0.0091,55.0206,0.0196,-5279.5,67.0,5.0058,-0.1419,15.94,871.1244,5.9975,0.1786,0.8845,104.0401,2.024,8.5615,-0.0015,5.5034,0.808,20.6936,0.4559,3214.5,15.94,3.2694,2.6866,4.9371,1006.5471,0.0,0.9871,0.9296,18.51,41.5859,15.6872,7.3686,3.6729,5.2008,4.5889,-0.0814,0.0,0.0033,2.748,389.4737,28.2022,8462.0301,2.6051,5.1589,86.8706,86.3794,24.4475,151.9,양품
0.1891,-0.0146,42.6117,0.0273,-6466.0,69.3111,3.5287,-0.5677,15.99,323.6453,4.3233,0.0754,1.418,139.5111,1.884,8.659,0.001,4.343,0.6786,19.8109,0.8522,3069.25,15.97,4.6043,3.4626,10.691,1009.9188,0.0,,0.9289,23.66,25.8089,15.7782,9.373,4.9379,5.7327,4.5406,-0.0711,0.0,0.0085,3.955,0.0,27.7146,8439.8099,2.3554,5.5818,86.8196,85.5265,11.4352,145.3073,양품
2.39,-0.0095,68.7831,0.0248,-5172.25,68.6444,3.1811,-0.1419,15.94,204.2392,6.3404,0.0958,0.8845,287.1694,2.006,8.5615,0.0047,6.0316,0.808,17.61,0.4559,2650.5,15.94,,2.3309,4.0447,1006.5471,0.0,0.7975,0.934,21.28,15.0259,15.0863,4.1902,3.1237,2.9332,4.5775,-0.066,451.4644,0.0042,2.748,784.6154,25.5921,8416.3199,3.1505,5.2366,86.8706,86.3794,,149.6682,양품
-0.9127,-0.009,64.5341,0.0154,-6447.0,68.6556,3.2969,-0.1419,15.98,344.1913,5.9491,0.0698,0.9649,83.8053,1.8825,8.441,-0.0163,4.7795,0.827,20.9127,0.6295,3115.5,15.9,47.6246,3.6414,10.2465,1004.4267,0.0,,0.9238,32.17,24.8358,16.7109,6.99,4.4431,8.4692,4.5429,-0.0102,522.6096,0.0036,3.463,940.0,29.3191,9100.4501,1.6934,6.1672,87.0383,84.9737,21.5028,140.1555,양품
0.9409,-0.0078,57.971,0.0234,-5602.25,65.6889,3.6453,-0.0946,16.01,160.3174,5.7667,0.1123,0.946,543.5975,2.016,9.754,0.009,4.8549,0.7908,19.0591,0.5424,2617.5,15.97,3.54,3.6536,11.056,1010.6904,0.0,1.7325,0.9329,21.79,21.4685,16.9681,7.1541,3.0956,4.8856,4.5834,-0.0639,742.8986,0.0039,2.72,464.9573,26.7098,8679.2601,2.1447,5.6716,87.1954,85.8807,23.4995,152.8991,양품
-2.0555,-0.0091,41.8733,0.0176,-5640.0,66.1889,2.7387,-0.0946,16.01,61.7272,6.8415,0.0905,0.946,199.2854,1.9795,9.0776,0.0024,5.7748,0.7908,22.0555,0.5424,2635.25,15.97,4.7175,3.9282,9.4845,1010.6904,0.0,,0.9276,12.51,18.2495,13.0401,5.6024,2.9502,5.2289,4.5784,-0.083,406.2362,0.0032,2.72,430.0,27.456,8460.9799,2.3491,6.0591,86.8379,85.822,17.697,152.4227,양품
-3.1455,-0.0104,35.6627,0.0246,-6470.75,67.5667,6.3376,-0.0946,16.04,353.2519,6.7714,0.1326,0.9176,308.6167,1.8685,8.5779,0.0107,5.8294,0.7975,23.1455,0.5213,3012.25,16.01,,3.404,10.6073,1011.5203,0.0,2.2832,0.9329,16.87,15.6102,19.0018,5.4566,3.1056,8.0986,4.5834,-0.0312,197.7457,0.0061,2.747,507.9365,31.4605,8969.65,1.7649,5.818,86.6492,85.2601,,151.7536,양품
1.5445,-0.01,38.143,0.0322,-6545.0,70.2778,2.0077,-0.2365,15.74,171.0875,6.3195,0.0444,1.295,203.306,1.9053,8.7219,0.0075,4.9736,0.7159,18.4555,0.7001,3012.75,15.74,4.5666,5.5494,7.4312,997.7034,0.0,1.091,0.9334,22.19,23.7793,17.0363,5.2362,3.1579,7.4055,4.6031,-0.0772,376.8099,0.0035,2.535,632.0988,26.3116,8238.7699,1.9023,5.1356,86.5265,85.2764,,151.1036,양품
1.4373,-0.0088,79.8859,0.0232,-5277.25,67.5333,2.289,-0.0946,16.04,234.4659,5.7578,0.0735,0.9176,216.6939,1.9743,8.7812,-0.0024,4.54,0.7975,18.5627,0.5213,2593.75,16.01,3.3415,2.5173,11.0309,1011.5203,0.0,,0.9217,22.54,29.4499,11.845,9.1253,4.1985,9.2986,4.4937,-0.0387,635.2304,0.0052,2.747,224.3386,25.7025,8358.4099,2.5557,3.515,86.6597,85.2505,22.1604,143.0327,양품
-6.0445,-0.0082,48.5584,0.0161,-6474.25,63.1889,0.6106,-0.0946,16.01,316.7439,5.4591,0.0139,0.946,203.2361,1.8782,9.0776,0.0105,4.982,0.7908,26.0445,0.5424,3132.0,15.97,10.6373,4.1146,8.8318,1010.6904,0.0,1.3292,0.9296,18.14,44.8349,20.0855,5.8761,3.6625,9.3679,4.5889,-0.0696,91.322,0.0048,2.72,0.0,34.9236,9057.5901,1.7289,6.1775,86.8379,85.822,,152.6482,양품
1.3791,-0.0101,36.6791,0.0803,-6238.25,69.7667,2.6529,-0.0946,16.04,337.6264,5.5712,0.0605,0.9176,249.0641,1.889,8.5334,0.0165,4.8059,0.7975,18.6209,0.5213,2995.75,16.01,100.809,4.1567,7.2066,1011.5203,0.0,1.9782,0.923,18.1,18.4484,8.7061,11.5363,4.3084,9.2809,4.5698,-0.0559,720.0396,0.0026,2.747,131.6129,24.6273,7574.11,3.0197,6.6936,86.8109,85.9922,24.0585,141.15,양품
-0.9618,-0.0059,70.7368,0.0199,-6283.75,68.0556,2.8592,-0.0946,16.04,292.877,6.1471,0.0682,0.9176,161.2253,1.882,8.5891,0.0015,4.3945,0.7975,20.9618,0.5213,2996.25,16.01,,4.849,8.2945,1011.5203,0.0,1.9767,0.9329,22.19,32.5182,16.9445,7.3011,3.5971,9.4501,4.5834,-0.0483,882.7032,0.0076,2.747,198.2906,29.4926,8834.0999,2.7883,5.5271,86.7366,86.0936,,150.5809,양품
1.6073,-0.011,43.7856,0.0232,-5422.0,69.1333,6.8861,-0.0946,16.04,215.9043,6.1799,0.218,0.9176,495.4237,1.9783,8.7219,0.006,4.9839,0.7975,18.3927,0.5213,2613.0,16.01,41.0461,4.6287,8.2822,1011.5203,0.0,1.2521,0.9329,18.45,25.3724,15.5718,7.2065,3.0382,4.6249,4.5834,-0.049,517.6471,0.003,2.747,0.0,25.9809,9025.0999,2.8181,5.0302,86.5265,85.2764,,152.0036,양품
-2.5727,-0.0084,47.7612,0.0232,-6286.75,67.2556,4.4414,-0.0946,16.04,272.9669,5.8506,0.0956,0.9176,272.9241,1.8782,23.1583,0.0173,4.7743,0.7975,22.5727,0.5213,3093.25,16.01,2.8178,3.2711,10.3117,1011.5203,0.0,2.7308,0.9331,18.47,18.9444,12.8363,4.9506,3.451,3.1585,4.5722,-0.0297,207.1731,0.0032,2.747,400.0,28.7966,9039.7301,1.5208,5.3584,87.0024,103.1082,,152.2864,양품
3.3918,-0.0104,28.0193,0.022,-6590.75,67.3778,2.9274,0.615,15.97,324.1423,5.1635,0.0688,0.9649,186.7019,1.8803,8.7696,0.0051,4.8937,0.8261,16.6082,0.5848,2933.25,16.0,,5.1946,11.0782,1009.1781,0.0,2.1202,0.9312,17.79,14.5404,15.1773,5.6035,3.6543,5.4606,4.5462,-0.0883,106.1378,0.0039,2.721,757.8947,22.8177,8597.09,1.1956,4.6911,86.5639,85.7833,15.4662,142.4755,양품
-1.3773,-0.0102,45.9096,0.033,-6386.75,67.2667,3.4813,-0.2365,15.74,142.7617,5.8336,0.0727,1.295,253.0025,1.867,9.0425,0.0257,5.3337,0.7159,21.3773,0.7001,2901.75,15.74,,4.7572,9.1238,997.7034,0.0,2.0174,0.9362,25.45,35.0268,18.3509,5.3406,3.2087,10.0272,4.5591,-0.063,254.1254,0.0026,2.535,0.0,28.9871,8543.9499,1.2289,5.0426,86.8006,84.6838,15.4662,151.5882,양품
2.0336,-0.0098,32.57,0.032,-5520.25,69.8889,2.3005,0.615,15.97,113.4563,5.78,0.0748,0.9649,314.2901,1.995,8.5615,-0.0304,5.2235,0.8261,17.9664,0.5848,2793.5,16.0,5.4089,3.5771,10.5812,1009.1781,0.0,1.4037,0.925,15.39,20.0057,16.4828,6.9923,2.004,4.4464,4.435,-0.0756,305.3643,0.0043,2.721,469.8413,25.8665,8582.24,1.9086,4.187,86.8706,86.3794,28.9763,147.0836,양품
1.5755,-0.0067,129.0807,0.0258,-5529.25,66.6778,1.8966,-0.4258,16.02,53.668,5.8708,0.0669,0.9554,201.8587,2.0202,9.0121,0.032,5.2325,0.8222,18.4245,0.508,2756.25,15.97,4.1004,3.5994,10.3926,1008.1258,0.0,1.306,0.9288,21.72,23.6833,11.4873,11.3504,4.9444,8.0824,4.5186,-0.0601,448.1244,0.0088,2.78,286.4198,25.849,8847.7601,1.9342,5.342,86.6797,86.6785,15.4662,146.12,양품
2.5336,-0.0113,41.6851,0.0401,-6454.5,67.8111,1.1405,0.615,15.97,277.8109,5.6773,0.0279,0.9649,185.8324,1.8885,8.77,-0.0086,5.1049,0.8261,17.4664,0.5848,2879.25,16.0,2.9112,4.719,11.0871,1009.1781,0.0,,0.9238,11.24,21.991,19.2555,7.7461,2.1468,4.8187,4.5321,-0.0328,572.3,0.0045,2.721,0.0,24.25,8796.9399,3.9804,4.5339,86.5202,85.7881,15.3518,142.9855,양품
-1.7327,-0.0088,70.4545,0.0224,-5566.5,66.4444,1.0543,0.0,16.02,141.269,5.9265,0.0341,1.068,543.0497,1.98,8.7662,0.038,4.8066,0.8258,21.7327,0.566,2568.75,15.98,,3.7625,9.932,1010.6104,0.0,,0.9302,17.85,10.8071,12.5951,7.9724,4.0324,5.7219,4.5729,-0.0477,331.2697,0.0054,2.726,0.0,26.7697,9473.93,2.035,5.1152,86.5018,84.2049,28.6441,140.1627,양품
-5.1655,-0.011,47.3804,0.0252,-6374.5,69.4778,2.2058,0.0,15.98,272.5638,5.957,0.0559,0.9554,260.5718,1.8952,8.8384,0.0028,4.5357,0.7987,25.1655,0.6479,3091.5,15.99,4.8984,4.3179,9.602,1010.9003,0.0,2.0052,0.9346,12.56,15.1385,16.1227,8.031,3.1228,3.6904,4.6195,-0.0609,81.3094,0.013,3.351,0.0,30.3892,8761.1898,1.1659,4.8247,87.0242,86.931,19.413,150.9336,양품
-5.0027,-0.0092,53.406,0.0273,-6381.5,67.6444,3.0763,0.615,15.97,324.9892,6.2772,0.0634,0.9649,130.2421,1.8878,8.5459,0.009,4.9782,0.8261,25.0027,0.5848,3194.0,16.0,6.2179,3.8436,9.2649,1009.1781,0.0,1.6903,0.9331,20.04,20.8912,16.0554,5.8201,3.5868,2.5089,4.5722,-0.091,90.3507,0.0035,2.721,305.1546,30.9658,8878.2698,1.529,6.1499,86.6954,84.9334,,150.2627,양품
-1.0082,-0.008,67.9245,0.0203,-6630.25,68.8778,3.9777,0.0,16.02,267.4204,6.0708,0.0893,1.068,195.5631,1.8798,8.7662,0.0004,5.4485,0.8258,21.0082,0.566,2943.5,15.98,9.4173,4.3555,10.0816,1010.6104,0.0,,0.929,20.53,34.5249,24.5027,6.765,3.7823,2.2394,4.5819,-0.028,406.6727,0.0061,2.726,0.0,28.539,9410.5199,1.639,5.4388,86.5018,84.2049,15.7883,137.9836,양품
2.0591,-0.0097,39.3273,0.0133,-5349.25,69.2222,2.5682,0.1892,15.67,233.9309,5.6631,0.0853,1.48,361.4308,2.001,8.7812,0.0078,5.0027,0.736,17.9409,0.8215,3002.5,15.75,4.121,2.3114,10.1981,991.8757,0.0,0.4684,0.9329,15.81,14.1075,18.08,5.8946,3.2015,7.3063,4.5834,-0.0798,317.6159,0.0029,2.481,0.0,24.6557,9448.4501,2.3056,5.176,86.6597,85.2505,17.5611,149.4609,양품
-0.17,-0.0086,77.193,0.0158,-4557.0,69.1222,3.5366,0.0,16.02,150.5155,5.723,0.1247,1.068,1257.6123,2.0148,8.77,0.0005,5.2714,0.8258,20.17,0.566,2593.25,15.98,,4.7742,7.8278,1010.6104,0.0,1.5204,0.9306,19.23,50.0538,22.8082,5.2982,3.6677,5.2194,4.5809,-0.0416,0.0,0.0062,2.726,314.4828,28.121,8557.41,1.6954,6.3432,86.5202,85.7881,15.4662,140.4364,양품
-1.8791,-0.0089,52.8833,0.0276,-6301.75,69.8,2.8402,0.0,16.02,263.162,5.6399,0.0657,1.068,159.7631,1.8873,8.5891,0.0019,4.9957,0.8258,21.8791,0.566,3053.25,15.98,47.3937,3.4384,9.5794,1010.6104,0.0,1.0211,0.923,24.54,32.8337,13.9443,7.536,4.2046,5.2597,4.5698,-0.0847,214.9976,0.0103,2.726,576.4706,31.0771,8431.48,1.1726,4.8126,86.7366,86.0936,,142.0245,양품
53.6818,-0.0018,217.1429,0.023,-6405.75,68.6778,2.4627,0.0473,15.99,294.0231,6.09,0.0656,1.021,204.6466,1.888,23.1583,-0.0019,6.2261,0.6849,42.63,0.6538,3111.25,15.94,,3.9314,10.7206,1008.4998,0.0,,0.9335,156.08,21.7892,53.9451,158.1332,4.293,173.3631,4.5434,-0.1862,490.3522,0.006,3.635,0.0,56.8964,9403.5399,38.3676,43.7244,87.0024,103.1082,18.5251,87.0255,불량
2.1145,-0.0111,58.4927,0.0238,-5438.5,67.4778,1.7861,0.0,16.02,220.6677,6.1786,0.0573,1.068,354.3384,1.999,8.5788,0.0109,5.2222,0.8258,17.8855,0.566,2701.25,15.98,6.9299,3.5567,10.1995,1010.6104,0.0,1.6831,0.9258,17.16,29.3387,16.7345,8.4183,4.0248,8.6246,4.5448,-0.0727,252.0636,0.0048,2.726,283.6364,26.4123,8793.4601,1.8804,3.3087,86.6582,85.7419,,140.4127,양품
-0.9918,-0.0086,47.4674,0.0269,-6316.75,69.4111,3.2684,0.0,16.02,221.5024,5.7143,0.0789,1.068,366.0386,1.8915,8.8384,0.0024,5.0657,0.8258,20.9918,0.566,3054.0,15.98,,4.3221,12.3114,1010.6104,0.0,1.4349,0.9312,23.82,22.881,21.1663,6.8821,4.2005,3.4182,4.5462,-0.0808,588.8176,0.0057,2.726,400.0,28.4192,9243.77,1.9175,6.3777,87.0242,86.931,,138.0864,양품
-0.8045,-0.0118,55.1432,0.0297,-6190.0,67.9111,4.8725,0.0473,15.97,296.9949,6.1287,0.1126,0.9602,249.892,1.8888,8.5855,0.0106,5.3166,0.8162,20.8045,0.5944,3046.0,15.97,3.7958,3.6813,10.9891,1008.6706,0.0,,0.9238,25.94,14.6928,14.5072,9.5093,4.2136,4.1344,4.5429,-0.023,718.4181,0.0052,2.72,0.0,28.8009,9045.3498,1.7565,4.2506,86.8774,86.2857,25.3901,142.9455,양품
0.5791,-0.0092,32.6975,0.0251,-6449.75,68.1889,3.172,0.0,15.98,261.683,5.8077,0.0732,0.9554,216.557,1.8847,8.3324,0.0108,6.4004,0.7987,19.4209,0.6479,3056.0,15.99,,4.1062,8.7002,1010.9003,0.0,1.1943,0.9295,17.98,10.4097,14.1427,10.9154,4.9226,6.8827,4.5348,-0.0791,934.2229,0.0035,3.351,536.9863,24.9563,8601.61,1.4366,5.136,86.8346,85.1669,20.1722,142.6764,양품
-4.8145,-0.0096,68.0628,0.0238,-5989.75,69.0222,2.7626,0.0473,15.97,195.4011,5.4046,0.1076,0.9602,1085.3148,2.0175,8.7932,0.0194,4.6377,0.8162,24.8145,0.5944,3062.75,15.97,,2.8976,11.2628,1008.6706,0.0,2.2961,0.9346,13.8,8.2842,20.4645,5.9283,3.1347,5.678,4.6195,-0.0535,81.2122,0.0071,2.72,350.4762,29.1285,8394.84,1.1506,5.2884,86.8489,85.513,15.0671,149.7009,양품
-0.0964,-0.0089,61.8847,0.0338,-6392.75,68.3333,3.6177,0.0473,15.97,332.0281,6.354,0.0899,0.9602,158.2516,1.8953,8.5779,-0.0111,5.1477,0.8162,20.0964,0.5944,3082.0,15.97,,4.6829,12.125,1008.6706,0.0,1.1267,0.934,28.42,15.3044,17.4191,5.0425,3.2902,8.9009,4.5775,-0.0341,0.0,0.0024,2.72,943.5897,28.2487,8919.15,1.7057,5.1317,86.6492,85.2601,,150.6582,양품
0.34,-0.013,54.6154,0.0116,-5416.0,68.7333,1.2142,-0.9461,15.95,217.0246,5.2238,0.0416,0.9554,552.0163,2.0103,8.8043,0.0135,4.8349,0.7527,19.66,0.5781,2591.5,15.98,3.3066,4.0737,9.5598,1010.1773,0.0,,0.9314,13.67,30.5482,14.062,27.5409,2.8617,7.0359,4.4982,-0.0394,0.0,0.0035,2.892,644.1558,22.3647,8303.47,3.255,4.4732,86.7995,86.5513,24.0364,146.6773,양품
1.5127,-0.0096,40.4669,0.0239,-6447.25,66.2778,3.0818,0.0473,15.97,347.3071,6.4961,0.0829,0.9602,251.4165,1.8693,8.5779,0.0229,5.8785,0.8162,18.4873,0.5944,2966.75,15.97,,4.3755,10.3628,1008.6706,0.0,1.0615,0.929,20.69,19.107,11.6015,11.0293,4.7214,8.4684,4.5141,-0.0341,255.1683,0.0087,2.72,0.0,23.5326,8666.5399,1.283,5.1933,86.6492,85.2601,,146.19,양품
-19.9927,-0.0095,58.9474,0.0323,-5362.75,66.7556,3.5822,0.0,15.98,236.4861,5.4082,0.1164,0.9554,116.8286,1.9795,9.0121,0.0083,4.8205,0.7987,39.9927,0.6479,2713.5,15.99,3.1947,10.486,9.1652,1010.9003,0.0,1.3725,0.9288,20.22,36.4153,34.579,9.6816,3.2189,6.6127,4.5065,-0.0584,42.3154,0.0038,3.351,0.0,70.0879,8885.47,3.1153,6.3224,86.6797,86.6785,18.0603,151.3764,양품
0.0855,-0.0071,77.6014,0.0222,-6411.5,64.1,2.4622,-0.9461,15.95,259.4306,6.0653,0.0588,0.9554,178.3153,1.8828,9.2016,0.0022,4.5651,0.7527,19.9145,0.5781,3071.75,15.98,,3.4321,8.8626,1010.1773,0.0,1.4189,0.9261,16.62,17.0958,19.53,6.0285,2.4334,7.3841,4.4779,-0.0374,0.0,0.0031,2.892,0.0,29.085,8967.2999,3.0124,6.8454,86.8786,86.0222,18.9062,143.9582,양품
3.65,-0.01,46.2312,0.0247,-5936.0,68.4111,3.1158,0.0,15.98,166.6753,5.7741,0.1173,0.9554,845.7308,2.0005,9.0121,0.0215,5.3016,0.7987,16.35,0.6479,2665.0,15.99,4.1212,4.97,9.5055,1010.9003,0.0,0.8794,0.9288,16.56,30.7839,12.1743,10.1487,4.8727,6.0536,4.5186,-0.0592,125.2055,0.0047,3.351,0.0,23.5578,8672.8999,1.4294,5.5793,86.6797,86.6785,25.9637,149.0009,양품
5.1,-0.0097,28.7179,0.0245,-6415.25,68.5444,5.0643,0.0473,15.97,333.144,6.7454,0.1109,0.9602,150.2362,1.8885,8.5687,-0.0011,6.0435,0.8162,14.9,0.5944,3089.25,15.97,,3.3555,9.8886,1008.6706,0.0,,0.9354,13.37,48.1212,9.0415,7.7319,3.9299,5.4442,4.6726,-0.0085,112.1569,0.0036,2.72,542.8571,20.5007,9051.1101,1.6452,4.913,87.032,86.4541,24.7241,150.0673,양품
2.4673,-0.0083,53.092,0.0233,-5597.5,69.5222,0.7183,1.939,15.93,194.9709,5.4168,0.0235,0.9791,387.8028,2.0088,8.7283,-0.0045,5.0355,0.7713,17.5327,0.5709,2673.5,15.92,,4.3152,10.6315,1005.49,0.0,,0.9258,24.03,33.033,18.4718,8.4227,4.454,2.8374,4.5448,-0.0864,161.3117,0.0044,2.912,669.5652,25.252,8986.2101,1.4336,5.6221,86.6108,84.7007,19.5113,142.7364,양품
-2.6673,-0.0109,65.9039,0.0237,-5280.25,66.9,3.682,0.2365,15.95,201.6647,5.6513,0.1266,0.9602,192.1586,1.992,8.7812,0.0056,4.7924,0.8207,22.6673,0.5451,2644.0,15.97,5.1514,2.3916,11.7855,1018.1556,0.0,2.5186,0.9217,24.41,47.2492,11.7536,8.9904,4.2393,14.977,4.4937,-0.1109,122.9721,0.0033,2.737,544.9275,31.016,8427.51,1.0408,7.0412,86.6597,85.2505,26.3986,144.6218,양품
3.8,-0.009,46.473,0.018,-6347.0,69.2667,5.9438,-0.9461,15.95,262.8363,5.8848,0.1346,0.9554,284.5089,1.8808,8.6005,-0.004,5.3991,0.7527,16.2,0.5781,2935.75,15.98,3.6473,4.3311,10.5264,1010.1773,0.0,,0.9295,21.39,23.327,15.4709,8.2372,4.8832,6.7676,4.5348,-0.0339,104.4737,0.006,2.892,0.0,22.7395,8419.82,1.223,6.7737,86.6618,85.4112,,143.33,양품
0.3418,-0.0136,33.0579,0.0143,-6407.75,67.2111,3.3354,0.0473,15.97,163.3531,5.6284,0.0745,0.9602,161.1239,1.9023,9.4257,0.0166,4.6894,0.8162,19.6582,0.5944,3041.75,15.97,5.3199,4.166,10.3933,1008.6706,0.0,1.9341,0.9238,18.84,26.4769,16.4734,9.9169,4.5497,4.5494,4.5429,-0.0163,0.0,0.0043,2.72,301.2987,27.8586,9562.5201,2.0542,5.9739,87.1143,84.6051,15.4662,140.4582,양품
0.23,-0.0101,39.7516,0.0257,-6470.25,66.3889,2.3151,0.0473,15.97,286.2668,5.9714,0.0526,0.9602,214.9331,1.8828,8.5779,0.032,4.9019,0.8162,19.77,0.5944,3009.0,15.97,,2.7113,10.1682,1008.6706,0.0,1.7707,0.9329,13.95,29.3822,18.0328,6.637,3.2436,7.5804,4.5834,-0.0109,0.0,0.0029,2.72,0.0,28.057,9349.7899,1.8802,5.187,86.6492,85.2601,,151.4436,양품
-0.7482,-0.0063,97.8304,0.0209,-4621.0,69.1,0.9972,0.2365,15.95,171.6884,6.1884,0.0327,0.9602,1161.7797,2.0112,8.5288,-0.0204,5.0569,0.8207,20.7482,0.5451,2634.25,15.97,,3.9074,13.2746,1018.1556,0.0,0.9509,0.9238,14.58,16.1686,12.8305,6.3387,4.6072,4.4649,4.5429,-0.0407,991.7375,0.0049,2.737,339.823,29.1518,9071.53,2.2221,5.1276,86.6692,85.2227,18.0085,142.22,양품
2.74,-0.0092,56.445,0.0262,-6453.0,68.7,4.7854,0.2365,15.95,250.3471,6.232,0.1126,0.9602,186.0125,1.9,8.7696,0.0272,5.2322,0.8207,17.26,0.5451,2965.5,15.97,2.8664,3.639,12.0742,1018.1556,0.0,1.8339,0.9238,15.31,25.0406,20.2509,6.8715,2.3971,4.2038,4.5321,-0.0583,323.3577,0.0034,2.737,485.7143,24.5728,8847.02,2.3917,5.9667,86.5639,85.7833,4.9916,139.8727,양품
0.1491,-0.0096,27.154,0.0201,-6288.25,69.2444,2.8318,0.0473,15.97,308.5936,5.6739,0.0674,0.9602,157.2246,1.8933,8.5891,0.0042,4.5214,0.8162,19.8509,0.5944,3016.0,15.97,3.6438,2.7439,11.3239,1008.6706,0.0,0.9869,0.923,16.25,15.2301,9.023,6.7966,4.0191,5.4108,4.5698,0.0046,0.0,0.0046,2.72,0.0,26.0093,9140.3799,1.6939,6.086,86.7366,86.0936,12.4278,143.0473,양품
1.4982,-0.0075,54.7579,0.0247,-5085.75,66.3111,2.6245,-0.8042,16.0,92.8529,6.8363,0.0823,0.9649,448.6902,1.9795,9.0425,0.001,7.3091,0.7923,18.5018,0.5761,2755.5,15.95,,3.4685,8.0985,1010.1669,0.0,1.0347,0.9288,20.08,33.9838,13.7556,13.004,5.8933,6.528,4.5186,-0.0846,379.1262,0.0059,2.778,418.4615,25.9589,8286.56,1.8176,5.0155,86.8006,84.6838,15.4662,150.7345,양품
-0.3518,-0.0083,61.4458,0.0218,-6295.0,68.0333,4.586,0.0473,15.97,310.705,6.4137,0.1102,0.9602,199.9817,1.893,9.7836,0.0245,5.1434,0.8162,20.3518,0.5944,3022.75,15.97,4.8135,3.2337,8.9637,1008.6706,0.0,1.3655,0.9236,24.1,16.0398,14.4854,9.8421,4.9096,4.7047,4.4987,-0.0135,0.0,0.0031,2.72,455.814,25.2303,8351.0298,1.5466,5.3251,87.2,83.6359,,142.6245,양품
1.7991,-0.0103,32.0388,0.0262,-6370.25,68.1333,3.1732,0.4258,15.95,221.5948,5.6688,0.0717,0.9838,100.9765,1.9058,9.3335,0.0103,4.8839,0.7611,18.2009,0.6119,3115.25,15.94,31.6455,4.6967,9.0712,1006.766,0.0,1.8731,0.9238,23.86,18.8217,11.8073,14.029,4.2252,3.0029,4.5429,-0.1014,757.049,0.0059,2.776,424.0964,25.9351,9071.97,3.9228,2.9329,86.8786,84.0746,17.1574,144.5245,양품
-1.71,-0.0091,38.4088,0.0259,-6551.5,71.3556,1.4551,1.939,15.93,265.0497,5.7864,0.033,0.9791,185.0,1.882,8.6427,-0.0221,4.6504,0.7713,21.71,0.5709,2859.0,15.92,,2.943,11.8806,1005.49,0.0,,0.9217,17.49,40.4319,14.1382,7.9957,4.6216,5.8362,4.4937,-0.0495,362.5733,0.0055,2.912,410.2564,29.1971,8735.91,1.842,3.8855,86.575,83.7738,,138.2755,양품
2.1918,-0.0091,67.9452,0.0244,-6534.75,69.8222,4.3143,0.0473,15.99,229.4232,5.4827,0.1053,1.021,163.0059,1.8865,8.77,-0.0075,5.3402,0.6849,17.8082,0.6538,2838.5,15.94,,5.4424,7.7666,1008.4998,0.0,,0.9306,21.66,38.5145,17.1954,6.4597,3.6009,5.3635,4.5809,-0.043,278.764,0.0028,3.635,828.5714,26.3692,8126.6901,2.1269,5.8507,86.5202,85.7881,,140.2064,양품
-0.2282,-0.011,59.2255,0.028,-6295.5,68.9778,1.579,1.939,15.93,262.2886,5.3561,0.0351,0.9791,138.1798,1.8942,8.5788,-0.0171,4.6768,0.7713,20.2282,0.5709,3038.0,15.92,4.8758,4.9291,10.5026,1005.49,0.0,1.6339,0.9257,31.44,25.3613,18.68,8.73,5.1484,11.8879,4.5024,-0.0788,0.0,0.0034,2.912,0.0,28.6915,9200.0601,1.5645,5.1955,86.6582,85.7419,7.1986,145.2736,양품
-2.7427,-0.0102,60.6357,0.0275,-5994.0,67.9556,3.9439,1.939,15.93,216.5941,6.2209,0.122,0.9791,1241.1159,2.0013,8.9635,0.0294,5.2487,0.7713,22.7427,0.5709,2783.5,15.92,,3.9732,10.3423,1005.49,0.0,,0.9236,18.63,24.2427,9.7113,8.0913,4.9714,10.6183,4.4987,-0.1218,222.771,0.0043,2.912,825.0,28.674,8918.65,1.7878,4.3443,86.9622,84.7226,,148.6109,양품
1.0336,-0.0119,36.2869,0.0243,-6900.5,67.0222,1.5634,0.4258,15.95,320.501,6.5621,0.0349,0.9838,905.6609,1.8847,8.5891,0.0113,6.799,0.7611,18.9664,0.6119,3063.25,15.94,,4.6253,9.8304,1006.766,0.0,1.6299,0.929,17.25,23.1457,9.9475,10.1304,4.5447,7.4828,4.5141,-0.0736,432.4538,0.004,2.776,0.0,24.3057,8510.42,1.3601,5.5525,86.7366,86.0936,,147.8064,양품
-1.2336,-0.01,103.1289,0.0256,-6204.25,69.5444,3.5923,0.0473,15.99,230.5188,5.6324,0.0757,1.021,155.2898,1.8865,8.5855,0.0065,4.7869,0.6849,21.2336,0.6538,2965.75,15.94,4.887,4.0262,9.9996,1008.4998,0.0,,0.9346,11.22,14.6368,14.0173,8.7691,3.1272,4.646,4.6195,-0.0704,422.3287,0.0043,3.635,0.0,26.3006,8552.91,1.4579,5.165,86.8774,86.2857,,150.0227,양품
3.9309,-0.0091,48.1532,0.0262,-5442.75,70.6222,1.0819,-0.615,15.8,300.5067,6.3707,0.0354,0.9507,534.942,2.0475,8.5135,0.0246,5.8813,0.7833,16.0691,0.6779,2602.25,15.85,3.2873,3.2568,10.8834,1001.7946,0.0,1.4369,0.9306,18.27,21.9452,15.899,30.3839,2.6804,4.7656,4.4917,-0.0734,442.9001,0.0045,2.821,0.0,22.9785,8397.2999,4.6865,4.7616,86.6662,85.3154,13.7846,146.6755,양품
3.1845,-0.0118,35.518,0.0182,-6448.25,69.1444,2.6999,1.939,15.93,349.1718,7.1628,0.0609,0.9791,202.8684,1.8815,8.5779,-0.004,6.3585,0.7713,16.8155,0.5709,2949.25,15.92,3.6784,3.3264,9.5241,1005.49,0.0,,0.9257,18.35,8.4841,9.7867,10.3587,5.1914,5.4338,4.5024,-0.0606,166.1148,0.0042,2.912,0.0,22.1925,8484.88,1.4875,4.4422,86.6492,85.2601,18.5959,146.8573,양품
3.5264,-0.0072,75.5245,0.022,-6535.25,67.9333,3.8553,-0.8042,16.0,267.6009,4.6328,0.0979,0.9649,197.0184,1.8915,8.7662,-0.0253,4.3767,0.7923,16.4736,0.5761,2935.75,15.95,3.6638,4.5633,12.6648,1010.1669,0.0,,0.93,15.61,18.111,17.77,4.7362,3.6907,6.2851,4.5896,-0.0392,151.1472,0.0058,2.778,0.0,21.3934,8794.9101,1.6294,5.391,86.5018,84.2049,24.6499,140.8091,양품
0.8764,-0.011,60.1367,0.0254,0.0,69.3333,0.0,1.939,15.93,0.0,6.5683,0.0,0.9791,0.0,0.0,8.7696,0.0198,6.098,0.7713,19.1236,0.5709,0.0,15.92,,5.625,9.4795,1005.49,0.0,0.5041,0.9346,19.36,30.6797,18.5282,5.5375,3.1559,13.4068,4.6195,-0.0745,0.0,0.0042,2.912,0.0,27.1747,8722.84,3.3387,4.7504,86.5639,85.7833,13.1139,148.4318,양품
-1.9682,-0.0082,52.2003,0.0163,-5442.75,66.9889,4.2113,0.4258,15.95,164.3705,7.4635,0.1339,0.9838,331.9923,2.0042,8.5334,0.0045,6.0106,0.7611,21.9682,0.6119,2689.5,15.94,11.1303,2.687,7.5917,1006.766,0.0,1.4305,0.9331,23.44,24.6721,13.4528,5.2645,3.1474,10.2046,4.5722,-0.1054,367.3441,0.0037,2.776,0.0,26.565,8348.04,2.0669,5.8078,86.8109,85.9922,24.7768,152.2845,양품
3.2964,-0.0083,52.9323,0.0264,-6451.75,66.6,2.0392,-0.9461,15.95,169.5897,5.7283,0.0477,0.9554,175.7695,1.859,9.1156,-0.0161,5.2347,0.7527,16.7036,0.5781,2940.0,15.98,,5.2553,8.7923,1010.1773,0.0,1.7834,0.9295,16.83,18.4257,8.3183,24.3798,2.9359,4.639,4.5089,-0.0518,328.5436,0.0061,2.892,350.0,21.2894,9116.9602,2.6425,6.3034,86.8518,85.0513,17.3613,147.2309,양품
4.3818,-0.0065,90.2486,0.0291,-6364.25,69.1111,2.2186,0.2365,15.95,299.2662,5.4181,0.0542,0.9602,226.0802,1.8895,8.7568,-0.0307,4.9731,0.8207,15.6182,0.5451,2879.75,15.97,5.2155,2.4598,10.6532,1018.1556,0.0,,0.929,19.19,20.9068,14.5473,6.0884,3.7084,6.9538,4.5819,-0.0436,74.8548,0.0062,2.737,337.6147,23.4325,8336.1801,1.1288,5.9905,86.5928,85.7033,,144.6691,양품
0.5082,-0.0087,88.2521,0.0168,-5521.25,69.9,2.6216,-0.1419,15.98,240.5695,6.2989,0.0842,0.9649,359.5695,2.0125,8.5615,-0.0006,6.3934,0.827,19.4918,0.6295,2683.5,15.9,4.0578,4.0057,12.4662,1004.4267,0.0,1.9999,0.929,15.96,20.8534,10.123,10.6223,4.8974,4.7158,4.5141,-0.05,932.737,0.0036,3.463,0.0,25.6003,8098.64,1.2502,3.1917,86.8706,86.3794,,145.6791,양품
0.4373,-0.0102,46.3054,0.0215,-6317.25,66.7,4.6952,0.0473,15.97,208.3403,6.4175,0.1141,0.9602,203.6621,1.8848,9.1156,-0.0121,6.2241,0.8162,19.5627,0.5944,2980.5,15.97,,4.4978,9.5575,1008.6706,0.0,1.4898,0.9299,14.88,25.0758,10.1415,35.326,2.7102,6.3461,4.5291,-0.0476,0.0,0.0049,2.72,0.0,24.5833,8989.9399,5.393,6.3873,86.8518,85.0513,15.4662,150.4855,양품
-0.6609,-0.0142,43.6236,0.0138,-5508.5,68.1111,1.566,-0.615,15.8,220.9472,6.5332,0.0489,0.9507,733.9076,1.9788,8.7812,-0.0054,5.3927,0.7833,20.6609,0.6779,2635.5,15.85,2.5752,4.9918,12.6135,1001.7946,0.0,2.7273,0.934,20.56,22.4884,13.1609,6.7836,2.9137,2.6206,4.5775,-0.0692,876.066,0.0064,2.821,455.6962,25.3772,9290.2499,1.5688,5.2882,86.6597,85.2505,25.1091,149.9636,양품
2.5055,-0.0082,74.277,0.0196,-5249.25,74.6667,3.987,0.2365,15.95,144.4123,7.2215,0.137,0.9602,459.9387,1.9752,8.3331,-0.0166,6.6033,0.8207,17.4945,0.5451,2655.25,15.97,,1.875,11.9668,1018.1556,0.0,2.6177,0.9261,14.36,15.5583,10.5073,7.1836,2.1944,6.3005,4.4779,-0.0549,354.0276,0.0017,2.737,679.2453,23.1487,8989.74,2.9314,5.2584,86.993,84.969,12.0531,144.9091,양품
0.4027,-0.0096,41.5045,0.0245,-6564.5,68.3333,4.7505,-0.615,15.8,259.531,5.0057,0.1028,0.9507,211.4687,1.8965,8.7696,0.0189,3.8517,0.7833,19.5973,0.6779,2892.5,15.85,3.4607,5.7073,12.2199,1001.7946,0.0,,0.9238,14.95,28.5148,21.129,4.8547,2.4017,4.7142,4.5321,-0.1087,0.0,0.0043,2.821,688.0,27.2715,8827.89,3.5008,4.8467,86.5639,85.7833,3.2908,140.6382,양품
-1.2973,-0.0115,26.2009,0.0263,-5648.25,67.7556,2.9858,1.939,15.93,144.8962,4.4843,0.0988,0.9791,530.0549,2.018,8.5334,0.0442,4.3183,0.7713,21.2973,0.5709,2709.75,15.92,,3.3946,12.2971,1005.49,0.0,,0.9295,16.86,8.3079,7.9873,10.6068,4.8294,7.9562,4.5348,-0.1124,0.0,0.0086,2.912,0.0,27.5945,9232.3602,4.3824,5.6056,86.8109,85.9922,,149.3173,양품
4.4827,-0.0092,82.3848,0.017,-6249.25,69.4778,2.4124,0.0473,15.87,288.6432,5.4552,0.0546,0.9365,240.0797,1.884,8.5855,0.0233,4.6359,0.7747,15.5173,0.5873,3007.25,15.86,2.4909,4.174,10.1615,1004.5168,0.0,1.0381,0.9238,19.55,17.8885,13.8091,9.2359,4.0928,4.2433,4.5429,-0.0691,154.8165,0.0031,2.841,0.0,22.9589,9278.5899,2.2062,5.4421,86.8774,86.2857,,139.5136,양품
0.3036,-0.01,48.1807,0.0216,-5667.75,69.6333,1.795,0.4258,15.95,126.0344,6.3964,0.0661,0.9838,290.5838,2.0075,9.308,-0.0218,5.5401,0.7611,19.6964,0.6119,2617.0,15.94,3.958,3.0158,9.3531,1006.766,0.0,,0.9314,17.6,40.8202,9.2543,29.7801,2.9156,7.5994,4.4982,-0.0703,0.0,0.003,2.776,800.0,24.4119,8767.77,4.0988,6.7624,86.872,84.7114,7.2011,148.96,양품
2.5718,-0.0108,23.2558,0.024,-5440.5,67.2778,4.5018,-0.615,15.8,117.6974,6.57,0.1528,0.9507,36.5194,2.0015,9.6938,0.0017,5.3774,0.7833,17.4282,0.6779,2664.0,15.85,5.7134,4.0132,10.2408,1001.7946,0.0,,0.9251,13.74,18.1283,10.6835,9.5346,5.0053,6.2216,4.5155,-0.0855,124.4256,0.0063,2.821,0.0,20.9109,9103.26,0.9388,5.0847,87.0735,85.0066,,148.5155,양품
-0.0555,-0.0133,36.773,0.0307,-5701.0,70.0556,4.1721,-0.615,15.8,232.8896,6.2269,0.1419,0.9507,351.7907,1.993,8.7283,0.0164,5.012,0.7833,20.0555,0.6779,2656.25,15.85,,2.9976,11.589,1001.7946,0.0,,0.934,29.86,21.7744,13.9354,5.2611,3.3998,11.0059,4.5775,-0.0637,0.0,0.003,2.821,800.0,25.7896,9771.2799,3.1617,6.1701,86.6108,84.7007,,149.6464,양품
-0.4455,-0.008,67.2897,0.0212,-6308.75,67.7444,4.3009,-0.615,15.8,288.544,5.3724,0.096,0.9507,148.2821,1.8855,8.8384,0.0095,4.8766,0.7833,20.4455,0.6779,3079.5,15.85,7.2889,4.2808,12.4421,1001.7946,0.0,0.8626,0.9312,17.28,29.8326,24.8391,9.5205,3.656,4.0014,4.5462,-0.0757,0.0,0.0041,2.821,0.0,28.0135,9111.5801,2.0865,5.4397,87.0242,86.931,10.9686,140.45,양품
-1.1582,-0.0098,66.4962,0.0331,-6449.25,70.0222,2.0752,-0.615,15.8,350.6461,5.6406,0.0432,0.9507,197.1689,1.8793,8.9546,-0.0083,5.0145,0.7833,21.1582,0.6779,3047.0,15.85,7.1286,3.8559,12.1708,1001.7946,0.0,2.5104,0.9312,22.26,32.6964,21.9709,5.737,3.9095,4.9308,4.5462,-0.0731,340.1884,0.0035,2.821,186.3014,29.3803,8744.3301,1.45,6.2529,86.9821,85.5528,,137.7055,양품
-0.4073,-0.0106,32.9412,0.0319,-6724.5,70.1,5.5431,-0.615,15.8,330.8548,5.8332,0.1329,0.9507,882.1574,1.8935,8.5334,0.004,5.7115,0.7833,20.4073,0.6779,3000.25,15.85,,3.709,14.2883,1001.7946,0.0,,0.9306,12.39,26.9915,16.1442,40.057,2.8996,5.2867,4.4958,-0.1022,0.0,0.0039,2.821,0.0,25.3135,8529.2199,6.6806,6.4871,86.8109,85.9922,,147.73,양품
0.1155,-0.0079,64.455,0.0128,-5646.25,69.4222,2.9371,-0.1419,15.98,159.0417,7.5303,0.0983,0.9649,496.5886,2.0027,8.5788,-0.0032,6.5395,0.827,19.8845,0.6295,2596.75,15.9,6.1272,3.3131,10.2015,1004.4267,0.0,1.2984,0.934,24.53,22.048,12.6663,5.5191,3.1528,5.1901,4.5775,-0.044,0.0,0.004,3.463,942.2222,25.0919,8631.0899,3.7987,5.6235,86.6582,85.7419,,149.9009,양품
-8.64,-0.0067,93.3333,0.0295,-5336.0,68.7333,3.2539,-0.615,15.8,142.0197,5.2204,0.1001,0.9507,509.2655,1.9933,8.5788,-0.0124,4.5076,0.7833,28.64,0.6779,2637.75,15.85,3.7905,1.6004,10.7361,1001.7946,0.0,1.7672,0.9298,19.71,14.7792,12.8082,5.0983,3.3708,8.846,4.6229,-0.0842,90.8565,0.0067,2.821,246.8085,34.6714,9186.63,2.1699,5.6107,86.6582,85.7419,,155.4373,양품
3.19,-0.0108,45.4756,0.0286,-5699.75,69.4,3.6027,0.4258,15.95,609.531,6.2613,0.1176,0.9838,295.4537,2.0112,8.7283,0.0086,4.7621,0.7611,16.81,0.6119,2983.0,15.94,,4.611,8.342,1006.766,0.0,,0.9265,16.56,32.9253,11.5303,7.2152,3.8922,7.8401,4.5682,-0.0467,113.1661,0.006,2.776,474.5763,22.5685,8886.2602,1.3647,4.3538,86.6108,84.7007,,144.3855,양품
-2.0836,-0.0104,35.6627,0.0182,-5386.5,67.9778,1.1425,0.4258,15.95,86.6925,5.9629,0.0347,0.9838,173.792,2.0112,8.7568,-0.0423,6.5486,0.7611,22.0836,0.6119,2476.75,15.94,2.6482,2.2066,11.9385,1006.766,0.0,,0.9293,16.72,26.0263,8.0516,11.2032,4.9194,4.8653,4.5537,-0.0435,249.0838,0.0039,2.776,360.3053,23.4308,8837.2001,1.5454,5.2372,86.5928,85.7033,,150.4545,양품
-1.1527,-0.0101,37.4846,0.0228,-5374.75,69.5889,2.3904,-0.615,15.8,289.4299,5.2162,0.0817,0.9507,748.6621,2.0155,8.5615,-0.0069,4.606,0.7833,21.1527,0.6779,2590.5,15.85,5.5548,2.0118,12.5993,1001.7946,0.0,2.1524,0.9208,14.32,22.4076,14.5554,7.7637,2.4141,5.3217,4.4758,-0.1095,671.4511,0.0036,2.821,0.0,26.9974,8159.88,2.3737,5.7821,86.8706,86.3794,19.2859,141.6845,양품
2.99,0.0203,20.6769,0.0461,-5513.5,65.9111,3.0497,0.0473,15.87,377.281,5.0532,0.0985,0.9365,355.1549,2.0317,9.754,-0.0102,4.4492,0.7747,17.01,0.5873,2884.75,15.86,3.6451,3.9447,13.364,1004.5168,0.0,,0.9337,21.15,28.116,17.0281,8.4123,4.3042,6.8674,4.5319,-0.0921,212.0401,0.0359,2.841,203.9216,23.2157,8700.71,1.9763,5.6462,87.1954,85.8807,,144.1591,양품
1.5582,-0.0086,68.8047,0.0222,-6433.5,69.8444,2.299,0.4258,15.95,321.8411,5.9053,0.0496,0.9838,238.3478,1.8872,8.441,-0.0262,5.3721,0.7611,18.4418,0.6119,3087.5,15.94,4.155,4.1521,18.4695,1006.766,0.0,1.5334,0.9312,21.38,32.914,14.7009,6.3474,4.2109,4.4489,4.5462,-0.0391,323.4539,0.0027,2.776,243.1373,25.9403,9072.8601,1.8064,5.0098,87.0383,84.9737,15.4662,141.1582,양품
-0.5464,-0.0097,22.6221,0.0239,-6374.25,68.1667,0.6455,0.0473,15.87,359.8123,6.4715,0.0152,0.9365,644.7177,1.8805,8.7696,0.0103,6.1883,0.7747,20.5464,0.5873,2986.25,15.86,,4.1076,11.6025,1004.5168,0.0,1.6809,0.9295,17.14,10.7731,17.0083,10.3861,4.7446,4.7047,4.5348,-0.069,0.0,0.0039,2.841,980.0,25.8855,8104.17,1.8586,6.5366,86.5639,85.7833,17.444,141.7718,양품
2.8618,-0.0071,65.0177,0.0255,-5538.75,69.8,2.2628,-0.4731,15.88,105.4103,6.549,0.0688,0.9176,387.2737,1.9932,8.77,-0.0036,6.6476,0.8318,17.1382,0.5719,2644.0,15.88,4.8114,3.7249,10.863,1000.2793,0.0,1.3266,0.9295,14.58,17.766,7.6957,26.1852,2.9643,6.0387,4.5089,-0.0136,432.5921,0.0059,2.71,277.686,22.4125,8569.6701,3.2053,7.2063,86.5202,85.7881,31.9497,151.8545,양품
-4.4482,-0.009,89.1365,0.011,-6507.75,66.6778,1.3234,0.0473,15.87,167.3248,6.724,0.032,0.9365,315.6046,1.8772,9.1156,-0.0202,5.8306,0.7747,24.4482,0.5873,2985.75,15.86,3.9641,4.1993,11.5995,1004.5168,0.0,,0.9261,10.35,24.8081,21.1473,10.3633,2.4313,2.9266,4.4779,-0.0317,211.9967,0.0039,2.841,0.0,34.3644,8213.32,2.4263,4.8602,86.8518,85.0513,22.3506,145.56,양품
2.43,-0.0082,48.5584,0.0163,-5397.25,68.9444,1.3252,1.939,15.93,205.795,6.1488,0.0435,0.9791,348.8919,2.0098,8.4896,-0.0084,6.1795,0.7713,17.57,0.5709,2719.75,15.92,,3.0459,8.6783,1005.49,0.0,0.8912,0.9295,11.82,28.3738,7.5635,30.556,2.9053,3.6629,4.5089,-0.0469,717.2838,0.0055,2.912,227.907,22.2242,8722.6,4.6702,6.9295,87.0327,85.2679,15.4662,149.0627,양품
1.17,-0.007,45.5516,0.0234,-5545.75,66.1778,1.927,-0.4731,15.88,109.2062,6.3433,0.066,0.9176,257.1827,1.9935,8.8132,-0.0287,5.8371,0.8318,18.83,0.5719,2637.0,15.88,31.7587,3.0222,9.6713,1000.2793,0.0,1.7219,0.9265,20.6,14.7869,11.4049,5.5635,4.292,4.533,4.5682,0.0066,522.2222,0.006,2.71,875.0,24.7337,8944.2699,1.7619,7.7566,86.52,85.8748,24.1296,140.9673,양품
-1.93,-0.0142,39.3327,0.0274,-6529.75,70.4111,3.9598,0.2365,15.95,282.4965,5.5841,0.0893,0.9602,136.3192,1.8898,8.7418,-0.0048,4.4387,0.8207,21.93,0.5451,2916.25,15.97,3.7799,3.5506,10.9501,1018.1556,0.0,,0.9217,27.41,31.8046,13.3573,8.2803,4.4672,4.5548,4.4937,-0.0442,415.0252,0.0055,2.737,512.3596,29.6185,8621.46,2.2793,5.1951,86.5759,84.8892,,135.9,양품
2.6373,-0.0083,36.1991,0.0197,-6468.25,68.7222,3.0777,0.0473,15.87,248.8433,5.2818,0.0763,0.9365,245.2786,1.896,8.7568,0.0044,4.6978,0.7747,17.3627,0.5873,2904.5,15.86,,3.4923,14.2211,1004.5168,0.0,,0.93,16.87,11.8997,16.8227,6.0537,3.6672,6.0599,4.5896,-0.0322,227.5078,0.0044,2.841,634.4828,22.698,9096.68,1.8215,5.4904,86.5928,85.7033,,143.4018,양품
3.4827,-0.0099,42.3707,0.0368,-5573.25,67.6111,2.7235,0.2365,15.95,122.0287,6.1437,0.0852,0.9602,275.1586,2.0022,8.8132,-0.0083,6.5545,0.8207,16.5173,0.5451,2583.5,15.97,2.4363,6.5078,12.1786,1018.1556,0.0,2.602,0.9288,11.62,16.3295,7.1064,8.4771,4.7069,6.8368,4.5065,-0.0259,217.9327,0.0029,2.737,575.6098,21.1961,9080.3599,1.9922,5.5777,86.52,85.8748,20.3015,150.2164,양품
2.0173,-0.0099,42.3174,0.0187,-5760.75,68.2556,1.1957,-0.4731,15.88,124.4063,4.6202,0.045,0.9176,601.9974,2.0042,8.77,-0.0067,4.0492,0.8318,17.9827,0.5719,2554.25,15.88,59.6649,5.1278,9.991,1000.2793,0.0,2.358,0.9295,20.1,42.5867,15.9991,9.8158,4.8695,5.3882,4.5348,-0.0065,244.8851,0.0049,2.71,200.0,24.4746,8815.74,1.6391,5.5101,86.5202,85.7881,13.1229,145.6891,양품
1.5527,-0.0106,51.0638,0.0224,-5618.75,59.9667,2.3175,0.7569,15.9,267.1908,4.6827,0.051,1.002,286.2463,1.8725,9.3851,-0.0312,4.2178,0.8057,18.4473,0.5642,2998.75,15.83,4.7744,4.836,9.7589,1002.579,0.0,0.8011,0.9242,12.78,32.754,15.2109,10.8005,2.4502,4.471,4.4867,-0.0594,414.1101,0.005,2.679,416.0,24.4248,9454.8601,2.0538,5.6061,86.2213,85.4507,23.696,144.7091,양품
-8.6982,-0.0102,26.4059,0.0233,-6417.75,72.2667,4.4997,-0.4731,15.88,262.1099,4.7052,0.0997,0.9176,158.6366,1.885,8.441,-0.0112,4.5303,0.8318,28.6982,0.5719,3013.75,15.88,4.1558,3.1827,9.5012,1000.2793,0.0,1.7509,,19.81,17.6003,14.9327,7.5393,3.6557,6.9142,,-0.004,138.5346,0.0077,2.71,0.0,36.5743,8839.8099,3.6576,5.6854,87.0383,84.9737,28.6687,152.15,양품
-2.3391,-0.01,196.0199,0.023,-5442.75,69.2,2.6031,-0.4731,15.88,106.4378,6.1435,0.0974,0.9176,406.1801,1.9875,8.7812,-0.0072,5.4163,0.8318,22.3391,0.5719,2644.5,15.88,,3.1792,9.5,1000.2793,0.0,1.2473,0.923,14.73,16.5158,13.5051,7.4746,3.9689,4.2557,4.5698,-0.069,160.7462,0.0058,2.71,726.1538,29.1587,8686.8099,1.1171,6.2947,86.6597,85.2505,25.1081,140.0473,양품
4.1782,-0.0092,59.0164,0.0174,-6425.25,70.3,1.459,0.7569,15.9,363.971,6.7404,0.0343,1.002,120.5028,1.8968,8.5232,0.0144,6.4076,0.8057,15.8218,0.5642,3152.25,15.83,4.0602,3.1294,10.3773,1002.579,0.0,1.9962,0.9306,21.85,16.7152,15.4109,26.272,2.7409,8.6204,4.4917,-0.0741,273.8033,0.0041,2.679,0.0,22.3865,8989.0101,3.0743,6.3558,86.6814,85.5983,84.8024,145.1209,양품
4.1455,-0.0075,92.4623,0.0162,-5247.75,67.7556,1.6636,-0.4731,15.88,87.2597,6.5758,0.0592,0.9176,307.3829,2.0245,8.5288,-0.009,5.1538,0.8318,15.8545,0.5719,2638.75,15.88,3.8168,2.8042,9.1581,1000.2793,0.0,2.2612,0.9302,19.77,15.3325,13.9697,6.7873,3.6761,4.3536,4.5729,-0.0022,110.7237,0.0031,2.71,0.0,20.187,9028.5101,1.5186,6.079,86.6692,85.2227,15.4662,138.5073,양품
4.0555,-0.0112,58.0357,0.0416,-6660.25,69.2667,2.2479,0.7569,15.9,169.781,5.5267,0.0467,1.002,74.5671,1.8872,8.7696,0.0117,5.0437,0.8057,15.9445,0.5642,2955.25,15.83,,4.3311,10.8559,1002.579,0.0,1.6851,0.9306,14.07,27.2044,9.6396,29.0995,3.0263,4.3634,4.4917,-0.0693,355.8171,0.0026,2.679,406.3492,18.277,9126.35,3.7386,6.315,86.5639,85.7833,15.4662,151.4891,양품
1.54,-0.0075,120.603,0.0256,-6656.5,68.7,2.8557,0.2365,15.95,260.5904,6.5531,0.0635,0.9602,176.0407,1.8868,8.7662,-0.0356,5.4922,0.8207,18.46,0.5451,2928.0,15.97,,4.8035,13.7758,1018.1556,0.0,,0.9261,21.85,15.4669,17.2573,7.6827,2.4312,9.366,4.4779,-0.0371,462.987,0.0081,2.737,573.913,27.5268,8746.85,2.2086,7.6288,86.5018,84.2049,13.6014,144.0318,양품
2.8627,-0.0108,58.2659,0.0276,-6375.25,68.3222,3.9967,0.0473,15.87,136.871,5.045,0.1001,0.9365,162.4918,1.8722,9.0425,-0.002,4.7174,0.7747,17.1373,0.5873,2928.5,15.86,,2.7809,11.7127,1004.5168,0.0,1.288,0.9288,26.75,34.843,13.6804,11.3066,4.9262,9.2907,4.5186,-0.1089,168.0216,0.0024,2.841,0.0,24.7459,8884.0999,1.5044,6.7035,86.8006,84.6838,21.1618,149.7191,양품
1.7755,-0.0142,36.0106,0.0124,-6233.5,65.8556,2.7686,1.939,15.93,57.9849,6.7019,0.0584,0.9791,74.5229,1.8585,9.0425,0.0083,5.8777,0.7713,18.2245,0.5709,2875.75,15.92,4.2122,5.4665,11.9662,1005.49,0.0,1.2414,0.9362,13.43,30.6099,18.5782,5.743,4.0836,11.1753,4.5591,-0.0641,279.3651,0.007,2.912,0.0,25.55,8509.97,1.3492,5.554,86.8006,84.6838,15.4662,151.8527,양품
16.6491,-0.008,39.8754,0.0185,-5748.5,67.5,1.8788,0.7569,15.9,1544.6842,5.2334,0.0683,1.002,374.1742,2.0285,8.8132,-0.0091,4.6315,0.8057,17.239,0.5642,3293.0,15.83,,5.3333,9.1574,1002.579,0.0,,0.9293,16.58,18.1288,12.1909,117.7853,5.8606,12.4472,4.5537,0.0238,943.7152,0.0051,2.679,942.8571,21.9792,9009.32,2.5271,34.2646,86.52,85.8748,,145.1727,불량
1.9255,-0.0092,60.1093,0.0236,-5519.75,67.3889,3.5987,-0.4731,15.88,303.7483,5.4746,0.1234,0.9176,130.7042,1.9988,9.0121,0.03,5.3191,0.8318,18.0745,0.5719,2768.5,15.88,,5.7873,12.3807,1000.2793,0.0,2.0946,0.9288,14.6,14.1319,9.3151,9.5774,4.6832,6.0788,4.5065,-0.0988,285.1275,0.003,2.71,0.0,23.1949,7994.81,1.5307,4.2145,86.6797,86.6785,26.0766,147.5627,양품
-1.3727,-0.0089,42.6966,0.0186,-6385.75,69.7778,2.1369,-0.5204,15.89,294.628,5.802,0.0495,0.9933,79.9557,1.8805,8.4896,-0.0095,5.0021,0.791,21.3727,0.5849,2961.5,15.89,6.5853,3.7261,14.3185,999.819,0.0,1.5881,0.9306,20.17,33.2929,21.8473,5.9076,3.8675,5.2717,4.5809,-0.0188,403.5762,0.0044,2.726,266.6667,29.1464,8874.8601,1.4205,4.9489,87.0327,85.2679,20.8933,140.7509,양품
2.6218,-0.0101,61.3861,0.0199,-6284.25,68.7667,2.3301,0.7569,15.9,193.3822,6.9764,0.0556,1.002,227.3461,1.8962,8.4896,-0.0105,5.4606,0.8057,17.3782,0.5642,2991.0,15.83,,4.2172,9.6943,1002.579,0.0,1.3212,0.934,21.86,18.7337,9.7209,5.7486,3.0443,5.5797,4.5775,-0.0472,421.8447,0.0041,2.679,405.9701,22.6667,8850.22,3.3598,5.8471,87.0327,85.2679,25.5068,150.1882,양품
-0.7782,-0.0107,45.6345,0.0256,-6048.5,67.8556,3.6814,-0.1892,15.86,85.3048,5.1135,0.111,0.9933,1152.8147,2.0128,8.7568,-0.0129,5.529,0.7804,20.7782,0.5814,2623.25,15.8,7.0786,4.1264,11.2825,1012.4752,0.0,1.2384,0.9295,17.85,11.2694,14.2947,11.5032,4.5739,3.9458,4.5348,-0.0284,397.0794,0.0155,2.846,0.0,26.0554,8607.3302,0.9742,5.5131,86.5928,85.7033,42.5535,144.7118,양품
-0.3918,-0.0106,26.5089,0.0201,-5486.25,68.3778,1.3292,0.0473,15.79,192.7918,5.6784,0.0426,0.9554,402.1703,2.0093,8.7932,0.0073,5.2638,0.7585,20.3918,0.6113,2755.0,15.8,4.1255,3.2174,13.3456,997.5143,0.0,1.459,0.9342,18.91,30.1432,17.3628,4.6356,3.2729,5.6919,4.685,-0.0246,0.0,0.0107,2.864,0.0,28.9557,8782.8301,3.0919,4.5461,86.8489,85.513,36.5169,144.0655,양품
-0.9691,-0.0111,24.2424,0.012,-5201.5,74.1333,4.1509,0.0473,15.79,76.1271,5.5702,0.1345,0.9554,647.3544,1.9472,8.3273,-0.008,4.9243,0.7585,20.9691,0.6113,2451.0,15.8,93.7836,2.0234,12.2715,997.5143,0.0,1.8507,0.9296,19.3,24.0162,15.42,8.7353,4.6026,4.8659,4.574,-0.0499,495.3096,0.0044,2.864,904.3478,26.2905,8950.5701,1.464,5.1888,87.037,86.3826,34.416,142.42,양품
5.0955,-0.0093,62.5337,0.0129,-5553.5,69.1444,4.444,0.4258,15.85,169.9814,5.2581,0.1389,0.9933,633.4417,1.9713,8.7662,0.0049,4.8642,0.8297,14.9045,0.5736,2618.5,15.78,3.0989,4.4834,11.225,999.6484,0.0,2.2785,0.9306,23.07,21.056,16.4116,26.246,2.9935,13.0732,4.4917,-0.0498,291.6325,0.0039,2.775,0.0,21.9399,8196.8299,3.8406,5.4084,86.5018,84.2049,31.7582,146.33,양품
-1.1173,-0.0091,45.9016,0.0259,-6316.75,69.6111,1.8576,0.0473,15.87,277.3331,5.9137,0.0416,0.9365,166.5761,1.8912,8.8384,0.015,4.7823,0.7747,21.1173,0.5873,3114.5,15.86,,4.0223,10.9682,1004.5168,0.0,1.975,0.923,21.03,19.5079,13.2418,7.5085,4.2297,5.1698,4.5698,-0.0558,489.585,0.0099,2.841,0.0,30.1518,8313.42,1.6298,5.4973,87.0242,86.931,,141.3982,양품
3.3364,-0.0099,56.7089,0.0187,-6394.5,72.9,1.503,0.0473,15.79,174.0084,5.9788,0.0316,0.9554,204.3502,1.8847,8.4896,0.0254,5.1035,0.7585,16.6636,0.6113,2983.75,15.8,5.8827,4.2524,10.5915,997.5143,0.0,,0.9238,19.55,14.6479,12.6881,6.1805,4.0599,4.5331,4.5429,-0.0143,98.6104,0.0044,2.864,0.0,24.4489,7880.52,1.0523,5.8481,87.0327,85.2679,,144.2718,양품
0.9827,-0.0106,63.0588,0.0188,-6331.25,70.6,3.8641,0.4258,15.85,278.1383,7.4488,0.0838,0.9933,147.7258,1.891,8.4896,-0.0189,6.6211,0.8297,19.0173,0.5736,3032.25,15.78,3.0498,4.3909,15.5338,999.6484,0.0,1.2691,0.934,20.8,20.4153,12.2955,4.8901,3.1956,6.454,4.5775,-0.0345,0.0,0.0047,2.775,278.9474,24.2367,8858.71,3.0691,5.357,87.0327,85.2679,15.4662,151.5345,양품
-0.6727,-0.0112,29.3333,0.0169,-6325.0,74.5222,2.1795,-0.5204,15.89,104.2465,5.988,0.0526,0.9933,228.8202,1.8662,8.3436,-0.0112,5.7733,0.791,20.6727,0.5849,3014.0,15.89,2.7745,6.1727,10.1364,999.819,0.0,,0.9306,10.54,34.4255,13.6667,35.8326,2.7918,6.8464,4.4958,-0.0713,0.0,0.0035,2.726,0.0,26.1735,8245.28,5.4862,6.8107,87.0565,83.7747,18.0268,146.9391,양품
-0.7891,-0.0091,66.941,0.0267,-5728.5,74.2222,3.9834,0.0946,15.65,238.7788,5.1461,0.1268,0.9365,462.2355,1.9572,8.3273,0.0056,5.2129,0.7681,20.7891,0.6379,2665.0,15.72,4.4203,3.3683,10.4848,993.4244,0.0,,0.9348,18.38,16.3905,14.1809,3.5133,3.2984,5.4846,4.6737,-0.0676,0.0,0.0052,2.753,685.7143,26.6224,8677.55,2.4481,5.9782,87.037,86.3826,4.5496,148.5982,양품
1.7618,-0.0101,45.6576,0.0137,-6410.75,74.1333,4.3532,0.0473,15.79,266.3136,5.9455,0.1038,0.9554,106.0483,1.8847,8.3436,-0.0145,5.721,0.7585,18.2382,0.6113,3020.75,15.8,4.3298,2.5629,11.8499,997.5143,0.0,1.7187,0.9306,11.03,10.7413,13.4814,29.9183,2.8742,5.5131,4.4958,0.0014,836.6357,0.0061,2.864,0.0,23.5304,8483.46,4.0665,6.8016,87.0565,83.7747,15.4662,145.11,양품
2.4582,-0.0125,55.7769,0.0131,-5487.25,73.9778,6.8256,0.0946,15.65,268.9647,6.1671,0.2131,0.9365,347.6707,1.957,8.3273,-0.0153,4.8053,0.7681,17.5418,0.6379,2811.0,15.72,4.7279,2.5683,3.5524,993.4244,0.0,1.7021,0.9277,12.03,21.6669,15.53,7.6294,2.2335,6.2078,4.5256,-0.0682,359.2086,0.0056,2.753,557.1429,23.5223,8737.4501,2.5851,5.492,87.037,86.3826,10.6746,142.8836,양품
2.9373,-0.0102,42.0538,0.021,-6627.25,66.7333,2.3419,0.0946,15.65,196.8203,6.3738,0.0502,0.9365,161.6238,1.853,9.22,-0.0123,5.6874,0.7681,17.0627,0.6379,2909.25,15.72,3.7319,5.3946,9.1797,993.4244,0.0,1.2659,0.9277,12.97,26.0287,21.89,11.7972,1.9215,4.4621,4.5256,-0.0794,175.3327,0.0052,2.753,533.3333,24.2706,8595.62,1.9641,4.8533,86.7741,85.4449,15.4662,140.74,양품
1.9491,-0.0114,32.3497,0.0146,-4685.25,67.2444,4.3728,0.0946,15.65,197.8642,6.8891,0.1449,0.9365,1519.3115,1.9935,8.7932,0.0082,5.7308,0.7681,18.0509,0.6379,2734.75,15.72,4.8408,2.3794,8.93,993.4244,0.0,2.7176,0.9242,12.7,34.8613,11.9873,10.0452,2.28,9.2499,4.4867,-0.0611,461.2407,0.0038,2.753,0.0,26.0408,8853.8401,2.4548,5.4427,86.8489,85.513,29.5405,148.5427,양품
-1.4191,-0.009,36.8715,0.0237,-6424.5,66.0889,2.5281,1.04,15.68,292.6784,6.6799,0.061,1.045,212.7949,1.8812,9.22,0.0093,5.297,0.8076,21.4191,0.6225,2982.0,15.66,3.1633,4.0854,12.6703,992.6588,0.0,1.35,0.9242,8.91,16.6756,24.6254,9.2636,2.4495,8.0345,4.4867,-0.075,665.9193,0.0035,2.742,800.0,31.164,8977.0199,2.7392,4.4639,86.7741,85.4449,15.4662,140.3945,양품
0.2527,-0.014,32.1142,0.0157,-5501.0,68.7,4.297,0.0946,15.65,173.7189,4.8681,0.1489,0.9365,214.8302,1.9992,8.7073,0.0041,3.8496,0.7681,19.7473,0.6379,2543.75,15.72,4.735,4.8035,8.7208,993.4244,0.0,2.2237,0.9342,15.84,27.8369,13.8554,7.0589,3.37,15.532,4.685,-0.0769,0.0,0.0042,2.753,555.2941,28.1237,8990.1101,1.7963,4.2917,86.7952,84.7188,33.1953,146.4718,양품
1.5927,-0.0094,44.5033,0.022,-5314.75,68.4778,5.9455,0.0946,15.65,91.5387,6.0304,0.1863,0.9365,584.2416,1.9835,8.7867,0.0113,5.662,0.7681,18.4073,0.6379,2691.0,15.72,,3.9429,8.5675,993.4244,0.0,,0.9295,14.13,19.5605,9.4126,27.0309,2.9106,5.0804,4.5089,-0.0435,840.0683,0.005,2.753,0.0,23.7193,8318.63,3.0979,6.491,86.5708,83.7263,23.6668,147.8218,양품
1.1845,-0.0104,31.769,0.0167,-5519.0,66.1444,2.9121,0.0946,15.65,301.053,5.1183,0.0953,0.9365,317.0457,2.0095,9.22,0.0039,3.4695,0.7681,18.8155,0.6379,2805.25,15.72,3.3085,3.6284,8.8421,993.4244,0.0,2.6166,0.9277,16.02,23.6049,22.7528,7.1421,2.2427,7.7836,4.5256,-0.0638,943.8219,0.0033,2.753,580.3922,26.8806,8961.0899,3.2782,5.7429,86.7741,85.4449,15.4662,135.9264,양품
-1.5764,-0.0112,28.6674,0.0158,-6492.25,71.5778,1.8745,0.0946,15.65,281.8244,5.9451,0.0404,0.9365,171.3367,1.8887,8.7073,0.0029,6.1252,0.7681,21.5764,0.6379,2871.5,15.72,3.0265,3.4927,12.5004,993.4244,0.0,,0.9348,10.67,19.366,12.9727,7.279,3.3424,5.4363,4.6737,-0.0717,265.8016,0.0035,2.753,0.0,26.3291,8783.3,1.2128,4.8277,86.7952,84.7188,8.3317,144.4009,양품
-0.2718,-0.0104,53.076,0.018,-5549.25,68.5444,1.5222,0.0,15.62,289.5599,5.6306,0.0489,0.946,1023.5733,1.9692,8.5615,-0.0005,5.2312,0.7435,20.2718,0.6519,2758.75,15.67,3.9698,2.9178,10.1026,987.2854,0.0,2.1466,0.933,15.45,23.2535,11.2464,5.8388,3.0839,8.4926,4.7047,-0.0955,0.0,0.0044,3.277,555.5556,25.1884,9384.4602,1.7282,5.8951,86.8706,86.3794,35.687,146.4809,양품
-2.0291,-0.0121,200.823,0.0248,-6284.25,74.1778,2.9243,0.0,15.62,124.928,6.7291,0.096,0.946,1069.4885,1.977,8.3273,0.0027,5.5113,0.7435,22.0291,0.6519,2557.5,15.67,3.4141,2.6962,8.2667,987.2854,0.0,,0.9277,16.52,44.6262,18.9318,8.7639,2.4799,7.4351,4.5256,-0.0818,423.8351,0.003,3.277,635.7616,31.5545,9283.97,2.561,6.1496,87.037,86.3826,,142.4318,양품
3.5355,-0.0093,44.1454,0.0214,-6338.25,66.2889,1.6063,0.0,15.62,242.5509,5.57,0.0389,0.946,203.7685,1.9043,9.754,0.0028,5.5318,0.7435,16.4645,0.6519,3107.25,15.67,3.725,4.8274,10.4507,987.2854,0.0,,0.9342,14.74,24.4747,10.8064,6.4605,3.0916,10.146,4.685,-0.0567,194.6002,0.0078,3.277,0.0,23.6548,8615.0101,2.189,5.4777,87.1954,85.8807,15.5328,150.4036,양품
0.8236,-0.0096,35.5556,0.0159,-6190.0,74.5444,2.415,0.0,15.62,610.2739,5.5964,0.0778,0.946,852.5573,1.9675,8.5889,-0.0034,5.4733,0.7435,19.1764,0.6519,2474.75,15.67,47.006,2.9513,10.1096,987.2854,0.0,1.7917,0.9348,20.16,8.1933,10.4273,4.7765,3.345,6.2963,4.6737,-0.0889,0.0,0.0037,3.277,619.3548,24.3769,9141.45,2.8258,4.645,86.9963,83.8498,31.1809,148.8164,양품
-2.5836,-0.0108,40.6936,0.0152,-5335.0,68.1,3.9558,0.6623,15.96,205.7741,5.7088,0.1237,1.097,505.4483,1.9835,9.6938,-0.0086,4.8936,0.7067,22.5836,0.6851,2661.5,15.97,6.332,2.6432,9.2315,1004.0946,0.0,1.4444,0.9242,21.78,16.9284,9.8109,10.32,2.6101,6.3622,4.4867,-0.0288,240.746,0.0036,3.141,0.0,28.3642,8556.87,1.8729,5.0512,87.0735,85.0066,,146.8045,양품
3.4491,-0.0088,59.3438,0.0144,-5747.75,74.3333,1.4415,0.0,15.82,161.6746,5.4266,0.0543,0.9507,975.4549,1.9765,8.8889,-0.0177,5.2765,0.7537,16.5509,0.6792,2622.0,15.94,,8.2063,11.4965,1012.22,0.0,0.8842,0.9344,19.52,18.5437,14.7937,4.8101,3.0594,5.6384,4.7198,-0.0287,189.0353,0.0068,3.287,0.0,23.6314,9290.4001,1.9559,5.8842,86.9977,83.5589,30.3709,151.1073,양품
1.0518,-0.0095,60.0791,0.0144,-5617.75,74.2333,0.9553,0.0,15.82,222.458,5.1335,0.0326,0.9507,96.5345,1.985,8.8889,-0.0047,4.8356,0.7537,18.9482,0.6792,2658.75,15.94,,5.5231,3.7868,1012.22,0.0,,0.9344,15.31,30.7002,13.0173,4.6975,3.13,7.4639,4.7198,-0.0238,593.2584,0.0055,3.287,883.3333,26.1124,9346.53,1.7485,4.5541,86.9977,83.5589,15.4662,152.7355,양품
3.4391,-0.0085,34.2688,0.0234,-5797.0,74.2778,1.1952,0.0,15.82,55.8174,5.4492,0.0471,0.9507,73.9594,1.9648,8.8889,-0.0279,5.5306,0.7537,16.5609,0.6792,2719.25,15.94,,5.3852,15.4701,1012.22,0.0,1.4676,0.9344,18.78,26.9538,14.56,6.1026,3.0315,13.3974,4.7198,-0.0119,130.5578,0.004,3.287,759.322,23.7055,9182.5799,1.12,5.1556,86.9977,83.5589,15.4662,150.9991,양품
-1.89,-0.0085,78.8235,0.0232,-6351.25,71.4,1.5731,0.2838,15.61,313.2288,5.8554,0.0387,1.068,269.9474,1.8832,8.4855,-0.0203,5.3152,0.7879,21.89,0.6676,3035.25,15.56,,4.0616,8.7075,996.0706,0.0,1.9532,0.9304,14.75,12.5552,10.9955,23.1076,3.1286,6.5694,4.5275,-0.0387,703.1746,0.0028,2.913,0.0,26.7765,9112.0101,3.5535,4.4744,87.045,85.1099,15.4662,146.8927,양품
1.1627,-0.0131,37.3333,0.0155,-5532.5,74.4444,2.0016,0.0473,15.72,273.964,5.1306,0.0635,1.031,492.1311,2.0198,8.2638,0.0121,4.8,0.7639,18.8373,0.9558,2600.75,15.72,,3.2239,15.8175,998.6102,0.0,2.4301,0.9332,14.18,35.1893,17.0691,5.9438,3.1755,7.231,4.6864,-0.0016,726.7396,0.0039,3.342,0.0,27.6476,8340.45,2.3854,5.2767,86.7056,84.5303,15.4662,151.9836,양품
-0.3236,-0.0118,33.9703,0.028,-6375.75,68.9556,4.3565,0.0473,15.72,277.9405,6.6782,0.097,1.031,216.5123,1.8905,9.3335,0.0102,5.9131,0.7639,20.3236,0.9558,3038.25,15.72,,4.4956,10.9317,998.6102,0.0,0.7212,0.9348,16.47,19.7097,10.2582,4.2815,3.1896,3.596,4.6737,-0.0166,828.0899,0.0062,3.342,0.0,24.2157,8472.87,0.8503,5.1379,86.8786,84.0746,17.512,147.6655,양품
2.1645,-0.0079,69.5103,0.0247,-5428.75,74.9111,1.7882,0.0473,15.72,58.6657,6.0185,0.0632,1.031,213.9554,1.9703,8.2823,-0.0035,5.257,0.7639,17.8355,0.9558,2812.5,15.72,,1.6019,8.7254,998.6102,0.0,0.7419,0.9304,14.27,17.9703,7.8728,25.5228,3.1269,6.8985,4.5275,-0.0081,754.8929,0.0028,3.342,0.0,23.0469,8257.78,4.4198,5.7026,86.6699,84.2629,15.4662,147.4236,양품
-1.9891,-0.0072,63.5579,0.0248,-5685.0,71.6889,4.3226,0.2838,15.61,135.2504,6.0701,0.1319,1.068,432.3579,2.0183,8.4896,-0.0166,5.1298,0.7879,21.9891,0.6676,2803.0,15.56,,4.6032,8.433,996.0706,0.0,,0.9339,14.33,23.1539,20.6718,5.3504,3.12,5.3999,4.7102,-0.0276,296.1152,0.0045,2.913,0.0,30.3824,9097.76,2.1022,5.6795,87.0327,85.2679,12.2486,149.4482,양품
-0.2482,-0.0112,30.2895,0.0164,-5464.75,71.1333,2.6766,0.0473,15.72,154.5661,5.9776,0.0883,1.031,332.6022,1.9865,8.7073,-0.0088,6.1718,0.7639,20.2482,0.9558,2458.0,15.72,7.6595,4.7798,9.7089,998.6102,0.0,1.7045,0.9342,11.67,27.3633,21.4281,6.4129,3.1222,5.6555,4.685,-0.0221,0.0,0.0038,3.342,0.0,28.6157,8444.58,2.1723,5.1505,86.7952,84.7188,20.9593,141.1009,양품
-1.6436,-0.0078,47.36,0.0202,-5539.5,73.7,4.85,0.0473,15.72,252.0251,5.4022,0.1536,1.031,326.1559,2.0,8.2823,-0.0082,4.8738,0.7639,21.6436,0.9558,2516.0,15.72,,2.7137,13.2075,998.6102,0.0,2.3872,0.9304,16.67,16.3298,10.7291,25.3819,3.2208,7.076,4.5275,-0.0386,0.0,0.0051,3.342,0.0,26.254,8743.0501,4.6529,4.7286,86.6699,84.2629,18.2846,147.1173,양품
5.1773,-0.0075,60.1002,0.0247,-5458.75,73.3,2.6641,0.0473,15.72,287.394,5.8757,0.0861,1.031,166.7461,1.9968,8.2638,-0.0166,5.8815,0.7639,14.8227,0.9558,2718.0,15.72,,5.3206,11.3848,998.6102,0.0,1.7082,0.9308,19.87,32.2595,8.6617,25.5035,2.8329,4.8457,4.4988,-0.0183,304.6005,0.005,3.342,966.6667,21.0858,8693.64,4.55,7.0541,86.7056,84.5303,36.0543,149.41,양품
5.8045,-0.0114,36.8825,0.0248,-5452.75,66.8222,1.6542,0.2838,15.61,72.7249,6.0902,0.0568,1.068,114.4097,2.007,8.7932,0.007,5.367,0.7879,14.1955,0.6676,2643.25,15.56,3.8586,2.6937,13.5537,996.0706,0.0,1.2409,0.9305,18.05,19.7246,16.4954,9.4971,4.6497,8.0418,4.6043,-0.0031,114.3931,0.0047,2.913,0.0,20.2515,9020.93,1.8854,5.3759,86.8489,85.513,22.7505,146.7327,양품
-2.3691,-0.0127,35.2941,0.0152,-5623.0,66.6889,1.2742,0.2838,15.61,241.7147,5.4572,0.045,1.068,457.4706,1.9835,9.6938,0.002,4.6036,0.7879,22.3691,0.6676,2695.0,15.56,4.4363,2.8491,8.4547,996.0706,0.0,2.2123,0.9348,10.0,26.6554,15.9881,7.3416,3.166,5.1585,4.6737,-0.0071,167.9969,0.0039,2.913,0.0,27.4408,8481.8701,1.3782,5.8297,87.0735,85.0066,15.7288,144.2282,양품
5.9491,-0.0139,32.491,0.0242,-5831.25,74.6111,1.3145,0.0473,15.78,162.2981,5.643,0.045,0.9933,152.8995,1.9908,8.2823,-0.012,4.603,0.7954,14.0509,0.6629,2653.0,15.85,,2.1445,12.1017,1004.4788,0.0,2.7492,0.9332,15.92,19.1346,13.5963,4.2523,3.0638,6.4118,4.6864,-0.0075,106.4028,0.0048,2.796,0.0,21.9064,8175.65,2.1396,5.7883,86.6699,84.2629,10.8203,152.6882,양품
5.4964,-0.0073,53.6082,0.0248,-5422.25,75.9111,2.0682,0.1419,15.63,523.1399,4.642,0.0635,1.059,460.5188,2.0063,8.2823,-0.0287,3.9258,0.7697,14.5036,0.7377,3057.0,15.62,,2.7664,10.3445,996.2322,0.0,,0.9001,13.39,17.7238,19.3264,9.709,2.152,6.2816,4.5193,-0.0186,136.8177,0.0037,2.915,0.0,20.0429,8908.57,2.1401,4.9153,86.6699,84.2629,15.4662,153.7818,양품
4.1464,-0.0099,62.7054,0.0202,-5618.75,74.9667,4.0082,0.1419,15.63,104.5223,5.0675,0.1273,1.059,398.1242,1.9672,8.5889,0.0129,4.2502,0.7697,15.8536,0.7377,2634.75,15.62,,3.2014,3.6123,996.2322,0.0,,0.9307,21.19,14.7718,13.2937,10.7327,4.2972,8.2175,4.5851,-0.0017,132.6463,0.0051,2.915,0.0,20.9393,8709.7301,1.5797,6.185,86.9963,83.8498,8.8558,147.0027,양품
3.8164,-0.0073,94.8454,0.0162,,,,0.1419,15.63,,5.5321,,1.059,,,8.7144,-0.022,4.722,0.7697,16.1836,0.7377,,15.62,4.5944,,9.5437,996.2322,0.0,1.6603,0.9307,16.56,18.7564,13.3655,8.8149,4.3018,9.7437,4.5851,-0.0286,90.6622,0.004,2.915,0.0,20.4859,8432.12,1.0564,6.0846,86.4005,85.6561,13.4948,146.4536,양품
2.7582,-0.0062,80.4829,0.0206,-6482.75,66.4,3.7263,0.1419,15.63,157.5,6.3173,0.0817,1.059,198.5336,1.873,9.1156,-0.006,6.2269,0.7697,17.2418,0.7377,2978.75,15.62,3.0384,4.0663,7.7506,996.2322,0.0,1.1541,0.9299,18.57,21.0062,10.9928,27.0378,2.8321,7.593,4.5291,-0.0052,484.7396,0.0074,2.915,338.1443,24.6239,8870.5699,3.3554,4.6576,86.8518,85.0513,15.4662,151.0609,양품
-3.0355,-0.0097,85.8991,0.0154,-5789.75,66.0556,2.802,0.1419,15.63,276.3782,5.1808,0.0897,1.059,231.1369,2.0105,9.7324,-0.0007,4.845,0.7697,23.0355,0.7377,2792.75,15.62,8.5181,3.3305,11.3572,996.2322,0.0,1.2381,0.9348,7.45,9.1618,14.9836,7.1736,3.2409,11.0193,4.6737,-0.0338,112.6685,0.0048,2.915,428.169,27.9576,8778.9499,0.9911,5.9674,87.1381,85.3825,14.7656,148.83,양품
-1.0991,-0.0085,35.2423,0.0154,-5273.0,68.0556,1.1981,0.1419,15.63,92.7613,5.4346,0.0374,1.059,158.0021,2.0045,8.5855,-0.0193,4.9715,0.7697,21.0991,0.7377,2564.0,15.62,10.9789,3.0857,11.2565,996.2322,0.0,1.3983,0.9348,11.31,18.1084,14.6454,8.0657,3.1465,6.1979,4.6737,0.007,280.2316,0.0068,2.915,0.0,26.063,8220.8401,1.1082,6.0059,86.8774,86.2857,10.6186,144.7273,양품
-0.9045,-0.01,18.929,0.0226,-6549.25,69.3667,1.9767,0.2838,15.61,238.1825,5.4403,0.0483,1.068,195.8884,1.8915,8.7696,0.0272,5.2888,0.7879,20.9045,0.6676,2887.25,15.56,3.3739,5.1898,12.4705,996.0706,0.0,0.9324,0.933,15.89,12.0041,13.7927,5.0826,3.1015,4.963,4.7047,-0.0394,753.9698,0.0034,2.913,664.4068,26.2575,8926.9801,1.7062,5.787,86.5639,85.7833,15.4662,143.6627,양품
0.0282,-0.0107,31.7386,0.0227,-5469.5,73.3778,2.9512,0.2838,15.61,305.1497,6.7423,0.0908,1.068,316.7339,1.9703,8.5889,-0.0227,5.2025,0.7879,19.9718,0.6676,2550.5,15.56,3.0522,3.407,11.1795,996.0706,0.0,1.2852,0.9296,22.91,40.3764,14.3273,8.1554,4.2628,6.3771,4.574,-0.033,0.0,0.0028,2.913,859.2593,25.8083,8912.9799,0.7255,4.5952,86.9963,83.8498,10.5826,142.6991,양품
-2.1173,-0.0094,48.1283,0.021,-5248.25,68.1444,3.0678,0.1419,15.63,285.5568,5.8922,0.0963,1.059,487.2606,1.972,8.8519,-0.0048,5.6571,0.7697,22.1173,0.7377,2442.0,15.62,6.5145,7.1906,12.2391,996.2322,0.0,1.4981,0.9304,19.06,23.891,12.2382,22.7424,3.0303,6.2891,4.5275,-0.0009,500.6434,0.0054,2.915,453.3333,27.0478,8191.61,3.0153,4.7518,86.9473,84.1896,15.4662,147.8745,양품
-3.1518,-0.0092,14.1113,0.0171,-6364.75,66.3778,2.6129,0.2838,15.61,95.3607,8.4508,0.0625,1.068,87.3971,1.8693,9.22,0.0021,8.3607,0.7879,23.1518,0.6676,2983.5,15.56,,4.5196,11.0616,996.0706,0.0,1.81,0.9297,17.75,83.6569,9.8518,25.7089,8.4895,4.6772,4.4743,0.0243,763.3689,0.0055,2.913,498.3607,27.1912,8946.56,6.5949,6.5877,86.7741,85.4449,19.9564,149.02,양품
-1.4173,-0.0163,25.2308,0.0272,-5410.75,75.8111,1.5866,0.2838,15.73,437.3439,5.4323,0.0533,0.9271,589.2166,1.9772,8.3006,0.0233,5.8937,0.8291,21.4173,0.6754,2909.5,15.75,,3.0339,12.7017,1002.2324,0.0,1.8407,0.9304,15.61,12.157,9.699,29.4545,2.9724,4.8218,4.5275,-0.0412,0.0,0.0042,2.99,0.0,27.2716,8795.69,4.6183,7.5587,86.6896,83.6264,15.2447,151.6045,양품
0.8536,-0.0081,61.4439,0.0301,-5428.5,65.9444,4.1842,0.2838,15.73,70.703,5.6452,0.1267,0.9271,281.185,1.9985,9.6938,0.0233,5.318,0.8291,19.1464,0.6754,2634.75,15.75,11.5216,3.1845,13.4507,1002.2324,0.0,1.0009,0.9297,17.31,21.2666,7.6522,27.0526,2.9449,5.7716,4.4743,-0.0154,0.0,0.0044,2.99,979.5918,24.1465,8559.29,4.0999,6.3016,87.0735,85.0066,7.3699,150.9118,양품
-0.1391,-0.0119,37.7358,0.0241,-5467.75,73.3556,2.232,0.2838,15.73,985.9461,5.3831,0.0742,0.9271,348.2713,1.9417,8.3006,0.0083,4.8045,0.8291,20.1391,0.6754,3139.5,15.75,,4.3623,4.4291,1002.2324,0.0,0.6277,0.9267,19.5,14.2999,12.1119,9.0863,4.721,4.49,4.5488,-0.034,0.0,0.0087,2.99,717.6471,26.0435,8882.0301,1.3145,4.7045,86.6896,83.6264,15.4662,152.7845,양품
-1.9982,-0.0083,59.97,0.0235,-6285.0,76.8556,4.1129,0.2838,15.73,208.3147,5.2257,0.1236,0.9271,1373.398,2.035,8.3006,-0.0049,4.9061,0.8291,21.9982,0.6754,2562.5,15.75,,1.9517,5.6243,1002.2324,0.0,1.5383,0.9304,15.16,16.8867,8.4327,21.0201,3.2569,9.9278,4.5275,-0.0381,552.5023,0.0033,2.99,0.0,28.1555,9805.11,2.8704,4.5624,86.6896,83.6264,15.4662,149.7809,양품
0.5564,-0.0088,43.1206,0.0259,-5342.5,76.4222,1.9852,0.2838,15.73,272.278,4.2563,0.0589,0.9271,345.001,2.023,8.3006,-0.0037,3.1757,0.8291,19.4436,0.6754,2619.0,15.75,,1.5702,6.0984,1002.2324,0.0,,0.9267,11.24,18.1064,9.794,9.1618,4.684,5.8414,4.5488,-0.0321,0.0,0.0033,2.99,674.2857,22.8899,9085.16,1.4904,4.7419,86.6896,83.6264,10.1735,155.2718,양품
-0.2418,-0.0099,57.7947,0.0193,-6489.25,71.2889,1.4674,0.1419,15.63,244.8106,8.1605,0.0345,1.059,229.2762,1.8913,8.7073,-0.016,8.8378,0.7697,20.2418,0.7377,2830.25,15.62,6.8193,4.3485,13.1792,996.2322,0.0,1.6739,0.9296,19.1,18.7707,17.2755,7.9054,3.9684,6.9587,4.574,-0.0432,0.0,0.0047,2.915,0.0,24.7587,8806.12,1.7891,5.6418,86.7952,84.7188,11.1348,144.2791,양품
-1.7136,-0.0092,103.2609,0.0228,-5098.25,73.3333,1.2925,0.0,15.51,229.7578,5.5502,0.0422,1.021,1299.0567,1.9892,8.5407,-0.0173,5.0928,0.7488,21.7136,0.678,2753.0,15.49,,3.6818,4.4443,987.9054,0.0,,0.9308,15.46,24.2585,13.4637,22.5187,3.1329,4.3599,4.4988,-0.0278,681.008,0.0045,2.802,0.0,28.7752,8256.0699,3.2734,6.3703,86.8223,85.4656,15.4662,149.3155,양품
-1.3073,-0.0073,57.8313,0.0254,-6301.5,71.4444,3.4599,0.0,15.51,201.1622,6.2418,0.1176,1.021,867.3963,2.0265,8.2638,-0.0298,5.3122,0.7488,21.3073,0.678,2625.25,15.49,,13.0171,3.5749,987.9054,0.0,1.3348,0.9353,16.04,21.6824,18.8245,4.8806,3.0434,4.8576,4.7143,-0.0389,663.2128,0.0089,2.802,0.0,28.2203,8500.77,2.7031,4.7305,86.7056,84.5303,15.4662,147.3982,양품
0.8827,-0.0079,87.7583,0.0378,-5570.25,74.2889,1.6417,0.2838,15.73,1164.8867,5.4597,0.0521,0.9271,320.0473,1.959,8.3006,-0.0199,5.1688,0.8291,19.1173,0.6754,3370.25,15.75,,2.8268,6.2891,1002.2324,0.0,,0.9344,13.07,32.1642,20.7427,5.3942,3.1373,7.1603,4.7198,-0.0202,738.62,0.0027,2.99,0.0,26.0194,9629.6601,2.0596,5.3077,86.6256,83.779,11.1439,148.1773,양품
3.2655,-0.0028,206.2222,0.0145,-5636.75,67.4778,3.934,0.2838,15.61,1573.0821,6.0589,0.1306,1.068,1546.8116,1.9775,9.754,-0.0213,5.1511,0.7879,16.7345,0.6676,3510.0,15.56,,4.2977,12.3975,996.0706,0.0,2.6198,0.9307,17.78,15.7398,15.3527,8.4157,4.3667,7.2471,4.5851,-0.0398,66.147,0.0042,2.913,815.3846,21.4549,8858.0802,0.698,5.9103,87.1954,85.8807,23.7558,144.7482,양품
1.0673,-0.0093,52.5469,0.0169,-5714.25,72.3778,4.7926,0.2838,15.73,128.3381,5.4158,0.1597,0.9271,194.548,1.974,8.5003,-0.009,5.2407,0.8291,18.9327,0.6754,2709.0,15.75,,2.7633,4.4555,1002.2324,0.0,1.2969,0.9308,15.12,43.108,12.6082,24.7721,3.1403,4.879,4.4988,-0.0053,0.0,0.0042,2.99,0.0,26.3681,8430.06,4.5906,7.6871,87.1866,85.0449,10.632,147.3664,양품
-0.1773,-0.0105,31.5789,0.0131,-5801.25,73.1222,2.643,0.1419,15.63,270.4071,5.6363,0.0836,1.059,203.5704,1.9623,8.5889,-0.001,5.5662,0.7697,20.1773,0.7377,2779.0,15.62,28.2443,3.2822,11.9713,996.2322,0.0,2.3234,0.9348,18.2,18.032,14.3073,4.2886,3.1574,6.41,4.6737,-0.0463,0.0,0.0041,2.915,0.0,25.8412,8806.5701,2.358,5.4898,86.9963,83.8498,24.3542,148.8291,양품
3.0791,-0.0117,35.1931,0.0295,-5183.0,75.0,2.7664,0.0473,15.78,212.7916,5.8868,0.0883,1.144,304.4722,1.9922,8.3006,0.0188,5.5619,0.8216,16.9209,0.788,2690.25,15.83,4.1967,2.6667,5.995,1007.2267,0.0,1.6681,0.9339,11.6,41.7809,18.0672,3.3629,3.0262,4.4853,4.7208,-0.0122,224.7417,0.0032,2.786,0.0,23.9437,8742.9701,2.0692,5.0843,86.6896,83.6264,22.2655,147.37,양품
3.6664,-0.0088,65.7224,0.0246,-4858.25,75.2222,3.378,0.0473,15.78,302.4449,5.2999,0.1168,1.144,1078.9657,1.97,8.5596,-0.0109,4.7127,0.8216,16.3336,0.788,2587.75,15.83,3.1366,2.26,4.0385,1007.2267,0.0,0.9646,0.9332,13.72,21.0324,15.2009,4.4575,2.9805,7.4204,4.6864,-0.0093,178.3784,0.0034,2.786,0.0,23.9136,8802.71,2.2194,5.6877,86.7827,83.6583,27.4508,151.6082,양품
4.0555,-0.0084,59.2593,0.0319,-5218.25,71.6333,3.1631,0.0473,15.78,221.101,5.7105,0.1024,1.144,334.4173,1.945,8.6074,0.0018,5.9585,0.8216,15.9445,0.788,2580.5,15.83,,5.4444,14.7765,1007.2267,0.0,1.712,0.935,20.2,27.7288,14.5955,7.3755,2.7656,6.1799,4.6915,-0.0063,90.742,0.0041,2.786,0.0,23.5298,9875.65,1.2146,6.0954,87.024,84.8937,23.4115,141.5873,양품
-3.2082,-0.0111,69.4476,0.0231,-5520.25,74.3,0.8758,-0.3784,15.74,183.8503,5.1408,0.0305,1.144,34.5965,2.0023,8.3006,0.0075,4.5548,0.7447,23.2082,0.7833,2591.25,15.84,10.4576,2.6918,5.4756,1003.5267,0.0,1.7512,0.9267,21.57,22.7362,15.9227,8.6841,4.8771,8.5892,4.5488,-0.0452,186.7101,0.0041,2.825,0.0,30.9212,8786.0301,1.6609,7.0792,86.6896,83.6264,15.4662,150.1891,양품
-2.1182,-0.0101,64.4362,0.0267,-5408.25,72.7556,3.0219,0.0473,15.78,131.0226,5.119,0.0984,1.144,109.6521,1.9758,8.5801,-0.0014,4.8842,0.8216,22.1182,0.788,2816.75,15.83,,1.9243,11.8685,1007.2267,0.0,0.6184,0.9353,12.04,49.0403,19.6591,4.4555,2.9704,6.421,4.7143,-0.0119,260.1288,0.0027,2.786,0.0,29.2883,9244.11,2.0807,5.0272,86.9331,86.1155,9.7528,149.1982,양품
0.4855,-0.0091,48.0874,0.0243,-5160.0,75.0,4.2276,0.0473,15.78,209.1353,4.8482,0.1256,1.144,626.3295,2.003,8.3179,0.0155,4.5,0.8216,19.5145,0.788,2850.25,15.83,,2.8,10.9685,1007.2267,0.0,2.0042,0.935,10.91,29.1659,22.2582,8.6807,2.8002,6.8579,4.6915,-0.032,966.1049,0.0036,2.786,0.0,26.6104,8564.9101,1.6597,4.7826,86.5962,85.3881,30.7925,141.0045,양품
0.3391,-0.0094,37.0861,0.0231,-5116.5,72.6778,2.1201,0.0473,15.78,129.4025,5.4988,0.0725,1.144,683.6863,2.006,8.5889,-0.0025,5.3071,0.8216,19.6609,0.788,2532.5,15.83,,3.715,13.7707,1007.2267,0.0,1.1946,0.9327,27.38,21.4102,17.5864,31.8862,4.7401,8.6037,4.4994,-0.0102,0.0,0.003,2.786,0.0,26.1208,8498.9899,5.66,6.1846,86.9963,83.8498,15.4662,135.9882,양품
1.4345,-0.0096,27.0833,0.0253,-5400.0,72.7444,1.9407,-0.3784,15.74,314.6103,6.1477,0.0762,1.144,343.0841,1.9848,8.3179,0.0113,6.0743,0.7447,18.5655,0.7833,2575.5,15.84,,1.6496,3.0706,1003.5267,0.0,,0.9336,10.33,10.6806,13.99,3.9364,2.9417,5.9375,4.731,-0.041,349.9366,0.0036,2.825,0.0,22.8282,8834.5399,1.4266,5.565,86.5962,85.3881,15.4662,149.39,양품
1.8164,-0.0089,46.0028,0.0226,-5763.0,75.2444,3.661,0.0,15.66,383.3766,5.7979,0.1305,1.286,356.9809,1.9367,8.2638,-0.019,5.5569,0.7308,18.1836,0.9524,2616.25,15.74,7.3436,2.658,4.0956,1007.5156,0.0,1.1739,0.9353,11.21,25.6097,17.4727,8.1057,3.1229,5.801,4.7143,-0.0204,290.6907,0.0059,3.811,691.358,25.4759,8188.0299,1.9076,4.9809,86.7056,84.5303,,148.0782,양품
0.56,-0.0124,56.4516,0.0263,-5646.5,72.6222,1.5035,-0.3784,15.74,181.8727,5.029,0.0533,1.144,47.934,2.0248,8.5801,0.0007,4.7622,0.7447,19.44,0.7833,2648.5,15.84,,3.7179,4.7801,1003.5267,0.0,,0.9311,18.4,15.1549,12.9118,6.192,3.2779,5.2906,4.6724,-0.0295,0.0,0.0062,2.825,0.0,25.7696,8900.9999,3.0119,5.2846,86.9331,86.1155,28.0797,149.6982,양품
-1.1427,-0.0064,73.2943,0.0249,-5544.25,76.3556,2.483,0.0473,15.78,260.0442,5.472,0.0832,1.144,268.1248,1.9905,8.3006,0.0072,5.2305,0.8216,21.1427,0.788,2771.5,15.83,,2.0955,12.3992,1007.2267,0.0,1.074,0.9308,14.95,42.4291,13.1664,22.853,3.1263,3.8475,4.4988,-0.0191,0.0,0.0038,2.786,408.7591,29.0083,9092.5899,4.2474,7.463,86.6896,83.6264,15.4662,150.4891,양품
5.4718,-0.0107,52.3364,0.031,-5310.5,75.2667,2.8383,-0.3784,15.74,195.8407,5.5698,0.0926,1.144,255.3409,1.9758,8.2395,-0.0091,5.6945,0.7447,14.5282,0.7833,2775.25,15.84,,3.0558,3.2825,1003.5267,0.0,1.4453,0.9339,13.35,41.5583,17.0018,7.221,2.8551,6.0985,4.7208,-0.0329,88.8187,0.0032,2.825,0.0,20.8541,8863.07,1.5469,5.6041,86.5783,85.7059,15.4662,144.9527,양품
-4.6736,-0.0086,37.1553,0.0253,-5377.25,72.0778,4.3629,-0.3784,15.74,135.1653,5.6868,0.1346,1.144,459.4848,1.9395,8.6074,-0.0015,5.1929,0.7447,24.6736,0.7833,2642.5,15.84,,2.9135,9.0412,1003.5267,0.0,1.8614,0.9353,22.15,32.8324,12.7581,5.0324,3.0713,7.6915,4.7071,-0.002,107.8389,0.0024,2.825,0.0,31.3776,9341.05,1.446,5.3904,87.024,84.8937,15.4662,144.1855,양품
1.2691,-0.0093,47.5034,0.0301,-5528.75,72.3,2.4773,0.0473,15.78,100.5419,5.5802,0.0741,1.144,491.5698,1.9955,8.3179,0.0089,4.8994,0.8216,18.7309,0.788,2724.0,15.83,3.0743,2.6279,13.4156,1007.2267,0.0,,0.9336,14.53,41.9211,17.2464,2.9014,2.8487,6.5857,4.731,-0.0145,572.063,0.0026,2.786,0.0,26.114,8741.0,2.1098,5.7926,86.5962,85.3881,19.1438,148.8064,양품
1.6309,-0.0074,41.8919,0.0221,-5275.0,73.6889,4.6925,0.0,15.66,248.4338,5.5936,0.1447,1.286,284.859,1.9697,8.3006,-0.0233,5.0041,0.7308,18.3691,0.9524,2481.0,15.74,,1.3571,2.9405,1007.5156,0.0,,0.9344,11.3,17.3398,16.1182,4.5164,3.1475,6.4754,4.7198,-0.0306,271.0145,0.004,3.811,0.0,23.7598,8611.6499,1.5464,5.5235,86.6256,83.779,15.4662,147.6355,양품
3.1382,-0.0086,44.1219,0.0315,-5646.0,67.5333,3.398,0.0,15.66,193.6722,5.7609,0.112,1.286,259.7678,1.996,8.8424,-0.0244,5.8362,0.7308,16.8618,0.9524,2508.25,15.74,,4.1461,3.6465,1007.5156,0.0,1.5603,0.9336,13.73,17.6817,12.9264,3.4268,2.7896,7.8219,4.731,-0.03,210.3129,0.0044,3.811,0.0,21.725,9131.1501,1.9219,6.0358,86.8271,86.15,21.8212,150.4745,양품
1.91,-0.0104,59.9034,0.0217,-6468.0,72.9333,2.2062,0.0473,15.75,108.4727,5.5644,0.0496,1.059,198.1195,1.878,8.5003,-0.0228,5.5038,0.8692,18.09,0.6766,2915.5,15.7,,4.5247,4.8416,1016.6978,0.0,1.6686,0.9348,19.14,17.83,14.6819,4.6959,3.1034,9.243,4.7201,-0.0182,371.7277,0.0048,2.992,0.0,26.0981,8842.8299,2.2422,7.8974,87.1866,85.0449,27.2139,148.87,양품
4.3955,-0.0108,24.102,0.0245,-5645.75,71.0333,3.6562,0.0473,15.75,279.6216,6.4329,0.1181,1.059,154.6703,1.976,8.8836,-0.0006,6.0982,0.8692,15.6045,0.6766,2854.75,15.7,,7.0389,3.5372,1016.6978,0.0,0.8598,0.9215,22.89,30.8183,16.0973,3.9607,3.4155,3.2727,4.6004,-0.0258,115.3464,0.0088,2.992,0.0,21.7593,8638.3399,1.6386,5.8415,86.8182,84.5987,16.657,146.3627,양품
2.1173,-0.0092,43.3018,0.0231,-4675.25,74.4667,1.2372,0.0473,15.78,1681.1178,5.7019,0.0432,1.144,1061.0895,1.991,8.3179,0.013,5.3925,0.8216,17.8827,0.788,3613.75,15.83,,2.9543,2.9698,1007.2267,0.0,,0.9336,5.48,14.57,6.7446,5.1349,2.9723,6.5354,4.731,-0.0164,176.17,0.004,2.786,0.0,19.545,8801.6499,1.2794,5.737,86.5962,85.3881,15.4662,154.5427,양품
2.3855,-0.0096,72.0627,0.0307,-5335.5,73.2778,2.4228,0.0,15.66,163.2327,5.558,0.072,1.286,291.8019,1.966,8.2638,-0.0069,5.7386,0.7308,17.6145,0.9524,2534.25,15.74,51.3369,3.1387,3.7217,1007.5156,0.0,,0.933,11.76,35.2892,16.7036,7.6197,2.8885,6.7805,4.7246,-0.0003,108.9939,0.0033,3.811,0.0,22.5295,8993.55,0.8109,5.682,86.7056,84.5303,21.3655,151.6109,양품
1.2882,-0.0102,49.8778,0.0212,-5197.5,72.4333,1.5484,0.0473,15.75,525.9888,5.3749,0.0472,1.059,325.6752,2.0048,8.5596,-0.0132,4.717,0.8692,18.7118,0.6766,2879.75,15.7,7.0842,2.485,5.479,1016.6978,0.0,,0.933,9.37,22.2791,20.1091,6.8212,3.1487,8.2318,4.7246,-0.0473,341.5667,0.0041,2.992,0.0,24.9344,8883.24,1.2314,4.7909,86.7827,83.6583,15.4662,147.72,양품
3.9027,-0.0106,33.9223,0.0217,-5892.25,75.4556,2.4074,0.0,15.66,419.8214,5.6221,0.0922,1.286,361.1162,1.992,8.3006,-0.0108,5.7572,0.7308,16.0973,0.9524,3091.0,15.74,4.3254,1.8554,5.4965,1007.5156,0.0,,0.9344,11.36,42.4209,18.119,3.9167,2.942,9.1554,4.7198,-0.0383,123.7596,0.0023,3.811,0.0,22.7626,9001.32,1.672,5.2845,86.6256,83.779,15.4662,144.7236,양품
-2.5482,-0.009,70.9141,0.0238,-5322.25,72.9333,3.2188,-0.3784,15.74,79.1475,4.904,0.1089,1.144,149.6114,2.0217,8.5801,-0.0209,4.2309,0.7447,22.5482,0.7833,2599.5,15.84,1.6553,3.0165,5.7897,1003.5267,0.0,,0.9353,13.08,22.2035,19.8182,4.9956,3.0222,5.2171,4.7143,-0.0314,269.9964,0.0039,2.825,430.7692,29.6525,9297.29,2.1956,4.9113,86.9331,86.1155,7.1115,147.0173,양품
1.5218,-0.0102,37.1184,0.0281,-5536.5,74.6889,4.2637,0.0473,15.78,538.2994,5.8638,0.1539,1.144,134.9975,1.9648,8.6074,-0.0141,6.0308,0.8216,18.4782,0.788,2862.75,15.83,,2.5439,11.0208,1007.2267,0.0,1.5974,0.9327,19.98,33.8082,15.2337,31.0456,4.7555,4.3655,4.4994,0.0196,0.0,0.005,2.786,0.0,25.9831,9029.1101,6.2317,7.1937,87.024,84.8937,21.1654,147.5218,불량
-0.8736,-0.0108,35.1852,0.0276,-5393.5,67.2778,1.271,0.0473,15.75,79.0459,4.6235,0.0386,1.059,279.6861,1.9743,9.754,0.0188,3.8327,0.8692,20.8736,0.6766,2612.75,15.7,,3.7159,10.9391,1016.6978,0.0,1.1512,0.9267,18.1,18.1586,15.46,6.8461,4.8316,4.1612,4.5488,-0.046,946.6191,0.0027,2.992,0.0,28.9348,8940.9601,2.3691,5.3666,87.1954,85.8807,18.1262,148.9945,양품
1.7073,-0.0088,45.4545,0.0258,-5545.25,68.6111,3.9707,-0.3784,15.74,115.2718,6.0207,0.1215,1.144,285.0805,1.9892,8.7073,0.0057,5.6196,0.7447,18.2927,0.7833,2554.25,15.84,,4.664,4.0941,1003.5267,0.0,1.7082,0.9327,29.12,39.5139,17.8028,31.8442,4.7971,5.6009,4.4994,-0.0197,0.0,0.0031,2.825,0.0,25.4819,8434.25,6.4526,6.2591,86.7952,84.7188,15.4662,143.0127,불량
2.1982,-0.0107,73.9181,0.0219,-6002.0,70.9778,3.2255,-0.1419,15.54,73.7083,5.8384,0.1127,1.239,1054.3282,1.988,8.7073,-0.0119,5.5064,0.6847,17.8018,0.7635,2645.25,15.61,8.908,2.9587,12.8884,986.0991,0.0,2.3202,0.9327,24.29,21.6052,18.49,30.4733,4.7147,6.1374,4.4994,0.0021,0.0,0.0045,2.511,668.6567,25.0963,8327.1499,5.7882,7.1941,86.7952,84.7188,21.7849,146.1527,양품
2.4218,-0.0086,41.7391,0.0232,-6313.5,69.5222,0.8929,-1.135,15.73,200.0073,5.6986,0.0301,1.182,1025.4731,2.01,8.5862,0.0061,5.6009,0.6879,17.5782,0.7892,2626.75,15.75,26.0231,3.4521,8.9703,1006.1867,0.0,1.5332,0.9339,15.97,51.0526,18.2736,3.7333,2.9099,5.6564,4.7208,0.0139,255.1802,0.0032,2.627,0.0,23.8478,8894.5101,1.8825,5.2895,86.5384,84.7646,18.0392,148.1518,양품
4.9555,-0.0097,48.329,0.0184,-1263.5,72.8778,400.0,-0.1419,15.54,1640.0,5.7798,0.4995,1.239,2527.0,0.4138,8.441,-0.0195,5.005,0.6847,15.0445,0.7635,820.0,15.61,7.7522,3.9793,9.6462,986.0991,0.0,,0.935,16.06,14.8453,16.6,5.9329,2.9258,9.9444,4.6915,-0.0496,75.2706,0.0034,2.511,0.0,22.1659,8531.5401,1.3517,5.7662,87.0383,84.9737,18.64,148.2245,양품
1.8709,-0.0115,45.9372,0.0158,-5512.0,67.0111,3.5113,-1.135,15.73,187.8554,7.4754,0.1086,1.182,617.5862,2.0202,8.7932,-0.0018,6.3158,0.6879,18.1291,0.7892,2666.5,15.75,12.2832,3.1338,4.0404,1006.1867,0.0,,0.9296,15.8,22.0783,9.7126,8.8256,4.9031,7.6829,4.574,0.0053,187.0748,0.0046,2.627,0.0,22.7283,8294.4601,1.1299,5.0018,86.8489,85.513,,146.82,양품
0.7355,-0.0081,46.9861,0.0231,-4386.0,73.3444,2.8522,-0.1419,15.54,162.791,6.5044,0.0959,1.239,1556.3374,1.9633,8.572,-0.0293,5.396,0.6847,19.2645,0.7635,2934.75,15.61,3.2894,2.8632,10.9555,986.0991,0.0,0.9923,0.9242,19.56,13.4268,11.0378,6.6106,3.7839,4.7399,4.5663,-0.0281,0.0,0.0035,2.511,0.0,24.3304,8723.9299,2.374,7.5495,86.8066,83.8148,15.4662,149.7936,양품
1.2809,-0.0112,41.9175,0.0208,-5371.25,72.5444,1.794,-0.5677,15.67,327.3534,6.2122,0.0593,1.163,67.8792,1.958,8.3331,-0.0145,5.3718,0.6697,18.7191,0.8069,2700.75,15.71,3.8307,1.9299,7.4457,1004.5944,0.0,,0.9242,18.14,26.5649,12.6062,5.7203,3.8198,4.3922,4.5663,-0.0119,462.1718,0.0028,2.5,507.6923,23.6041,8796.8197,1.682,5.3791,86.993,84.969,23.8785,147.3073,양품
5.5318,-0.0098,44.0461,0.0196,-5553.0,75.3333,3.1699,-0.5677,15.67,180.5298,5.3513,0.1094,1.163,539.0516,1.956,8.3006,-0.0458,4.4691,0.6697,14.4682,0.8069,2441.5,15.71,5.2177,2.6549,12.7964,1004.5944,0.0,,0.9339,14.35,40.3702,10.7455,3.828,2.9185,5.0629,4.7208,-0.0011,89.8439,0.0036,2.5,0.0,21.2935,9400.8501,1.4923,5.043,86.6256,83.779,15.4662,150.1118,양품
-3.1227,-0.0111,45.9459,0.0249,-5352.25,67.4111,2.2872,-0.1419,15.54,434.9291,5.5427,0.0679,1.239,373.657,1.9775,8.5862,0.0203,5.3483,0.6847,23.1227,0.7635,2701.0,15.61,50.2935,3.2636,5.1783,986.0991,0.0,0.7095,0.9267,18.44,16.1068,15.3963,6.8991,4.5708,4.6652,4.5488,-0.0276,216.4777,0.0035,2.511,0.0,31.4849,8204.2999,1.8518,5.4518,86.5384,84.7646,15.377,150.4755,양품
6.1855,-0.0117,62.5938,0.021,-5472.0,73.6778,2.0364,-0.1419,15.54,123.6797,5.9816,0.0652,1.239,498.1252,1.9912,8.2981,-0.0292,4.9785,0.6847,13.8145,0.7635,2578.0,15.61,,2.4431,3.6817,986.0991,0.0,1.7339,0.9242,10.01,16.1207,5.6269,5.7293,3.993,5.9842,4.5663,-0.0307,111.3904,0.0032,2.511,0.0,14.0352,9263.4,1.986,5.4449,86.6174,83.7568,18.6735,153.2364,양품
1.9936,-0.0094,68.2667,0.0247,-5611.75,75.3667,3.4146,-0.5677,15.67,104.8062,5.7628,0.1197,1.163,409.9849,1.9665,8.5407,-0.0224,5.4128,0.6697,18.0064,0.8069,2679.5,15.71,4.8757,2.521,5.1992,1004.5944,0.0,0.5884,0.9344,10.76,13.0839,14.4818,6.4223,3.0646,6.7038,4.7198,0.0034,208.6639,0.0046,2.5,0.0,22.1064,8982.99,1.4134,5.0123,86.8223,85.4656,12.5961,148.1245,양품
0.2436,-0.0086,57.2263,0.0236,-5456.75,72.8556,1.5023,-1.135,15.73,262.2842,5.383,0.0473,1.182,313.2224,1.9937,8.3331,-0.033,5.2618,0.6879,19.7564,0.7892,2706.5,15.75,8.5881,1.7844,5.6552,1006.1867,0.0,1.8558,0.9327,16.38,15.3151,13.5982,25.4158,4.9123,5.772,4.5531,-0.0435,0.0,0.0043,2.627,0.0,24.6507,9170.16,4.2085,7.1191,86.993,84.969,15.4361,145.5309,양품
2.9073,-0.0101,59.1133,0.0225,-5196.75,75.2333,2.6571,-0.5677,15.67,469.3875,4.3798,0.0979,1.163,1133.7635,2.019,8.2638,-0.0111,3.981,0.6697,17.0927,0.8069,2526.0,15.71,13.6029,2.9242,4.7189,1004.5944,0.0,,0.9295,17.68,14.4759,8.9432,20.8718,4.4937,4.1934,4.4791,-0.0118,591.9639,0.01,2.5,703.4483,23.0962,8581.9799,4.9107,6.1967,86.7056,84.5303,16.2314,145.7055,양품
0.3491,-0.007,42.6288,0.0235,-5612.5,70.0111,1.575,-0.5677,15.67,223.7549,5.8604,0.0542,1.163,509.1238,2.0057,8.897,-0.0315,5.6315,0.6697,19.6509,0.8069,2494.75,15.71,3.8641,5.4277,5.5945,1004.5944,0.0,,0.9327,20.96,28.2131,15.1609,30.7812,4.9439,4.672,4.4994,-0.0046,0.0,0.0044,2.5,545.4545,27.8925,8979.42,5.808,7.3351,87.0027,84.3947,12.6684,150.2555,양품
1.1136,-0.0102,58.5366,0.0263,-5867.0,75.7222,3.6702,-1.135,15.73,158.4727,5.3527,0.1284,1.182,858.7444,1.968,8.2395,-0.0173,4.9256,0.6879,18.8864,0.7892,2606.75,15.75,4.0399,2.245,10.435,1006.1867,0.0,,0.9336,11.8,20.9909,13.9519,2.592,3.0521,5.5958,4.731,-0.0218,459.7551,0.0038,2.627,419.0476,23.1136,8380.05,1.6016,5.642,86.5783,85.7059,28.7951,148.5045,양품
1.3009,-0.0092,19.6721,0.0226,-5143.5,75.0889,2.9379,-1.135,15.73,126.9081,5.6737,0.1019,1.182,575.0956,1.9642,8.2395,-0.0143,5.282,0.6879,18.6991,0.7892,2626.5,15.75,107.0314,2.3972,8.8131,1006.1867,0.0,,0.9336,11.64,12.617,10.6702,4.5255,2.9959,5.1379,4.731,-0.0086,488.1202,0.0027,2.627,457.1429,23.4987,8996.3499,1.8686,4.9233,86.5783,85.7059,15.4662,149.0882,양품
2.1918,-0.0108,29.6984,0.021,-5611.75,73.1222,2.4836,-0.8988,15.79,643.9024,5.5559,0.0831,1.239,646.9685,2.014,8.2395,0.012,5.2748,0.7402,17.8082,0.7699,2327.75,15.87,3.5725,2.5984,3.1284,1003.1082,0.0,,0.9336,12.6,13.8806,11.1672,6.4885,3.0548,4.8167,4.731,-0.0366,79.8424,0.0028,2.641,759.322,20.8256,9281.72,0.5373,5.5223,86.5783,85.7059,25.7892,148.4418,양품
,-0.0106,50.8235,0.0234,-6616.0,71.8556,1.1519,-0.8988,15.79,278.1277,5.6552,0.0298,1.239,157.4717,1.8923,8.6706,0.0051,4.9314,0.7402,,0.7699,2945.5,15.87,4.0926,3.7575,4.4698,1003.1082,0.0,,0.9272,,10.9039,,,3.622,,4.5863,-0.0208,,0.0047,2.641,989.4737,,8705.8999,,,86.8967,84.7348,15.336,,양품
0.1809,-0.0082,75.2656,0.0254,-5495.0,73.7222,4.4837,-1.135,15.73,252.7626,4.5473,0.1328,1.182,236.0847,1.9932,8.3179,-0.0115,3.499,0.6879,19.8191,0.7892,2568.25,15.75,5.0741,2.8485,7.3978,1006.1867,0.0,1.382,0.9288,19.61,26.684,15.8327,9.8345,4.6531,4.282,4.5472,-0.021,0.0,0.0035,2.627,0.0,27.2003,8386.94,1.277,3.9921,86.5962,85.3881,15.4662,148.2936,양품
0.7482,-0.0102,37.3464,0.022,-5370.0,74.0111,2.9413,-1.135,15.73,248.2183,5.1075,0.0926,1.182,119.4208,1.9463,8.2395,-0.0032,5.2813,0.6879,19.2518,0.7892,2601.5,15.75,4.322,2.8374,10.6135,1006.1867,0.0,,0.9336,12.39,18.3517,13.0373,4.3663,3.0136,6.6146,4.731,-0.0026,729.7691,0.0068,2.627,0.0,23.6254,9376.2899,1.6309,6.1309,86.5783,85.7059,15.4662,148.0064,양품
2.5491,-0.0103,38.9294,0.0269,-5549.5,75.6222,5.643,-0.5677,15.67,195.2323,5.66,0.1838,1.163,230.2079,1.9675,8.3006,-0.0215,5.3835,0.6697,17.4509,0.8069,2568.5,15.71,7.6407,3.3059,12.0986,1004.5944,0.0,1.5494,0.9344,17.18,20.4102,12.0673,4.7407,3.0741,5.6037,4.7198,-0.0016,182.0257,0.0033,2.5,0.0,21.7752,9048.53,1.6052,4.8094,86.6256,83.779,18.7028,145.6182,양품
-0.6645,-0.0081,26.0465,0.0206,-6417.75,73.0556,4.2669,-0.5677,15.67,128.8471,5.5983,0.1021,1.163,157.9396,1.8725,8.5003,-0.0252,4.8683,0.6697,20.6645,0.8069,2924.75,15.71,5.5461,2.8745,5.8255,1004.5944,0.0,1.2697,0.9219,12.97,15.7795,9.5695,7.9562,3.4905,4.5947,4.5845,0.0173,964.5691,0.0054,2.5,0.0,27.0709,8587.1898,2.1364,4.7975,87.1866,85.0449,21.0519,151.6982,양품
6.1882,-0.0108,53.7659,0.0194,-5440.25,71.4667,3.1323,-0.8988,15.79,139.7602,6.0917,0.0952,1.239,342.0715,1.9525,8.3273,-0.0012,5.3113,0.7402,13.8118,0.7699,2575.75,15.87,4.9795,5.8769,3.0236,1003.1082,0.0,1.72,0.9215,21.8,24.2611,13.53,3.1244,3.5902,7.0742,4.6004,0.0146,70.2953,0.0032,2.641,670.5882,20.6151,9076.3001,1.2319,5.8385,87.037,86.3826,28.2535,145.7418,양품
4.6209,-0.01,70.2635,0.0235,-5563.5,74.4778,2.4821,-0.1419,15.54,231.829,5.4544,0.0737,1.239,1158.8861,1.9648,8.3542,0.0114,5.3458,0.6847,15.3791,0.7635,2616.0,15.61,5.9606,3.0882,11.0952,986.0991,0.0,,0.9339,12.05,54.5201,13.3146,6.3103,3.1,5.2964,4.7208,-0.0096,62.3254,0.0038,2.511,0.0,19.4357,8281.68,1.0578,5.6337,86.6266,85.7243,23.0416,152.5573,양품
3.0345,-0.0115,34.8964,0.0183,-5470.25,73.5667,2.732,-0.4258,15.8,103.7284,4.7851,0.094,1.475,156.0756,1.986,8.4278,-0.0063,3.8832,0.7217,16.9655,0.7743,2682.75,15.84,4.373,3.942,14.2284,998.6109,0.0,,0.9314,24.19,31.6124,14.6927,6.0874,3.7497,6.674,4.6356,-0.0578,315.3685,0.0047,2.76,637.8378,21.3048,9064.39,2.6891,5.9172,87.1524,85.4438,19.5004,143.5409,양품
-4.2064,-0.0088,39.8293,0.0289,-5411.75,70.4778,3.7865,-0.8988,15.79,127.3172,6.1271,0.122,1.239,223.2284,1.988,9.0145,-0.0372,5.7851,0.7402,24.2064,0.7699,2537.5,15.87,4.3803,3.2634,5.9104,1003.1082,0.0,1.7655,0.9353,17.68,34.2895,13.2627,4.4751,2.933,3.3622,4.7071,-0.0094,147.6335,0.0034,2.641,0.0,30.9661,8844.62,1.9661,5.2667,86.7608,87.1883,16.3187,140.9773,양품
6.1727,-0.0098,36.8758,0.0197,-5762.75,74.8556,4.8462,-0.5677,15.67,157.3118,5.7073,0.1552,1.163,462.812,1.9748,8.3542,-0.0384,5.7232,0.6697,13.8273,0.8069,2528.5,15.71,4.1301,2.8054,5.4642,1004.5944,0.0,1.6578,0.935,11.4,14.3064,15.3491,4.6765,3.0492,10.9203,4.6915,0.0204,64.8012,0.0042,2.5,0.0,21.2711,8585.29,1.4541,5.2204,86.6266,85.7243,15.4662,150.1791,양품
7.3164,-0.0105,75.9193,0.0169,-5585.25,74.5778,1.7555,-0.4258,15.8,163.9682,6.3023,0.0611,1.475,247.0848,2.0025,8.3588,-0.0121,5.4388,0.7217,12.6836,0.7743,2634.25,15.84,,4.6931,4.7315,998.6109,0.0,1.0522,0.9284,22.34,35.2149,12.6009,7.2316,3.7755,3.2839,4.6235,-0.0462,66.9732,0.0029,2.76,0.0,16.8961,8926.87,1.8329,5.3174,86.5828,84.8949,14.7752,145.56,양품
4.5918,-0.0091,73.4247,0.0262,-5753.5,70.1556,3.0187,-0.4258,15.8,1901.6942,5.7703,0.1034,1.475,737.1678,2.0227,9.0145,-0.016,5.2891,0.7217,15.4082,0.7743,3413.25,15.84,,3.5635,11.2744,998.6109,0.0,1.5473,0.935,19.92,14.4522,14.8045,7.1479,3.0223,3.8241,4.6915,-0.0623,152.6628,0.0038,2.76,0.0,22.2081,9142.4701,1.999,6.1217,86.7608,87.1883,22.2911,141.4727,양품
3.2273,-0.0076,87.4172,0.0252,-4961.25,65.8,2.9761,-1.135,15.73,225.9843,5.7088,0.0908,1.182,1407.9878,1.9948,8.6068,-0.0175,4.9097,0.6879,16.7727,0.7892,2703.75,15.75,4.9195,3.3435,3.8667,1006.1867,0.0,,0.933,11.75,24.0409,14.4218,7.0428,2.9953,6.132,4.7246,-0.0239,145.3239,0.0035,2.627,711.1111,21.9494,8617.86,1.5189,5.3517,86.5437,83.5811,15.4662,152.1536,불량
6.6827,-0.0101,59.4059,0.0247,-5505.5,71.0333,1.7146,-0.4258,15.8,115.4336,6.2277,0.0577,1.475,339.875,2.01,8.572,-0.0333,5.3465,0.7217,13.3173,0.7743,2730.75,15.84,,1.9709,11.6478,998.6109,0.0,,0.9215,24.95,37.1538,13.7263,5.8447,3.3714,5.5553,4.6004,-0.0624,99.9592,0.0042,2.76,930.2326,19.9232,9293.7301,1.9633,5.3244,86.8066,83.8148,13.8627,144.3664,양품
-4.6636,-0.0127,42.6036,0.0224,-5592.75,67.9889,1.1994,-0.4258,15.8,169.2277,4.5792,0.0406,1.475,157.967,2.0313,9.9964,-0.0167,4.1728,0.7217,24.6636,0.7743,2851.0,15.84,,5.8833,6.8179,998.6109,0.0,5.3603,0.9241,17.79,28.9328,17.1263,5.4828,3.6751,4.3419,4.5689,-0.1258,91.1306,0.0047,2.76,0.0,33.7771,9118.7,1.2987,3.8768,87.1886,84.5551,20.0909,145.7882,양품
3.5945,-0.0095,32.6316,0.0252,-5578.75,70.1667,3.0091,-0.8988,15.79,267.161,5.966,0.0914,1.239,388.5386,2.0383,9.131,-0.0077,5.7824,0.7402,16.4055,0.7699,2469.5,15.87,9.3009,3.7055,3.8103,1003.1082,0.0,,0.935,14.6,21.0712,17.3955,4.9469,2.8634,6.0911,4.6915,-0.013,124.3551,0.0043,2.641,0.0,24.9991,9931.45,1.5066,5.0464,86.7486,84.9173,17.6187,149.3991,양품
2.4182,-0.0105,43.0108,0.0236,-5349.75,75.4333,3.0074,-0.4258,15.8,176.9717,5.96,0.0926,1.475,199.8506,1.986,8.5596,-0.012,5.3922,0.7217,17.5818,0.7743,2663.5,15.84,4.2022,2.2536,6.0959,998.6109,0.0,,0.9215,22.17,26.9886,14.0237,4.5473,3.4996,5.0925,4.6004,-0.0631,185.2632,0.0028,2.76,0.0,24.3727,8966.2599,1.3214,5.2917,86.7827,83.6583,31.5069,145.1155,양품
4.6209,-0.0093,49.5289,0.0186,-5714.25,71.3222,2.9153,-0.1419,15.54,196.8849,5.9229,0.0909,1.239,435.2251,2.011,8.5801,-0.0092,5.3398,0.6847,15.3791,0.7635,2573.5,15.61,8.4933,2.1031,5.1756,986.0991,0.0,3.0931,,19.29,23.5173,17.8428,7.2209,4.3439,5.9706,,-0.0319,104.7413,0.0036,2.511,0.0,22.4441,8772.49,1.4625,5.9322,86.9331,86.1155,15.4662,152.5809,불량
2.2336,-0.0098,49.8094,0.0216,-5538.0,73.4778,0.7956,0.0,15.92,313.9739,5.5864,0.0255,0.9129,221.6017,1.9743,8.2981,-0.0092,4.59,0.8536,17.7664,0.6956,2971.75,15.85,,4.6272,4.8205,1010.6921,0.0,1.7932,0.9252,19.07,28.1435,12.5904,6.803,3.8236,3.9954,4.5938,-0.007,351.4449,0.0043,2.911,800.0,20.5025,9250.51,2.2496,5.4151,86.6174,83.7568,20.9204,149.6727,양품
5.2064,-0.0102,37.3464,0.0207,-5466.75,73.6111,5.6992,0.0,15.92,428.1592,6.2473,0.2033,0.9129,165.7234,1.971,8.572,-0.0308,5.5206,0.8536,14.7936,0.6956,2605.5,15.85,3.9393,1.6302,13.3691,1010.6921,0.0,0.415,0.9215,22.12,18.8183,18.3982,4.5454,3.6241,4.0558,4.6004,-0.0085,110.2497,0.0035,2.911,0.0,21.7926,8812.8499,1.8821,6.3769,86.8066,83.8148,15.4662,140.5409,양품
-0.5718,-0.0106,58.6982,0.0227,-6397.75,66.7889,2.1269,0.0,15.92,108.7026,5.009,0.047,0.9129,118.2156,1.8798,9.0121,-0.0016,5.1082,0.8536,20.5718,0.6956,2959.25,15.85,3.3914,3.294,3.448,1010.6921,0.0,1.7157,0.9256,24.36,72.885,13.9054,7.2289,3.8682,4.6034,4.6622,-0.008,0.0,0.0037,2.911,0.0,26.247,8106.16,2.6434,6.5939,86.6797,86.6785,15.4662,145.1091,양품
7.0273,-0.011,25.4835,0.0224,-5515.5,70.3,3.4976,0.0,15.92,179.0203,5.2684,0.1157,0.9129,230.8455,1.9798,8.8624,-0.0087,5.1099,0.8536,12.9727,0.6956,2633.25,15.85,3.6417,4.1252,5.8907,1010.6921,0.0,1.0481,0.9314,16.65,19.2024,11.7043,6.0961,3.6916,3.7146,4.6356,-0.0243,94.6313,0.0033,2.911,0.0,16.5255,8292.1599,2.0671,4.4565,86.3364,84.361,32.9627,143.7555,양품
2.1145,-0.0124,33.871,0.0289,-5617.5,72.6222,1.8057,0.7096,15.73,203.0049,5.1897,0.0541,0.9838,129.8448,1.9943,8.7932,0.0063,4.5199,0.8543,17.8855,0.5653,2682.5,15.8,9.2702,7.9865,6.2485,998.0122,0.0,2.4128,0.9258,22.58,22.3992,11.6673,8.7594,3.9821,5.1912,4.6486,-0.0742,293.6801,0.0051,2.783,0.0,25.5062,9203.79,2.0034,4.3354,86.7223,84.525,23.9222,149.0973,양품
2.1973,-0.0104,28.8462,0.0222,-5517.75,74.5889,4.1446,0.0,15.92,208.5927,6.2556,0.1443,0.9129,224.0006,1.986,8.3179,-0.0019,5.5918,0.8536,17.8027,0.6956,2499.75,15.85,,1.877,6.6848,1010.6921,0.0,2.7844,0.9272,14.72,15.3478,8.8436,8.702,3.4442,3.7115,4.5863,0.0105,535.2089,0.0039,2.911,0.0,18.891,8921.55,3.3792,5.4045,86.5962,85.3881,24.7658,149.5355,양품
4.9118,-0.0114,30.837,0.0154,-5122.5,70.9889,3.4151,0.7096,15.73,145.5988,5.1057,0.1259,0.9838,203.6836,1.9937,8.8624,-0.0215,4.2066,0.8543,15.0882,0.5653,2541.5,15.8,4.1715,4.226,9.8057,998.0122,0.0,,0.9314,21.37,36.519,12.68,6.4761,3.7061,4.8707,4.6356,-0.0643,129.6872,0.0035,2.783,0.0,19.2834,9060.0199,2.0694,4.9633,86.3364,84.361,15.4662,144.5373,양품
4.8127,-0.0103,47.5728,0.0122,-6469.5,72.3444,3.2777,0.7096,15.73,169.7358,5.6728,0.0851,0.9838,183.5293,1.872,8.5003,-0.0335,5.7028,0.8543,15.1873,0.5653,2871.75,15.8,,3.4557,8.6658,998.0122,0.0,2.0058,0.9329,16.68,22.3428,8.7067,23.3533,4.5903,2.9198,4.4953,-0.0315,233.5472,0.003,2.783,0.0,16.9553,8635.81,3.0599,6.0905,87.1866,85.0449,15.4662,153.4355,양품
4.4445,-0.0106,54.5882,0.0202,-5085.75,75.6778,1.5248,0.7096,15.73,100.0317,6.7223,0.0454,0.9838,93.1178,2.0017,8.2981,-0.0046,5.9852,0.8543,15.5555,0.5653,2532.5,15.8,21.1391,2.2464,9.7279,998.0122,0.0,,0.9272,17.23,15.7769,10.4532,5.6738,4.1808,2.9431,4.5863,-0.0279,114.5224,0.0028,2.783,330.4348,18.0095,8883.2801,1.8617,5.0671,86.6174,83.7568,20.1148,146.1064,양품
5.6155,-0.0101,51.358,0.0204,-4764.0,75.0889,0.6037,0.7096,15.73,306.5272,7.4824,0.0197,0.9838,812.0891,1.9905,8.3588,-0.0339,7.5368,0.8543,14.3845,0.5653,2903.75,15.8,3.3801,2.3972,9.2803,998.0122,0.0,,0.9242,13.13,33.1734,6.4102,7.4248,3.7743,4.7003,4.5663,-0.0506,168.9979,0.0035,2.783,0.0,14.8409,8091.77,3.0368,5.3596,86.5828,84.8949,22.7632,155.7355,양품
2.8136,-0.0101,30.7311,0.0164,-5195.75,68.4889,1.4995,0.7096,15.73,181.5764,6.2503,0.0556,0.9838,313.1596,2.0032,9.131,-0.0059,5.3717,0.8543,17.1864,0.5653,2541.0,15.8,2.6619,4.5263,9.5711,998.0122,0.0,1.4676,0.9293,22.23,14.9653,14.4382,5.0807,3.893,5.8022,4.5807,-0.0739,108.4006,0.0028,2.783,0.0,21.9929,8366.46,1.0154,5.9855,86.7486,84.9173,16.7109,145.6355,양품
3.9527,-0.0115,35.5363,0.0228,-5569.75,74.0,1.9065,0.7096,15.73,326.9077,5.7861,0.0651,0.9838,407.189,1.9875,8.3588,-0.0152,4.6809,0.8543,16.0473,0.5653,2958.0,15.8,6.7342,3.7838,5.604,998.0122,0.0,1.4447,0.9252,16.9,11.3983,8.8717,7.0397,3.614,2.0008,4.5938,-0.0533,191.5133,0.0055,2.783,363.6364,18.7066,9020.8602,2.2974,4.7261,86.5828,84.8949,26.3287,149.4427,양품
3.4482,-0.0079,30.3318,0.0201,-5644.0,74.5556,2.653,0.0,15.92,370.3632,5.4498,0.0802,0.9129,478.4133,1.9913,8.5407,-0.0218,5.0486,0.8536,16.5518,0.6956,2685.75,15.85,0.8879,3.0849,9.2964,1010.6921,0.0,0.6528,0.9353,13.8,27.8622,13.8682,6.1455,2.9691,5.2947,4.7143,-0.027,95.1226,0.0037,2.911,933.3333,21.0153,8850.9799,1.1514,5.8245,86.8223,85.4656,12.2878,148.6391,양품
1.3445,-0.0136,34.4322,0.0208,-5250.75,72.9222,2.1324,-1.229,15.73,156.8757,5.6354,0.0693,0.9554,327.5377,1.959,8.2395,-0.0191,5.3658,0.7906,18.6555,0.5471,2517.0,15.82,,3.2912,5.315,999.3366,0.0,2.5175,0.9327,21.8,20.9694,14.9837,30.6162,4.8902,3.9991,4.4994,-0.0009,0.0,0.0054,2.822,500.0,26.2833,9055.2699,5.6984,7.426,86.5783,85.7059,34.6306,148.5318,양품
,-0.0108,42.3963,0.0148,-5334.75,69.5222,3.7221,0.0,15.84,434.5012,5.5089,0.1251,0.9176,428.7333,2.0232,9.131,-0.0296,4.6661,0.7865,,0.5683,2654.0,15.89,,3.0206,4.7006,997.3981,0.0,,0.9272,,44.9213,,,3.8579,,4.5863,-0.0036,,0.0027,2.686,0.0,,9207.0201,,,86.7486,84.9173,29.1351,,양품
0.9591,-0.0096,51.2418,0.0247,-5209.0,70.9,3.5809,0.4731,15.75,159.2911,6.3258,0.1162,0.8893,264.7955,2.0032,8.7015,0.0213,5.6312,0.7914,19.0409,0.6185,2534.5,15.77,4.9614,3.244,6.2518,1001.2349,0.0,1.1654,0.9256,22.3,43.3339,10.0791,4.8896,3.8009,3.1241,4.6622,0.0176,646.4455,0.0032,2.699,0.0,25.2629,9275.7,1.789,6.4349,86.2732,83.7179,23.0288,150.1218,양품
5.3191,-0.0119,46.3158,0.0221,-5392.5,73.2111,2.1759,-0.4731,15.68,171.6807,6.9993,0.0745,1.395,264.9446,1.9955,8.3591,0.0199,7.0081,0.666,14.6809,0.8539,2655.75,15.73,3.7417,2.1855,6.8529,1000.9221,0.0,,0.9256,15.9,53.4215,10.1335,6.3996,3.4628,4.8468,4.6622,0.0166,119.1933,0.0044,2.894,0.0,18.9734,8232.1,1.7709,4.3487,86.9351,84.3084,33.9043,146.49,양품
-2.1555,-0.013,50.6232,0.0365,-5494.75,75.9,2.2081,-0.4731,15.68,142.3549,5.987,0.0789,1.395,338.873,1.9995,8.4278,0.0108,5.4907,0.666,22.1555,0.8539,2727.25,15.73,4.5251,3.9526,7.6165,1000.9221,0.0,1.2341,0.9256,24.81,44.2397,11.9536,7.1881,3.6932,3.9525,4.6622,0.0098,436.1029,0.004,2.894,0.0,27.9032,9249.6298,2.8679,5.2783,87.1524,85.4438,15.4662,149.7773,양품
1.7627,-0.0111,38.7824,0.0184,-5436.25,74.5333,3.0459,-0.8515,15.71,236.0104,6.4893,0.1062,1.532,116.603,1.9892,8.4278,0.0107,5.8891,0.6108,18.2373,0.8165,2542.25,15.76,3.877,2.2809,11.571,1000.6822,0.0,2.8076,0.9307,18.66,72.0924,10.0756,6.2231,3.8064,2.0193,4.6549,0.0019,294.9974,0.0032,2.437,772.8814,22.3967,8671.0501,1.7255,4.9336,87.1524,85.4438,31.7289,148.0718,양품
1.9273,-0.0127,41.6912,0.0185,-5472.0,74.8667,2.0232,-0.8515,15.71,202.7583,7.5497,0.0675,1.532,158.9277,1.9957,8.2832,0.0108,6.7733,0.6108,18.0727,0.8165,2857.25,15.76,,2.5378,11.6855,1000.6822,0.0,1.5988,0.9314,14.9,58.5739,11.3046,5.9405,4.0013,6.2851,4.6336,-0.0469,287.9717,0.0087,2.437,0.0,22.8211,8935.6998,1.901,5.6558,87.3204,85.5246,46.2115,148.2873,양품
1.2327,-0.0104,27.0205,0.0256,-5481.75,72.6333,1.8688,-0.0946,15.65,23.4858,5.4225,0.0564,1.881,171.4961,2.009,8.3588,-0.0178,4.9006,0.6717,18.7673,0.8436,2740.25,15.8,3.5536,2.7536,12.631,1000.4791,0.0,1.2817,0.9329,17.16,27.1418,10.2843,25.0875,4.6969,4.0468,4.4953,-0.0383,0.0,0.0035,2.502,941.1765,21.6796,9258.8999,3.8227,5.915,86.5828,84.8949,11.0154,153.4536,양품
5.4209,-0.0136,24.9541,0.0222,-5261.0,67.3,3.7529,-0.8515,15.71,180.1247,5.9794,0.1138,1.532,200.9229,1.972,8.58,-0.0091,4.8239,0.6108,14.5791,0.8165,2525.25,15.76,9.5974,5.3492,11.3846,1000.6822,0.0,1.5764,0.9314,16.9,15.0594,15.04,5.3175,3.9183,7.0153,4.6336,-0.006,80.4293,0.004,2.437,0.0,19.4166,8682.5599,1.504,5.902,86.4157,84.5951,43.2784,149.2455,양품
5.0818,-0.0086,46.6472,0.016,-6465.0,71.4333,4.2165,0.7096,15.73,117.55,5.792,0.1007,0.9838,69.9571,1.87,8.5003,-0.0064,5.9319,0.8543,14.9182,0.5653,2909.0,15.8,,4.0597,7.0168,998.0122,0.0,,0.935,17.12,27.8745,14.2618,6.8429,3.0485,5.2405,4.6915,-0.0394,112.5581,0.0042,2.783,0.0,22.4191,8669.4601,1.5852,5.8506,87.1866,85.0449,10.1547,140.0627,양품
5.5109,-0.0115,64.2082,0.0138,-5685.0,73.9889,3.599,-0.0946,15.65,150.799,5.9043,0.1431,1.881,930.4064,2.025,8.2981,-0.0035,4.658,0.6717,14.4891,0.8436,2554.5,15.8,3.6031,3.9195,6.4448,1000.4791,0.0,,0.9215,14.42,22.038,21.3173,4.2793,3.4203,4.9138,4.6004,-0.0147,58.9739,0.0043,2.502,0.0,21.4279,9419.26,0.9516,5.6996,86.6174,83.7568,14.7024,141.2355,양품
-0.07,-0.0329,13.6674,0.0299,-6413.25,69.2222,1.865,0.7096,15.73,357.9288,6.443,0.0415,0.9838,204.2961,1.8985,23.1583,0.0381,6.0472,0.8543,20.07,0.5653,3109.5,15.8,3.9621,2.6003,6.7606,998.0122,0.0,,0.9314,22.0,23.669,14.9991,25.4789,2.8612,7.7911,4.4982,-0.0783,0.0,0.0272,2.783,187.7095,25.2503,9400.81,3.1272,4.6976,87.0024,103.1082,16.9909,147.22,양품
0.5609,-0.0104,19.2308,0.02,-6515.25,67.6556,2.7612,0.4731,15.75,129.5364,6.1051,0.0633,0.8893,144.2738,1.866,9.0121,-0.0299,5.6994,0.7914,19.4391,0.6185,2890.5,15.77,2.6278,3.5474,8.8255,1001.2349,0.0,1.8418,0.9255,23.28,14.2799,16.4646,5.288,3.9107,2.8961,4.6237,-0.0084,620.4214,0.0039,2.699,0.0,27.1415,9030.81,1.3126,6.5402,86.6797,86.6785,15.4662,145.0236,양품
5.5964,-0.014,49.4624,0.0196,-5204.0,74.1222,4.5562,-0.5677,15.71,147.9966,5.8955,0.1525,1.607,257.1225,1.976,8.272,-0.0273,5.1948,0.5325,16.067,0.9732,2541.5,15.8,2.9644,2.8332,4.8396,1002.4306,0.0,,0.9322,23.83,19.3299,14.61,31.6289,4.2974,4.8447,4.4997,-0.0274,355.0521,0.0036,2.34,522.2222,20.7242,9005.87,1.0064,7.4367,87.1367,84.095,23.2055,146.9645,양품
5.3973,-0.014,39.3912,0.0288,-5416.5,75.4,2.5589,-0.5677,15.71,142.8388,5.9968,0.0769,1.607,296.5878,1.9867,8.272,-0.0276,5.2731,0.5325,16.345,0.9732,2603.75,15.8,,1.8568,5.5212,1002.4306,0.0,,0.9322,21.27,25.5687,13.2509,32.7672,4.5311,4.6771,4.4997,-0.0347,394.829,0.0045,2.34,0.0,20.2491,9345.48,1.2232,6.7751,87.1367,84.095,9.8548,148.5973,양품
2.3182,-0.0105,48.6293,0.0267,-5502.0,70.7,1.0311,-0.5677,15.71,184.8466,5.6932,0.0362,1.607,200.8316,2.0178,9.131,-0.0213,5.1164,0.5325,17.6818,0.9732,2501.75,15.8,5.7847,3.5361,5.603,1002.4306,0.0,,0.9353,14.74,32.62,13.3391,4.6469,3.0092,8.4018,4.7071,-0.0107,219.5686,0.0052,2.34,0.0,26.2118,8996.4699,1.7932,4.7856,86.7486,84.9173,15.4662,151.7527,양품
6.0773,-0.0077,66.0194,0.0212,-5543.0,75.1889,1.6721,-0.5677,15.71,557.7425,6.7406,0.0696,1.607,305.9433,1.981,8.3436,-0.0302,6.7382,0.5325,13.9227,0.9732,3085.0,15.8,,1.596,6.9824,1002.4306,0.0,,0.9306,9.8,15.0728,9.4155,29.6284,2.675,3.9105,4.4958,-0.0114,283.8443,0.0047,2.34,707.6923,18.5996,7833.1499,4.3664,5.9793,87.0565,83.7747,17.188,145.2491,양품
4.3136,-0.0084,29.8507,0.0264,-5529.25,74.0333,2.647,-0.5677,15.71,243.0657,6.9159,0.0908,1.607,185.0898,1.95,8.272,-0.0053,7.5771,0.5325,15.6864,0.9732,2678.75,15.8,3.8475,1.2157,5.2269,1002.4306,0.0,,0.9319,16.51,20.9067,9.6593,27.3668,4.4973,5.1801,4.5059,-0.0217,442.0864,0.0057,2.34,409.7561,18.2293,8271.1301,5.1235,6.3595,87.1367,84.095,22.5993,147.6818,양품
-2.3509,-0.0123,60.3466,0.016,-5572.25,67.2889,1.8645,-0.1419,15.82,61.9704,5.5576,0.0635,0.9838,235.1714,2.0165,9.6938,0.0162,4.8893,0.8106,22.3509,0.6545,2680.5,15.92,6.367,4.0125,9.2806,1015.5056,0.0,2.2996,0.933,14.88,18.727,9.8255,5.3,3.2269,10.4136,4.7047,0.014,233.952,0.0039,2.857,0.0,28.2662,8892.2499,1.6065,4.2693,87.0735,85.0066,,148.1709,양품
1.1618,-0.0086,55.814,0.0276,-5257.75,75.1667,3.3456,-0.5677,15.71,63.9759,5.8683,0.1181,1.607,263.7617,1.9695,8.5596,0.0178,4.5954,0.5325,18.8382,0.9732,2581.25,15.8,5.2735,2.6608,9.1677,1002.4306,0.0,2.4548,0.9335,17.96,35.7487,15.4118,6.3317,3.1571,10.5293,4.679,0.0282,677.3865,0.0031,2.34,0.0,26.3647,8555.5802,2.8896,5.1131,86.7827,83.6583,17.1348,152.3373,양품
0.5764,-0.0095,46.5608,0.0245,-5348.75,71.5111,4.5583,-0.8988,15.81,448.5302,6.3499,0.1431,1.824,130.1086,1.965,8.3273,0.0036,6.1332,0.5952,19.4236,0.9561,2663.0,15.89,,2.3773,6.8496,1010.0522,0.0,,0.9216,25.4,25.5239,11.8327,4.7703,3.4541,4.1425,4.5763,0.0123,876.183,0.0051,2.536,449.5238,26.0255,9227.9099,1.7779,6.439,87.037,86.3826,21.8686,144.1164,양품
6.8491,-0.0134,21.6822,0.0272,-5418.75,68.3111,1.9871,-0.1419,15.82,334.6785,5.9756,0.067,0.9838,281.9662,2.0278,9.0061,0.0221,5.1105,0.8106,13.1509,0.6545,2643.5,15.92,,2.4886,9.9154,1015.5056,0.0,,0.9263,15.73,20.2307,7.6141,6.8296,3.5949,4.3849,4.5968,-0.0065,127.9002,0.0045,2.857,0.0,13.5705,8168.4099,2.6237,5.4724,86.8907,86.6554,22.6564,149.8327,양품
-0.7245,-0.0137,26.2056,0.014,-5704.5,72.3444,4.5804,0.0,15.74,84.7835,4.3803,0.146,1.031,403.6389,1.9808,8.287,0.0266,4.3376,0.8248,20.7245,0.6149,2656.75,15.84,4.5344,2.6263,10.3519,1014.9933,0.0,2.6464,0.9345,10.16,28.9769,6.8847,5.5231,3.406,4.6526,4.676,0.0058,498.2434,0.0086,2.848,632.8358,25.9809,8646.7001,1.1752,6.4472,86.9546,86.238,10.514,153.8918,양품
-0.2227,-0.0128,44.5313,0.0262,-5710.5,73.1333,0.9163,-0.8988,15.81,197.8373,5.5404,0.0357,1.824,214.0195,1.983,8.7932,0.0059,5.5685,0.5952,20.2227,0.9561,2656.25,15.89,4.1108,5.8797,6.6615,1010.0522,0.0,1.5665,0.9224,27.73,26.196,17.2,6.9115,3.6003,4.4168,4.6355,0.0158,0.0,0.0032,2.536,0.0,28.803,9245.0601,2.4256,6.9891,86.7223,84.525,54.4407,144.6755,양품
5.9155,-0.0123,35.6998,0.0317,-5344.25,74.2667,2.968,-0.1419,15.82,186.659,6.0134,0.0909,0.9838,883.8146,1.9783,8.2832,0.0373,4.5664,0.8106,14.0845,0.6545,2554.75,15.92,,1.6158,9.1413,1015.5056,0.0,1.0909,0.9314,26.83,21.7408,12.9509,5.4538,3.9664,5.5662,4.6336,-0.0186,58.1528,0.0072,2.857,0.0,19.9683,9040.8799,0.9888,4.5137,87.3204,85.5246,12.4325,145.3418,양품
2.4209,-0.0112,38.2222,0.0218,-5451.75,70.7778,4.5411,-0.1419,15.82,167.9494,5.915,0.1467,0.9838,264.1671,2.008,9.0145,0.0009,5.7593,0.8106,17.5791,0.6545,2461.5,15.92,,4.2386,6.6826,1015.5056,0.0,0.9751,0.9327,25.91,27.1007,14.3253,28.8225,4.5249,6.6675,4.5531,0.0146,708.4114,0.0029,2.857,0.0,22.2504,8832.34,4.7479,4.4614,86.7608,87.1883,14.6553,141.8818,양품
13.5518,-0.0141,28.4698,0.0254,-5249.0,73.4111,1.6891,-0.1419,15.82,192.7475,6.8253,0.0562,0.9838,210.9692,1.9987,8.9562,0.0044,6.1618,0.8106,6.4482,0.6545,2635.75,15.92,52.5088,7.3558,10.7101,1015.5056,0.0,1.98,0.9314,3.21,76.8379,6.4705,5.3805,3.9684,5.5608,4.6336,0.0082,30.6232,0.0058,2.857,0.0,8.7636,9342.5102,1.2092,6.2503,86.8401,85.188,26.4122,148.8982,불량
3.0945,-0.0108,91.9861,0.0285,-5603.75,73.1222,2.0482,-0.8988,15.81,143.8912,5.7734,0.0617,1.824,124.0709,1.9743,8.3542,0.0093,5.16,0.5952,16.9055,0.9561,2603.0,15.89,3.2553,2.5984,7.4476,1010.0522,0.0,,0.9304,27.39,29.5322,20.3154,3.6558,3.7363,1.6872,4.6334,0.0056,226.5276,0.0041,2.536,0.0,23.0596,8449.4602,2.0047,6.5239,86.6266,85.7243,35.2913,136.3209,양품
-1.2336,-0.0131,36.7816,0.0173,-5662.0,68.8444,1.619,-0.1419,15.82,127.3116,7.0915,0.0517,0.9838,1583.1187,2.015,8.6068,-0.0012,6.3808,0.8106,21.2336,0.6545,2423.25,15.92,4.3385,2.6146,10.9739,1015.5056,0.0,,0.9311,22.2,14.5906,15.191,6.8146,3.642,4.0648,4.8475,0.0117,617.6861,0.0047,2.857,0.0,28.577,9248.9899,2.2525,6.0921,86.5437,83.5811,27.1656,146.3782,양품
4.4409,-0.0136,113.9706,0.0162,-5477.5,75.7556,2.2007,-1.56,15.89,78.2752,6.0475,0.0748,0.9318,278.3409,1.9535,8.2832,0.0185,5.9653,0.822,15.5591,0.5748,2709.5,15.87,,3.0361,8.0044,1017.0267,0.0,1.6205,0.9314,15.66,71.182,10.3328,5.4519,4.0456,4.7966,4.6336,0.0043,106.0594,0.0046,2.822,537.1429,19.5942,9074.7701,1.2176,4.8312,87.3204,85.5246,63.4868,152.19,양품
-4.6109,-0.0142,25.3521,0.0188,-6521.5,66.0222,3.3982,-0.8988,15.81,102.9446,4.7402,0.0739,1.824,86.8735,1.8592,9.0811,-0.005,4.8076,0.5952,24.6109,0.9561,2911.75,15.89,9.1492,5.1498,6.7895,1010.0522,0.0,1.1829,0.9376,13.41,62.2897,15.2727,5.5131,3.3899,6.1402,4.8111,0.02,136.4156,0.0039,2.536,0.0,31.4433,8947.57,1.9563,5.6678,86.8444,85.7204,15.4662,150.4827,양품
1.89,-0.0131,26.7431,0.0171,-5632.75,68.6444,2.1483,-1.56,15.89,126.2286,6.4735,0.0784,0.9318,278.7943,1.9897,8.7373,0.0097,5.6656,0.822,18.11,0.5748,2600.5,15.87,3.7098,4.9531,11.6085,1017.0267,0.0,1.5465,0.9298,22.44,27.9977,16.0385,7.3624,4.0085,3.255,4.6393,0.0017,238.6243,0.0038,2.822,0.0,24.9871,8421.2,1.3568,5.7886,86.252,84.7176,34.182,148.3864,양품
0.4527,-0.0107,45.741,0.0209,-5619.25,73.4333,1.9099,0.0,15.84,272.7697,6.5385,0.0644,0.9744,426.9749,1.9705,8.7932,0.0075,5.7542,0.8264,19.5473,0.6451,2767.0,15.84,8.5359,6.8089,8.4704,1013.6911,0.0,,0.9311,16.08,19.195,13.3781,6.215,3.6567,7.173,4.8475,-0.0039,0.0,0.0041,2.825,0.0,27.2483,8257.01,2.2022,5.9827,86.7223,84.525,17.9064,153.6327,양품
-0.2036,-0.0117,44.397,0.0233,-5619.0,72.3444,1.9224,-1.56,15.89,127.8828,6.2248,0.0731,0.9318,293.3473,1.9398,8.3591,0.0147,6.5624,0.822,20.2036,0.5748,2612.0,15.87,4.9589,2.0734,12.8362,1017.0267,0.0,1.4617,0.9345,15.0,37.3075,9.0228,6.558,3.0205,3.2689,4.676,0.0042,0.0,0.0197,2.822,0.0,25.7144,8535.13,2.3802,5.6013,86.9351,84.3084,23.0236,151.4273,양품
-3.7536,-0.0134,19.4211,0.0208,-5525.25,71.9444,2.342,-1.56,15.89,121.9002,6.4957,0.0788,0.9318,640.2095,1.9738,8.7932,0.0026,6.0489,0.822,23.7536,0.5748,2653.5,15.87,0.0,7.7838,6.5451,1017.0267,0.0,,0.9311,20.96,28.0078,17.17,6.3116,3.485,4.8003,4.8475,-0.003,241.8988,0.0049,2.822,0.0,31.3918,9656.05,2.7417,5.6569,86.7223,84.525,9.0865,148.74,양품
-3.9045,-0.0132,27.3504,0.0638,-5207.25,71.6556,6.221,0.0,15.84,205.1,7.536,0.1937,0.9744,335.3619,1.9697,8.6149,0.0409,5.8287,0.8264,23.9045,0.6451,2658.0,15.84,8.3763,6.28,11.0536,1013.6911,0.0,1.1829,0.9376,22.55,65.53,12.1618,3.2206,3.0315,5.3634,4.8111,0.0149,171.3388,0.0044,2.825,0.0,30.2138,9374.04,1.9281,7.156,86.7323,83.5182,26.5206,144.3127,양품
-2.81,-0.0121,27.1885,0.0197,-5391.75,75.5222,3.6365,-1.56,15.89,135.3252,5.1985,0.1103,0.9318,197.5186,1.9672,8.3591,0.0102,4.8218,0.822,22.81,0.5748,2641.25,15.87,13.5887,2.913,9.5686,1017.0267,0.0,2.2584,0.9277,16.79,31.5949,9.9564,11.3372,4.1859,4.4836,4.6335,-0.0111,146.6192,0.0075,2.822,0.0,30.3218,8578.38,1.1243,5.5259,86.9351,84.3084,15.4662,157.0155,양품
-2.6109,-0.0123,31.7073,0.0151,-5621.0,75.5889,2.2947,-1.56,15.89,137.2819,5.8323,0.0716,0.9318,494.9492,1.994,8.5571,0.033,5.2289,0.822,22.6109,0.5748,2600.5,15.87,0.0,3.1751,8.2783,1017.0267,0.0,1.1829,0.9345,16.68,38.1751,9.6634,6.636,3.4967,2.5503,4.676,0.0022,277.2981,0.0041,2.822,0.0,28.0428,8487.1199,2.5293,5.6377,87.2353,83.4448,15.4662,150.5682,양품
-2.6273,-0.013,35.3506,0.0179,-5561.0,67.3889,3.9217,-0.5677,15.86,435.2113,5.3998,0.1219,1.182,405.1452,1.9905,8.7646,0.0124,4.7197,0.8559,22.6273,0.6066,2899.25,15.86,4.9847,3.413,8.0488,1011.5767,0.0,1.1829,0.9279,12.65,30.2231,12.9899,13.5994,4.376,5.1077,4.6359,-0.031,279.3772,0.0037,3.009,0.0,30.4537,8526.55,1.9592,5.0523,86.3742,86.2967,19.2617,152.7118,양품
5.4709,-0.0123,23.6735,0.0133,-5652.5,74.9111,4.2759,0.0,15.84,105.4467,6.1519,0.1381,0.9744,255.0693,1.9818,8.8889,0.0099,5.446,0.8264,14.5291,0.6451,2708.5,15.84,8.0256,5.0727,7.9328,1013.6911,0.0,,0.927,12.16,68.1578,5.7613,6.08,3.987,5.2009,4.6594,-0.0105,114.2406,0.01,2.825,800.0,18.5294,8359.0101,1.6066,5.067,86.9977,83.5589,14.0385,152.8582,양품
0.5218,-0.0093,49.1979,0.0214,-5627.5,72.2778,3.3873,0.0473,15.75,342.822,6.104,0.1147,1.702,178.1058,2.01,8.287,-0.0001,5.6321,0.6423,19.4782,1.175,2710.25,15.86,5.3709,2.0753,7.8445,1007.2099,0.0,1.1829,0.9348,15.77,62.8724,8.2525,6.2816,3.336,2.9002,4.6766,-0.0021,0.0,0.0054,3.991,0.0,25.1003,8841.68,1.5066,5.1706,86.9546,86.238,6.2018,152.4045,양품
4.3982,-0.0127,45.6244,0.0203,-5334.0,71.1222,2.2314,0.0,15.77,130.8077,6.3857,0.0682,1.135,124.9293,1.9968,8.7373,0.0075,5.7121,0.7759,15.6018,0.6576,2467.0,15.87,4.5196,3.7963,7.6714,1011.8444,0.0,2.3074,0.9298,19.04,30.5153,12.4143,6.524,3.8427,3.2659,4.6393,0.0107,104.3613,0.0041,3.23,968.4211,21.9055,8831.77,1.5279,4.7516,86.252,84.7176,15.4662,148.5018,양품
0.5518,-0.0123,44.8065,0.0273,-5639.75,72.6778,1.8908,0.0473,15.75,171.2707,6.4843,0.0635,1.702,264.1179,2.0035,8.287,0.001,6.4616,0.6423,19.4482,1.175,2697.5,15.86,4.885,2.2015,6.6145,1007.2099,0.0,1.9276,0.9348,23.24,56.318,12.0964,7.7616,3.7263,6.0246,4.6766,0.0174,0.0,0.0053,3.991,747.8261,22.9635,8875.2099,2.924,4.7684,86.9546,86.238,15.4662,146.7309,양품
1.4418,-0.0144,24.2845,0.025,-5567.75,72.4333,2.688,0.0473,15.75,194.561,5.3579,0.0835,1.702,158.3885,1.9708,8.6149,0.0211,4.807,0.6423,18.5582,1.175,2652.0,15.86,3.3956,7.4551,8.3564,1007.2099,0.0,1.0219,0.9315,19.48,28.1382,13.22,6.9804,3.4335,4.6325,4.6322,-0.0135,371.0593,0.0039,3.991,0.0,25.1014,8950.7599,1.6208,5.2704,86.7323,83.5182,17.556,149.5964,양품
-2.5955,-0.0115,37.3507,0.0256,-5819.75,70.2111,2.393,0.0473,15.82,134.8406,5.6441,0.0764,1.853,252.1658,2.0082,8.897,0.0261,5.6201,0.555,22.5955,0.9677,2608.0,15.85,5.9795,5.2698,8.4286,1004.78,0.0,2.4874,0.9314,16.82,58.6309,12.4141,13.1152,4.3014,7.4952,4.659,-0.0072,281.261,0.008,2.842,0.0,25.7407,8692.18,2.0716,5.9385,87.0027,84.3947,26.7404,144.4918,양품
-4.9018,-0.011,28.2139,0.019,-5767.25,70.0222,2.8627,0.0473,15.82,243.4603,5.3963,0.0906,1.853,444.5795,1.9727,8.7401,0.0152,5.6738,0.555,24.9018,0.9677,2894.75,15.85,4.0433,3.1419,7.9718,1004.78,0.0,1.1829,0.9314,23.5,19.653,16.1773,10.542,4.4964,4.0905,4.659,-0.0039,105.4711,0.0131,2.842,0.0,31.879,8905.76,1.7023,4.4345,86.8963,85.4838,15.4662,148.1491,양품
0.7636,-0.013,35.3846,0.0217,-5476.5,67.5556,2.4199,0.0,15.91,125.4548,5.8226,0.0733,0.9649,358.5903,2.0005,9.0425,0.0029,5.1894,0.8201,19.2364,0.6238,2656.75,15.84,,2.8125,4.5881,1012.2367,0.0,1.3471,0.9255,17.44,16.7686,17.1809,5.692,3.3063,4.7589,4.6237,0.0125,598.4524,0.0033,2.884,0.0,26.0317,8680.12,1.2616,6.098,86.8006,84.6838,16.9043,143.9418,양품
-2.7845,-0.0112,35.7942,0.0256,-5345.25,69.0556,3.9636,-0.4258,15.89,232.9326,6.0259,0.1214,0.9318,367.2296,2.0175,8.7635,0.007,5.5347,0.7965,22.7845,0.593,2676.25,15.92,,2.7514,5.5861,1009.8612,0.0,1.2129,0.932,20.02,67.0275,15.0755,6.1525,3.2318,2.6974,4.6449,0.0008,314.2344,0.002,2.95,372.6027,29.9713,8962.4899,2.9319,5.3049,86.5136,85.3967,15.4662,149.0336,양품
-2.4709,-0.0135,31.0536,0.0287,-5250.75,68.8667,1.3195,0.0,15.91,199.4749,6.9644,0.0416,0.9649,130.1496,2.0015,8.7015,0.0244,6.186,0.8201,22.4709,0.6238,2579.25,15.84,4.1078,3.485,7.6389,1012.2367,0.0,1.0135,0.9376,20.39,72.8696,14.2836,4.1697,3.1364,2.5702,4.8111,0.0085,283.2965,0.0033,2.884,0.0,28.9642,9096.1301,2.0437,5.4565,86.2732,83.7179,47.6723,146.6809,양품
-3.2718,-0.0136,30.9963,0.0151,-5777.0,75.3556,0.5612,0.0,15.77,305.8152,6.0242,0.0174,1.135,232.733,1.9952,8.5571,0.014,4.6061,0.7759,23.2718,0.6576,2859.75,15.87,3.5816,2.5214,7.999,1011.8444,0.0,1.1829,0.9297,13.15,21.271,9.8176,15.5005,4.306,4.0368,4.6904,-0.0033,236.8714,0.0039,3.23,0.0,29.0059,8435.53,2.3257,5.3963,87.2353,83.4448,15.4662,156.3136,양품
2.1136,-0.012,22.5705,0.0214,-5327.75,70.3556,3.6164,0.0,15.77,105.8064,5.315,0.1088,1.135,258.3504,1.9755,8.7373,0.0169,4.8548,0.7759,17.8864,0.6576,2653.5,15.87,46.8556,2.5584,6.356,1011.8444,0.0,,0.9315,21.57,17.0983,13.0654,5.6704,3.5023,4.1174,4.6322,0.0185,86.5806,0.0039,3.23,0.0,24.5978,8670.6599,0.6514,5.4708,86.252,84.7176,15.4662,150.0955,양품
3.9291,-0.0118,60.9524,0.0287,-5213.0,72.5778,1.8541,0.0,15.77,165.2601,6.3005,0.0659,1.135,340.6533,2.021,9.131,0.0098,5.572,0.7759,16.0709,0.6576,2570.25,15.87,4.7554,3.5824,7.2371,1011.8444,0.0,1.3492,0.9252,15.66,16.6104,10.6332,5.5482,3.4462,4.1375,4.5938,-0.0211,185.7936,0.0034,3.23,0.0,21.8416,8997.1301,1.9943,5.0367,86.7486,84.9173,16.0876,147.9173,양품
-0.5336,-0.014,30.0806,0.0213,-5138.75,70.5111,3.2099,0.0473,15.75,186.6429,6.0726,0.1037,1.702,243.6615,1.9565,8.7015,0.0071,5.5857,0.6423,20.5336,1.175,2497.75,15.86,6.1523,3.1201,7.4576,1007.2099,0.0,,0.9256,17.28,72.0207,11.3091,6.4357,3.0587,5.1598,4.6622,0.0045,0.0,0.0032,3.991,819.5122,26.5653,8692.35,1.7577,5.5984,86.2732,83.7179,15.4662,146.5164,양품
-1.1836,-0.0122,15.5897,0.0184,-5406.75,75.9444,2.8655,0.0473,15.75,174.0479,5.1511,0.0912,1.702,81.5777,1.9515,8.5571,0.009,4.3132,0.6423,21.1836,1.175,2540.0,15.86,3.1598,4.2136,9.9572,1007.2099,0.0,1.2159,0.932,16.15,35.1425,9.1736,5.1901,3.3444,4.1362,4.6917,0.0055,400.4608,0.0045,3.991,0.0,22.97,8765.58,1.3323,5.5389,87.2353,83.4448,15.4662,149.1718,양품
5.7945,-0.0125,28.8867,0.0242,-5300.5,72.8667,2.4534,-0.5677,15.86,109.9166,6.5033,0.0769,1.182,261.4135,2.0038,8.9562,-0.0039,5.8436,0.8559,14.2055,0.6066,2589.5,15.86,,7.8225,8.5915,1011.5767,0.0,,0.927,13.85,57.6061,7.4692,5.5719,3.8128,6.0735,4.6594,0.0034,144.101,0.0062,3.009,512.5,15.7033,9072.73,2.1347,5.0623,86.8401,85.188,16.2297,143.74,양품
-4.9682,-0.0117,36.7521,0.0232,-5497.5,74.1222,2.8166,-1.608,15.77,103.7127,5.9198,0.0909,1.617,252.7746,2.0055,8.5571,0.0021,5.4739,0.5812,24.9682,1.006,2684.5,15.81,6.0988,3.6426,8.7205,1009.36,0.0,1.1829,0.9345,19.27,19.039,10.4818,4.7206,3.3977,1.8685,4.676,-0.0029,56.9625,0.008,2.521,0.0,31.3031,9392.28,1.0079,5.3107,87.2353,83.4448,13.9927,150.9227,양품
-0.9136,-0.0117,37.6068,0.0173,-5398.75,73.6111,2.1445,0.0473,15.82,104.9921,5.9107,0.0652,1.853,119.1928,2.018,8.6695,-0.006,5.1966,0.555,20.9136,0.9677,2711.0,15.85,,4.0755,10.463,1004.78,0.0,1.7012,0.9345,11.82,29.698,6.8216,6.0978,3.6929,5.8689,4.676,-0.0141,446.5672,0.0189,2.842,428.5714,26.89,8414.6299,1.3647,6.0239,86.6658,85.4487,44.4711,155.2255,양품
-3.65,-0.0122,18.7755,0.0261,-5217.25,73.3778,1.9322,-1.608,15.77,205.0876,5.9777,0.0599,1.617,155.4014,1.9925,8.3663,0.013,5.2279,0.5812,23.65,1.006,2508.75,15.81,3.1879,2.9982,8.8723,1009.36,0.0,1.1829,0.9297,10.4,52.7697,6.2481,13.4275,4.4092,4.6997,4.6904,-0.0231,129.3151,0.003,2.521,0.0,28.6073,9268.23,1.2551,4.1804,87.0807,83.4093,21.1253,156.1791,양품
-2.5345,-0.0119,37.0137,0.0228,-5394.75,70.3111,2.7903,-1.608,15.77,185.5254,5.5803,0.088,1.617,389.4923,2.0075,8.8581,-0.0187,5.2607,0.5812,22.5345,1.006,2516.5,15.81,4.3403,2.7023,9.1545,1009.36,0.0,2.2733,0.9341,24.8,34.0106,14.0791,7.5896,3.4347,2.7794,4.7319,0.0025,399.2826,0.0034,2.521,0.0,28.3035,8164.9101,2.9912,5.0837,86.9034,84.052,32.9871,149.6718,양품
0.86,-0.0128,76.7875,0.0225,-5397.5,67.0889,3.0696,-0.4258,15.89,100.4224,5.7839,0.1036,0.9318,152.6226,1.9965,8.7997,0.0073,5.2511,0.7965,19.14,0.593,2684.0,15.92,8.3753,4.3226,6.9155,1009.8612,0.0,1.0452,0.9315,18.58,26.1644,14.0854,4.5023,3.8319,3.893,4.6322,0.0173,280.2326,0.008,2.95,0.0,26.1131,8536.28,0.7396,5.5516,86.3298,84.4905,15.4662,150.27,양품
-3.4991,-0.0128,38.3562,0.017,-5543.0,73.7556,1.4238,-0.4258,15.89,79.6764,6.2725,0.0486,0.9318,136.0882,1.98,8.9833,0.0184,5.5903,0.7965,23.4991,0.593,2589.5,15.92,4.656,2.9828,7.0167,1009.8612,0.0,1.1829,0.9279,21.92,28.9147,13.6246,12.9645,4.205,4.3926,4.6359,0.022,158.3268,0.0038,2.95,0.0,31.3826,8708.38,1.5141,5.522,87.7644,84.3441,13.6246,150.2536,양품
-5.2327,-0.0124,35.6275,0.0283,-5526.0,69.9222,3.2581,0.0473,15.75,1828.6043,6.7203,0.0999,1.702,385.0342,1.9962,8.7401,0.0216,6.532,0.6423,25.2327,1.175,3397.75,15.86,6.6443,3.0033,9.3365,1007.2099,0.0,1.415,0.9314,17.07,42.4986,13.3545,11.6157,4.2867,5.8077,4.659,-0.0125,117.9117,0.0058,3.991,0.0,31.0075,8528.8199,2.1981,4.9587,86.8963,85.4838,19.5106,146.3582,양품
-1.79,-0.0136,30.0366,0.0151,-5445.5,72.3778,3.6955,-1.608,15.77,161.7063,6.1788,0.1178,1.617,496.1079,1.984,8.4278,0.0234,6.9322,0.5812,21.79,1.006,2691.75,15.81,4.2165,2.9014,7.7735,1009.36,0.0,1.1829,0.9345,18.93,30.2172,9.8464,4.572,3.6973,2.2725,4.676,-0.0005,457.5419,0.0087,2.521,907.6923,27.6339,9791.0999,2.4037,5.1112,87.1524,85.4438,33.4635,150.9327,양품
1.0309,-0.0127,40.1575,0.0182,-4971.75,70.0111,4.8966,-1.608,15.77,102.6483,6.6719,0.15,1.617,955.6081,1.9888,8.7401,0.0125,5.9821,0.5812,18.9691,1.006,2557.0,15.81,4.8192,3.1424,9.2396,1009.36,0.0,1.1829,0.9337,20.27,33.3906,11.6591,5.7512,3.5199,5.1741,4.678,-0.0121,471.4286,0.0053,2.521,0.0,21.9517,8864.42,1.6743,5.9287,86.8963,85.4838,24.8992,144.5655,양품
-4.0109,-0.0124,41.8933,0.018,-5001.0,73.7667,2.8017,-1.608,15.77,247.5978,6.0738,0.0953,1.617,1188.8443,2.0,8.3663,-0.0058,5.6168,0.5812,24.0109,1.006,2672.0,15.81,10.2201,3.5246,9.0371,1009.36,0.0,1.0625,0.9297,11.5,39.8303,6.4257,14.0714,4.4465,5.8152,4.6904,0.0023,197.9604,0.0032,2.521,0.0,29.7124,8374.33,2.1013,4.77,87.0807,83.4093,12.7811,156.8291,양품
1.4727,-0.013,42.9119,0.016,-5368.75,65.0778,3.6443,-0.4258,15.89,1791.9405,4.5335,0.1212,0.9318,287.5348,1.9955,9.0606,0.0112,3.8866,0.7965,18.5273,0.593,3656.25,15.92,9.4361,3.5342,6.1691,1009.8612,0.0,1.1829,0.9346,16.82,31.9029,20.1872,8.8315,3.7017,5.654,4.6805,0.0203,444.7531,0.0079,2.95,659.6491,28.6558,8765.07,1.8876,4.6017,86.8551,85.7132,,145.9136,양품
-1.2427,-0.0133,35.272,0.0234,-6471.25,65.7,3.6954,-1.135,15.9,213.6046,5.4705,0.0907,0.9649,200.0573,1.8785,9.2016,-0.0116,5.1581,0.8391,21.2427,0.6097,2985.25,15.95,10.7544,4.1096,11.4383,1007.7856,0.0,1.1829,0.9301,19.97,14.3822,20.5354,14.0216,4.0684,5.5738,4.6796,0.003,462.692,0.0067,2.886,0.0,32.4053,8843.47,1.8876,4.5315,86.8786,86.0222,,146.2191,양품
2.4845,-0.0139,27.2646,0.013,-5335.0,72.2667,0.9541,-1.135,15.9,299.0255,5.2121,0.0348,0.9649,396.1793,1.991,8.8548,0.0141,4.5355,0.8391,17.5155,0.6097,2736.75,15.95,3.7694,5.9502,10.8264,1007.7856,0.0,,0.9298,23.84,13.5693,12.7364,7.9988,3.4472,4.0141,4.6393,-0.0115,240.2854,0.0057,2.886,0.0,23.3895,8562.85,1.8836,4.7964,86.8657,85.5485,15.4662,146.9818,양품
0.79,-0.0117,17.0758,0.0168,-5613.0,63.0333,2.2816,-1.135,15.9,115.5981,4.423,0.0782,0.9649,211.6711,1.9973,9.1287,0.0289,4.1337,0.8391,19.21,0.6097,2487.75,15.95,12.8858,2.8556,7.9153,1007.7856,0.0,1.3805,0.9348,14.8,19.0442,19.8237,6.2576,3.9077,4.9118,4.6766,-0.0011,353.1646,0.0046,2.886,0.0,29.7545,9427.2601,0.7281,5.0636,86.8827,84.0397,26.1688,148.0109,양품
5.6618,-0.0136,35.3266,0.0218,-5459.0,66.3111,1.9597,0.0,15.91,159.2532,6.2036,0.0619,0.9649,236.5009,1.9908,8.6772,0.0217,5.7104,0.8201,14.3382,0.6238,2635.75,15.84,10.2268,3.6193,4.8012,1012.2367,0.0,1.3425,0.9298,25.54,23.7461,16.4009,7.5685,3.83,5.5285,4.6393,0.0094,114.8041,0.0032,2.884,0.0,21.7197,8511.4999,1.9368,5.4099,86.259,84.4061,11.6615,141.0864,불량
-2.4345,-0.0101,52.6708,0.0203,-5398.5,69.3,3.7564,-1.797,15.8,126.3365,7.6774,0.1309,1.834,271.1562,1.9863,8.7635,-0.0028,6.1278,0.5662,22.4345,0.9565,2648.75,15.86,,3.4632,9.3415,1014.2889,0.0,1.757,0.932,22.48,53.9657,14.9827,6.4301,3.4154,3.6744,4.6449,-0.0143,519.1934,0.0035,2.413,0.0,29.627,8578.7599,3.7688,5.627,86.5136,85.3967,15.4662,148.0527,양품
-1.4027,-0.0113,30.9051,0.0184,-5012.75,67.6333,1.2423,-1.797,15.8,176.1865,5.4441,0.0411,1.834,174.9788,1.974,8.7635,0.002,4.9538,0.5662,21.4027,0.9565,2543.5,15.86,,2.6614,10.4533,1014.2889,0.0,1.8474,0.932,20.77,43.4743,15.4681,6.3279,3.5845,3.6998,4.6449,-0.0051,626.6364,0.0035,2.413,0.0,28.4909,8295.28,2.9035,5.9919,86.5136,85.3967,41.5443,148.9273,양품
-4.5936,-0.0115,45.1193,0.0181,-5248.25,69.8667,2.6491,-1.797,15.8,195.211,6.1794,0.0879,1.834,564.0705,2.036,8.7635,-0.0052,5.6279,0.5662,24.5936,0.9565,2575.0,15.86,,2.1469,9.4738,1014.2889,0.0,1.1744,0.9317,21.31,17.0279,12.2827,12.4827,4.3191,4.1924,4.7544,0.0048,85.1178,0.0026,2.413,500.0,29.8709,8272.7,1.1606,5.1316,86.5136,85.3967,15.4662,147.8864,양품
-0.3309,-0.0118,42.4178,0.0169,-5658.25,67.8111,4.5303,-1.797,15.8,110.2251,5.7652,0.1378,1.834,330.3376,2.014,8.7635,-0.0005,5.6983,0.5662,20.3309,0.9565,2626.75,15.86,,1.7696,9.0615,1014.2889,0.0,2.0481,0.932,17.71,45.2399,14.2691,4.6081,3.6174,3.2036,4.6449,0.0135,0.0,0.0039,2.413,0.0,27.3211,7936.6601,2.7574,5.3824,86.5136,85.3967,15.4662,149.2082,양품
2.6718,-0.0107,36.534,0.0213,-5604.5,66.0111,0.7674,-1.797,15.8,224.5952,5.764,0.0251,1.834,178.8081,1.985,8.6772,-0.0111,5.2778,0.5662,17.3282,0.9565,2793.5,15.86,5.3937,3.9387,8.7044,1014.2889,0.0,1.6035,0.9315,19.89,22.4885,14.0936,5.7679,3.6617,2.7091,4.6322,0.0049,125.0085,0.0033,2.413,0.0,23.9846,8278.6099,0.9704,5.5238,86.259,84.4061,65.6295,150.9727,양품
4.9845,-0.0127,49.6063,0.0357,-5494.75,73.9333,3.198,-3.496,15.71,168.4567,5.7709,0.1057,1.763,192.377,2.0035,8.5801,-0.0022,5.0149,0.5638,16.733,0.9902,2694.5,15.81,9.1365,2.9757,9.2058,1013.7167,0.0,,0.9329,20.11,23.9871,13.7063,34.5703,4.4969,4.218,4.4953,-0.0071,415.2836,0.0046,2.389,597.7011,19.2998,8770.29,1.2995,7.603,86.9331,86.1155,34.8743,149.1236,양품
-3.4445,-0.0126,39.005,0.0255,-5549.25,73.2333,0.7436,-3.496,15.71,90.712,5.9415,0.0249,1.763,252.9063,2.0017,8.287,0.0093,5.8783,0.5638,23.4445,0.9902,2627.0,15.81,,2.731,8.3273,1013.7167,0.0,1.4946,0.9304,23.21,42.9653,15.4964,16.567,4.1955,4.7695,4.6512,-0.0164,250.8314,0.0037,2.389,0.0,31.3396,8673.3899,2.2865,5.0509,86.9546,86.238,11.5668,146.3473,양품
2.2855,-0.0141,45.9364,0.0246,-5370.75,72.4778,4.9285,-3.496,15.71,207.6574,5.5605,0.1632,1.763,370.2066,2.0045,8.6149,0.019,5.3586,0.5638,17.7145,0.9902,2483.25,15.81,3.7723,6.7607,10.7994,1013.7167,0.0,1.1829,0.9315,19.43,20.9166,10.85,4.3443,3.5928,3.9185,4.6322,-0.0256,127.327,0.003,2.389,0.0,24.0788,8582.63,0.9605,5.1178,86.7323,83.5182,31.9353,151.3355,양품
22.4673,-0.0094,36.3151,0.0338,-5573.75,72.3556,2.7306,-3.496,15.71,202.1625,4.9316,0.09,1.763,304.3423,1.9693,8.2395,0.0049,4.3612,0.5638,21.38,0.9902,2686.5,15.81,5.4294,3.317,7.7663,1013.7167,0.0,2.2455,0.9336,17.67,133.9113,16.5763,6.4326,10.184,2.5653,4.731,-0.041,122.4003,0.0033,2.389,0.0,64.414,9669.52,0.0,5.3879,86.5783,85.7059,4.8338,142.2836,양품
6.5645,-0.0047,80.6366,0.0228,-5370.25,72.4889,1.9705,-0.4258,15.89,151.6188,4.4655,0.0623,0.9318,383.0417,1.9695,8.9475,0.0214,4.0206,0.7965,13.4355,0.593,2601.75,15.92,5.8767,7.5874,6.6389,1009.8612,0.0,,0.927,17.44,52.0283,7.8229,6.0613,3.8701,2.0751,4.6594,0.0212,65.5034,0.0043,2.95,0.0,16.9701,8906.21,1.2693,6.0013,86.9612,85.1011,15.4662,149.3882,불량
-4.6227,-0.0109,36.6972,0.0617,-5599.25,75.0444,5.5988,-1.135,15.9,203.7766,5.3685,0.1761,0.9649,256.8247,2.0132,8.3591,0.0145,5.2019,0.8391,24.6227,0.6097,2676.75,15.95,4.3996,3.4646,8.6805,1007.7856,0.0062,0.9824,0.9297,20.39,24.1613,13.1682,9.2074,4.6289,5.7416,4.6904,0.0023,85.0147,0.0042,2.886,0.0,33.171,9196.9899,1.339,5.0558,86.9351,84.3084,15.4662,156.4036,양품
5.5455,-0.0138,34.8457,0.0212,-4994.25,66.2,2.8307,0.0,15.77,263.473,6.3218,0.0924,1.135,1239.7909,1.9715,8.6772,0.0233,5.6528,0.7759,14.4545,0.6576,2890.0,15.87,8.7812,3.4743,6.8175,1011.8444,0.0,,0.9298,24.53,35.6914,16.2791,7.8419,3.8806,6.9636,4.6393,0.0295,109.6393,0.0036,3.23,0.0,21.0909,8815.3602,2.0043,5.6361,86.259,84.4061,15.4662,148.7736,불량
-2.1518,-0.0126,41.2289,0.0187,-5515.0,73.1333,3.4478,-3.496,15.71,254.9915,6.7794,0.1232,1.763,375.5929,1.966,8.4278,0.0235,6.2171,0.5638,22.1518,0.9902,2680.0,15.81,4.7684,3.6919,9.9421,1013.7167,0.0,2.3493,0.9345,17.15,50.69,10.1147,6.8119,3.814,4.4519,4.676,-0.0103,328.5594,0.0038,2.389,0.0,28.6132,9127.52,2.4301,5.24,87.1524,85.4438,15.4662,150.0491,양품
6.25,-0.0102,38.4236,0.0441,-5738.75,72.1,2.3246,-3.496,15.71,258.0354,5.4697,0.0721,1.763,248.5657,2.0157,8.3436,0.0073,4.2846,0.5638,13.75,0.9902,2759.25,15.81,,4.4383,8.6085,1013.7167,0.0,,0.9252,11.48,14.8815,5.7587,5.4621,3.7456,4.275,4.5938,-0.0165,73.92,0.0032,2.389,0.0,14.1161,8674.8,1.3247,5.7652,87.0565,83.7747,57.3738,154.3855,양품
3.2509,-0.013,34.5158,0.0222,-5508.75,69.0556,1.6751,-1.135,15.9,136.0769,5.8371,0.0491,0.9649,370.7078,1.993,8.6772,0.01,4.6607,0.8391,16.7491,0.6097,2608.75,15.95,4.9942,2.7514,10.6901,1007.7856,0.0,0.5319,0.9298,18.61,22.8954,15.7918,5.8374,4.0489,5.7289,4.6393,0.0093,118.736,0.0029,2.886,0.0,23.112,8184.0899,1.0675,5.6892,86.259,84.4061,15.4662,152.0355,불량
0.9909,-0.0118,54.1799,0.0201,-5580.25,75.3889,3.3324,-3.025,15.71,242.7514,5.5692,0.1034,1.801,190.6609,1.991,8.3663,0.0089,5.3765,0.562,19.0091,0.9527,2713.25,15.83,4.0282,3.7141,7.988,1001.8289,0.0,1.1829,0.9348,18.41,19.1168,19.5418,5.2757,3.6435,4.2708,4.6766,0.0042,325.9633,0.0028,2.393,0.0,29.1406,8312.75,0.974,5.751,87.0807,83.4093,15.4662,142.5973,양품
-3.8655,-0.0103,20.4629,0.0203,-5554.5,70.3556,1.9084,-3.025,15.71,113.3854,4.5618,0.0607,1.801,1672.8201,2.0273,8.6611,-0.0194,4.1925,0.562,23.8655,0.9527,2551.75,15.83,6.9315,3.4112,8.0211,1001.8289,0.0,1.1796,0.9316,16.33,24.0438,11.1677,19.9221,4.7008,6.381,4.6823,-0.0284,412.8881,0.0041,2.393,241.8605,30.1925,8808.6001,4.4077,5.085,87.0853,93.8653,51.2054,149.6627,양품
-0.75,-0.0091,57.1429,0.025,-5692.5,67.7556,0.8601,-3.025,15.71,270.1918,5.4452,0.0294,1.801,378.626,1.9792,8.6544,-0.0017,5.1697,0.562,20.75,0.9527,2647.75,15.83,3.8743,2.509,8.8695,1001.8289,0.0,1.1829,0.9348,20.4,43.5382,13.5037,7.6945,3.8216,5.8268,4.6766,0.0049,758.6667,0.0031,2.393,0.0,24.5799,8854.61,1.5102,4.2407,86.33,86.4883,19.6786,145.7064,양품
0.2745,-0.0101,52.3457,0.026,-5834.75,70.9667,4.0018,-1.135,15.9,165.7166,5.9651,0.1212,0.9649,437.0747,1.99,8.6611,-0.0008,5.2063,0.8391,19.7255,0.6097,2546.0,15.95,4.0087,4.6501,10.0361,1007.7856,0.0,1.4398,0.9337,11.68,66.752,9.3769,5.6032,3.4777,2.8753,4.678,-0.0301,0.0,0.004,2.886,0.0,24.1109,8744.1601,2.1923,5.7727,87.0853,93.8653,15.4662,148.8518,양품
-5.9273,-0.0126,34.2289,0.0181,-5612.25,68.1667,4.6396,-3.496,15.75,278.5504,5.538,0.1488,1.805,543.4074,2.0192,8.7635,-0.0022,5.4888,0.5013,25.9273,0.9265,2586.5,15.82,,2.4939,11.7306,999.7303,0.0,1.7185,0.9317,15.43,18.876,14.6693,12.5196,4.212,5.2422,4.7544,-0.0034,66.9785,0.003,2.485,0.0,31.7389,8386.27,1.2758,4.713,86.5136,85.3967,30.8152,146.1227,양품
-2.9209,-0.0134,12.6512,0.0207,-5588.0,71.2111,1.1631,-3.496,15.75,228.7961,5.5445,0.0389,1.805,239.0899,2.0048,8.287,0.0067,5.2966,0.5013,22.9209,0.9265,2700.5,15.82,9.5096,2.6681,6.4051,999.7303,0.0,1.1829,0.9345,17.95,46.4743,11.0804,6.745,3.627,1.9674,4.676,0.0103,353.657,0.0043,2.485,0.0,28.8106,8373.53,2.6951,5.4826,86.9546,86.238,16.5478,152.9936,양품
-3.74,-0.0098,34.7826,0.0236,-5153.75,75.5556,2.5401,-3.496,15.71,155.3906,6.2653,0.0794,1.763,359.1039,1.9983,8.5571,-0.0006,6.9365,0.5638,23.74,0.9902,2570.25,15.81,,3.1765,10.2172,1013.7167,0.0,1.1829,0.9337,23.23,55.391,12.9827,6.9861,3.6843,2.7876,4.678,-0.0481,148.1283,0.0028,2.389,986.0465,29.1429,9303.0001,1.9397,5.4955,87.2353,83.4448,32.9154,147.7973,양품
-0.0691,-0.0113,44.1014,0.0184,-5365.75,70.3444,1.0335,-3.025,15.71,82.4965,4.9591,0.0314,1.801,55.7038,1.9805,8.7401,-0.0053,4.4822,0.562,20.0691,0.9527,2526.5,15.83,,1.9902,7.3984,1001.8289,0.0,1.1829,0.9341,27.21,29.0836,14.6964,8.4367,3.3812,2.6536,4.7319,-0.0181,0.0,0.0045,2.393,0.0,26.2175,8952.9701,2.9277,5.3797,86.8963,85.4838,11.3559,147.3473,양품
5.1136,-0.0121,43.8923,0.0183,-5437.0,70.1222,0.1787,-3.025,15.71,165.4839,5.0749,0.0062,1.801,195.3407,1.9795,8.7015,-0.0071,4.6386,0.562,14.8864,0.9527,2602.75,15.83,3.6536,2.8522,6.3965,1001.8289,0.0,1.7571,0.9315,21.35,29.0204,11.4591,5.1455,3.6066,7.7186,4.6322,0.0078,91.9111,0.0048,2.393,0.0,20.9755,9409.4801,1.332,4.8897,86.2732,83.7179,58.0397,146.6582,양품
1.7082,-0.0102,77.8325,0.0182,-5007.75,76.1667,0.9389,-3.025,15.71,64.3869,5.0656,0.029,1.801,127.1675,2.0173,8.9833,0.0038,4.3458,0.562,18.2918,0.9527,2425.5,15.83,11.6838,2.8884,8.7861,1001.8289,0.0,2.012,0.9366,17.56,41.9054,13.7437,3.8909,3.9035,4.001,4.6928,-0.0118,305.0027,0.0051,2.393,0.0,23.195,8649.9899,1.8568,5.2683,87.7644,84.3441,29.392,148.2145,양품
1.5555,-0.0143,27.2489,0.0165,-5357.5,71.4333,4.4907,-1.702,15.87,196.3133,5.2879,0.1486,1.097,339.0285,1.9915,8.6149,-0.0065,5.2748,0.7589,18.4445,0.5328,2691.25,15.98,,7.1395,6.5385,1006.74,0.0,1.0862,0.9349,22.6,26.7676,12.5409,4.1313,3.5712,2.8002,4.6808,-0.0126,286.09,0.0032,2.892,0.0,25.0267,8650.6301,1.2017,5.5491,86.7323,83.5182,15.4662,149.6318,양품
1.3136,-0.0116,19.8276,0.0198,-5031.25,63.7889,1.5006,-3.025,15.71,235.3402,4.9325,0.052,1.801,487.0143,2.025,9.1287,0.0147,4.5611,0.562,18.6864,0.9527,2675.5,15.83,,3.1353,7.0273,1001.8289,0.0,0.9424,0.9301,26.31,25.7698,16.7409,16.6344,4.1778,5.4938,4.6796,-0.0243,711.7647,0.0039,2.393,661.3333,23.9837,8395.9299,2.374,5.5055,86.8827,84.0397,15.4662,147.62,양품
-1.0182,-0.0119,38.6555,0.0142,-5966.75,68.2,0.6471,-3.496,15.75,289.3084,5.0135,0.0228,1.805,434.9363,1.9848,8.7779,-0.0064,5.1021,0.5013,21.0182,0.9265,2555.0,15.82,,3.0792,7.9669,999.7303,0.0,2.0186,0.9366,15.77,21.8978,14.8118,5.5153,4.2296,6.2631,4.6928,0.007,295.625,0.0047,2.485,757.8947,28.5851,8747.9801,1.0412,5.512,86.797,87.1083,7.8173,151.5227,양품
-0.9945,-0.0132,24.3115,0.0284,-5477.5,71.5444,0.6159,-2.647,15.82,222.5704,5.7735,0.02,1.182,82.9518,2.0002,8.287,-0.0002,5.4773,0.8349,20.9945,0.5516,2599.25,15.91,2.0829,4.6125,5.5385,1012.9822,0.0,1.1829,0.9279,22.11,22.3774,15.8782,17.5385,4.179,6.5778,4.6359,0.0037,875.7752,0.0052,2.735,0.0,27.0475,8434.72,2.5059,5.2117,86.9546,86.238,39.9804,145.49,양품
-0.9236,-0.0112,59.6882,0.0225,-5759.75,66.9889,5.8775,-3.025,15.71,90.8277,5.4381,0.1815,1.801,474.4663,1.9835,8.7548,0.0084,4.8743,0.562,20.9236,0.9527,2728.5,15.83,4.0004,3.1348,7.6657,1001.8289,0.0,1.0427,0.9301,20.08,16.3655,19.1064,15.0254,4.1437,6.5365,4.6796,-0.008,553.248,0.006,2.393,683.6364,32.7145,8502.3101,1.7974,4.159,86.2183,84.1975,15.4662,146.2564,양품
-0.6609,-0.0109,25.7471,0.0185,-5622.0,62.2889,3.2234,-3.732,15.73,125.0333,4.7264,0.0981,1.739,169.627,2.0032,9.1287,-0.0271,4.4306,0.5524,20.6609,0.9472,2875.0,15.81,,3.5319,7.6855,1001.4417,0.0,1.0735,0.9346,13.12,28.7316,12.8537,3.4111,3.733,4.9039,4.6805,-0.036,434.2503,0.0033,2.479,0.0,28.2815,8892.88,0.871,5.5125,86.8827,84.0397,18.1924,155.3855,양품
-0.1918,-0.0139,22.3423,0.0195,-5215.5,74.1556,1.891,-3.732,15.73,252.5132,5.5402,0.0598,1.739,133.7672,2.0002,8.4278,0.0079,5.1209,0.5524,20.1918,0.9472,2684.25,15.81,4.1618,2.8319,6.9335,1001.4417,0.0,2.18,0.9307,19.13,53.0255,9.7891,5.019,3.8238,3.0794,4.6549,-0.018,0.0,0.0042,2.479,975.0,25.7279,8875.7501,1.9889,5.5,87.1524,85.4438,15.4662,147.4309,양품
-2.2818,-0.0115,45.9372,0.0235,-5540.5,66.8667,2.7916,-3.732,15.73,179.7171,5.7814,0.0899,1.739,399.5276,1.9752,8.7548,-0.0227,5.0315,0.5524,22.2818,0.9472,2515.25,15.81,13.0754,4.4865,8.7363,1001.4417,0.0,1.1829,0.931,21.91,22.541,14.03,17.9761,4.3269,4.6798,4.7091,-0.0045,391.3546,0.003,2.479,0.0,29.3235,8698.4101,2.3185,4.98,86.2183,84.1975,15.8939,147.6564,양품
-5.9336,-0.0104,39.4231,0.0238,-6561.25,71.6444,3.5333,-3.496,15.71,191.7262,4.492,0.0785,1.763,223.1029,1.884,8.7199,0.0084,4.3584,0.5638,25.9336,0.9902,3052.75,15.81,,5.0248,6.2035,1013.7167,0.0,1.6519,0.9241,21.44,44.1589,16.5782,6.2564,4.0172,6.0378,4.5689,-0.0016,105.163,0.0083,2.389,0.0,35.4672,9093.5701,2.012,3.413,86.7612,84.2942,13.8616,149.7227,양품
5.7182,-0.0107,39.0698,0.0246,-5526.0,68.7778,3.6212,-3.732,15.73,151.6784,5.5603,0.1151,1.739,385.1831,1.963,8.8546,-0.0109,4.8898,0.5524,14.2818,0.9472,2740.5,15.81,4.6598,4.3619,6.5925,1001.4417,0.0,0.7862,0.9298,23.2,30.969,14.6864,8.1548,3.6627,7.5307,4.6393,-0.0305,102.3052,0.0038,2.479,0.0,22.5821,8493.19,1.7613,5.1873,86.4099,83.6681,15.4662,149.2555,양품
-5.1255,-0.0132,47.1035,0.031,-5476.25,74.1111,2.1926,-3.732,15.73,110.7682,6.1328,0.0662,1.739,438.984,2.006,8.3591,-0.002,6.3926,0.5524,25.1255,0.9472,2640.75,15.81,4.3131,1.8891,8.3811,1001.4417,0.0,,0.9256,22.96,43.5995,14.9391,5.5106,4.0892,3.6831,4.6622,-0.0507,109.8439,0.0024,2.479,0.0,31.2285,8911.7999,1.4743,5.5793,86.9351,84.3084,30.7763,148.5145,양품
-2.1309,-0.0103,34.1048,0.0177,-5261.75,71.6444,3.4808,-3.732,15.73,89.8383,5.6093,0.1157,1.739,290.3841,1.9627,8.6149,0.0071,4.7273,0.5524,22.1309,0.9472,2645.75,15.81,4.3519,5.8623,6.9771,1001.4417,0.0,1.8084,0.9301,20.89,50.9698,13.243,12.5051,4.0433,6.4533,4.6796,-0.0079,282.5091,0.0056,2.479,0.0,26.0868,8081.4499,1.9859,5.7692,86.7323,83.5182,15.4662,146.2827,양품
0.42,-0.0087,50.4298,0.0212,-5444.75,72.7667,4.9286,-2.647,15.82,114.3343,5.6325,0.1525,1.182,202.3205,1.991,8.6695,-0.0148,5.2587,0.8349,19.58,0.5516,2588.5,15.91,4.1027,4.535,7.6825,1012.9822,0.0,1.3321,0.9348,14.76,29.9729,13.6146,5.4055,3.7014,6.8146,4.6766,-0.0449,707.1429,0.0074,2.735,975.6098,26.5186,8684.6001,0.8843,5.6689,86.6658,85.4487,47.9007,152.3209,양품
-1.1945,-0.0106,40.423,0.021,-5290.0,72.7778,2.3572,-3.591,15.7,200.9052,5.2014,0.0736,1.909,295.074,1.9823,8.7932,0.0068,5.0336,0.5949,21.1945,0.9297,2498.25,15.76,,7.2824,10.1733,999.2317,0.0,1.5246,0.9349,19.29,17.3595,12.1755,8.4254,3.6069,6.4728,4.6808,-0.0234,659.6651,0.0056,2.42,0.0,25.8642,9328.55,2.6127,5.7257,86.7223,84.525,18.8409,151.8655,양품
-3.5291,-0.0127,14.1454,0.0205,-6493.0,65.0889,2.0131,-3.025,15.71,102.4317,5.0479,0.0481,1.801,78.158,1.8657,9.0811,0.0075,4.763,0.562,23.5291,0.9527,2909.75,15.83,8.0029,3.8409,6.742,1001.8289,0.0,1.3407,0.931,19.32,31.0236,14.0788,9.4556,4.1921,5.8253,4.7091,-0.0195,105.4096,0.0039,2.393,0.0,28.1493,8612.3401,1.2044,4.444,86.8444,85.7204,16.0047,149.6918,양품
-3.4291,-0.0125,31.8725,0.0173,-5743.25,72.3889,2.4456,-3.732,15.73,71.239,5.8914,0.0818,1.739,477.5056,1.9885,8.8562,-0.0064,5.646,0.5524,23.4291,0.9472,2621.5,15.81,2.0825,6.4927,8.9836,1001.4417,0.0,1.1829,0.9304,20.87,44.7151,14.2627,16.0945,4.1417,3.2658,4.6512,-0.0042,298.913,0.003,2.479,0.0,30.4749,8748.45,2.5527,5.394,87.024,83.6367,15.4662,150.0382,양품
-2.1709,-0.0111,47.8016,0.016,-5364.0,70.5111,2.8348,-2.647,15.82,121.7771,6.7152,0.0964,1.182,207.6327,2.0192,8.6611,-0.0037,6.5282,0.8349,22.1709,0.5516,2582.5,15.91,,2.6946,9.4042,1012.9822,0.0,1.4537,0.9337,20.19,70.6707,11.6928,7.3664,3.6866,4.197,4.678,-0.005,368.5092,0.0037,2.735,0.0,27.2628,8548.6299,2.5958,5.1117,87.0853,93.8653,28.8477,144.39,양품
-5.9573,-0.012,34.3096,0.024,-5501.0,74.7778,4.2728,-2.647,15.82,140.4739,4.5082,0.1487,1.182,346.1531,1.9872,8.3663,0.0097,3.7552,0.8349,25.9573,0.5516,2551.75,15.91,10.9298,3.6107,9.9037,1012.9822,0.0,1.1829,0.9277,14.87,23.1595,11.8709,13.5177,4.3255,5.1833,4.6335,-0.0101,167.6942,0.004,2.735,0.0,33.2787,9620.38,2.3656,5.0507,87.0807,83.4093,34.4812,156.2718,양품
-1.0464,-0.013,37.7649,0.0314,-5537.0,72.3222,6.1442,-3.732,15.73,76.4084,5.6386,0.2143,1.739,158.7766,1.985,8.9562,0.0286,4.5742,0.5524,21.0464,0.9472,2722.75,15.81,4.0598,7.0518,6.4924,1001.4417,0.0,1.1374,0.927,20.78,37.9667,11.5009,6.5925,3.8579,4.9448,4.6594,-0.0146,600.1738,0.0041,2.479,0.0,28.2025,8774.26,1.9259,6.0486,86.8401,85.188,15.4662,155.5173,양품
4.2391,-0.0133,33.9623,0.0199,-5423.25,76.4667,2.8448,-3.591,15.7,256.0747,5.3222,0.1034,1.909,210.7817,2.0023,8.9833,-0.0127,5.1421,0.5949,15.7609,0.9297,2659.25,15.76,,4.4464,11.3511,999.2317,0.0,0.9653,0.9346,16.22,18.0321,8.5982,5.4961,3.6038,5.8338,4.6805,-0.0398,107.5702,0.003,2.42,0.0,22.3582,8857.81,1.5105,5.794,87.7644,84.3441,33.2177,154.9582,양품
-1.6873,-0.0113,38.1798,0.0256,-4682.0,68.3667,2.1847,-3.591,15.7,190.7695,8.9893,0.0787,1.909,1011.3044,1.9882,8.7779,0.0083,9.6853,0.5949,21.6873,0.9297,2583.5,15.76,5.6703,4.9732,10.391,999.2317,0.0,2.3215,0.9365,25.39,46.9178,12.05,6.4303,3.0472,4.1093,4.724,-0.0237,0.0,0.0026,2.42,0.0,25.6805,9361.5399,4.6755,6.1233,86.797,87.1083,15.4662,146.4964,양품
1.0145,-0.0114,51.0451,0.0185,-6469.5,71.1667,1.9257,-3.591,15.7,291.4961,5.547,0.0441,1.909,163.8546,1.8835,8.7073,-0.0082,5.6399,0.5949,18.9855,0.9297,2823.0,15.76,,5.0585,11.2013,999.2317,0.0,1.1829,0.932,17.32,29.5397,17.2272,4.1674,3.3403,3.6118,4.6166,-0.0418,270.0717,0.0036,2.42,0.0,24.5151,8958.7901,0.8015,5.6768,86.7952,84.7188,48.7292,150.0618,양품
-0.8727,-0.0113,46.7991,0.0195,-5305.0,73.1556,3.5377,-3.591,15.7,123.4247,5.6351,0.1151,1.909,129.463,1.9952,8.6149,-0.0052,4.8403,0.5949,20.8727,0.9297,2587.5,15.76,4.5499,6.8348,8.2135,999.2317,0.0,1.7295,0.9366,19.28,19.3211,17.6063,8.3052,3.8166,4.3145,4.6928,0.0002,618.75,0.0054,2.42,0.0,26.308,9379.21,1.8094,5.7762,86.7323,83.5182,15.4662,148.1036,양품
-4.2364,-0.013,32.9502,0.0249,-5671.25,68.0778,0.6602,-2.647,15.82,313.5219,5.8253,0.0221,1.182,153.4891,2.014,8.7401,-0.001,5.4142,0.8349,24.2364,0.5516,2510.0,15.91,3.8127,3.9661,5.7163,1012.9822,0.0,2.8079,0.9279,19.98,21.7225,11.0454,13.7728,4.1066,3.5871,4.6359,0.003,112.1245,0.0058,2.735,0.0,32.176,8432.13,1.3338,3.4866,86.8963,85.4838,33.8694,153.8845,양품
-5.1391,-0.0109,53.211,0.0142,-5614.75,65.6,4.8694,-3.779,15.74,37.8363,5.9498,0.1624,2.154,343.9432,1.9682,9.2016,-0.0046,5.6336,0.5708,25.1391,0.9419,2631.25,15.72,7.9714,4.2683,9.2542,1010.15,0.0,1.1829,0.9301,14.87,43.2341,10.1337,10.9362,4.3946,4.3478,4.6796,-0.0102,98.8502,0.0056,2.415,0.0,31.0753,8782.1801,1.7315,4.051,86.8786,86.0222,28.0142,148.5791,양품
1.54,-0.0101,42.3645,0.0171,-5459.75,73.3778,2.318,-3.779,15.74,250.076,6.4716,0.0824,2.154,210.229,1.9815,9.0639,-0.0113,5.5835,0.5708,18.46,0.9419,2803.0,15.72,3.0301,7.768,8.6061,1010.15,0.0,1.3385,0.9319,12.18,40.1855,8.1046,5.2622,3.4483,5.5782,4.6326,-0.0078,292.8571,0.0025,2.415,914.2857,25.1751,8295.79,1.5673,5.7037,86.95,83.9932,31.8135,155.0682,양품
0.1082,-0.0114,50.7104,0.0225,-5504.75,65.6889,1.3269,-3.732,15.73,240.6967,4.5917,0.0441,1.739,371.509,2.0092,9.2016,-0.0065,4.0999,0.5524,19.8918,0.9472,2673.25,15.81,,4.1103,6.5954,1001.4417,0.0,1.1829,0.9346,16.63,32.2233,19.4927,5.0112,3.6018,8.686,4.6805,-0.0314,0.0,0.004,2.479,0.0,30.7097,9014.81,0.8368,6.1953,86.8786,86.0222,12.1352,146.9036,양품
-1.67,-0.0104,47.9042,0.0433,-5648.25,76.6333,4.4303,-3.591,15.7,110.6206,4.8494,0.1331,1.909,400.5824,1.996,8.9833,0.01,4.6553,0.5949,21.67,0.9297,2767.75,15.76,,4.8282,9.5004,999.2317,0.0,1.1829,0.9366,13.65,46.1593,13.5009,5.0524,3.7421,6.8634,4.6928,-0.026,195.8084,0.0037,2.42,930.6122,29.1767,7754.01,1.0468,5.4294,87.7644,84.3441,28.8269,153.7145,양품
-4.89,-0.0122,32.8205,0.0228,-5300.25,72.1889,1.5515,-3.779,15.74,66.1331,5.9451,0.0478,2.154,154.6617,1.9735,8.8078,-0.0297,4.5224,0.5708,24.89,0.9419,2498.75,15.72,4.8546,7.0648,7.9037,1010.15,0.0,1.3982,0.9304,27.53,38.6487,16.2191,12.9152,4.1509,2.9432,4.6512,-0.0283,147.0348,0.004,2.415,0.0,33.006,9306.2801,2.1568,5.0147,86.9208,84.5333,15.4662,145.7582,양품
-6.5282,-0.011,19.1126,0.0258,-5121.5,74.3444,3.4534,-3.591,15.7,77.5005,5.7907,0.1044,1.909,372.202,1.9975,8.1166,-0.0096,4.8253,0.5949,26.5282,0.9297,2532.5,15.76,6.0418,3.4972,12.3825,999.2317,0.0,1.1829,0.9304,25.72,41.0343,19.6091,10.718,4.1538,3.8322,4.6512,-0.0059,93.7474,0.0052,2.42,0.0,34.3403,8646.22,1.5509,5.3503,87.1953,84.9121,67.9355,145.87,양품
7.03,-0.0125,19.2192,0.0165,-5491.75,69.6333,1.4738,-2.647,15.82,290.1326,5.5763,0.0442,1.182,1816.7802,1.9947,8.6068,-0.0082,5.097,0.8349,12.97,0.5516,2649.75,15.91,11.2894,2.8722,9.9407,1012.9822,0.0,1.1829,0.9315,19.74,18.6454,13.0081,6.5021,3.6243,6.4358,4.6322,0.0207,66.5718,0.0061,2.735,707.6923,17.1419,8473.75,1.4237,5.3432,86.5437,83.5811,15.4662,151.3418,양품
-2.6355,-0.0103,51.5188,0.0162,-5409.0,65.0778,3.3183,-3.779,15.74,130.7628,4.9426,0.1193,2.154,309.4264,2.0023,9.0606,-0.0152,4.6397,0.5708,22.6355,0.9419,2649.25,15.72,3.7182,3.5342,6.3496,1010.15,0.0,1.1829,0.9301,15.95,22.5205,18.5573,12.25,4.2062,6.1127,4.6796,0.0429,212.4871,0.0046,2.415,551.3514,34.0617,9117.7299,1.7323,2.8461,86.8551,85.7132,,146.9082,양품
1.3936,-0.0111,20.7207,0.0156,-5274.25,66.8222,2.7346,-2.647,15.82,96.4106,5.5793,0.0829,1.182,531.0156,1.9962,9.6136,0.0114,5.437,0.8349,18.6064,0.5516,2537.5,15.91,5.1542,3.2923,9.7066,1012.9822,0.0,1.1829,0.9348,15.55,22.5527,12.9654,6.3821,3.5889,6.4565,4.6766,0.0092,279.8434,0.0081,2.735,664.6154,25.5648,8675.7199,1.4715,5.8302,86.9287,84.5509,13.678,152.0945,양품
-3.7045,-0.0128,22.6562,0.0264,-5339.0,73.3667,1.3089,-3.591,15.7,106.2199,5.0433,0.0441,1.909,160.1645,2.023,8.6695,0.0147,4.9482,0.5949,23.7045,0.9297,2529.0,15.76,3.9154,4.498,10.6712,999.2317,0.0,2.0059,0.9314,27.32,37.1455,15.1481,14.6836,4.4448,6.9715,4.659,0.0016,217.8405,0.0042,2.42,0.0,31.622,8620.1801,2.1462,4.1213,86.6658,85.4487,15.4662,147.6018,양품
-0.45,-0.0107,37.3396,0.0223,-5966.75,67.8778,1.5181,-3.779,15.74,159.0482,5.053,0.0539,2.154,1284.1135,1.9795,8.7779,0.0135,4.8461,0.5708,20.45,0.9419,2376.5,15.72,,3.5358,11.1145,1010.15,0.0,1.5943,0.9356,26.54,18.5093,19.6655,8.1094,3.5504,5.1544,4.7218,-0.0069,0.0,0.0031,2.415,0.0,30.013,8887.8101,2.9769,5.7672,86.797,87.1083,16.2667,142.9855,양품
-1.4564,-0.0124,56.5086,0.0209,-6351.0,63.8222,5.0252,-3.779,15.74,240.8656,5.7032,0.1178,2.154,135.206,1.8867,9.0606,0.013,4.7859,0.5708,21.4564,0.9419,3131.25,15.72,4.3595,4.8572,7.233,1010.15,0.0,1.1489,0.9366,21.25,16.1056,12.5955,6.3781,3.5039,3.5747,4.6928,-0.0118,369.4132,0.0041,2.415,0.0,28.2871,8889.93,1.5263,4.8195,86.8551,85.7132,15.4662,149.1027,양품
-2.6364,-0.0098,52.1739,0.0167,-5623.5,70.7556,3.3086,-3.591,15.7,208.9519,6.2211,0.1141,1.744,543.1001,1.9962,8.8331,-0.0097,6.1669,0.5882,22.6364,0.9086,2785.25,15.77,,5.0879,5.6317,999.8597,0.0,1.8217,0.9316,15.67,16.3239,8.6795,10.0402,4.1067,3.7718,4.7136,-0.0173,171.069,0.0042,2.456,0.0,27.717,8701.45,1.2137,4.7922,87.0785,85.2836,73.899,151.3855,양품
3.9818,-0.0116,34.5572,0.0196,-5303.0,65.9667,3.7781,-2.647,15.82,121.4863,6.4328,0.1335,1.182,735.6498,1.9805,9.0776,0.0083,6.0218,0.8349,16.0182,0.5516,2712.25,15.91,4.2151,4.2446,7.1375,1012.9822,0.0,1.0756,0.9256,19.53,53.3063,10.7128,5.427,3.4539,5.3483,4.6622,-0.0236,163.9954,0.0042,2.735,0.0,22.1771,9054.95,1.7804,5.6254,86.8379,85.822,20.2672,150.3282,양품
-4.2327,-0.0096,54.3791,0.0184,-5675.0,68.0222,3.1853,-3.591,15.7,84.429,6.3413,0.1027,1.744,171.0614,2.0015,8.8546,-0.0063,5.5225,0.5882,24.2327,0.9086,2669.75,15.77,,3.6753,12.0643,999.8597,0.0,1.7456,0.9315,18.43,42.8604,15.4491,15.739,4.0452,7.7983,4.6627,-0.0295,156.4001,0.0037,2.456,0.0,30.0271,8415.4499,1.7088,4.6838,86.4099,83.6681,22.2035,147.5973,양품
-0.8045,-0.0093,61.2903,0.0152,-5439.25,69.1778,3.1744,-3.779,15.74,163.502,5.1675,0.1006,2.154,519.9143,1.9725,8.9979,-0.0035,4.8328,0.5708,20.8045,0.9419,2668.75,15.72,,4.6258,9.7509,1010.15,0.0,1.3605,0.9317,14.5,25.1543,8.0645,13.0126,4.4635,5.2201,4.7544,-0.0073,498.4175,0.0049,2.415,0.0,26.2439,8910.68,1.5871,5.1216,86.4854,84.8185,25.91,153.0636,양품
-0.0164,-0.0103,43.849,0.0192,-5949.25,71.0778,2.6543,-3.591,15.7,112.1736,4.6711,0.0894,1.744,550.8432,1.9893,8.8548,-0.0007,3.8407,0.5882,20.0164,0.9086,2624.75,15.77,,7.0345,8.2875,999.8597,0.0,1.1829,0.9366,16.93,36.5649,19.8519,5.7283,3.8015,4.2753,4.6928,-0.0335,0.0,0.0032,2.456,0.0,29.7647,8731.8401,1.1101,5.2745,86.8657,85.5485,34.8463,142.9127,양품
0.7827,-0.0114,28.8525,0.0149,-6189.75,68.9,2.0561,-3.591,15.7,198.1161,6.1941,0.0721,1.744,1228.6994,2.001,9.0425,0.003,6.0528,0.5882,19.2173,0.9086,2875.0,15.77,11.9365,3.6284,9.6427,999.8597,0.0,1.1829,0.9341,15.26,73.4011,9.3112,8.4325,3.5607,6.5144,4.7319,0.0059,0.0,0.0048,2.456,0.0,22.3049,8756.0101,2.7924,4.3307,86.8006,84.6838,15.4662,148.9009,양품
-0.4409,-0.0118,55.0265,0.0175,-5125.75,72.2889,1.8978,-3.591,15.7,161.2997,7.227,0.0566,1.744,337.5731,2.0038,8.3663,-0.0077,7.3488,0.5882,20.4409,0.9086,2624.25,15.77,,3.4583,10.386,999.8597,0.0,1.0492,0.9341,23.9,50.5707,11.8201,7.5797,3.5028,6.1962,4.7319,-0.0143,0.0,0.0036,2.456,0.0,23.5781,8663.12,1.9482,5.9247,87.0807,83.4093,15.4662,144.7673,양품
2.1136,-0.0095,58.6387,0.0189,-5387.0,75.0111,2.0772,-3.591,15.7,186.0025,4.9302,0.0693,1.744,174.3464,1.998,8.3663,0.0011,4.5756,0.5882,17.8864,0.9086,2606.75,15.77,4.2907,2.7996,9.0853,999.8597,0.0,1.5118,0.932,15.17,68.3251,9.2782,6.7871,3.1427,7.4407,4.6917,-0.0081,274.8817,0.0037,2.456,995.122,21.3248,9506.31,1.8553,4.7628,87.0807,83.4093,15.4662,144.7445,양품
-1.66,-0.0099,49.4325,0.0231,-5145.25,68.5111,3.2232,-3.591,15.7,125.5212,6.3559,0.0987,1.744,676.2925,1.973,8.9191,-0.0166,4.8801,0.5882,21.66,0.9086,2601.25,15.77,3.9621,4.3789,8.0995,999.8597,0.0,1.8029,0.932,20.69,23.8977,14.3519,6.0468,3.5174,1.942,4.6449,-0.0147,475.3012,0.0027,2.456,642.1053,28.769,7406.64,2.3032,5.7052,86.3671,84.7907,17.0947,149.3318,양품
3.0982,-0.0126,25.3968,0.0192,-5548.25,67.9778,3.758,-2.647,15.82,182.5128,6.0793,0.1365,1.182,230.5521,2.0042,8.8546,-0.0149,5.1426,0.8349,16.9018,0.5516,2700.25,15.91,9.3272,4.5603,7.6564,1012.9822,0.0,,0.9314,25.04,15.2398,15.2572,8.5496,4.0315,4.8741,4.6336,-0.0059,248.5329,0.0031,2.735,0.0,22.0576,8445.5301,2.4043,5.2116,86.4099,83.6681,15.4662,144.6418,양품
1.4009,-0.0127,34.7826,0.0252,-5648.0,70.0667,2.2487,-3.732,15.7,273.9526,5.01,0.072,2.022,470.9848,2.0227,8.8581,-0.0015,4.8178,0.5833,18.5991,0.9057,2452.0,15.81,,4.1389,11.6201,1001.798,0.0,0.6418,0.9314,16.64,50.5656,18.1754,17.9377,4.2551,4.8971,4.659,-0.0194,736.6643,0.0042,2.381,941.1765,27.7436,8440.8101,2.6355,6.2322,86.9034,84.052,15.4662,144.3709,양품
1.1855,-0.0104,24.0964,0.0248,-6445.0,64.5889,3.0145,-3.732,15.7,160.4273,5.7919,0.074,2.022,254.2663,1.8847,9.2016,-0.0358,5.6364,0.5833,18.8145,0.9057,2984.75,15.81,6.6231,3.561,9.3252,1001.798,0.0,1.2005,0.9301,10.04,59.8978,6.0315,12.9477,4.2551,4.5385,4.6796,-0.0297,596.3958,0.0036,2.381,697.1429,20.3987,8701.97,2.2596,3.428,86.8786,86.0222,15.4662,152.0318,양품
-2.6655,-0.0114,47.3684,0.015,-5441.5,68.1222,1.5047,-3.591,15.7,265.3388,5.5972,0.053,1.744,191.2424,2.0122,9.6136,-0.0236,5.172,0.5882,22.6655,0.9086,2566.0,15.77,,2.9359,9.0556,999.8597,0.0,2.4748,0.931,22.33,25.9216,14.0791,13.7082,3.9195,2.2386,4.7091,-0.0365,141.8145,0.0046,2.456,0.0,29.572,8925.1001,1.1234,4.6808,86.9287,84.5509,15.4662,147.8627,양품
-1.31,-0.0106,64.0,0.0174,-5482.5,76.1778,2.1588,-3.591,15.7,53.394,5.2156,0.0646,1.744,231.2149,2.0183,8.1161,-0.0015,5.3544,0.5882,21.31,0.9086,2668.75,15.77,,3.8069,8.5891,999.8597,0.0,1.487,0.9356,30.24,15.8725,19.7973,7.1562,3.5804,8.1214,4.7218,-0.0187,649.6183,0.0028,2.456,0.0,31.6501,8932.8501,2.3604,5.9167,87.1218,85.2826,15.4662,144.3109,양품
-3.8836,-0.0102,51.1685,0.0276,-5307.5,64.9222,3.1069,-3.732,15.7,114.1793,5.7186,0.0952,2.022,249.2101,1.9837,9.2016,-0.0008,4.7478,0.5833,23.8836,0.9057,2653.25,15.81,,5.083,6.1933,1001.798,0.0,1.1829,0.9316,17.37,64.2149,8.2639,17.3037,4.3436,6.528,4.6823,-0.041,312.3361,0.0039,2.381,0.0,29.6056,8645.5399,3.4843,6.955,86.8786,86.0222,32.8059,149.2036,양품
-1.5945,-0.0117,32.4094,0.0205,-5648.25,76.5556,1.7618,-3.591,15.7,86.9957,7.523,0.0667,1.744,172.2505,1.9945,8.9833,-0.012,6.575,0.5882,21.5945,0.9086,2577.75,15.77,,3.0044,7.714,999.8597,0.0,2.4117,0.9349,13.77,57.5005,7.5032,7.8734,4.1696,7.0549,4.6808,-0.0222,401.3683,0.0049,2.456,0.0,27.2525,8971.0701,2.0519,5.9483,87.7644,84.3441,15.4662,156.0627,양품
-1.7155,-0.0094,35.1531,0.0222,-5471.75,70.1333,1.3044,-3.732,15.7,444.5675,5.4893,0.0492,2.022,289.8349,2.0145,8.8519,-0.0019,5.1859,0.5833,21.7155,0.9057,2776.25,15.81,,4.7053,9.0018,1001.798,0.0,0.2206,0.9348,18.49,53.0391,10.5186,6.2739,3.5053,4.2076,4.6766,-0.0373,540.3816,0.0038,2.381,822.8571,25.4763,9127.4898,2.5035,5.9474,86.9473,84.1896,27.7386,149.7291,양품
-3.2882,-0.0105,59.9287,0.0213,-5399.25,69.6778,2.4651,-3.732,15.7,83.476,5.8043,0.0845,2.022,180.2875,1.9785,8.7997,-0.0063,5.4106,0.5833,23.2882,0.9057,2654.25,15.81,,4.162,7.7905,1001.798,0.0,1.1829,0.9315,23.29,22.4199,13.7772,15.0494,4.1894,4.5105,4.6627,-0.0187,159.3586,0.005,2.381,453.6082,29.7411,8028.2799,1.5306,5.7506,86.3298,84.4905,15.4662,147.6564,양품
-2.9182,-0.0108,44.5993,0.0247,-5707.0,69.6556,2.9835,-3.732,15.7,137.7861,5.7743,0.0893,2.022,252.5114,1.9713,8.7779,-0.0043,5.439,0.5833,22.9182,0.9057,2594.5,15.81,,5.8861,8.2638,1001.798,0.0,2.5771,0.9314,20.1,24.4249,15.4673,13.7804,4.3857,5.7046,4.659,-0.0192,178.8785,0.0055,2.381,0.0,29.4088,8964.2601,1.6015,4.3375,86.797,87.1083,18.2259,146.1973,양품
,-0.0103,24.3013,0.0153,-5420.25,76.2444,2.3326,-2.647,15.82,293.9653,6.0257,0.0795,1.182,451.7192,1.9523,8.2981,0.004,5.1099,0.8349,,0.5516,2918.25,15.91,2.7123,2.492,10.8885,1012.9822,0.0,1.7011,0.9252,,14.3206,,,3.7204,,4.5938,0.0032,,0.0036,2.735,0.0,,8826.78,,,86.6174,83.7568,12.3842,,양품
-3.0882,-0.01,50.7463,0.0222,-5525.0,69.9444,2.305,-3.732,15.7,205.5343,6.9567,0.0892,2.022,69.728,1.9858,8.7015,-0.016,6.8245,0.5833,23.0882,0.9057,2691.5,15.81,,3.8602,8.4954,1001.798,0.0,1.1822,0.9311,15.94,13.6777,14.7591,5.8346,4.6208,6.6096,4.8475,-0.0276,171.9458,0.0029,2.381,472.1311,30.6344,9737.9201,1.8071,5.5739,86.2732,83.7179,15.4662,152.0527,양품
-0.0045,-0.0112,32.1788,0.0269,-5327.5,73.7667,3.1433,-3.732,15.7,173.3751,5.2657,0.1076,2.022,140.0417,1.999,8.1161,-0.0071,5.0227,0.5833,20.0045,0.9057,2618.25,15.81,,2.3046,10.4986,1001.798,0.0,0.8942,0.9349,23.42,28.6821,20.3809,6.4553,3.656,7.5303,4.6808,-0.0032,0.0,0.0067,2.381,611.3208,30.4948,8955.4999,1.443,5.9047,87.1218,85.2826,22.9716,146.8736,양품
-5.8564,-0.0039,204.5307,0.0153,-5194.75,68.5556,3.6596,-3.732,15.7,42.103,5.7617,0.1363,2.022,676.3039,1.9765,8.6611,-0.0045,5.4321,0.5833,25.8564,0.9057,2469.0,15.81,8.0774,2.7715,9.5197,1001.798,0.0,0.8969,0.9304,18.44,32.6185,16.0836,14.5563,4.4058,4.6662,4.6512,-0.0089,141.2139,0.0058,2.381,342.8571,33.7075,8992.5001,1.9243,4.9369,87.0853,93.8653,15.4662,149.5855,양품
3.9673,-0.0117,66.881,0.0171,-6411.0,66.0333,4.1677,-3.732,15.7,123.9876,5.5414,0.0991,2.022,63.0608,1.8733,9.0811,-0.0032,5.2133,0.5833,16.0327,0.9057,2936.25,15.81,3.6926,4.846,8.2633,1001.798,0.0,1.7475,0.9315,19.42,15.9349,12.5036,6.3157,3.6701,5.5115,4.6322,-0.0079,130.8203,0.0036,2.381,0.0,22.513,8465.4301,1.6239,5.43,86.8444,85.7204,15.4662,147.51,양품
0.7,-0.0106,48.9412,0.0175,-5339.5,75.7778,0.9081,-3.543,15.65,128.9457,5.0174,0.0272,1.735,192.2039,2.0057,8.1161,0.0146,4.5371,0.6304,19.3,0.8757,2642.5,15.79,,2.1114,4.3695,1001.1729,0.0,1.1298,0.9366,21.3,31.0537,11.3636,5.4644,3.7441,3.952,4.6928,-0.0345,627.1429,0.0052,2.411,0.0,26.3407,8943.6502,1.3421,4.4605,87.1218,85.2826,15.4662,148.7855,양품
-6.6618,-0.0109,33.9061,0.0215,-5443.25,73.1222,2.3102,-3.543,15.65,211.2461,5.7831,0.0717,1.735,351.9719,2.009,8.3591,-0.0226,5.3554,0.6304,26.6618,0.8757,2609.25,15.79,9.1954,2.0514,11.1365,1001.1729,0.0,0.9224,0.9297,13.34,41.3395,8.8239,11.4086,4.4561,5.7503,4.6904,-0.0307,74.6043,0.0055,2.411,0.0,33.4282,8709.92,1.4309,5.5452,86.9351,84.3084,10.8075,157.7318,양품
2.6345,-0.0079,76.9716,0.0255,-5776.75,72.2444,1.8535,-3.543,15.65,180.1469,5.241,0.0563,1.735,284.7787,2.0132,8.7932,-0.0089,5.1801,0.6304,17.3655,0.8757,2739.25,15.79,4.6275,6.3673,10.3783,1001.1729,0.0,1.0739,0.9315,21.22,19.0499,13.4591,6.4009,3.3877,4.0633,4.6322,-0.0459,311.6287,0.0036,2.411,390.6977,23.9411,8803.3701,2.3747,5.6007,86.7223,84.525,15.4662,151.1073,양품
-0.6327,-0.0122,40.0409,0.0197,-5352.75,68.1111,1.809,-3.543,15.65,28.6516,6.2417,0.0573,1.735,224.4777,1.9948,8.8581,-0.0011,5.7851,0.6304,20.6327,0.8757,2497.25,15.79,,5.1387,8.36,1001.1729,0.0,1.6844,0.9365,20.35,31.8031,9.7918,5.1127,3.9268,3.0271,4.724,-0.0225,651.1494,0.0042,2.411,0.0,25.0547,8097.34,1.2652,5.854,86.9034,84.052,15.4662,148.9882,양품
-5.8818,-0.0119,31.8658,0.0256,-5352.5,70.2444,2.1217,-3.543,15.65,178.7335,6.4591,0.0663,1.735,210.6537,1.995,8.7373,0.0013,6.0565,0.6304,25.8818,0.8757,2645.5,15.79,,2.9896,7.8098,1001.1729,0.0,1.689,0.9315,23.39,12.8974,16.8182,13.7663,4.3393,3.9671,4.6627,-0.0381,92.4884,0.0047,2.411,0.0,32.8121,8917.5602,1.5539,4.3725,86.252,84.7176,20.0787,146.4536,양품
-2.2636,-0.0103,45.8537,0.0198,-5187.75,71.9444,2.0584,-2.93,15.76,114.1384,5.4689,0.0655,1.026,182.0831,1.9772,8.7373,0.0062,5.6739,0.8145,22.2636,0.5581,2499.25,15.84,5.7009,3.6139,8.8046,999.8622,0.0,0.874,0.9279,18.55,27.1182,17.5091,19.9443,4.3292,3.5046,4.6359,0.0167,592.8514,0.0038,2.856,0.0,28.0815,8946.4102,3.6453,6.1542,86.252,84.7176,17.9213,145.2373,양품
0.7382,-0.0118,33.9343,0.0176,-5546.25,76.9333,2.9018,-3.543,15.65,158.1252,5.1729,0.0899,1.735,424.9387,2.019,8.1161,-0.0046,4.774,0.6304,19.2618,0.8757,2621.25,15.79,,1.6898,9.3601,1001.1729,0.0,1.6844,0.9346,19.82,19.0587,16.4427,8.2028,3.7556,5.8034,4.6805,-0.0175,806.0345,0.0037,2.411,0.0,24.7756,8780.75,2.0066,4.3215,87.1218,85.2826,20.3111,144.9145,양품
4.9082,-0.0127,33.1688,0.0132,-5588.0,70.7111,2.076,0.0,15.91,213.4797,6.3015,0.0639,0.9649,149.7465,1.9783,8.8836,0.0182,4.9167,0.8201,15.0918,0.6238,2739.75,15.84,,6.9296,4.3793,1012.2367,0.0,,0.9314,15.61,73.4752,8.7316,5.231,4.1464,3.0357,4.6336,0.0006,105.3343,0.0044,2.884,0.0,19.7445,9174.2599,1.6419,5.3612,86.8182,84.5987,22.9485,148.2364,양품
-1.1764,-0.0103,19.4647,0.0214,-6347.75,61.2111,1.3663,-2.93,15.76,350.3754,4.7149,0.029,1.026,181.147,1.8855,9.1287,-0.0107,3.6293,0.8145,21.1764,0.5581,3123.75,15.84,,3.9209,7.696,999.8622,0.0,1.9996,0.9366,23.56,20.791,14.6891,4.5467,3.5596,2.9801,4.6928,-0.0122,698.7635,0.0045,2.856,0.0,27.984,9202.3801,2.2691,6.3178,86.8827,84.0397,24.6539,145.97,양품
-3.1182,-0.013,41.4986,0.021,-6335.25,64.6556,3.6774,-2.93,15.76,261.4006,7.4906,0.0803,1.026,148.1832,1.8902,9.0606,-0.0057,7.4418,0.8145,23.1182,0.5581,3129.25,15.84,,3.712,8.5791,999.8622,0.0,1.1829,0.9301,26.01,42.0289,17.4227,14.2235,3.9279,3.6399,4.6796,-0.034,190.8163,0.0032,2.856,0.0,31.7039,8838.5099,1.9523,4.4689,86.8551,85.7132,56.0244,142.8591,양품
-2.5191,-0.0113,36.404,0.0234,-5383.25,74.7778,2.9352,-2.93,15.76,186.2624,5.7958,0.0898,1.026,131.137,1.9628,8.9833,0.0183,4.6278,0.8145,22.5191,0.5581,2794.5,15.84,13.398,2.9421,9.0383,999.8622,0.0,1.1466,0.9316,23.26,39.8404,13.3464,16.8826,4.3472,7.4066,4.6823,-0.0001,398.9529,0.0039,2.856,0.0,32.4481,8082.57,2.7166,4.052,87.7644,84.3441,22.3391,141.4955,양품
-0.9,-0.0085,70.7965,0.0183,-5475.75,63.4444,4.2852,-3.166,15.71,210.3037,5.391,0.1443,1.772,175.923,2.0038,9.1287,-0.0016,4.9177,0.5482,20.9,0.873,2637.5,15.74,,1.8914,7.0269,998.767,0.0,1.1829,0.9346,15.0,23.8571,15.0655,5.0377,4.4139,4.7778,4.6805,-0.0121,568.8889,0.0036,2.378,0.0,27.5479,8859.8901,1.5201,4.8598,86.8827,84.0397,,148.8145,양품
2.23,-0.0085,55.4572,0.0192,-5333.75,66.4333,1.4391,-3.543,15.65,40.186,5.353,0.0488,1.735,267.8387,1.9823,8.7548,-0.006,4.7528,0.6304,17.77,0.8757,2605.75,15.79,,4.3653,7.5124,1001.1729,0.0,1.824,0.9356,20.2,20.4442,12.9554,5.3834,3.5337,2.0773,4.7218,-0.0168,129.5964,0.0044,2.411,0.0,27.4876,8838.58,0.8427,5.7946,86.2183,84.1975,41.7148,150.1936,양품
-1.0909,-0.0037,100.0,0.0177,-5346.25,67.1111,3.7469,-3.166,15.71,229.529,6.9877,0.1165,1.772,240.439,2.011,8.9191,-0.0107,6.0456,0.5482,21.0909,0.873,2704.25,15.74,,6.4073,10.486,998.767,0.0,1.3385,0.9311,12.5,19.0341,10.4737,5.4535,3.5226,5.7275,4.6263,-0.039,565.5833,0.0034,2.378,609.5238,26.7205,8724.5799,2.1752,5.4955,86.3671,84.7907,15.4662,149.9773,양품
-6.0845,-0.0098,65.557,0.0198,-5291.0,72.3222,2.4845,-3.449,15.72,195.4874,6.6364,0.0753,2.211,432.5082,1.9922,9.4336,-0.0082,6.0257,0.5793,26.0845,0.8843,2636.0,15.76,,4.8395,10.8615,995.0729,0.0,1.3385,0.9311,19.29,13.5025,13.6627,7.1739,3.5305,5.4246,4.6263,-0.0441,91.7078,0.0068,2.701,0.0,33.8834,8708.7101,1.6948,5.763,87.4694,84.6998,15.4662,148.7673,양품
0.4382,-0.0123,18.7755,0.0168,-6403.0,64.1778,2.2828,-2.93,15.76,340.7458,5.0402,0.0524,1.026,197.8838,1.8887,9.1287,-0.0041,4.547,0.8145,19.5618,0.5581,3095.5,15.84,,3.428,8.3683,999.8622,0.0,1.1829,0.9366,20.2,28.8986,17.9737,5.8073,3.6202,5.5751,4.6928,-0.0329,969.917,0.0083,2.856,0.0,29.9623,8639.11,1.3292,5.5938,86.8827,84.0397,,142.0609,양품
2.6227,-0.0104,38.5542,0.0294,-5984.0,69.1,3.8797,-3.449,15.72,184.35,6.7165,0.1202,2.211,315.3675,2.0035,8.897,-0.0126,5.8428,0.5793,17.3773,0.8843,2737.75,15.76,,4.9204,9.6805,995.0729,0.0,1.3605,0.9299,12.86,24.459,9.9496,9.5796,4.6089,4.3681,4.519,-0.0527,172.3396,0.0067,2.701,280.7018,23.9811,9055.2,1.3254,5.1377,87.0027,84.3947,15.4662,151.7827,양품
-6.3391,-0.0113,35.3201,0.0158,-4951.25,68.6667,4.8414,-3.449,15.72,86.6886,5.3239,0.1509,2.211,89.9495,1.98,8.9191,-0.0026,5.0182,0.5793,26.3391,0.8843,2557.25,15.76,11.7413,5.0971,6.4489,995.0729,0.0,2.2232,0.9325,21.37,34.943,14.1363,7.1926,4.2122,2.5684,4.7143,-0.0207,119.7333,0.006,2.701,0.0,34.2074,9229.05,2.2993,4.7396,86.3671,84.7907,15.4662,152.2373,양품
-2.67,-0.01,56.7164,0.0257,-5167.0,74.9333,3.6323,-3.449,15.72,52.893,5.9385,0.1251,2.211,183.8496,1.983,9.0639,-0.0147,4.6569,0.5793,22.67,0.8843,2571.5,15.76,,7.073,7.4878,995.0729,0.0,1.5542,0.9317,18.27,11.0303,9.4518,12.0153,3.9836,7.8399,4.7544,-0.0197,188.764,0.0076,2.701,0.0,28.709,8716.4302,1.4601,5.4833,86.95,83.9932,15.4662,148.8536,양품
-2.3891,-0.0114,45.6641,0.0255,-5135.0,65.2778,4.4132,-3.543,15.65,106.6005,4.3686,0.1423,1.735,242.7688,1.97,8.9221,-0.0016,4.2298,0.6304,22.3891,0.8757,2497.5,15.79,5.2465,5.3617,3.5445,1001.1729,0.0,1.1829,0.9365,20.6,53.3906,13.3819,5.5914,4.1477,5.9176,4.724,-0.0325,167.0091,0.0022,2.411,0.0,25.6619,8736.9499,1.2132,5.9124,86.4677,83.5902,15.4662,145.4982,양품
-3.9218,-0.011,31.0148,0.0179,-5740.75,67.2111,1.2516,-2.789,15.79,150.8178,6.8358,0.0437,1.035,129.4588,1.986,9.6136,0.0125,6.6716,0.7595,23.9218,0.5669,2727.0,15.91,,3.7196,6.883,1002.9643,0.0,1.3811,0.931,16.18,66.1414,10.356,10.7675,4.3326,6.2586,4.7091,-0.0449,208.8317,0.0043,3.018,0.0,29.8238,8833.1898,2.3411,4.2151,86.9287,84.5509,15.4662,150.5127,양품
-5.52,-0.0127,52.6523,0.033,-5834.5,68.8111,2.2231,-2.789,15.79,90.5796,5.8981,0.0765,1.035,397.4464,2.0017,8.58,0.0044,5.9831,0.7595,25.52,0.5669,2765.0,15.91,,3.1972,9.4695,1002.9643,0.0,1.6974,0.9315,26.47,31.3965,16.0845,15.3177,4.2995,3.7167,4.6627,-0.0336,130.435,0.003,3.018,822.2222,31.8429,8768.41,1.9874,3.9569,86.4157,84.5951,18.2465,145.29,양품
-0.0636,-0.0106,55.9242,0.0253,-5176.25,67.5222,1.4899,-2.93,15.76,78.1793,6.3318,0.0459,1.026,239.4819,1.9968,8.9191,0.004,6.377,0.8145,20.0636,0.5581,2621.0,15.84,,3.7025,7.7389,999.8622,0.0,1.3605,0.932,11.18,46.5021,12.2282,5.4642,3.6577,10.0705,4.6449,-0.0196,0.0,0.0041,2.856,0.0,26.448,9575.3898,1.9749,5.7448,86.3671,84.7907,51.9166,152.4255,양품
-1.5991,-0.0112,72.0801,0.0257,-5159.75,71.5889,2.8098,-2.93,15.76,209.0732,4.8858,0.0928,1.026,393.0627,1.9828,8.5571,-0.0001,4.0017,0.8145,21.5991,0.5581,2609.75,15.84,,3.6318,6.8415,999.8622,0.0,1.1829,0.9349,21.41,35.9819,17.0137,7.7573,3.7205,6.0422,4.6808,-0.0313,467.7658,0.0035,2.856,0.0,29.1572,8621.8999,2.2465,6.0672,87.2353,83.4448,15.4662,152.2627,양품
-2.2191,-0.0103,20.3144,0.0331,-5245.75,69.0889,2.3174,-2.789,15.79,111.5717,5.0736,0.0807,1.035,304.5985,1.9985,8.6544,0.0007,4.3147,0.7595,22.2191,0.5669,2563.25,15.91,,3.329,8.0655,1002.9643,0.0,1.0235,0.9315,16.86,34.3926,15.7345,10.6763,4.1246,3.8687,4.6627,-0.0476,414.5842,0.0033,3.018,0.0,28.3474,8867.5701,3.0254,6.1056,86.33,86.4883,50.4974,148.1118,양품
2.9864,-0.0136,35.3266,0.0266,-5327.5,72.1111,4.4041,0.0,15.7,100.4071,7.5929,0.1464,0.9838,419.9798,1.9923,9.0639,0.0058,6.4507,0.8253,17.0136,0.4949,2586.25,15.79,,7.9045,13.0655,1001.4682,0.0,1.2217,0.9311,11.96,18.9981,6.79,3.8872,3.0795,5.9771,4.6263,-0.0163,139.9696,0.0086,2.789,0.0,22.8144,8218.99,1.2959,5.8232,86.95,83.9932,33.9239,148.7345,양품
0.2464,-0.0104,27.9518,0.0241,-5313.5,68.5444,2.1872,-3.119,15.93,76.3981,5.1716,0.0703,1.078,389.2938,1.987,8.9191,0.0027,4.6282,0.8307,19.7536,0.491,2518.0,16.04,,3.0637,11.606,1020.9944,0.0,1.3385,0.9315,22.66,29.1183,12.6346,11.4888,3.9962,6.4316,4.6627,-0.0742,0.0,0.003,2.852,0.0,25.4657,8157.0099,2.2447,5.7815,86.3671,84.7907,15.4662,148.0191,양품
0.7136,-0.0126,24.5059,0.0199,-5450.25,76.9667,2.566,-3.119,15.93,98.9242,4.8051,0.0862,1.078,362.3501,2.0057,8.1161,-0.0163,4.0528,0.8307,19.2864,0.491,2680.0,16.04,,3.2482,11.3562,1020.9944,0.0,1.1304,0.9346,19.74,25.8748,16.9809,7.3347,3.9396,4.1454,4.6805,-0.0552,644.586,0.0046,2.852,0.0,24.2792,9359.1999,1.3522,5.4377,87.1218,85.2826,15.4662,143.5318,양품
-3.9555,-0.0111,58.7571,0.0305,-5428.75,66.7778,0.6889,-3.119,15.93,143.3946,7.894,0.0221,1.078,168.7017,1.9868,8.6772,0.0009,6.8647,0.8307,23.9555,0.491,2611.0,16.04,,3.4443,7.4739,1020.9944,0.0,1.1829,0.9376,22.44,62.5359,11.7345,4.4057,3.3355,4.0088,4.8111,-0.0674,302.3673,0.0064,2.852,307.6923,30.0456,8491.15,3.1181,5.7916,86.259,84.4061,18.2804,145.6782,양품
0.5609,-0.014,29.2596,0.0212,-5580.75,66.3222,4.0701,0.0,15.66,89.9222,7.0939,0.1286,1.867,414.5466,1.962,9.2016,-0.0008,6.053,0.6029,19.4391,0.8899,2652.0,15.75,,5.8804,8.6364,996.6433,0.0,1.6641,0.9311,16.69,27.3057,18.1846,7.8117,3.6011,14.089,4.8475,-0.0539,0.0,0.0131,2.407,0.0,28.0697,8752.7301,2.9666,5.3199,86.8786,86.0222,15.4662,150.7555,불량
-2.5682,-0.0117,62.5938,0.0171,-5573.0,67.5333,3.3334,0.0946,15.7,177.6989,5.538,0.1214,1.418,225.9366,1.9977,8.6799,-0.0086,5.1174,0.8046,22.5682,0.5551,2630.75,15.77,,3.4057,8.282,1006.6689,0.0,1.4914,0.9331,21.81,38.251,12.4836,6.5294,3.154,3.2156,4.5059,0.0228,349.2743,0.005,2.753,0.0,30.4269,8109.28,2.7899,5.4505,86.3671,85.9512,15.4662,147.7182,양품
-1.2991,-0.0146,21.3058,0.0179,-5334.5,68.9333,2.1098,0.0946,15.7,316.166,6.189,0.0664,1.418,491.7327,2.0125,8.9979,-0.011,6.1823,0.8046,21.2991,0.5551,2726.75,15.77,,3.4816,7.5863,1006.6689,0.0,1.3605,0.931,15.43,24.3995,6.7864,6.3524,3.1279,3.3779,4.5121,0.0427,946.0468,0.0076,2.753,0.0,25.7035,8196.55,3.6356,5.0631,86.4854,84.8185,15.4662,147.1309,양품
-2.7282,-0.0129,31.8756,0.0143,-5181.75,71.3667,1.3154,0.0946,15.7,65.1172,5.8075,0.0394,1.418,479.4798,1.9712,9.0942,-0.0078,5.6499,0.8046,22.7282,0.5551,2688.25,15.77,3.7987,6.0252,10.328,1006.6689,0.0,2.4078,0.9322,11.74,17.3039,6.9896,6.7947,3.1849,2.8666,4.5283,0.0012,289.2036,0.0027,2.753,0.0,27.4264,8806.3202,2.2938,5.7246,86.7663,83.6085,15.4662,147.9118,양품
-5.4691,-0.0092,28.1843,0.1165,-5450.0,72.9333,2.6453,-3.119,15.93,186.5226,5.7673,0.0866,1.078,299.2357,1.989,8.9132,-0.0119,5.6578,0.8307,25.4691,0.491,2675.0,16.04,,6.7185,11.8884,1020.9944,0.0,1.3605,0.9316,17.57,16.0095,11.0934,15.3023,4.2403,4.6156,4.7136,-0.0293,137.3172,0.0085,2.852,897.561,31.0165,9086.52,2.0868,4.501,86.81,85.2917,37.9319,149.4936,양품
-2.1,-0.0142,26.7841,0.0324,-5626.25,69.1444,2.9171,-3.119,15.93,170.5032,5.8274,0.1033,1.078,167.9134,1.984,8.8546,0.0011,5.7471,0.8307,22.1,0.491,2731.0,16.04,,3.6156,9.7173,1020.9944,0.0,1.4963,0.932,17.11,41.4441,15.4345,5.7671,3.3729,6.5737,4.6449,-0.0706,478.0952,0.0045,2.852,304.2254,29.453,9077.5599,3.0266,5.1634,86.4099,83.6681,15.4662,151.8173,양품
-1.9827,-0.0137,29.927,0.015,-6171.0,67.5222,3.1527,0.0946,15.7,154.0065,5.5213,0.103,1.418,832.4642,1.9805,8.5862,-0.0247,5.0997,0.8046,21.9827,0.5551,2629.0,15.77,,2.0734,9.7614,1006.6689,0.0,1.3605,0.931,10.65,34.4548,6.2611,6.3235,2.9838,3.8989,4.5121,-0.0022,310.1788,0.0033,2.753,563.6364,26.1779,8840.0699,1.9226,5.5114,86.5384,84.7646,15.4662,152.6055,양품
-1.0545,-0.0108,23.0415,0.0207,-5693.75,74.0111,2.2095,0.0,15.7,163.3593,6.654,0.0729,0.9838,224.7093,1.9985,9.4336,-0.0036,7.0885,0.8253,21.0545,0.4949,2826.25,15.79,,5.5397,12.3575,1001.4682,0.0,1.8665,0.931,9.84,27.3039,13.4346,5.9428,3.5121,9.2151,4.5991,-0.0728,373.6207,0.0054,2.789,690.9091,32.1132,8344.2198,1.3708,5.6449,87.4694,84.6998,15.4662,153.5518,양품
-3.2055,-0.0132,38.5633,0.0293,-5715.5,73.5222,3.1482,0.0,15.7,174.3509,6.1787,0.1081,0.9838,173.7402,2.0282,8.5298,-0.0196,6.0632,0.8253,23.2055,0.4949,2561.75,15.79,,3.1283,8.3415,1001.4682,0.0,1.3605,0.9284,13.33,14.3445,6.6403,8.1347,3.4942,5.6108,4.4779,-0.0224,356.2677,0.0082,2.789,0.0,28.0144,8455.89,3.4779,5.4847,86.976,85.3182,37.559,152.3845,양품
1.4609,-0.0107,47.7752,0.0208,-5663.5,69.1222,1.2925,0.0946,15.7,95.8797,5.5305,0.0457,1.418,154.5952,1.9995,8.897,-0.0125,4.7678,0.8046,18.5391,0.5551,2665.25,15.77,,5.0635,7.9854,1006.6689,0.0,1.3605,0.9317,12.48,18.5983,9.6267,16.4444,4.0691,5.8149,4.7544,-0.0192,433.9764,0.0039,2.753,948.1481,23.5831,9511.29,1.8053,4.467,87.0027,84.3947,55.5896,152.54,양품
-3.1227,-0.0113,27.464,0.0163,-5329.25,67.2889,4.5444,-2.789,15.79,173.5022,5.1815,0.1433,1.035,410.8174,1.9785,8.8581,-0.0016,4.7607,0.7595,23.1227,0.5669,2632.5,15.91,,4.3098,14.3989,1002.9643,0.0,1.2823,0.9304,24.82,26.9148,16.48,10.4391,3.972,3.3196,4.6512,-0.0065,220.9607,0.0042,3.018,753.8462,30.5699,8683.7899,2.3156,4.7537,86.9034,84.052,15.4662,146.1009,양품
-3.7509,-0.0086,39.708,0.0209,-5720.25,69.4222,4.2677,-3.449,15.71,97.2193,6.1863,0.1314,1.834,356.0799,1.9923,8.8581,0.0029,5.8352,0.5042,23.7509,0.9226,2615.25,15.75,,4.7535,10.9837,998.8077,0.0,1.1829,0.9304,27.89,21.7993,14.7345,13.1258,4.3437,3.369,4.6512,-0.0997,220.4799,0.0058,2.658,666.6667,30.7593,8562.79,2.2754,4.7525,86.9034,84.052,15.4662,146.9282,양품
-3.2945,-0.0101,38.6617,0.0213,-5337.0,69.3222,2.4969,-2.93,15.76,244.4218,6.5968,0.0814,1.026,203.3994,1.9843,8.8624,-0.0041,5.8952,0.8145,23.2945,0.5581,2619.0,15.84,,3.0293,8.8381,999.8622,0.0,1.2667,0.9315,23.03,48.1752,15.698,11.2053,4.1548,5.854,4.6627,-0.0197,257.6987,0.0028,2.856,0.0,29.873,8744.2,2.5278,5.641,86.3364,84.361,15.4662,144.8573,양품
-1.56,-0.0146,32.9614,0.0248,-5122.5,69.9,4.3895,-3.449,15.71,191.2503,6.1318,0.1418,1.834,303.5276,2.0038,8.9979,0.0053,6.4398,0.5042,21.56,0.9226,2561.0,15.75,,3.4335,11.0332,998.8077,0.0,1.3605,0.9298,22.75,12.8516,15.041,12.2488,3.9593,2.587,4.7267,-0.0688,530.7692,0.0094,2.658,523.6364,28.4794,8543.17,2.3774,4.2053,86.4854,84.8185,47.5473,149.2073,양품
-1.0409,-0.012,26.5836,0.019,-5730.75,65.6444,2.0326,-2.364,15.58,104.5259,5.6454,0.0664,1.39,399.8553,1.966,9.0606,-0.0257,5.0911,0.807,21.0409,0.5199,2761.5,15.57,4.7352,3.8084,7.0235,991.5921,0.0,1.3385,0.9325,17.64,34.167,13.6481,11.3861,4.0803,4.9073,4.7143,0.0163,439.0393,0.004,2.745,0.0,28.5052,8497.45,1.4189,5.8924,86.8551,85.7132,,149.1664,양품
-1.24,-0.0111,55.9819,0.0187,-5287.5,73.8333,1.264,-2.364,15.57,177.7965,7.0986,0.0411,1.749,322.1909,2.0038,9.4336,-0.0231,6.3204,0.7865,21.24,0.5037,2566.25,15.67,4.0188,5.9594,6.5553,989.4811,0.0,1.5099,0.9311,13.63,29.8359,9.3164,6.7892,3.6537,6.5927,4.6263,0.0102,456.4516,0.0084,2.846,309.6774,28.1969,8212.12,1.5984,5.6738,87.4694,84.6998,15.4662,150.7718,양품
-4.4882,-0.0145,29.6041,0.0182,-5621.5,66.9333,2.9927,-2.364,15.58,155.6171,5.7942,0.1031,1.39,321.0446,1.99,8.7548,-0.0117,5.0933,0.807,24.4882,0.5199,2643.0,15.57,4.6687,4.3327,9.2702,991.5921,0.0,1.3605,0.9279,21.5,31.4693,11.1082,5.9977,3.1594,4.3095,4.4504,-0.0353,235.7302,0.0037,2.745,0.0,32.5465,8794.2698,3.1425,5.1595,86.2183,84.1975,44.0785,149.6682,양품
1.4409,-0.0121,48.1328,0.0158,-5596.25,72.0,5.0879,0.0,15.7,228.7202,5.464,0.1681,0.9838,497.3807,1.9973,8.8331,-0.0162,4.8353,0.8253,18.5591,0.4949,2709.75,15.79,,4.3056,6.5091,1001.4682,0.0,1.032,0.9337,16.85,24.0913,12.3423,14.5185,4.0675,5.942,4.6824,-0.0532,351.8612,0.0054,2.789,0.0,22.3245,9167.33,1.6376,4.3083,87.0785,85.2836,42.8029,147.5927,양품
-0.0509,-0.0094,45.7447,0.0203,-5650.5,71.4889,3.3692,-3.779,15.75,183.5618,5.371,0.1053,1.447,783.5175,2.0083,8.7609,-0.0289,5.2404,0.7948,20.0509,0.4913,2705.25,15.77,,3.9167,8.7598,1003.8606,0.0,1.9184,0.9337,18.63,22.2906,14.7923,12.9183,4.0177,3.5047,4.6824,0.0171,0.0,0.0076,2.858,856.1404,27.2235,9387.57,1.325,5.0711,87.0545,85.8815,37.2965,148.6564,양품
1.7318,-0.0098,38.6768,0.028,-5295.0,68.2444,0.7405,-3.543,15.65,293.1272,7.3335,0.023,1.735,194.8025,1.9785,8.6544,-0.0043,6.9688,0.6304,18.2682,0.8757,2713.75,15.79,,2.198,7.5646,1001.1729,0.0,1.3385,0.9311,10.54,36.9884,6.8102,5.7601,3.4574,3.7079,4.6263,-0.0277,333.7533,0.005,2.411,0.0,23.8107,8637.8899,1.6959,6.3804,86.33,86.4883,15.4662,151.57,양품
-0.2436,-0.013,45.4721,0.0247,-5344.25,72.7111,4.0417,0.0,15.7,50.9207,5.3134,0.1236,0.9838,252.7837,1.983,8.8078,-0.0219,5.5384,0.8253,20.2436,0.4949,2619.75,15.79,,5.2262,8.4638,1001.4682,0.0,1.9062,0.9325,16.98,49.7102,13.2173,11.5169,4.0577,6.4864,4.7143,-0.0183,0.0,0.0063,2.789,0.0,27.8252,8611.2602,1.3028,4.3609,86.9208,84.5333,35.2842,151.3927,양품
0.38,-0.0116,37.149,0.0234,-5412.25,76.8778,3.3162,0.0,15.66,158.279,5.039,0.099,1.867,114.1676,1.981,8.1161,-0.0009,4.344,0.6029,19.62,0.8899,2641.25,15.75,,2.8617,12.9654,996.6433,0.0,1.1829,0.9346,13.83,24.6531,18.6082,6.1705,3.6508,8.6495,4.6805,-0.0725,718.4211,0.0038,2.407,0.0,29.6983,8818.9698,0.9375,4.8724,87.1218,85.2826,15.4662,147.1755,양품
-2.1409,-0.0126,62.0278,0.0229,-5336.75,68.1111,1.0806,-3.779,15.75,153.8839,6.5589,0.041,1.447,351.1157,2.0172,8.7402,-0.0146,6.1143,0.7948,22.1409,0.4913,2522.25,15.77,,3.0832,6.4817,1003.8606,0.0,1.0827,0.931,14.37,28.5461,10.0196,15.7162,4.3047,4.4298,4.7091,0.0257,344.2463,0.0042,2.858,0.0,27.9241,8587.0802,2.0419,4.6659,86.3766,85.7546,27.0164,149.4418,양품
-2.0655,-0.0125,29.6,0.1015,-5407.5,71.9111,3.4134,-3.119,15.93,187.1693,3.6378,0.1094,1.078,223.6552,1.9875,8.7609,-0.0127,3.1921,0.8307,22.0655,0.491,2573.5,16.04,,3.6156,7.1712,1020.9944,0.0,2.0025,0.9302,15.88,43.3093,9.4297,9.2131,4.1635,3.8622,4.5586,0.0322,211.0915,0.0027,2.852,0.0,27.4762,9004.7299,1.3488,4.5869,87.0545,85.8815,15.4662,149.6573,양품
-4.3955,-0.0185,42.7316,0.0199,-5535.5,72.4,3.005,-3.119,15.93,163.0222,4.8406,0.0922,1.078,311.8338,2.0227,13.5481,-0.0099,4.5356,0.8307,24.3955,0.491,2649.25,16.04,,6.2155,8.0093,1020.9944,0.0,1.4556,0.9316,14.11,29.1808,11.7075,16.454,4.1403,5.4073,4.7136,-0.0527,121.9442,0.0059,2.852,350.8772,29.3585,9075.9,1.5042,5.1754,86.8485,85.3687,20.332,150.3536,양품
-1.9291,,,0.0195,-5490.25,67.6,1.8804,-2.364,15.57,209.1236,6.2695,0.0613,1.749,155.7784,1.991,8.9979,-0.0032,5.951,0.7865,21.9291,0.5037,2637.0,15.67,,3.6982,9.5635,989.4811,0.0,1.3605,0.9148,12.87,16.9421,19.7446,9.1036,2.5922,4.0911,4.5324,0.0086,255.0424,,2.846,,29.6803,8347.8,1.2537,5.5447,86.4854,84.8185,37.1967,150.0809,양품
-4.6591,-0.013,30.7988,0.0205,-5358.5,74.4889,1.2565,-2.364,15.58,137.5609,6.3735,0.0432,1.39,300.9369,2.0257,8.8889,-0.025,6.0919,0.807,24.6591,0.5199,2714.5,15.57,4.2969,7.2494,9.0863,991.5921,0.0,1.1829,0.9304,22.55,33.3189,16.5346,14.9196,4.1667,5.8666,4.6512,0.021,197.678,0.0055,2.745,254.5455,32.7382,8801.05,2.3814,4.7564,86.9977,83.5589,15.4662,146.7627,양품
-0.5327,-0.0112,41.9175,0.0238,-5479.25,70.5333,1.954,0.0,15.7,136.1972,5.115,0.067,0.9838,224.0541,1.981,8.6611,-0.0032,4.7816,0.8253,20.5327,0.4949,2604.5,15.79,4.6706,4.6786,2.9146,1001.4682,0.0,0.9957,0.9314,16.88,33.0534,17.0963,19.0569,4.1481,6.4537,4.659,-0.0397,0.0,0.0025,2.789,0.0,29.4663,9550.93,3.0574,4.6337,87.0853,93.8653,16.7492,143.7936,양품
-1.0827,-0.0133,39.9247,0.0269,-5278.0,69.6111,2.0231,-3.779,15.75,104.2833,6.9613,0.0645,1.447,359.2668,1.9675,8.598,-0.0043,5.4243,0.7948,21.0827,0.4913,2609.5,15.77,,4.8843,11.2858,1003.8606,0.0,1.3385,0.9311,20.02,22.5206,12.4175,7.8359,3.4559,5.5896,4.6263,0.0231,0.0,0.0035,2.858,0.0,27.9067,8877.97,3.6172,5.974,86.3084,83.9324,15.4662,148.49,양품
-0.3727,-0.0179,22.9531,0.0178,-5611.75,73.5889,1.4174,-3.779,15.75,44.426,6.2445,0.0486,1.447,331.2918,2.0065,8.6074,-0.0021,5.4558,0.7948,20.3727,0.4913,2629.5,15.77,4.5505,3.2614,7.9309,1003.8606,0.0,1.1829,0.9349,16.2,21.3231,9.3531,7.782,3.8733,6.8759,4.6808,-0.0123,0.0,0.0049,2.858,46.3476,25.8899,8386.4499,2.6074,5.5595,87.024,84.8937,18.0621,151.8336,양품
-1.0473,-0.0131,34.2531,0.0201,-5320.0,71.4111,2.7464,0.0,15.7,183.4575,5.1909,0.0845,0.9838,208.4754,1.9817,9.4336,-0.0182,4.8628,0.8253,21.0473,0.4949,2619.0,15.79,,2.8007,10.6305,1001.4682,0.0,1.8361,0.9325,18.64,47.7962,11.2955,8.7669,4.0783,4.6312,4.7143,-0.0149,354.2535,0.0047,2.789,0.0,28.2938,8284.49,1.2758,4.2034,87.4694,84.6998,53.5307,150.9336,양품
0.9736,-0.0139,30.2976,0.013,-5511.5,72.6778,1.9779,-2.364,15.57,181.4929,5.187,0.0587,1.749,465.538,1.9935,13.5481,-0.0194,4.2572,0.7865,19.0264,0.5037,2797.5,15.67,,5.7789,9.6116,989.4811,0.0,1.9435,0.9337,14.86,24.2224,11.3003,16.2423,4.0859,5.374,4.6824,0.0403,515.5929,0.0039,2.846,942.8571,22.9832,8978.0801,1.5915,5.4808,86.8485,85.3687,20.965,149.9827,양품
-3.9509,-0.0147,19.0476,0.0236,-5535.0,73.1111,5.7361,-3.119,15.93,127.914,5.7221,0.2074,1.078,208.3187,1.972,8.5735,-0.0125,5.4857,0.8307,23.9509,0.491,2677.0,16.04,4.5042,2.3252,7.0696,1020.9944,0.0,1.7048,0.9298,19.87,21.0376,14.05,10.3231,4.1731,4.1335,4.7267,-0.0229,129.3373,0.003,2.852,408.5106,31.7775,8634.6901,1.977,4.6254,87.1288,86.3898,15.4662,148.5436,양품
1.0027,-0.0139,38.9189,0.0221,-5477.0,72.2333,4.3187,0.0,15.7,50.7633,4.6087,0.1284,0.9838,172.4084,1.967,8.9132,-0.0012,4.3323,0.8253,18.9973,0.4949,2657.75,15.79,,6.2298,9.1637,1001.4682,0.0,1.3605,0.9302,16.2,28.1081,13.4251,12.194,4.5881,7.1443,4.5586,-0.0469,638.2593,0.0039,2.789,986.6667,26.4132,8974.0602,1.9513,5.1134,86.81,85.2917,15.4662,145.57,불량
2.8109,-0.0093,58.9023,0.0245,-5408.75,73.9778,1.8571,0.0,15.7,96.4642,6.1564,0.0609,0.9838,461.7289,2.0078,8.9132,-0.0236,5.2782,0.8253,17.1891,0.4949,2785.0,15.79,,6.894,8.5389,1001.4682,0.0,1.0571,0.9319,18.11,31.3174,10.9182,6.6721,3.601,5.9339,4.6326,-0.0426,160.8021,0.008,2.789,0.0,22.2064,9047.8399,1.3086,6.4181,86.81,85.2917,15.4662,148.3,양품
-3.6145,-0.0151,39.6694,0.0165,-5699.25,74.0556,3.6975,-3.779,15.75,310.7893,4.8866,0.1163,1.447,171.3639,2.0288,8.5298,-0.016,4.6938,0.7948,23.6145,0.4913,2646.0,15.77,,2.4306,8.6425,1003.8606,0.0,2.2863,0.9284,12.01,45.4183,6.9536,7.8327,2.914,3.0022,4.4779,0.0311,321.7555,0.0033,2.858,0.0,28.9017,8702.9701,3.4082,5.304,86.976,85.3182,15.4662,149.8918,양품
-5.76,-0.0121,71.6787,0.0237,-5301.75,67.4444,1.8624,-3.119,15.93,174.9152,4.741,0.0566,1.078,224.1672,2.0057,9.6136,-0.0101,4.4662,0.8307,25.76,0.491,2642.0,16.04,4.53,1.7792,7.2461,1020.9944,0.0,1.8091,0.931,23.51,64.1753,13.2591,11.9941,4.4665,3.5226,4.7091,-0.022,113.0208,0.0034,2.852,577.0492,31.5295,8845.68,2.3338,3.8418,86.9287,84.5509,46.7531,147.3345,양품
-1.6109,-0.0069,62.4319,0.0178,-5377.75,73.8889,2.113,-1.939,15.69,110.1529,5.6492,0.0783,0.9649,358.9999,1.9918,8.4537,-0.0369,5.1779,0.8568,21.6109,0.4466,2539.5,15.79,10.3001,4.4662,8.8015,996.0538,0.0,1.0173,0.9289,17.1,27.7431,10.8825,20.0186,4.7428,5.824,4.4994,-0.035,648.702,0.0047,2.768,0.0,25.3309,9223.8898,2.8236,5.9808,86.8072,86.8634,15.4662,146.9773,양품
2.32,-0.0131,49.7132,0.0264,-5228.25,66.8,3.3068,-2.93,15.76,134.9975,6.9572,0.1118,1.026,176.0537,2.0012,8.7646,-0.0034,6.0846,0.8145,17.68,0.5581,2544.5,15.84,,5.0898,9.983,999.8622,0.0,2.2733,0.9365,19.61,41.0548,12.8173,6.5382,4.0137,4.7428,4.724,-0.0262,278.4483,0.0021,2.856,0.0,25.6635,8945.9399,1.7494,4.1683,86.3742,86.2967,34.7389,143.5855,양품
-1.2491,-0.009,18.8889,0.0173,-5234.25,74.3222,4.5689,-2.553,15.75,158.1863,6.2034,0.1525,0.9413,165.024,2.0088,8.4537,0.001,5.7783,0.8443,21.2491,0.5132,2552.75,15.8,,4.0365,8.2367,999.9961,0.0,1.8156,0.9243,23.84,28.6565,16.1591,9.0124,4.3184,3.8315,4.7045,-0.0402,599.6361,0.0042,2.924,0.0,27.527,8663.93,2.1044,5.5375,86.8072,86.8634,,148.7664,양품
0.1873,-0.0137,27.8134,0.0248,-5359.25,69.4222,1.4014,-2.033,15.8,134.1079,7.5845,0.0484,2.465,99.5804,2.0108,8.6544,-0.0044,7.849,0.8826,19.8127,0.4049,2569.75,15.9,,3.3131,9.1878,1008.2756,0.0,1.3385,0.9311,14.95,18.1433,6.4632,3.9538,3.5866,3.4793,4.6263,-0.038,0.0,0.0131,3.156,850.0,26.0522,8946.8699,2.2746,5.5702,86.33,86.4883,37.757,149.4555,양품
4.8791,-0.0103,37.9101,0.0185,-5684.5,72.0333,2.4309,-2.553,15.75,226.5647,6.6877,0.0795,0.9413,430.387,2.0088,8.942,-0.0119,5.5662,0.8443,15.1209,0.5132,2586.75,15.8,,6.9412,11.8272,999.9961,0.0,1.8156,0.9178,16.48,18.6619,16.8846,8.8284,2.4628,3.1537,4.5135,-0.0683,106.5772,0.003,2.924,0.0,20.4622,8428.19,1.8011,5.2066,86.8846,85.3871,15.4662,144.2745,양품
-2.0209,-0.0126,27.8607,0.0182,-5685.5,72.8,4.1745,-3.072,15.69,270.6221,7.3463,0.141,0.9649,550.3317,1.9398,8.4537,-0.0254,6.053,0.8238,22.0209,0.5033,2649.5,15.75,3.4491,3.9835,4.2194,998.2901,0.0,1.2966,0.9197,16.73,21.0808,18.4464,6.6613,2.4781,2.5282,4.5303,-0.0438,279.5771,0.004,2.803,528.0,28.6912,9666.6499,1.6948,5.3356,86.8072,86.8634,22.7641,144.7682,양품
-0.7391,-0.0114,48.2986,0.0221,-5534.0,74.4111,3.1622,-2.505,15.73,130.5846,7.0614,0.1025,1.319,155.7412,1.9558,13.5481,-0.0177,6.1752,0.7932,20.7391,0.4591,2797.5,15.86,,6.3163,8.1735,1008.7122,0.0,1.2432,0.932,10.19,16.3768,7.0437,5.364,3.8638,5.1621,4.6449,-0.0724,999.877,0.0036,2.816,0.0,26.3387,8101.48,2.2399,5.9724,86.8485,85.3687,39.2645,153.4264,양품
-2.8727,-0.0141,44.0889,0.0188,-5685.0,67.3778,2.0524,-2.458,15.68,252.8694,5.4235,0.0608,0.9413,415.4251,1.9922,8.58,-0.0068,5.7116,0.8036,22.8727,0.5104,2531.75,15.71,,4.4525,10.435,991.3567,0.0,1.3605,0.9331,12.24,14.8216,5.9372,6.1204,3.0321,3.7156,4.4932,-0.0717,144.8101,0.0039,2.758,297.6744,24.4002,8369.34,1.4614,5.1033,86.4157,84.5951,15.4662,150.7164,양품
2.6036,-0.009,30.9392,0.0161,-5499.25,73.8778,2.4703,-2.553,15.75,258.2047,7.635,0.0809,0.9413,230.5174,2.0,8.942,-0.0005,6.8797,0.8443,17.3964,0.5132,2658.5,15.8,,5.9558,11.2301,999.9961,0.0,0.8945,0.9148,21.88,17.8282,15.0191,6.4397,2.7866,4.3881,4.5324,-0.0749,528.1075,0.0059,2.924,555.9322,23.8576,8356.3,3.9943,5.6584,86.8846,85.3871,15.4662,146.9891,양품
-5.9418,-0.0122,19.6118,0.0228,-5761.5,67.7222,2.5133,-2.458,15.68,184.5145,6.4645,0.0779,0.9413,377.2872,2.003,8.7779,-0.0313,6.6571,0.8036,25.9418,0.5104,2535.75,15.71,,5.3158,10.2436,991.3567,0.0,1.3605,0.9284,17.52,14.9387,9.8009,9.2104,3.315,7.3721,4.4779,-0.053,204.1463,0.0026,2.758,0.0,31.1657,8635.83,3.2928,5.2574,86.797,87.1083,,149.7527,양품
-4.9891,-0.0137,43.7557,0.0205,-5523.0,69.7667,4.1037,-2.553,15.75,192.9119,6.202,0.1363,0.9413,124.5258,2.0053,8.8519,-0.0197,5.6877,0.8443,24.9891,0.5132,2603.5,15.8,4.3116,4.7301,6.7947,999.9961,0.0,1.3605,0.9316,19.79,26.4378,9.667,15.9757,4.2085,2.4393,4.7136,-0.0497,124.4716,0.0101,2.924,0.0,29.6501,8945.9899,1.6358,4.3911,86.9473,84.1896,29.4814,150.0409,양품
-2.9718,-0.013,21.6008,0.0269,-5424.75,71.8444,7.1615,-2.6,15.78,62.8145,6.2383,0.2312,1.087,273.0438,2.0288,8.8331,0.0176,5.9711,0.7696,22.9718,0.4681,2620.5,15.89,,3.2014,9.3234,1006.6856,0.0,1.1792,0.9284,15.57,23.1502,6.656,8.1216,3.1084,2.9925,4.4779,-0.0447,340.5323,0.0039,2.93,364.7059,28.8713,8478.3301,3.0907,5.7343,87.0785,85.2836,15.4662,148.7036,양품
-0.9364,-0.0158,25.3365,0.017,-5977.25,71.8,1.8491,-2.222,15.73,322.4417,6.5571,0.0595,0.9602,400.3094,1.9962,8.5851,-0.0202,6.6469,0.7822,20.9364,0.4981,2809.0,15.77,,1.9499,6.8099,1001.4256,0.0,2.0203,0.9314,12.0,22.4105,6.1366,6.5045,3.2273,2.9235,4.4911,-0.0707,744.3689,0.0047,2.874,341.6667,26.2691,8163.3701,2.0605,4.7919,86.6018,85.3032,30.1677,149.8218,양품
1.1673,-0.0184,37.032,0.0207,-4900.75,74.0444,2.1908,-2.175,15.71,148.1764,5.6573,0.0734,0.9318,578.8157,1.9813,8.9154,-0.021,4.9238,0.8318,18.8327,0.5156,2670.75,15.8,,5.5372,8.7823,1001.3102,0.0,2.0579,0.9316,14.08,22.8355,10.3098,7.9803,2.9655,3.0408,4.5186,-0.062,790.7321,0.0051,2.836,696.7742,23.6877,8857.67,2.9263,5.5976,86.8694,85.2753,15.4662,147.0027,양품
0.6009,-0.0094,26.455,0.0205,-5264.0,66.2444,4.7483,-2.175,15.71,18.1567,7.1218,0.148,0.9318,428.4771,2.0023,8.8105,-0.0308,6.3075,0.8318,19.3991,0.5156,2482.5,15.8,,4.6796,8.259,1001.3102,0.0,1.8156,0.9224,16.11,31.7125,18.2491,6.3491,2.3567,4.5318,4.5327,-0.0913,0.0,0.0067,2.836,852.1739,25.8992,8735.4199,2.2248,6.1976,86.7128,86.9432,19.8104,146.3,양품
2.6473,-0.0103,35.122,0.0144,-5598.75,76.0667,2.3027,-2.08,15.71,32.9949,4.8007,0.0732,1.361,354.9032,1.985,8.1166,-0.0171,4.3837,0.8405,17.3527,0.4583,2741.0,15.83,,4.2068,3.6878,1007.63,0.0,1.1093,0.9324,18.85,15.0665,13.5064,7.9567,2.9162,3.2434,4.5164,-0.0344,366.4148,0.0041,3.087,0.0,22.4925,8499.69,3.2551,4.4282,87.1953,84.9121,15.4662,148.6082,양품
0.5364,-0.0132,45.4115,0.021,-5588.25,72.3333,2.4374,-2.6,15.78,198.3841,5.4703,0.0925,1.087,212.7822,1.9845,8.7609,-0.034,5.146,0.7696,19.4636,0.4681,2754.25,15.89,,3.4562,6.6023,1006.6856,0.0,1.1953,0.9337,17.82,27.2446,12.5367,15.849,4.1289,4.1514,4.6824,-0.0689,0.0,0.0033,2.93,339.3939,24.0135,8919.38,2.395,5.9089,87.0545,85.8815,9.8076,146.4582,양품
-2.5036,-0.0115,61.7391,0.0128,-5062.25,67.2333,0.6881,-2.505,15.73,189.3374,9.8724,0.0272,1.319,334.8725,1.9672,8.7383,-0.0146,8.7217,0.7932,22.5036,0.4591,2568.0,15.86,,3.5697,9.9317,1008.7122,0.0,1.8156,0.9157,18.01,21.2922,16.6836,8.3028,2.642,5.4421,4.5285,-0.0476,315.1416,0.0037,2.816,669.7674,28.2316,9208.9401,2.5212,6.0209,86.3854,85.7712,15.4662,145.1655,양품
-0.6327,-0.0119,26.1328,0.0169,-5434.25,70.8667,2.5944,-2.08,15.71,34.0722,5.1895,0.0794,1.361,393.0304,1.9952,8.8078,-0.0127,4.5106,0.8405,20.6327,0.4583,2631.75,15.83,,5.08,3.7118,1007.63,0.0,1.2883,0.9325,18.08,33.5782,13.3636,12.0454,4.1636,5.515,4.7143,-0.0538,832.9023,0.0041,3.087,435.0877,28.9181,8908.3701,1.7081,5.3836,86.9208,84.5333,15.4662,147.9591,양품
0.77,-0.0115,21.7391,0.0182,-5455.25,75.1667,1.6265,-2.553,15.75,130.2203,5.1206,0.0543,0.9413,419.6025,1.9707,8.8097,0.0083,4.6895,0.8443,19.23,0.5132,2690.0,15.8,,6.1197,10.7845,999.9961,0.0,1.7466,0.9334,19.2,20.0249,10.1236,8.1413,3.3493,3.9462,4.5315,-0.0575,0.0,0.0123,2.924,0.0,22.8057,8159.59,3.6977,5.433,86.7776,85.04,35.8185,145.2036,양품
-3.1818,-0.0157,46.5339,0.0228,-5825.25,68.7667,3.3919,-2.505,15.73,123.0376,5.9905,0.1127,1.319,420.973,2.0055,8.6611,0.0112,5.1152,0.7932,23.1818,0.4591,2578.25,15.86,,3.0538,9.4112,1008.7122,0.0,0.7294,0.9284,17.91,22.8894,8.2464,6.3383,3.2427,2.9339,4.4779,-0.0345,367.7143,0.0058,2.816,454.0541,27.6462,8860.4,3.3301,5.6667,87.0853,93.8653,46.0747,148.2691,양품
-0.8436,-0.0095,15.8103,0.0192,-5489.5,66.6111,2.7564,-2.505,15.73,98.8163,4.9533,0.1052,1.319,267.0387,2.013,8.598,-0.0179,4.7395,0.7932,20.8436,0.4591,2568.0,15.86,,3.603,7.8464,1008.7122,0.0,0.9468,0.9315,23.64,21.5261,12.65,18.4756,4.1644,6.6223,4.6627,-0.0402,0.0,0.007,2.816,904.3478,26.4708,9027.1301,3.1619,4.8494,86.3084,83.9324,15.4662,148.5882,양품
-2.2409,-0.0127,27.4779,0.0138,-5411.0,71.5222,3.5166,-2.175,15.71,111.0946,6.8771,0.1055,0.9318,345.3655,2.0075,8.8562,-0.0073,6.6571,0.8318,22.2409,0.5156,2579.0,15.8,,6.7112,7.8224,1001.3102,0.0,1.3605,0.9284,15.46,15.615,6.9811,6.0188,3.2098,5.1201,4.4779,-0.0654,354.7667,0.0077,2.836,0.0,27.5514,9278.5898,2.2625,5.5269,87.024,83.6367,52.6974,151.5609,양품
2.2982,-0.0138,55.7971,0.0171,-5402.0,67.2778,2.7582,-2.175,15.71,156.9628,6.0821,0.0892,0.9318,71.8239,1.978,8.6799,0.0032,5.4969,0.8318,17.7018,0.5156,2654.0,15.8,,2.5268,7.0728,1001.3102,0.0,2.2256,0.9314,21.91,17.0104,12.6864,5.6501,2.8939,4.252,4.5197,-0.0824,326.7801,0.0044,2.836,642.623,22.9551,8201.9101,2.4837,5.6204,86.3671,85.9512,20.536,143.9309,양품
-3.1255,-0.0129,20.9709,0.0203,-5870.5,68.6111,1.8959,-2.08,15.71,239.7186,5.4758,0.0672,1.361,1027.296,2.0152,8.5862,0.0001,5.059,0.8405,23.1255,0.4583,2514.5,15.83,,1.8947,11.6369,1007.63,0.0,1.371,0.9298,21.9,26.3999,14.3518,11.9997,3.9748,4.0177,4.7267,-0.0385,157.7371,0.0046,3.087,0.0,30.4987,9217.1099,1.4099,4.8118,86.5384,84.7646,15.4662,148.8418,양품
-1.1727,-0.0114,64.8412,0.0217,-5293.0,67.4667,2.4857,-2.647,15.77,387.8723,7.9436,0.085,1.465,332.5177,1.994,8.7646,0.0142,6.4604,0.8037,21.1727,0.4958,2673.75,15.89,11.1066,3.7055,8.8328,1009.8822,0.0,0.7969,0.9214,15.83,22.6088,13.3136,6.9595,2.5243,4.338,4.5401,-0.0127,696.6667,0.0092,2.92,620.0,26.7245,8606.1801,2.416,5.4361,86.6219,84.0399,26.5871,153.0664,양품
1.2955,-0.0108,22.2997,0.0239,-5630.25,75.8,4.6823,-2.647,15.77,190.2332,5.7108,0.1653,1.465,305.4029,2.0012,8.9818,-0.0021,5.1463,0.8037,18.7045,0.4958,2631.0,15.89,,5.0132,8.673,1009.8822,0.0,1.7935,0.9317,17.82,33.2422,10.2928,26.8512,4.3733,4.624,4.5302,-0.0093,0.0,0.0042,2.92,623.7288,21.7509,8416.36,4.5174,6.4034,86.7637,84.7951,60.8125,155.4945,양품
-2.9727,-0.0122,44.3077,0.0179,-5615.75,73.7222,1.5277,-2.647,15.77,100.334,7.0117,0.0571,1.465,269.6892,1.9918,9.0942,0.0142,5.3535,0.8037,22.9727,0.4958,2705.25,15.89,,6.104,8.3196,1009.8822,0.0,0.3778,0.9215,14.5,24.7006,14.8391,4.2791,2.2364,5.8586,4.5126,0.0044,416.1162,0.0083,2.92,0.0,28.1049,8975.83,3.4584,5.4779,86.7663,83.6085,15.4662,154.4736,양품
4.3955,-0.0129,29.4288,0.0222,-5353.75,73.0556,2.6948,-2.647,15.77,72.1405,6.2214,0.0878,1.465,177.7196,1.993,9.0942,0.0164,5.3735,0.8037,17.271,0.4958,2603.25,15.89,,6.5703,9.7447,1009.8822,0.0,1.164,0.9317,21.85,62.6474,14.8582,33.4728,4.2687,3.3263,4.5302,-0.0086,447.2801,0.0081,2.92,459.2593,19.6185,8904.1101,0.986,6.9155,86.7663,83.6085,15.4662,151.8191,양품
-3.4964,-0.0113,51.1577,0.0173,-5404.0,68.6778,2.4912,-2.647,15.77,178.9029,7.0989,0.0783,1.465,325.9213,1.995,8.7646,0.0054,6.0962,0.8037,23.4964,0.4958,2641.75,15.89,7.5566,3.0578,9.4515,1009.8822,0.0,1.2164,0.9215,15.41,25.5744,13.8109,4.6756,2.5496,6.2188,4.5126,-0.0073,336.6355,0.0089,2.92,679.2453,28.3815,9278.0601,3.1656,5.5364,86.6219,84.0399,17.4748,154.3709,양품
-3.2155,-0.014,20.7885,0.0132,-5360.5,71.9333,4.3298,-3.025,15.7,239.5343,4.9774,0.138,1.191,367.2969,1.983,8.8597,-0.0207,4.5922,0.809,23.2155,0.543,2656.0,15.85,,3.4754,10.3935,1008.8589,0.0,0.9155,0.9314,13.55,29.3669,15.6754,8.2225,3.0117,2.7452,4.5197,-0.0419,147.4131,0.0026,3.211,469.3333,30.7746,8343.7599,1.4559,5.3855,86.8544,84.415,18.9397,145.3436,양품
2.0282,-0.0144,31.1688,0.0244,-5539.75,66.8222,3.2679,-2.505,15.73,997.6843,5.6077,0.112,1.319,347.8729,2.0005,8.6772,-0.0049,4.9635,0.7932,17.9718,0.4591,3299.0,15.86,,3.442,7.3985,1008.7122,0.0,1.2799,0.932,16.02,37.9457,11.39,5.1783,4.5889,6.4921,4.6449,-0.0281,225.818,0.0098,2.816,43.4968,24.3232,8278.95,1.5305,5.5583,86.259,84.4061,28.4407,153.7245,양품
-3.6155,-0.0093,63.3557,0.0135,-5303.5,67.7778,1.553,-2.317,15.69,126.6133,5.7218,0.0513,1.617,123.4841,1.9995,8.7383,-0.0094,6.1532,0.825,23.6155,0.6282,2588.75,15.86,0.0,5.3115,6.9263,1007.6922,0.0,1.6538,0.9314,18.05,21.8847,18.8973,7.4421,3.0711,2.9962,4.5197,-0.0028,156.8268,0.0037,3.054,183.5294,28.9358,8807.06,2.0891,4.5383,86.3854,85.7712,15.4662,142.5136,양품
-4.1018,-0.0156,53.12,0.0211,-5712.75,75.0,1.683,-2.505,15.73,309.1903,5.7514,0.0581,1.319,202.7862,1.967,8.8097,-0.0173,4.9262,0.7932,24.1018,0.4591,2690.0,15.86,,4.6667,6.5274,1008.7122,0.0,2.4701,0.9316,20.43,21.2741,10.9936,7.0494,3.3497,4.0088,4.5186,-0.0549,134.0869,0.0035,2.816,457.1429,28.8654,9258.9501,1.7051,5.8866,86.7776,85.04,15.4662,148.9227,양품
0.1982,-0.0116,33.6207,0.0223,-5289.0,72.7778,1.3703,-2.647,15.77,206.0362,6.3682,0.0572,1.465,514.5555,2.001,8.9818,-0.0291,6.7956,0.8037,19.8018,0.4958,2667.25,15.89,,3.9847,9.2825,1009.8822,0.0102,1.8128,0.9316,16.83,18.7968,10.5463,7.2491,2.8142,2.5177,4.5186,0.0402,0.0,0.0057,2.92,0.0,23.4628,8857.2,2.907,4.7585,86.7637,84.7951,15.4662,146.56,양품
-5.9682,-0.0098,21.4286,0.0193,-5598.75,73.8333,3.5588,-1.797,15.76,156.1866,5.4541,0.1063,1.683,240.7784,2.0012,8.9132,-0.0239,4.833,0.8224,25.9682,0.5699,2615.25,15.81,3.1512,4.3341,10.0246,1011.8856,0.0,1.6288,0.9314,14.79,21.5722,16.9018,8.3142,4.2741,3.8774,4.5197,-0.0035,137.2277,0.0035,2.921,0.0,33.0295,9178.3199,2.2678,5.5032,86.81,85.2917,19.7327,145.7173,양품
-1.4409,-0.012,44.3051,0.016,-5523.25,70.8222,1.1096,-2.175,15.71,327.4533,5.2888,0.0372,0.9318,606.3263,2.0315,8.942,-0.0037,4.8562,0.8318,21.4409,0.5156,2740.5,15.8,11.1269,5.9303,8.1319,1001.3102,0.0,1.3605,0.9322,9.72,10.306,6.8242,8.7573,3.4373,2.5745,4.5283,-0.0377,589.9054,0.0048,2.836,0.0,26.4617,9296.56,2.3961,3.5602,86.8846,85.3871,28.2257,150.3227,양품
-2.6709,-0.0132,45.3258,0.0171,-5366.75,71.9667,2.8944,-2.175,15.71,246.2641,5.6144,0.0955,0.9318,356.1342,1.9912,8.7932,-0.0119,4.9609,0.8318,22.6709,0.5156,2673.0,15.8,5.3643,6.3918,6.9447,1001.3102,0.0011,1.6644,0.9301,15.65,21.8189,13.3497,9.362,4.1196,3.1113,4.6796,-0.0426,218.2777,0.0033,2.836,0.0,30.2504,8928.7299,1.7251,4.6773,86.7223,84.525,46.6765,152.6691,양품
0.0327,-0.0121,32.2981,0.0141,-5760.0,69.7889,3.0033,-2.505,15.73,423.1921,5.3256,0.0956,1.319,444.8633,1.974,8.8519,-0.0089,4.7474,0.7932,19.9673,0.4591,2867.25,15.86,3.4785,5.1584,6.0915,1008.7122,0.0,0.9695,0.9316,20.08,24.5358,11.9219,18.7893,4.114,2.5159,4.7136,-0.0559,0.0,0.003,2.816,0.0,27.0626,8265.0699,2.9873,5.7357,86.9473,84.1896,56.414,150.2436,양품
1.7018,-0.0112,82.2346,0.0211,-5078.75,68.8444,2.1019,-2.458,15.6,100.085,5.3665,0.0713,1.083,274.2145,2.0113,8.6472,-0.0001,5.0735,0.7644,18.2982,0.6738,2507.5,15.71,5.079,2.9051,10.8725,992.7452,0.0,2.5704,0.9327,18.79,41.1932,11.4046,21.9948,4.1879,4.1438,4.5316,-0.0212,0.0,0.0185,3.165,0.0,24.6278,8526.09,4.6296,6.7647,86.5763,85.0041,10.331,144.0691,양품
-3.3455,-0.0095,64.5503,0.0205,-5345.75,73.5778,2.1723,-3.072,15.69,227.902,7.0125,0.0664,0.9649,349.786,2.0245,13.5481,-0.0187,6.9853,0.8238,23.3455,0.5033,2673.0,15.75,,5.8442,5.4285,998.2901,0.0,1.4923,0.9284,15.36,25.0471,8.4778,7.8751,3.2346,5.7818,4.4779,-0.0427,361.087,0.0042,2.803,0.0,27.9956,9034.9702,3.6124,5.6057,86.8485,85.3687,15.4662,148.9155,양품
-2.4373,-0.0116,30.205,0.0154,-5515.0,67.5111,3.8727,-2.6,15.78,141.7051,5.3753,0.13,1.087,448.3934,2.0128,8.9979,-0.0128,5.4338,0.7696,22.4373,0.4681,2715.5,15.89,,4.4437,7.6839,1006.6856,0.0,1.1285,0.9331,24.27,26.7178,14.4055,8.3471,3.1747,3.6829,4.5059,-0.0738,512.0477,0.0039,2.93,0.0,30.59,8735.92,3.5615,4.925,86.4854,84.8185,39.2075,147.9827,양품
-6.0455,-0.0123,30.1733,0.0167,-5647.5,67.9444,2.3894,-1.797,15.76,130.3061,5.7628,0.0816,1.683,207.5982,1.9867,8.598,-0.0143,5.6806,0.8224,26.0455,0.5699,2707.5,15.81,,3.5323,9.0965,1011.8856,0.0,0.5981,0.9315,17.88,14.108,18.1764,6.5389,2.9954,3.5785,4.5077,-0.0055,74.2707,0.0038,2.921,510.6383,33.9495,10653.5,1.4354,5.4775,86.3084,83.9324,15.4662,145.3109,양품
-3.2255,-0.0139,50.9417,0.0183,-5283.0,68.5667,3.5644,-2.505,15.73,233.5223,5.9209,0.1118,1.319,154.6113,1.9657,8.598,-0.0125,5.0776,0.7932,23.2255,0.4591,2624.0,15.86,,4.3753,6.6693,1008.7122,0.0,1.3691,0.9298,21.01,25.4027,19.5273,10.8748,4.0122,3.911,4.7267,-0.0443,283.6809,0.0073,2.816,0.0,33.9867,9355.1799,2.9865,3.8759,86.3084,83.9324,32.9311,142.6736,양품
-9.1,-0.0088,66.2857,0.0176,-5463.75,71.9444,2.7342,-2.553,15.75,342.3978,7.9693,0.0963,1.111,227.1672,1.9705,8.9857,-0.0017,6.0173,0.8014,29.1,0.5657,2902.75,15.88,2.9501,5.5598,4.1002,1016.53,0.0,2.0611,0.9174,16.01,36.2937,15.85,5.4492,3.0725,6.1557,4.4851,-0.0293,81.4286,0.0042,2.917,0.0,36.7408,8661.9699,2.2004,5.6684,86.7646,83.1829,21.6076,148.9673,양품
2.2727,-0.0172,31.3498,0.0203,-5569.5,73.5778,0.5604,-2.6,15.73,85.2188,7.9929,0.0188,0.8893,280.5762,1.9855,8.3159,0.0007,6.6876,0.8525,17.7273,0.489,2868.75,15.79,6.4633,2.0387,6.6169,1000.3791,0.0,1.8156,0.92,20.26,36.2133,16.6255,5.3063,2.5792,5.0108,4.5234,-0.0567,466.84,0.0044,2.906,778.3784,23.4616,9019.9101,2.9367,6.0166,86.834,84.2981,29.9905,145.2864,양품
-0.9536,-0.0128,37.4269,0.0166,-5390.0,76.7556,1.8779,-3.025,15.7,157.0531,8.9384,0.0657,1.191,286.0862,1.9907,8.1166,-0.0079,7.03,0.809,20.9536,0.543,2585.5,15.85,,3.5177,7.2702,1008.8589,0.0,1.7268,0.9213,16.12,15.6077,11.4919,3.7185,3.0169,4.7569,4.5458,-0.0547,0.0,0.0034,3.211,564.7059,25.7832,9770.2801,3.2319,8.4756,87.1953,84.9121,13.5218,148.4173,양품
-2.5027,-0.0092,30.3935,0.028,-5160.5,71.4667,1.9749,-2.6,15.78,77.3606,6.6904,0.0674,1.087,199.4016,2.0065,8.8562,-0.0359,6.4666,0.7696,22.5027,0.4681,2607.0,15.89,5.7857,6.2966,7.818,1006.6856,0.0,1.725,0.9317,20.04,27.5354,15.0182,19.4968,4.1436,4.6539,4.7544,-0.0227,311.2604,0.0073,2.93,509.0909,29.7881,9743.71,2.2882,4.6511,87.024,83.6367,15.4662,149.5527,양품
-3.8791,-0.0109,41.3793,0.0206,-5654.75,72.3556,1.7037,-2.553,15.75,201.0887,8.4224,0.0595,1.111,562.6019,1.9912,8.9857,0.0078,6.2093,0.8014,23.8791,0.5657,2831.0,15.88,,6.4957,6.0105,1016.53,0.0,2.0815,0.9174,13.99,11.3154,10.7323,5.2559,2.9979,5.1665,4.4851,-0.015,259.3391,0.0046,2.917,0.0,27.5177,8906.86,2.9123,6.689,86.7646,83.1829,5.2517,151.3591,양품
-6.6409,-0.0143,22.4168,0.0186,-5455.25,71.5222,3.0387,-3.025,15.7,309.3535,5.959,0.0966,1.191,328.9978,1.9965,9.4336,-0.0246,4.7837,0.809,26.6409,0.543,2776.25,15.85,,5.5927,4.3504,1008.8589,0.0,0.9604,0.9331,15.82,32.3429,17.2818,9.0164,3.5344,2.9266,4.5059,-0.0566,69.7194,0.0053,3.211,0.0,33.5324,9424.03,1.5187,5.7071,87.4694,84.6998,15.4662,152.3964,양품
-5.6945,-0.0121,23.8683,0.0179,-5471.75,72.1222,3.4513,-1.939,15.69,63.8664,5.1178,0.1067,0.9649,363.4642,1.9965,8.8331,-0.0197,4.3962,0.8568,25.6945,0.4466,2649.75,15.79,,3.8823,6.5991,996.0538,0.0,1.3605,0.9284,21.43,25.2731,11.3988,9.0134,3.2934,3.8017,4.4779,-0.0608,215.1181,0.0043,2.768,0.0,30.9967,8365.1,3.6057,5.2944,87.0785,85.2836,15.4662,146.5136,양품
1.5927,-0.0115,95.3413,0.0773,-6438.0,64.9778,3.732,-2.505,15.73,93.6033,6.1268,0.0839,1.319,129.9949,1.8742,9.0121,0.0035,6.0017,0.7932,18.4073,0.4591,2954.75,15.86,,3.6936,7.1726,1008.7122,0.0,2.2841,0.9255,18.84,29.4109,17.5891,5.3543,3.3145,3.3409,4.6237,-0.0534,310.7877,0.0042,2.816,675.5556,25.6928,8658.22,1.5143,5.5659,86.6797,86.6785,20.1411,144.87,양품
-2.5345,-0.0128,47.7495,0.0163,-5573.0,69.5111,0.7031,-2.08,15.71,236.1031,5.0342,0.0236,1.361,436.6066,1.9992,8.5862,-0.0203,4.2571,0.8405,22.5345,0.4583,2719.0,15.83,,2.0141,10.9365,1007.63,0.0,1.3605,0.9298,21.53,24.2244,13.4082,19.4285,4.0006,2.8331,4.7267,-0.0444,364.9575,0.0036,3.087,0.0,29.8877,8884.0,2.5893,6.289,86.5384,84.7646,11.7021,149.6582,양품
-0.5955,-0.014,37.0766,0.0137,-5168.0,68.2,1.0172,-2.458,15.68,91.3724,4.8271,0.0352,0.9413,173.8294,2.0157,8.6799,-0.0117,4.318,0.8036,20.5955,0.5104,2531.75,15.71,,2.0528,8.0925,991.3567,0.0,2.156,0.9316,15.07,20.2996,8.4834,5.1345,3.0387,2.1151,4.5186,-0.0344,0.0,0.0045,2.758,288.8889,24.8245,8605.6,2.2387,5.9996,86.3671,85.9512,15.4662,150.3464,양품
-4.7818,-0.0114,44.0529,0.0225,-5729.5,72.4889,1.229,-2.317,15.69,168.6653,8.694,0.0417,1.617,66.8256,2.0077,8.8097,-0.0166,6.6007,0.825,24.7818,0.6282,2760.0,15.86,5.7892,6.2078,5.2735,1007.6922,0.0,1.9706,0.9192,15.67,24.9168,17.3681,8.5294,2.7231,3.7689,4.5457,-0.011,92.4335,0.0029,3.054,0.0,29.9163,10608.8,1.4276,5.6526,86.7776,85.04,15.4662,146.9936,양품
1.63,-0.0114,27.2228,0.0274,-5690.25,77.0889,3.2113,-2.458,15.83,195.8256,5.3254,0.1022,1.352,446.8612,2.0157,8.324,0.0081,5.0558,0.8454,18.37,0.5304,2637.5,15.9,0.0,3.8916,6.1422,1012.3378,0.0,1.5865,0.9317,3.56,60.9034,1.6591,8.1187,4.3387,6.7438,4.5302,-0.0767,775.4601,0.0042,2.891,0.0,4.308,9673.7,3.5027,5.5191,86.8486,85.4772,15.4662,150.36,양품
-0.4109,-0.0138,44.2831,0.0393,-5382.5,67.0889,0.556,-3.072,15.69,99.4899,6.8109,0.0172,0.9649,177.5866,1.9522,8.7383,-0.0098,6.0417,0.8238,20.4109,0.5033,2604.25,15.75,,2.8321,6.5924,998.2901,0.0,1.2619,0.9315,23.98,25.0963,14.3082,5.6975,3.2856,4.7785,4.5077,-0.0825,0.0,0.0042,2.803,640.0,26.3835,9443.2799,2.0503,5.0754,86.3854,85.7712,42.2735,144.3964,양품
-2.9573,-0.0122,26.3104,0.0206,-5349.75,71.6,0.5061,-2.08,15.57,2004.8779,5.7176,0.0197,0.9649,129.4176,1.987,8.7779,-0.0036,5.3447,0.7859,22.9573,0.5349,3395.25,15.67,,26.3966,4.7196,989.8022,0.0,1.4999,0.9314,21.09,34.7506,14.87,11.3419,4.2284,5.1967,4.659,-0.0065,157.5781,0.0046,2.779,0.0,30.1688,8871.3899,1.4808,4.1206,86.797,87.1083,21.0798,147.9782,양품
-0.2136,-0.0019,221.6216,0.0194,-5077.5,75.9556,4.5695,-2.08,15.71,98.5,5.7408,0.1469,0.8798,480.6201,2.0202,8.9818,0.0077,6.2279,0.7651,20.2136,0.7124,2613.25,15.79,,3.4231,5.4211,1007.2276,0.0042,0.8197,0.9334,12.98,11.0988,9.5081,5.8046,3.2901,4.141,4.5315,-0.0702,0.0,0.0174,3.099,339.823,23.3595,9404.0599,1.6324,4.8007,86.7637,84.7951,33.5037,145.6182,양품
-1.6045,-0.0138,35.604,0.0155,-5768.0,73.6222,1.0096,-3.025,15.7,149.0266,5.6734,0.0322,1.191,394.3366,2.0105,8.9818,-0.0076,5.1899,0.809,21.6045,0.543,2748.75,15.85,,4.754,8.7742,1008.8589,0.0,1.3605,0.9322,14.38,16.4619,6.0447,7.2582,3.3498,3.8038,4.5283,-0.0474,642.5496,0.0029,3.211,0.0,26.7568,9029.8199,2.9733,5.6647,86.7637,84.7951,29.946,148.5355,양품
-0.0236,-0.0129,27.1055,0.0191,-5132.0,69.3778,1.6705,-2.505,15.73,223.4681,6.1394,0.0564,1.319,366.9142,1.9783,8.7383,-0.0268,6.0377,0.7932,20.0236,0.4591,2616.0,15.86,,3.7476,8.3052,1008.7122,0.0,1.7562,0.9314,12.89,45.0912,8.5647,6.261,3.1847,5.4204,4.4911,-0.0683,0.0,0.0038,2.816,0.0,23.7345,8647.2301,3.7136,3.7988,86.3854,85.7712,21.7318,149.8045,양품
-0.0882,-0.0118,18.6047,0.0135,-5494.25,73.9667,2.9697,-3.072,15.69,71.7774,5.3034,0.1019,0.9649,351.9577,1.9783,8.9154,-0.0262,5.1719,0.8238,20.0882,0.5033,2574.0,15.75,,4.4615,8.7356,998.2901,0.0,1.2404,0.9316,13.41,15.8092,7.9142,6.57,3.1948,3.3565,4.5186,-0.1047,0.0,0.0061,2.803,622.2222,21.5248,9076.1601,2.6232,5.2655,86.8694,85.2753,24.6444,149.86,양품
-0.5973,-0.0151,25.2492,0.0279,-5399.25,72.9556,2.8511,-2.458,15.68,202.159,5.9205,0.1105,0.9413,486.1107,1.9895,8.942,-0.0183,5.2314,0.8036,20.5973,0.5104,2682.75,15.71,3.3442,4.9345,6.3978,991.3567,0.0,2.2029,0.9314,13.47,19.7112,5.3865,6.9124,3.5281,3.816,4.4911,-0.0523,679.7565,0.0041,2.758,0.0,26.2811,9155.5301,1.2607,4.0293,86.8846,85.3871,30.6491,149.6327,양품
-0.4682,-0.012,36.6667,0.0184,-5741.75,67.6889,2.7559,-2.647,15.77,322.4975,7.5621,0.086,1.465,311.1435,1.974,8.8105,-0.0192,6.2047,0.8037,20.4682,0.4958,2852.0,15.89,,3.2502,12.6143,1009.8822,0.0,1.2653,0.9224,18.89,32.1475,10.6973,4.5685,2.4309,4.8846,4.5327,-0.0053,0.0,0.0061,2.92,301.8868,20.2022,8856.4601,3.3036,5.8701,86.7128,86.9432,22.2291,148.8355,양품
-4.7991,-0.0132,38.7097,0.0132,-5293.5,71.4444,4.0798,-1.939,15.69,175.7562,5.1986,0.1274,0.9649,107.1152,1.956,8.8624,0.0028,4.916,0.8568,24.7991,0.4466,2529.25,15.79,,3.9191,7.7283,996.0538,0.0,1.4349,0.9315,26.8,34.4884,15.3345,13.7119,4.2187,3.1549,4.6627,-0.0809,150.6535,0.0032,2.768,0.0,31.3398,10090.3399,2.5514,3.8483,86.3364,84.361,15.4662,148.0218,양품
-0.0073,-0.0112,51.9016,0.0208,-5607.75,76.9,1.8995,-2.458,15.83,310.2949,5.3762,0.0649,1.352,300.4623,2.0085,8.322,0.0112,4.3408,0.8454,20.0073,0.5304,2897.25,15.9,,3.381,11.0486,1012.3378,0.0,2.0669,0.9312,21.66,13.5783,16.6436,27.3655,4.4413,6.7336,4.5071,-0.0657,0.0,0.004,2.891,536.5854,28.8578,9268.6599,6.1743,4.4069,86.7285,84.3569,15.4662,148.9536,양품
-2.5436,-0.0131,45.8015,0.0192,-5305.75,67.5667,0.9095,-2.08,15.71,67.582,4.7538,0.0339,0.8798,379.3102,2.03,8.8105,0.0093,4.3293,0.7651,22.5436,0.7124,2570.0,15.79,6.4961,2.516,6.8017,1007.2276,0.0,1.8156,0.9206,25.0,29.7269,14.15,8.6655,3.9318,5.4237,4.7452,-0.0669,318.4417,0.0037,3.099,685.7143,29.6277,8621.44,2.271,5.6793,86.7128,86.9432,19.0576,151.5573,양품
3.9982,-0.0103,59.0799,0.0218,-5615.0,69.8556,4.7379,-2.458,15.83,220.1401,5.5137,0.1489,1.352,248.0349,1.966,8.6472,0.0007,5.014,0.8454,16.0018,0.5304,2723.5,15.9,4.6936,2.2904,4.6575,1012.3378,0.0,1.0688,0.9324,23.05,26.8931,14.8564,25.4299,4.2643,4.4321,4.5386,-0.057,349.4088,0.0036,2.891,0.0,24.7718,9053.79,3.7639,4.5879,86.5763,85.0041,15.4662,148.4636,양품
-0.5745,-0.0145,45.3998,0.0913,-5258.5,67.0556,2.5825,-1.797,15.76,114.7766,5.6927,0.0823,1.683,352.8177,2.005,8.8546,-0.0418,5.2124,0.8224,20.5745,0.5699,2621.5,15.81,,4.1756,10.1394,1011.8856,0.0,1.5836,0.9322,16.01,19.1373,8.2156,7.015,3.1011,2.6894,4.5283,-0.0018,0.0,0.0033,2.921,588.2353,25.6486,8932.56,2.4444,5.375,86.4099,83.6681,13.1976,147.6145,양품
-9.4318,-0.0116,37.149,0.0156,-5315.75,71.1889,1.6136,-2.175,15.71,188.4259,6.5487,0.0523,0.9318,242.4313,2.0065,8.8597,-0.0261,6.7624,0.8318,29.4318,0.5156,2659.5,15.8,,5.3379,7.2109,1001.3102,0.0,1.3605,0.9331,13.09,17.7222,11.6495,6.343,3.369,5.5267,4.4932,-0.07,46.7566,0.0052,2.836,0.0,35.4979,8682.03,1.4685,4.4437,86.8544,84.415,46.2226,149.8182,양품
1.47,-0.0111,33.3333,0.0168,-5227.5,67.4778,3.8302,-2.08,15.71,291.08,5.8236,0.1191,0.8798,349.3523,1.9952,8.6544,0.0028,4.8813,0.7651,18.53,0.7124,2566.25,15.79,3.0089,3.5567,4.4954,1007.2276,0.0,1.418,0.9179,18.71,17.6919,18.4328,6.7668,2.4946,5.7143,4.5201,-0.07,504.7619,0.0034,3.099,352.5424,24.4,9678.25,2.3088,5.3528,86.33,86.4883,15.4662,144.1991,양품
3.1645,-0.0103,53.3333,0.0142,-5161.5,74.5333,2.0123,-2.6,15.73,174.4362,5.504,0.0614,0.8893,468.5968,1.985,8.9818,-0.0156,4.7713,0.8525,16.8355,0.489,2501.0,15.79,,3.6225,7.8413,1000.3791,0.0,1.4571,0.9334,24.76,27.2289,13.0918,9.0289,3.1872,3.11,4.5315,-0.0004,426.6016,0.0051,2.906,900.0,21.4005,9015.71,4.1574,4.8391,86.7637,84.7951,15.0164,146.3018,양품
-0.8173,-0.0134,50.7937,0.0204,-5469.75,72.0222,1.8575,-2.317,15.69,35.0844,5.7259,0.0681,1.617,338.2232,1.9845,8.942,-0.0161,5.0017,0.825,20.8173,0.6282,2656.75,15.86,,5.9704,15.2879,1007.6922,0.0,1.3581,0.9298,16.34,31.0194,13.8996,10.8549,4.0841,4.5853,4.7267,0.0112,720.6897,0.0053,3.054,0.0,28.0999,9253.6399,2.1134,4.2035,86.8846,85.3871,42.4104,148.5173,양품
4.1655,-0.0125,39.96,0.0229,-5657.5,74.4444,2.4851,-3.025,15.7,393.7735,5.7059,0.0842,1.191,339.3391,2.0,8.8889,-0.0027,5.1021,0.809,15.8345,0.543,2853.25,15.85,,7.5224,12.1624,1008.8589,0.0,,0.9298,25.82,25.552,13.4282,6.8304,3.7225,3.9945,4.6393,-0.017,187.0144,0.005,3.211,0.0,23.4218,8471.92,2.2044,7.528,86.9977,83.5589,15.4662,148.4527,양품
-4.15,-0.0085,51.6129,0.0188,-6576.0,69.3667,3.7635,-2.6,15.78,272.6492,2.7882,0.0851,1.087,133.898,1.897,8.7199,-0.0116,2.6709,0.7696,24.15,0.4681,3009.25,15.89,,4.0365,7.5099,1006.6856,0.0,0.8108,0.9267,18.26,26.5712,17.5363,7.7607,4.7414,3.8611,4.5488,-0.0875,122.6506,0.0046,2.93,984.6154,32.3553,9067.3299,1.4847,4.7236,86.7612,84.2942,26.4169,148.1427,양품
3.2173,-0.0129,44.3149,0.0192,-5461.75,72.1889,1.6528,-1.939,15.69,178.0344,5.2804,0.0534,0.9649,266.4324,2.0335,8.7597,-0.0051,4.944,0.8568,16.7827,0.4466,2621.75,15.79,,4.9869,10.4021,996.0538,0.0,1.3605,0.9337,14.52,35.1704,6.8718,20.7304,4.0129,5.4916,4.6824,-0.0668,322.0119,0.0059,2.768,0.0,22.0794,9084.5901,2.726,4.8134,87.0029,86.7559,41.7247,151.8673,양품
-2.9355,-0.0129,38.6473,0.03,-5357.5,67.3,1.7506,-2.789,15.78,121.8168,7.4353,0.055,1.026,316.5402,2.0097,8.9979,-0.0051,6.853,0.8336,22.9355,0.5064,2539.0,15.88,4.3147,2.9718,10.2495,1009.8944,0.0,1.3605,0.9148,13.2,32.2945,22.2982,9.4984,2.5989,4.0987,4.5324,0.0028,125.0232,0.0031,2.926,0.0,31.52,9122.6801,1.2231,6.0269,86.4854,84.8185,23.2906,147.1191,양품
-4.4927,-0.01,34.0852,0.0141,-5508.5,67.2222,4.4848,-2.553,15.75,78.7591,7.3851,0.1485,1.111,110.0863,1.9865,8.58,-0.03,6.5479,0.8014,24.4927,0.5657,2574.5,15.88,3.5462,3.124,4.4707,1016.53,0.0002,1.1072,0.9148,13.95,22.1105,20.2418,6.135,2.7925,4.5795,4.5324,-0.0089,150.4654,0.0047,2.917,0.0,33.272,9044.85,1.7921,5.4558,86.4157,84.5951,15.4662,148.0509,양품
-5.3318,-0.0116,53.5059,0.0158,-5332.5,75.9444,3.8222,-2.08,15.71,304.3741,6.1345,0.1301,0.8798,301.9719,1.982,8.9818,0.0199,5.8803,0.7651,25.3318,0.7124,2637.75,15.79,,2.6335,5.3804,1007.2276,0.0,1.8156,0.9327,20.24,25.351,15.1337,18.2984,4.3582,3.9171,4.5316,-0.0649,271.202,0.0062,3.099,953.8462,33.4431,8940.26,3.5873,6.6142,86.7637,84.7951,40.2786,145.77,불량
-0.2627,-0.0115,39.0033,0.0162,-5564.0,68.1333,1.8082,-2.458,15.83,102.0698,5.2551,0.0601,1.352,132.5167,2.0143,8.8424,-0.0218,4.8257,0.8454,20.2627,0.5304,2365.75,15.9,,4.9902,5.7425,1012.3378,0.0,1.1426,0.9307,17.86,25.3071,10.1343,19.2285,4.4723,2.7083,4.5412,-0.0383,0.0,0.0038,2.891,0.0,24.7094,8775.8001,2.0936,5.6725,86.8271,86.15,38.3309,151.0164,양품
-4.8382,-0.0092,26.1937,0.016,-5296.0,72.4333,1.8875,-2.08,15.71,135.7854,5.7305,0.0571,0.8798,319.582,2.0035,8.9857,-0.0044,5.5263,0.7651,24.8382,0.7124,2627.5,15.79,6.9769,7.041,6.4094,1007.2276,0.0,1.0073,0.9322,17.97,15.0925,9.1158,6.3074,3.3069,5.0567,4.5283,-0.083,163.9045,0.0056,3.099,676.9231,30.1944,8600.73,2.4524,6.3489,86.7646,83.1829,28.1991,149.11,양품
-1.02,-0.0088,64.7727,0.0193,-5528.5,66.7889,1.9852,-2.458,15.6,322.9276,6.0894,0.0635,1.083,556.0746,1.993,8.8356,-0.0273,4.3738,0.7644,21.02,0.6738,2757.25,15.71,,2.2459,8.3368,992.7452,0.0,2.1692,0.9243,20.61,26.7147,11.7263,8.0767,4.4258,3.5486,4.7045,-0.065,418.6275,0.0041,3.165,400.0,24.7298,8729.2299,1.329,5.2587,86.3856,86.9779,15.4662,149.0727,양품
-0.5045,-0.0093,28.0702,0.0242,-5438.75,76.8778,0.8919,-2.789,15.78,171.7214,5.337,0.0308,1.026,219.9642,1.984,8.2776,0.0107,4.833,0.8336,20.5045,0.5064,2700.25,15.88,,3.382,5.476,1009.8944,0.0,0.9486,0.9334,24.56,26.2777,12.3754,9.1836,3.2035,2.8381,4.5315,0.0067,0.0,0.0025,2.926,195.0,27.6111,8905.99,4.009,4.6011,86.8475,85.038,15.4662,147.9882,양품
-0.1545,-0.0164,21.3577,0.0241,-5770.75,69.8,2.3991,0.0473,15.73,169.1082,6.9441,0.079,1.295,337.2698,2.025,8.8909,0.0108,5.7235,0.8343,20.1545,0.5104,2688.25,15.84,4.7976,3.0086,12.3463,1007.144,0.0,2.0935,0.9224,17.52,28.4535,16.9064,4.7191,2.4525,4.319,4.5327,-0.0669,0.0,0.0053,2.865,0.0,26.8979,8997.84,2.0863,6.377,86.5543,84.4668,15.1246,146.5627,양품
-1.6864,-0.0148,23.569,0.027,-5357.0,74.1889,1.7077,-3.072,15.69,178.6568,7.6239,0.0578,0.9649,160.742,2.0213,8.0787,0.0104,6.5739,0.8238,21.6864,0.5033,2480.75,15.75,,3.3698,10.3451,998.2901,0.0,0.7901,0.9213,12.18,22.4575,11.54,10.1881,2.4461,5.5709,4.5167,-0.0226,249.0566,0.0155,2.803,0.0,24.3925,9005.5601,1.3247,5.4399,87.1927,84.0363,41.9636,152.0391,양품
-0.8218,0.0062,69.3548,0.0227,-5374.0,72.4667,1.3214,-2.789,15.78,194.3989,5.5772,0.0422,1.026,316.6891,1.969,9.0942,0.001,5.7991,0.8336,20.8218,0.5064,2609.25,15.88,,5.6578,4.805,1009.8944,0.0,1.7037,0.9316,14.98,25.9464,7.2614,6.0903,3.4832,2.3996,4.5186,-0.0253,968.5841,0.0107,2.926,69.5652,22.0031,9302.2499,2.0435,5.1851,86.7663,83.6085,15.4662,151.2782,불량
1.6336,,,0.0171,-5402.75,72.2667,4.7231,-2.647,15.77,124.5482,4.987,0.1473,1.361,278.215,1.9492,8.942,-0.0156,4.7612,0.8414,18.3664,0.491,2646.25,15.79,,5.9502,7.374,1005.1546,0.0,0.9155,0.9315,19.79,19.3985,12.7646,6.067,3.134,3.5061,4.5077,-0.0892,312.7991,,2.832,,23.0665,9254.5498,1.3822,5.0737,86.8846,85.3871,32.7952,143.4627,양품
-1.4973,-0.0109,41.1429,0.0291,-5512.5,70.1333,1.5052,-2.647,15.77,342.7024,6.2342,0.0508,1.361,227.61,2.0257,9.3868,0.0115,5.7679,0.8414,21.4973,0.491,2539.75,15.79,10.6923,3.2795,9.3399,1005.1546,0.0,1.2367,0.9329,12.15,27.5028,8.4831,16.9253,4.7384,4.486,4.5217,-0.0769,351.3054,0.0037,2.832,0.0,23.5232,8716.6,1.6349,5.5708,87.4684,86.5682,22.517,150.6918,양품
4.0809,-0.0114,31.7181,0.0208,-6029.0,75.8667,1.1962,-1.986,15.73,206.664,6.0733,0.0404,1.418,425.531,1.9797,8.322,-0.0197,5.7763,0.8529,15.9191,0.4645,2709.0,15.79,,3.4271,7.2911,1003.8907,0.0,1.8156,0.9312,21.33,30.1043,13.4254,29.6597,4.1926,3.2357,4.5071,-0.0301,454.5556,0.0044,2.868,360.0,19.9076,8373.9599,5.3313,7.7634,86.7285,84.3569,15.4662,150.5109,양품
2.8464,-0.0088,55.6818,0.0303,-5625.75,69.1556,2.8477,-2.647,15.77,149.2344,9.2524,0.0928,1.361,310.1283,1.9845,8.9036,-0.0069,7.062,0.8414,17.1536,0.491,2544.75,15.79,,3.615,8.5868,1005.1546,0.0,2.3098,0.9224,9.6,13.8872,7.9772,4.726,2.5171,6.913,4.5156,-0.0879,383.9987,0.0072,2.832,833.3333,23.024,9304.01,3.4577,6.0417,86.4182,86.1541,15.4662,147.8364,양품
3.6536,-0.0136,36.8664,0.0299,-5647.75,67.8222,3.6249,-2.647,15.77,182.8706,7.7119,0.11,1.465,241.4903,1.9952,8.9191,-0.016,6.8696,0.8037,16.3464,0.4958,2602.5,15.89,6.5001,5.4554,10.5868,1009.8822,0.0,0.9423,0.9179,17.44,28.8448,17.1628,6.5582,2.5626,7.3859,4.5201,-0.0183,179.2735,0.0053,2.92,1000.0,24.5324,8546.12,1.9649,6.0667,86.3671,84.7907,34.9771,143.2455,양품
-1.4355,-0.0131,25.9542,0.0201,-5371.0,71.5,4.0787,0.0473,15.73,24.5289,7.3664,0.1398,1.295,92.7613,2.0002,9.3181,-0.0304,5.8819,0.8343,21.4355,0.5104,2452.5,15.84,0.0,4.0559,11.0311,1007.144,0.0,1.3288,0.9226,15.07,24.5448,18.8672,7.3596,2.1056,4.497,4.5365,-0.0862,468.1444,0.0046,2.865,0.0,29.2212,8934.2302,2.0161,6.8504,87.4062,86.899,15.4662,148.0973,양품
-0.7155,-0.0109,34.7032,0.0245,-5729.25,67.3778,2.5645,0.0473,15.73,165.1754,5.9531,0.0865,1.295,123.9634,1.9915,8.6799,-0.042,5.6072,0.8343,20.7155,0.5104,2646.75,15.84,6.3209,4.0073,14.3905,1007.144,0.0,1.6222,0.9322,14.09,10.4895,7.7333,7.3433,3.1866,2.1779,4.5283,-0.0505,0.0,0.0044,2.865,850.0,25.1172,9105.8999,2.642,4.8758,86.3671,85.9512,14.7546,146.4736,양품
0.3209,-0.0101,58.2716,0.0271,-5501.25,75.6556,4.5662,-2.789,15.78,142.8787,4.6893,0.1539,1.026,122.1676,2.0265,8.2832,0.022,4.4444,0.8336,19.6791,0.5064,2620.5,15.88,,3.5688,11.7502,1009.8944,0.0,2.2936,0.9334,12.04,9.4643,8.0241,5.9952,3.3627,3.7579,4.5315,-0.0474,0.0,0.0027,2.926,0.0,20.8865,9054.88,1.9052,5.8099,87.3204,85.5246,22.0105,152.2127,양품
-4.4109,-0.0101,34.6535,0.0199,-5341.25,68.0444,1.4722,-2.553,15.75,251.0861,6.3011,0.0457,1.111,267.6769,2.001,8.6544,-0.009,6.1295,0.8014,24.4109,0.5657,2606.25,15.88,,3.3801,7.1146,1016.53,0.0,1.3605,0.931,17.35,32.6596,9.4055,5.0668,2.9883,3.706,4.5121,0.0166,184.7692,0.0037,2.917,733.3333,29.809,8628.6799,2.4854,5.1823,86.33,86.4883,15.4662,148.4064,양품
-5.7473,-0.0074,90.8475,0.0242,-5294.0,72.8778,2.5281,-2.789,15.78,246.7203,5.9758,0.0804,1.026,336.123,1.9843,9.0942,0.0063,5.0995,0.8336,25.7473,0.5064,2642.25,15.88,,6.7236,4.2312,1009.8944,0.0,1.3605,0.9331,14.66,33.8242,16.4128,4.1667,3.2303,2.6227,4.5059,0.0055,100.2214,0.0057,2.926,194.3925,34.1825,9134.2399,1.4373,5.1867,86.7663,83.6085,15.4662,147.1791,양품
-0.0945,-0.0147,24.5315,0.0179,-5337.75,67.9,1.835,-2.458,15.68,113.3931,6.8762,0.0581,0.9413,465.3818,2.0027,8.8546,-0.0079,6.1237,0.8036,20.0945,0.5104,2603.0,15.71,,2.9455,8.9453,991.3567,0.0,0.5451,0.9178,18.64,25.9379,14.35,4.6045,2.846,4.0299,4.5135,-0.0372,0.0,0.0056,2.758,254.9451,27.6705,8549.4899,2.7652,5.5702,86.4099,83.6681,35.5538,148.8882,양품
2.0909,-0.0143,19.5976,0.0243,-5398.25,67.9444,4.1633,-1.986,15.73,210.417,7.487,0.1325,1.418,202.8224,1.989,8.8909,-0.0194,6.7238,0.8529,17.9091,0.4645,2705.0,15.79,3.9654,2.7964,9.9332,1003.8907,0.0,1.5362,0.9224,19.86,21.7559,15.3981,4.696,2.5708,4.8154,4.5327,-0.0169,419.4348,0.0056,2.868,0.0,24.4144,8919.5601,2.6951,6.6006,86.5543,84.4668,15.4662,147.4427,양품
-0.1464,-0.0118,30.4118,0.023,-5637.5,67.6333,0.7962,-2.033,15.7,160.7337,6.7264,0.0277,0.8325,681.9025,2.004,8.662,-0.0246,5.7136,0.8121,20.1464,0.5231,2526.0,15.76,3.4358,2.9571,10.6475,996.6092,0.0,0.7356,0.9226,15.39,24.3709,14.0018,5.6881,2.3219,4.58,4.5365,-0.0306,0.0,0.0044,2.873,518.5185,24.8064,9500.26,2.4704,5.6644,86.2277,85.9801,15.8794,150.0009,양품
1.1473,-0.017,15.2493,0.0191,-5442.0,76.0222,3.2964,-2.647,15.77,158.3232,5.2282,0.1093,1.361,657.4836,2.0038,8.2776,-0.0141,4.7378,0.8414,18.8527,0.491,2542.25,15.79,,2.7624,12.6469,1005.1546,0.0,1.096,0.9312,27.68,35.8117,17.0836,20.8608,4.1914,5.5049,4.5071,-0.0876,889.065,0.0043,2.832,664.1509,27.8836,9467.7102,2.443,4.684,86.8475,85.038,30.7342,149.8664,양품
-1.9382,-0.0116,37.0291,0.0252,-5314.5,71.1778,3.0968,-2.694,15.66,69.9262,7.5017,0.1019,0.9176,290.6195,2.0078,9.3181,-0.0063,6.1153,0.8376,21.9382,0.5413,2474.5,15.73,4.0263,5.0578,6.7308,998.2796,0.0,0.4667,0.9222,18.78,31.6682,23.6318,5.9163,2.2961,4.8264,4.5255,-0.0309,487.0544,0.0041,2.932,0.0,32.4807,8625.5299,2.7159,6.5998,87.4062,86.899,15.4662,141.5145,양품
3.5436,-0.0143,43.9407,0.0199,-5329.25,68.3778,2.9557,-2.033,15.7,54.027,6.6434,0.1056,0.8325,441.3958,1.9705,8.8519,-0.0175,6.0005,0.8121,16.4564,0.5231,2455.75,15.76,0.0,4.0949,12.2128,996.6092,0.0,2.1829,0.9157,14.85,36.1226,19.2872,12.7651,2.3526,4.3696,4.3183,-0.0288,275.1411,0.0045,2.873,600.0,22.3195,8512.3,3.2909,4.8768,86.9473,84.1896,17.7649,150.1273,양품
0.2073,-0.016,26.9171,0.0224,-5333.25,72.1222,2.9761,-2.694,15.66,191.1568,6.8876,0.0882,0.9176,287.9379,1.9803,8.8597,-0.0374,6.3663,0.8376,19.7927,0.5413,2768.75,15.73,0.0,5.1302,6.9208,998.2796,0.0,1.8156,0.9224,18.48,15.246,18.1973,4.5368,2.4304,3.9776,4.5327,-0.0163,0.0,0.0036,2.932,285.0575,27.4975,9505.1001,2.7744,6.3949,86.8544,84.415,32.1006,145.5636,양품
-0.1191,-0.0128,40.6647,0.0158,-5546.5,73.0667,1.8765,0.0473,15.73,185.322,4.969,0.0565,1.295,133.3679,2.0063,8.2832,0.0177,4.9816,0.8343,20.1191,0.5104,2667.75,15.84,,3.2847,13.4644,1007.144,0.0,1.1859,0.9316,16.37,21.2162,10.0348,6.0958,3.0129,2.8254,4.5186,-0.1173,0.0,0.0044,2.865,448.3516,24.5276,8673.0301,1.879,5.5582,87.3204,85.5246,65.494,147.5873,양품
-1.8827,-0.0141,27.758,0.03,-5169.25,69.2111,4.8648,-2.033,15.7,163.9601,6.0932,0.1561,0.8325,184.5217,1.9912,8.8909,0.0039,5.5473,0.8121,21.8827,0.5231,2714.25,15.76,4.0038,4.3346,10.5715,996.6092,0.0,1.8156,0.9312,25.69,40.8319,16.0227,23.2399,4.2093,3.4658,4.5071,-0.0223,648.5264,0.0057,2.873,960.0,29.0043,9046.93,3.5317,6.0726,86.5543,84.4668,20.7069,152.3445,양품
3.3882,-0.0093,54.9865,0.022,-5490.5,67.9667,1.7891,-2.789,15.78,140.3294,6.1193,0.0533,1.026,445.1326,1.989,9.7137,-0.0039,5.4696,0.8336,16.6118,0.5064,2574.5,15.88,5.6947,4.1197,7.0178,1009.8944,0.0,1.8307,0.9329,21.03,29.0703,12.1663,17.8593,4.324,3.9686,4.5217,0.0106,245.8546,0.0048,2.926,0.0,20.636,9451.1699,2.5058,5.7875,86.9537,85.9501,15.4662,145.8964,양품
4.5382,-0.0147,20.4255,0.016,-5629.25,74.8556,1.4856,-2.694,15.66,308.8997,7.8772,0.0518,0.9176,146.0853,2.008,8.135,-0.014,6.1672,0.8376,15.4618,0.5413,2664.5,15.73,5.0862,3.3398,10.9725,998.2796,0.0,2.0137,0.9213,9.78,23.7007,6.6955,5.5111,2.5218,4.351,4.5167,-0.0788,132.2115,0.0041,2.932,0.0,17.2615,8135.64,2.2174,6.0241,87.2014,84.6471,15.4662,151.4582,양품
0.4982,-0.0076,78.5597,0.018,-5302.0,75.2,0.4976,-1.655,15.62,150.9092,8.3294,0.0173,1.054,432.5483,1.9623,8.1161,-0.0278,6.9996,0.812,19.5018,0.5271,2736.75,15.69,4.9964,3.0585,9.8505,992.0427,0.0,1.4373,0.9192,16.78,18.3889,11.8434,6.696,2.827,7.2128,4.5457,-0.0238,0.0,0.0059,2.865,433.3333,23.6096,8832.7099,3.9639,7.1851,87.1218,85.2826,11.8801,147.0991,양품
4.0736,-0.013,33.7812,0.0237,-5435.75,66.2111,3.4973,0.0,15.58,326.0955,5.7489,0.1193,0.8798,326.8602,1.9825,8.8105,-0.0276,5.9202,0.8068,15.9264,0.5138,2486.75,15.66,,2.8696,6.2737,991.1096,0.0,1.4332,0.9329,13.58,59.1853,8.7378,28.6002,4.3534,5.5816,4.5217,-0.0465,421.9817,0.0044,2.825,0.0,17.8882,8521.0102,4.4284,6.8415,86.7128,86.9432,21.5891,149.4191,양품
1.4427,-0.0148,28.3784,0.022,-5492.5,73.9222,2.9289,-2.222,15.52,139.3246,9.1287,0.0875,1.012,325.0523,1.9918,13.5481,0.0075,7.7487,0.81,18.5573,0.5096,2759.0,15.67,0.0,3.3819,10.559,1004.8823,0.0,1.5334,0.9109,11.36,23.6923,16.2027,7.5864,2.8986,4.9264,4.3104,-0.0226,465.7845,0.0033,2.888,0.0,25.1718,9083.2699,2.0544,6.2758,86.8485,85.3687,15.4662,153.4582,양품
1.0,-0.0145,31.0345,0.0225,-5097.0,70.5444,0.8134,-2.222,15.52,197.4916,5.043,0.0265,1.012,176.7673,1.9865,8.6968,-0.001,4.5217,0.81,19.0,0.5096,2337.75,15.67,3.5969,4.6779,6.6969,1004.8823,0.0,1.373,0.9256,18.9,17.2867,13.9936,6.468,2.9369,3.1456,4.4538,-0.029,944.0,0.0042,2.888,578.7234,27.9356,8553.2899,2.8161,4.0259,86.4285,83.9887,15.4662,146.2345,양품
-0.95,-0.0127,40.118,0.0281,-5207.75,69.0111,3.1187,-2.222,15.52,179.6837,7.8025,0.1056,1.012,132.7589,1.9938,8.662,0.0072,6.9795,0.81,20.95,0.5096,2535.75,15.67,184.3488,3.1879,11.8815,1004.8823,0.0999,2.8414,0.9226,15.65,19.8503,21.2546,6.5505,2.303,4.3441,4.5365,-0.0019,0.0,0.0093,2.888,0.0,31.2129,9273.63,2.6885,5.5436,86.2277,85.9801,22.9262,144.5627,양품
-2.2364,-0.0132,34.0587,0.0218,-5060.0,75.0444,5.2635,-2.458,15.68,125.7193,5.8985,0.168,0.9413,278.6719,1.9823,8.9857,0.0024,5.4038,0.8036,22.2364,0.5104,2521.0,15.71,,7.4622,9.9463,991.3567,0.0,1.8633,0.9322,19.18,23.2042,7.456,8.311,3.4375,4.0483,4.5283,-0.0465,439.1057,0.0038,2.758,0.0,27.4813,8707.2501,2.8064,5.6802,86.7646,83.1829,24.4304,148.21,양품
1.2236,-0.0152,30.2881,0.0208,-5465.0,68.0111,1.4032,-2.222,15.52,167.5281,7.2114,0.057,1.012,390.7412,1.9805,8.662,-0.0094,6.5483,0.81,18.7764,0.5096,2664.5,15.67,,3.9699,10.4523,1004.8823,0.0,1.2949,0.9226,18.22,21.1766,18.1982,6.8935,2.5789,3.177,4.5365,-0.0281,710.9955,0.0036,2.888,950.0,24.9946,8878.4,2.708,6.1807,86.2277,85.9801,15.4662,146.0491,양품
1.3555,-0.0107,20.4651,0.0209,-5418.25,68.1778,3.1757,-2.128,15.64,106.9279,7.8701,0.1063,1.021,407.509,2.0107,8.7782,-0.0244,6.729,0.7931,18.6445,0.52,2611.25,15.69,4.4904,2.9335,5.5837,993.4794,0.0,1.8156,0.9222,11.29,36.7423,14.0645,8.0252,2.3906,4.8659,4.5255,-0.0473,315.0235,0.0049,2.792,400.0,22.23,9472.4,1.4899,5.6147,86.4258,86.901,15.4662,154.75,양품
0.59,-0.0129,23.3236,0.0232,-5343.75,74.4444,2.7356,-2.033,15.7,200.5947,7.8792,0.0854,0.8325,175.0912,1.9652,8.4537,-0.0241,6.2709,0.8121,19.41,0.5231,2556.75,15.76,3.8922,4.1642,12.0703,996.6092,0.0,1.8676,0.9197,18.6,41.8986,18.0991,6.8805,2.4723,2.3731,4.5303,-0.0533,0.0,0.0038,2.873,0.0,25.6798,9118.24,2.9139,5.6917,86.8072,86.8634,20.5703,146.2245,양품
4.5355,-0.012,70.8333,0.0145,-5593.5,74.9,1.4968,-2.742,15.71,56.0506,7.6471,0.0496,1.305,276.0755,1.9775,8.0787,-0.0373,6.2771,0.828,15.4645,0.5538,2536.5,15.81,,4.1389,9.9116,1008.6144,0.0,0.9546,0.9341,13.83,13.8863,8.3718,4.618,3.1763,4.1739,4.6504,-0.0423,127.6609,0.0039,2.848,477.9221,18.6383,8978.15,1.7581,5.2787,87.1927,84.0363,15.4662,147.5827,양품
-2.3364,-0.0141,41.6961,0.0284,-4994.25,73.1556,4.6579,-2.694,15.66,121.5768,6.5217,0.1434,0.9176,377.0344,2.0155,8.8355,-0.0218,5.5046,0.8376,22.3364,0.5413,2509.75,15.73,4.5251,2.5972,7.2375,998.2796,0.0,1.8156,0.9289,15.61,52.9556,13.7979,17.6956,4.4655,3.2527,4.4902,-0.0135,366.3819,0.0046,2.932,977.7778,25.7524,8849.4401,2.1915,5.4079,86.9761,86.4585,26.182,145.4182,양품
-10.4455,-0.0097,36.2225,0.0187,-5489.0,67.1222,1.2287,-1.088,15.43,152.7853,6.4408,0.0395,0.9507,237.5514,2.0122,8.6556,-0.037,4.8741,0.8201,30.4455,0.4746,2667.0,15.58,3.0524,2.8307,5.5547,988.5307,0.0,1.8156,0.9207,14.45,32.2089,22.38,4.8529,2.3188,5.4725,4.5381,-0.0341,90.8529,0.0049,2.848,383.0986,40.4031,9146.7901,3.165,4.498,86.3125,85.5439,15.4662,146.9173,양품
-2.9491,-0.0144,37.4026,0.0179,-5774.0,66.6333,1.9987,-2.742,15.71,316.8417,5.2397,0.0625,1.305,537.4688,1.9998,8.7402,-0.032,4.5144,0.828,22.9491,0.5538,2632.0,15.81,,3.0015,11.1564,1008.6144,0.0,1.3605,0.9337,21.39,37.6168,17.6954,15.917,4.0523,3.5892,4.6824,-0.0134,221.0847,0.0068,2.848,0.0,29.8753,8796.38,1.7662,4.8917,86.3766,85.7546,36.8322,147.1073,불량
0.4782,-0.0114,45.6641,0.0437,-5415.0,75.5556,3.5816,-2.222,15.52,330.6704,5.6335,0.1176,1.012,459.5309,1.986,8.3591,0.0064,5.33,0.81,19.5218,0.5096,2704.75,15.67,3.6155,3.5735,11.3561,1004.8823,0.0,1.5572,0.9256,22.84,26.5576,14.22,7.2549,3.698,5.2546,4.6622,-0.0147,0.0,0.004,2.888,0.0,25.2876,8507.8401,2.1828,5.945,86.9351,84.3084,15.4662,145.7764,양품
1.4055,-0.0123,41.5902,0.0168,-5597.0,72.6111,2.6729,-2.694,15.66,183.6128,5.6146,0.0886,0.9176,84.1467,2.0088,8.7597,-0.0198,5.7144,0.8376,18.5945,0.5413,2631.5,15.73,3.5072,3.9939,8.5275,998.2796,0.0,1.3479,0.9289,16.71,20.6732,13.2709,31.3633,4.4275,7.1475,4.4994,-0.0678,0.0,0.0033,2.932,345.9459,21.2995,8448.1001,5.1166,6.4071,87.0029,86.7559,12.3505,146.9045,양품
-7.0082,-0.0141,48.1416,0.0296,-5303.0,71.0667,2.5096,-1.939,15.69,134.4851,5.93,0.0809,0.9649,176.3047,2.034,8.5298,-0.0071,5.619,0.8568,27.0082,0.4466,2463.25,15.79,,3.6585,9.6825,996.0538,0.0,0.8656,0.9298,17.02,32.7019,17.2482,26.1479,4.0744,7.8141,4.7267,-0.0446,198.4825,0.0059,2.768,290.1099,34.3077,8954.61,3.8035,5.2222,86.976,85.3182,15.4662,152.8,양품
1.9336,-0.0128,46.1388,0.0217,-5447.25,74.4667,3.2103,-2.742,15.71,333.1076,7.201,0.1264,1.305,175.3347,1.9987,8.2776,-0.0181,6.513,0.828,18.0664,0.5538,2780.0,15.81,3.1799,4.7001,5.0037,1008.6144,0.0,1.8282,0.9228,18.96,24.3419,11.7563,5.7525,2.9547,3.6107,4.5422,-0.033,427.1744,0.0027,2.848,662.8571,22.2958,8643.1998,2.6963,5.8488,86.8475,85.038,49.7495,146.51,불량
6.3491,-0.0084,48.8095,0.0206,-5606.25,68.0889,1.8296,0.0473,15.81,194.1655,5.7386,0.0611,1.201,390.1516,1.992,8.8424,-0.0017,5.1196,0.8285,13.6509,0.4984,2513.75,15.94,,4.5529,5.5609,1011.3133,0.0,1.8156,0.9307,11.21,19.8547,7.0232,22.6221,4.3658,3.6306,4.5412,-0.0642,161.2829,0.0088,2.931,779.4872,16.3432,9087.98,2.69,6.5441,86.8271,86.15,48.2162,152.3164,양품
6.2755,-0.013,37.0299,0.0208,-5631.25,71.4111,3.2768,-2.033,15.7,217.9702,5.0043,0.1177,0.8325,61.8028,2.0212,8.5735,-0.0235,5.3369,0.8121,13.7245,0.5231,2664.5,15.76,4.5615,3.6409,6.3515,996.6092,0.0,1.8156,0.9307,14.24,11.8854,6.3147,25.0977,4.8208,3.2291,4.5412,-0.0456,243.9664,0.0047,2.873,0.0,17.8138,8625.8699,3.962,7.0377,87.1288,86.3898,15.4662,148.34,양품
5.6364,-0.0131,35.1145,0.0304,-5632.0,72.7222,2.0704,0.0,15.58,163.9776,6.0739,0.0755,0.8798,439.5369,2.0085,8.9562,-0.0328,5.6123,0.8068,14.3636,0.5138,2547.0,15.66,8.5961,6.3254,6.7656,991.1096,0.0,1.195,0.927,13.52,45.2969,7.2835,7.2097,3.3791,2.7661,4.6594,-0.0384,122.7742,0.003,2.825,0.0,18.0983,9305.4001,2.4228,5.5703,86.8401,85.188,15.4662,151.4773,양품
-3.7791,-0.0097,62.6444,0.0176,-5468.0,72.2889,2.36,-2.6,15.78,69.3446,6.0095,0.0844,1.087,140.1404,1.9648,8.8078,-0.0129,5.6041,0.7696,23.7791,0.4681,2664.0,15.89,0.0,5.2567,8.695,1006.6856,0.0,0.6914,0.9325,19.83,40.3621,15.569,11.8001,4.3645,3.574,4.7143,-0.0869,197.1374,0.0061,2.93,0.0,31.1057,9116.06,2.7775,4.3642,86.9208,84.5333,42.7128,148.0145,양품
-1.9482,-0.0111,62.4434,0.0165,-5400.5,75.8889,2.9335,-2.742,15.71,265.8477,7.2899,0.0928,1.305,415.5266,1.9925,8.3159,-0.0303,6.223,0.828,21.9482,0.5538,2770.5,15.81,,2.5037,8.349,1008.6144,0.0,1.1428,0.9213,17.6,15.173,11.0216,6.3996,2.9054,5.7,4.5458,-0.0346,737.6108,0.003,2.848,608.6957,28.4165,10090.3301,4.1353,6.246,86.834,84.2981,15.4662,149.2982,양품
1.3282,-0.0048,70.4663,0.0277,-5651.25,75.6556,4.0278,-1.088,15.43,275.8037,7.782,0.1256,0.9507,166.3317,1.9825,8.0787,-0.0294,6.3468,0.8201,18.6718,0.4746,2714.5,15.58,14.7595,2.9079,7.0566,988.5307,0.0,2.1301,0.9228,15.09,28.261,12.7173,5.995,2.8259,2.8024,4.5422,-0.0655,497.6728,0.0076,2.848,107.6923,22.9188,8542.7199,2.0849,5.3834,87.1927,84.0363,15.4662,146.6591,양품
0.1536,-0.0125,32.1285,0.0259,-5528.5,72.7778,1.7614,-2.6,15.78,219.342,5.8572,0.0615,1.087,191.0855,1.9728,9.4336,-0.0093,5.3533,0.7696,19.8464,0.4681,2729.75,15.89,,4.3969,9.0718,1006.6856,0.0,1.5733,0.9317,15.74,24.9241,13.1809,19.1028,4.1984,7.5974,4.7544,-0.0391,0.0,0.0033,2.93,819.0476,26.26,8848.93,2.4964,5.4659,87.4694,84.6998,31.4739,153.3418,양품
-1.3127,-0.0112,30.3233,0.0273,-5863.0,68.3556,0.9151,-2.128,15.64,74.6927,7.6472,0.0307,1.021,280.0702,2.0032,8.897,-0.0236,6.6499,0.7931,21.3127,0.52,2509.5,15.69,4.1469,5.8518,7.4262,993.4794,0.0,1.8156,0.9197,16.33,20.2196,19.2809,4.5211,2.7253,4.3131,4.5303,-0.0285,770.1524,0.0098,2.792,0.0,29.3734,8488.9701,2.7777,6.1064,87.0027,84.3947,27.7152,145.6036,양품
-1.86,-0.0099,52.7919,0.0179,-5631.75,77.3444,1.3996,-2.08,15.71,182.4911,8.0229,0.0438,1.361,435.0666,2.0172,8.322,-0.021,6.7825,0.8405,21.86,0.4583,2667.5,15.83,,2.9737,3.0143,1007.63,0.0,2.3014,0.92,16.45,30.8663,17.9545,7.5323,2.5453,4.7955,4.5234,-0.0606,268.2796,0.0041,3.087,620.6897,27.0072,8505.1801,1.4934,6.313,86.7285,84.3569,15.4662,147.4309,양품
3.4318,-0.0134,47.0588,0.0162,-5773.0,75.2556,1.3186,-2.789,15.78,213.311,6.3314,0.0398,1.026,471.1737,2.0103,8.0787,-0.0139,5.8085,0.8336,16.5682,0.5064,2747.75,15.88,6.7908,3.7207,11.7415,1009.8944,0.0,1.2535,0.9213,15.92,16.4282,7.1972,6.2057,2.7523,5.2435,4.5458,-0.0265,416.9801,0.003,2.926,717.9487,21.7987,8563.3399,3.8682,6.3623,87.1927,84.0363,64.7031,150.4727,양품
3.1764,-0.0084,43.9169,0.0183,-5520.25,75.3667,3.6238,0.0473,15.73,45.218,7.3032,0.1152,1.295,241.6159,2.004,8.1166,-0.0406,6.255,0.8343,16.8236,0.5104,2753.0,15.84,3.8743,1.9903,7.3282,1007.144,0.0,2.2769,0.9224,17.56,23.3287,14.5645,4.504,2.6471,4.0713,4.5327,-0.0748,276.7315,0.003,2.865,0.0,22.8619,8267.14,2.7685,6.0194,87.1953,84.9121,17.4256,149.3373,양품
-2.3591,-0.0123,33.2657,0.0191,-5511.0,68.2,3.2351,-2.694,15.66,81.3854,6.1464,0.1089,0.9176,263.9432,1.9808,8.8424,-0.0184,5.2075,0.8376,22.3591,0.5413,2563.25,15.73,3.768,4.6921,10.4395,998.2796,0.0,2.2516,0.9222,14.7,22.2905,21.1146,4.8793,2.3816,5.7786,4.5255,-0.0476,401.8497,0.0044,2.932,780.0,30.6953,8603.92,2.6805,6.7323,86.8271,86.15,15.4662,150.9009,양품
2.3418,-0.0055,40.0,0.0201,-5437.25,76.3222,3.5217,-2.742,15.71,237.5968,6.91,0.109,1.305,206.2917,2.0213,8.1166,-0.0385,6.732,0.828,17.6582,0.5538,2745.25,15.81,,2.4894,10.6023,1008.6144,0.0,1.8156,0.92,15.76,42.8257,15.4609,5.7212,2.4087,5.5691,4.5234,-0.0182,424.8835,0.0059,2.848,0.0,23.6518,9131.2701,2.8444,5.9961,87.1953,84.9121,15.8396,147.0627,양품
-6.0255,-0.0105,63.1579,0.0225,-5318.5,74.0111,1.9857,0.0473,15.73,139.0276,5.4995,0.0595,1.295,251.8948,1.9605,8.9857,-0.0369,5.5875,0.8343,26.0255,0.5104,2584.0,15.84,4.7303,7.5664,6.8826,1007.144,0.0,1.0754,0.9334,13.66,13.9568,16.3836,7.8346,3.4636,3.6401,4.5315,-0.0683,54.9336,0.0062,2.865,0.0,34.1662,8597.8801,1.1018,5.6763,86.7646,83.1829,15.4662,148.3491,양품
0.1973,-0.0089,68.3473,0.0177,-5145.25,68.7667,3.9578,-2.789,15.78,17.224,5.336,0.1191,1.026,287.4652,2.003,8.8356,-0.0044,4.6231,0.8336,19.8027,0.5064,2520.0,15.88,,2.4721,6.5293,1009.8944,0.0,1.1466,0.9307,16.54,23.6062,10.2612,20.4299,4.3925,5.9703,4.5412,-0.047,0.0,0.0043,2.926,0.0,24.0019,8550.8,2.625,5.2621,86.3856,86.9779,15.4662,152.7555,양품
2.0673,-0.0134,32.0,0.0156,-5605.0,73.5,2.369,-3.072,15.69,84.1204,5.3866,0.0785,0.9649,92.6715,1.9715,9.0639,0.0179,4.8075,0.8238,17.9327,0.5033,2671.25,15.75,,5.3061,8.5395,998.2901,0.0,1.2942,0.9337,19.65,36.6246,12.2964,14.9179,3.8704,6.3906,4.6824,-0.0415,428.584,0.0035,2.803,0.0,24.3585,9318.65,2.3367,5.3198,86.95,83.9932,15.4662,150.2209,양품
,-0.0052,104.8544,0.0213,-5561.75,72.6,2.0014,-2.553,15.75,192.3235,8.1861,0.0754,1.111,373.1848,1.9998,8.0787,-0.0104,6.5121,0.8014,,0.5657,2762.5,15.88,,2.8926,7.6627,1016.53,0.0,1.932,0.9228,,30.4398,,,2.575,,4.5422,-0.029,,0.0061,2.917,756.7568,,9054.8499,,,87.1927,84.0363,15.4662,,양품
0.2355,-0.0134,65.733,0.0157,-5050.25,66.2111,4.036,-2.789,15.78,82.3934,6.932,0.1272,1.026,158.1463,1.996,8.7782,0.003,6.0395,0.8336,19.7645,0.5064,2567.0,15.88,,2.8696,10.1078,1009.8944,0.0,1.9205,0.9213,29.15,29.9956,18.7318,6.3678,2.7004,5.5748,4.5344,-0.025,0.0,0.0032,2.926,258.5859,30.6311,8700.5099,3.9101,7.6072,86.4258,86.901,15.4662,141.17,양품
-3.01,-0.0095,47.2441,0.0243,-5190.0,75.2667,2.561,-2.317,15.69,325.1701,5.1052,0.0748,1.617,653.9083,1.9773,9.0639,-0.0166,5.1604,0.825,23.01,0.6282,2577.75,15.86,,5.5802,6.1632,1007.6922,0.0,1.8557,0.9334,17.98,20.6644,11.6391,6.2083,3.304,2.7758,4.5315,-0.0171,133.887,0.0065,3.054,0.0,27.0311,9226.7602,1.3598,5.1476,86.95,83.9932,15.4662,149.8673,양품
1.28,-0.0135,39.1505,0.0188,-5191.5,68.0667,2.2021,-2.694,15.66,95.7183,7.9906,0.0752,0.9176,162.9734,2.0042,8.7782,-0.0129,6.3537,0.8376,18.72,0.5413,2460.0,15.73,6.5641,4.2605,6.3935,998.2796,0.0,1.8156,0.9213,18.99,37.3504,16.23,5.7565,2.4612,8.226,4.5344,-0.0531,902.3438,0.0072,2.932,0.0,24.0616,8924.7099,3.4239,7.0138,86.4258,86.901,21.0369,146.3645,양품
2.2009,-0.01,31.8804,0.0191,-5422.25,69.1556,0.9369,-2.128,15.64,233.54,5.8383,0.0322,1.021,108.917,1.9712,8.8356,-0.0275,5.5531,0.7931,17.7991,0.52,2755.75,15.69,,1.1568,6.9207,993.4794,0.0,0.8828,0.9324,19.74,25.7881,13.5236,21.1721,4.5942,3.977,4.5386,-0.0352,288.9712,0.0043,2.792,711.1111,22.4948,8478.5301,2.0723,5.3609,86.3856,86.9779,21.0188,152.6282,양품
-3.0055,-0.0095,52.8402,0.0217,-5459.75,70.8667,2.0277,-1.939,15.69,201.9191,6.2505,0.0685,0.9649,401.7681,2.0095,8.7597,-0.0293,5.8475,0.8568,23.0055,0.4466,2712.0,15.79,,3.81,8.2379,996.0538,0.0,1.3605,0.9316,16.27,12.7111,10.5443,15.5715,4.1665,4.3632,4.7136,-0.0349,247.8822,0.0078,2.768,586.6667,28.1353,8805.1702,2.168,5.0483,87.0029,86.7559,,148.0582,불량
-1.0982,-0.0097,44.4444,0.0249,-5705.5,73.2,3.3701,-0.2365,15.96,288.3343,5.1073,0.1106,1.087,514.6782,1.9912,8.2914,-0.0229,3.9882,0.733,21.0982,0.6598,2666.0,15.96,,3.2787,9.7019,1006.7274,0.0,0.6297,0.9278,14.89,16.6099,10.2756,6.6852,3.1567,3.6475,4.4676,-0.0146,662.0033,0.0057,2.531,0.0,26.3762,8598.67,2.1018,5.1831,86.5211,83.4425,15.4662,143.9355,양품
-2.0309,-0.0063,77.4704,0.0149,-5912.0,75.3222,6.2388,-0.2365,15.96,131.5,5.8705,0.1858,1.087,535.4767,1.9745,8.322,-0.0307,5.0267,0.733,22.0309,0.6598,2685.75,15.96,,2.788,11.3688,1006.7274,0.0,1.6473,0.9281,19.0,27.7642,15.7082,7.9037,3.0596,3.7989,4.5226,-0.0123,180.2149,0.0042,2.531,0.0,29.4042,8877.1101,1.3325,4.7362,86.7285,84.3569,35.6045,142.1445,양품
-6.6464,-0.009,42.2222,0.0168,-5441.25,70.9778,1.6454,-0.2365,15.96,120.9035,6.035,0.0633,1.087,149.5958,1.9712,8.8215,-0.0237,5.6322,0.733,26.6464,0.6598,2450.5,15.96,,3.0996,10.9096,1006.7274,0.0,1.5493,0.9316,21.88,27.3488,15.2391,21.8646,4.3755,4.6056,4.5217,-0.0176,236.6708,0.0045,2.531,941.1765,34.2167,8706.1498,4.4625,4.9019,86.4386,85.9331,36.5449,151.1209,양품
-0.5455,-0.0088,50.2857,0.0248,-5711.75,69.7778,1.5973,-0.2365,15.96,37.1528,5.3896,0.0524,1.087,505.8876,2.0228,8.8581,-0.016,5.0292,0.733,20.5455,0.6598,2497.5,15.96,,4.0127,9.3998,1006.7274,0.0,1.1829,0.9356,18.39,26.9745,20.41,5.9129,3.4291,5.4201,4.7218,-0.0185,0.0,0.0057,2.531,376.8595,31.2819,8487.45,2.1277,4.9656,86.9034,84.052,12.957,144.2791,양품
-7.1518,-0.0085,52.7859,0.0168,-5545.25,67.1667,3.9714,-0.2365,15.96,97.7561,5.3458,0.1309,1.087,326.9387,2.022,8.7556,-0.0347,4.9598,0.733,27.1518,0.6598,2641.75,15.96,,3.2754,9.6727,1006.7274,0.0,1.4297,0.9291,22.75,23.3956,14.98,9.0638,4.3122,3.2322,4.6328,-0.0098,55.2307,0.0055,2.531,0.0,32.1743,8631.2901,1.3512,4.9081,86.5808,85.549,15.4662,150.3618,양품
-6.3845,-0.0052,66.6667,0.027,-5316.25,69.6333,3.5378,0.0,16.02,175.2142,4.6711,0.1076,1.031,212.7367,1.9758,8.662,-0.0091,4.4146,0.7672,26.3845,0.6272,2551.0,16.08,8.6862,2.4414,10.8924,1011.4203,0.0,1.8016,0.9316,18.97,25.3694,17.8509,19.1608,4.2618,5.1659,4.5217,-0.0143,187.1705,0.0057,2.577,310.5882,35.0053,9066.5899,3.2183,6.2948,86.2277,85.9801,15.4662,147.3127,양품
-0.1545,-0.0056,62.5,0.0183,-5560.25,74.0667,3.2168,-0.2365,15.96,299.4066,6.3852,0.1023,1.087,426.9445,1.9962,9.4749,-0.049,6.4217,0.733,20.1545,0.6598,2619.5,15.96,3.9018,3.7804,9.6812,1006.7274,0.0,2.3344,0.9318,15.49,24.0691,7.5108,14.2693,4.2147,4.4263,4.5499,-0.031,0.0,0.0048,2.531,800.0,26.2155,9191.3301,2.8429,4.4788,87.4597,86.4072,15.4662,146.85,양품
-1.4327,-0.0126,41.3519,0.0125,-5357.25,67.2667,3.0928,-3.072,15.69,75.1282,5.7741,0.1045,0.9649,397.7448,1.9857,8.7646,-0.0222,5.8988,0.8238,21.4327,0.5033,2528.25,15.75,14.0359,3.7166,6.1446,998.2901,0.0,1.8156,0.9334,18.35,23.1545,11.3285,6.0473,3.1735,3.8467,4.5315,-0.0449,637.2462,0.0051,2.803,836.9231,29.6922,9098.07,2.6142,5.5695,86.3742,86.2967,38.1926,150.5173,양품
-5.65,-0.0102,58.8957,0.0283,-5100.0,73.0556,1.8865,0.0,16.02,65.1588,4.8158,0.0588,1.031,148.4408,1.9768,8.8097,-0.0437,4.5566,0.7672,25.65,0.6272,2514.5,16.08,4.3313,5.3384,8.9973,1011.4203,0.0,1.0799,0.9331,16.0,12.961,12.3746,8.8622,3.072,3.7154,4.4932,-0.0814,68.3186,0.0048,2.577,0.0,31.1416,9019.6201,1.1647,5.6752,86.7776,85.04,23.4613,147.7645,양품
0.6573,-0.0091,42.9161,0.0242,-5498.75,73.8111,2.7093,0.2838,16.07,139.3111,7.7816,0.1005,1.286,312.8976,2.0092,8.5298,-0.0271,6.9854,0.7772,19.3427,0.6539,2764.75,16.09,4.5618,4.1999,9.4033,1012.9091,0.0,2.1745,0.9224,13.1,41.1981,18.92,7.562,2.461,7.1117,4.5319,-0.0319,0.0,0.0038,2.589,0.0,26.5918,8660.7402,2.0054,6.6713,86.976,85.3182,27.707,150.7373,양품
-1.9727,-0.012,53.3333,0.0175,-5597.75,74.0667,5.4041,0.2838,16.07,53.612,5.9509,0.1813,1.286,248.8981,1.9697,8.3808,-0.0397,5.9127,0.7772,21.9727,0.6539,2460.25,16.09,,3.5104,9.689,1012.9091,0.0,1.8156,0.9325,20.05,27.0695,12.0643,16.9503,4.311,2.7865,4.5209,-0.0241,524.6544,0.0082,2.589,0.0,29.0827,8533.8,2.7874,5.7519,86.625,83.7266,15.4662,146.7809,양품
5.0691,-0.0111,43.9462,0.0193,-5138.5,67.4444,1.5786,0.2838,16.07,105.4277,6.2114,0.0504,1.286,624.302,1.9995,8.7782,-0.0311,5.7309,0.7772,14.9309,0.6539,2474.5,16.09,,3.2619,10.8455,1012.9091,0.0,1.8156,0.9307,14.72,28.2506,6.5395,21.8315,4.4882,2.7352,4.5412,-0.0241,208.3214,0.0043,2.589,0.0,18.6295,8905.4999,2.6396,6.6506,86.4258,86.901,21.0873,150.9927,양품
-0.5127,-0.0095,35.7424,0.0179,-5552.0,67.7889,4.7998,0.9934,15.77,303.8589,5.049,0.1446,0.7474,445.3905,1.9828,8.7037,-0.0185,4.5152,0.8435,20.5127,0.5029,2707.75,15.85,,2.8028,9.9009,1001.4982,0.0,1.085,0.9258,18.92,22.2875,13.4172,6.1367,3.0003,4.7687,4.4997,-0.052,0.0,0.0048,2.964,892.3077,27.8596,8683.9599,2.9398,4.8363,86.4476,85.4344,15.4662,148.6782,양품
4.1591,-0.01,55.0,0.017,-5523.25,67.3889,2.6719,0.9934,15.77,368.386,6.1122,0.0946,0.7474,99.4698,1.9923,8.7402,-0.0248,5.732,0.8435,15.8409,0.5029,2633.75,15.85,5.7045,3.413,12.7077,1001.4982,0.0,1.1198,0.9329,23.46,37.3314,14.1155,31.8095,4.0801,2.9657,4.5217,-0.0749,484.0,0.0038,2.964,947.3684,20.1913,8842.4501,5.5177,6.8293,86.3766,85.7546,15.4662,152.0736,양품
3.1373,-0.0085,43.6578,0.0266,-5609.5,73.5222,4.2808,0.9934,15.77,310.2155,4.8794,0.1281,0.7474,341.8991,1.9567,8.3808,-0.0342,4.5931,0.8435,16.8627,0.5029,2566.5,15.85,,4.6245,11.0475,1001.4982,0.0,1.8156,0.9273,20.34,28.8599,12.9164,7.707,3.8216,5.3052,4.6842,-0.046,204.6363,0.0056,2.964,0.0,23.4301,9173.2201,1.7764,5.5923,86.625,83.7266,15.4662,147.78,양품
3.8682,-0.0075,210.596,0.0227,-5261.25,71.4889,2.5252,0.2838,16.07,167.8889,4.9534,0.078,1.286,336.0162,1.9968,8.8356,-0.0271,4.2659,0.7772,16.1318,0.6539,2605.0,16.09,5.2624,3.9167,8.6579,1012.9091,0.0,1.8156,0.9273,23.86,33.2996,14.3118,9.0874,3.8006,2.3751,4.6842,-0.0498,244.0423,0.0046,2.589,800.0,21.8389,8722.9301,2.7887,4.6081,86.3856,86.9779,13.9987,146.0955,불량
-5.4145,-0.0087,72.3099,0.0242,-5370.5,70.0444,2.331,-0.1419,15.98,123.4001,6.715,0.072,1.135,186.4287,1.9868,8.8215,-0.0076,5.36,0.7284,25.4145,0.6894,2451.75,16.0,,2.9981,4.4051,1007.066,0.0,0.7138,0.9211,24.21,19.9872,14.8328,5.5295,2.4831,8.1944,4.5423,-0.0288,238.2471,0.0045,2.545,0.0,33.6765,9801.6499,4.0793,7.5834,86.4386,85.9331,15.4662,144.4882,양품
-0.6818,-0.0093,47.3755,0.0154,-5215.5,68.0778,1.4187,-0.1419,15.98,169.8615,6.2991,0.0496,1.135,321.6473,1.9882,8.7646,-0.0297,5.0896,0.7284,20.6818,0.6894,2540.75,16.0,,4.1129,6.4183,1007.066,0.0,1.9757,0.9215,14.36,36.9903,9.6229,3.7276,2.1806,4.6431,4.5348,-0.0211,0.0,0.0022,2.545,0.0,27.4383,8462.8999,3.4125,7.1922,86.6219,84.0399,24.7177,146.2373,양품
4.6891,-0.0088,52.4964,0.0179,-5743.25,72.4667,3.111,-0.1419,15.98,153.2971,8.0684,0.0971,1.135,334.0922,2.0115,8.8355,-0.0392,7.9867,0.7284,15.3109,0.6894,2573.0,16.0,,4.2778,7.9279,1007.066,0.0,1.305,0.9329,10.82,53.9906,5.5133,28.14,7.901,6.0446,4.5217,-0.0226,528.0341,0.0031,2.545,697.8723,14.606,8921.1,6.9737,6.3016,86.9761,86.4585,19.2404,155.6755,양품
0.7736,-0.0138,23.8914,0.0213,-5398.0,75.9667,4.7775,0.9934,15.77,162.4336,8.6759,0.1558,0.7474,231.23,1.993,8.322,-0.0028,6.9501,0.8435,19.2264,0.5029,2708.0,15.85,,4.4756,6.1055,1001.4982,0.0,1.8156,0.9224,16.87,18.7802,12.3363,4.3797,2.4082,7.4113,4.5156,-0.0853,0.0,0.0032,2.964,0.0,23.1861,9001.93,3.645,6.0511,86.7285,84.3569,25.4839,147.2082,양품
-0.7109,-0.0139,44.0036,0.0267,-4995.75,67.1667,3.4007,0.2838,16.07,211.7378,7.3623,0.1138,1.286,515.7579,1.9987,8.7037,-0.0398,6.5478,0.7772,20.7109,0.6539,2668.25,16.09,3.2855,3.1266,9.4857,1012.9091,0.0,1.6465,0.9226,19.83,16.697,18.4018,4.5868,2.3989,3.1153,4.5365,-0.0173,0.0,0.004,2.589,0.0,28.6167,8915.4501,3.5733,5.8515,86.4476,85.4344,20.8099,145.7336,양품
3.1527,-0.0076,59.5041,0.0139,-5672.0,68.4556,1.2489,-0.1419,15.98,211.0324,6.9611,0.041,1.135,127.6506,2.0037,8.897,-0.0211,5.8595,0.7284,16.8473,0.6894,2565.0,16.0,,4.2363,5.9659,1007.066,0.0,1.8156,0.9197,19.35,31.2286,14.9095,3.7154,2.3782,5.1688,4.5303,-0.0618,357.1511,0.0058,2.545,0.0,22.7886,8721.5101,3.3981,8.2519,87.0027,84.3947,15.4662,146.2609,양품
,-0.0109,68.5714,0.0227,-5521.0,69.5333,1.3326,0.2838,16.07,126.0595,6.0254,0.0435,1.286,369.6818,2.013,8.662,-0.0135,5.0911,0.7772,,0.6539,2617.5,16.09,,3.883,8.4018,1012.9091,0.0,1.5477,0.9325,,24.7809,,,4.2935,,4.567,-0.024,,0.0053,2.589,0.0,,8813.73,,,86.2277,85.9801,35.5626,,양품
-3.8864,-0.0084,28.614,0.0179,-5627.25,74.5444,1.5166,1.513,15.69,208.3929,5.3752,0.0496,0.7379,361.1134,1.9995,8.2776,-0.0218,4.4892,0.7304,23.8864,0.7758,2795.25,15.74,5.4307,3.7561,5.0482,999.6703,0.0,2.8614,0.9323,20.74,22.4149,13.7718,15.8846,4.2018,3.9177,4.5263,-0.0359,235.1816,0.003,3.856,0.0,30.9873,9134.2199,2.5607,5.3987,86.8475,85.038,15.4662,145.2391,양품
-6.8764,-0.007,76.1221,0.0195,-5729.5,70.9556,3.2181,-0.1419,15.98,203.3765,6.6633,0.1189,1.135,490.0928,1.9923,8.6556,-0.0365,5.5489,0.7284,26.8764,0.6894,2701.0,16.0,,2.9596,4.9494,1007.066,0.0,0.935,0.9052,21.77,24.4516,17.4437,5.9112,2.6613,4.0285,4.5622,-0.0282,150.8065,0.0054,2.545,0.0,36.283,9082.6601,3.3157,6.5058,86.3125,85.5439,35.5192,153.9027,양품
-0.3955,-0.0071,50.9735,0.0196,-5346.25,67.0222,4.5407,-0.1419,15.98,163.9296,5.1124,0.1365,1.135,313.6435,1.99,8.7326,-0.0414,4.135,0.7284,20.3955,0.6894,2472.75,16.0,,3.7301,6.5794,1007.066,0.0,1.4392,0.9291,19.84,49.3896,15.5427,7.115,4.1196,5.28,4.6328,-0.0196,0.0,0.0042,2.545,0.0,27.2417,8748.95,1.2302,5.5546,86.441,85.4593,8.3588,148.1055,양품
0.1364,-0.0098,28.4987,0.0208,-5129.25,71.8778,1.9708,0.9934,15.77,259.7247,6.3654,0.0713,0.7474,242.7034,1.9995,8.8356,-0.0208,5.3239,0.8435,19.8636,0.5029,2442.75,15.85,,3.6173,10.2424,1001.4982,0.0,0.4389,0.9224,15.12,48.5444,14.3136,6.34,2.4803,4.6148,4.5319,-0.0659,0.0,0.0043,2.964,0.0,23.9046,8845.25,2.4829,5.6913,86.3856,86.9779,40.6181,155.1527,불량
0.5536,-0.0085,29.4551,0.0223,-5341.5,76.3333,2.8024,-0.1419,15.98,377.4152,7.0671,0.095,1.135,425.5714,1.9725,9.1141,-0.0107,6.4545,0.7284,19.4464,0.6894,2769.25,16.0,4.4754,3.2751,7.6207,1007.066,0.0,1.8156,0.9316,19.32,26.4448,10.3957,13.212,3.9799,3.1414,4.5817,-0.0154,0.0,0.0034,2.545,0.0,24.5095,9322.9499,2.3832,6.7309,87.2937,84.7662,4.1191,145.4782,양품
3.2573,-0.0056,68.0089,0.0275,-5290.5,68.2,3.7127,-0.1419,15.98,162.0275,7.8759,0.1279,1.135,283.2449,1.9935,8.9979,-0.0156,6.5351,0.7284,16.7427,0.6894,2712.25,16.0,5.3928,4.3988,6.0322,1007.066,0.0,1.3582,0.9179,24.62,41.344,15.8055,5.881,2.7007,2.991,4.5201,-0.0107,240.0781,0.0048,2.545,914.2857,23.7121,8328.27,2.18,6.9064,86.4854,84.8185,20.6014,144.7682,양품
0.8527,-0.0126,56.3492,0.021,-5475.5,70.5556,2.4269,0.9934,15.77,116.0962,7.2906,0.0826,0.7474,159.0692,2.0395,9.3868,-0.0168,6.397,0.8435,19.1473,0.5029,2520.5,15.85,,4.3937,6.8612,1001.4982,0.0,1.8156,0.9226,13.92,28.9045,12.8818,4.8624,2.4879,5.5495,4.5365,-0.0744,0.0,0.0027,2.964,0.0,23.5717,8636.1101,2.4754,5.7905,87.4684,86.5682,15.4662,150.6445,불량
-5.7091,-0.0057,95.8606,0.1193,-5333.0,68.0778,1.4011,0.2838,16.07,154.8018,5.2764,0.0504,1.286,87.7306,1.9832,8.8105,-0.0224,4.5118,0.7772,25.7091,0.6539,2712.75,16.09,,3.0847,9.1265,1012.9091,0.0,1.8156,0.9323,27.18,25.0847,17.1627,6.2045,3.4609,5.605,4.5195,-0.0189,131.5446,0.0054,2.589,390.4762,33.6506,8952.2602,2.1695,7.0891,86.7128,86.9432,63.2902,141.1236,불량
3.0718,-0.0113,34.6667,0.0207,-5524.5,73.6667,2.2303,1.419,15.75,219.3192,4.7517,0.0731,0.7048,396.4379,1.9748,8.2914,0.001,4.527,0.821,16.9282,0.5426,2797.75,15.79,,1.629,8.9074,999.5619,0.0,1.4062,0.9273,20.09,11.5422,14.9345,7.2736,3.7227,6.275,4.6842,-0.0469,136.0758,0.0042,3.063,0.0,24.0276,8078.2,1.1401,5.2052,86.5211,83.4425,41.0155,145.9755,양품
4.9382,-0.0103,39.7094,0.0216,-5324.5,69.0667,2.3135,1.419,15.75,97.2021,5.1804,0.0794,0.7048,499.6015,2.01,8.7037,-0.0064,4.3526,0.821,15.0618,0.5426,2384.75,15.79,,2.1718,12.4204,999.5619,0.0,2.2961,0.9273,20.86,41.0058,12.0709,8.0833,3.7961,4.6676,4.6842,-0.0737,151.4728,0.0036,3.063,0.0,18.8532,8865.8501,2.2459,5.5699,86.4476,85.4344,21.3623,148.47,양품
2.8727,-0.0136,27.1311,0.0209,-5662.0,69.9333,3.7537,-2.033,15.7,169.7901,7.259,0.1163,0.8325,121.4166,2.0205,8.8355,-0.0408,6.5757,0.8121,17.1273,0.5231,2588.0,15.76,3.9422,4.1468,5.8585,996.6092,0.0,1.8156,0.9289,19.09,15.5744,10.3651,22.0988,4.6171,5.1336,4.4902,-0.0512,560.0949,0.0044,2.873,0.0,20.3804,8768.3301,4.0043,6.5236,86.9761,86.4585,20.1824,145.3182,양품
-0.63,-0.0114,24.5077,0.0265,-5826.0,71.8333,0.8521,0.5204,16.01,166.824,7.4976,0.0335,1.144,346.7112,1.9765,8.8355,0.0005,7.3193,0.6778,20.63,0.6757,2695.25,15.98,6.9836,3.2019,4.7431,1009.9953,0.0,1.76,0.9289,18.0,39.5184,11.7427,20.7943,4.3671,2.9179,4.4902,-0.0675,0.0,0.0051,2.58,0.0,24.6661,9050.7801,3.0353,6.9139,86.9761,86.4585,15.4662,144.9664,양품
-1.4355,-0.0119,26.0504,0.0202,-5219.5,68.4333,3.5985,1.419,15.69,126.2814,8.2179,0.1247,0.8089,126.524,1.9733,9.7137,0.0008,7.5071,0.8557,21.4355,0.4628,2591.5,15.73,3.027,3.7993,6.4474,995.0191,0.0,1.9024,0.9319,14.62,41.2868,10.4004,8.127,3.6712,5.0005,4.5373,0.0024,385.9405,0.0043,2.971,0.0,26.1117,9028.0601,1.9713,4.6082,86.9537,85.9501,23.1718,145.7855,양품
3.7136,-0.0107,44.9649,0.0189,-5329.75,73.6889,3.4228,1.419,15.75,292.3058,5.6708,0.1067,0.7048,514.3399,1.958,8.2345,-0.0332,5.1426,0.821,16.2864,0.5426,2494.0,15.79,,4.4783,6.5963,999.5619,0.0,2.5506,0.9325,13.16,17.1568,9.1571,16.6911,4.4904,3.787,4.5209,-0.0743,280.3182,0.0038,3.063,606.4516,22.1972,8432.97,3.0373,5.6843,86.6958,85.3996,15.4662,144.7064,양품
1.04,-0.0111,36.8126,0.0179,-5621.0,72.3778,2.9526,1.419,15.75,169.4206,7.7467,0.097,0.7048,346.7324,1.963,8.8355,-0.0156,6.6589,0.821,18.96,0.5426,2686.0,15.79,3.7019,3.1778,5.7562,999.5619,0.0,0.9783,0.9197,27.66,24.5921,18.1582,6.218,2.4845,3.251,4.5303,-0.032,0.0,0.006,3.063,933.3333,26.2629,8840.6101,4.7458,6.1628,86.9761,86.4585,15.4662,143.6464,양품
-3.0909,-0.0053,81.3239,0.021,-5248.75,68.7222,2.6488,1.513,15.69,110.2705,5.5404,0.089,0.7379,273.078,2.003,8.7556,0.0028,4.9781,0.7304,23.0909,0.7758,2637.75,15.74,,3.0558,5.5141,999.6703,0.0,1.0818,0.9281,20.46,49.5001,13.4927,6.418,3.0094,7.2454,4.5226,-0.0123,318.0294,0.0046,3.856,356.7568,30.5174,9015.3201,2.6981,6.3096,86.5808,85.549,15.4662,141.7455,양품
-1.41,-0.0129,45.5598,0.0204,-5329.0,70.1667,7.8654,1.419,15.75,131.4214,7.9791,0.239,0.7048,500.1766,2.0025,9.534,-0.0006,6.8186,0.821,21.41,0.5426,2486.75,15.79,,3.4204,10.9736,999.5619,0.0,1.8156,0.9225,15.01,50.4408,13.91,4.6088,2.5055,4.9715,4.5323,-0.0558,867.3759,0.0049,3.063,0.0,27.4041,8831.8802,3.3372,4.8403,86.2809,84.7391,30.0075,144.6245,양품
-0.0182,-0.0084,49.9257,0.0153,-5759.5,73.2778,4.0349,1.513,15.69,183.7487,5.4564,0.1226,0.7379,495.5115,1.9973,21.5944,-0.0236,4.831,0.7304,20.0182,0.7758,2634.75,15.74,3.0637,4.5034,9.0629,999.6703,0.0,1.8156,0.9289,18.05,18.5965,9.1362,18.0044,4.222,4.277,4.4994,-0.0591,0.0,0.0045,3.856,0.0,23.1901,7762.22,2.4316,6.4596,86.9799,99.771,15.4662,148.0009,양품
2.9282,-0.0086,52.0231,0.0339,-5345.25,68.4333,2.4037,0.5204,16.01,164.9909,5.4921,0.0865,1.144,987.1458,2.0075,9.534,-0.005,5.1679,0.6778,17.0718,0.6757,2529.0,15.98,,4.0916,11.7457,1009.9953,0.0,0.7559,0.9327,17.01,13.0192,9.5985,5.1407,3.0707,4.7353,4.554,-0.0649,234.2751,0.0043,2.58,0.0,23.905,8078.23,2.1247,5.029,86.2809,84.7391,38.0449,147.6136,양품
3.8882,-0.009,33.2871,0.0446,-5469.5,67.8,4.1268,0.5204,16.01,97.6776,5.7088,0.1456,1.144,361.2022,1.9777,8.7037,-0.0132,5.2288,0.6778,16.1118,0.6757,2607.25,15.98,4.5273,3.3923,9.8935,1009.9953,0.0,1.211,0.9324,17.82,43.7487,9.6162,22.9445,4.3932,3.9965,4.5386,-0.0488,370.3531,0.0062,2.58,800.0,18.7085,8866.5102,3.936,5.6629,86.4476,85.4344,25.0611,154.6355,불량
-3.5727,-0.0082,62.0061,0.0206,-5867.5,70.8444,5.7252,0.5204,16.01,470.9907,8.666,0.1929,1.144,534.5294,2.0223,9.0447,-0.0028,6.4784,0.6778,23.5727,0.6757,2740.25,15.98,,2.6819,9.8188,1009.9953,0.0,1.3197,0.9225,19.22,47.8616,10.8718,5.5636,2.2946,6.4423,4.5323,-0.0649,357.43,0.0041,2.58,467.4157,30.7204,8621.7699,4.1844,6.2849,86.2033,84.6724,40.7191,144.5136,양품
0.1627,-0.0093,35.2941,0.0215,-5326.5,68.2444,2.3299,1.419,15.75,185.9256,7.4082,0.0722,0.7048,507.3753,1.9988,8.6472,0.0021,6.4664,0.821,19.8373,0.5426,2599.5,15.79,5.0895,2.6376,5.9385,999.5619,0.0,1.174,0.9222,19.9,22.2221,14.6191,7.3686,2.3545,3.2662,4.5255,-0.0505,0.0,0.0046,3.063,0.0,23.4468,8646.3799,2.7424,5.5754,86.5763,85.0041,15.4662,149.7164,양품
1.7909,-0.0097,34.0645,0.0226,-5224.25,70.0222,4.4678,0.5204,16.01,408.4981,7.3295,0.1371,1.144,275.1016,1.999,9.534,-0.0043,5.6632,0.6778,18.2091,0.6757,2790.0,15.98,,5.9981,6.8766,1009.9953,0.0,1.0452,0.9225,22.61,15.9979,10.2437,6.9473,2.7608,5.1569,4.5323,-0.0638,953.7056,0.0054,2.58,218.8679,21.7279,8527.2,4.9049,5.3349,86.2809,84.7391,34.5507,150.0891,양품
-2.4818,-0.0091,49.2476,0.0202,-5719.0,72.0111,4.9141,0.5204,16.01,207.9663,5.1999,0.1517,1.144,112.5877,1.9865,8.2914,-0.0046,5.0733,0.6778,22.4818,0.6757,2684.0,15.98,,4.3049,5.7745,1009.9953,0.0,1.7428,0.9327,17.57,31.6754,11.2827,5.628,3.0561,3.3746,4.554,-0.0565,303.4066,0.0048,2.58,0.0,30.222,8797.9399,2.2158,5.1517,86.5211,83.4425,6.8594,146.9809,양품
0.67,-0.0119,60.5042,0.0188,-5432.0,70.2556,2.8257,-0.5204,16.08,146.0168,5.31,0.091,1.154,738.2886,1.9895,9.0402,-0.0039,4.2369,0.7492,19.33,0.6841,2609.75,16.07,,4.4125,6.7134,1015.5678,0.0,1.8156,0.9323,13.72,32.1573,7.4813,7.3406,3.8089,3.9365,4.5467,-0.0649,535.8209,0.0043,2.627,400.0,23.9156,9291.4401,1.0657,4.2209,85.9998,84.7632,31.6788,149.37,양품
1.7273,-0.0124,21.8402,0.0176,-5242.75,67.4222,1.6488,-0.5204,16.08,100.6525,5.821,0.0522,1.154,90.5626,2.01,9.0402,-0.0102,6.2975,0.7492,18.2727,0.6841,2550.25,16.07,,4.7462,6.7114,1015.5678,0.0,1.5481,0.9323,15.52,32.6879,6.9615,7.6575,4.015,3.4184,4.5467,-0.0411,324.7895,0.0069,2.627,556.5217,22.174,8237.8599,1.7789,3.8593,85.9998,84.7632,8.7297,148.9009,양품
1.8609,-0.0092,61.8725,0.0197,-5603.75,74.6556,4.1862,1.419,15.75,319.7461,4.9588,0.1364,0.7048,411.3922,1.9958,8.8097,-0.0034,5.1632,0.821,18.1391,0.5426,2665.25,15.79,4.7375,5.7598,12.3771,999.5619,0.0,0.9303,0.9331,17.3,14.495,7.1114,7.4918,4.0384,2.582,4.4932,-0.0457,808.2071,0.0063,3.063,0.0,22.7275,8901.3802,4.4678,5.235,86.7776,85.04,15.4662,149.1073,양품
2.5055,-0.0077,29.6774,0.0157,-5294.5,73.9,1.2802,0.5204,16.01,193.9046,8.2205,0.0412,1.144,306.0441,2.001,8.5298,-0.0276,7.0805,0.6778,17.4945,0.6757,2475.5,15.98,,2.7064,9.0685,1009.9953,0.0,1.8156,0.9222,15.59,29.3356,17.6454,3.7936,2.5812,6.284,4.5255,-0.041,470.1742,0.0052,2.58,567.0886,24.0673,8612.48,3.4251,5.944,86.976,85.3182,15.4662,151.0173,양품
1.9764,-0.0138,40.0,0.0201,-5575.0,71.6,2.2729,1.419,15.75,192.688,6.9554,0.0684,0.7048,278.0587,2.003,13.5481,-0.0022,5.8267,0.821,18.0236,0.5426,2515.0,15.79,,6.0056,5.7019,999.5619,0.0,0.9378,0.9179,18.49,16.4042,18.3982,4.0832,2.6138,6.6172,4.5201,-0.0596,551.5179,0.0038,3.063,392.4528,25.3216,8543.79,3.073,6.2602,86.8485,85.3687,19.096,144.7736,양품
3.3064,-0.0084,34.4725,0.0217,-5544.0,68.0,3.6725,1.419,15.69,214.4176,5.3497,0.1277,0.8089,53.3979,1.9865,9.2064,0.0128,5.691,0.8557,16.6936,0.4628,2708.25,15.73,,3.9706,5.8801,995.0191,0.0,0.8675,0.9325,18.51,22.6387,10.4755,7.0312,3.5225,5.1124,4.2373,-0.024,124.6082,0.0029,2.971,897.561,23.6178,9365.12,1.4644,4.6411,86.233,84.4782,15.4662,148.2664,양품
-2.1009,-0.0064,77.0138,0.0274,-5224.5,67.9222,3.6151,1.419,15.69,228.4243,5.5107,0.1207,0.8089,329.76,1.972,8.7556,-0.0208,5.7419,0.8557,22.1009,0.4628,2650.5,15.73,,2.6501,9.9245,995.0191,0.0,1.8156,0.9323,15.21,49.5239,8.2235,7.9628,3.5155,4.1239,4.5323,-0.0075,480.7441,0.004,2.971,556.5217,26.8251,8718.7999,2.9512,4.5046,86.5808,85.549,10.1182,147.1909,양품
0.7864,-0.0084,64.3815,0.0217,-5307.75,70.1778,4.0099,1.419,15.69,292.6401,5.4234,0.1266,0.8089,293.8314,1.971,8.8973,-0.0143,4.0051,0.8557,19.2136,0.4628,2633.25,15.73,,2.8499,4.9651,995.0191,0.0,1.2629,0.9201,15.33,20.1254,12.6175,5.5422,2.6691,5.0348,4.5499,-0.0136,0.0,0.0049,2.971,0.0,23.1222,8890.0601,4.181,6.2017,86.4023,84.6927,13.9989,152.5382,양품
0.9573,-0.0093,63.4409,0.0219,-5663.5,68.5889,5.5472,0.5204,16.01,102.2204,5.8239,0.2041,1.144,214.6152,1.9698,8.8356,-0.0053,5.2642,0.6778,19.0427,0.6757,2666.5,15.98,,2.6243,11.9039,1009.9953,0.0,1.3861,0.9324,23.44,33.7616,18.3273,21.0979,4.4841,5.5044,4.5386,-0.065,930.7692,0.0031,2.58,0.0,28.1684,8548.33,2.19,5.1771,86.3856,86.9779,15.4662,151.1527,양품
0.2236,-0.008,73.5202,0.019,-5542.75,72.9667,5.2419,0.5204,16.01,62.002,6.8055,0.1684,1.144,372.0989,1.9585,8.3808,-0.0357,6.0565,0.6778,19.7764,0.6757,2544.25,15.98,,3.5633,9.4057,1009.9953,0.0,0.7419,0.9325,13.18,26.47,11.3066,17.463,3.7293,3.3124,4.5209,-0.0665,0.0,0.0047,2.58,0.0,25.9046,9005.66,3.0312,6.315,86.625,83.7266,30.7449,145.8136,양품
3.4845,-0.013,49.1835,0.0286,-5709.75,68.7111,2.324,0.9461,15.62,132.0641,6.6303,0.0775,0.8514,459.3331,2.0047,9.0402,-0.0294,7.6717,0.7573,16.5155,0.5715,2708.75,15.7,,4.9483,10.3421,994.3752,0.0,1.7954,0.9325,9.01,35.6697,5.8936,8.7768,3.7994,3.5149,4.5525,-0.0598,176.2066,0.0046,2.976,284.4444,21.0446,8409.58,1.7876,4.4286,85.9998,84.7632,15.4662,146.8055,양품
-0.1891,-0.011,46.3636,0.0229,-5834.75,72.7556,1.8701,-0.7569,16.07,226.3322,7.1829,0.0733,1.281,369.5983,1.9625,8.2914,0.0011,6.106,0.7403,20.1891,0.6914,2567.25,16.1,,5.223,5.4697,1013.4306,0.0,1.8156,0.9278,13.8,17.3811,7.9109,5.4282,2.5887,2.3933,4.4676,-0.0392,0.0,0.004,2.608,0.0,25.4798,8695.92,2.3351,5.6038,86.5211,83.4425,15.544,146.24,양품
-5.55,-0.0078,39.6166,0.0226,-5477.0,70.5333,3.4384,-0.7569,16.07,174.0967,5.9541,0.1162,1.281,161.6684,1.9777,8.8215,-0.0127,5.257,0.7403,25.55,0.6914,2498.5,16.1,,3.5444,4.7099,1013.4306,0.0,0.8667,0.9323,20.5,30.1816,18.3263,7.4468,3.4057,2.4673,4.5195,-0.0334,104.5045,0.0034,2.608,0.0,33.3616,9578.7899,1.7549,6.4087,86.4386,85.9331,15.4662,143.07,양품
0.7955,-0.0065,41.8605,0.0224,-5241.5,67.6889,1.9858,-1.83,16.09,241.6044,5.9205,0.0781,1.757,335.2377,1.9947,8.8909,-0.012,4.7479,0.7182,19.2045,0.7673,2572.0,16.09,,3.5456,4.7662,1013.1402,0.0,1.2634,0.9318,14.4,17.896,8.2729,14.443,4.5408,2.4776,4.5499,-0.0028,0.0,0.0046,2.734,886.4865,25.1914,8818.1301,2.9553,5.6543,86.5543,84.4668,15.4662,143.2836,양품
1.5036,-0.0136,51.3291,0.0174,-5095.0,69.4222,3.2808,2.458,15.61,116.896,5.4847,0.0996,1.097,320.5215,1.9872,8.3383,-0.0336,5.4287,0.8346,18.4964,0.565,2412.0,15.69,,3.169,7.9638,992.8867,0.0,1.8156,0.9347,12.15,23.5649,8.7662,7.263,3.4455,3.5466,4.535,-0.0411,273.3374,0.0041,2.982,746.6667,25.3099,8493.8199,1.3683,3.3621,86.9421,86.1383,15.4662,147.7473,양품
-0.3445,-0.0125,46.493,0.0139,-5356.25,67.5556,4.2044,2.458,15.61,95.8797,7.0692,0.1446,1.097,529.4352,1.99,9.7137,-0.0243,6.0013,0.8346,20.3445,0.565,2585.75,15.69,,3.1086,8.5854,992.8867,0.0,0.3162,0.9225,13.72,24.5535,19.4118,7.173,2.0397,9.8065,4.5689,0.0023,0.0,0.0033,2.982,705.0847,28.4429,8790.25,2.8037,7.533,86.9537,85.9501,15.4662,147.8609,양품
-7.1427,-0.0108,47.2222,0.0183,-5270.0,68.0,2.0743,2.458,15.61,301.6459,6.2691,0.0713,1.097,93.6056,1.975,8.3383,-0.0142,4.9954,0.8346,27.1427,0.565,2595.25,15.69,,3.8235,10.333,992.8867,0.0,1.8156,0.9179,20.19,25.0282,15.8318,4.9003,2.5059,4.0128,4.4942,-0.053,176.8232,0.0094,2.982,447.4576,36.0446,9326.99,3.1799,6.3707,86.9421,86.1383,24.4835,146.0327,양품
-4.72,-0.0116,21.5517,0.0205,-5247.5,70.2333,4.3397,2.458,15.61,119.3454,7.0345,0.1342,1.097,824.7935,2.0145,8.3383,-0.0098,5.7386,0.8346,24.72,0.565,2558.0,15.69,,3.8443,10.7032,992.8867,0.0,1.8156,0.9179,15.27,30.5869,17.3991,4.5956,2.1591,5.7591,4.4942,-0.0161,244.9153,0.0056,2.982,0.0,34.0215,8541.4701,2.9864,7.2268,86.9421,86.1383,32.8518,146.55,양품
0.9427,-0.0114,38.6813,0.0177,-5445.25,70.4222,3.6257,2.458,15.61,251.0025,6.8448,0.1102,1.097,362.66,1.9655,8.3383,-0.0268,6.1774,0.8346,19.0573,0.565,2624.25,15.69,,3.692,8.2899,992.8867,0.0,1.8156,0.9179,9.99,29.9429,10.9622,5.475,2.2746,4.6356,4.4942,-0.0401,0.0,0.003,2.982,800.0,27.1064,8386.9399,2.8708,7.5521,86.9421,86.1383,16.9645,145.6127,양품
1.8782,-0.0051,136.9193,0.0198,-5461.0,74.7111,3.7244,1.419,15.69,194.5328,7.4313,0.1135,0.8089,189.4853,1.985,8.3159,-0.0224,5.6884,0.8557,18.1218,0.4628,2615.5,15.73,,4.0155,4.4773,995.0191,0.0,1.8156,0.92,19.05,36.5542,13.8363,5.0902,2.5391,4.3128,4.5234,-0.0294,540.4163,0.0049,2.971,0.0,24.8006,8362.4599,2.803,6.5881,86.834,84.2981,15.4662,150.02,양품
-3.3427,-0.0112,50.168,0.0196,-5422.25,68.6111,2.1461,-1.83,16.09,172.4865,7.6062,0.0673,1.757,237.1587,2.0017,8.7556,-0.0069,6.9489,0.7182,23.3427,0.7673,2511.75,16.09,,4.081,7.2314,1013.1402,0.0,1.8524,0.9322,18.4,50.8859,11.1955,13.4483,5.3844,5.7178,4.5594,0.0035,823.2801,0.0055,2.734,0.0,27.8298,9354.7599,7.3877,5.8029,86.5808,85.549,27.0281,146.91,양품
0.6855,-0.0059,108.0169,0.0309,-5294.5,69.4111,3.441,-1.83,16.09,281.2289,4.9729,0.1025,1.757,463.3102,1.9875,8.6556,-0.0064,4.4431,0.7182,19.3145,0.7673,2612.5,16.09,,3.4577,6.0626,1013.1402,0.0,0.3081,0.9281,21.03,40.9521,13.1336,4.8327,2.9416,4.4256,4.5226,-0.0213,0.0,0.005,2.734,234.7826,26.4193,8963.7398,2.5777,6.165,86.3125,85.5439,15.4662,144.8391,양품
-3.6036,-0.0102,74.4186,0.0278,-5264.5,69.5222,2.4535,-0.5204,15.74,263.3266,6.4635,0.0825,1.276,168.0843,1.9507,9.0447,-0.0047,5.6882,0.7154,23.6036,0.6695,2601.25,15.78,,4.8905,3.1045,996.3344,0.0,1.4768,0.9201,21.18,24.3853,14.47,5.6179,2.6076,6.5672,4.5499,-0.0086,273.89,0.0049,2.521,0.0,27.7087,9342.3201,2.7302,7.3417,86.2033,84.6724,33.6497,146.6382,양품
1.1991,-0.0084,51.0386,0.0204,-5612.25,74.0889,2.0735,-1.83,16.09,219.1261,5.2453,0.0636,1.757,374.4866,2.0033,8.2345,-0.0234,4.8189,0.7182,18.8009,0.7673,2636.25,16.09,,3.3743,5.2695,1013.1402,0.0,2.0767,0.9278,15.04,19.8632,7.7727,5.7269,2.9203,4.6582,4.4676,-0.0522,602.9568,0.0041,2.734,643.9024,23.8213,8615.84,2.0771,5.8469,86.6958,85.3996,27.7162,145.1218,양품
1.5882,-0.0097,41.2371,0.0266,-5407.25,69.3778,1.9105,0.9461,15.62,103.8926,5.7796,0.0616,0.8514,211.9283,2.0032,8.6556,-0.0075,5.1854,0.7573,18.4118,0.5715,2511.5,15.7,,2.3062,7.3574,994.3752,0.0,1.8156,0.9324,15.75,50.763,6.6886,13.3473,4.3855,5.4022,4.5164,0.0218,582.427,0.0046,2.976,134.9398,23.3521,8458.92,3.2395,5.5787,86.3125,85.5439,46.7595,147.3464,양품
-6.0636,-0.0079,68.0315,0.02,-5517.75,72.2778,4.8084,-0.5204,15.8,263.4407,5.8805,0.1586,1.163,330.1882,1.991,8.9036,0.0021,5.8691,0.6814,26.0636,0.6743,2628.5,15.83,,3.5972,12.3758,997.1394,0.0,2.2632,0.9318,16.8,19.2223,9.2873,21.41,4.1885,4.5022,4.5499,0.0055,269.8051,0.0044,2.496,0.0,32.9674,9728.8201,4.5904,6.0556,86.4182,86.1541,46.6979,146.8164,양품
2.5855,-0.0086,50.1458,0.0366,-5767.75,71.1,2.2433,0.9461,15.62,119.592,7.5545,0.0765,0.8514,270.7205,2.0225,9.3868,0.0085,6.4882,0.7573,17.4145,0.5715,2605.75,15.7,,3.3755,4.3205,994.3752,0.0,1.4365,0.9226,19.94,29.2584,15.7709,3.506,2.3464,3.1843,4.5365,-0.0117,467.616,0.0039,2.976,388.2353,23.8635,8337.48,3.3056,5.907,87.4684,86.5682,25.1383,146.9709,양품
-1.8809,-0.0082,46.4122,0.0233,-5733.0,68.7889,3.0492,-0.5204,15.8,231.7619,3.2548,0.0956,1.163,462.1565,1.957,9.0744,-0.0028,2.9301,0.6814,21.8809,0.6743,2750.25,15.83,,3.0528,9.3792,997.1394,0.0,1.8156,0.932,17.1,38.8907,12.6391,8.3341,4.0796,2.3399,4.5587,-0.0293,183.9535,0.0029,2.496,0.0,29.6544,9068.7301,1.0853,2.6009,85.9594,84.9605,83.4093,145.3036,양품
-3.7773,-0.0112,56.25,0.0229,-5454.0,68.8556,3.9029,0.1419,15.61,431.6955,5.1468,0.1235,0.8278,280.0952,2.0213,8.3383,-0.0048,4.7896,0.7131,23.7773,0.6257,2838.5,15.71,,4.6474,9.9345,995.1202,0.0,1.8156,0.9347,14.3,11.2561,11.1,4.9361,3.5938,2.2464,4.535,-0.0102,91.3357,0.0043,3.175,0.0,31.5768,8429.9801,0.9818,3.4474,86.9421,86.1383,15.4662,149.5736,양품
-2.1464,-0.0137,33.5766,0.0206,-5320.5,66.2889,3.3275,-0.9934,15.79,175.0181,6.5791,0.1106,1.229,89.1908,1.983,8.3383,-0.0142,6.8779,0.6812,22.1464,0.6842,2505.0,15.75,,3.7714,11.0959,1009.5881,0.0,1.082,0.9347,17.7,33.1823,12.6991,5.7928,3.2926,2.6374,4.535,0.0081,278.1449,0.0034,2.559,0.0,30.0519,8668.0198,1.7714,4.7871,86.9421,86.1383,15.4662,147.8718,양품
0.8045,-0.0096,73.6706,0.033,-5802.25,70.3889,1.9831,-0.5204,15.8,293.1614,6.0393,0.0597,1.163,1181.3245,2.0195,8.9541,0.0008,5.5287,0.6814,19.1955,0.6743,2638.25,15.83,,2.8414,12.0825,997.1394,0.0,0.4107,0.9201,13.3,17.0777,14.642,7.0849,2.5874,7.4993,4.5499,-0.0017,0.0,0.0052,2.496,310.0,23.7588,8306.2901,5.1972,6.6462,86.2871,86.8862,15.2072,150.9482,양품
-1.3618,-0.0106,35.8068,0.0131,-5241.0,70.4667,3.6133,-0.9934,15.79,209.6243,5.3109,0.1143,1.229,384.764,2.0267,8.3383,-0.0006,4.8333,0.6812,21.3618,0.6842,2426.5,15.75,,3.4059,9.9958,1009.5881,0.0,1.8156,0.9347,14.22,24.2804,11.9664,5.0815,3.5244,4.387,4.535,-0.0157,251.1348,0.0055,2.559,0.0,28.4839,9137.4999,1.1022,4.9672,86.9421,86.1383,15.4662,147.2527,양품
-3.1382,-0.0125,44.044,0.0175,-5529.25,72.5556,1.7351,-0.9934,15.79,269.5012,4.7086,0.0551,1.229,123.2433,1.972,8.627,-0.0087,4.6994,0.6812,23.1382,0.6842,2536.75,15.75,,3.4456,8.9403,1009.5881,0.0,1.1467,0.877,14.46,26.0609,13.8454,5.7114,3.5046,3.4336,4.2225,0.0123,105.1564,0.0052,2.559,0.0,32.9711,8901.9701,1.0337,3.7287,86.4671,85.1404,25.42,149.4073,양품
0.3245,-0.0092,58.8556,0.095,-5390.0,68.1333,2.3692,0.9461,15.62,327.0163,7.257,0.0804,0.8514,266.02,2.0062,8.8973,-0.0568,6.5948,0.7573,19.6755,0.5715,2558.5,15.7,,4.8434,4.227,994.3752,0.0,1.6088,0.9324,17.06,35.9083,12.7355,15.8845,4.1606,8.9509,4.5631,0.0157,0.0,0.0044,2.976,0.0,23.8674,9113.64,3.1451,6.7713,86.4023,84.6927,15.4662,143.0027,양품
-9.7682,-0.0115,59.2593,0.0154,-5400.0,71.1,1.6059,0.9461,15.62,121.7604,6.3956,0.0487,0.8514,396.2583,2.0103,9.7137,-0.0125,5.2923,0.7573,29.7682,0.5715,2585.75,15.7,,2.8129,6.2035,994.3752,0.0,1.8431,0.9218,23.62,23.4919,19.0536,3.9607,2.67,6.4163,4.5187,0.0145,95.8213,0.0061,2.976,458.6667,40.8846,8589.6199,2.9928,8.2074,86.9537,85.9501,17.1041,148.3718,양품
2.6991,-0.011,47.3265,0.0285,-5400.25,74.3111,1.4327,-1.83,16.09,67.8945,5.9684,0.0478,1.757,453.7256,1.954,8.1409,-0.0152,5.1066,0.7182,17.3009,0.7673,2622.5,16.09,,3.0951,7.741,1013.1402,0.0,1.3338,0.9316,13.38,44.4877,7.7248,12.8334,4.2031,6.2357,4.5817,-0.035,479.0503,0.0059,2.734,0.0,23.6578,8702.7301,3.9134,7.0876,86.8207,83.6845,15.4662,142.4064,양품
-3.7073,-0.0095,25.2632,0.0326,-5194.75,76.2333,1.607,0.1419,15.61,232.0336,7.8776,0.0529,0.8278,233.5799,1.9507,9.1637,0.0015,6.3048,0.7131,23.7073,0.6257,2503.25,15.71,3.2285,3.4106,8.2116,995.1202,0.0,1.9281,0.9316,14.84,24.6803,8.7729,10.5376,4.3739,3.3667,4.5817,0.013,172.9034,0.0032,3.175,0.0,28.7252,8278.07,1.8521,5.5353,87.3675,84.8754,21.7009,145.5418,양품
-2.6564,-0.0083,44.3778,0.0256,-5371.5,69.9556,4.2287,-0.5204,15.74,288.6513,6.3991,0.1442,1.276,203.274,2.021,9.0447,-0.022,5.7446,0.7154,22.6564,0.6695,2696.75,15.78,,2.859,6.3494,996.3344,0.0,1.1525,0.9327,20.87,18.1961,11.2255,6.3093,3.5501,2.3646,4.554,-0.0657,306.4339,0.0044,2.521,0.0,30.3233,9268.49,2.2353,4.5238,86.2033,84.6724,23.3744,147.5918,양품
-7.87,-0.0086,89.7959,0.0169,-4992.75,67.9889,3.5076,0.9461,15.62,239.3134,5.0304,0.1122,0.8514,239.3998,1.9855,8.7556,0.0046,5.1438,0.7573,27.87,0.5715,2608.75,15.7,,2.7946,6.2294,994.3752,0.0,1.8156,0.9323,17.03,19.4071,17.7954,8.5457,3.2832,6.0516,4.5195,0.0183,77.0013,0.0122,2.976,964.7059,35.7993,9330.35,1.5755,5.8021,86.5808,85.549,15.4662,147.0691,양품
-1.99,-0.0093,64.1711,0.0215,-5526.5,69.6222,2.0212,0.1419,15.61,211.4813,5.4252,0.0643,0.8278,440.2579,2.0097,9.534,-0.008,5.1457,0.7131,21.99,0.6257,2512.5,15.71,,5.3144,9.918,995.1202,0.0,1.8156,0.9323,20.77,23.6843,12.4518,19.999,4.3813,6.1495,4.5263,-0.0191,743.2161,0.0045,3.175,0.0,29.5218,9209.0001,3.8996,5.3086,86.2809,84.7391,29.5971,147.0045,양품
-5.8855,-0.009,42.1637,0.0225,-5295.25,69.2889,3.937,-0.7569,16.07,225.3802,8.2363,0.1274,1.281,229.5073,1.979,8.9541,-0.0047,6.0927,0.7403,25.8855,0.6914,2755.25,16.1,,5.7729,5.3617,1013.4306,0.0,1.8156,0.9316,17.17,53.9141,11.9358,11.9278,3.9968,2.5985,4.5817,-0.0547,131.3407,0.0055,2.608,0.0,31.3079,8743.22,2.5084,5.7023,86.2871,86.8862,15.4662,145.4709,양품
4.3618,-0.017,29.912,0.0278,-5426.0,68.3667,2.2491,-1.83,16.09,144.4677,7.8763,0.0771,1.757,458.9357,1.9997,8.7646,-0.0018,6.5746,0.7182,15.6382,0.7673,2639.75,16.09,3.4707,3.6568,9.0636,1013.1402,0.0,2.2673,0.9224,16.29,16.6339,9.0627,4.7195,2.4569,5.1653,4.5156,-0.0242,271.4464,0.0053,2.734,450.0,18.5252,9185.1199,3.6888,5.7507,86.6219,84.0399,15.4662,146.1691,양품
-7.6655,-0.0148,35.8108,0.0209,-5186.25,68.5667,1.4804,-0.9934,15.79,112.5581,6.4221,0.0523,1.229,313.1372,2.036,8.6556,-0.0106,5.1651,0.6812,27.6655,0.6842,2523.0,15.75,,3.9378,6.9525,1009.5881,0.0,1.8156,0.9324,22.13,20.1191,13.7582,13.9639,4.1174,4.0743,4.539,-0.0044,120.6713,0.0055,2.559,0.0,36.222,9105.3698,2.355,4.0708,86.3125,85.5439,15.4662,143.5827,양품
1.1655,-0.0117,41.0256,0.0206,-5389.5,65.0889,1.6206,-1.83,16.09,186.8092,5.669,0.0582,1.757,312.6238,2.021,8.8105,-0.0234,5.23,0.7182,18.8345,0.7673,2464.5,16.09,,3.5336,9.9062,1013.1402,0.0,1.0623,0.9312,22.12,15.3093,13.8409,28.4553,4.2789,3.6022,4.5071,-0.0212,0.0,0.0057,2.734,425.5319,25.5696,8771.65,4.4326,7.4129,86.7128,86.9432,13.9784,153.2409,불량
8.1455,-0.0114,51.8112,0.0253,-5233.75,66.0111,0.679,-0.7569,16.07,119.1256,5.7746,0.0236,1.281,377.0963,1.9998,8.7187,-0.0007,5.6926,0.7403,11.8545,0.6914,2497.25,16.1,,3.6358,4.802,1013.4306,0.0,0.3275,0.9329,17.95,25.4407,11.1593,27.6999,4.1721,3.4324,4.5217,-0.0048,217.0536,0.0055,2.608,800.0,15.0471,9280.83,4.367,6.3398,86.5659,84.02,15.4662,144.2155,불량
1.6482,-0.0077,86.1338,0.0242,-5633.5,70.6444,2.4365,0.1419,15.61,206.5535,5.6479,0.0923,0.8278,505.1267,1.9907,8.8215,-0.0156,5.1263,0.7131,18.3518,0.6257,2603.5,15.71,,4.2466,7.2846,995.1202,0.0,1.1233,0.9281,18.49,24.1098,13.5445,4.602,2.8507,4.3157,4.5226,0.005,646.7733,0.0048,3.175,0.0,25.1278,8695.3801,3.2092,7.0795,86.4386,85.9331,15.4662,142.0382,양품
-1.4227,-0.0087,65.6115,0.0286,-5619.5,67.1444,4.8459,-0.7569,16.07,116.759,4.9714,0.1478,1.281,422.1647,1.9897,8.7326,-0.0048,4.9866,0.7403,21.4227,0.6914,2639.0,16.1,,3.1276,4.7356,1013.4306,0.0,0.8988,0.93,15.85,26.1182,13.1431,14.2635,4.3093,4.6557,4.5268,-0.0429,555.2702,0.0051,2.608,406.3492,28.3055,8667.7101,2.4174,3.7311,86.441,85.4593,15.4662,146.7009,양품
0.0955,-0.0091,29.7521,0.0192,-5357.5,69.2667,4.0947,-0.7569,15.87,265.4154,8.5157,0.1273,1.357,254.949,2.0062,9.2064,-0.0108,7.3452,0.7085,19.9045,0.6758,2563.0,15.91,,4.6198,8.4701,1008.1634,0.0,1.8156,0.923,13.05,35.8066,13.3982,10.6318,2.4442,4.9375,4.5459,-0.033,0.0,0.004,2.606,721.3115,23.9037,8499.77,1.9152,5.8326,86.233,84.4782,37.8885,149.4673,양품
7.1009,-0.0089,54.1608,0.0249,-5070.75,70.3667,5.0903,-0.5204,15.8,155.772,5.9591,0.1548,1.163,187.5231,1.9475,9.0744,-0.0126,5.798,0.6814,12.8991,0.6743,2643.75,15.83,,2.8423,13.0658,997.1394,0.0,0.9246,0.933,14.04,31.0858,9.8904,22.531,3.7616,4.1801,4.5388,-0.0243,213.7754,0.0047,2.496,123.0769,18.1563,8523.98,4.1924,5.9827,85.9594,84.9605,29.215,145.2127,양품
1.5273,-0.0132,31.09,0.014,-5421.75,71.1556,0.9667,0.2365,15.74,86.487,8.0688,0.0319,0.946,486.5808,1.9803,8.9036,-0.012,7.462,0.7996,18.4727,0.5614,2561.0,15.83,,4.4972,7.8755,1007.9494,0.0,1.1197,0.9237,13.01,40.2301,12.9081,5.6721,2.5418,6.2217,4.5523,0.0112,633.8095,0.0037,2.908,0.0,24.5446,8888.6201,2.6555,5.3675,86.4182,86.1541,36.4279,148.5127,양품
1.8582,-0.0093,46.1126,0.0221,-5311.25,73.1444,3.4034,-0.7569,15.87,110.2221,5.7646,0.1173,1.357,177.1071,1.9865,8.5735,0.0028,5.5379,0.7085,18.1418,0.6758,2635.75,15.91,8.077,3.6913,6.87,1008.1634,0.0,1.0075,0.9324,19.79,38.9591,16.01,19.005,4.3643,6.818,4.5386,-0.0029,414.3836,0.0084,2.606,0.0,27.0904,8137.9701,2.2514,4.0029,87.1288,86.3898,31.6136,145.9373,양품
0.2336,-0.0117,38.5852,0.0172,-5207.25,68.6222,4.4883,0.2365,15.74,105.025,6.0147,0.1435,0.946,992.2655,1.9905,8.6556,-0.0163,5.757,0.7996,19.7664,0.5614,2596.25,15.83,,3.3517,10.2441,1007.9494,0.0,1.7151,0.9325,12.68,24.8632,7.9105,5.6573,3.9645,4.2573,4.5525,0.0091,0.0,0.0045,2.908,909.0909,22.8831,9150.2899,2.0486,4.299,86.3125,85.5439,11.9485,150.0945,양품
1.0482,-0.0101,64.1184,0.0232,-5594.5,70.5778,3.093,-0.5204,15.8,256.4716,7.0488,0.0951,1.163,229.0713,1.9768,9.534,-0.0141,5.4803,0.6814,18.9518,0.6743,2746.5,15.83,,4.1089,11.1285,997.1394,0.0,1.3564,0.9325,17.56,18.4159,7.9995,11.4389,4.5267,3.7884,4.567,-0.0257,0.0,0.0046,2.496,483.7209,22.2034,9101.0101,2.9177,4.6644,86.2809,84.7391,21.4524,150.9864,양품
-1.03,-0.013,22.2863,0.0146,-5349.25,69.0111,4.023,0.2365,15.74,115.101,7.1241,0.1272,0.946,428.0556,2.006,9.0402,-0.0006,5.7366,0.7996,21.03,0.5614,2602.75,15.83,,3.7675,12.2063,1007.9494,0.0,1.8156,0.9223,17.81,35.8946,16.1009,4.5941,2.3342,9.7229,4.5444,-0.0136,821.3592,0.0056,2.908,930.2326,29.0276,8954.0201,2.5,8.0411,85.9998,84.7632,18.987,150.3664,양품
-1.0445,-0.0131,43.3873,0.0151,-5337.75,70.6778,5.2834,0.2365,15.74,194.9981,5.6802,0.1656,0.946,478.3307,1.9897,8.9036,-0.0113,5.4634,0.7996,21.0445,0.5614,2674.75,15.83,,5.518,8.869,1007.9494,0.0,0.5793,0.9322,27.39,33.0317,16.8491,19.1223,4.2986,4.6415,4.5594,0.0175,0.0,0.0048,2.908,330.4348,26.977,8540.1201,4.1522,6.09,86.4182,86.1541,15.4662,142.4118,양품
0.5982,-0.0105,35.2381,0.0242,-5424.5,69.0333,1.4912,0.2365,15.74,87.5762,5.3937,0.0504,0.946,337.59,2.0063,9.2064,-0.0134,5.1389,0.7996,19.4018,0.5614,2459.75,15.83,,3.7663,8.6325,1007.9494,0.0,1.1365,0.932,14.5,21.7136,12.1509,7.9448,3.8078,3.1249,4.5587,-0.0187,708.8157,0.0064,2.908,359.5506,26.9923,8358.77,1.26,2.7769,86.233,84.4782,27.4373,146.5636,양품
0.4264,-0.0104,73.253,0.0196,-5092.25,70.5333,2.368,-0.8042,15.87,110.9876,5.9246,0.0739,1.229,188.0414,1.997,8.7187,-0.0199,5.3952,0.7003,19.5736,0.6916,2613.25,15.92,,2.6938,8.0673,1009.5254,0.0,0.897,0.9324,18.77,23.7783,11.3727,19.5795,4.142,3.7573,4.539,0.0006,0.0,0.0047,2.553,352.9412,28.6582,9153.9899,3.8331,5.1531,86.5659,84.02,15.4662,145.0518,양품
1.3255,-0.0123,31.6109,0.0201,-5440.5,67.8556,2.8779,-0.8042,15.87,138.6194,7.9193,0.0965,1.229,456.8249,2.0213,8.7646,-0.0036,7.124,0.7003,18.6745,0.6916,2568.0,15.92,,2.5053,8.5997,1009.5254,0.0,2.179,0.9237,13.29,42.3443,10.3891,7.7659,2.2924,7.4533,4.5523,-0.0024,616.3923,0.0031,2.553,185.3659,23.5176,8374.1201,2.3517,5.9736,86.6219,84.0399,31.1285,148.9264,양품
-3.4191,-0.0095,52.7009,0.0281,-5412.75,72.8556,1.3861,0.1419,15.61,81.6144,5.9569,0.0463,0.8278,438.3799,1.9773,8.2914,-0.0048,5.4727,0.7131,23.4191,0.6257,2577.75,15.71,,3.4314,10.4259,995.1202,0.0,1.2385,0.9325,18.51,23.4752,13.4273,15.5898,4.5032,4.1054,4.5209,-0.0527,333.1295,0.0051,3.175,0.0,31.3745,8781.87,3.1443,4.0183,86.5211,83.4425,15.4662,144.4445,양품
0.1773,-0.0126,43.6941,0.0156,-5731.25,68.6111,1.8426,-0.8042,15.87,334.9791,7.8425,0.0671,1.229,333.7498,1.9675,8.7646,-0.019,6.9833,0.7003,19.8227,0.6916,2725.5,15.92,,3.7895,9.4855,1009.5254,0.0,1.8156,0.9237,12.12,26.151,12.1881,9.0799,2.0037,6.3655,4.5523,-0.0175,0.0,0.0039,2.553,0.0,25.1431,8591.16,2.277,6.0079,86.6219,84.0399,56.125,150.97,양품
-1.7336,-0.0098,40.9731,0.0194,-5200.25,71.7889,1.3426,-0.5204,15.74,200.1674,4.649,0.0437,1.276,80.8512,1.9505,9.1526,0.0011,4.2864,0.7154,21.7336,0.6695,2465.5,15.78,,4.7361,3.5814,996.3344,0.0,1.7725,0.932,20.57,33.1272,14.2328,6.8712,4.2043,3.454,4.5587,-0.0097,291.8721,0.0033,2.521,589.4737,29.4636,8641.8901,1.5639,3.5551,86.1978,84.5275,21.7489,144.4718,양품
-6.74,-0.0084,41.543,0.0195,-5415.25,69.2444,2.2029,0.1419,15.61,345.5339,6.1771,0.0815,0.8278,113.5411,1.9943,9.7137,-0.0322,4.5814,0.7131,26.74,0.6257,2674.5,15.71,,3.6104,8.027,995.1202,0.0,0.7271,0.9052,19.41,29.2547,17.1018,4.9107,2.7274,4.736,4.5622,-0.0109,156.2315,0.0032,3.175,0.0,36.3451,8528.15,3.265,6.3969,86.9537,85.9501,31.3264,154.1382,양품
-3.1927,-0.0088,40.7932,0.0156,-5156.5,73.0778,0.8922,0.1419,15.61,118.0321,4.475,0.0312,0.8278,223.8102,1.99,8.4537,-0.0082,4.2978,0.7131,23.1927,0.6257,2613.25,15.71,5.4355,2.7368,7.9645,995.1202,0.0,1.8156,0.9296,24.19,23.911,16.0309,12.9198,4.4741,3.0517,4.4842,-0.0359,234.2825,0.0051,3.175,366.6667,30.3384,9007.49,1.9496,5.9296,86.8072,86.8634,15.4662,144.1809,양품
2.7927,-0.0091,56.044,0.0245,-5419.75,73.1222,4.3207,-0.8042,15.87,379.5931,5.3451,0.1323,1.229,152.3797,1.9645,8.2345,-0.0107,4.8754,0.7003,17.2073,0.6916,2727.25,15.92,,3.6924,8.7587,1009.5254,0.0,0.6399,0.9308,13.3,19.1756,9.7528,7.6311,3.9386,3.9522,4.5585,-0.0115,138.5742,0.0045,2.553,224.7191,21.2465,8742.2499,1.1377,4.3212,86.6958,85.3996,17.8449,152.0682,양품
3.64,-0.0127,63.6542,0.0281,-5470.0,71.0889,0.5929,-0.8042,15.87,169.849,7.9278,0.0182,1.229,585.2811,2.0133,9.2064,-0.0021,6.6509,0.7003,16.36,0.6916,2498.0,15.92,,3.5167,8.5741,1009.5254,0.0,1.8156,0.923,14.78,33.6613,10.5946,8.9801,2.2177,4.9673,4.5459,-0.0193,175.0,0.0039,2.553,466.6667,21.5576,8882.3801,2.222,6.8663,86.233,84.4782,36.0394,145.7527,양품
1.0691,-0.0084,84.3982,0.0165,-5645.0,75.2333,3.9093,-0.5204,16.08,135.206,4.8521,0.1163,1.154,407.2419,1.9933,8.9833,0.0012,4.5097,0.7492,18.9309,0.6841,2489.0,16.07,7.8392,3.0572,5.8563,1015.5678,0.0,1.1829,0.9356,18.98,27.0913,16.3182,4.6125,3.7187,4.55,4.7218,0.024,365.7313,0.0044,2.627,0.0,26.2719,8649.4701,1.3939,5.6878,87.7644,84.3441,18.9862,145.4955,불량
-1.8736,-0.0074,31.0811,0.0212,-5399.75,70.6667,2.8757,1.419,15.75,155.3984,5.6345,0.0939,0.7048,433.1046,1.997,8.8973,-0.0063,4.6529,0.821,21.8736,0.5426,2506.0,15.79,,4.2453,5.6064,999.5619,0.0,0.4934,0.9318,15.74,9.7287,10.3961,15.7001,4.5163,4.2324,4.5499,-0.0581,590.2954,0.0039,3.063,292.3077,28.7462,8947.47,3.3212,5.5372,86.4023,84.6927,15.4662,142.7082,불량
5.7309,-0.0086,60.6414,0.0229,-5280.25,70.9444,4.8648,-0.7569,15.87,177.8227,4.0778,0.1532,1.182,669.5667,2.0005,9.534,-0.0255,3.3589,0.7397,14.2691,0.6769,2488.75,15.89,25.6559,4.0877,8.0052,1006.9773,0.0,1.7649,0.9315,22.22,25.2303,11.0109,10.2124,3.9131,8.1035,4.5545,-0.0353,155.2982,0.0054,2.649,314.2857,19.064,8089.78,2.9785,7.3118,86.2809,84.7391,15.4662,144.3827,양품
-4.0527,-0.0079,65.4088,0.0145,-4921.0,69.9556,1.5459,2.458,15.61,260.8869,5.8493,0.0526,1.097,280.0417,2.002,8.9036,-0.0145,4.8502,0.8346,24.0527,0.565,2437.0,15.69,,4.1455,13.1133,992.8867,0.0,1.4596,0.9318,14.34,14.4772,11.2296,14.0996,4.4124,6.4994,4.5499,0.0286,185.5541,0.0042,2.982,0.0,28.5411,8579.95,2.307,5.6088,86.4182,86.1541,15.4662,146.4755,불량
-2.5418,-0.0055,107.5171,0.0279,-5554.25,71.0667,3.5787,1.419,15.75,291.3902,4.8906,0.1197,0.7048,469.1847,1.969,8.8973,0.0066,4.8227,0.821,22.5418,0.5426,2633.25,15.79,,4.3621,6.0388,999.5619,0.0,1.294,0.9281,19.02,30.7095,13.0309,7.3641,2.8151,4.6392,4.5226,-0.0462,133.7625,0.0054,3.063,268.8525,30.2949,8489.36,1.3017,5.8437,86.4023,84.6927,15.4662,149.5964,불량
-6.6455,-0.0105,30.5489,0.0236,-5284.0,70.0778,1.9042,0.0,15.78,247.2603,5.6453,0.059,1.276,178.518,2.0227,8.9036,-0.0213,5.543,0.7446,26.6455,0.6263,2549.5,15.79,,5.8506,9.4381,998.9491,0.0,1.8156,0.9318,17.33,26.8762,9.2946,18.4004,4.2618,5.6033,4.5499,-0.0182,169.5894,0.0056,2.569,937.1429,32.9574,8704.85,3.0358,4.7459,86.4182,86.1541,15.4662,144.9145,불량
1.0518,-0.0119,31.0924,0.0217,-5396.75,70.3556,2.6592,-0.8042,15.87,103.2904,4.0382,0.0933,1.229,212.8401,1.9837,9.0744,-0.0082,3.4986,0.7003,18.9482,0.6916,2587.25,15.92,,4.1219,8.8862,1009.5254,0.0,1.5972,0.932,19.47,45.0111,13.4773,9.198,3.9558,5.0215,4.5587,-0.0152,342.2645,0.0032,2.553,0.0,25.6986,8388.06,1.0598,4.9183,85.9594,84.9605,15.4662,146.5709,양품
-0.81,-0.0096,21.9608,0.0161,-5048.5,69.0333,2.1798,-1.277,15.78,178.9644,4.5788,0.0695,1.22,182.7795,1.98,9.1526,-0.0108,3.7451,0.7223,20.81,0.6697,2605.75,15.89,,3.7663,9.5368,1004.9108,0.0,2.1874,0.9315,22.71,28.4938,15.3527,6.7251,3.5114,7.8785,4.5545,-0.0411,613.5802,0.0047,2.673,286.4198,25.9771,9126.48,1.5613,4.3953,86.1978,84.5275,18.5318,145.46,양품
-5.1491,-0.0089,39.2707,0.0208,-5489.75,74.3778,1.9172,-1.277,15.78,373.9165,6.5356,0.0621,1.22,185.1331,1.97,9.1637,-0.01,5.4255,0.7223,25.1491,0.6697,2713.75,15.89,0.0,3.3612,8.3054,1004.9108,0.0,1.8156,0.9218,23.35,16.3653,13.4673,4.5548,2.4021,6.2464,4.5187,-0.0386,188.9654,0.0043,2.673,565.5172,33.1448,8553.2301,2.6728,7.336,87.3675,84.8754,37.6347,147.2845,양품
6.2636,-0.0109,29.2571,0.0186,-5673.5,72.3667,2.7019,-1.277,15.78,361.3875,7.2888,0.0969,1.22,178.6328,1.9885,9.7571,-0.028,5.0398,0.7223,13.7364,0.6697,2804.75,15.89,,7.1856,9.9972,1004.9108,0.0,1.8156,0.9237,10.14,38.5485,7.0,10.6741,2.0995,8.6184,4.5523,-0.0236,69.2888,0.0217,2.673,567.0886,17.925,8989.5801,1.3345,6.3556,86.8511,84.1477,15.4662,150.3764,양품
-4.8873,-0.0098,35.7143,0.0252,-5652.0,72.0444,0.914,-1.277,15.78,152.8929,5.1937,0.0307,1.22,393.2709,2.001,8.7609,0.0046,4.4221,0.7223,24.8873,0.6697,2740.25,15.89,,3.8865,10.5207,1004.9108,0.0,1.9321,0.9316,15.85,26.7763,12.923,12.8202,4.3144,1.7904,4.5217,-0.0365,102.9206,0.0031,2.673,537.7049,29.3586,9117.9701,1.5209,5.6406,87.0545,85.8815,7.9929,153.5982,양품
-2.15,-0.0123,65.9207,0.0173,-5467.75,74.8556,2.6235,-0.615,15.84,163.94,6.496,0.0798,1.338,380.1924,1.99,8.1409,-0.0091,5.2302,0.7202,22.15,0.6772,2577.5,15.85,,2.5382,8.7182,1010.0437,0.0,1.8156,0.9223,10.65,22.4929,20.4236,8.7699,2.3307,8.2545,4.5444,-0.0283,280.0,0.004,2.594,477.193,27.7632,8701.4599,1.945,5.728,86.8207,83.6845,18.3442,147.9191,양품
-1.97,-0.0111,27.8652,0.0337,-5377.0,74.9222,1.9435,1.655,15.75,324.8604,5.6848,0.0637,0.946,315.545,1.9545,9.088,0.0021,5.0281,0.8137,21.97,0.5197,2511.75,15.86,,3.8707,6.7802,1008.4892,0.0,1.8156,0.9347,16.47,22.1334,11.5518,2.814,3.1362,2.8027,4.535,-0.0236,285.2792,0.0064,3.064,0.0,27.9713,8362.97,1.5067,5.3483,87.3122,84.5612,25.7912,148.0709,양품
0.7,-0.0102,36.2301,0.0257,-5311.0,76.4889,2.2078,-0.615,15.84,70.157,8.5613,0.0673,1.338,570.1164,2.0057,9.088,-0.0217,6.4045,0.7202,19.3,0.6772,2571.0,15.85,,4.3144,9.9235,1010.0437,0.0,1.8156,0.9236,11.87,32.5922,14.2063,10.5799,1.9844,7.0696,4.5226,0.0061,0.0,0.0052,2.594,0.0,24.3734,8892.2801,2.7465,6.6506,87.3122,84.5612,15.4662,147.9573,양품
-2.7136,-0.0129,16.3107,0.0211,-5425.5,74.0889,2.7842,-1.277,15.78,299.6135,7.6071,0.0822,1.22,492.3078,1.992,9.6515,0.0149,6.0706,0.7223,22.7136,0.6697,2583.75,15.89,,2.9694,8.9192,1004.9108,0.0,0.921,0.9223,11.94,21.569,18.4754,7.026,2.2198,6.015,4.5444,-0.0037,272.6968,0.0047,2.673,0.0,30.7182,8835.2399,2.5409,5.8632,86.7475,84.3147,21.6591,151.1218,양품
-5.2427,-0.0118,34.8936,0.0167,-5439.25,74.9556,2.2592,-0.615,15.84,44.8442,7.017,0.0674,1.338,295.8168,1.9935,8.8097,-0.0115,5.515,0.7202,25.2427,0.6772,2566.5,15.85,,7.0709,7.7739,1010.0437,0.0,2.6281,0.9052,15.1,34.3994,21.8591,4.121,2.535,8.0432,4.5622,-0.0207,247.5811,0.0034,2.594,523.4568,32.4059,9314.81,3.923,5.9495,86.7776,85.04,32.5592,144.8427,양품
-2.8055,-0.0113,48.5651,0.0318,-5361.75,74.6,4.2331,-0.615,15.84,190.0956,6.7837,0.1289,1.338,218.2054,1.9917,9.6515,-0.0132,6.2449,0.7202,22.8055,0.6772,2532.5,15.85,,4.1555,7.9824,1010.0437,0.0,1.3178,0.9324,18.89,26.0086,12.4691,20.1851,3.9803,5.1201,4.539,-0.0653,561.0504,0.0041,2.594,0.0,30.6359,9877.1401,3.822,6.0246,86.7475,84.3147,27.2703,145.6991,양품
-4.6582,-0.0123,38.9452,0.0205,-5506.5,67.6333,2.2054,-0.615,15.84,254.8869,8.7342,0.0682,1.338,326.9093,1.9977,8.7326,-0.0029,6.5069,0.7202,24.6582,0.6772,2659.0,15.85,,2.3657,7.7847,1010.0437,0.0,1.8156,0.9168,16.41,31.1368,13.231,3.7301,2.719,4.7022,4.5074,-0.0179,281.0109,0.0034,2.594,246.9136,29.2938,8344.61,3.9729,6.4742,86.441,85.4593,15.4662,147.3764,양품
-1.1455,-0.0106,33.8028,0.0216,-5475.5,70.5444,2.8396,-0.7569,15.87,72.3003,7.5121,0.0942,1.357,257.5066,2.0115,9.3181,-0.011,6.2064,0.7085,21.1455,0.6758,2553.0,15.91,,3.4021,8.5012,1008.1634,0.0,2.038,0.9222,20.73,23.0106,21.27,5.4472,2.1869,4.1182,4.5255,-0.0368,704.5238,0.0044,2.606,951.3514,28.8169,9731.4398,2.5492,6.6567,87.4062,86.899,15.4662,145.6936,불량
3.1336,-0.0062,53.2258,0.0536,-5486.5,70.0444,3.0675,-1.83,16.09,186.0276,4.8532,0.1079,1.757,442.479,2.0045,8.7556,-0.0138,4.9556,0.7182,16.8664,0.7673,2656.25,16.09,,5.1396,8.8398,1013.1402,0.0,1.8156,0.9281,17.5,30.1178,8.3765,6.8496,3.0204,4.2996,4.5226,-0.0232,298.3754,0.0034,2.734,642.4242,19.9461,9079.4401,3.1834,4.7951,86.5808,85.549,25.491,146.7591,불량
3.6809,-0.0115,32.9718,0.0205,-5546.0,70.4,5.1484,1.655,15.75,189.8409,7.285,0.1618,0.946,129.6842,2.0085,9.0744,-0.0179,5.4937,0.8137,16.3191,0.5197,2687.75,15.86,,3.6932,7.7344,1008.4892,0.0,1.8156,0.9228,7.33,37.3638,7.534,6.3337,2.1367,4.1813,4.5537,-0.0357,300.1976,0.0049,3.064,523.0769,19.1189,8365.7701,3.1888,6.4362,85.9594,84.9605,15.4662,149.7127,양품
5.17,-0.0114,48.4048,0.015,-5285.0,74.5333,1.6383,-0.615,15.84,58.0057,7.2793,0.0628,1.338,129.7947,1.9923,8.2061,-0.002,6.3756,0.7202,14.83,0.6772,2530.0,15.85,,3.7567,7.0063,1010.0437,0.0,0.6138,0.9225,8.16,25.3661,12.4014,6.2203,2.1706,6.4886,4.5689,-0.0466,178.7234,0.0068,2.594,0.0,21.7509,9855.6601,2.6213,7.8859,86.7514,85.4577,15.4662,146.41,양품
-1.2955,-0.0099,54.8223,0.0322,-5312.75,70.8778,3.0902,-0.615,15.84,154.3362,8.243,0.0969,1.338,289.2304,1.9865,8.8215,-0.0183,5.7589,0.7202,21.2955,0.6772,2483.5,15.85,,4.5148,8.2841,1010.0437,0.0,1.8156,0.9201,20.89,20.4703,12.7055,5.1293,2.525,7.9285,4.5499,-0.0263,0.0,0.0037,2.594,383.6735,25.4943,8635.06,4.4914,7.3001,86.4386,85.9331,13.1858,151.1009,양품
3.8109,-0.0102,69.7789,0.0146,-5260.25,72.8444,3.7804,-0.615,15.84,225.2249,6.8522,0.121,1.338,237.6052,2.0088,8.9605,-0.0062,5.409,0.7202,16.1891,0.6772,2597.75,15.85,,5.6284,8.3756,1010.0437,0.0,1.3259,0.9236,13.73,23.5536,9.3073,9.9655,2.437,5.1132,4.5226,-0.0363,169.7758,0.004,2.594,0.0,20.0076,8051.8799,1.9549,6.4097,86.4061,84.078,15.4662,147.2645,양품
2.0509,-0.0114,60.6593,0.026,-5445.25,67.9778,4.7706,-0.615,15.84,202.853,6.612,0.1414,1.338,406.9532,1.989,8.6556,-0.0285,6.5409,0.7202,17.9491,0.6772,2514.0,15.85,,4.119,8.3567,1010.0437,0.0,1.5426,0.9323,8.0,40.5582,6.7595,6.2475,3.3642,8.3516,4.5941,-0.0319,214.0514,0.0071,2.594,443.0769,21.0498,9478.1301,1.3615,6.1772,86.3125,85.5439,15.4662,148.2345,양품
0.6327,-0.0107,59.0164,0.0207,-5431.75,76.9333,4.6768,0.0,15.86,88.5226,6.9689,0.1401,1.229,274.2631,1.9805,8.324,-0.0092,5.5223,0.7612,19.3673,0.6652,2760.75,15.84,,3.1196,12.2262,1003.84,0.0,0.9942,0.9225,10.84,25.1243,17.6763,9.6712,1.9286,5.3109,4.5689,-0.0367,0.0,0.0074,2.638,825.8065,26.2879,9053.7301,2.0869,6.0107,86.8486,85.4772,20.8476,147.4336,양품
1.7036,-0.0115,44.2037,0.0267,-5483.0,75.8889,1.3434,0.0,15.86,188.0656,5.3636,0.0435,1.229,260.1653,1.9457,9.088,-0.0137,5.1404,0.7612,18.2964,0.6652,2549.0,15.84,,3.1625,11.355,1003.84,0.0,2.2047,0.9303,14.5,48.8463,10.8691,8.6401,3.9373,4.4746,4.5727,-0.027,311.6862,0.0045,2.638,0.0,24.6959,8729.2999,1.4672,4.7834,87.3122,84.5612,15.4662,149.7345,양품
-1.7818,-0.0119,21.8258,0.0302,-5149.0,76.3778,8.175,1.655,15.75,321.8581,7.3056,0.2636,0.946,625.422,2.0055,8.2061,-0.0039,6.2744,0.8137,21.7818,0.5197,2470.0,15.86,,3.4041,8.4422,1008.4892,0.0,1.8156,0.9225,15.5,20.3593,19.2891,7.9487,1.93,4.0694,4.5689,-0.0241,468.0612,0.0044,3.064,0.0,28.9752,9155.75,2.1528,5.8343,86.7514,85.4577,18.1671,147.9336,양품
-2.2373,-0.0125,33.7011,0.0259,-5398.75,74.4444,1.6723,0.0,15.86,197.0455,6.4999,0.0502,1.229,327.9191,1.9943,9.1637,-0.0138,5.7864,0.7612,22.2373,0.6652,2552.75,15.84,,2.8209,11.4067,1003.84,0.0,1.6134,0.9347,10.28,32.4865,9.3951,5.2207,3.3323,6.3223,4.535,-0.0084,215.4409,0.0042,2.638,0.0,25.722,9277.0299,1.4143,5.2203,87.3675,84.8754,27.316,147.4155,양품
-4.9627,-0.0117,23.0523,0.0255,-5238.0,69.6667,7.661,1.655,15.75,109.5628,6.999,0.2701,0.946,606.9393,1.9805,9.1526,-0.0112,5.5559,0.8137,24.9627,0.5197,2757.0,15.86,,4.4498,7.4135,1008.4892,0.0,1.466,0.9223,20.2,18.6553,18.1427,5.7929,2.2995,5.8746,4.5444,-0.0641,140.447,0.0028,3.064,0.0,33.0104,9625.2601,2.2986,8.2134,86.1978,84.5275,9.3125,150.9882,양품
-2.0327,-0.0124,33.0312,0.0229,-5305.25,68.4556,2.1032,-1.229,15.84,59.6455,8.1124,0.0679,1.347,443.9012,1.9875,9.1526,0.0018,6.4553,0.7189,22.0327,0.6665,2482.75,15.83,,3.652,9.8643,1003.2011,0.0,1.2133,0.9168,12.62,42.9683,11.9366,5.2334,2.4365,4.8172,4.5074,-0.0478,517.5313,0.0089,2.585,662.8571,25.7305,8790.21,3.5695,6.4433,86.1978,84.5275,14.9011,145.5209,양품
-1.8709,-0.0114,23.7624,0.0226,-5516.5,76.6556,3.2877,0.0473,15.85,94.4965,6.3841,0.1053,1.376,379.6195,1.9975,9.1141,0.0032,5.9033,0.743,21.8709,0.6492,2607.75,15.83,,4.1745,8.4588,1004.05,0.0,,0.8759,14.8,32.7652,16.8191,4.8561,3.5022,4.1828,4.2199,-0.02,203.6443,0.0034,2.678,953.8462,32.0785,8580.0998,1.1839,4.6794,87.2937,84.7662,22.7307,141.77,양품
3.7555,-0.0117,44.3497,0.027,-5206.0,69.0333,2.457,1.655,15.75,264.5302,7.7094,0.0764,0.946,180.7964,1.9875,9.2064,-0.003,6.8527,0.8137,16.2445,0.5197,2634.25,15.86,,2.8972,13.5128,1008.4892,0.0,1.8156,0.923,14.91,45.8883,10.22,7.0599,2.109,7.5153,4.5459,-0.0174,236.1898,0.0037,3.064,368.254,21.1934,9810.0799,2.3759,7.1315,86.233,84.4782,15.4662,145.3036,양품
-4.8609,-0.0115,35.6522,0.0308,-4977.5,74.0778,3.0339,-1.371,15.91,254.337,6.914,0.09,1.229,1362.3398,2.0032,9.6515,-0.0044,6.8943,0.709,24.8609,0.6369,2521.0,15.9,,3.5098,7.6071,1006.7654,0.0,0.7314,0.932,19.75,28.7328,12.2481,7.683,3.8319,6.2351,4.5587,-0.0519,92.5753,0.0041,2.683,815.6863,29.9044,9639.37,1.4827,4.0427,86.7475,84.3147,15.4662,147.5527,양품
-0.1145,-0.01,31.9202,0.0229,-5404.5,70.1889,4.2432,0.0473,15.85,103.4356,7.1176,0.1637,1.376,254.9804,2.0042,8.8215,-0.0166,6.0202,0.743,20.1145,0.6492,2492.75,15.83,4.7893,2.422,7.4507,1004.05,0.0,2.2414,0.9201,16.51,12.7454,12.8237,4.4543,2.6237,5.2041,4.5499,-0.0456,0.0,0.0029,2.678,632.2581,24.1581,9139.0,3.3517,5.5961,86.4386,85.9331,33.3468,153.1482,양품
-3.9255,-0.0118,53.5032,0.0236,-5241.0,69.9556,5.2649,0.0,15.86,157.4685,7.1302,0.1753,1.229,377.2329,1.9863,8.8973,0.0057,6.3058,0.7612,23.9255,0.6652,2434.5,15.84,,3.8596,10.3404,1003.84,0.0,1.8459,0.9325,14.48,26.2699,16.7264,17.1332,4.4281,5.146,4.567,-0.0304,304.9328,0.005,2.638,818.6047,33.7369,9304.9102,3.0567,5.5779,86.4023,84.6927,34.7443,141.6636,양품
-3.54,-0.0111,51.5254,0.027,-5393.5,67.0889,1.9387,0.0,15.86,247.7512,6.3854,0.0607,1.229,534.1719,2.0013,8.627,0.0014,4.751,0.7612,23.54,0.6652,2659.0,15.84,,2.683,10.8438,1003.84,0.0,0.9035,0.9168,19.73,18.3779,16.8346,5.5842,2.5953,4.8902,4.5074,-0.026,288.7006,0.004,2.638,920.0,32.7742,8877.9699,3.2055,6.4931,86.4671,85.1404,15.4662,140.4845,양품
-5.68,-0.0113,26.4901,0.0245,-5422.75,71.0,2.5963,0.0473,15.85,109.8829,5.896,0.0896,1.376,269.2364,1.953,8.8215,-0.017,5.2182,0.743,25.68,0.6492,2571.75,15.83,,2.8169,10.95,1004.05,0.0,1.8156,0.9166,17.4,36.8197,21.0745,5.9403,2.1503,8.4634,4.499,-0.0277,148.7676,0.0095,2.678,482.0513,37.8425,8893.96,2.5123,8.7128,86.4386,85.9331,29.6115,146.5136,양품
2.4209,-0.0122,25.4882,0.019,-5130.75,73.3667,3.2973,0.0473,15.85,225.5645,5.114,0.1111,1.376,1100.5957,1.9842,8.7786,0.002,5.1557,0.743,17.5791,0.6492,2611.0,15.83,,4.3617,10.2173,1004.05,0.0,1.8156,0.9323,10.54,52.6453,4.5836,6.0348,3.8634,4.2983,4.5467,-0.0392,328.389,0.0065,2.678,0.0,20.979,,2.2953,5.1269,86.4039,83.3424,21.458,150.2936,양품
-0.3136,-0.011,63.5641,0.0439,-5392.25,70.1556,3.2999,0.2838,16.07,239.2001,8.8015,0.1002,1.286,365.4863,1.9777,9.0447,-0.0274,7.2903,0.7772,20.3136,0.6539,2619.0,16.09,,4.4188,9.1535,1012.9091,0.0,1.8156,0.9225,25.28,47.3107,14.3272,4.4931,2.3163,9.1663,4.5323,-0.0277,0.0,0.0039,2.589,0.0,24.218,8200.72,2.4969,8.7115,86.2033,84.6724,28.1405,142.9155,불량
-0.0345,-0.0064,46.875,0.0286,-5390.0,70.2556,2.7115,1.419,15.69,153.4609,5.3009,0.0848,0.8089,349.919,2.0025,9.3181,-0.0107,4.4176,0.8557,20.0345,0.4628,2596.25,15.73,,3.2738,10.3963,995.0191,0.0,1.8156,0.9291,23.9,20.1231,18.2227,8.0142,4.2264,7.1003,4.6328,-0.0219,0.0,0.0033,2.971,610.9091,26.8018,8989.4699,2.7512,5.6878,87.4062,86.899,33.4083,143.5155,불량
-1.2164,-0.0108,45.5814,0.0234,-5274.25,73.0778,5.3867,-0.615,15.84,226.6701,5.2422,0.1765,1.338,643.0948,1.959,9.6515,0.0093,5.0102,0.7202,21.2164,0.6772,2565.0,15.85,,3.9684,9.7716,1010.0437,0.0,1.7309,0.9324,16.41,19.9773,12.5907,22.3041,4.1434,10.9187,4.539,-0.0204,0.0,0.0065,2.594,778.3784,28.6008,9166.9001,4.6951,5.53,86.7475,84.3147,70.9311,141.4091,불량
1.8109,-0.0128,45.4012,0.0273,-5043.5,75.5778,1.0712,0.0,15.86,200.8704,4.8013,0.0371,1.593,483.398,1.9788,9.1141,-0.0078,4.6753,0.6957,18.1891,0.6599,2611.25,15.9,7.5941,3.7048,11.8035,1002.5096,0.0,1.9775,0.9319,17.78,52.452,13.62,7.1316,3.8782,5.9964,4.5373,-0.0488,436.7972,0.0026,2.593,583.0508,23.7805,9252.4802,2.0542,4.6609,87.2937,84.7662,15.4662,151.2564,양품
1.2109,-0.0097,16.5589,0.0273,-5547.5,74.9556,1.8791,0.0,15.86,344.5587,6.5606,0.0582,1.593,163.1247,1.9902,8.9818,-0.0087,5.6418,0.6957,18.7891,0.6599,2910.0,15.9,,5.8701,12.1794,1002.5096,0.0,1.6488,0.9334,10.89,21.7939,5.9698,8.3849,3.1469,3.1765,4.5315,-0.0225,487.2368,0.0029,2.593,911.1111,19.5172,9486.4399,1.9732,4.4988,86.7637,84.7951,15.4662,148.9073,양품
-2.5945,-0.0121,44.4444,0.0376,-5294.5,74.7,4.1892,0.0,15.86,94.3486,6.2475,0.1345,1.593,578.3935,2.0017,9.6515,-0.0036,6.0209,0.6957,22.5945,0.6599,2665.5,15.9,,4.2838,9.6107,1002.5096,0.0,1.896,0.9323,10.89,34.7159,6.7378,4.6107,3.2596,3.3232,4.5941,-0.0375,154.9404,0.0049,2.593,0.0,27.401,9256.32,1.1502,5.6675,86.7475,84.3147,15.4662,145.9455,양품
-2.91,-0.0126,24.5788,0.0244,-5259.25,67.2,2.3179,0.0,15.86,270.728,7.3243,0.0702,1.593,217.0705,1.9752,8.8105,-0.0091,6.0364,0.6957,22.91,0.6599,2618.5,15.9,,3.4226,11.2707,1002.5096,0.0,1.8156,0.9324,14.23,16.8287,12.4601,17.5013,4.0338,2.7876,4.539,-0.0146,453.2641,0.0052,2.593,714.8936,30.1735,8896.81,3.6401,5.9933,86.7128,86.9432,15.4662,143.1318,양품
-3.2436,-0.0099,30.2267,0.0351,-5395.5,76.3,1.9874,-0.8042,15.74,312.4819,7.1874,0.0772,1.366,617.4401,1.999,9.1637,0.0023,5.5141,0.7348,23.2436,0.6621,2490.75,15.79,,4.8493,12.1227,1002.7791,0.0,0.8427,0.9223,12.64,19.935,18.2436,4.9115,2.4017,5.7353,4.5444,-0.0186,255.2691,0.0084,2.594,0.0,31.0876,8632.2199,2.6236,5.308,87.3675,84.8754,17.8036,150.2982,양품
-3.6345,-0.0109,40.2286,0.0237,-5573.75,72.4222,2.8555,0.0,15.86,201.6837,5.8711,0.0879,1.593,361.4926,2.0225,8.9605,-0.0052,6.0318,0.6957,23.6345,0.6599,2926.5,15.9,,6.6278,12.6161,1002.5096,0.0,,0.8771,17.23,24.7884,14.6255,6.0582,3.0365,4.6133,4.2231,-0.033,153.8019,0.0039,2.593,512.5,30.6162,,1.5687,5.538,86.4061,84.078,35.8874,146.7509,양품
-3.9927,-0.0106,53.584,0.0257,-5487.0,77.9,4.4087,-0.8042,15.74,73.2302,6.7416,0.139,1.366,469.5821,2.0025,8.2061,-0.0112,7.157,0.7348,23.9927,0.6621,2705.0,15.79,,3.9795,11.0992,1002.7791,0.0,1.5503,0.8765,18.47,22.9524,12.1855,2.5414,3.199,2.5272,4.2218,-0.0211,121.2204,0.004,2.594,956.0976,31.3727,9053.11,1.4216,5.2773,86.7514,85.4577,24.6741,149.9682,양품
-2.3618,-0.0144,38.8215,0.0183,-5364.75,67.0222,1.667,-0.8042,15.74,151.9592,6.836,0.051,1.366,135.7998,2.014,8.627,-0.0006,5.6251,0.7348,22.3618,0.6621,2454.25,15.79,,4.9237,7.3558,1002.7791,0.0,0.9898,0.9325,11.31,23.2428,8.8241,7.1437,3.4855,4.0841,4.5525,-0.0098,176.1355,0.0062,2.594,413.3333,28.1426,8281.2099,1.4436,4.4809,86.4671,85.1404,15.4662,149.1164,양품
4.7282,-0.01,50.8728,0.0242,-5464.5,69.1111,2.8499,0.0,15.86,187.9246,6.9325,0.0911,1.593,561.8983,1.9983,9.0447,0.0098,5.439,0.6957,15.2718,0.6599,2659.5,15.9,,3.6174,9.574,1002.5096,0.0,1.0538,0.9201,20.97,37.7657,12.2364,6.8757,2.7323,5.44,4.5499,-0.0384,263.3145,0.0043,2.593,800.0,20.6354,9002.91,3.7759,7.2854,86.2033,84.6724,48.6566,141.9118,양품
-3.1964,-0.0073,45.0512,0.0291,-5362.5,68.4333,3.489,-0.8042,15.74,97.3961,6.2762,0.121,1.366,195.8307,2.0092,8.627,-0.0024,6.0216,0.7348,23.1964,0.6621,2615.0,15.79,,5.1145,9.1992,1002.7791,0.0,1.6698,0.9308,13.8,21.7815,10.6836,7.479,4.0118,4.4213,4.5593,-0.0441,131.0865,0.0044,2.594,826.6667,28.1993,9054.8901,1.1753,5.4248,86.4671,85.1404,32.2135,149.7309,양품
-1.5036,-0.0117,25.5591,0.0269,-5378.0,73.3111,1.6458,-0.8042,15.74,172.8246,4.9589,0.0543,1.366,181.8259,2.008,9.7571,-0.0079,3.8341,0.7348,21.5036,0.6621,2519.5,15.79,,8.7299,10.7281,1002.7791,0.0,0.8516,0.9347,13.31,13.0968,7.6373,4.7142,3.5318,2.8462,4.535,-0.0643,444.9217,0.005,2.594,923.0769,25.5747,8933.5201,1.9827,3.7802,86.8511,84.1477,15.4662,146.16,양품
8.9964,-0.0124,35.4481,0.0177,-5339.75,74.9778,3.5763,-0.8988,15.73,95.4236,6.9415,0.1119,1.201,376.0393,2.0252,9.1141,-0.0048,6.1254,0.6676,11.0036,0.67,2520.5,15.79,4.4113,3.6011,12.3068,1000.4489,0.0,1.8156,0.9237,17.84,24.8096,10.8237,8.0991,2.1802,7.364,4.5523,-0.0224,90.9256,0.0039,2.563,0.0,17.4511,9064.9199,2.3232,6.5895,87.2937,84.7662,20.8583,143.8082,양품
-0.4109,-0.0109,63.0137,0.0183,-5492.75,70.2222,2.9384,-0.8988,15.73,143.8356,6.1033,0.1083,1.201,231.8453,1.984,9.534,-0.009,4.5411,0.6676,20.4109,0.67,2671.0,15.79,,4.2722,9.0024,1000.4489,0.0,1.4919,0.9201,18.39,20.982,16.2618,4.7874,2.449,5.6724,4.5499,-0.0328,0.0,0.005,2.563,631.5789,28.2958,9498.22,2.3631,6.4901,86.2809,84.7391,31.0015,145.2636,양품
-6.5027,-0.012,37.422,0.0176,-5342.0,67.4778,1.9096,-0.8988,15.73,132.1675,5.3559,0.0587,1.201,464.9165,1.964,8.7286,-0.0106,4.59,0.6676,26.5027,0.67,2536.75,15.79,,5.0387,13.7125,1000.4489,0.0,0.4473,0.933,21.28,22.7234,17.3745,15.8973,4.1162,3.3019,4.5388,-0.0449,199.4547,0.0098,2.563,0.0,34.1725,9064.88,3.3957,6.6714,86.3286,83.914,31.0399,145.6745,양품
-3.7673,-0.0112,24.2152,0.0293,-5656.75,72.4556,4.3917,-0.8042,15.74,148.5665,9.4679,0.1489,1.366,354.0305,1.9582,8.3845,-0.0092,7.4297,0.7348,23.7673,0.6621,2560.0,15.79,,3.3124,7.8171,1002.7791,0.0,1.003,0.9173,18.91,68.0777,12.5173,8.8445,2.7421,5.8656,4.534,-0.0188,225.6274,0.004,2.594,777.7778,28.7957,,2.7161,6.3823,86.8972,85.07,15.4662,145.9355,양품
3.3691,-0.0111,52.1348,0.0278,-5522.0,74.0111,1.8379,-0.8988,15.73,262.6371,5.4071,0.0611,1.201,325.5426,1.9748,9.1637,-0.0068,4.8288,0.6676,16.6309,0.67,2752.25,15.79,5.9295,3.513,8.8735,1000.4489,0.0,1.8156,0.9319,16.26,34.6758,12.0182,6.0683,3.7083,5.0427,4.5373,-0.0023,196.789,0.0033,2.563,0.0,22.863,9488.4301,1.7557,4.228,87.3675,84.8754,26.6292,145.36,양품
1.3355,-0.0111,61.3995,0.0254,-5302.75,76.6556,2.1785,-0.8042,15.74,41.2906,4.8265,0.0771,1.366,454.5975,2.0078,8.1409,0.0058,4.4118,0.7348,18.6645,0.6621,2667.25,15.79,,3.1309,7.5147,1002.7791,0.0,1.2363,0.9303,15.87,38.3186,7.6909,6.941,3.9828,4.9672,4.5727,-0.031,501.7022,0.0026,2.594,0.0,22.0985,8495.6599,2.2868,4.7393,86.8207,83.6845,11.8766,147.97,양품
-3.4327,-0.0122,27.1326,0.0316,-5482.75,73.6222,1.9935,-0.8988,15.73,108.0382,8.5633,0.0656,1.201,41.5241,1.9977,9.088,0.002,7.3703,0.6676,23.4327,0.67,2595.25,15.79,,5.2973,7.5804,1000.4489,0.0,1.8156,0.9168,19.09,51.5907,15.9342,5.5528,2.621,5.9723,4.5074,-0.0331,403.178,0.0046,2.563,0.0,31.2905,8696.75,3.926,6.9658,87.3122,84.5612,24.3513,139.1418,양품
-3.8691,-0.0082,46.5544,0.0313,-6496.75,73.1333,7.9434,-0.8042,15.74,26.602,9.0982,0.1884,1.366,60.4669,1.7875,8.9607,0.001,7.0304,0.7348,23.8691,0.6621,2259.5,15.79,,5.7429,9.3787,1002.7791,0.0,1.6238,0.9173,12.86,27.9177,9.0135,7.1074,2.6391,5.1033,4.534,-0.0255,245.2773,0.0037,2.594,549.0196,29.0537,8847.28,3.0089,7.3653,86.4051,84.0623,18.3663,145.9845,양품
4.9336,-0.0099,62.9442,0.0284,-5519.25,68.4111,4.434,-0.8988,15.73,130.545,5.8045,0.1381,1.201,253.5013,2.0105,9.0744,-0.0107,5.7158,0.6676,15.0664,0.67,2622.0,15.79,,4.0929,12.5764,1000.4489,0.0,1.7078,0.9325,18.23,20.8626,9.1691,6.6452,3.3875,5.8227,4.2373,-0.0532,189.9209,0.0041,2.563,724.5283,24.1408,8471.5101,2.4906,4.9783,85.9594,84.9605,15.4662,142.8891,양품
1.1891,-0.008,65.9409,0.0446,-5414.25,69.8667,3.8518,-0.8042,15.74,199.0048,6.7082,0.1322,1.366,208.0615,1.9795,9.2064,-0.0072,5.7589,0.7348,18.8109,0.6621,2548.75,15.79,,3.292,9.7073,1002.7791,0.0,0.9469,0.923,14.69,39.7506,9.9773,7.7845,2.2793,6.2608,4.5459,-0.0121,871.2538,0.0034,2.594,0.0,23.7265,8996.8199,2.7885,5.8506,86.233,84.4782,15.4662,146.1473,양품
-2.3109,-0.0124,55.5891,0.0112,-6553.5,75.2889,8.1954,0.6623,15.76,36.8544,7.4485,0.1428,0.7474,151.1655,0.6258,8.6024,0.0269,7.0236,0.8307,22.3109,0.655,2271.75,15.8,,3.9847,8.9739,1008.4097,0.0,2.2384,0.9161,14.25,36.8926,17.2718,8.2791,2.2772,7.9419,4.4969,-0.0032,351.8096,0.003,3.045,0.0,31.317,9038.5799,2.2195,7.6311,86.8309,83.8792,22.1622,147.5718,양품
-3.0645,-0.0115,44.2516,0.0113,-5711.75,76.6,4.2295,0.6623,15.76,217.3314,6.8386,0.1282,0.7474,594.7377,1.9763,8.2061,0.0261,6.0474,0.8307,23.0645,0.655,2757.25,15.8,,4.4386,9.8525,1008.4097,0.0,1.8156,0.9308,18.24,53.3243,12.2463,7.6945,4.0384,4.4816,4.5593,-0.0095,134.4408,0.0041,3.045,500.0,28.3907,9049.98,1.4375,4.7749,86.7514,85.4577,17.2479,148.83,양품
-1.99,-0.0084,33.1852,0.0157,-5477.0,76.5,1.9525,0.5204,15.66,28.8733,7.5402,0.0691,0.9602,380.7589,1.9875,8.1409,0.0085,6.0392,0.8218,21.99,0.4764,2608.5,15.71,,2.7451,7.3023,999.9391,0.0,1.8156,0.9179,11.64,36.8863,6.8877,7.2625,2.6332,5.941,4.4942,0.0124,414.0704,0.0059,2.99,936.1702,28.2459,9990.49,2.3172,6.5607,86.8207,83.6845,10.3618,152.8355,양품
3.1727,-0.0085,34.1679,0.024,-5694.25,68.6667,3.5242,0.6623,15.76,208.0471,7.0465,0.1423,0.7474,249.5401,2.009,9.9095,-0.0075,4.7169,0.8307,16.8273,0.655,2631.25,15.8,,2.6214,10.1274,1008.4097,0.0,1.2445,0.9172,12.13,51.78,8.1701,4.5012,2.5158,3.742,4.4868,-0.0229,286.1891,0.004,3.045,0.0,22.0459,,2.9943,7.8387,86.5141,84.8142,19.3509,146.9809,양품
1.8318,-0.0117,51.3919,0.026,-5946.25,74.1667,3.1333,0.5204,15.66,119.1256,7.3869,0.1051,0.9602,603.3613,1.9853,8.6024,0.0137,6.1468,0.8218,18.1682,0.4764,2747.25,15.71,,3.236,10.7568,999.9391,0.0,1.8156,0.9161,13.9,8.6902,11.4664,4.1544,2.3292,4.2518,4.4969,0.0212,567.7419,0.0043,2.99,363.6364,22.0115,,3.0485,5.8377,86.8309,83.8792,15.4662,151.4655,양품
-4.9191,-0.0105,23.8379,0.0204,-5540.0,74.8889,4.7565,0.5204,15.66,551.9555,7.072,0.1557,0.9602,482.0325,1.9963,8.3845,-0.0068,6.277,0.8218,24.9191,0.4764,2780.25,15.71,,3.4718,9.0473,999.9391,0.0,1.7753,0.9175,12.64,50.7607,12.9155,6.3085,2.9039,5.6678,4.4923,-0.0044,154.5001,0.004,2.99,441.791,27.8129,,2.2454,6.1519,86.8972,85.07,12.7115,150.6764,양품
-2.3264,-0.0116,32.6882,0.0238,-5418.75,76.0556,3.8404,0.6623,15.76,242.3723,5.2364,0.1315,0.7474,328.0431,1.9893,8.2061,0.0012,5.4652,0.8307,22.3264,0.655,2670.5,15.8,,3.1556,8.8695,1008.4097,0.0,1.8156,0.9347,17.84,26.5735,11.6827,5.7449,3.5098,3.253,4.535,-0.0031,188.7065,0.0032,3.045,239.1753,29.7843,9643.7498,1.2684,4.7006,86.7514,85.4577,15.4662,150.3245,양품
-6.2591,-0.0096,68.6606,0.018,-5587.5,75.3556,0.5677,0.6623,15.76,126.4684,7.6422,0.0194,0.7474,734.3026,2.012,9.088,-0.0049,7.8128,0.8307,26.2591,0.655,2613.75,15.8,,3.4503,10.2497,1008.4097,0.0,0.9491,0.9303,16.38,49.6857,10.038,6.3442,3.9819,3.2128,4.5727,-0.0133,108.0029,0.003,3.045,0.0,31.9878,8175.84,1.76,4.4273,87.3122,84.5612,15.4662,151.8918,양품
-0.4636,-0.0077,29.8217,0.0227,-5524.25,77.2222,1.471,0.5204,15.66,70.3817,4.5381,0.0496,0.9602,394.6918,2.0107,9.1141,0.0105,3.8256,0.8218,20.4636,0.4764,2657.25,15.71,,3.7554,8.4395,999.9391,0.0,1.926,0.9319,17.29,38.4789,15.3128,4.9937,3.8753,3.5555,4.5373,0.0032,0.0,0.0073,2.99,0.0,28.349,8522.03,1.7109,4.8012,87.2937,84.7662,27.64,145.69,양품
-0.28,-0.0107,41.0735,0.0231,-6370.0,73.1778,8.1388,0.3784,15.73,73.1072,8.1889,0.1762,0.9365,153.4036,1.7937,8.9607,0.0023,7.1345,0.8741,20.28,0.4108,2280.0,15.71,,5.1928,10.1705,1000.1451,0.0,1.8156,0.9168,20.45,29.5551,13.0964,5.5272,2.6962,8.9449,4.5074,-0.026,0.0,0.0109,2.985,0.0,27.9706,8763.4899,3.8334,8.2942,86.4051,84.0623,15.4662,140.5273,양품
4.7382,-0.0094,53.4759,0.0188,-5403.5,70.4333,4.6315,0.6623,15.76,116.7233,7.6719,0.1393,0.7474,531.4719,1.9663,8.9541,0.01,7.1644,0.8307,26.6443,0.655,2792.5,15.8,,2.2717,9.5661,1008.4097,0.0,1.8156,0.9308,17.88,36.0792,19.1402,51.9649,3.992,66.3942,4.5593,0.0004,0.0,0.0062,3.045,0.0,96.3465,8147.7199,17.5677,18.2745,86.2871,86.8862,15.4662,167.8309,양품
-6.4945,-0.0117,38.6266,0.027,-5573.75,68.9,5.4032,0.5204,15.66,114.9967,7.5794,0.1624,0.9602,307.6257,2.0027,8.627,0.0075,6.3312,0.8218,26.4945,0.4764,2578.25,15.71,,4.0639,8.7944,999.9391,0.0,1.0189,0.9179,18.15,49.9506,13.5073,7.876,2.9081,6.5708,4.4942,-0.0025,85.9183,0.0055,2.99,747.8261,33.7386,10137.4601,1.9341,6.7972,86.4671,85.1404,15.4662,148.9918,양품
-3.9618,-0.0119,24.3442,0.0132,-4958.5,77.1222,1.9879,0.5204,15.66,60.6156,5.6581,0.0659,0.9602,395.7849,1.9892,8.2061,0.0144,5.238,0.8218,23.9618,0.4764,2477.25,15.71,,3.7603,9.1026,999.9391,0.0,2.4489,0.8778,14.12,22.8614,16.3073,2.6404,3.2848,4.9627,4.2234,0.0041,88.8481,0.0043,2.99,666.6667,31.4055,8296.0701,1.1285,5.4972,86.7514,85.4577,34.7065,144.4773,양품
-2.49,-0.0063,68.8,0.22,-5247.0,68.7,2.3038,0.2838,16.07,188.0574,5.4164,0.0832,1.286,387.8299,1.9572,8.8909,-0.0331,4.4471,0.7772,22.49,0.6539,2541.25,16.09,,4.5124,10.2017,1012.9091,0.0,1.8156,0.9323,17.5,21.6857,12.1018,8.0703,3.9679,6.2746,4.5195,-0.009,272.6909,0.0061,2.589,651.1628,29.531,8615.3501,1.8819,4.3937,86.5543,84.4668,15.4662,140.0882,불량
-0.5345,-0.0134,47.7167,0.0174,-5442.25,68.8667,1.9206,0.5204,15.66,167.7876,8.7276,0.0642,0.9602,569.8727,2.0212,9.9095,0.0125,6.1609,0.8218,20.5345,0.4764,2608.0,15.71,,2.0329,8.5914,999.9391,0.0,1.8156,0.9161,13.28,36.1845,15.66,5.5199,2.3953,7.9648,4.4969,0.0139,0.0,0.0042,2.99,0.0,28.1991,,2.5059,6.3521,86.5141,84.8142,24.0683,147.7755,양품
-7.8145,-0.0121,22.3602,0.0255,-5441.0,74.6111,5.5504,0.5204,15.66,193.45,7.6173,0.177,0.9602,665.633,1.9825,9.1637,0.0059,6.2413,0.8218,27.8145,0.4764,2689.75,15.71,,9.7841,9.4151,999.9391,0.0,1.4897,0.9156,8.73,35.3393,21.2018,6.1461,1.9861,7.7685,4.5174,0.0268,138.5877,0.0037,2.99,0.0,36.343,9010.7398,2.8157,5.809,87.3675,84.8754,28.0784,153.1836,양품
-2.9791,-0.0123,62.6653,0.0168,-5597.5,73.3556,2.8395,0.3784,15.73,107.8718,7.2437,0.0984,0.9365,276.9892,2.0197,8.3271,-0.0124,5.6926,0.8741,22.9791,0.4108,2680.5,15.71,,3.1354,9.6782,1000.1451,0.0,2.4538,0.9185,13.55,34.4854,20.4364,6.8564,2.5395,4.6832,4.539,-0.0099,291.0284,0.0037,2.985,0.0,31.6736,8484.1001,2.414,6.9126,87.0707,86.7232,15.4662,149.4709,양품
0.3173,-0.013,32.2148,0.0173,-5399.5,68.2444,4.7096,-0.3311,15.77,118.6957,7.6902,0.1445,1.163,266.161,1.9785,9.0402,0.0119,6.6166,0.7069,19.6827,0.6638,2579.0,15.78,,4.1029,12.5048,997.4334,0.0,1.8156,0.9223,13.25,26.6271,15.0318,5.103,2.3756,5.9014,4.5444,-0.0253,0.0,0.0039,2.723,0.0,26.9954,8577.1599,3.0887,6.4548,85.9998,84.7632,23.999,150.4727,양품
-3.4618,-0.0126,44.4886,0.024,-5429.25,74.1444,1.2948,0.3784,15.73,216.8456,6.2287,0.0412,0.9365,481.8488,1.9783,8.3808,0.0096,5.9727,0.8741,23.4618,0.4108,2529.0,15.71,,2.8323,9.1002,1000.1451,0.0,,0.8769,18.47,33.1326,11.4746,4.694,3.1211,2.3936,4.2204,-0.0515,110.9244,0.0092,2.985,0.0,30.7458,8576.5798,1.1914,5.0253,86.625,83.7266,15.4662,146.2255,양품
-3.4391,-0.0113,49.4481,0.0235,-5650.5,74.1,3.9382,-0.3311,15.77,363.4697,7.0636,0.1357,1.163,263.0342,2.0135,9.7571,-0.0054,6.3563,0.7069,23.4391,0.6638,2730.25,15.78,,5.1282,10.4754,997.4334,0.0,1.8156,0.9347,14.18,39.8891,9.054,5.3591,3.1137,1.8547,4.535,-0.0396,137.8271,0.0036,2.723,0.0,28.2662,8312.54,1.5784,4.9505,86.8511,84.1477,24.7743,144.4964,양품
-3.5573,-0.0103,57.0738,0.0175,-5168.25,75.4444,3.7124,0.3784,15.73,222.9925,7.3566,0.1246,0.9365,609.3261,1.9638,8.2963,0.0019,5.9754,0.8741,23.5573,0.4108,2634.5,15.71,,4.6392,10.7293,1000.1451,0.0,1.8156,0.918,14.67,41.9419,13.2772,4.899,2.7706,2.8933,4.5015,-0.0253,274.9297,0.0083,2.985,0.0,29.2792,8911.2899,2.7857,5.0863,86.955,85.1167,24.0165,144.1255,양품
2.6827,-0.0131,32.8558,0.0252,-5226.25,70.7667,3.2296,0.3784,15.73,167.7227,4.9049,0.0984,0.9365,211.4669,2.0048,9.0744,-0.0044,4.4375,0.8741,17.3173,0.4108,2537.25,15.71,,2.8262,12.5159,1000.1451,0.0,1.9123,0.932,14.38,16.9566,9.2521,11.0962,3.9609,4.2653,4.5587,-0.0179,252.7282,0.0041,2.985,0.0,23.9232,9166.4199,2.1514,3.6391,85.9594,84.9605,27.7969,147.47,양품
1.7791,-0.0107,32.7485,0.0298,-6456.75,72.6222,8.0967,-1.466,15.75,48.2589,6.7658,0.1881,1.248,133.9935,1.7893,8.9607,-0.0024,4.9766,0.685,18.2209,0.7585,2251.25,15.75,,5.6457,10.0908,999.1343,0.0,1.8156,0.9168,11.24,34.532,10.7126,4.4687,2.3166,8.0368,4.5074,-0.029,837.5064,0.0067,2.819,0.0,24.0609,8505.8301,4.3356,8.2349,86.4051,84.0623,15.4662,140.9773,양품
-1.4627,-0.013,25.3846,0.0252,-5362.75,72.9778,4.9669,0.3784,15.73,301.5886,5.0517,0.1794,0.9365,811.7029,1.98,9.7571,-0.0268,4.7115,0.8741,21.4627,0.4108,2583.5,15.71,,7.8106,12.0923,1000.1451,0.0,0.8962,0.9303,11.6,37.0426,10.0594,8.2385,4.3543,6.6101,4.5727,-0.0362,644.6853,0.0042,2.985,0.0,25.7529,8758.0301,2.5916,3.6958,86.8511,84.1477,18.3513,149.6191,양품
-5.4282,-0.0119,27.7603,0.0203,-5313.75,73.6222,5.3284,0.9461,15.69,220.6813,6.9595,0.1864,0.8231,748.7939,1.9453,8.3675,0.0045,6.0193,0.8089,25.4282,0.5794,2765.25,15.76,,3.5315,11.4545,1005.7411,0.0,1.8156,0.9175,15.01,32.04,9.8145,3.2059,2.5967,3.7528,4.4923,0.0062,179.9866,0.0036,3.02,274.5098,29.3135,8825.0999,3.1394,5.5675,86.8342,85.2544,15.4662,154.2855,양품
-1.4609,-0.0119,38.6555,0.0156,-5689.0,74.7222,3.6293,-0.9461,15.73,215.8076,7.7137,0.1159,1.13,702.5345,1.9942,8.3267,-0.0006,6.2178,0.7269,21.4609,0.6844,2689.25,15.77,,4.4164,13.0361,997.5587,0.0,0.9972,0.9185,15.01,26.58,15.53,8.152,2.2926,7.3778,4.539,0.0035,425.0778,0.0054,2.673,558.4906,28.8331,8804.5301,1.8373,6.3302,86.889,87.3041,15.4662,149.7745,양품
-4.8009,-0.0118,46.4135,0.017,-5398.75,77.1222,2.2915,-0.9461,15.73,79.9687,6.2364,0.0682,1.13,764.9834,2.0,8.324,0.0112,6.0394,0.7269,24.8009,0.6844,2600.5,15.77,3.436,4.9272,11.4371,997.5587,0.0,1.4485,0.9319,17.23,36.1896,12.97,4.8167,3.9888,4.4643,4.5373,-0.0029,133.0998,0.0059,2.673,0.0,32.2309,9571.3501,2.1007,5.0484,86.8486,85.4772,24.4074,148.7355,양품
-2.6682,-0.0095,48.6772,0.0179,-5284.5,77.0556,2.7571,0.0,15.77,183.3601,5.584,0.0948,1.177,345.1227,1.9525,8.1409,0.0064,5.3171,0.8224,22.6682,0.4781,2569.75,15.75,,4.0231,12.9242,1005.2293,0.0,1.8156,0.9303,11.21,38.5169,6.2838,6.3676,3.7762,4.3753,4.5727,-0.0161,287.0869,0.0049,2.962,0.0,27.8665,8495.53,2.4318,4.9375,86.8207,83.6845,19.8958,152.6755,양품
-2.2582,-0.014,34.9065,0.023,-5657.5,72.2333,0.9183,-0.9461,15.73,150.1519,5.9525,0.0302,1.13,319.0219,2.0093,8.5615,-0.0013,5.7748,0.7269,22.2582,0.6844,2571.25,15.77,,3.5994,10.8957,997.5587,0.0,1.059,0.9312,18.48,24.2338,11.4245,19.1445,4.0444,3.9613,4.5909,0.0069,563.7288,0.0066,2.673,0.0,28.5474,8618.4099,3.3331,5.8721,87.1811,87.3732,15.4662,148.94,양품
-1.8509,-0.0124,28.3114,0.0148,-6349.25,73.8556,7.2374,-0.3311,15.77,60.4014,7.1604,0.1632,1.163,113.3089,1.8068,8.4891,0.0061,5.9522,0.7069,21.8509,0.6638,2261.5,15.78,,2.3018,8.4645,997.4334,0.0,0.9046,0.918,10.24,29.3115,11.8624,5.6357,2.2769,5.9273,4.5015,-0.0333,573.7721,0.0055,2.723,500.0,27.3317,9107.99,3.2887,8.4224,86.8889,83.2054,25.0666,145.4282,양품
-1.97,-0.0086,97.8166,0.0171,-5231.5,67.0111,2.0077,-0.9461,15.73,107.3635,7.1306,0.0685,1.13,537.0646,1.996,8.662,0.0044,6.3612,0.7269,21.97,0.6844,2492.75,15.77,,2.9846,14.1252,997.5587,0.0,1.7969,0.9173,12.3,29.8536,8.2124,7.0871,2.4383,8.2902,4.534,-0.0059,548.2234,0.0049,2.673,0.0,28.4017,9055.3399,3.3078,7.6388,86.2277,85.9801,23.6263,147.6445,양품
-4.5718,-0.0116,48.4848,0.0172,-6461.0,73.0667,7.459,-0.3311,15.77,18.1842,8.1814,0.1675,1.163,91.3491,1.7912,8.9607,0.0082,6.7201,0.7069,24.5718,0.6638,2266.0,15.78,,6.4325,9.2942,997.4334,0.0406,1.7465,0.9168,16.55,40.9631,16.6764,6.3653,2.4253,6.4959,4.5074,-0.0276,307.755,0.0043,2.723,0.0,33.016,8671.41,4.2363,6.927,86.4051,84.0623,36.8257,145.3218,양품
-0.5655,-0.0126,37.9822,0.0209,-6106.25,68.7556,2.1655,-0.9461,15.73,474.1852,6.0136,0.0725,1.13,484.7462,2.0103,9.2036,-0.0139,5.1871,0.7269,20.5655,0.6844,2829.75,15.77,,3.3452,13.3831,997.5587,0.0,1.5209,0.9161,16.5,26.5172,12.3591,5.1023,2.4976,4.8219,4.4969,-0.0267,0.0,0.0061,2.673,0.0,24.6207,,2.4599,6.2878,86.3105,84.1966,18.3783,152.2209,양품
-2.0991,-0.0112,40.8889,0.0155,-6504.75,69.2222,4.0388,0.0,15.71,72.2974,6.1777,0.0924,1.276,250.0898,1.7913,8.1605,0.0038,5.9823,0.7048,22.0991,0.6481,2244.75,15.73,,2.8892,7.5413,993.8988,0.0,1.5539,0.9332,20.52,14.2723,12.6218,16.1884,3.7966,4.0262,4.5655,-0.0114,368.2547,0.0055,2.533,0.0,28.2877,,2.0442,4.4645,86.629,85.1237,15.4662,147.2873,양품
-5.1618,-0.0104,40.3361,0.0244,-5553.0,74.6667,4.6343,0.0,15.73,163.6694,7.2873,0.1423,1.465,198.5229,1.9937,8.4891,-0.0097,6.8497,0.6567,25.1618,0.6866,2628.5,15.77,,3.75,10.3149,996.759,0.0,1.8156,0.918,14.32,37.3756,10.98,4.2983,2.4193,4.881,4.5015,-0.0272,207.2913,0.0041,2.495,0.0,31.5349,9062.7601,2.8643,5.7335,86.8889,83.2054,15.4662,150.1745,양품
1.7736,-0.0094,69.241,0.0226,-5187.0,70.7889,2.1853,-0.9461,15.73,158.4159,6.5287,0.068,1.13,125.9471,1.9735,9.193,-0.0018,6.0373,0.7269,18.2264,0.6844,2481.25,15.77,,6.7807,11.272,997.5587,0.0002,1.6735,0.9172,5.5,35.2918,14.3336,4.0938,2.2722,7.4548,4.4868,-0.0069,647.2578,0.0072,2.673,557.1429,25.5794,9416.7499,3.2103,8.1827,86.313,84.5602,15.4662,148.6282,양품
-0.3409,-0.0116,30.9677,0.0259,-5254.25,72.6667,2.9249,0.0,15.71,328.6711,8.9079,0.0983,1.276,277.6081,1.9933,8.451,-0.0057,6.1951,0.7048,20.3409,0.6481,2587.0,15.73,,5.0917,8.891,993.8988,0.0,0.8925,0.9185,16.32,27.7906,15.2782,6.7362,2.3504,7.9209,4.539,0.0109,0.0,0.0043,2.533,723.8095,27.8262,9390.8,2.7444,7.8005,87.0768,86.7657,8.6619,149.9836,양품
2.8236,-0.0131,29.0353,0.0216,-5514.75,71.5556,4.321,0.0,15.71,183.9101,7.6664,0.1531,1.276,101.5164,1.9968,9.4749,-0.005,7.0138,0.7048,17.1764,0.6481,2557.25,15.73,,5.0311,6.6311,993.8988,0.0,1.0328,0.9185,11.64,20.4165,13.9973,7.1604,2.1864,7.9017,4.5677,0.0118,277.6561,0.0069,2.533,541.1765,24.5318,8313.7601,2.608,6.0231,87.4597,86.4072,15.4662,148.5764,양품
3.6255,-0.0144,21.5278,0.0265,-5594.75,70.8889,3.0208,0.0,15.71,368.566,8.1372,0.0942,1.276,127.7846,1.98,8.8973,-0.01,7.0046,0.7048,16.3745,0.6481,2799.25,15.73,,2.5392,8.5805,993.8988,0.0,2.1345,0.9185,14.35,26.3014,10.7688,5.9102,2.7149,12.2951,4.539,-0.026,280.2407,0.0038,2.533,0.0,22.6626,9161.6101,3.0561,7.004,86.4023,84.6927,16.4202,149.6527,양품
0.2336,-0.0129,37.2816,0.027,-5329.75,67.4889,2.6748,0.0,15.71,295.2133,6.9544,0.0862,1.276,499.5093,1.9892,8.6968,0.0109,5.635,0.7048,19.7664,0.6481,2643.25,15.73,,3.5561,8.1512,993.8988,0.0,1.4319,0.9187,13.93,28.6895,13.5536,5.2264,2.1638,6.5115,4.5674,-0.0191,0.0,0.0042,2.533,270.5882,27.5825,9585.77,2.4821,7.1057,86.4285,83.9887,15.4662,147.8927,양품
-5.8273,-0.0139,34.4086,0.0159,-5432.25,67.7222,3.6376,0.0,15.73,252.1382,5.4969,0.1134,1.465,253.0301,1.986,8.9541,0.0061,5.3742,0.6567,25.8273,0.6866,2548.5,15.77,,2.2149,12.269,996.759,0.0,1.8156,0.9312,94.32,24.0489,22.6591,20.831,4.1609,56.9481,4.5909,-0.0199,563.5569,0.0052,2.495,0.0,32.6759,9292.7699,9.4543,5.3391,86.2871,86.8862,16.8697,139.0036,양품
-3.4873,-0.009,35.4571,0.0151,-5431.25,69.4778,2.2893,-0.9461,15.73,122.6295,9.2888,0.0804,1.13,49.9024,1.9888,8.662,0.0017,6.6617,0.7269,23.4873,0.6844,2611.0,15.77,,2.5908,12.3279,997.5587,0.0,1.8156,0.9173,14.17,32.8462,10.1354,8.0345,2.5481,5.9222,4.534,-0.0225,201.0167,0.0051,2.673,0.0,29.2941,9260.07,2.408,5.7595,86.2277,85.9801,15.4662,147.2418,양품
-5.3264,-0.0104,40.4332,0.0163,-5636.0,73.0667,2.0837,0.3784,15.73,65.2712,7.4312,0.0661,0.9365,244.2103,2.0152,8.3675,-0.0052,6.7912,0.8741,25.3264,0.4108,2556.5,15.71,,3.4215,13.3326,1000.1451,0.0,1.0253,0.9172,22.16,22.2316,22.33,5.2679,2.639,5.4535,4.4868,0.0297,144.7517,0.0054,2.985,0.0,36.1696,10228.08,2.2289,8.6207,86.8342,85.2544,15.4662,140.2782,양품
-2.1264,-0.0124,29.899,0.0128,-6376.25,72.8556,6.4529,0.0,15.73,25.5604,6.7247,0.1073,1.465,59.7404,0.7112,8.6024,0.0017,5.8704,0.6567,22.1264,0.6866,2300.0,15.77,,3.0197,10.7755,996.759,0.0,1.8156,0.9161,13.96,21.6324,11.5146,3.9454,2.2793,4.5812,4.4969,-0.0298,640.0599,0.0036,2.495,0.0,25.2418,8549.18,3.4721,5.7548,86.8309,83.8792,15.4662,149.7409,양품
-5.7373,-0.0114,44.8845,0.0116,-5337.25,68.2667,5.2363,0.0,15.71,255.7766,6.9035,0.1666,1.276,305.1561,1.989,9.9095,0.0103,5.8284,0.7048,25.7373,0.6481,2589.5,15.73,,3.2227,7.6398,993.8988,0.0,0.9647,0.9175,18.41,34.6773,17.0755,6.007,2.4863,6.2186,4.4923,-0.0026,133.8615,0.0039,2.533,0.0,34.4785,9156.08,2.258,7.4289,86.5141,84.8142,15.4662,146.9773,양품
0.2055,-0.0101,39.604,0.0197,-6517.75,72.9778,8.322,0.2365,15.68,66.0372,4.9396,0.1923,1.399,192.448,1.8057,8.1605,-0.0108,3.9849,0.7422,19.7945,0.6872,2304.25,15.73,,2.3295,8.666,992.6206,0.0,1.8156,0.9332,13.8,13.3608,7.1904,18.2187,4.03,2.3679,4.5655,-0.0683,0.0,0.0039,2.606,400.0,23.4023,,2.4241,6.1047,86.629,85.1237,28.6017,150.3445,양품
-2.8245,-0.0117,29.8507,0.0124,-5552.25,74.2889,6.0486,-1.797,15.67,183.0817,7.4528,0.1876,1.087,302.8337,1.9762,8.3845,-0.0116,6.2597,0.7348,22.8245,0.7335,2748.25,15.68,,3.096,13.7905,995.6526,0.0,1.4037,0.918,16.09,17.0976,20.7773,3.4058,2.1929,2.9356,4.5015,-0.0534,340.9398,0.0037,3.131,568.4211,31.3699,8442.0198,2.9297,5.3929,86.8972,85.07,15.4662,145.1155,양품
-4.9336,-0.0081,67.6923,0.0242,-5731.5,67.4333,4.4772,0.0,15.57,99.7543,6.9694,0.1642,1.097,281.8138,1.9988,8.7441,0.0101,5.3496,0.6722,24.9336,0.6828,2600.75,15.68,,2.8176,13.3154,993.1386,0.0,1.8156,0.9168,17.38,24.7674,13.4246,5.6364,2.6723,5.0456,4.5074,-0.0541,197.0149,0.0045,2.625,500.0,30.9695,9734.09,2.6789,6.4871,86.2696,85.8796,11.2069,144.4809,양품
3.1427,-0.0116,43.0108,0.0235,-5313.5,69.6556,2.2621,-0.3311,15.77,434.4061,6.58,0.0674,1.163,732.2197,1.9918,9.0402,-0.0198,5.1599,0.7069,16.8573,0.6638,2445.0,15.78,,4.3069,10.2851,997.4334,0.0,1.4822,0.9223,21.18,29.7306,34.4209,22.2159,2.3604,4.1328,4.5444,-0.0184,679.6644,0.0037,2.723,0.0,45.8089,8844.9701,6.0068,6.6257,85.9998,84.7632,39.72,146.3909,양품
7.71,-0.0114,29.7268,0.0113,-5282.25,67.7778,1.7079,-0.9461,15.73,104.655,6.3838,0.0565,1.13,270.2103,1.9925,8.7286,0.0025,5.7867,0.7269,12.29,0.6844,2557.0,15.77,,2.2131,10.7529,997.5587,0.0,1.8156,0.9228,6.97,32.7288,4.8598,7.7412,2.3265,3.8915,4.5537,-0.0314,95.0713,0.006,2.673,721.3115,13.2099,9379.6,2.1285,5.5663,86.3286,83.914,15.4662,148.0136,양품
-3.1827,-0.0096,51.1082,0.0121,-5418.25,74.5889,1.9894,0.0,15.73,164.9432,7.2913,0.0621,1.465,546.2749,2.0275,8.2963,0.0135,6.0808,0.6567,23.1827,0.6866,2663.75,15.77,,3.0836,9.3697,996.759,0.0,1.8156,0.9175,15.05,48.4762,13.9918,5.1469,2.3193,4.2716,4.4923,-0.0262,300.9997,0.0097,2.495,324.7525,29.8057,8825.4601,2.9127,5.9497,86.955,85.1167,15.4451,148.1864,양품
-5.1645,-0.0114,38.512,0.0156,-6333.25,73.3778,5.5475,0.3784,15.73,37.027,5.0275,0.1048,0.9365,181.2721,0.6785,8.6024,0.0059,4.5227,0.8741,25.1645,0.4108,2278.5,15.71,,3.9522,11.1558,1000.1451,0.0,1.8125,0.9312,18.24,22.5964,14.36,22.2335,4.3623,4.42,4.5909,0.0084,316.001,0.0045,2.985,0.0,32.5683,8862.2601,4.1012,5.227,86.8309,83.8792,27.0951,147.0582,불량
-3.5064,-0.0119,42.7673,0.0185,-5497.5,72.1111,1.4337,0.0,15.73,275.9348,8.0069,0.0477,1.465,191.7785,1.9745,8.3675,0.0091,6.6197,0.6567,23.5064,0.6866,2578.0,15.77,,2.6348,8.6656,996.759,0.0,0.9597,0.9161,15.73,25.0382,15.7082,3.7723,2.2938,4.9671,4.4969,-0.0211,312.2893,0.0031,2.495,0.0,29.7574,,3.2216,5.1545,86.8342,85.2544,15.4662,148.1736,양품
-1.0455,-0.0124,42.0627,0.0138,-5564.0,72.1889,2.953,0.0,15.71,360.3095,6.2074,0.1071,1.276,486.2455,2.0408,8.5615,0.0116,6.2126,0.7048,21.0455,0.6481,2601.25,15.73,,9.9738,10.8377,993.8988,0.0,1.4808,0.9312,18.23,29.1859,9.8854,21.9073,4.0683,4.5404,4.5909,0.0023,0.0,0.0074,2.533,0.0,27.2606,8396.1,4.3748,6.2925,87.1811,87.3732,23.9104,148.4445,양품
-4.25,-0.0133,42.2243,0.021,-5264.5,74.8778,1.0839,0.0,15.73,299.7582,6.2117,0.0355,1.465,607.0873,1.9637,8.2061,0.0103,5.7468,0.6567,24.25,0.6866,2644.5,15.77,,6.544,8.2138,996.759,0.0,,0.8766,13.92,33.6219,10.7146,5.279,3.393,5.0001,4.2229,-0.0317,130.5882,0.0072,2.495,842.1053,31.9995,9053.8801,1.7923,4.4048,86.7514,85.4577,23.2997,150.9982,양품
2.3091,-0.0111,32.287,0.0276,-6475.5,72.0556,4.3954,0.0,15.73,72.4822,6.3138,0.1017,1.465,283.0365,1.8032,8.1605,-0.0071,5.7964,0.6567,17.6909,0.6866,2311.5,15.77,,3.7471,9.9712,996.759,0.0,1.2917,0.9332,19.91,19.0038,10.8428,16.0679,3.7547,5.1075,4.5655,-0.0206,416.1813,0.0058,2.495,0.0,23.8511,8783.9301,2.454,4.3417,86.629,85.1237,15.4662,145.2764,양품
-6.2473,-0.0086,36.9942,0.0251,-5274.25,73.3,3.1188,-0.3311,15.77,218.933,5.3692,0.1021,1.163,227.9216,1.9975,8.3675,-0.0031,5.0602,0.7069,26.2473,0.6638,2549.5,15.78,,3.2742,9.1785,997.4334,0.0,1.8156,0.934,22.27,25.0752,20.0673,22.0554,4.0368,7.5956,4.5518,-0.0001,241.2251,0.0064,2.723,600.0,36.5432,,4.0939,4.8662,86.8342,85.2544,33.3323,142.9782,불량
-2.5027,-0.0094,174.0988,0.0198,-6623.75,70.5667,7.7901,0.0,15.71,51.9519,8.5495,0.183,1.276,244.8447,1.7985,8.1605,-0.0275,6.6973,0.7048,22.5027,0.6481,2269.5,15.73,,2.6925,8.7335,993.8988,0.0,1.8156,0.9191,21.0,33.2053,22.3227,3.4598,2.2906,6.8676,4.5777,-0.0147,528.6233,0.0062,2.533,782.2222,32.7483,8808.85,3.8422,7.9344,86.629,85.1237,17.5085,141.0982,양품
4.1691,-0.0121,39.6285,0.0225,-5187.25,68.0889,6.3367,-0.4258,15.79,141.8015,8.6883,0.1922,1.064,353.6923,1.994,8.7556,-0.0026,6.7057,0.6888,15.8309,0.6868,2438.5,15.84,,4.1123,7.4488,1006.0044,0.0,2.4668,0.9185,13.18,24.0618,11.6023,5.2885,2.385,6.8146,4.539,0.0021,306.3018,0.0032,2.654,0.0,22.3694,8508.81,3.5887,7.0484,86.5808,85.549,22.1882,148.3573,양품
-0.4491,-0.0115,48.0349,0.0219,-5384.5,67.1222,4.5675,-0.4258,15.79,211.4308,5.9439,0.1524,1.064,524.1568,1.9675,8.8909,-0.0115,5.5391,0.6888,20.4491,0.6868,2661.5,15.84,,5.0654,8.978,1006.0044,0.0,1.3786,0.9323,15.23,48.6643,9.8212,9.8416,3.6969,3.2363,4.5941,0.0047,0.0,0.0054,2.654,0.0,23.9246,8655.28,2.4604,3.5861,86.5543,84.4668,25.4636,144.61,양품
-2.1136,-0.0113,44.0529,0.0215,-5158.75,70.9778,1.9109,-0.4258,15.79,178.7202,6.6639,0.0653,1.064,225.5665,2.0175,8.451,-0.0093,6.4289,0.6888,22.1136,0.6868,2576.25,15.84,,4.5085,9.1436,1006.0044,0.0,1.8156,0.9312,18.13,34.5166,14.8573,19.0458,4.0715,4.9854,4.5909,-0.0188,548.8165,0.0039,2.654,0.0,29.2308,8643.81,3.0877,6.0423,87.0768,86.7657,15.4662,146.0273,양품
-0.7664,-0.0122,22.8805,0.0257,-5379.0,72.0667,4.9313,-0.4258,15.79,82.5767,5.3262,0.1536,1.064,74.7306,2.0225,9.9095,-0.035,5.4981,0.6888,20.7664,0.6868,2567.75,15.84,,4.0241,9.0278,1006.0044,0.0,1.8749,0.9325,10.92,44.8191,6.4922,7.9034,4.0679,4.1137,4.5525,0.01,473.6655,0.0056,2.654,271.6981,25.5758,9724.2,1.1788,4.58,86.5141,84.8142,15.4662,152.1755,양품
0.4345,-0.0131,44.2748,0.0218,-5311.75,69.2,2.2773,-0.4258,15.79,231.7218,7.3448,0.0793,1.064,174.393,1.9888,9.3181,-0.0106,6.4384,0.6888,19.5655,0.6868,2521.5,15.84,,4.1908,7.3519,1006.0044,0.0,0.5636,0.9185,14.29,24.976,15.1727,9.9353,2.4083,6.0469,4.5677,0.0019,0.0,0.0041,2.654,1000.0,27.4583,8303.9899,1.7932,6.8097,87.4062,86.899,15.4662,148.8355,양품
2.9864,-0.0134,38.0242,0.0327,-5211.0,69.3667,3.6501,-0.4258,15.79,202.7527,8.1537,0.1131,1.064,422.495,2.0122,8.9036,-0.0247,7.2434,0.6888,17.0136,0.6868,2601.0,15.84,,5.4781,11.3573,1006.0044,0.0,0.6724,0.9324,17.57,28.7131,11.4185,17.3285,3.9706,3.95,4.5164,-0.0011,440.3351,0.0038,2.654,400.0,19.9304,8609.3299,3.8171,6.5795,86.4182,86.1541,29.564,142.0255,양품
-3.7245,-0.0092,40.2721,0.0307,-6194.0,69.8778,5.8685,0.0,15.73,209.1403,8.1594,0.138,1.465,277.4539,1.826,8.1605,-0.0288,7.0901,0.6567,23.7245,0.6866,2420.5,15.77,,4.5794,11.497,996.759,0.0,1.8156,0.9191,16.7,16.8014,19.2018,3.7583,2.5641,5.1156,4.5777,-0.0342,425.0183,0.0058,2.495,0.0,30.9009,8691.9499,4.3331,6.3579,86.629,85.1237,22.5964,142.8973,양품
-1.4782,-0.0129,39.4966,0.0214,-4416.5,72.9778,5.6407,-0.0473,15.8,377.1537,5.4125,0.1854,1.376,836.9693,1.9718,8.4891,-0.0133,4.4585,0.7873,21.4782,0.7012,2838.75,15.84,,4.3849,15.3409,1002.4862,0.0,1.8156,0.9312,20.88,30.8532,11.3628,19.9594,4.0315,4.1278,4.5909,0.0137,0.0,0.0035,2.721,982.8571,27.2906,8561.28,4.0188,6.8902,86.8889,83.2054,15.4662,148.7491,양품
0.2945,-0.0124,24.2669,0.0291,-6451.0,72.9778,5.7545,-0.8515,15.72,46.4543,6.2424,0.1467,1.262,97.0086,1.7913,8.9607,-0.0214,5.5042,0.6814,19.7055,0.6959,2282.0,15.76,,5.7552,12.8039,997.157,0.0,1.8156,0.9172,18.69,37.2892,14.0181,4.9463,2.4075,9.6409,4.4868,-0.0099,0.0,0.0071,2.588,0.0,28.293,8271.4301,2.2164,7.9004,86.4051,84.0623,15.4662,146.9773,양품
5.6155,-0.013,29.9137,0.0208,-6358.25,72.3889,2.8099,-0.0473,15.8,58.7785,5.0686,0.0676,1.376,212.6835,1.8172,8.4891,0.0209,4.5218,0.7873,14.3845,0.7012,2319.25,15.84,,4.0061,7.5335,1002.4862,0.0,1.8156,0.9312,15.77,41.9657,7.7153,22.3519,4.2205,2.9642,4.5909,0.0187,287.4211,0.0036,2.721,0.0,20.1338,8488.5899,4.6582,5.714,86.8889,83.2054,15.4627,149.1136,양품
5.5191,-0.0143,33.4786,0.0257,-6422.5,74.4333,7.2201,-0.0473,15.8,46.4363,7.3597,0.1829,1.376,184.1747,1.7997,8.4891,-0.0274,6.0233,0.7873,14.4809,0.7012,2257.5,15.84,,4.0305,14.2835,1002.4862,0.0,1.2231,0.9185,19.44,38.2569,12.8988,6.0806,2.319,9.4815,4.539,0.0293,183.0011,0.004,2.721,0.0,23.6405,8649.77,3.0828,8.6815,86.8889,83.2054,36.7077,145.9682,양품
2.2618,-0.0125,39.8804,0.0253,-5641.0,72.8222,3.9483,-0.0946,15.71,242.7056,6.9216,0.1288,1.503,346.0954,1.9668,9.7571,-0.0285,6.0477,0.6815,17.7382,0.7081,2686.0,15.67,,7.9646,7.8656,995.4129,0.0,1.8156,0.9324,16.74,25.2926,13.0386,18.6809,4.0582,8.7071,4.539,-0.0064,564.1475,0.0056,2.545,971.4286,26.3682,9004.15,3.438,4.1621,86.8511,84.1477,32.1964,143.5618,양품
2.3936,-0.0135,36.4312,0.0228,-6464.25,74.3,7.7851,-0.0473,15.8,47.5885,8.0541,0.1695,1.376,369.0297,1.787,8.4891,-0.0133,6.1718,0.7873,17.6064,0.7012,2262.0,15.84,,2.961,7.5794,1002.4862,0.0,1.8156,0.9185,16.61,30.7585,17.0237,6.4555,2.3448,8.1848,4.539,0.0274,439.0809,0.005,2.721,0.0,28.4191,8986.93,2.9092,8.09,86.8889,83.2054,24.2552,143.07,양품
-2.7973,-0.0091,30.727,0.028,-5362.5,72.7111,1.4027,-0.0946,15.71,200.0617,6.6345,0.0483,1.503,196.249,1.994,8.5735,-0.0253,5.4143,0.6815,35.25,0.7081,2680.0,15.67,,2.7506,9.71,995.4129,0.0,1.8156,0.9197,183.66,34.6115,37.2708,212.6557,2.5296,76.9317,4.5303,0.02,0.0,0.004,2.545,629.5082,118.0836,8554.4699,38.8995,29.847,87.1288,86.3898,15.4662,137.6936,양품
-0.0864,-0.0092,41.4734,0.0256,-5249.25,68.0778,2.4492,-0.7096,15.69,98.2527,3.8922,0.0736,1.711,451.7974,2.024,9.1526,-0.0217,3.1265,0.6819,20.0864,0.742,2609.25,15.75,,4.4067,4.0678,996.6426,0.0,0.9527,0.9315,22.0,43.278,14.7073,8.258,3.9881,5.2994,4.5545,-0.0394,0.0,0.0057,2.665,552.7273,27.3817,8696.4301,1.0688,5.2366,86.1978,84.5275,26.3497,149.8282,양품
-0.2491,-0.0091,75.0345,0.0256,-5295.25,68.3111,3.4369,-0.0473,15.8,154.7665,4.9734,0.1078,1.376,599.7796,2.0145,9.0744,-0.0169,4.4175,0.7873,20.2491,0.7012,2560.0,15.84,,3.9525,9.1047,1002.4862,0.0,1.8156,0.932,20.89,24.6772,10.5845,7.5533,4.0762,3.1226,4.5587,-0.0161,0.0,0.0038,2.721,0.0,24.1601,8546.6102,1.3859,4.3936,85.9594,84.9605,15.4662,150.8373,양품
-1.7909,-0.0092,27.0636,0.0177,-5290.25,73.4444,5.1064,-0.8042,15.75,146.0651,7.2246,0.1563,1.087,497.0824,1.956,8.2345,-0.0296,5.6722,0.6976,21.7909,0.7135,2691.5,15.75,,4.0847,14.3116,999.9423,0.0,1.8156,0.9201,20.8,22.9431,16.9337,5.7727,2.4791,8.2849,4.5499,-0.0113,509.797,0.0027,2.582,280.0,32.6374,8780.11,2.8396,8.3992,86.6958,85.3996,33.1324,138.9282,양품
1.6018,-0.0113,28.1938,0.0151,-6586.0,69.6222,7.5505,-0.8042,15.57,17.7106,4.8429,0.1813,1.395,58.4294,1.7933,8.6384,-0.0073,4.6244,0.6534,18.3982,0.7463,2235.5,15.72,,5.3144,14.8972,995.0531,0.0,1.8156,0.9302,11.15,12.0051,3.677,4.964,3.2179,3.6852,4.6081,0.0106,486.9467,0.0076,2.532,0.0,21.8556,9730.05,2.3369,4.0641,86.8535,86.0636,15.4662,147.3473,양품
-2.8618,-0.0125,32.7345,0.014,-6553.0,68.5556,6.2031,-0.8042,15.57,61.0266,5.4979,0.1477,1.395,239.5899,1.8037,8.6384,-0.0083,4.6877,0.6534,22.8618,0.7463,2258.75,15.72,,4.6677,14.7235,995.0531,0.0,1.8156,0.9302,10.26,10.0122,4.2245,5.1256,2.8347,2.574,4.6081,-0.0125,203.0173,0.0037,2.532,0.0,28.01,,1.8584,4.1506,86.8535,86.0636,15.4662,149.9636,양품
-10.68,-0.0115,24.4009,0.016,-6373.5,69.9,5.1999,-1.229,15.61,58.9032,5.5075,0.1195,1.38,146.6481,1.817,8.6384,-0.0107,5.1245,0.7248,30.68,0.7358,2239.75,15.71,,3.5765,8.1245,992.304,0.0,1.2731,0.9302,18.71,29.5607,19.62,7.0039,2.7968,2.5881,4.6211,0.0183,63.1086,0.004,2.765,307.6923,38.574,9566.7,2.2891,5.0276,86.8535,86.0636,19.9242,144.5064,양품
-0.5591,-0.0119,53.9515,0.0191,-6548.25,68.3667,7.9777,-1.229,15.61,13.6229,5.7273,0.2124,1.38,126.4367,1.801,8.6384,-0.0116,5.0872,0.7248,20.5591,0.7358,2259.75,15.71,,3.3642,10.2994,992.304,0.0,1.2362,0.9302,9.95,13.5312,4.5752,3.7393,2.5032,3.1062,4.6081,0.0184,731.5447,0.0051,2.765,313.5135,24.9284,9202.7698,1.4027,5.2761,86.8535,86.0636,15.4662,147.4464,양품
-2.9609,-0.0141,17.6991,0.0134,-5426.0,72.3222,4.8277,-0.8042,15.57,84.6601,7.597,0.1501,1.395,502.8114,2.0225,8.2963,0.0032,6.2843,0.6534,22.9609,0.7463,2598.0,15.72,,3.0419,12.8735,995.0531,0.0,1.4102,0.9185,15.06,41.0931,14.9418,6.6632,2.3085,7.3252,4.539,-0.0112,296.5305,0.0049,2.532,410.2564,30.9387,8965.11,2.6236,8.0127,86.955,85.1167,23.6002,147.5736,양품
1.4791,-0.0113,23.8411,0.0355,-5257.0,70.5,3.61,-0.0473,15.69,205.1055,7.1279,0.1082,1.22,251.8849,1.9643,9.1526,-0.0155,5.5619,0.8522,18.5209,0.728,2693.75,15.74,,5.9574,14.4462,998.1757,0.0,1.209,0.923,12.91,32.9613,13.0255,9.9402,2.1548,3.9117,4.5459,-0.0376,296.8039,0.0048,2.897,972.549,26.0917,8740.08,1.1243,5.588,86.1978,84.5275,22.4798,146.2264,양품
1.2518,-0.0112,50.7795,0.0372,-6473.25,70.3333,6.4777,-1.229,15.61,32.6637,5.1882,0.1671,1.38,81.9934,1.7997,8.6384,0.0032,4.7898,0.7248,18.7482,0.7358,2216.75,15.71,,3.6967,7.2586,992.304,0.0,1.1539,0.9302,16.73,31.6738,12.8672,6.1926,2.424,4.0841,4.6211,0.0012,860.3486,0.0045,2.765,0.0,24.1495,9178.8601,3.0686,4.2309,86.8535,86.0636,15.4662,141.77,양품
0.0064,-0.0126,27.8884,0.0254,-5459.5,68.0889,1.6329,-0.0473,15.69,43.8824,6.3409,0.0563,1.22,206.0105,1.9885,9.7137,-0.0028,5.6721,0.8522,19.9936,0.728,2518.5,15.74,,3.5248,6.9104,998.1757,0.0,1.8156,0.9324,11.42,37.5476,9.8903,20.6495,4.4805,6.8544,4.5631,-0.021,0.0,0.0047,2.897,720.0,23.1671,8444.6001,4.1997,5.1347,86.9537,85.9501,12.1132,147.3509,양품
2.1927,-0.013,29.2027,0.0262,-5351.75,72.6667,1.3848,-0.8042,15.75,146.85,8.0469,0.046,1.087,275.1344,1.9828,8.3267,-0.0177,6.1324,0.6976,17.8073,0.7135,2534.75,15.75,,7.0183,8.585,999.9423,0.0,0.7545,0.9187,16.2,30.0065,12.06,7.624,2.2779,6.1039,4.5674,0.0004,414.5522,0.0035,2.582,0.0,25.1118,8614.2601,2.5901,7.8895,86.889,87.3041,38.3502,147.2818,양품
3.6664,-0.0126,30.1288,0.0153,-6514.5,69.3778,4.827,-0.1419,15.63,36.782,5.6297,0.1331,1.343,75.0666,1.81,8.6384,-0.0038,4.9721,0.6589,16.3336,0.7226,2262.75,15.69,,3.3152,16.8844,993.4209,0.0,1.8156,0.9302,18.17,34.6371,9.8418,7.8555,2.6725,3.6807,4.6211,0.0023,313.1169,0.0038,2.546,623.7288,21.3671,8873.83,3.7892,4.0967,86.8535,86.0636,19.9323,142.0909,양품
1.4845,-0.0122,52.4053,0.0275,-5227.5,69.9333,4.6694,-0.1419,15.63,72.7387,6.7492,0.1665,1.343,367.1135,2.0513,9.193,-0.0024,6.5199,0.6589,18.5155,0.7226,2575.25,15.69,,4.0038,13.8815,993.4209,0.0,1.6778,0.9286,16.5,11.9288,11.4363,4.8937,3.7352,6.1176,4.5354,0.0178,437.8443,0.0087,2.546,656.4103,28.777,7946.64,2.092,5.1925,86.313,84.5602,15.9859,140.4145,양품
-5.0355,-0.0126,36.5442,0.017,-5874.25,70.4333,2.2581,0.0,15.57,285.7371,5.3448,0.0777,1.144,267.6433,2.0362,9.193,-0.0001,4.7888,0.6159,25.0355,0.8595,2670.5,15.58,2.7233,5.1112,15.4863,990.8618,0.0,2.0953,0.9303,8.34,36.9929,4.8451,4.3535,3.1774,3.7746,4.6029,0.0106,54.2156,0.0047,2.467,569.863,30.6968,8490.0199,0.8043,4.2834,86.313,84.5602,16.564,153.9236,양품
-3.1427,-0.0097,54.7804,0.0147,-5626.0,74.7444,3.8292,0.0,15.57,260.4387,7.1847,0.1287,1.144,432.8695,1.9565,9.004,0.0008,6.2127,0.6159,23.1427,0.8595,2703.5,15.58,,5.7529,14.2568,990.8618,0.0,0.7182,0.9266,13.71,20.0416,6.7622,4.9401,3.8588,4.191,4.5342,0.0299,157.5061,0.005,2.467,0.0,29.0454,,1.3677,7.5167,86.4814,84.1675,15.4662,148.4118,양품
-0.6236,-0.0141,54.4651,0.0185,-5100.0,70.4444,4.634,-1.088,15.58,63.0681,6.1699,0.139,1.295,268.4486,1.9903,8.8973,0.0029,5.9423,0.6543,20.6236,0.7506,2629.25,15.62,,2.5552,9.8808,990.6176,0.0,0.8237,0.9303,6.42,30.3408,3.9514,4.2479,2.9944,2.542,4.6029,0.0113,0.0,0.0059,2.485,0.0,25.3996,8921.35,1.8555,4.7546,86.4023,84.6927,15.4662,151.85,양품
-0.0445,-0.0137,23.3364,0.0204,-5473.75,74.8111,5.1071,0.0,15.57,202.121,7.5267,0.1608,1.144,358.1046,1.9828,8.6691,0.0072,6.5805,0.6159,20.0445,0.8595,2693.25,15.58,7.7402,5.8815,14.0,990.8618,0.0,1.5411,0.9219,14.61,20.776,14.0746,4.6777,2.335,5.4095,4.5623,0.0357,0.0,0.0052,2.467,0.0,28.252,8848.77,3.3512,6.1774,86.6187,85.1305,16.9858,149.7355,양품
-1.3327,-0.0117,64.9573,0.0218,-5569.0,73.3667,2.6618,-0.7569,15.54,160.8133,6.7894,0.0877,1.324,302.7221,2.011,8.5615,0.0008,6.1823,0.7076,21.3327,0.7072,2650.75,15.59,,4.2254,12.4499,984.0379,0.0,1.8156,0.9097,13.86,34.2467,22.0964,5.2136,2.1718,8.9143,4.5012,-0.0015,941.678,0.0037,2.583,0.0,31.7755,9360.7802,3.2866,7.5017,87.1811,87.3732,22.8478,146.5055,양품
2.6991,-0.0132,53.0303,0.0186,-5404.75,74.4,2.5092,-1.277,15.47,102.8798,8.2101,0.0746,1.102,12.842,1.9857,8.941,-0.0021,6.7691,0.6799,17.3009,0.7157,2592.75,15.54,,4.3011,8.2589,986.7484,0.0,1.0969,0.9205,10.63,7.9534,5.1982,7.5751,2.3944,5.1818,4.5377,-0.0127,356.7868,0.0077,2.51,0.0,22.2363,,3.0612,7.3544,86.2164,84.0447,14.5175,150.72,양품
-2.5418,-0.0107,67.907,0.0262,-5115.25,72.1111,4.4474,-1.277,15.47,111.1276,5.179,0.1641,1.102,340.1719,1.9992,8.8054,-0.0028,4.8125,0.6799,22.5418,0.7157,2589.0,15.54,,5.4083,14.4799,986.7484,0.0,1.1389,0.9317,19.29,24.1862,15.2091,17.3349,3.8897,3.965,4.611,0.0083,467.7754,0.0046,2.51,482.1918,30.2702,,3.0274,5.9951,86.2893,85.0209,13.1632,147.0382,양품
-1.1236,-0.0147,48.2173,0.0182,-5530.25,72.7444,2.1893,-0.7569,15.54,262.0636,6.2176,0.0735,1.324,312.0453,2.019,9.0355,0.0027,5.6285,0.7076,21.1236,0.7072,2601.0,15.59,,6.7359,14.2058,984.0379,0.0,1.535,0.9304,13.14,16.0182,8.4991,5.247,2.9179,3.8851,4.5846,0.005,347.0874,0.0024,2.583,480.0,28.189,9789.3101,1.3561,3.5144,86.4257,84.0747,15.4662,150.0618,양품
-0.9091,-0.0135,47.2761,0.0176,-5160.75,68.8778,2.6912,-1.088,15.51,163.8709,5.9428,0.0865,1.423,203.6572,1.9825,8.6472,0.0172,5.3456,0.592,20.9091,0.7399,2566.5,15.54,,2.9037,16.1815,988.7396,0.0,1.8156,0.9325,16.93,24.7655,9.7,19.3313,4.3998,4.2125,4.567,0.0154,0.0,0.005,2.648,0.0,27.7301,8742.7398,3.3968,7.1735,86.5763,85.0041,23.0089,150.0309,양품
-1.7382,-0.0126,20.6349,0.0215,-5200.75,69.8222,3.3855,-1.088,15.51,168.9556,7.1458,0.1187,1.423,812.7084,1.9635,9.1526,0.0077,6.5026,0.592,21.7382,0.7399,2576.0,15.54,,4.1534,9.2306,988.7396,0.0,1.8156,0.9185,19.38,27.2989,18.3764,6.9115,2.3994,8.3401,4.539,-0.0062,497.6464,0.0027,2.648,0.0,29.9212,9482.5201,2.5421,7.3305,86.1978,84.5275,23.4168,144.9627,양품
0.2327,-0.0136,26.4706,0.0153,-5405.5,73.2444,2.1919,-1.088,15.58,127.5252,5.7606,0.0666,1.295,783.0396,1.975,8.7552,-0.0049,5.6142,0.6543,19.7673,0.7506,2582.0,15.62,,4.0959,9.7063,990.6176,0.0,1.6485,0.9304,11.18,14.7246,8.0718,5.8555,2.7817,3.0945,4.5846,-0.0025,0.0,0.0043,2.485,595.3488,26.7875,,2.2113,3.534,86.438,85.9625,39.9283,145.0964,양품
-1.3018,-0.0096,50.9091,0.0281,-5175.5,73.4,3.6726,-1.088,15.51,149.5892,7.819,0.1117,1.423,363.0376,1.9867,8.7538,-0.0187,6.204,0.592,21.3018,0.7399,2585.25,15.54,,3.8147,11.9908,988.7396,0.0,1.1199,0.9203,14.88,8.6169,8.2146,5.4439,2.497,5.6614,4.534,-0.0024,874.9302,0.0048,2.648,193.9394,27.3802,,3.2764,6.1873,86.2393,83.217,15.4662,148.7264,양품
-2.8845,-0.0101,57.2133,0.0222,-4821.5,73.6444,6.7815,-0.8988,15.56,189.4842,6.4491,0.2048,1.182,989.5037,2.0263,9.004,-0.0209,5.8695,0.6289,22.8845,0.7416,2549.25,15.57,,5.7031,15.3045,986.9524,0.0,1.1167,0.9266,21.05,23.0873,10.6327,7.6771,4.1843,2.406,4.5342,0.001,227.0717,0.0066,2.438,980.6452,31.0334,,2.2685,4.5642,86.4814,84.1675,35.6152,146.7164,양품
-4.7682,-0.0115,30.5677,0.0238,-5552.0,73.9444,1.131,-0.8988,15.56,93.2894,6.3801,0.0373,1.182,526.8605,1.9817,8.941,0.0029,6.047,0.6289,24.7682,0.7416,2640.25,15.57,,5.139,15.961,986.9524,0.0,1.8156,0.9306,22.63,43.098,12.0564,21.5191,4.2656,3.8697,4.5601,-0.0059,224.1947,0.0055,2.438,0.0,32.6371,,2.9751,5.5193,86.2164,84.0447,20.8127,150.9155,양품
3.3573,-0.0099,62.9442,0.0343,-5393.5,72.1556,5.2397,-0.9934,15.56,191.4896,7.0746,0.166,1.522,330.1984,1.9805,9.065,-0.0206,5.7494,0.6652,16.6427,0.7471,2598.75,15.59,,5.2664,12.7241,985.77,0.0,1.8156,0.9204,8.29,37.5469,9.0228,8.9571,1.8236,8.362,4.4941,-0.0074,194.5031,0.0067,2.909,928.0,21.6069,,1.9222,5.3731,86.3325,84.0773,25.2431,153.1927,양품
-2.6591,-0.009,43.2133,0.0264,-5304.75,72.6556,1.7694,-0.8988,15.56,145.4198,7.5973,0.0558,1.182,507.1919,2.0175,7.6032,-0.0045,6.5822,0.6289,22.6591,0.7416,2805.75,15.57,,3.7162,11.3795,986.9524,0.0,3.4673,0.9097,20.57,27.393,19.61,4.4051,2.2527,6.2544,4.5012,-0.0039,401.265,0.0048,2.438,0.0,33.3483,9288.2701,2.833,8.288,87.2358,105.6038,15.4662,147.0955,양품
26.9709,-0.0101,29.5931,0.0266,-5475.0,73.1111,2.2923,-0.8988,15.56,141.3916,8.0467,0.0777,1.182,236.5939,1.997,8.451,-0.018,7.1454,0.6289,16.775,0.7416,2546.75,15.57,,5.0608,11.7847,986.9524,0.0056,1.7794,0.9187,17.88,20.5457,22.5675,32.4743,1.8411,23.1002,4.5674,0.0073,181.2323,0.0033,2.438,387.6289,82.3929,9288.4699,3.4114,23.5909,87.0768,86.7657,22.3349,150.0855,양품
0.6055,-0.0116,64.5161,0.0264,-5591.75,73.6333,3.4248,-0.8988,15.56,165.2049,6.4327,0.1165,1.182,215.4196,1.9785,9.4749,-0.0114,6.4576,0.6289,19.3945,0.7416,2476.0,15.57,,4.4817,12.6516,986.9524,0.0,1.4327,0.9317,16.48,19.1275,8.3091,21.4846,4.2288,4.2645,4.611,-0.0071,0.0,0.0037,2.438,0.0,26.314,9109.5299,4.0432,6.3943,87.4597,86.4072,15.4662,152.6555,양품
4.7545,-0.0091,39.4521,0.0254,-5592.25,72.0778,2.3033,-0.8988,15.56,110.1646,7.6244,0.0761,1.182,275.2058,1.9882,8.9605,-0.0021,6.6776,0.6289,15.2455,0.7416,2578.25,15.57,,5.6883,12.9499,986.9524,0.0,1.5501,0.9204,8.44,46.8875,6.6745,7.2421,1.8123,6.2911,4.4941,0.0002,190.5545,0.0029,2.438,552.1127,19.4363,8224.6899,2.7215,4.9684,86.4061,84.078,15.4662,151.9618,양품
-0.2709,-0.0098,35.8056,0.0247,-5394.25,72.5667,3.2051,-0.9934,15.56,140.6257,7.9792,0.1048,1.522,230.2482,1.995,8.7552,-0.0217,6.2523,0.6652,20.2709,0.7471,2507.25,15.59,,4.2719,12.2875,985.77,0.0,0.704,0.9202,15.33,24.2878,10.4146,8.731,2.4542,3.3925,4.5681,0.015,0.0,0.0028,2.909,688.3721,25.1055,,2.0225,7.1832,86.438,85.9625,56.5024,146.7955,양품
-2.8555,-0.0109,51.3761,0.0279,-6476.25,66.7222,6.763,-1.277,15.47,55.2841,5.6773,0.1625,1.102,184.0333,1.7945,8.7326,-0.02,5.6922,0.6799,22.8555,0.7157,2199.5,15.54,,2.2481,11.9019,986.7484,0.0,,0.8755,14.7,26.3533,15.0036,3.9723,3.2534,3.5169,4.2234,-0.0068,106.8131,0.0078,2.51,787.0968,30.1789,9033.72,0.9976,4.2161,86.441,85.4593,22.5697,142.7382,양품
3.8873,-0.0118,55.9322,0.0291,-6062.25,74.3889,2.9616,-0.8988,15.56,126.3922,5.0034,0.1,1.182,551.6946,2.016,8.5508,-0.0362,4.9132,0.6289,16.1127,0.7416,2717.5,15.57,,4.705,12.7147,986.9524,0.0,1.8156,0.9305,9.51,31.6494,6.2525,4.8701,2.9372,3.8958,4.6,0.0049,143.8028,0.0031,2.438,454.321,23.3578,8766.68,1.9974,4.2456,86.4687,84.4599,10.9921,148.1082,양품
-3.2373,-0.0101,52.6708,0.0305,-6592.25,71.1778,5.9775,0.0,15.73,52.7344,7.5403,0.1569,1.465,189.28,1.7853,8.1605,-0.0044,6.431,0.6567,23.2373,0.6866,2236.25,15.77,,2.9504,10.0122,996.759,0.0,1.3089,0.9191,18.8,31.0329,18.1627,3.5969,2.4292,4.4719,4.5777,-0.0404,430.9183,0.005,2.495,0.0,30.2685,,3.841,6.1305,86.629,85.1237,29.4518,142.8936,양품
-1.1627,-0.0125,32.7345,0.0255,-5526.75,71.2,5.4607,-0.8988,15.56,316.441,6.354,0.1748,1.182,647.1019,2.0035,9.193,-0.0037,5.5573,0.6289,21.1627,0.7416,2741.25,15.57,4.0638,3.0899,12.6488,986.9524,0.0,1.8156,0.9257,16.43,20.5798,11.2145,7.7349,3.768,3.975,4.6347,0.0047,667.3964,0.0039,2.438,645.1613,26.3724,8382.2999,2.4537,4.9463,86.313,84.5602,15.4662,149.1809,양품
-0.7418,-0.0108,43.418,0.0415,-4939.0,73.2667,10.57,-0.8988,15.56,129.2813,6.6487,0.3123,1.182,1178.988,1.9918,8.7164,0.0083,6.0237,0.6289,20.7418,0.7416,2528.5,15.57,,6.2784,13.4669,986.9524,0.0,1.8927,0.9097,10.72,15.17,14.6909,5.6139,2.5496,6.7855,4.5012,0.018,0.0,0.0048,2.438,703.0303,27.8256,8632.4399,2.8608,5.3824,86.3672,83.8405,15.4662,152.2364,양품
-6.7227,-0.0129,27.9612,0.0196,-5631.0,74.0444,2.1747,-1.277,15.47,128.3001,7.5373,0.0774,1.102,374.9809,2.0308,9.004,0.0077,6.7069,0.6799,26.7227,0.7157,2510.25,15.54,,4.5918,14.4055,986.7484,0.0,0.5786,0.9286,17.92,18.5999,9.5452,7.5198,4.0895,5.315,4.5354,0.0123,92.522,0.004,2.51,0.0,34.9591,,2.1441,6.5644,86.4814,84.1675,15.4662,151.4573,양품
0.4445,-0.0102,52.0885,0.029,-5734.75,72.4,5.0767,-0.7709,15.81,188.2363,6.7892,0.1558,1.925,613.7385,2.0205,8.7512,0.0127,5.9947,0.8705,19.5555,0.5353,2806.25,15.9,,6.2155,18.0388,1010.0694,0.0,0.9134,0.9332,17.13,14.6315,9.4115,18.6462,4.1305,5.0272,4.5655,-0.0202,0.0,0.0037,3.25,251.4286,26.4206,,2.8349,7.6372,86.446,83.3726,15.4662,142.4264,양품
-1.5091,-0.0092,23.816,0.0277,-5554.75,69.9667,2.5502,-0.7709,15.81,165.1625,6.6894,0.0838,1.925,130.0112,2.0078,8.3823,0.0162,5.5216,0.8705,21.5091,0.5353,2609.0,15.9,,3.0014,9.1036,1010.0694,0.0,1.8156,0.9306,19.65,21.6272,10.8065,21.395,4.422,6.8431,4.5601,0.0069,831.6265,0.0034,3.25,0.0,28.1825,,3.383,4.2176,86.9644,87.0772,15.4662,147.3009,양품
2.44,-0.0098,45.6853,0.0275,-5695.0,73.9222,2.4823,-0.7709,15.81,190.4265,7.4166,0.0835,1.925,323.0614,1.9883,8.3845,-0.0032,6.3592,0.8705,17.56,0.5353,2628.25,15.9,,2.7055,8.4107,1010.0694,0.0,1.5559,0.9185,14.86,35.528,14.4828,7.0559,2.0312,6.0401,4.5677,-0.0201,325.8197,0.0032,3.25,495.7746,24.7969,,2.4518,7.1685,86.8972,85.07,15.4662,148.1755,양품
-3.45,-0.0143,26.4808,0.018,-6254.25,74.5889,3.6712,-0.7569,15.54,66.5601,7.5951,0.0915,1.324,297.9445,1.809,8.886,-0.0077,5.7472,0.7076,23.45,0.7072,2314.25,15.59,,5.0946,15.3649,984.0379,0.0,1.0405,0.92,12.84,48.6777,16.75,11.4252,2.4667,5.9053,4.5361,0.0161,177.1014,0.0033,2.583,0.0,32.4091,,1.61,6.3573,86.2011,83.9888,15.4662,151.8982,양품
4.9209,-0.012,24.948,0.0347,-6354.5,74.1444,10.5093,-0.7709,15.81,144.5153,7.9323,0.1451,1.925,311.6681,0.622,9.152,0.0007,7.3077,0.8705,15.0791,0.5353,2273.0,15.9,,4.5856,13.3439,1010.0694,0.0,1.5844,0.9082,12.42,44.2576,8.7527,10.1826,1.8497,5.3264,4.5341,-0.0051,67.6704,0.0053,3.25,0.0,18.784,9330.76,1.258,5.8428,86.236,84.0132,18.0422,149.82,양품
-4.6173,-0.0094,58.5885,0.0208,-6330.5,73.5667,5.8178,-0.0946,15.77,21.5639,5.0832,0.1477,1.461,76.1949,1.8055,8.886,0.0029,4.7989,0.6595,24.6173,0.8019,2295.5,15.8,,6.5247,8.4577,1015.5533,0.0,1.5659,0.9306,5.18,19.939,4.4964,4.9739,2.9133,5.0841,4.6246,-0.0002,156.8025,0.0041,2.671,0.0,30.6183,,2.0061,4.5529,86.2011,83.9888,12.9932,149.88,양품
-1.65,-0.0136,40.5157,0.0209,-5594.75,75.0333,5.7416,-0.0946,15.77,244.9536,6.444,0.1924,1.461,456.2948,1.9955,9.004,-0.0087,5.7336,0.6595,21.65,0.8019,2661.75,15.8,,8.1297,12.0612,1015.5533,0.0,1.2257,0.9266,21.2,27.3331,11.5891,4.4444,4.3222,4.5493,4.5342,0.0121,263.637,0.0043,2.671,0.0,29.6873,,1.3649,6.3783,86.4814,84.1675,18.3361,149.0336,양품
-2.9818,-0.0122,18.8139,0.0258,-5093.75,73.0,5.8663,-0.7709,15.81,158.4874,6.3746,0.175,1.925,382.1739,1.9327,8.7552,0.0075,6.3751,0.8705,22.9818,0.5353,2719.75,15.9,,5.4795,10.6616,1010.0694,0.0,1.8078,0.9317,16.05,38.5132,10.1857,21.7894,4.2322,4.622,4.611,-0.0222,550.3354,0.0043,3.25,0.0,28.4637,8564.8599,4.4203,5.5699,86.438,85.9625,15.4662,139.9827,양품
2.0318,-0.0101,23.7037,0.0227,-5193.25,72.3,1.8702,0.6623,15.77,19.906,7.8022,0.0593,0.9885,291.4497,2.011,8.7512,-0.0004,6.9246,0.8781,17.9682,0.4492,2530.25,15.8,,5.2559,12.1021,1004.653,0.0,1.8156,0.9336,10.52,20.8576,6.2829,21.4774,4.2078,4.3582,4.5531,0.0111,766.3087,0.0052,2.951,487.8049,21.6831,,4.1558,6.7181,86.446,83.3726,13.3515,146.1618,양품
-0.2255,-0.0112,26.8757,0.0205,-5465.75,73.4556,2.5631,-0.0946,15.77,115.2635,7.4119,0.0838,1.461,236.6071,1.9872,8.941,-0.0015,6.148,0.6595,20.2255,0.8019,2558.5,15.8,,4.4925,12.9528,1015.5533,0.0,1.8156,0.9205,8.82,15.9479,9.5871,6.6852,2.168,4.012,4.5377,-0.0065,0.0,0.0034,2.671,0.0,26.0373,,2.4612,5.7297,86.2164,84.0447,15.4662,150.05,양품
-2.0455,-0.013,31.5082,0.0214,-5097.0,72.0,3.2004,-0.1892,15.73,81.1557,6.0673,0.1034,1.21,186.3384,1.9855,9.065,-0.0129,6.0296,0.6153,22.0455,0.7753,2599.25,15.77,,5.8333,10.549,1001.6042,0.0,1.8156,0.9246,13.1,14.8251,5.863,5.9564,3.9258,5.1566,4.5616,0.0083,413.6002,0.0053,2.538,655.7377,27.9357,8185.2001,2.6198,5.4877,86.3325,84.0773,15.4662,145.0573,양품
0.9027,-0.0097,50.2564,0.0208,-6427.5,70.5111,6.1805,0.6623,15.77,21.7639,5.366,0.1457,0.9885,124.5512,1.808,8.6384,-0.0122,4.9113,0.8781,19.0973,0.4492,2269.5,15.8,,3.8292,15.2552,1004.653,0.0,0.9513,0.9317,20.44,22.544,9.76,7.7526,2.7879,3.8619,4.5969,0.0217,0.0,0.0029,2.951,0.0,27.1184,,3.685,2.9366,86.8535,86.0636,19.2227,140.0864,양품
-4.8809,-0.0091,50.4801,0.0248,-5321.75,71.9333,4.4135,-0.8515,15.72,94.4334,9.0924,0.1358,1.21,308.5184,1.9768,8.9605,0.0068,7.2851,0.6402,24.8809,0.8348,2509.5,15.75,,5.8387,14.1414,1002.7238,0.0,1.8857,0.9202,19.42,8.0728,17.8318,4.2811,2.3234,5.8979,4.5681,-0.0091,218.1971,0.0039,2.562,0.0,34.2526,8305.7,3.1474,6.3555,86.4061,84.078,27.4928,141.2364,양품
-3.88,-0.0122,36.999,0.0122,-5153.5,72.7556,4.8477,-0.9461,15.73,138.2061,7.4903,0.1455,1.13,678.4318,2.007,8.3675,0.0062,6.553,0.7269,23.88,0.6844,2623.25,15.77,,3.8485,10.8383,997.5587,0.0,0.7751,0.9161,13.25,22.441,18.4936,4.7518,2.4472,4.8058,4.4969,-0.021,367.7835,0.0055,2.673,0.0,32.1774,,3.7858,5.4438,86.8342,85.2544,15.4662,149.8191,양품
4.7573,-0.0095,42.0499,0.0276,-5370.25,71.1444,1.7278,0.6623,15.77,144.9031,7.1218,0.0514,0.9885,162.1201,2.0072,8.8054,0.0027,7.1842,0.8781,15.2427,0.4492,2621.75,15.8,,5.9035,11.2121,1004.653,0.0,1.8156,0.9207,11.75,25.0963,7.2728,6.0094,2.0031,6.981,4.5509,-0.004,165.2207,0.003,2.951,706.6667,19.8525,,2.2514,5.8575,86.2893,85.0209,15.4662,153.1291,양품
-5.0918,-0.0126,31.8091,0.0235,-5488.5,70.8778,3.1347,-0.8515,15.72,132.275,6.8619,0.1017,1.21,401.0391,1.9925,8.8331,-0.0029,5.4831,0.6402,25.0918,0.8348,2703.0,15.75,3.267,4.2326,15.0503,1002.7238,0.0,0.7115,0.9187,19.48,20.547,18.1127,6.518,2.4101,6.4652,4.5479,0.0208,173.4155,0.006,2.562,909.0909,33.8967,8771.79,3.0654,5.918,87.0785,85.2836,15.4662,150.6536,양품
-0.6345,-0.0103,40.0,0.0231,-5475.0,74.5778,5.5812,-0.0946,15.77,285.9981,7.9629,0.1728,1.461,773.0877,1.993,9.2189,0.0037,6.2952,0.6595,20.6345,0.8019,2571.25,15.8,,8.0453,14.6744,1015.5533,0.0,0.7929,0.92,17.86,20.6642,13.7836,6.1187,2.3832,4.1859,4.5298,0.0105,0.0,0.005,2.671,0.0,28.4314,,3.2824,6.6586,86.6498,84.1818,12.5454,150.9827,양품
-4.7227,-0.0122,36.0287,0.0214,-5868.25,73.6556,2.4444,0.6623,15.77,96.1856,8.3869,0.0773,0.9885,469.5433,1.9745,8.7786,0.0024,7.1645,0.8781,24.7227,0.4492,2769.5,15.8,,5.4307,14.5302,1004.653,0.0,1.8156,0.92,13.47,33.9624,16.8155,3.9551,2.2048,4.6571,4.5361,0.0105,272.512,0.0033,2.951,632.2581,32.7695,,3.6433,6.0768,86.4039,83.3424,15.4662,149.6627,양품
-2.0164,-0.0122,49.0296,0.0235,-5372.0,72.2333,1.4246,-0.0946,15.77,157.8533,7.6205,0.0496,1.461,316.9805,2.008,9.4749,-0.0097,7.2691,0.6595,22.0164,0.8019,2431.5,15.8,3.4882,4.1532,9.5642,1015.5533,0.0,0.5209,0.9202,7.79,18.5584,17.5373,6.8349,2.1623,7.1862,4.5681,0.0224,442.3805,0.0026,2.671,181.4433,30.4711,8874.9001,2.5794,5.9206,87.4597,86.4072,15.4662,153.3491,양품
-0.3773,-0.0111,38.7824,0.0251,-5468.5,67.9,1.8444,0.6623,15.77,146.5196,7.987,0.071,0.9885,81.3736,1.9928,8.7326,-0.0063,6.4167,0.8781,20.3773,0.4492,2525.0,15.8,,3.8292,12.1514,1004.653,0.0,1.208,0.9205,15.52,13.0713,8.5627,5.5289,2.368,5.0724,4.5377,0.0228,0.0,0.0053,2.951,0.0,25.9834,9184.45,4.0104,5.6675,86.441,85.4593,31.9165,149.4373,양품
2.8691,0.0016,244.2748,0.0239,-5575.0,72.5,1.2142,0.3784,15.73,203.4838,6.8321,0.0419,0.9365,421.9115,1.9828,8.6695,-0.0134,5.8665,0.8741,17.1309,0.4108,2703.5,15.71,,4.8276,12.1015,1000.1451,0.0,0.7046,0.9337,11.34,75.3229,9.6172,4.9954,3.844,9.6984,4.678,-0.0471,187.8644,0.0098,2.985,26.0504,24.2974,8349.51,1.6236,6.1116,86.6658,85.4487,35.0595,147.3445,불량
-3.9073,-0.0124,55.814,0.0233,-6247.0,72.7556,5.3102,-0.0946,15.77,46.1158,6.3454,0.0841,1.461,183.3885,0.6845,9.152,-0.0055,5.8992,0.6595,23.9073,0.8019,2273.0,15.8,,6.1851,10.2245,1015.5533,0.0,0.9095,0.9306,21.37,25.9769,14.3964,26.1109,4.275,6.9496,4.5601,0.0275,430.7352,0.0042,2.671,0.0,30.5276,8694.69,4.8319,4.597,86.236,84.0132,13.6088,147.2018,양품
-2.0718,-0.012,32.4662,0.0236,-5233.25,71.3889,3.6961,-0.7709,15.81,338.1936,7.132,0.1164,1.925,519.2747,1.9915,8.8054,0.0206,6.4696,0.8705,22.0718,0.5353,2722.75,15.9,,4.6226,14.6762,1010.0694,0.0,0.8336,0.9205,11.79,12.0521,9.3546,5.3298,2.4002,5.7777,4.5377,-0.0006,698.4204,0.0034,3.25,0.0,27.9451,9160.05,3.7712,6.0171,86.2893,85.0209,30.5859,149.8873,양품
1.3464,-0.01,47.0588,0.0234,-5366.25,72.1556,3.3217,0.0,15.87,118.3286,6.7639,0.099,1.031,354.967,1.954,8.7164,-0.004,6.4679,0.8667,18.6536,0.4169,2653.5,15.88,,5.6822,10.7448,1010.8564,0.0,1.8151,0.9317,17.29,23.983,11.2718,20.474,4.1409,5.3484,4.611,0.0322,938.8258,0.0062,3.026,757.8947,25.6961,,3.4991,4.8089,86.3672,83.8405,15.4662,147.5218,양품
-1.8045,-0.0086,42.0438,0.0205,-6458.0,74.7778,6.8027,-0.1892,15.73,28.5818,6.6992,0.1201,1.21,155.906,0.6387,8.6024,-0.0194,5.8052,0.6153,21.8045,0.7753,2280.25,15.77,,3.6107,10.9312,1001.6042,0.0,0.3877,0.9097,13.51,24.3754,17.2736,3.7775,2.4263,7.2043,4.5012,0.0024,691.0327,0.0053,2.538,466.6667,30.1905,8537.2601,3.6739,7.0884,86.8309,83.8792,15.4662,152.1318,양품
-4.4309,-0.011,26.2741,0.0216,-5641.25,72.9667,2.2695,-1.088,15.75,332.495,8.4078,0.0791,1.513,272.3789,1.97,8.3271,-0.0067,7.3376,0.4199,24.4309,0.7813,2756.75,15.77,,3.7003,12.8377,1011.88,0.0,1.0457,0.9097,13.84,23.011,22.5082,3.5302,2.3117,7.3228,4.5012,-0.0189,316.865,0.0034,2.832,691.8919,35.1566,9355.37,4.129,6.4575,87.0707,86.7232,31.3757,146.9373,양품
-2.1155,-0.0118,47.6089,0.024,-5138.5,72.7889,3.9369,-1.088,15.75,124.5187,5.7323,0.1308,1.513,408.3336,1.9625,7.6032,0.0102,5.053,0.4199,22.1155,0.7813,2519.75,15.77,,2.8851,8.9226,1011.88,0.0,1.1604,0.9304,16.08,18.8678,9.4814,5.5828,3.0832,4.6677,4.5846,0.0012,221.7014,0.0065,2.832,960.0,25.8775,8847.39,1.4979,5.4613,87.2358,105.6038,15.4662,147.3955,양품
-3.6509,-0.0125,39.9202,0.0173,-5587.0,71.7,4.6321,-1.088,15.75,206.2369,6.2494,0.1499,1.513,308.3083,2.0065,8.3271,0.0013,5.3177,0.4199,23.6509,0.7813,2552.5,15.77,,2.371,12.7776,1011.88,0.0,1.8156,0.9332,11.47,14.1717,5.9923,18.5005,3.8459,3.9068,4.5655,-0.0001,276.0956,0.0039,2.832,422.2222,29.6804,8709.7301,3.0092,4.0019,87.0707,86.7232,10.9698,155.1155,양품
-2.5382,-0.013,30.8582,0.025,-5566.0,74.3667,2.5636,-1.088,15.75,251.9934,8.1182,0.0778,1.513,445.2243,2.0002,9.2189,0.0147,6.4367,0.4199,22.5382,0.7813,2617.0,15.77,,7.1268,13.4235,1011.88,0.0,1.8156,0.9187,12.28,15.4941,6.8877,5.4953,2.7824,6.2289,4.5479,0.0254,310.4585,0.0051,2.832,0.0,29.1744,,2.58,8.1333,86.6498,84.1818,15.4662,150.7482,양품
4.4209,-0.0091,55.0206,0.0188,-5337.0,72.4889,4.3681,-0.0946,15.77,198.221,9.2874,0.1413,1.461,667.2576,1.9918,8.7552,0.0019,7.0032,0.6595,15.5791,0.8019,2561.25,15.8,,5.2422,8.852,1015.5533,0.0,1.283,0.9082,11.95,50.5048,11.7637,9.5086,2.1081,5.5992,4.5341,0.0051,132.3257,0.007,2.671,217.1429,19.1247,,2.1211,5.566,86.438,85.9625,45.6547,148.0555,양품
0.5773,-0.0111,21.646,0.0346,-6393.5,75.5778,5.0882,-0.8988,15.75,44.3349,6.9072,0.1224,1.404,193.5019,1.8135,8.4768,0.0005,6.8638,0.5922,19.4227,0.7567,2261.75,15.76,,3.1755,11.004,1002.1417,0.0,1.5742,0.9312,12.3,28.1723,6.9914,8.3972,3.4408,5.9787,4.5122,-0.009,0.0,0.0041,2.546,411.8812,27.5901,8707.69,3.9902,6.4144,86.7188,83.7826,28.4126,147.5245,양품
-0.1882,-0.0094,35.9788,0.0273,-5822.75,72.2778,4.4974,-0.9934,15.72,292.373,5.9,0.1516,1.385,450.6916,1.975,9.065,-0.0056,4.8447,0.655,20.1882,0.8266,2802.0,15.76,,5.8109,12.7014,999.4826,0.0,1.8156,0.9317,25.42,11.786,16.2055,19.9554,4.1691,4.4714,4.611,0.0086,0.0,0.0079,2.658,705.8824,29.5672,,3.8097,6.8114,86.3325,84.0773,20.5451,140.2255,양품
-2.2382,-0.0109,43.2184,0.0237,-5442.25,72.2667,2.7165,-0.0946,15.77,67.8202,5.7998,0.0849,1.461,429.3704,2.026,8.7512,0.0001,5.0974,0.6595,22.2382,0.8019,2569.25,15.8,,4.9815,13.0184,1015.5533,0.0,1.8156,0.9332,19.01,33.2311,10.0306,19.3337,4.2372,5.1526,4.5655,0.0222,468.684,0.0026,2.671,621.0526,30.0506,9473.2401,2.7854,4.6464,86.446,83.3726,15.4662,155.2618,양품
-1.1655,-0.0156,32.7185,0.0206,-5275.5,69.0222,2.49,-0.5677,15.76,174.7653,5.8631,0.0856,1.39,467.259,2.0122,9.7137,0.0032,5.3523,0.5887,21.1655,0.8258,2541.75,15.78,,4.0567,8.4475,1001.4281,0.0,0.4826,0.9303,7.55,26.0493,3.15,6.3943,2.723,2.7756,4.6029,0.0074,444.4618,0.0081,2.518,975.6098,26.6318,8248.1599,1.9408,3.786,86.9537,85.9501,15.4662,151.6782,양품
-0.4527,-0.0104,29.8795,0.0229,-5670.5,71.2556,3.4156,-0.9934,15.72,100.5332,5.8218,0.104,1.385,363.4799,1.9785,9.152,-0.0048,5.1153,0.655,20.4527,0.8266,2783.25,15.76,3.6769,6.4556,12.0918,999.4826,0.0,2.3631,0.9303,9.37,17.7883,4.8178,7.0456,2.6063,5.7777,4.6029,0.0031,0.0,0.0074,2.658,224.0,21.1738,9074.49,3.2307,5.9987,86.236,84.0132,21.1633,149.1936,양품
-3.8991,-0.0135,32.4723,0.0153,-5713.0,75.1778,4.7118,-0.9934,15.72,280.7027,5.4053,0.1534,1.385,566.7422,1.9728,9.004,-0.0004,5.3065,0.655,23.8991,0.8266,2700.0,15.76,,6.2518,11.3117,999.4826,0.0,2.1638,0.9306,7.46,18.3369,3.3288,5.5704,3.0128,4.1392,4.6246,-0.0078,63.861,0.0034,2.658,0.0,30.4731,,0.8378,3.9098,86.4814,84.1675,15.4662,150.5136,양품
1.5118,-0.0115,27.0153,0.0226,-5455.75,75.1222,4.7864,-0.9934,15.72,82.9915,6.6226,0.165,1.385,447.3741,2.0093,8.4597,0.008,5.8822,0.655,18.4882,0.8266,2546.25,15.76,,2.5292,8.633,999.4826,0.0,0.6211,0.9312,10.66,26.3727,5.4095,8.2526,3.6371,5.0366,4.5122,0.0118,799.0395,0.0052,2.658,332.5843,26.6434,8992.5401,4.0081,3.6684,86.6684,84.0019,55.0208,148.7118,양품
-2.3127,-0.0102,61.0086,0.0387,-5300.5,74.4667,3.9519,-0.9934,15.72,196.8847,8.7002,0.122,1.385,269.6572,2.0068,8.5615,-0.0002,6.7224,0.655,22.3127,0.8266,2602.75,15.76,,4.7001,6.5667,999.4826,0.0,1.6364,0.9202,17.29,17.4514,10.9218,4.8311,2.2628,4.7977,4.5681,0.0039,571.1871,0.0039,2.658,296.0,28.8298,8203.1301,3.5417,6.0801,87.1811,87.3732,23.8789,147.7791,양품
0.6482,-0.0108,38.934,0.0221,-6430.25,74.8556,7.876,-0.5677,15.76,48.6715,5.8779,0.1793,1.39,199.4265,1.794,8.5529,0.0048,5.3477,0.5887,19.3518,0.8258,2268.75,15.78,,4.4085,9.8013,1001.4281,0.0,1.8156,0.9317,11.48,27.0261,6.768,5.2855,2.9032,4.9008,4.5969,-0.0069,862.4123,0.0053,2.518,0.0,27.4139,9015.5001,2.0155,4.654,86.7495,83.7644,19.6342,141.6091,양품
-4.3518,-0.0097,36.036,0.0236,-5219.5,73.6,2.8491,-0.9934,15.72,212.0039,7.8757,0.0853,1.385,757.6035,1.9752,8.947,0.0025,6.1966,0.655,24.3518,0.8266,2611.5,15.76,,6.9293,10.2565,999.4826,0.0,1.8156,0.9187,12.61,20.7889,8.7955,3.6037,2.5124,5.9175,4.5479,0.0228,285.398,0.0035,2.658,624.0,31.4736,,3.7352,6.2296,86.8002,84.0832,15.4662,155.3027,양품
5.9282,-0.011,45.3001,0.0198,-5638.25,73.0222,4.6753,-0.9934,15.72,305.6047,5.5561,0.1577,1.385,229.3576,1.9972,8.3271,0.0093,5.8179,0.655,14.0718,0.8266,2578.25,15.76,,3.0128,10.241,999.4826,0.0,2.6164,0.9337,14.65,49.582,7.8606,24.0416,4.1751,4.936,4.5331,0.0237,335.6847,0.0032,2.658,0.0,17.7128,8362.9301,5.1988,5.9994,87.0707,86.7232,24.7258,141.6127,양품
5.6382,-0.0091,49.3827,0.0277,-5685.5,72.2444,1.9881,-0.9934,15.72,345.987,7.2133,0.0595,1.385,226.9045,2.0075,8.7609,0.0026,6.8134,0.655,14.3618,0.8266,2843.5,15.76,,4.291,8.7782,999.4826,0.0,1.0153,0.9186,17.05,20.5975,18.7736,7.396,2.0347,7.1516,4.546,0.0163,130.7159,0.0051,2.658,256.8807,23.5333,8331.01,2.2798,6.1847,87.0545,85.8815,15.2498,142.0664,양품
-3.1818,-0.0095,46.3768,0.0239,-5281.0,73.2556,3.3435,-0.9934,15.72,163.9743,8.8926,0.1106,1.385,229.5096,1.9972,8.3267,-0.018,7.415,0.655,23.1818,0.8266,2497.75,15.76,,5.1873,11.59,999.4826,0.0,1.8156,0.9202,13.32,16.2118,10.5846,6.7003,2.4241,6.16,4.5681,0.0141,334.0857,0.0036,2.658,800.0,28.4535,8727.23,3.1279,6.1339,86.889,87.3041,15.4662,151.9473,양품
3.6809,-0.0123,41.5902,,-5223.25,69.8111,2.2734,0.0,15.93,179.7081,4.8908,0.0767,1.333,582.1783,1.9945,8.6382,,4.3747,0.8722,16.3191,0.38,2670.5,15.93,,5.873,10.1855,1016.2833,0.0,1.8156,0.9322,13.36,22.1915,7.6719,4.8129,2.5052,3.5974,4.7755,,128.7725,0.003,2.924,0.0,19.1895,8736.0401,1.5695,4.089,86.4852,86.2987,21.7271,152.0545,양품
5.6627,-0.0141,25.6,,-6424.25,70.2444,7.819,0.0,15.93,83.4361,5.8961,0.1968,1.333,167.3567,1.8,8.6382,,5.48,0.8722,14.3373,0.38,2275.75,15.93,,3.1319,11.2404,1016.2833,0.0,1.8156,0.9337,11.05,13.4113,5.782,4.9573,2.4262,3.4727,4.8019,,73.9926,0.0046,2.924,0.0,18.4428,9025.91,1.4681,5.2741,86.4852,86.2987,13.1086,149.74,양품
3.2882,-0.0134,23.221,,-5756.5,70.8333,3.3883,0.0,15.93,54.8574,5.3304,0.1104,1.333,351.9285,1.996,8.6382,,4.8196,0.8722,16.7118,0.38,2651.0,15.93,,4.9412,10.3371,1016.2833,0.0,1.8156,0.9322,12.24,25.2868,9.8361,3.5794,2.5681,2.8136,4.7755,,176.0852,0.006,2.924,213.9535,20.2216,8754.1,2.1514,4.7074,86.4852,86.2987,7.3792,150.34,양품
4.6964,-0.0138,44.0831,,-5338.75,72.8556,4.5425,0.0,15.67,209.1513,6.1135,0.1395,1.541,375.3979,1.991,8.1728,,5.3512,0.5768,15.3036,0.8012,2721.75,15.73,,4.6668,11.1683,997.7594,0.0,1.8033,0.9337,11.04,33.6993,8.1758,22.9041,3.7545,4.1743,4.4933,,347.7158,0.0033,2.454,439.4366,21.7822,9435.89,4.6627,6.0419,86.3506,85.8638,37.3466,149.7245,양품
-2.4436,-0.0127,37.684,,-5056.25,71.0444,3.2056,0.0,15.67,316.1786,7.3467,0.1054,1.541,599.6418,1.984,8.1728,,7.1247,0.5768,22.4436,0.8012,2565.25,15.73,,3.9412,9.8197,997.7594,0.0,1.8156,0.9353,15.75,32.8099,14.1564,2.6308,3.9347,5.0766,4.6118,,195.2009,0.0033,2.454,0.0,29.9794,9253.3099,1.6601,6.7504,86.3506,85.8638,15.5389,151.4782,양품
1.5645,-0.0117,30.0107,,-5222.0,72.6,4.7637,-0.5677,15.76,154.3006,4.885,0.1613,1.39,356.1788,2.0217,8.7164,,4.0859,0.5887,18.4355,0.8258,2678.0,15.78,,5.3719,8.8905,1001.4281,0.0,1.7667,0.9317,18.2,19.8777,11.6236,22.81,3.9468,6.6138,4.611,,0.0,0.0047,2.518,477.7778,24.9562,,4.6357,5.0991,86.3672,83.8405,15.4662,147.42,양품
2.9545,-0.014,35.094,,-6457.75,72.3444,5.465,0.0,15.67,46.9645,5.8635,0.1338,1.541,225.7452,1.821,8.1728,,5.1527,0.5768,17.0455,0.8012,2350.5,15.73,,3.3175,8.7114,997.7594,0.0,1.0968,0.9337,13.08,26.1713,6.6796,22.4344,3.9679,5.7415,4.4933,,579.446,0.0038,2.454,659.6491,23.5939,8688.79,4.6798,6.2215,86.3506,85.8638,15.4662,149.7855,양품
-4.99,-0.011,31.7101,,-5491.75,73.2333,2.7585,-0.8515,15.72,77.0152,6.2058,0.0902,1.343,411.2739,2.0257,13.5481,,5.8122,0.6102,24.99,0.8223,2646.0,15.74,,5.462,9.1213,1002.4237,0.0022,1.428,0.9327,20.08,17.566,7.8891,7.4506,3.6321,4.3431,4.4844,,170.9421,0.0035,2.499,0.0,30.6875,9155.38,2.2251,4.9131,86.8485,85.3687,10.5337,145.75,양품
3.0682,-0.009,42.1053,0.0272,-5727.0,72.3333,1.9812,-0.5677,15.76,304.6714,7.3852,0.0576,1.39,265.1276,1.9987,8.9605,0.0093,5.5103,0.5887,16.9318,0.8258,2692.0,15.78,,6.0829,10.6286,1001.4281,0.0,1.9245,0.9082,12.57,35.7768,8.7491,7.8488,2.2113,4.9841,4.5341,-0.0096,252.9185,0.0057,2.518,0.0,20.6576,8347.72,2.4513,5.8174,86.4061,84.078,15.4662,150.48,양품
2.9691,-0.0103,36.715,,-5073.5,73.1444,0.6692,0.0,15.67,255.746,6.8537,0.0224,1.541,385.1809,2.0263,8.7552,,5.4486,0.5768,17.0309,0.8012,2589.0,15.73,,4.3749,12.0395,997.7594,0.0,1.4486,0.9186,15.91,10.8581,18.8782,8.3313,2.0811,3.4776,4.546,,276.8524,0.0032,2.454,773.3333,24.1042,,2.4445,6.5534,86.438,85.9625,15.4662,143.49,양품
2.3318,-0.0107,40.0932,,-6416.25,69.5,4.8707,-0.1419,15.87,22.8254,7.4274,0.1148,1.309,99.5234,1.8035,8.1605,,6.8363,0.8712,17.6682,0.3161,2329.5,15.91,,4.4604,8.5775,1015.7622,0.0,1.8156,0.9332,14.65,10.9048,10.3865,21.2767,5.2417,5.6591,4.5655,,406.9788,0.0042,2.783,669.3878,20.9574,,2.7074,4.7992,86.629,85.1237,7.2788,148.7873,양품
2.8009,-0.0136,37.4312,,-6456.25,69.5889,5.368,0.0,15.93,15.2616,5.7768,0.1386,1.333,71.8488,1.805,8.5494,,5.151,0.8722,17.1991,0.38,2330.75,15.93,,2.874,10.4652,1016.2833,0.0,1.8145,0.9322,13.68,22.3216,8.16,5.2105,2.4438,4.0832,4.7755,,209.5748,0.002,2.924,0.0,21.0159,8389.1501,1.7103,5.2825,86.5361,85.1911,17.1567,148.9045,양품
1.5745,-0.0102,46.022,,-4958.0,72.4889,5.4161,-0.1419,15.87,163.2715,6.3127,0.1722,1.309,198.7779,1.977,8.7512,,6.2312,0.8712,18.4255,0.3161,2573.25,15.91,,3.4488,9.8858,1015.7622,0.0,1.5901,0.9295,13.15,15.4796,8.4647,23.3477,3.9777,3.3971,4.5377,,987.5866,0.0021,2.783,0.0,21.0974,,4.2793,6.5702,86.446,83.3726,15.4662,150.1273,양품
-2.7673,-0.0109,21.9931,,-5083.25,73.2222,2.3473,-0.1419,15.87,164.2062,8.0658,0.0764,1.309,608.9408,1.964,9.2189,,6.9317,0.8712,22.7673,0.3161,2490.5,15.91,,6.5554,10.1901,1015.7622,0.0161,2.0033,0.92,12.54,23.8278,16.18,7.2626,2.3039,5.7891,4.5298,,278.975,0.0045,2.783,0.0,29.9103,,2.3169,6.5746,86.6498,84.1818,15.4662,150.11,양품
-2.3109,-0.0103,46.6586,,-5735.25,71.9111,1.7964,0.0,15.67,200.5808,5.8205,0.061,1.541,487.9477,1.9777,9.065,,5.9754,0.5768,22.3109,0.8012,2696.0,15.73,,4.1718,10.0892,997.7594,0.0,1.8156,0.9317,20.66,16.9711,11.3236,19.4637,3.9011,4.3482,4.611,,483.3602,0.006,2.454,546.0317,29.508,,3.1327,4.1583,86.3325,84.0773,15.4662,150.8655,양품
0.0627,-0.0099,55.4855,,-6020.75,71.4222,3.5422,-0.1419,15.87,359.9559,5.5391,0.1202,1.309,646.8108,2.0252,8.3267,,5.4174,0.8712,19.9373,0.3161,2687.75,15.91,,3.3603,9.562,1015.7622,0.0,1.2997,0.9295,12.88,20.8878,7.8182,20.131,4.0922,2.6068,4.5377,,0.0,0.0037,2.783,0.0,23.9783,9022.4899,3.8687,5.1196,86.889,87.3041,15.4662,150.3782,양품
5.9345,-0.0104,44.9761,,-6499.0,72.3778,6.8251,-0.8515,15.72,66.6702,5.737,0.1896,1.343,113.6222,1.8005,8.4509,,5.1576,0.6102,14.0655,0.8223,2241.75,15.74,,2.7633,8.6079,1002.4237,0.0,1.8156,0.9317,17.69,22.3127,9.4222,5.2356,3.0802,3.6369,4.5969,,88.8022,0.0043,2.499,695.6522,17.8357,8936.0899,1.8009,4.6842,86.6899,83.7667,3.8967,135.5536,양품
-3.1909,-0.0104,88.6747,,-5427.75,73.0222,3.5463,-0.8515,15.72,169.4016,8.7513,0.1215,1.343,555.3476,1.996,8.7786,,7.1312,0.6102,23.1909,0.8223,2602.25,15.74,,5.7517,9.5226,1002.4237,0.0,2.0741,0.9187,17.64,16.8022,9.06,5.979,2.5852,5.9387,4.5479,,504.5584,0.0053,2.499,0.0,29.0235,9086.9999,4.5999,5.8465,86.4039,83.3424,42.8726,148.6845,양품
3.4827,-0.0114,49.9452,,-6424.25,66.6111,6.1086,-0.8515,15.72,96.5345,5.0416,0.1355,1.343,166.6561,1.81,8.436,,4.8692,0.6102,16.5173,0.8223,2373.25,15.74,,4.6539,10.0726,1002.4237,0.0,1.0147,0.9305,12.66,13.8843,7.4646,4.9349,2.9323,2.4138,4.6,,133.229,0.0052,2.499,451.7647,23.4619,,1.6326,4.0463,86.6737,84.86,15.4662,149.9718,양품
4.6227,-0.0134,38.2022,,-5357.0,73.3444,2.4448,,,170.7325,7.0816,0.0781,,212.0613,1.9992,8.1728,,6.5524,,15.3773,,2710.25,,,3.6813,,,0.0,1.8156,0.9337,12.37,22.5437,6.7499,22.9501,3.694,3.6709,4.4933,,364.7198,0.0034,,0.0,21.6323,9314.7502,4.6477,6.8659,86.3506,85.8638,,150.3718,양품
2.8182,-0.0094,53.1915,,-5418.75,71.1444,3.6727,0.0,15.67,149.1755,7.5769,0.1242,1.541,523.1165,1.954,8.7164,,6.2801,0.5768,17.1818,0.8012,2608.0,15.73,,8.293,11.7692,997.7594,0.0,1.0367,0.9204,12.71,52.679,9.4918,7.114,1.9069,4.4358,4.4941,,272.1613,0.0033,2.454,235.7895,22.4678,9201.7201,2.4058,5.6185,86.3672,83.8405,15.4662,147.2109,양품
-3.3555,-0.0116,29.4372,,-6408.75,72.8444,5.2024,-0.1419,15.87,43.8368,6.4134,0.1347,1.309,232.9741,1.8023,8.9607,,5.8394,0.8712,23.3555,0.3161,2277.5,15.91,,3.7065,9.162,1015.7622,0.0,1.8156,0.9255,24.47,18.5401,13.2491,6.6554,4.0712,6.5896,4.5305,,139.1762,0.0114,2.783,700.0,31.4027,8624.8599,1.5594,5.4999,86.4051,84.0623,20.9118,144.7736,양품
1.1664,-0.0142,54.833,,-5153.25,71.2667,3.7752,,,236.9079,6.9172,0.1258,,543.1264,1.9435,8.1728,,5.7291,,18.8336,,2707.0,,,4.4902,,,0.0,2.0228,0.9353,19.37,37.7546,10.6773,3.3785,2.8922,3.4878,4.6118,,698.7529,0.004,,0.0,25.8939,8992.6702,2.3404,6.2376,86.3506,85.8638,29.0954,152.8191,양품
4.4682,-0.0087,78.4993,,-5271.75,70.5111,3.4127,-0.9934,15.72,129.7832,7.5822,0.1185,1.385,713.8171,1.988,9.193,,7.1859,0.655,15.5318,0.8266,2676.5,15.76,,3.1201,9.7354,999.4826,0.0,1.8156,0.9207,9.49,29.2827,7.7718,8.0979,1.8786,7.6907,4.5509,,163.825,0.0059,2.658,456.4103,20.4223,,2.282,5.6161,86.313,84.5602,15.4662,152.3909,양품
1.8718,-0.0102,75.8621,,-5319.5,73.0667,4.1965,,,139.2623,8.3205,0.1306,,346.0101,2.0085,8.7786,,6.4359,,18.1282,,2668.0,,,5.3376,,,0.0,1.8156,0.9187,16.09,17.0933,8.5542,6.9907,2.5162,9.7475,4.5479,,658.1836,0.0044,,317.6471,23.3129,7952.41,3.7842,7.6032,86.4039,83.3424,21.1128,146.8064,양품